Date,Open,High,Low,Close,Volume,MA20,MA50,RSI,VWAP,CMF,CCI,ADX,OBV,V_Pattern,Outcome,LR,HR,CR
2010-03-16,63.040000915527344,63.16999816894531,62.150001525878906,62.5099983215332,865100.0,0.0,0.0,0.736663626293858,0.0,0.7365950286957429,0.6212723503000224,0.7156750029634996,0.064226163438486,0,0,,,
2010-03-17,62.81999969482422,64.88999938964844,62.54999923706055,64.5999984741211,1454500.0,0.0030194628486628905,0.0011917826358892047,0.8071437568649827,0.00347620866182774,0.7435446587216896,0.6417288527242422,0.7520491281032426,0.07410183655608221,0,0,-0.010718256069997592,0.033114697654873446,0.12110062226983831
2010-03-18,64.86000061035156,65.0999984741211,63.79999923706055,64.30999755859375,827300.0,0.005704358902706763,0.002514863166506509,0.7801569492979193,0.005329922036828139,0.7261701108950939,0.6426666729327061,0.7869811615484256,0.06848468676564745,0,0,-0.04195045121492206,0.0037151372978077536,0.05526315447599227
2010-03-19,63.27999877929688,63.290000915527344,60.86000061035156,61.75,2231500.0,0.007603024637911737,0.003523726535112348,0.5784453903894394,0.008783305186328638,0.7169055952985088,0.5866146603310244,0.7558301376061833,0.053333387651232904,0,0,-0.03763020153655619,0.028300416170378238,0.1212875656642828
2010-03-22,61.65999984741211,63.02999877929688,61.02999877929688,62.77999877929688,825700.0,0.009800011093340832,0.00470765376335569,0.6221509444808113,0.0102023967612217,0.7320791945732384,0.5900954747178823,0.7269041868026729,0.05893967386175144,0,0,-0.012955453231749747,0.05570847978476088,0.12421055843955592
2010-03-23,62.880001068115234,63.68000030517578,62.13999938964844,63.59999847412109,901400.0,0.012384537002643137,0.005901680862584802,0.6545751431297085,0.011882765569774745,0.7438452277123382,0.6108609749631828,0.7069590017124728,0.06505994319705652,0,0,-0.03217586009940816,0.03536153948983436,0.10114690048245772
2010-03-24,63.5,64.26000213623047,63.0,63.9900016784668,1113100.0,0.014732079738743076,0.0071967066716721595,0.6696695563366712,0.013998228898047249,0.7461903435870271,0.62768400786302,0.694340039214144,0.07261759995002753,0,0,-0.041509425361427585,0.02515720931616272,0.035220093042627805
2010-03-25,64.51000213623047,65.0999984741211,62.650001525878906,62.650001525878906,1237600.0,0.01676178439220044,0.008501832351745342,0.5741055366103175,0.015911208758667694,0.7103904596187145,0.6147746278956024,0.6906375032245149,0.06421462088482499,0,0,-0.057040184874806214,0.009220133183543328,-0.018440385595002443
2010-03-26,62.90999984741211,63.720001220703125,61.97999954223633,62.560001373291016,723500.0,0.01864651006587098,0.009643116060793044,0.567947418199615,0.016986319168979858,0.690901622813397,0.576883131317477,0.6738206488789779,0.059302245841455554,0,0,-0.03272145550090293,0.03495608257574198,0.09034317174077205
2010-03-29,62.70000076293945,63.04999923706055,62.20000076293945,62.619998931884766,558100.0,0.019864889737186975,0.010819187881390468,0.5709729328667469,0.017808941164796588,0.6609867271923399,0.5594670589444882,0.6582049984152649,0.0630915983109849,0,0,-0.029411766499312274,0.038363133927395994,0.1133312019973013
2010-03-30,62.7599983215332,63.290000915527344,61.88999938964844,62.470001220703125,666900.0,0.020639969708491968,0.01206259231792256,0.55934132202448,0.01875478270215658,0.6394724362887689,0.5432733378302879,0.6372014648722815,0.058563522407152034,0,0,-0.03034170781842991,0.03736825602844929,0.1611306343770996
2010-03-31,62.18999862670898,62.88999938964844,61.5099983215332,61.630001068115234,740300.0,0.0207263997916991,0.013106243798078121,0.49553968466072684,0.01965346392206091,0.6061789615284239,0.48828516425575197,0.6097408081689127,0.05353707977466219,0,0,-0.021290187135719816,0.0465823561797485,0.13606536975511208
2010-04-01,61.68999862670898,63.45000076293945,61.43999862670898,62.13999938964844,1021400.0,0.0211278793071068,0.01413081798197574,0.5268403421818288,0.020974897678409432,0.6081361505041416,0.5092063076045467,0.5917728509122614,0.06047211760368438,0,0,-0.01346743472290512,0.05533019289815178,0.1348369500124878
2010-04-05,62.70000076293945,65.69000244140625,62.70000076293945,65.29000091552734,1241700.0,0.02226261754565767,0.015329334007884665,0.6768096730939966,0.02334381181448031,0.6298756714102764,0.7106649697497585,0.599112846115806,0.06890293459242225,0,0,-0.02961055955360061,0.048117182295384524,0.1112005136028889
2010-04-06,65.26000213623047,65.4000015258789,63.95000076293945,65.12000274658203,1145000.0,0.02344475326969586,0.016770246937453437,0.6637183199517241,0.025424208870941323,0.6610021312804758,0.7104509992213833,0.6059285559476689,0.06112868521487142,0,0,-0.06739165973625362,0.006586005500782863,0.055291783729980434
2010-04-07,65.29000091552734,65.52999877929688,63.959999084472656,64.55999755859375,834600.0,0.024253288537836704,0.018013650945897963,0.620079882205893,0.026809714972421794,0.6543557564576881,0.6793286068384883,0.6135160813184491,0.055461970341068874,0,0,-0.0680282573453715,0.00614252931523258,0.05159705879355049
2010-04-08,64.11000061035156,64.36000061035156,62.25,63.91999816894531,1276600.0,0.0246017953939901,0.019307554309271502,0.5717057411124422,0.028712956982736126,0.6630503571430346,0.5695779031804183,0.584839058358196,0.04679419151540829,0,0,-0.05034077018126194,0.02447338740402987,0.009603512546903762
2010-04-09,63.86000061035156,64.91999816894531,63.47999954223633,64.76000213623047,764600.0,0.024886177116238306,0.02078101088705009,0.6128202477496226,0.029951440396299822,0.6487474783453533,0.6360485557345035,0.5650683652205338,0.05198562476787585,0,0,-0.04693366842831842,0.028629566387312098,0.047559464997048266
2010-04-12,64.93000030517578,65.16999816894531,63.68000030517578,63.9900016784668,977200.0,0.025134314891208764,0.0222701782801204,0.5548058220171845,0.031355503286684794,0.6409312417422421,0.6184493595755274,0.549745037337837,0.04535069333403947,0,0,-0.06284742990376195,0.01173567188326697,0.03690548657828618
2010-04-13,64.06999969482422,65.44999694824219,63.869998931884766,65.20999908447266,1593100.0,0.025730958458774045,0.02404101918699242,0.6146188854997036,0.033947303135486884,0.6531431549618558,0.6503119587163391,0.5389750628353173,0.05616742406187895,0,0,-0.05016407251561066,0.025316497954198,0.07063598256768644
2010-04-14,65.30999755859375,67.69000244140625,65.30999755859375,67.33999633789062,1378600.0,0.027077588397900476,0.02594315798859259,0.6994543469146334,0.0366657577336984,0.6740899519253414,0.7537007713073727,0.5519118985358279,0.06552775610719908,0,0,-0.06824102148012128,0.036497545103925784,0.05183261662730682
2010-04-15,67.4000015258789,67.7699966430664,66.30999755859375,67.12999725341797,927600.0,0.02778296593441626,0.027811630696269185,0.6833464787224571,0.03841113547711683,0.6573740530676051,0.7327823605839903,0.5646193048237004,0.05922959565076578,0,0,-0.0971191159962603,0.005494433283467711,0.08642708659533209
2010-04-16,66.9000015258789,67.25,65.37999725341797,66.25,916600.0,0.028323849255843858,0.029583594048854966,0.6168919497535408,0.03995194555806769,0.6593273305692524,0.6710337489751608,0.5569117425663747,0.05300612230625653,0,0,-0.08997469332117115,0.012959856290522992,0.051094897147506445
2010-04-19,66.37000274658203,66.66999816894531,64.0,65.76000213623047,1249700.0,0.029441859845976803,0.03153623263347188,0.5813391259521886,0.04189152541614938,0.6763014441335278,0.6195439484106215,0.5249368690055826,0.04452098741793754,0,0,-0.08316984356574292,0.02113198334316038,0.020981122862617923
2010-04-20,66.01000213623047,66.6500015258789,65.51000213623047,65.95999908447266,1046700.0,0.030328461373115845,0.03350345958766682,0.5911549602244249,0.04351301135436625,0.6619741473057709,0.6405807886217337,0.49524591498484705,0.051627805604385076,0,0,-0.07831510581781921,0.02676390586469079,0.04972622470863336
2010-04-21,65.83999633789062,67.27999877929688,65.5999984741211,66.95999908447266,1736900.0,0.03126524797262559,0.03557280726934614,0.6386256289575227,0.04642952243371956,0.6665383106620313,0.6578453957501943,0.47588550386054485,0.06342090057719557,0,0,-0.07550023948850207,0.029260162704127658,0.09278354808259409
2010-04-22,65.16999816894531,71.80000305175781,65.0199966430664,71.79000091552734,4294400.0,0.03343993054231126,0.037990039063135694,0.7946169751101065,0.05668789921776696,0.7287468170783171,0.7594813300703631,0.4980716418054144,0.09257874907235211,0,0,-0.06436675056038337,0.09901441119269565,0.05734773028358082
2010-04-23,71.66999816894531,72.5999984741211,70.5999984741211,71.27999877929688,1719200.0,0.035846021111432425,0.040382582188273786,0.7587400501066374,0.060401897898368584,0.7404773402614112,0.7768270806686984,0.5235406486377308,0.0809058324523649,0,0,-0.1505780390128909,0.01295445456631319,-0.06435429806754953
2010-04-26,71.30000305175781,71.91999816894531,70.26000213623047,70.41000366210938,946300.0,0.038034644806211104,0.04225666669643163,0.6988034987732671,0.06225713844696035,0.7313633986087107,0.7185435359416423,0.5413080100169598,0.07448070390566067,0,0,-0.14646468322385167,0.018237870996440902,-0.06271045590984813
2010-04-27,70.0,70.83999633789062,68.47000122070312,69.61000061035156,1506700.0,0.03998349561378678,0.044081373867286444,0.6460002327458303,0.06494550543086375,0.730499176386459,0.6616548372709024,0.529493173828015,0.0642506064932975,0,0,-0.12981109095676785,0.036926549338049015,-0.04530609679719313
2010-04-28,70.0999984741211,70.37999725341797,68.4800033569336,69.56999969482422,741000.0,0.04196301413131487,0.04587690344280998,0.6433209899406841,0.06623401540096996,0.7343133211519961,0.6442343208254961,0.5185222545097091,0.05921941104459431,0,0,-0.13273951706294726,0.03591437980289617,-0.028731503842316933
2010-04-29,70.36000061035156,71.5199966430664,69.29000091552734,70.38999938964844,1297800.0,0.04440534971127241,0.047742009669520524,0.6738971845857902,0.0686150188633351,0.744450683705417,0.657788797868913,0.5181099717948191,0.06803113230414493,0,0,-0.13655311257255573,0.0321977558372216,-0.0058933974975980625
2010-04-30,70.62999725341797,71.30000305175781,68.4000015258789,68.43000030517578,1500300.0,0.046159036466690506,0.049285042898486064,0.5465863799642484,0.07083580017998925,0.7246690663649158,0.6168913808094306,0.5040171719217618,0.05784448921144667,0,0,-0.13879807824665477,0.027986947546313427,-0.002272993807389815
2010-05-03,67.33000183105469,71.20999908447266,67.33000183105469,71.08000183105469,1599800.0,0.04777332047964722,0.051096283717389,0.6452314924321795,0.07378710207869821,0.7346193564662383,0.6215539847566368,0.4757225198713303,0.06870671118018537,0,0,-0.09206492800908693,0.07701295659161066,0.08241998194499277
2010-05-04,69.54000091552734,70.25,68.94999694824219,69.33000183105469,1224400.0,0.04894709131591796,0.05271562698756127,0.5497659515121157,0.0756614245509859,0.7139487024799893,0.6035024906084049,0.4494489143959297,0.06039335664929172,0,0,-0.11395613506131755,0.0430500489556381,0.07245359303900416
2010-05-05,68.36000061035156,69.95999908447266,67.58999633789062,69.2300033569336,1461400.0,0.050249114547116114,0.054387714076002625,0.5445427149309957,0.07782199204383078,0.7268799735871511,0.58119768702053,0.40663820386135374,0.05047083434330677,0,0,-0.099812516960629,0.061156753956269586,0.07298424094844387
2010-05-06,68.93000030517578,69.69000244140625,60.5,65.73999786376953,2280500.0,0.05075654044459077,0.05552899735696276,0.38744593946211237,0.07991185386790711,0.7196438838166724,0.4651898853384271,0.42049965993852534,0.034986838093957744,0,0,-0.12176801814832632,0.05301167111062621,0.07048962901616301
2010-05-07,64.9800033569336,65.7300033569336,60.720001220703125,63.33000183105469,2383500.0,0.05035784851606662,0.05642227364613228,0.3052491127132344,0.08118087132865781,0.7112010206509256,0.4056709045768409,0.4333710120101848,0.01880349888750152,0,0,-0.06814730000778722,0.11591109468817025,0.1405536684518491
2010-05-10,66.5,68.56999969482422,66.0,68.56999969482422,1694200.0,0.0516347770839623,0.05785533073996746,0.4967483130024376,0.08330979407934946,0.7498464095563891,0.5373790415457114,0.41450026735700163,0.03030667207129767,0,0,-0.09474182577802835,0.09632083211356991,0.10532130074366415
2010-05-11,67.76000213623047,70.98999786376953,67.52999877929688,69.79000091552734,1738100.0,0.05291170671541656,0.05915035654905482,0.5317898656662331,0.08572656505116805,0.7400068267353216,0.5898318845132821,0.3757621345962828,0.04210791472904534,0,0,-0.10587723740034471,0.07058475075734842,0.09625198342562152
2010-05-12,70.2300033569336,73.1500015258789,70.08999633789062,72.8499984741211,1676500.0,0.05444792553293365,0.06062717960779945,0.6098878609095812,0.08869772369861728,0.7463997015543368,0.6675396429442448,0.34853195624309163,0.05349090956001822,0,0,-0.1394183010358551,0.041839778344173253,0.025075225348086337
2010-05-13,72.38999938964844,74.0,70.33999633789062,70.69000244140625,1508000.0,0.05544047450569822,0.0616786869236885,0.5327078829360253,0.09085704913172121,0.7236377734247422,0.6462785410253686,0.32911089841762253,0.043251985488973126,0,0,-0.1632120746560096,0.02210021474363506,-0.006863418125912765
2010-05-14,69.58999633789062,70.33000183105469,68.58999633789062,70.0,1222500.0,0.05648599507415847,0.062722338403844,0.5092195573578994,0.09245495212912158,0.7376728270164021,0.5742399611944901,0.2965711861842242,0.03495153145923,0,0,-0.12858956038974775,0.06238511118690019,0.0554534681419635
2010-05-17,70.02999877929688,71.4000015258789,67.83000183105469,69.61000061035156,1418100.0,0.05755939576568764,0.06366386915651517,0.4955895491893285,0.09419539322386772,0.7308162939313589,0.5687182777627041,0.2742325407076446,0.025323004784727973,0,0,-0.13614283970424107,0.05671430315290179,-0.013428606305803571
2010-05-18,70.56999969482422,71.13999938964844,68.4000015258789,68.87000274658203,901600.0,0.05837072074782901,0.0645605119266508,0.4691826283650291,0.09519319494243461,0.7244698438724733,0.55752739015574,0.25348951276510623,0.019201377501933375,0,0,-0.1446631174619862,0.049274533473653105,-0.028731503842316933
2010-05-19,68.5,69.61000061035156,67.05000305175781,68.6500015258789,886700.0,0.058841902698025916,0.06534493409831615,0.46111234286770675,0.09613494599402217,0.7099051658876585,0.500278715313236,0.22272180048225784,0.013180917307108651,0,0,-0.11616087819013532,0.07986060375571803,0.015972098595214385
2010-05-20,66.36000061035156,66.80999755859375,64.0999984741211,64.7300033569336,1941300.0,0.056873536655148826,0.06557610911336392,0.33470645590985737,0.09716774071160172,0.619119250172332,0.3793117609538964,0.21620528574390777,0.0,0,0,-0.08536053139259618,0.11128913648703119,0.033357623665369984
2010-05-21,64.08000183105469,67.54000091552734,62.9900016784668,66.9000015258789,2229500.0,0.05565236939694934,0.06593072618740631,0.4109832473938382,0.0989301867975586,0.6558478184017497,0.4276604459252422,0.21737338084785232,0.015137719639519258,0,0,-0.0553066838466526,0.1532519334850726,0.09361960828547725
2010-05-24,66.91000366210938,68.45999908447266,66.52999877929688,67.31999969482422,1354300.0,0.05479085934243716,0.06640429724993868,0.4251054155847732,0.10004302450732949,0.6648861385827157,0.4986882274004334,0.2098848779458942,0.02433306106486168,0,0,-0.09581470128412173,0.10597901608638984,0.1227204618417951
2010-05-25,65.37999725341797,68.62000274658203,63.310001373291016,68.58999633789062,2242000.0,0.054506476556630434,0.06702375457677723,0.46754300706204877,0.10218750513197439,0.7036867730839438,0.48324026011710053,0.22278764221607308,0.039555652422476474,0,0,-0.07248956143107586,0.12804519883627932,0.1507724535337345
2010-05-26,69.72000122070312,71.62000274658203,68.54000091552734,68.69000244140625,5028100.0,0.05426112849566056,0.06771727833765778,0.47091240090280173,0.10680426768007323,0.6243826504689249,0.5870009704248363,0.2093731023915056,0.07369513128296842,0,0,-0.13442195236872748,0.06239975226434747,0.0803324454062789
2010-05-27,70.38999938964844,73.23999786376953,70.38999938964844,73.22000122070312,2077100.0,0.05505014852849999,0.06868462020469418,0.6024749157711267,0.10971901099843195,0.6596261197948874,0.6775686167063842,0.18500055234229815,0.08779809493546695,0,0,-0.14398018689961142,0.052554964071095424,0.091425222828516
2010-05-28,72.58999633789062,72.58999633789062,69.87000274658203,70.33000183105469,2234900.0,0.055579879375276586,0.06936018868694305,0.4999960567996412,0.11201452334285433,0.6594603109500128,0.6235822345696493,0.16594118180814418,0.07262371071373042,0,0,-0.16511876722657237,0.01925708329148038,0.05831745699634848
2010-06-01,70.0199966430664,70.55000305175781,67.6500015258789,67.76000213623047,1666200.0,0.05465424525041779,0.0700346347234781,0.422292547466919,0.11319083997077983,0.6077165235305314,0.5467221946048351,0.16268307932147838,0.06131065017846824,0,0,-0.1353618142359096,0.05659040599052276,0.11161674817487921
2010-06-02,68.45999908447266,69.41000366210938,67.5999984741211,69.27999877929688,1437700.0,0.05464030412532489,0.07076406861353457,0.46624848260586016,0.11443125921648079,0.6374032242623647,0.5520918637337311,0.1599724448499493,0.07107225570694406,0,0,-0.11747341844041265,0.08175916087471861,0.1511215693763139
2010-06-03,70.22000122070312,72.12000274658203,69.9000015258789,71.95999908447266,1966600.0,0.055401441907978355,0.07170223288523964,0.5364978882771498,0.11667676315720288,0.6565483964467305,0.6356831867008295,0.13604182133707884,0.08442495337147807,0,0,-0.14030025103880023,0.054561184265298546,0.08877023144112306
2010-06-04,70.19000244140625,71.38999938964844,68.63999938964844,69.01000213623047,1807400.0,0.056313137034861294,0.07226558034093061,0.4490034680253503,0.11810095875721915,0.6285443150463599,0.5738297832784507,0.12264365685683823,0.07215318190860878,0,0,-0.13465817905349492,0.05294604790254731,0.08421341906188769
2010-06-07,69.01000213623047,70.37999725341797,66.81999969482422,67.05000305175781,1553000.0,0.05735029377911266,0.07275935114543464,0.39730296827116773,0.11896555092754035,0.603763871604943,0.4986191095255527,0.122061971315675,0.061608719652419756,0,0,-0.1233154886654132,0.0723083279133789,0.11273726327291839
2010-06-08,67.31999969482422,68.0,65.0,66.83000183105469,1851100.0,0.05686517283093989,0.07323853315227302,0.39155783260021826,0.11992930841859695,0.5818036986974661,0.44076959812752026,0.13227862056599235,0.04904023666308847,0,0,-0.10171512877575362,0.09962714393941635,0.08635347728556965
2010-06-09,66.66000366210938,68.41999816894531,64.38999938964844,66.80999755859375,2703500.0,0.05603433154993859,0.07370873730575173,0.3910006264931528,0.12128997699845023,0.5819896524990629,0.45038051349533087,0.14522827726193385,0.030684181473386606,0,0,-0.09217422554740876,0.10983085645345385,0.2504862697159281
2010-06-10,68.2699966430664,68.98999786376953,66.79000091552734,68.0999984741211,899200.0,0.054710005496555525,0.07434053896691595,0.433028892985554,0.12185423082080205,0.561920968384805,0.5118568070616432,0.1519878690455472,0.036789513386306864,0,0,-0.11629990910045998,0.0857656573315732,0.2834905423368034
2010-06-11,67.16000366210938,69.94999694824219,66.91999816894531,69.94999694824219,1348700.0,0.054503687906188425,0.07527421388385358,0.48944817012232944,0.12294889344270421,0.6057452198290096,0.5605613242509092,0.1494322633841362,0.04594683228194248,0,0,-0.09779741279495424,0.1004404771094072,0.29838473054512754
2010-06-14,71.0,71.83000183105469,70.01000213623047,70.47000122070312,1237600.0,0.054634726824440816,0.0762090116745926,0.504801696544477,0.12400370786928738,0.5823544742787854,0.6392589016452559,0.13097596331511516,0.05434981134714501,0,0,-0.15010722599129234,0.04288777885465496,0.21572547528566877
2010-06-15,71.41000366210938,73.29000091552734,70.87999725341797,72.97000122070312,1041600.0,0.05557151342395067,0.07707086590509088,0.5740181743677026,0.12514673284138678,0.5954758529744102,0.6912131870504754,0.11510679210439842,0.06142200187260958,0,0,-0.15481770218707142,0.036753175720532265,0.20391648741685833
2010-06-16,72.0999984741211,75.23999786376953,72.01000213623047,74.69000244140625,2505900.0,0.057194161261116316,0.07814481699820386,0.6163479729841069,0.12827329999366632,0.6337802578090219,0.7198933981665498,0.11407444455238244,0.07843640494265727,0,0,-0.1589694159252656,0.04303137367575586,0.19775250190185945
2010-06-17,75.27999877929688,75.93000030517578,72.7699966430664,73.41999816894531,1614800.0,0.058524062488266304,0.079139091569144,0.567302214841648,0.13003187275150718,0.613778958494154,0.6924620659301441,0.11768500786454031,0.06747233691220395,0,0,-0.19788456682528124,0.008702657713645512,0.16802788380684813
2010-06-18,73.36000061035156,74.62000274658203,72.94000244140625,73.80999755859375,1591200.0,0.0610556146747559,0.08024895321952052,0.5777438524097326,0.13179292143031762,0.6324724464770806,0.6692256617685982,0.1210376737972583,0.0782761671388929,0,0,-0.17216017031984643,0.03500408279649426,0.20757284450894525
2010-06-21,74.98999786376953,77.0999984741211,73.80000305175781,74.22000122070312,1871300.0,0.06309647073930569,0.08131055997830777,0.5891180143046016,0.13389661626526006,0.5813280385214213,0.6858254261944352,0.14022872223447116,0.09098180282466656,0,0,-0.1625795499556356,0.028586921557293747,0.18425686118367357
2010-06-22,74.44000244140625,76.0,73.02999877929688,73.16999816894531,1478700.0,0.06472748240068027,0.08234074467842373,0.5443788326399462,0.13537489088590393,0.5626655621287209,0.645346073351524,0.15025939890234566,0.08094181806083739,0,0,-0.15427109370277886,0.0358393423466134,0.2072217326928288
2010-06-23,72.66000366210938,75.23999786376953,72.31999969482422,74.36000061035156,1380900.0,0.06633619123987006,0.08336756332566136,0.5804794428378863,0.13689098322896298,0.5342019729096421,0.6339529255621282,0.15243636959671672,0.09031776650228712,1,0,-0.1321580186638122,0.0606805374213626,0.22263214013645533
2010-06-24,74.08000183105469,74.08999633789062,71.52999877929688,71.9800033569336,1479800.0,0.06725346154051992,0.08388826769024438,0.4836399220198787,0.13815143707421573,0.5952692783918706,0.5879378805319142,0.14659755463486865,0.08027031302726553,0,0,-0.1491393230441161,0.040613187443223286,0.19365252027545438
2010-06-25,72.0199966430664,72.30000305175781,70.0999984741211,71.88999938964844,1412100.0,0.06688264973506464,0.08442243797869164,0.4801652415773606,0.1393221215923527,0.5754381612554007,0.5577787872255997,0.12768873010445428,0.07068252477744938,0,0,-0.12545143850329898,0.07057518191356611,0.2693804683905338
2010-06-28,72.22000122070312,74.4800033569336,72.20999908447266,73.51000213623047,1200300.0,0.06776925126220362,0.08523715976331453,0.5350831090567157,0.14048575390513018,0.6036524296558198,0.6086940873832348,0.1271679645230072,0.07883224663585484,0,0,-0.12839059146751602,0.06788144797398131,0.27834194333171386
2010-06-29,71.45999908447266,71.97000122070312,68.83000183105469,69.08999633789062,1852600.0,0.06814006094054192,0.08561085370552723,0.379009805916138,0.14148647012346027,0.6035499037496129,0.5099569736251408,0.11188016649547464,0.06625357904035209,0,0,-0.11522238008249626,0.07672424467076273,0.20895116533782773
2010-06-30,69.0999984741211,70.5199966430664,67.72000122070312,68.56999969482422,2086200.0,0.0679421093015008,0.08590374953602847,0.36348891875309886,0.14248847287571198,0.5685565867176213,0.47991136020259717,0.10554884766582814,0.05208882877708001,0,0,-0.08843533245786882,0.11579100338745577,0.1978578505358576
2010-07-01,68.51000213623047,69.91000366210938,66.79000091552734,69.5999984741211,1525400.0,0.06728412818691376,0.08620001184749587,0.401764297718353,0.14335014966017023,0.5606928175893172,0.4817587001408242,0.10607181097833626,0.062445894279714094,0,0,-0.0805016841524112,0.12527339034739726,0.224150432923914
2010-07-02,69.9800033569336,69.9800033569336,67.97000122070312,68.6500015258789,1221800.0,0.06718375804217225,0.0858476392367934,0.3708877320624905,0.1439244340611462,0.5764925965933081,0.4866053484261893,0.10590801907330324,0.054150193066184314,0,0,-0.100431060800466,0.10229878266211286,0.19985626921941535
2010-07-06,69.9000015258789,72.45999908447266,69.26000213623047,70.13999938964844,1581200.0,0.06804526596956734,0.08571970782303134,0.4271246845797326,0.1448684564090864,0.5874267585846245,0.5299050433790012,0.08690457347252609,0.06488612591839685,0,0,-0.09599417343208166,0.10487977841527088,0.2623452547111927
2010-07-07,70.5,75.19000244140625,70.5,75.12000274658203,2138600.0,0.0703565636948309,0.08624826673908503,0.5758546849493221,0.14706773797095984,0.6158807029578349,0.6087576027199418,0.08876809295385299,0.07940665842392539,0,0,-0.10250924849266702,0.09409749831128669,0.2617622008856363
2010-07-08,75.61000061035156,76.16000366210938,74.16000366210938,75.52999877929688,1768700.0,0.07278774786369596,0.08691261247654669,0.5861153499037435,0.14891256419425514,0.6177752546918708,0.6512608067232463,0.09669382749679858,0.09141566704757093,0,0,-0.1493610331532321,0.019834901614634543,0.17465391729074442
2010-07-09,75.18000030517578,75.9000015258789,74.4000015258789,75.2300033569336,799800.0,0.07477563233254997,0.08754778147485232,0.5741978603819007,0.14971431098129961,0.6163017908830156,0.6413694865177897,0.10405343814381948,0.08598523503694636,0,0,-0.14285715728734968,0.025420338937852505,0.20998279977066361
2010-07-12,75.12999725341797,77.95999908447266,74.95999908447266,76.66999816894531,1373400.0,0.07664920553156962,0.08825252669625722,0.6127300300468524,0.1512476292631274,0.5965689526771054,0.6757642314955387,0.12391726940668527,0.09531026044753874,0,0,-0.14276216116610976,0.03761799421472257,0.18795691557476477
2010-07-13,77.5,77.69999694824219,74.93000030517578,76.86000061035156,1738200.0,0.07843077241005658,0.0891985463756082,0.617786217058939,0.1531851218421726,0.6186832710938676,0.662505337241322,0.1420489444754117,0.10711218207903117,0,0,-0.17099257758508313,0.005999727343921809,0.11438628997670482
2010-07-14,77.06999969482422,79.20999908447266,77.04000091552734,77.87000274658203,1260100.0,0.07979691971160141,0.089960524341962,0.6449732351955654,0.15467699171349458,0.6005762928558708,0.6938207746089604,0.16801771642791327,0.11566793023680566,0,0,-0.16497528238983686,0.027842822959335507,0.12776476212389795
2010-07-15,78.23999786376953,79.0,76.91000366210938,78.69999694824219,867500.0,0.08091492817461732,0.09101203080167586,0.6667913087240963,0.15575423673703737,0.5829316250988386,0.6825843403143953,0.19062958700592522,0.12155802747263564,0,0,-0.1778605109234957,0.01245667377025618,0.12097091904563106
2010-07-16,77.94000244140625,78.5199966430664,76.29000091552734,76.37000274658203,1384500.0,0.08173740563140963,0.09181328580625925,0.558207716335097,0.15717996885785934,0.5772207862670699,0.6400502694866307,0.20425176386413288,0.1121576359763744,0,0,-0.172172853585612,0.016137187958236286,0.1407877335617563
2010-07-19,75.23999786376953,77.02999877929688,75.0199966430664,76.25,1825800.0,0.08241769169529861,0.09299272453591029,0.552922880680169,0.1590109770785254,0.5832262707357898,0.6077557670243574,0.2024121640203744,0.0997609333444685,0,0,-0.14207146895260114,0.05198377737233752,0.18331805023572
2010-07-20,75.0,77.0,73.76000213623047,76.79000091552734,1234900.0,0.0831342217064654,0.09450321368857845,0.5707943782347233,0.16028588754179662,0.6253699482650574,0.599290022279977,0.18745394050707967,0.10814558011856237,0,0,-0.1391475489882172,0.05521310274718238,0.16301639744492827
2010-07-21,77.1500015258789,77.73999786376953,72.4800033569336,73.11000061035156,3213100.0,0.08311749405804741,0.09501269530837425,0.41935331887569394,0.16255806312056575,0.6065294512974445,0.562055033976076,0.16134812468149448,0.08632947472554184,0,0,-0.16616749556061444,0.02682637757564094,0.1769761189720554
2010-07-22,80.0999984741211,83.8499984741211,79.4000015258789,83.4000015258789,5529600.0,0.0856378958970031,0.09654001772204795,0.6754932363626904,0.17085227846665785,0.6724409361342865,0.7262844521904834,0.17949042198918855,0.12387400691602654,0,0,-0.1820544036038375,0.05129257240724249,0.15059502180706555
2010-07-23,83.19999694824219,87.3499984741211,82.73999786376953,87.20999908447266,2952600.0,0.08988410224119098,0.09815150558457436,0.7333508365183867,0.17598829501865476,0.7361364873111885,0.76176204314116,0.21249153567806386,0.1439213857039362,0,0,-0.19676253875874145,0.049760209232024614,0.12709839220118532
2010-07-26,87.16000366210938,87.69000244140625,85.80999755859375,87.4800033569336,1785900.0,0.09423068085723735,0.10003568953563041,0.7371845960722524,0.17906276346873107,0.7446880574372243,0.74879356654056,0.24455546858038904,0.15604717781168118,0,-1,-0.23357416535289033,0.006077270781570721,0.07292733686187367
2010-07-27,87.87999725341797,87.97000122070312,85.16000366210938,86.08999633789062,1489500.0,0.0977380522409565,0.1018413185540521,0.6879382277383211,0.18142674336920372,0.7331177348662348,0.7079829080599788,0.2679083277474039,0.14593386388341748,0,-1,-0.24108362515533727,0.001028851895648934,0.09693647726936759
2010-07-28,85.76000213623047,87.20999908447266,84.5999984741211,85.77999877929688,978400.0,0.10239131646499461,0.10365592542583352,0.676824510483792,0.18293817031548765,0.7578957018149949,0.677565079585686,0.2839732331427124,0.13929078476464393,0,-1,-0.22035081923164043,0.02567080007529253,0.1158090561599321
2010-07-29,86.87000274658203,87.69999694824219,84.3499984741211,86.52999877929688,1313100.0,0.10739866271895299,0.10563774074960652,0.6906236021312435,0.18502061703914163,0.7786360603866395,0.6634869598500547,0.30150750259224224,0.14820638900714347,0,-1,-0.2340872244906236,0.012823484376017267,0.08486825463856165
2010-07-30,85.2699966430664,88.33999633789062,84.51000213623047,87.83000183105469,2213200.0,0.11248128764502607,0.1077901318625123,0.714313461028133,0.1886921626447403,0.7854874337042241,0.6551852036173715,0.32125585242427723,0.16323343592626616,0,-1,-0.2135675024643659,0.03547902158943223,0.15717099613284138
2010-08-02,87.95999908447266,90.25,87.01000213623047,88.5999984741211,2191000.0,0.11804345621838802,0.11046883700004434,0.7281719890676387,0.19238077622031813,0.7915370525758892,0.6608046913478299,0.3492945422381136,0.17810975067405116,0,-1,-0.24103378945234274,0.026073105633451686,0.12182630484533863
2010-08-03,88.13999938964844,89.2699966430664,87.51000213623047,88.58999633789062,1097400.0,0.12318741656436588,0.11290290119866431,0.727724757021893,0.19419987586041587,0.8079343399451786,0.6456312569093923,0.3753304684938188,0.17065869279900814,0,-1,-0.24097064155545275,0.023814905718851295,0.12415350100951703
2010-08-04,88.51000213623047,90.0,87.87000274658203,89.81999969482422,1211800.0,0.12728585634188333,0.11542786466424426,0.7511839550947647,0.19629864832568267,0.7897142198471575,0.6441460629059738,0.403220444465452,0.1788864966380615,0,-1,-0.24517442283055285,0.019641019705351547,0.13556829216956598
2010-08-05,89.51000213623047,90.83000183105467,88.37000274658203,88.94999694824219,1125500.0,0.13102742543903845,0.11771267611759195,0.7094182826167792,0.19815494331781858,0.7683984362947197,0.6367963721750326,0.43326265263021446,0.1712446471407397,0,-1,-0.2529503595846966,0.014696055436529557,0.12769985815713683
2010-08-06,87.48999786376953,89.5,86.72000122070312,88.4800033569336,1262400.0,0.13472159811426476,0.11993352186405859,0.6866661586554467,0.20017111056161985,0.7726766916602399,0.6152276833448661,0.43996787338177545,0.16267328258683564,0,-1,-0.2327149821071608,0.03754923082491625,0.19280497036844274
2010-08-09,89.4000015258789,91.97000122070312,88.75,91.41000366210938,1742300.0,0.13883119249355036,0.12197481482420797,0.7487214617893027,0.2032898126196806,0.7887849611021782,0.6396694092998415,0.4596871101983312,0.1745030421418634,0,-1,-0.2555379718866135,0.029046107564628894,0.15800175403636588
2010-08-10,90.83999633789062,92.6999969482422,89.98999786376953,92.2300033569336,1205900.0,0.14311643356257503,0.12443244610194093,0.7642492324655917,0.20549219981249045,0.7905533490463418,0.6455251271510521,0.48157383429980916,0.18269078652997567,0,-1,-0.26310025663342484,0.020347889025657824,0.10556833102807262
2010-08-11,89.55999755859375,89.94000244140625,86.01000213623047,86.81999969482422,2272400.0,0.14561174180178676,0.12657137043480726,0.5400050608914517,0.2086943821984223,0.7728150142892038,0.5859996655409673,0.45971825183121173,0.16726178715395254,0,-1,-0.24688274763414741,0.034045313622038324,0.14019299397763413
2010-08-12,82.47000122070312,84.68000030517578,80.0,82.7699966430664,3858700.0,0.14674648004033763,0.12808522606844142,0.4198466566225113,0.21288244173702664,0.7743612811731704,0.5043444280729289,0.43098097059491736,0.14106222726473389,0,0,-0.18060355171955322,0.11782994429276575,0.23727250111185114
2010-08-13,82.83000183105469,84.95999908447266,82.2699966430664,83.87999725341797,1451400.0,0.14884030770058315,0.1294228953967244,0.4504722215941701,0.21453538311883313,0.8011704018179413,0.5152167420658994,0.40230025230148936,0.1509168521962424,0,0,-0.1795336621122888,0.11924604950451352,0.24646613934093717
2010-08-16,82.95999908447266,85.19000244140625,82.33999633789062,83.88999938964844,806900.0,0.15097038143522357,0.13109273759373818,0.45075672298731884,0.2154460711982954,0.7954031520836972,0.5043591475463907,0.37394115299171726,0.15639549134274525,0,0,-0.16332853358175253,0.11611824252143328,0.25154982314047847
2010-08-17,85.20999908447266,89.7699966430664,84.69999694824219,87.91000366210938,2003900.0,0.15407069919332667,0.133433659346321,0.5552793723958017,0.21824096943517823,0.7861677429095782,0.574126319878227,0.3512437924858054,0.17000144621407634,0,0,-0.17534866124087478,0.08928356083280374,0.2288711970119038
2010-08-18,88.5199966430664,89.5199966430664,87.88999938964844,88.86000061035156,1781500.0,0.15846188558085983,0.135905878993632,0.5770322228056919,0.22080310408932846,0.8336429990157113,0.6026746783807069,0.33016767201603014,0.1820973634770517,0,0,-0.1824592494363222,0.047548630770646215,0.17392788395614178
2010-08-19,88.45999908447266,89.5999984741211,88.12000274658203,88.7300033569336,1165900.0,0.1599479193260061,0.13836575516279237,0.5724817958108157,0.22244890099294878,0.7548758338878102,0.5986198762126931,0.31109303164376934,0.17418120858684513,0,0,-0.17983339655387653,0.047715483171802,0.1668917592751749
2010-08-20,88.12000274658203,91.62999725341795,88.08000183105469,91.04000091552734,1420300.0,0.16101574484376835,0.1409400959656753,0.6261453608960904,0.22465631580475265,0.7237335556552102,0.6415226538008737,0.3056594409723261,0.18382467268373198,0,0,-0.17626506027204256,0.051617198561756596,0.2002704380792499
2010-08-23,90.76000213623048,91.5999984741211,88.76000213623047,89.2699966430664,1271600.0,0.1615148047899171,0.1431081978938729,0.5621911855660406,0.2264578724555052,0.6861623145422088,0.6198751633726243,0.30061396392027173,0.1751908425453096,0,-1,-0.20079084573228667,0.021309257386890497,0.22781192503516554
2010-08-24,87.55999755859375,87.63999938964844,85.56999969482422,86.2699966430664,1459600.0,0.16156498986228784,0.14488128283599727,0.46643129541912465,0.22820708476001694,0.6866936674354807,0.501407652529035,0.2700653211489693,0.1652805417667304,0,0,-0.16892567232813285,0.05757812907958337,0.11179571784725434
2010-08-25,85.62999725341797,87.08000183105469,84.01000213623047,86.88999938964844,1693100.0,0.16187446412072148,0.14644339336122064,0.4834875796446222,0.2302804925495584,0.7136072261082158,0.48343760058956464,0.24510058826805645,0.17677624623933416,0,0,-0.15242835757709805,0.08195201077931716,0.1547468021675016
2010-08-26,87.87999725341797,89.5999984741211,87.3499984741211,87.66000366210938,1217100.0,0.16218951568003903,0.14789889466036743,0.5050006589901908,0.23181594899488867,0.6918065839237009,0.558131288483344,0.22488377294299663,0.18504003568686,0,0,-0.177235516223505,0.05547243329130992,0.07837501710006423
2010-08-27,88.69999694824219,89.88999938964844,86.0,89.0199966430664,1203600.0,0.16252129276065752,0.1496495358252679,0.542276301110073,0.23342823978749905,0.6754500051195411,0.5595774191555208,0.1965746844607125,0.1932121636788427,0,0,-0.18503300152518257,0.04563084454591456,0.02829116191339567
2010-08-30,89.08999633789062,90.97000122070312,89.0,89.23999786376953,1203400.0,0.16269972810083866,0.1513810996939104,0.5483295304998221,0.235042207904813,0.6606112607492566,0.6097746232080262,0.17759526501175785,0.20138293372333582,0,0,-0.18658721194470806,0.04055269317551421,0.07324201885339846
2010-08-31,88.58000183105469,89.20999908447266,86.45999908447266,87.43000030517578,1385100.0,0.16237631484442921,0.15286353369696093,0.4819205396782531,0.2367159994221687,0.6493939574876877,0.5364436572968205,0.16163973359466996,0.19197846838460603,0,0,-0.18041235835414018,0.04616758422021643,0.09143877440664641
2010-09-01,89.83999633789062,91.16999816894533,89.20999908447266,90.73999786376952,1174900.0,0.16263281538005003,0.1548352495778358,0.5738104125663598,0.23837567393706827,0.6434625262318241,0.6304705496260371,0.14115288804608075,0.19995573091184135,0,0,-0.11940975380957056,0.032711890659598536,0.06656762328610229
2010-09-02,91.22000122070312,91.69000244140624,89.83000183105469,91.11000061035156,1612600.0,0.16323503624849933,0.15671494460221191,0.5831796253934718,0.2406673960851714,0.6639674321925628,0.6426867110391559,0.125563022907593,0.21090486151990986,0,0,-0.12365000534326687,0.016310290526577214,0.06590253326341279
2010-09-03,92.72000122070312,94.4800033569336,92.0,93.8000030517578,1211100.0,0.16471828134320365,0.15916359802658514,0.6471010182675156,0.24258015526996035,0.6675663592968722,0.7040391463984699,0.12818541746155274,0.21912791254274985,0,0,-0.1396114711391839,0.019317332064977554,0.004939051094585053
2010-09-07,93.22000122070312,94.43000030517578,92.25,93.5199966430664,1029100.0,0.16530655895944296,0.16159092926327295,0.6356160350342395,0.24417268999074115,0.6510769665692502,0.6898601319363754,0.13062049811880108,0.21214059373538083,0,0,-0.14093817473980758,0.013432858158173125,-0.023774022221546377
2010-09-08,94.37000274658205,97.0500030517578,93.55999755859376,96.36000061035156,2180300.0,0.1664580248464117,0.16415516976708244,0.6971775111338123,0.24790022666382716,0.6601301082882435,0.7334596432109964,0.14744279308916683,0.22694425829247605,0,0,-0.15365700665524393,0.028656976062610334,-0.026090702833522467
2010-09-09,97.0,98.01000213623048,94.6999969482422,95.7300033569336,2076900.0,0.16894218273808959,0.16714472729801033,0.6701722108604272,0.2513100112431178,0.6695384397505706,0.712270073905175,0.16793741214227773,0.21284265258746707,0,0,-0.17642175064674875,0.01048154970769046,-0.043378998326062075
2010-09-10,95.62999725341795,95.62999725341795,92.75,94.1500015258789,1469700.0,0.17211499051786533,0.17001533041236055,0.6042922052800421,0.25354392750915256,0.6567425117061033,0.6545838028749014,0.17011278955859924,0.2028637754606667,0,0,-0.16327166724460263,0.024861640022497168,0.02945784598282894
2010-09-13,96.30999755859376,99.72000122070312,95.91000366210938,98.87000274658205,1992000.0,0.17629428626838156,0.17330002780904208,0.704144915946487,0.25711985256201764,0.6706872655718665,0.7222137716987403,0.19251788155460856,0.21638893245637084,0,0,-0.1732341720048794,0.03621883809711949,0.048008541680357814
2010-09-14,98.47000122070312,100.16999816894533,97.56999969482422,98.66000366210938,1799900.0,0.18041224447187593,0.17666776820886243,0.6956439049974177,0.26028131804105825,0.6645182881626579,0.7048538256865815,0.21530745099028872,0.20416808402435885,0,0,-0.186810971048968,0.017194264195577468,0.04116516214990112
2010-09-15,99.12999725341795,99.7300033569336,97.1999969482422,99.13999938964844,1324100.0,0.1835432288763728,0.1799221655644988,0.705134623465512,0.26261910281667855,0.6674693571528604,0.6779602781875329,0.2331499850174911,0.21315837537878246,0,0,-0.19389820133125416,0.01054126167569551,0.187005918232319
2010-09-16,99.31999969482422,100.91999816894533,98.0,100.5199966430664,1453600.0,0.18679409972447109,0.1827725680807023,0.7321266871650757,0.26528224044505955,0.6796960233741933,0.6769143365695853,0.2554545861918516,0.2230279377326758,0,0,-0.19487593114552196,0.016138778333381447,0.17611457728428953
2010-09-17,100.55999755859376,101.4499969482422,99.33000183105467,100.9800033569336,1344300.0,0.19020946691477475,0.1856285828254745,0.7410233149620672,0.2677573904142566,0.6959588114595268,0.6719249085395795,0.2787036021578345,0.23215538178354178,0,-1,-0.20453639320741002,0.008853953634804734,0.17051333030292842
2010-09-20,101.95999908447266,105.1999969482422,100.98999786376952,104.63999938964844,1780200.0,0.19400122108430068,0.18892899018127257,0.8039494197256215,0.2713932142388228,0.7020745453214773,0.6970695400808142,0.31610480288615017,0.2442424723878352,0,-1,-0.21746878940824294,0.03208553927570332,0.14270155657625014
2010-09-21,104.91000366210938,104.91000366210938,102.02999877929688,103.37999725341795,1453600.0,0.1979351666467299,0.19192640226367114,0.7455289091041278,0.27421614745931355,0.7144294712093844,0.6749263736008365,0.3508344892767291,0.2343729100339419,0,-1,-0.23805431773132837,0.0027713425824189603,0.11888374316296442
2010-09-22,102.62999725341795,103.81999969482422,99.61000061035156,100.48999786376952,1678600.0,0.20189978098267009,0.19457817469729938,0.6253824858448203,0.27714750537564015,0.7058221448996485,0.6349760941204787,0.3591360456006877,0.22297565675432895,0,-1,-0.2189011206679033,0.024859738470725076,0.19626621643053432
2010-09-23,99.16999816894533,104.0999984741211,99.04000091552734,102.48999786376952,1673000.0,0.20624914612204154,0.19734104528368407,0.6676557646718143,0.28023336997315107,0.690888625271091,0.6351188605014141,0.3615677063131334,0.2343348875042351,0,0,-0.19076523610771062,0.06000595987146418,0.2161409262855005
2010-09-24,104.23999786376952,105.72000122070312,102.80999755859376,103.06999969482422,1473400.0,0.2105455375386001,0.20007586157662643,0.6794800285833299,0.28297102178408295,0.6852850141864903,0.6531383877320719,0.372215901002681,0.24433888665959175,0,-1,-0.21436239319573216,0.014440466267750729,0.18304227268271017
2010-09-27,103.5,104.0999984741211,101.19000244140624,103.2300033569336,1324900.0,0.21450736535121523,0.20309010692003054,0.6828805201274099,0.2854205936561466,0.6830235353297931,0.6304262609748376,0.36698945728435606,0.2533346098039735,0,-1,-0.2052974068570988,0.02153877197318557,0.18744542303316214
2010-09-28,103.66000366210938,105.5,100.8000030517578,104.05999755859376,1888100.0,0.21863926255268568,0.2062109614895113,0.7009963817932038,0.28896351106531626,0.7110305008515736,0.6334050209566499,0.36984685097658,0.26615431307886755,0,0,-0.1903516505558564,0.019955415011186157,0.16235584579887782
2010-09-29,104.12000274658205,105.5,102.95999908447266,104.41000366210938,1318100.0,0.2233733806226053,0.2093104947274818,0.7087613419539003,0.2914357115436782,0.7211798830445212,0.6424391141497873,0.37250014511935947,0.2751038660086053,0,0,-0.1932539023848055,0.015375730459922004,0.18037667771899998
2010-09-30,105.08999633789062,107.3000030517578,102.55999755859376,103.80999755859376,2583100.0,0.22701736822546087,0.21275566675804763,0.6782874148362719,0.2961244350054112,0.6890986850256333,0.6397907717363174,0.384760002946708,0.2575652952075996,0,-1,-0.20189630746378504,0.0211666184881975,0.1782396318132224
2010-10-01,104.81999969482422,105.2699966430664,101.6500015258789,103.29000091552734,1792700.0,0.23041321911690454,0.21498773439312618,0.6515213363881421,0.29927515246903347,0.675869859088984,0.612905295160365,0.38675197422475127,0.24539333288521065,0,-1,-0.20046236439653037,0.0238898315697752,0.18341201582998345
2010-10-04,103.6500015258789,109.0,103.16000366210938,105.88999938964844,3064600.0,0.23378397640860432,0.21708401520679693,0.7168858243224674,0.3050245135963706,0.6631342172460005,0.6589762810321791,0.4072021780275592,0.26620116226725626,0,0,-0.1901442464475378,0.05179589918385644,0.15393553475599478
2010-10-05,107.8499984741211,112.0500030517578,107.51000213623048,111.5,2688300.0,0.23879689996344683,0.21977955360533458,0.8175355657852886,0.3108192560790545,0.6949921783255224,0.7359025454599287,0.43804461110799797,0.28445401344775395,0,-1,-0.22513926220894065,0.03966384551747658,0.0764944614298765
2010-10-06,108.5,109.8000030517578,96.87000274658205,97.54000091552734,7616100.0,0.23912589052074035,0.22106447997152373,0.3991939554702876,0.320828010950548,0.5560089904464386,0.5338914142181527,0.39487961182324405,0.23274269407276288,1,-1,-0.21964123644636352,0.03183859239244662,0.05838566938323303
2010-10-07,98.1999969482422,100.87999725341795,94.0999984741211,98.9800033569336,5800900.0,0.24003200834673927,0.22254579238503575,0.4298993621882746,0.32856727751439474,0.6128990520580868,0.44534066353754687,0.3675291899922841,0.2721292820327931,0,0,-0.12507685907044205,0.14199308974284439,0.22872672727683727
2010-10-08,94.1500015258789,95.25,90.12000274658205,94.69000244140624,7941400.0,0.24018256356385154,0.22346151287951682,0.3489563306986042,0.33690757212031863,0.719520190515111,0.3332253132961428,0.358101393964551,0.21820926106608382,0,0,-0.08233987926317841,0.18084462435639015,0.2883410784763132
2010-10-11,95.62999725341795,96.13999938964844,90.62999725341795,91.18000030517578,4086500.0,0.23803854870411828,0.223837451713157,0.29185074658076904,0.34029271302120134,0.6448861175036945,0.3450213122723205,0.3444377358887376,0.19046299898629218,0,0,-0.09684230576105068,0.1734080195900351,0.38335615678989526
2010-10-12,91.62000274658205,96.68000030517578,90.58999633789062,95.61000061035156,3643700.0,0.2371881911242571,0.22462411834816237,0.38776642763971103,0.3440664652470712,0.6901742143747351,0.3987290557434213,0.328682752858406,0.21520276532426766,0,1,-0.05659139772800028,0.22406229695983074,0.4114937104352761
2010-10-13,96.63999938964844,97.69000244140624,95.0,96.73999786376952,2896600.0,0.23651905753501906,0.22553871639692974,0.4104460783212259,0.34717236077860647,0.692633656820888,0.4498032183503334,0.3081863090600555,0.23486991881510932,0,0,-0.07771153914595148,0.1611756465195644,0.37558836348570684
2010-10-14,97.4000015258789,97.43000030517578,95.0,95.66000366210938,1585600.0,0.23516406483524216,0.2261940851372069,0.3902797949204665,0.3487625168427829,0.6622666006355595,0.45149347304298176,0.2891538969615872,0.22410411111812714,0,0,-0.07825098058699968,0.15143686013420435,0.3890840664815707
2010-10-15,96.3499984741211,97.75,94.83000183105467,97.1999969482422,1637100.0,0.23411017831545594,0.22711990507458618,0.42341268222896,0.3505150764377388,0.6669101549434393,0.4707916900206658,0.269423287746952,0.2352195902936629,0,0,-0.06512644249465704,0.16412297696634343,0.39546302272037753
2010-10-18,97.2300033569336,97.4499969482422,91.56999969482422,93.16999816894533,3354000.0,0.23091227906305328,0.2276462190992124,0.3477488438741495,0.35337797458886555,0.6185294909133078,0.4434147614422108,0.2675139497327963,0.2124468108942695,0,0,-0.0731481567240947,0.15246913744982596,0.3564815083721618
2010-10-19,91.0,92.47000122070312,89.05000305175781,90.98999786376952,3379500.0,0.22745787927502986,0.22759908579716176,0.31089851083003783,0.3558411559380522,0.6278359807940193,0.4142358597189967,0.27670747209312674,0.18950089318996122,0,1,-0.020929451395998253,0.22593113089460182,0.5147580514802761
2010-10-20,90.8000030517578,93.26000213623048,89.05000305175781,91.93000030517578,2356700.0,0.22507130500476863,0.22756541927515056,0.3336045160823381,0.3576380959194664,0.6593103385018906,0.43781138464618197,0.27955745406851407,0.20550226743282063,0,1,-0.019232883185908968,0.23354215297175368,0.5093965483340478
2010-10-21,92.5,94.0999984741211,91.5199966430664,92.81999969482422,1642900.0,0.22237525647607387,0.22823874286597196,0.35551596682763253,0.3589472350228863,0.6491468081857436,0.46531188904366233,0.27608894446778354,0.2166571270855527,0,1,-0.03752852101369947,0.21266184038788813,0.5088654261286139
2010-10-22,93.2300033569336,98.54000091552734,93.01000213623048,98.4499969482422,3672700.0,0.22108717436996855,0.229998361884232,0.47815076642799426,0.3628253257127102,0.7304254405262044,0.5196528203246386,0.24445578509868157,0.24159379580950985,0,1,-0.04503340141045987,0.20275802366624696,0.5017237647914045
2010-10-25,100.0,101.9499969482422,99.9499969482422,100.83000183105467,3032500.0,0.22041804078073063,0.2319005015420073,0.5221751398052651,0.36631012694485443,0.7151265005150478,0.5800919297614916,0.23084127301538945,0.2621836746194861,0,0,-0.11122394400884435,0.12239719070883066,0.3820213486662081
2010-10-26,100.31999969482422,103.75,99.2699966430664,102.54000091552734,5417700.0,0.2199942573795795,0.23399341587471195,0.552436840446509,0.37282168742038324,0.7451593081876673,0.5955212530875933,0.22649756807460833,0.2989684351895796,0,0,-0.11177225467028956,0.11633445545887962,0.36546660522594226
2010-10-27,111.79000091552734,118.98999786376952,111.52999877929688,117.58000183105467,9954500.0,0.22366612510550393,0.2373230008258414,0.7390482843750267,0.3911259417309839,0.8476219254606643,0.7582231798717,0.2680890419456188,0.36655687661213826,0,-1,-0.22176709245890086,0.07021647048914642,0.26457964707614656
2010-10-28,117.9499969482422,118.47000122070312,114.5999984741211,116.77999877929688,3024300.0,0.22728223258529073,0.24045619972964788,0.721257073936531,0.3963786183024208,0.874985665584405,0.7325198766692606,0.30670969625441413,0.3460226736492326,0,-1,-0.24579004462008316,0.00884504932243193,0.213811864246872
2010-10-29,116.7699966430664,119.87999725341795,116.52999877929688,117.6999969482422,2208300.0,0.23129981851692655,0.24370722974814302,0.7303476582520697,0.40025078344236686,0.8664979608738916,0.7153534624458018,0.34559960458559713,0.3610164508548619,0,-1,-0.23736936017354096,0.026631277983048745,0.1908717344453251
2010-11-01,117.9800033569336,118.23999786376952,115.3000030517578,116.37000274658205,1655200.0,0.23422170093484845,0.24654977771287573,0.6981530296104872,0.4030237440657488,0.8622153037293045,0.68403216656802,0.37412287193127713,0.3497780774315238,0,-1,-0.24579440148921633,0.01614268433090844,0.13313501228416816
2010-11-02,115.22000122070312,118.37000274658205,115.19000244140624,117.3499984741211,1543400.0,0.23585271259622304,0.24970093232340157,0.709326350689953,0.4056546054360134,0.8368987046546278,0.6768258013483388,0.4009378423861282,0.3602573582082154,0,-1,-0.22488611799670996,0.04004465001915367,0.1302741540285359
2010-11-03,116.51000213623048,122.95999908447266,116.51000213623048,122.91999816894533,2765900.0,0.24292879503780013,0.2538138174285702,0.7671286099857114,0.4109983111297667,1.0000000000000002,0.6790761791458757,0.43672639125506585,0.37903709301465016,0,-1,-0.23400084739266833,0.05496375826254975,0.1496378816899664
2010-11-04,124.52999877929688,125.38999938964844,120.37999725341795,120.88999938964844,3033800.0,0.24903742210635654,0.2576293177765577,0.716006031601757,0.41649777622673334,0.9152651875692933,0.665368483260275,0.47501735076750595,0.35843838754599194,0,-1,-0.28864298939196353,0.006996425505714287,0.09339404408191233
2010-11-05,121.91999816894533,124.22000122070312,119.31999969482422,123.0,2095900.0,0.25693040470384204,0.2615951933155311,0.7385180015621228,0.4204389210692777,0.8272954586854476,0.6485627349296471,0.5033852727715935,0.37266899826250616,0,-1,-0.27190003543007796,0.028703790538692316,0.11316079083164995
2010-11-08,122.86000061035156,124.30999755859376,120.8499984741211,122.81999969482422,1282300.0,0.26575181007662824,0.2653882498862948,0.7336991531214532,0.42281854884665526,0.886140707775409,0.6387338715343565,0.5299429030952502,0.363962517933394,0,-1,-0.2748780289316565,0.02056909576664126,0.1120325104007876
2010-11-09,122.94000244140624,124.0,119.83999633789062,120.41999816894533,1182700.0,0.27266897347688407,0.26888728818084323,0.6692896781584091,0.4248756382494038,0.8312600842395619,0.622750258419455,0.5471686350256705,0.35593229545406707,0,-1,-0.2759322543059458,0.019947866425092064,0.1077185780851016
2010-11-10,120.26000213623048,124.8499984741211,119.7699966430664,122.88999938964844,2206100.0,0.2799597373330372,0.2728666304998562,0.7010029134688668,0.42891424479909224,0.8253405336183467,0.6211114561424547,0.5655942694066346,0.3709111352373115,0,-1,-0.25917621291345694,0.042600874700402636,0.1273875120456622
2010-11-11,119.19000244140624,123.98999786376952,117.43000030517578,123.6999969482422,2701900.0,0.28777744125840793,0.2765654213226936,0.7112129499202532,0.43389124359246545,0.8797274189646629,0.6108573002637819,0.5652160946861092,0.3892563268470971,0,-1,-0.24525998485916867,0.050451598820371174,0.1278378349182534
2010-11-12,123.20999908447266,127.9499969482422,121.11000061035156,123.86000061035156,2980400.0,0.29521039650746445,0.2802406459225934,0.7133244834710526,0.4393209713741265,0.8523528970213607,0.6203500733453906,0.5773356033042055,0.40949246033605124,0,-1,-0.27615195533923786,0.03831849620621112,0.08221508528084374
2010-11-15,124.36000061035156,124.68000030517578,118.91000366210938,119.5500030517578,2265800.0,0.30256528656108134,0.2831303263332015,0.5922253506493909,0.4429796079971434,0.8483520331829206,0.5973971008027461,0.5734190176591337,0.39410827322718256,0,-1,-0.2850799078362246,0.028984307445503163,0.07524618132975185
2010-11-16,118.43000030517578,120.3000030517578,115.37000274658205,115.9499969482422,2637300.0,0.30952427120949894,0.28564743439113555,0.506388896764922,0.4467854381985671,0.8061824525551777,0.5674126957932041,0.5479591761894155,0.37620169865651465,0,-1,-0.24575488501408266,0.07963192304516167,0.11693854454258033
2010-11-17,116.5199966430664,118.9000015258789,112.0999984741211,115.01000213623048,3845000.0,0.3159591023120239,0.2877403487238403,0.4852716145426962,0.4520926363495489,0.7819214122124446,0.543908448006584,0.5068215106865575,0.3500951581703287,0,-1,-0.2369124132324959,0.09857697805958479,0.11763697609351037
2010-11-18,117.98999786376952,121.9000015258789,117.7300033569336,120.51000213623048,2478700.0,0.32367922687021217,0.29052117501694424,0.5823777313337674,0.45602403522597845,0.7958026122280231,0.5856262034855828,0.4809857473922512,0.3669248803818005,0,-1,-0.2516302432351231,0.08660115554710596,0.14207463406469878
2010-11-19,121.18000030517578,123.62999725341795,119.6999969482422,122.69000244140624,2076700.0,0.3304374733562638,0.2937239510000254,0.6156213901388569,0.4594668124263964,0.7536574607010303,0.6067014491777168,0.46364308298646617,0.38102512813931994,0,-1,-0.26661685074983754,0.05617788169494247,0.09036600137748205
2010-11-22,122.51000213623048,132.1999969482422,122.12999725341795,131.92999267578125,3667400.0,0.33910832138482067,0.2974339628552996,0.727996330178764,0.4668432126831691,0.8190900907233845,0.7142171843294199,0.47393951498417997,0.40592581125480454,0,-1,-0.27271985018055855,0.07897949807800689,0.12046614113453046
2010-11-23,129.64999389648438,131.5,127.20999908447266,129.13999938964844,2303000.0,0.34652454685834216,0.30085444621721374,0.6638731978334391,0.47114653402168083,0.7726425416275053,0.7368228347099295,0.48350048755348574,0.39028904591288355,0,-1,-0.30773890016428096,0.019328455948788386,0.0638218289636884
2010-11-24,132.25,133.6999969482422,131.08999633789062,132.5500030517578,2106100.0,0.3506982653079744,0.3046037368230679,0.701538262441217,0.4753293907093522,0.6712607119174456,0.7702715893975496,0.498175300595485,0.4045889119513637,0,-1,-0.33452065318582463,0.011228100937705408,0.04723560579484243
2010-11-26,131.11000061035156,135.22999572753906,130.55999755859375,135.0399932861328,1225900.0,0.35578925193113936,0.3084775915055428,0.7272448572821796,0.4778671723125719,0.6839428813936363,0.7488396545595088,0.5157058817272138,0.41291245108842883,0,-1,-0.31731419532423744,0.031082572782580278,0.08736327095015574
2010-11-29,134.6699981689453,136.0,131.92999267578125,134.17999267578125,1858400.0,0.3603839651314807,0.31220331417610886,0.7062882478733583,0.48162144473885216,0.6986539047847267,0.7119125243560035,0.5339625824730633,0.40029440301572977,0,-1,-0.337825810021513,0.009848947698305794,0.05909357319524189
2010-11-30,132.42999267578125,133.0,131.25999450683594,131.8800048828125,1968700.0,0.36470823879822517,0.3152602038948838,0.6506033106143504,0.4853811661890982,0.6966863529660523,0.6598930654723749,0.5462942028960117,0.3869274469025557,0,-1,-0.3232970039642377,0.02660610760983531,0.07586829997202517
2010-12-01,134.11000061035156,139.8800048828125,134.11000061035156,138.9600067138672,3797200.0,0.370733227624692,0.31925301385011157,0.7295010925658719,0.49359499413580743,0.7313771253772078,0.704552746031808,0.5745349798310284,0.4127094379387443,0,-1,-0.3416742181548575,0.04375192643940313,0.07461325427334012
2010-12-02,138.66000366210938,139.58999633789062,135.83999633789062,137.14999389648438,2635900.0,0.3747006284839572,0.32336702054481875,0.6876322651315973,0.49902209316580504,0.6712126897450744,0.6776711850212316,0.6007585584135441,0.3948123690005031,0,-1,-0.3392343461533436,0.008779513253876216,0.03965165688413917
2010-12-03,135.83999633789062,141.6199951171875,135.52000427246094,139.27999877929688,2320400.0,0.37982786118151707,0.3274956164652791,0.7107810168379171,0.5039365369921612,0.7216579245238584,0.6709929214828727,0.629490812873761,0.4105672757740131,0,-1,-0.3122857900670896,0.0421436313271687,0.043310263986519305
2010-12-06,139.47999572753906,140.5800018310547,137.61000061035156,139.8000030517578,1552800.0,0.38451179417906595,0.3316174794238074,0.7164820842077227,0.5072266196647394,0.7162822384853482,0.6601689390638288,0.6561707634439625,0.42111038008271257,0,-1,-0.2886990195066661,0.015364728664590823,-0.005025825347337939
2010-12-07,142.33999633789062,143.0,137.32000732421875,137.61000061035156,1638700.0,0.3886353275563274,0.3354756232909905,0.6612879307477386,0.510533568406008,0.6881397572253103,0.6478482167552208,0.6861971387530598,0.4099840373272606,0,-1,-0.3080829667713134,0.004721056135206402,-0.23741054425960112
2010-12-08,138.32000732421875,139.1699981689453,135.72000122070312,137.1699981689453,1912300.0,0.3933053194287834,0.3391912473748336,0.6501545401087075,0.514328119529316,0.697491435761006,0.6218955082624499,0.7014589284537703,0.3970000224061335,0,0,-0.19468068037277972,0.034009102936005675,-0.20601704801811493
2010-12-09,138.3000030517578,139.3300018310547,136.0,138.9199981689453,1475500.0,0.39777457101175623,0.3430639796115948,0.6743733172988432,0.5173320929241269,0.7078730352384724,0.6211763507790303,0.7160513245480289,0.40701828001013024,0,0,-0.191003899740288,0.03426403011577969,-0.2313917468605015
2010-12-10,142.94000244140625,143.5500030517578,138.67999267578125,143.08999633789062,4263100.0,0.40318060919423887,0.347472004582517,0.7268623073679849,0.526573185782751,0.7248467478169638,0.6470332969005865,0.7398590912003735,0.4359636097231756,0,-1,-0.22199830387112143,0.0043910208637472055,-0.25489493326256796
2010-12-13,143.72000122070312,143.75,138.7100067138672,139.05999755859375,2332400.0,0.4074184517142177,0.3514861350130796,0.6236770388688954,0.5311965739134165,0.7005381103111695,0.6284943369507785,0.7624150766212544,0.4201272261002939,0,-1,-0.22097982777157266,0.00020964973139028057,-0.24397235694711591
2010-12-14,139.41000366210938,140.22000122070312,132.82000732421875,133.64999389648438,3474000.0,0.41134960649908797,0.35460137821016674,0.5075605904923056,0.5372856914324814,0.6846425012945454,0.5764410398389923,0.7399669431552349,0.3965396782071834,0,0,-0.1963900882170018,0.031209524047790538,-0.20473178283141516
2010-12-15,133.0500030517578,135.99000549316406,130.1300048828125,130.3800048828125,3791700.0,0.41537277185872484,0.35672010365723666,0.4470388607368475,0.5433607565020623,0.6598761187231695,0.5307627557174707,0.7030523967557343,0.3707950307269568,0,0,-0.1567527537177673,0.08005983865984784,-0.17560794831671528
2010-12-16,130.9600067138672,134.3800048828125,129.58999633789062,134.07000732421875,3105900.0,0.420686805847792,0.36081952283854096,0.5077560965540476,0.5486839569904903,0.7154698122207177,0.5224428392870648,0.6656386582044231,0.39188327626559005,0,0,-0.14465414583085612,0.09809781260269664,-0.17318613755801346
2010-12-17,135.00999450683594,138.24000549316406,132.6300048828125,136.00999450683594,17748400.0,0.42500828873697744,0.36497505060673,0.5376611200329477,0.5789592742934963,0.7634521792929153,0.5569494051073274,0.6458095374721537,0.5123902523813307,0,0,-0.170880844194422,0.06518986362123698,-0.1868426497642041
2010-12-20,136.75,136.99000549316406,133.33999633789062,135.60000610351562,2089400.0,0.42860766856834626,0.36956599570111087,0.5291851399747515,0.5823412079457903,0.7534657517555815,0.5381971468987393,0.6273967825064749,0.49820377495822615,0,0,-0.18123669231263725,0.0514668059901155,-0.17086978018076063
2010-12-21,136.05999755859375,136.99000549316406,133.92999267578125,136.63999938964844,1726600.0,0.42992084427419536,0.3746675440048261,0.546461368927244,0.5851764442120594,0.7169646584028749,0.5421211465370619,0.6102992243240591,0.509926935635326,0,0,-0.1766961504867621,0.05671092990612244,-0.1316371509636555
2010-12-22,136.75999450683594,137.0,134.8300018310547,136.1699981689453,1374000.0,0.43188084649286346,0.3792192112048021,0.5355382165487582,0.5873950369348738,0.7264137512510374,0.53652296448658,0.594465460476825,0.500597836382265,0,0,-0.18047421064744995,0.05115636361524758,-0.09601870005703061
2010-12-23,136.08999633789062,136.25,134.60000610351562,135.60000610351562,811100.0,0.43273120407272464,0.38358010458602415,0.521708595802674,0.5886823868139287,0.7250809952356667,0.5161715792053783,0.5779617113387828,0.49509068033848197,0,0,-0.17617682445736163,0.056253240545730596,-0.08709696071408041
2010-12-27,135.25999450683594,135.6999969482422,133.02000427246094,134.89999389648438,801200.0,0.43269217147500477,0.3879836397740913,0.5041373226917989,0.589930002586505,0.7113741316785107,0.48565729536898894,0.5502894446004,0.4896507426954307,0,0,-0.1707964232319779,0.06261065716090662,-0.08657815144054891
2010-12-28,135.0800018310547,135.6300048828125,133.0500030517578,133.3800048828125,1194100.0,0.43246913049045405,0.3920437819171661,0.4659682450444642,0.5917180983224818,0.692860584698756,0.4699606685462303,0.5245937683433303,0.48154311720920057,0,0,-0.1703484388188136,0.0642698188377847,-0.08465529047917124
2010-12-29,133.6300048828125,134.64999389648438,132.02000427246094,133.67999267578125,822800.0,0.43297097695992764,0.3965898377447486,0.47306238786468957,0.5929535495157595,0.7061969233374112,0.44780648094259834,0.49240740316478204,0.4871297131811209,0,0,-0.16141854566287986,0.07587340490862116,-0.049707637127750996
2010-12-30,133.3800048828125,133.8000030517578,132.25,132.41000366210938,857000.0,0.4311448001828368,0.4012380155840783,0.4395459320032885,0.5941978603681858,0.6504605591538479,0.4397814092575257,0.4625200640704158,0.48131090818849126,0,0,-0.15918617276036623,0.07757327711962261,-0.050568540593996916
2010-12-31,132.35000610351562,132.44000244140625,129.13999938964844,130.16000366210938,1017300.0,0.42919595256593673,0.4055282094403119,0.38339144351875243,0.5955894927270383,0.6573861243776962,0.39162304173060414,0.42247882823744476,0.4744037082830044,0,0,-0.11041463894140584,0.086096167821092,-0.029680596827103094
2011-01-03,132.88999938964844,137.69000244140625,132.77000427246094,134.3300018310547,2307400.0,0.42781586626641593,0.4101864867225398,0.4880259080620921,0.5990568528523467,0.6337643685452119,0.5191381559264568,0.4058207205962028,0.49007034846969494,0,0,-0.10133683213198888,0.08343577370006633,-0.05009216702230637
2011-01-04,135.19000244140625,135.9600067138672,131.58999633789062,132.07000732421875,1442300.0,0.4256607010591486,0.41395934440750687,0.4322034742468618,0.6010947660304128,0.6019809323117393,0.4726466041331102,0.38197637039785237,0.48027751014896,0,0,-0.0972232934561686,0.06372364655633342,-0.07079581632248536
2011-01-05,131.8000030517578,137.3000030517578,131.8000030517578,137.2899932861328,2296300.0,0.42557148126194094,0.4180509064688149,0.5432496316125817,0.6047256252735514,0.6661285692858996,0.5512247555271987,0.36712418200830854,0.49586878424998176,0,0,-0.034754325075618056,0.09048229185681902,-0.06716137089935231
2011-01-06,137.88999938964844,139.1999969482422,135.75999450683594,138.07000732421875,1995500.0,0.425822408750912,0.422038105051649,0.5579608175109497,0.6079060066890646,0.6830109646550754,0.6274644478385414,0.3630555641791292,0.5094177053267528,0,0,-0.06373370549857699,0.042683377499614615,-0.12411684571950879
2011-01-07,138.14999389648438,139.0,135.5,138.35000610351562,1304900.0,0.42566349183670765,0.42436892736133364,0.5634564578613311,0.6099839909975063,0.6780295161366027,0.6270956295966088,0.35719027853313245,0.5182776337221816,0,0,-0.06525671057348818,0.04055917872420749,-0.1668718191057225
2011-01-10,138.1699981689453,143.5500030517578,138.07000732421875,142.69000244140625,2103500.0,0.4255519713444322,0.4272765634786611,0.6420251335619823,0.6136201386134849,0.6436553894627882,0.7635428405816016,0.3724903068929325,0.5325598464432979,0,0,-0.06526923296657096,0.040332501517055544,-0.18923020708497484
2011-01-11,144.0,144.10000610351562,141.10000610351562,142.64999389648438,1765900.0,0.4265528820142887,0.4300764670680231,0.6408104429991461,0.616646084315326,0.6789313044388093,0.7887052403272994,0.38888044614470707,0.5205698490845058,0,0,-0.10414184845538582,0.0007008627220164999,-0.18880091092905257
2011-01-12,143.85000610351562,143.85000610351562,141.6199951171875,142.61000061035156,1226900.0,0.4290509810310595,0.43302113533215253,0.6395064538025693,0.618733899686264,0.7225658956798902,0.7389032708299704,0.4040998611642118,0.512239520209993,0,0,-0.10311957478625393,0.0017525412597032104,-0.1659306471160192
2011-01-13,142.0800018310547,145.75999450683594,141.3699951171875,143.9499969482422,1776100.0,0.4328343692492593,0.4360062030802255,0.6644606209022966,0.6218177991260904,0.787061463164967,0.7205959547196277,0.4261277482897936,0.5242987728907511,0,0,-0.09073699169781071,0.025804590561891716,-0.1687819899853296
2011-01-14,144.47000122070312,145.0,141.4499969482422,144.1699981689453,1771700.0,0.4356503020944386,0.4383908907977177,0.668617989070244,0.6248849440707113,0.7570184081104943,0.6865333261264877,0.44658221490640504,0.5363281507267396,0,0,-0.10649532584961882,0.008961398495872389,-0.21597780219796536
2011-01-18,144.4199981689453,145.72999572753906,139.77000427246094,141.77999877929688,2875600.0,0.43725901093362834,0.4407351790312665,0.5827979918230434,0.6295875257876501,0.6789655529668606,0.6464495103927047,0.44894955768871936,0.5168035817222985,0,0,-0.10598598164224876,0.009294557500932705,-0.2165499175779833
2011-01-19,141.88999938964844,143.60000610351562,135.60000610351562,138.77999877929688,7365100.0,0.43814561033365024,0.4425060199381386,0.48914326655975937,0.6406613980512056,0.6447036887786416,0.5820603896232353,0.41711837369622784,0.46679648644666555,0,0,-0.08992805832822304,0.027295776206147124,-0.19424461244634186
2011-01-20,111.19000244140624,114.75,106.0999984741211,109.1500015258789,23329500.0,0.43048124814871686,0.44097196456253257,0.08245946702587831,0.6520128266924935,0.5046265824872551,0.16961818203187212,0.4549982174071271,0.3083953066618867,0,1,-0.03667678348505985,0.24909923886371177,0.01895083784804244
2011-01-21,111.7300033569336,113.81999969482422,109.66000366210938,109.97000122070312,9433700.0,0.42317654529458776,0.4397992596509889,0.0992951081409359,0.6565603287801102,0.3621340464261521,0.2766045691805019,0.4901723579958194,0.372447652821713,0,1,-0.05158043796708198,0.31177270429844206,-0.02776002167964233
2011-01-24,108.86000061035156,110.45999908447266,104.8000030517578,106.55999755859376,7223700.0,0.4150800316300603,0.4379666970724882,0.07527963310686281,0.6591867938303148,0.31259332737687645,0.31375966167956626,0.5298496934101795,0.3234006264211769,1,1,-0.036919137160375176,0.3355459987895092,0.01591343075906543
2011-01-25,104.75,107.9499969482422,102.66000366210938,107.52999877929688,5672800.0,0.4074491268690797,0.4361520902007067,0.09655807399190253,0.6613663760560308,0.3885120920885971,0.36237491730122384,0.5695629631033413,0.36191744901416406,0,1,-0.019613329446084175,0.3848535608710569,0.03209457814659562
2011-01-26,108.77999877929688,110.0,107.05999755859376,108.80999755859376,3997600.0,0.40059887406249556,0.4344631698512598,0.12537871555703806,0.6630282368424413,0.41666840362293334,0.4114435133638412,0.5958564699810098,0.38906010343486025,0,1,-0.056914304721128704,0.3439039909545591,0.011903643576933918
2011-01-27,109.58999633789062,112.5,109.48999786376952,110.94000244140624,3290000.0,0.39425884005806217,0.43349695042993736,0.1732448139981072,0.6645860412353758,0.41093349027888504,0.44403848755932435,0.6076981832644928,0.4113983396376045,0,1,-0.06368893328987969,0.3324142907867258,0.012958401743829591
2011-01-28,112.81999969482422,113.18000030517578,107.8000030517578,109.58000183105467,4302900.0,0.38789371032676784,0.4327821057656341,0.15959418803701364,0.6664234127809684,0.39769958050232657,0.4542737202515993,0.6219270275370627,0.382182778374143,0,1,-0.09158099701756288,0.2969171992709232,-0.03470342878489207
2011-01-31,110.23999786376952,110.75,107.91000366210938,108.37999725341795,2481400.0,0.38182132507837213,0.4320380826498244,0.14739213040436688,0.6673828673644991,0.37600006580816636,0.4605381378099599,0.6351395257901635,0.36533472387156257,0,1,-0.06917315271947726,0.3241467060552663,0.003924076455471903
2011-02-01,109.55999755859376,111.0,108.75,109.95999908447266,2220300.0,0.3750268346450428,0.4308541549934935,0.18660080476077606,0.668336702122977,0.39326723666017116,0.473353657412446,0.6459675246580814,0.3804099779265635,0,1,-0.06366482811722701,0.3340099452447674,-0.026849936394726066
2011-02-02,107.80999755859376,113.73999786376952,107.80999755859376,113.51000213623048,3729700.0,0.3698522033984371,0.42982396986528987,0.2698148081647288,0.6703064698205724,0.47117709994718104,0.4872665746209903,0.6403241738151529,0.4057336616850363,0,1,-0.04683515768791612,0.3451254753020551,-0.040469234133256565
2011-02-03,113.8499984741211,118.6500015258789,113.8499984741211,118.20999908447266,5873500.0,0.3645325963627201,0.42828430397346556,0.36619585184755354,0.6741495462380008,0.5139854623057476,0.5131276444531246,0.6103234463927931,0.4456131845837653,0,1,-0.098581575204112,0.2811205658724035,-0.1491498545199304
2011-02-04,120.1500015258789,123.9000015258789,119.5,123.63999938964844,7081300.0,0.36050943100308314,0.4276670906818794,0.46001184291271124,0.6797707058068191,0.6088576381766,0.5398064996221281,0.5604365278669188,0.4936933523717571,0,1,-0.14795700870677791,0.21664828000426745,-0.20768127266640468
2011-02-07,124.43000030517578,127.95999908447266,123.41000366210938,124.2300033569336,7396200.0,0.3565726967902119,0.4267334153368541,0.4695305863900796,0.6856196748143787,0.5141450755657058,0.5562172152213427,0.5157054066452658,0.5439116084820116,0,0,-0.17607567737410604,0.17251693874924084,-0.2649628137977266
2011-02-08,124.0,125.3499984741211,122.25,123.5199966430664,3717400.0,0.3512279940276339,0.4254406344191944,0.45655163450111413,0.6884307660256043,0.47805862482535566,0.5540034404792441,0.46974759709004865,0.5186714384941449,0,0,-0.17177811930486103,0.17515893036174063,-0.22804476427210452
2011-02-09,123.13999938964844,124.4499969482422,121.06999969482422,123.66000366210938,3082000.0,0.3459334805916609,0.42426007495617984,0.45912818232393093,0.6907467021853136,0.5050612477321086,0.5567413728104927,0.42426523394072146,0.5395974093077796,0,0,-0.16580307872513753,0.1831282037883478,-0.2287888836160911
2011-02-10,121.44000244140624,127.9499969482422,121.0,127.0,4684500.0,0.34158132680184744,0.42371243788769314,0.5192792581811235,0.6946512621056619,0.5654903682294323,0.5770227822563414,0.3933832140887592,0.5714039343812615,0,0,-0.1518680108615526,0.19666821401592424,-0.20839401188176648
2011-02-11,127.0999984741211,128.89999389648438,126.11000061035156,126.62000274658205,2632100.0,0.33674962936474523,0.42232763525735945,0.510949520345799,0.6967911294978918,0.5316813262021604,0.5982087877730061,0.3681278042235677,0.5535326664453213,0,0,-0.19244090403158834,0.1469291026198019,-0.2625196562038631
2011-02-14,126.73999786376952,129.0,126.6999969482422,128.4199981689453,2597200.0,0.3323584429772121,0.42134794991217256,0.543557172269141,0.6990117520195741,0.5375523072478419,0.6150192962159845,0.34505365265085997,0.5711669725443387,0,0,-0.1901752778338978,0.1502132066853066,-0.23171691440105113
2011-02-15,129.47999572753906,129.9199981689453,125.72000122070312,126.37000274658205,3113400.0,0.32806205156065343,0.4198991824311333,0.4956221530564361,0.7014757359573037,0.5168420490281401,0.6225239169037102,0.31886250610342814,0.5500278039748481,0,-1,-0.20884591533902802,0.12677152321618493,-0.22410838802095917
2011-02-16,127.20999908447266,127.36000061035156,124.76000213623048,125.68000030517578,2900300.0,0.324409700133589,0.4183146272725105,0.479624470866132,0.7036944992128623,0.5281394894112015,0.6236695504749367,0.2897988153582767,0.5303355284554502,0,0,-0.19427075167193736,0.14679112937555908,-0.19498297740058315
2011-02-17,124.93000030517578,125.0,122.75,122.93000030517578,2624500.0,0.3282516393754857,0.41666722885272073,0.4179902658999203,0.7054903270235396,0.6078760840911163,0.5967834585533858,0.25951212294621306,0.5125158625241121,0,0,-0.17719602632869566,0.1657383366572313,-0.24960218547429563
2011-02-18,123.66000366210938,123.69000244140624,120.27999877929688,120.8499984741211,2612800.0,0.33128504228568295,0.4148357887199337,0.37487061475960237,0.7071175927208954,0.7151793901153094,0.575533577908391,0.242590302108618,0.49477563652091133,0,0,-0.17082892660755836,0.17977703400197645,-0.24005533281519073
2011-02-22,118.58999633789062,118.73999786376952,115.0,115.11000061035156,2588800.0,0.3336688300326192,0.4121638165443338,0.2738569831489711,0.7083205519723502,0.7202083303630276,0.5213885920981706,0.2472151154190063,0.47719836421645406,0,1,-0.1318162422583109,0.22482414987173968,-0.20885393613947328
2011-02-23,114.5199966430664,116.47000122070312,110.69000244140624,111.98999786376952,3293200.0,0.33491230224012064,0.408673756103145,0.22831795083135936,0.7095641305503436,0.6078637203224659,0.48290575592127316,0.26500655760489933,0.45483840085387733,0,1,-0.10303182102398921,0.2713925610122896,-0.174876180581027
2011-02-24,112.05999755859376,117.3000030517578,110.73999786376952,117.05999755859376,3312700.0,0.33721244749073326,0.40620490293680017,0.34668331698984056,0.7112445136953628,0.6472612891430729,0.49755032313828496,0.2768647313275051,0.4773307640966831,0,1,-0.08393601282070773,0.30091970346527386,-0.15581745942587916
2011-02-25,121.0,122.6500015258789,118.63999938964844,120.18000030517578,2688500.0,0.33978860957582663,0.40469329219459355,0.40959183655687625,0.7128153700064418,0.6386732774574192,0.552723729773267,0.2606518922871143,0.4955849732246704,0,1,-0.15667176422680718,0.21151541964147447,-0.2205706495244044
2011-02-28,120.66000366210938,120.95999908447266,116.58000183105467,118.01000213623048,2072100.0,0.34213893989881,0.40330512308329375,0.37206122207370995,0.7138993185025656,0.651241422538314,0.5224848838970517,0.25300658046311253,0.48151595825941,0,1,-0.14977533661418035,0.20860369447303123,-0.217673519684479
2011-03-01,118.58000183105467,118.5999984741211,112.45999908447266,113.37999725341795,3649600.0,0.3435329673234237,0.4009832777707936,0.29989489437505457,0.7153518176643442,0.6359556409628145,0.46525376296047,0.2594138325227314,0.4567361324704935,0,1,-0.13490380375188274,0.2300651928227448,-0.2102364607988707
2011-03-02,112.68000030517578,116.5,112.62999725341795,113.1999969482422,3002500.0,0.3444362964989806,0.398423526193664,0.2972296488668358,0.7165203126800045,0.5969515663076627,0.44784925575420687,0.2653634237209488,0.4363499457839464,0,1,-0.08837534737869597,0.2727112942967348,-0.14094199809527555
2011-03-03,115.3499984741211,116.4800033569336,113.75,114.3499984741211,3044300.0,0.3446704920852996,0.39603883761999653,0.3239466663408852,0.717784068619668,0.509132808737842,0.452997905251677,0.27088804411929346,0.45701994349580494,0,0,-0.11210243069011648,0.12871024812382265,-0.1694346362389509
2011-03-04,114.61000061035156,115.5,112.5500030517578,113.81999969482422,2132300.0,0.34344653617665816,0.3934779635971532,0.31489751479915895,0.7186330836084659,0.4222268655350643,0.44516643775674236,0.28025405347259913,0.4425421863361965,0,0,-0.10450369136600057,0.13388716889277968,-0.17420199768042396
2011-03-07,114.16000366210938,114.52999877929688,108.0,108.6999969482422,4258000.0,0.3392811815512348,0.3903952636201881,0.23502376589269608,0.7197556829292852,0.25859453989386266,0.4152676355853774,0.3034369110724523,0.4136314842841342,1,0,-0.1010367249238619,0.13846419389467454,-0.1812511416106656
2011-03-08,108.44000244140624,112.43000030517578,108.2699966430664,110.61000061035156,2598800.0,0.3354838500808249,0.3875908702479712,0.2828441464400252,0.720559700734951,0.3448541923804382,0.43068016654846325,0.324963850272316,0.43127665396306786,0,0,-0.05317386330791732,0.19760806191896063,-0.14277833218202207
2011-03-09,109.44000244140624,109.62000274658205,106.86000061035156,108.16999816894533,2649800.0,0.33120418631268417,0.3845912141303203,0.24600909113194647,0.7212093167915706,0.3540194261032164,0.418664642838517,0.34927677979932026,0.41328520767430443,0,0,-0.02332521306227369,0.18515500962416986,-0.08769554763684662
2011-03-10,106.38999938964844,111.33000183105467,105.12999725341795,110.05999755859376,3873300.0,0.3274124300160413,0.3819742289520666,0.2938691699240311,0.7223335509332501,0.36502854750564645,0.4383902782192308,0.3770049111771363,0.43958389773025863,0,1,-0.01164835127631738,0.21752795763707553,0.004437490663389997
2011-03-11,109.3000030517578,111.41000366210938,108.12000274658205,111.0,2201200.0,0.32295154225727735,0.37942906660069015,0.3174631660358054,0.723018420594112,0.33514528742587163,0.46090634692380344,0.4021472466383712,0.45452946780000963,0,0,-0.03788847801963484,0.187352313052795,-0.03261860845829925
2011-03-14,110.08999633789062,112.1999969482422,108.0,108.97000122070312,2347200.0,0.3180306250229676,0.37679861549857213,0.28227141805687395,0.7236246719394893,0.34208687820648737,0.4599737127935758,0.4192596162565474,0.4385925960629028,0,0,-0.044684676436690725,0.17864866514463681,-0.055135091145833336
2011-03-15,105.20999908447266,111.0199966430664,104.9000015258789,110.66999816894533,3377500.0,0.31308182766558895,0.37461143541794134,0.32694723920021795,0.7246321941252839,0.3711613142156399,0.4522053912437242,0.4452930786167756,0.46152493429231584,0,1,-0.0028447972388831524,0.2267596476797875,0.0015600455817284186
2011-03-16,111.22000122070312,112.87999725341795,106.55999755859376,106.6500015258789,3754700.0,0.3075837831625737,0.3715051692180387,0.2581493371541017,0.7253672894592561,0.345599407919782,0.4536707529603104,0.45502033536134223,0.43603150709765204,0,0,-0.05710671184051441,0.16897078935246174,-0.07626278649180068
2011-03-17,108.62999725341795,108.87000274658205,103.0,103.36000061035156,3956100.0,0.30136084482418274,0.3682833150825245,0.20958188173910763,0.7258131930746138,0.300840223122072,0.4064689507892825,0.4756929932285068,0.409170626781033,0,0,-0.05278947185061053,0.19962494712539955,-0.06816686862683549
2011-03-18,104.8499984741211,105.22000122070312,96.91000366210938,96.91999816894533,8601600.0,0.29410911356574937,0.3637529700702338,0.1319964660297182,0.7254212619601393,0.1920367026033475,0.343497605924862,0.5104004280441796,0.35076802115139005,0,1,-0.07681883480190811,0.24255030521268636,-0.045085100669476554
2011-03-21,98.66000366210938,98.66000366210938,95.20999908447266,95.5999984741211,7304600.0,0.28706927507145014,0.35898696026004023,0.11818460820356769,0.7248647594409706,0.1252526843973747,0.3221380319122033,0.5462598394746029,0.30117170499133966,0,1,-0.03559641604225859,0.3225339981161094,0.019500613138207924
2011-03-22,95.16999816894533,96.5999984741211,91.0999984741211,91.66999816894533,10290500.0,0.28053407382418355,0.35374850183302814,0.07976013352427108,0.723144423972729,0.027630737592709842,0.31798367802113336,0.5874739493132406,0.2313019117863731,0,1,-0.042573219244621444,0.3634937296511234,0.047594174941221194
2011-03-23,91.86000061035156,96.41999816894533,91.86000061035156,95.66999816894533,5887000.0,0.27598396839532907,0.3484718888135003,0.18568173508094937,0.7227349550225254,0.12595700463126858,0.3752013922321283,0.625744194163404,0.2712730961406453,0,1,-0.00829063108335407,0.41518488402770776,0.09414200311767328
2011-03-24,96.12000274658205,96.70999908447266,93.4499969482422,94.87999725341795,4328400.0,0.2698000626546579,0.34311111120129495,0.17638317764201422,0.7223585638620197,0.06450401988999821,0.408770162330649,0.6589419661584754,0.2418843965722689,0,1,-0.05247208496435882,0.3532977534156033,0.049963404105598255
2011-03-25,95.0,96.95999908447266,95.0,95.66999816894533,3509200.0,0.26296653962360866,0.3378434760351267,0.19751219801974212,0.7221210496707197,0.05620184767805214,0.43667324253539563,0.6876366354905245,0.26571094322353644,0,1,-0.04110457039182105,0.36804383621214065,0.0882167262739937
2011-03-28,96.5999984741211,96.8499984741211,93.69000244140624,93.76000213623048,2573700.0,0.2562055066142322,0.33221112478010556,0.17274459472249237,0.7218347722942161,0.026500982790733763,0.4410667323787752,0.7172941676538811,0.2482361959545386,1,1,-0.057489287187896185,0.34828055119206597,0.08142574542304103
2011-03-29,93.79000091552734,98.12999725341795,93.41000366210938,97.4000015258789,3785100.0,0.25175019615635225,0.3269625677663704,0.269312409546391,0.7217340990278117,0.11472353065690866,0.46667862146559413,0.7332995920956275,0.2739360311676108,0,1,-0.028690298422751278,0.3853455250664581,0.10686856244422505
2011-03-30,98.51000213623048,101.8499984741211,98.51000213623048,100.6999969482422,6157100.0,0.24826512759481795,0.3223525453757317,0.34670211463017875,0.7220355406816718,0.18357904835838246,0.5108021897142616,0.7182005889721277,0.31574112360649126,0,1,-0.07607806515424512,0.29620121172642605,0.0744353171090423
2011-03-31,101.0,103.0,100.0199966430664,102.56999969482422,5067600.0,0.24498079932276678,0.31828903760786603,0.38754358851806403,0.7224942394825568,0.2742090868084003,0.5311482395762076,0.6958480025448915,0.3501487970961651,0,1,-0.09831183541115011,0.23833168547498093,0.03614696623595058
2011-04-01,100.58000183105467,100.72000122070312,93.41000366210938,93.55999755859376,12305300.0,0.23933219960263935,0.3165395180325042,0.25095046962051204,0.7211149890281577,0.07790947248847102,0.4747265319416982,0.6975615931365192,0.2665990408816881,0,1,-0.09242471858379024,0.22530955132212713,0.04338497573834694
2011-04-04,94.23999786376952,95.54000091552734,93.5999984741211,94.1500015258789,4060200.0,0.23527558107328367,0.3147641881989523,0.2639812284373687,0.7207229051084617,0.10499111248671228,0.465596038772755,0.6991527844001735,0.2941667328666068,0,1,-0.03356134535683306,0.30365545535972327,0.10260793848470254
2011-04-05,94.33000183105467,94.66999816894533,93.2300033569336,93.3499984741211,2844100.0,0.2304633978079243,0.3132817541959017,0.2529887332354096,0.7204006324728681,0.05900535049601119,0.464158329141886,0.7017778658997506,0.2748560405917663,0,1,-0.03430699208269,0.3007965930519921,0.15071688350542772
2011-04-06,93.9499969482422,95.37000274658205,93.04000091552734,94.38999938964844,3332200.0,0.2266214585660276,0.31180717560049703,0.278273458302146,0.72010221525936,0.07032806070464359,0.4756453222714678,0.6985927767641279,0.2974808037148011,0,1,-0.03053024660639065,0.30744515315223114,0.15243710326228324
2011-04-07,94.1999969482422,95.1999969482422,93.0,94.61000061035156,3550300.0,0.22231391467481804,0.31021364344469,0.28383413147694225,0.7198042268781716,0.05939989802714596,0.480700352676954,0.6957822389884479,0.3215864085751668,0,1,-0.03284244617190959,0.3014090980146437,0.13518383535056808
2011-04-08,96.08000183105467,96.4499969482422,94.4800033569336,95.18000030517578,2758000.0,0.21790321198842494,0.3084450465730702,0.2989782696263288,0.7196088820332077,0.017584207966835796,0.49955989587837946,0.6824128126311262,0.34031250445576516,0,1,-0.05263717709339812,0.2629742848843803,0.09174506129562486
2011-04-11,94.91999816894533,95.9800033569336,93.76000213623048,94.5,2102200.0,0.2138688962812541,0.3067527597426572,0.286548919989007,0.7194299122052116,0.027178707810610936,0.49378841059250433,0.6731470018459287,0.32603911839333083,0,1,-0.04013447869905613,0.24879176538401498,0.07837780059417547
2011-04-12,93.58999633789062,94.29000091552734,92.02999877929688,93.7699966430664,2590500.0,0.20915708316063636,0.30511321673051334,0.27284765699835556,0.7191698230726752,0.0,0.4688957384208522,0.6718650220110103,0.3084503035352126,1,1,-0.02634918374359292,0.2424339011863426,0.11322756166811343
2011-04-13,96.7300033569336,97.7300033569336,95.37999725341795,96.6999969482422,4228600.0,0.20638296730938482,0.3036251713550691,0.35759946166738366,0.7190155682281262,0.07114814167494543,0.5536728071284771,0.6419751954048812,0.33716138730631423,0,1,-0.060040578909723114,0.21062174157025915,0.11133619692609525
2011-04-14,95.8000030517578,96.4499969482422,94.3000030517578,96.16999816894533,2401800.0,0.20437835519211284,0.3016792657323844,0.34605738651550155,0.7189014108721906,0.1606823437457729,0.5370653731347861,0.6195389073064005,0.32085379590456614,0,1,-0.04860397855185393,0.20372282905847916,0.17631846908422502
2011-04-15,96.2300033569336,96.2300033569336,94.56999969482422,94.69000244140624,2313500.0,0.2037566201519207,0.2990398376330819,0.3137982637095621,0.7187189178365322,0.2733348818022744,0.5241897185118143,0.5987052112149541,0.3051457383194449,0,0,-0.05334309015791426,0.19028798763430374,0.1804096787403667
2011-04-18,94.02999877929688,94.02999877929688,92.1999969482422,93.52999877929688,2121900.0,0.20317949288321518,0.29566087534464963,0.2891158010400541,0.718500017617936,0.3862199045315782,0.444189265022145,0.5910066523121001,0.290738594429292,0,0,-0.030943079835580877,0.1990706303528229,0.16231917151013828
2011-04-19,93.3000030517578,94.37000274658205,92.33000183105467,92.91999816894533,2503000.0,0.2035279997393687,0.2921472478243478,0.2760529637537844,0.7182108921380846,0.5074122374438097,0.44164645600950725,0.5808039557139326,0.27374388159784246,0,1,-0.023521913892333778,0.20934453605482398,0.19523142034807625
2011-04-20,95.7300033569336,99.8000030517578,94.41000366210938,99.73999786376952,6343600.0,0.2046627379779195,0.289478642129714,0.4684834218083783,0.7183984248618139,0.5458374037797559,0.6454770568551994,0.5303482583099015,0.3168152600707083,0,0,-0.049827862398300046,0.1845673077317821,0.1503443162569659
2011-04-21,110.88999938964844,111.62999725341795,105.29000091552734,106.87000274658205,9923800.0,0.20800561727366745,0.287594458178658,0.6033947060113674,0.7201586613826653,0.46996469400445434,0.8750711629192454,0.5270328314740612,0.3841952565536243,0,0,-0.19841589472016669,0.019951853884011186,-0.03839985876364169
2011-04-25,106.38999938964844,109.1500015258789,105.5199966430664,105.70999908447266,3251500.0,0.21080482459754585,0.28520528153448593,0.5740977588672296,0.7206476512223826,0.43923201870594897,0.759748200873999,0.5239542208407809,0.3621184252426143,0,0,-0.14307102575625558,0.06072796572447999,0.05258727989283023
2011-04-26,105.98999786376952,106.0,102.63999938964844,103.97000122070312,3400000.0,0.2136514283433531,0.28266348480790043,0.5307419098400913,0.7210325929511671,0.4691163806749876,0.6745671664414774,0.5041718972374933,0.3390333179206293,0,0,-0.14085705721887154,0.06517831283058334,0.04777223626425708
2011-04-27,104.02999877929688,106.23999786376952,103.88999938964844,105.37999725341795,2690900.0,0.21587629492185095,0.28007792211640553,0.5572551007206494,0.7214129959623962,0.4368165325987661,0.6677328514155314,0.48672291576667204,0.35730382241849085,0,0,-0.12436279843575766,0.08512069222096744,0.047128993636129615
2011-04-28,105.36000061035156,106.4499969482422,102.2300033569336,102.77999877929688,2800000.0,0.21645621084099836,0.27743063775328186,0.49238922750638614,0.7216568655229866,0.36877830594968675,0.6373620116250116,0.4607410098178758,0.33829255756509147,0,0,-0.1353198188261288,0.05949892585391036,0.0002846724243570997
2011-04-29,102.9800033569336,102.9800033569336,100.66000366210938,101.36000061035156,2632100.0,0.21611885645949597,0.27470143283273313,0.4588174135177625,0.7218081906349813,0.2894509052722878,0.6039879685164171,0.42766883706389747,0.3204212896291513,0,0,-0.1155867388977388,0.08416028409436742,0.01274564676155284
2011-05-02,100.41999816894533,101.8499984741211,99.72000122070312,100.19000244140624,2486000.0,0.2179673381858886,0.2721495366632494,0.4314330270889941,0.7218909571137037,0.4671079398808242,0.5824881119469991,0.3916625914494928,0.3035420023343117,0,0,-0.09194948341261565,0.11059588611849108,0.06136544182368407
2011-05-03,99.80999755859376,101.36000061035156,99.12000274658205,100.5500030517578,2200000.0,0.21975169371481756,0.2698714590280091,0.4402786867416675,0.7219798700808066,0.5074967096717375,0.5743044650266673,0.35478031114946396,0.3184794247191255,0,0,-0.08693481257839582,0.11797583997202554,0.0379279664553371
2011-05-04,100.66000366210938,101.9800033569336,97.26000213623048,99.72000122070312,2518700.0,0.22152768541953766,0.2681443840860463,0.41924843102420717,0.7220387312704603,0.5497603850581286,0.5596269339426869,0.3232277315699684,0.301378113009748,0,0,-0.08751867513348596,0.10909988322587927,-0.005668894151354133
2011-05-05,99.79000091552734,102.7699966430664,99.5,100.48999786376952,2700000.0,0.22322839845214287,0.26685384720363886,0.4402703691590387,0.7221433954924302,0.5225561410582972,0.5753110792646455,0.2891864458299167,0.31971040411838314,0,0,-0.07781791056195249,0.11873241268505398,-0.025972763092459977
2011-05-06,101.9499969482422,102.98999786376952,100.25,100.9000015258789,1507400.0,0.22498208520756097,0.2650403627775712,0.451783659881393,0.7222139822879611,0.48095041458710897,0.5783195734344688,0.2562090115057496,0.32994525434695965,0,0,-0.098716274055389,0.09632799791973887,-0.03751613815513522
2011-05-09,101.26000213623048,103.54000091552734,100.26000213623048,103.37000274658205,1683000.0,0.22726550280975572,0.26315393479126287,0.5182030833064918,0.7223760776662475,0.5203085385788787,0.590856459180294,0.2281707769361315,0.3413723824713422,0,0,-0.09147674150001167,0.10277497483018141,0.01724477539599681
2011-05-10,103.91000366210938,104.87000274658205,102.3499984741211,104.38999938964844,1898600.0,0.23002288888547234,0.26162548993187534,0.5438121687371423,0.7225969933831636,0.5523209532761048,0.6111361690493241,0.2106829517578265,0.3542633779894365,0,0,-0.11492700558339992,0.07468311295526055,0.00870652870824411
2011-05-11,104.11000061035156,106.29000091552734,102.94000244140624,103.80999755859376,1900000.0,0.23282209620935074,0.2605515388387624,0.5240840660805276,0.7227949948719011,0.5128775862703758,0.6144466578110956,0.20313818826914673,0.3413628768389155,0,0,-0.11571991475892823,0.07203751975318139,0.03362393099677078
2011-05-12,103.4800033569336,106.12000274658205,102.16000366210938,105.76000213623048,2300000.0,0.2353480753491904,0.25971661816834307,0.5744908969116698,0.7231229846060058,0.5360842225194228,0.6144693990073214,0.19004563419632922,0.3569792729684936,0,0,-0.11029770587533211,0.07850875723105799,0.025238369895044924
2011-05-13,105.5999984741211,107.88999938964844,104.62000274658205,104.63999938964844,3006400.0,0.23770955814682476,0.2586269562599383,0.5343782346710946,0.7234819999353698,0.45510272095441795,0.6280318890769776,0.18884600509916707,0.33656660630590074,0,0,-0.12830937425043326,0.05701587232883714,0.03725418269499555
2011-05-16,103.98999786376952,106.9800033569336,103.75,105.02999877929688,2385800.0,0.24059240583990965,0.257640537096644,0.5451318488277334,0.7237835093908219,0.4804272387594194,0.6122334010911379,0.18057820051422677,0.3527655619084865,0,0,-0.11429662800299854,0.07301222700890256,0.045776002900103335
2011-05-17,104.5500030517578,106.4499969482422,102.5999984741211,103.83999633789062,2176400.0,0.24346688970878566,0.2570951449195847,0.5008466319806207,0.7240058240934678,0.4507901549645309,0.5847115067648393,0.16365718419119343,0.3379883773274371,0,0,-0.11920407900574803,0.06740925720219791,0.06283917500551352
2011-05-18,103.81999969482422,109.51000213623048,103.81999969482422,108.5199966430664,2962300.0,0.2478162548481571,0.2568606034235708,0.6219672660888098,0.7245797965732182,0.5017537172788186,0.6595918875110595,0.167265408605647,0.3581016165685889,0,0,-0.11354007445419409,0.07521184354803287,0.061922193104214415
2011-05-19,109.2699966430664,109.3499984741211,106.54000091552734,108.18000030517578,2060400.0,0.2501693738215825,0.25686172586928463,0.6091147984718205,0.7249628541520302,0.40179934482926916,0.6771893950298368,0.1706159027047824,0.344112041531466,0,0,-0.15886471062539453,0.021747149680752725,0.03584599280663091
2011-05-20,108.4800033569336,109.22000122070312,106.76000213623048,106.95999908447266,1800000.0,0.25019446529420936,0.2565138421852619,0.5627721476039325,0.725252880281401,0.4610140383058522,0.6662287244250007,0.1737270757968368,0.33189051412570925,0,0,-0.15206142106887832,0.02911807993712542,0.04649656835928326
2011-05-23,105.47000122070312,106.5199966430664,104.12000274658205,104.76000213623048,1500000.0,0.2499296009343796,0.2558135858905369,0.4855321499183338,0.7254289956605694,0.49874383335223416,0.5887085502113213,0.15376230721585118,0.3217059079542453,0,0,-0.12565447416273706,0.05759158643830873,0.09676513241129599
2011-05-24,105.41000366210938,105.5,102.2699966430664,102.37999725341795,1645700.0,0.24948629910725156,0.255074051701407,0.41198203372166664,0.725544942280035,0.4846615655377807,0.5312611379405169,0.13846269828608318,0.3105320370366598,0,0,-0.12772054801424182,0.05937374441077298,0.11674298852757858
2011-05-25,102.41000366210938,104.91000366210938,101.75,104.29000091552734,1552600.0,0.24918240214970194,0.25435808459139003,0.4692720620061406,0.7257117705999884,0.48844905555340984,0.542681627751503,0.12795781857304625,0.32107378339786974,0,0,-0.09972657733712054,0.09005659150865791,0.13684308344097196
2011-05-26,104.0,107.4800033569336,103.62000274658205,107.16999816894533,2200600.0,0.2504063580583434,0.25441643892587756,0.545345225407903,0.7260705046628825,0.5552921321143279,0.6188692742999008,0.11363173078830421,0.33601527962515215,0,0,-0.11314606336340477,0.07316134995145017,0.0841883085839503
2011-05-27,107.75,113.22000122070312,107.25,112.8499984741211,3733000.0,0.253609832484513,0.25548141216563075,0.6609872501757976,0.7270855879667043,0.6289056111675877,0.7471727600449711,0.13285212348283978,0.3613613695172021,0,0,-0.1450966064891072,0.05104041536027728,0.024727083802888388
2011-05-31,114.23999786376952,114.54000091552734,112.11000061035156,113.58000183105467,2726000.0,0.2573430377574592,0.2573510077471088,0.6735630262162715,0.7278596691300746,0.6623676759257702,0.7677726020723432,0.15661676655950738,0.37987019379947595,0,0,-0.19530351097507154,0.0026584231795680866,-0.013469177347086626
2011-06-01,112.0999984741211,114.9000015258789,108.93000030517578,109.4000015258789,3275800.0,0.25981046587360196,0.25889965234846796,0.5439572589054533,0.7285199384923734,0.6048811838006158,0.6848569013129122,0.1548127972028673,0.35762837186848817,0,0,-0.17406230255633762,0.024652253976212252,-0.010036972805689307
2011-06-02,109.52999877929688,113.4499969482422,109.48999786376952,111.55999755859376,2171800.0,0.2631115217940711,0.2611317199835465,0.5868496562203119,0.729044929100677,0.6047445969263396,0.6754892573649272,0.15313768280027293,0.37237432365727846,0,0,-0.1382083629460537,0.04908594763878262,0.040310819018280916
2011-06-03,109.86000061035156,111.66000366210938,109.02999877929688,109.6999969482422,1448600.0,0.2656793200549555,0.2627061748430957,0.5340046465903818,0.7293420108943708,0.6107954731759278,0.6303187470720725,0.14812863472510804,0.3625387099906233,0,0,-0.11294369621604987,0.04517749216407274,0.017569013332428784
2011-06-06,109.5999984741211,110.58000183105467,106.97000122070312,107.05999755859376,1701800.0,0.2673967607359788,0.26407302176671005,0.46483036887436,0.729603847070326,0.5967223713668626,0.5780785870796044,0.1285721447483155,0.3509839348022251,0,0,-0.11248857503353234,0.04831361166088654,0.08249775117156762
2011-06-07,108.98999786376952,112.61000061035156,106.98999786376952,112.01000213623048,3221000.0,0.2698056399555419,0.2659067067909246,0.5660869303295762,0.7304003075287259,0.6142074948029015,0.6274693560167162,0.12298356088090553,0.372853679121082,0,0,-0.10956469264927104,0.05520272554531728,0.022884407187622392
2011-06-08,111.04000091552734,112.0,110.06999969482422,111.04000091552734,2806000.0,0.2716596968557016,0.26784587859550185,0.5407931702004367,0.7310376577157603,0.5944003754967151,0.6305078019174813,0.11779416157545344,0.3538016758429968,0,0,-0.12302471669036436,0.0344612136124852,-0.10865099488297233
2011-06-09,110.87000274658205,111.4000015258789,108.16999816894533,108.93000030517578,2178500.0,0.2730871817042682,0.2691397819588755,0.4871814270036995,0.7314425903250757,0.5903019868903664,0.5864070605014162,0.09877500050777341,0.33901023281330733,0,0,-0.12256844829013686,0.03629321637310365,-0.08708578637077112
2011-06-10,108.7300033569336,109.62000274658205,104.79000091552734,105.38999938964844,2113600.0,0.2729840229090846,0.26966609683967696,0.40650510468413925,0.7316921666327453,0.5310859584159636,0.5073408667174055,0.09816225050812724,0.3246594437439698,0,0,-0.10529699062305167,0.05664186313834194,-0.10309376044681791
2011-06-13,105.52999877929688,107.5,104.02999877929688,104.29000091552734,1839600.0,0.2728864414147851,0.2698591164060337,0.3832494515729953,0.7318702560509961,0.5550724741037998,0.4728476740364281,0.1019235310867008,0.31216904273528645,0,0,-0.07847041171800864,0.08890789259746752,-0.0590188941714146
2011-06-14,106.31999969482422,107.5500030517578,105.23999786376952,106.63999938964844,1501400.0,0.27333531841568,0.2713269620395063,0.4395423481122709,0.7320814565665134,0.5689515035600472,0.5023036285622733,0.10501160776668386,0.3223631545391771,0,0,-0.08687311802722236,0.0822706084546332,-0.10950233069990349
2011-06-15,105.13999938964844,107.22000122070312,103.0,103.61000061035156,2023300.0,0.27327119434533337,0.2723885687982935,0.37408203382994887,0.7322498114645787,0.5576228822921281,0.45022596826744127,0.12078163079307244,0.30862547876136176,0,0,-0.07389344803562393,0.09152290127617793,-0.10193175927228282
2011-06-16,103.87000274658205,104.83999633789062,98.75,100.08999633789062,3128200.0,0.27092086402235,0.27314493539225376,0.30757526927468437,0.7323025490582232,0.49477629829722725,0.38527374966120453,0.1551386156542466,0.28738582207764607,0,0,-0.04941610574675078,0.10645689329524881,-0.10027988928136729
2011-06-17,101.93000030517578,102.31999969482422,96.93000030517578,97.1999969482422,3361000.0,0.2678595788619667,0.273460274999979,0.25936456286121623,0.7321777405598998,0.4372904744883971,0.3653656767311739,0.1940461119151012,0.26456551451611915,0,0,-0.04995504229134608,0.12958339189980697,-0.08432413577990282
2011-06-20,96.6500015258789,98.6500015258789,96.20999908447266,98.18000030517578,1890800.0,0.2654116670446837,0.27386090250227074,0.2858460023357041,0.7321424088767087,0.4828452770660042,0.37410363268511887,0.23285964049915106,0.27740355008212186,0,0,-0.004526774230667372,0.18775720754104447,-0.06646089801744068
2011-06-21,99.16999816894533,103.2699966430664,98.5,103.0,2210300.0,0.26492096879562704,0.2747384675480608,0.4032821620844045,0.7322989646055335,0.5282359563535237,0.4547309361954443,0.2315349316342186,0.29241090676264636,0,0,-0.030148697038826833,0.16021596361824758,-0.05917699674612322
2011-06-22,105.6500015258789,108.4000015258789,104.68000030517578,104.80999755859376,3043900.0,0.26559846620907396,0.2758954616443127,0.4421218540852183,0.7326151671372644,0.5060949999175248,0.5303987198339774,0.2047895163718149,0.3130781885795258,0,0,-0.0916505091398665,0.08980582524271845,-0.18572820274575244
2011-06-23,101.41000366210938,107.66000366210938,101.02999877929688,107.62000274658205,3070400.0,0.26652688898437477,0.2774497176180654,0.4986904597903683,0.7330909298068723,0.5417580576661438,0.5184122579645173,0.19263019739781798,0.33392539843876773,0,0,-0.04961363132109291,0.12870907526000067,-0.1762236585338867
2011-06-24,107.0999984741211,107.58999633789062,105.01000213623048,106.0999984741211,1920900.0,0.266228567200592,0.2785045914149205,0.4645289474532074,0.7333332313138413,0.5051574381661844,0.5333419814849332,0.1813394012076779,0.320882991775591,0,0,-0.10118936175175203,0.07247726122182743,-0.2958557473081076
2011-06-27,106.66000366210938,110.25,105.7300033569336,109.54000091552734,2020000.0,0.26530572172617534,0.28000498112469047,0.5314704985837669,0.7337144013742999,0.4729944701709293,0.5803985138306071,0.15595573726250347,0.3345982614198291,0,0,-0.09849203325092964,0.07766256345215079,-0.28407170077758703
2011-06-28,110.5,111.97000122070312,107.9000015258789,108.77999877929688,2771700.0,0.26396745454769927,0.2815861689461718,0.5132715283158394,0.734196108277077,0.43638854713675024,0.6087003268511811,0.14052672182278067,0.315779146136198,0,0,-0.13045463571382654,0.040167988763045594,-0.3429797277781349
2011-06-29,109.12000274658205,111.9000015258789,107.5,111.1500015258789,2668600.0,0.26445536414631404,0.28356349619944016,0.5583163746103196,0.7347724417467681,0.5134968549520049,0.6240259244801111,0.1238849977851316,0.3338982394889772,0,0,-0.11867993939127011,0.053134756794986436,-0.3033645924831598
2011-06-30,110.9499969482422,111.8000030517578,110.0,110.25,1977400.0,0.26409012964174267,0.28550827937641116,0.5350045880874829,0.7351649252951408,0.48744335299338837,0.636642000519222,0.10843196832160032,0.32047221266000864,0,0,-0.1326135642052839,0.035537602549803204,-0.26135847974414667
2011-07-01,110.83000183105467,113.33000183105467,110.12999725341795,113.16000366210938,1431300.0,0.26505479849143837,0.28701428045857463,0.589765289399672,0.7355236187252233,0.5213959317171364,0.6635166715424412,0.10285251696352607,0.33019036386881956,0,0,-0.13260773466287543,0.03691609700520846,-0.24653061501293214
2011-07-05,113.01000213623048,113.83000183105467,111.37000274658205,113.51000213623048,1355700.0,0.26685309514546035,0.2877594251639229,0.5961457251317851,0.7358709321267934,0.5661018108675665,0.663804587986336,0.10051300761068363,0.33939521092658864,0,0,-0.14846237635270737,0.016702008912016966,-0.2804878443441756
2011-07-06,113.29000091552734,116.75,113.29000091552734,115.81999969482422,2713700.0,0.2679153433623385,0.28889397548295087,0.6375811181867381,0.7366764223568901,0.5442884019896489,0.6940462078378742,0.11382877260700233,0.3578205214382565,0,0,-0.15047133741179833,0.030481887228934187,-0.30455465636706264
2011-07-07,117.0,119.69000244140624,116.9000015258789,117.63999938964844,2759600.0,0.26975545913740523,0.2904280308585567,0.6681169960997909,0.7375811986715021,0.5219303541519806,0.7196389495785618,0.13940779842212944,0.3765574808987711,0,0,-0.17950268494480415,0.023225716184546382,-0.39457776781780146
2011-07-08,114.76000213623048,117.0,114.1999969482422,116.41999816894533,1698400.0,0.2718437116238838,0.291666946368409,0.629263649684454,0.7380980415012693,0.5585847540541186,0.6678990775356975,0.14349311002830747,0.3650257908176948,0,0,-0.15768448782727643,0.041907517262445355,-0.38626319854779506
2011-07-11,115.54000091552734,117.16999816894533,112.23999786376952,112.77999877929688,1934100.0,0.27390408398729355,0.29278915235311115,0.5237810157985456,0.7385578378477388,0.5599171114029441,0.6299455117007392,0.13442498885877843,0.35189375962020925,0,0,-0.1660367817821432,0.03564680975047371,-0.39761210825955035
2011-07-12,112.26000213623048,112.48999786376952,108.0500030517578,110.4000015258789,3030900.0,0.2756075856703409,0.29380362666602294,0.46332378988562906,0.7391453619742393,0.589631931439763,0.5735381541717842,0.12160980033017807,0.33131474439014913,0,0,-0.1423124953491677,0.06588047868058396,-0.3397765570986925
2011-07-13,111.77999877929688,115.08000183105467,111.77999877929688,112.72000122070312,1670500.0,0.27730272352917923,0.29520975062786686,0.5141232844185802,0.739536782286549,0.5719318618167646,0.6086027072461998,0.10448532081193626,0.3426570007964362,0,0,-0.14103260398211542,0.07164858290563678,-0.3471014417136726
2011-07-14,113.6500015258789,115.5,109.91999816894533,110.95999908447266,1816400.0,0.27935194341793795,0.2963779666127307,0.4694580303945596,0.7399037713107733,0.577034678682985,0.589324325496572,0.08964056072093116,0.3303241216965381,0,0,-0.15471967931635427,0.05358410974198935,-0.3719836750451929
2011-07-15,112.41000366210938,113.98999786376952,110.66000366210938,113.94000244140624,1807000.0,0.28321340108581156,0.29797374365996526,0.5334328851696285,0.740363279034875,0.6368313694672603,0.5955721725035885,0.0758561406364264,0.34259317726442834,0,0,-0.1459986004983997,0.06560921809087863,-0.33273257122355454
2011-07-18,113.44000244140624,115.1999969482422,111.29000091552734,111.81999969482422,1887000.0,0.28728953804114427,0.299245203246115,0.47947569537099854,0.7407701611875636,0.6649666994821853,0.5893286098428716,0.05930714059521075,0.32978094270072666,0,0,-0.15121996654155004,0.05485343045533169,-0.30472178757901913
2011-07-19,113.33000183105467,118.69000244140624,113.0,118.6500015258789,2678800.0,0.29299668665785145,0.30123711886896126,0.6059172778081449,0.7416690006521983,0.6901997547072778,0.657853232421693,0.062445512668430014,0.3479692913754718,0,0,-0.1531032265543321,0.056877129562771286,-0.30406009741362694
2011-07-20,116.0,116.0,110.4499969482422,111.44000244140624,6382000.0,0.29534980563127694,0.302142739064369,0.4513701389243765,0.7429802594967715,0.5867044478767038,0.5651018406025543,0.05015523269729022,0.30463718698461645,0,0,-0.16679309448816923,0.031099893754332607,-0.2901812040656924
2011-07-21,102.80999755859376,104.0,98.0999984741211,98.87000274658205,7326900.0,0.2936937024972754,0.30152328173753057,0.2725599008314158,0.7428562427956985,0.542624139617159,0.3024969346740829,0.07833751783169576,0.2548894596794836,0,0,-0.059224679913223305,0.15147168443116077,-0.2124910246446418
2011-07-22,99.76000213623048,102.4499969482422,99.56999969482422,101.1999969482422,4088400.0,0.2919037696674624,0.30123038590702916,0.31402866309428357,0.7429534312450164,0.5000688719671147,0.3407877391945058,0.10450678259935806,0.2826486222604258,0,1,-0.03590576467219276,0.20157782695990403,-0.23718017524225674
2011-07-25,99.8000030517578,100.9800033569336,97.25,97.5,3729300.0,0.2895060429225503,0.30030344352393606,0.27060868106319813,0.7428024841242159,0.45004541795239345,0.32834821188219476,0.1357310147058973,0.2573276543969321,0,0,-0.03547434857257176,0.1965415018719911,-0.23488147222591194
2011-07-26,98.69000244140624,100.1999969482422,98.16000366210938,99.30999755859376,2542900.0,0.2866538618758591,0.29970530752860775,0.30391319307899056,0.7427797003548059,0.43193559946996085,0.37395284582366384,0.16472494451911232,0.27459327775254255,0,1,-0.02543593186598543,0.2153846153846154,-0.19251286433293255
2011-07-27,98.0,98.0,94.62000274658205,94.9000015258789,3304800.0,0.28278404251089356,0.2985685131743275,0.2523558796254963,0.7424995091849748,0.4117300024180214,0.37195044613312245,0.2019455949339378,0.2521545534355732,0,1,-0.03403481357880134,0.21840703831060862,-0.19695899747709872
2011-07-28,95.33999633789062,96.5,93.83999633789062,94.2699966430664,2118200.0,0.2780778045640428,0.29749456208121455,0.24524515624945842,0.742298025340724,0.35725906511527744,0.3975519416690816,0.2386501490762379,0.23777253157397654,0,1,-0.01580611144237922,0.25658594006318797,-0.2185458116996321
2011-07-29,93.3499984741211,95.58000183105467,92.3000030517578,93.4800033569336,2569900.0,0.27340223751781983,0.2958067650336566,0.23594866231656775,0.7420200041338129,0.3693281685692066,0.4139968364177623,0.27696802275629995,0.22032358530727975,0,1,-0.01113817184420705,0.27941025676510894,-0.167921951784847
2011-08-01,95.5199966430664,96.38999938964844,91.91999816894533,93.48999786376952,2104800.0,0.26791813201278053,0.294158244168153,0.2361749372030254,0.7417937614127462,0.33681358410881745,0.4340307614508278,0.30672826905444095,0.23461462468707794,0,1,-0.03851089371889781,0.25855803305923925,-0.16281550112053667
2011-08-02,92.01000213623048,94.98999786376952,90.05000305175781,90.19000244140624,3075800.0,0.26141638818946683,0.2922763051085245,0.19555289804752407,0.7412920536995228,0.2701891874941599,0.43291765422680684,0.33990984882190156,0.21373075024561874,0,1,-0.020964799756747404,0.2960744564943741,-0.09402076282358945
2011-08-03,90.5199966430664,93.6999969482422,89.11000061035156,93.36000061035156,3099700.0,0.25515441725335614,0.29099699011472896,0.2692087634467911,0.7409564708679525,0.29383260011987866,0.44714462339694117,0.3734485062769577,0.23477689941207663,0,1,-0.01563361785726612,0.3234283735305442,-0.06641531989824542
2011-08-04,91.72000122070312,93.2699966430664,86.44999694824219,86.5199966430664,4344100.0,0.2464779897967982,0.28921717135449715,0.1878654810013728,0.7399875744739114,0.24333791756122236,0.4334477305269997,0.4119149695498575,0.20528160096577225,0,1,-0.05644820306349281,0.2995929845527642,-0.08568980235324652
2011-08-05,88.33999633789062,88.5,81.66999816894531,82.94000244140625,4865300.0,0.23714358335277025,0.286821261748393,0.15210927912305927,0.738619712648401,0.17421781817579768,0.4128169095376911,0.45863371666554,0.17224749136175652,0,1,-0.07709198367704556,0.3623440513162336,-0.06299118307558259
2011-08-08,77.97000122070312,81.27999877929688,74.94999694824219,75.26000213623047,5344800.0,0.22668280249440037,0.2832403028964195,0.08783994699643388,0.7364460496982089,0.11772198885648766,0.3764210102168543,0.5136186086793929,0.13595770265159615,0,1,-0.03641191443892768,0.5030142270634318,0.0024113448559816143
2011-08-09,77.08000183105469,78.37999725341797,70.98999786376953,76.5199966430664,5480800.0,0.21723687130386288,0.27916332834851426,0.11597027550867084,0.7343562815384709,0.16113826248993246,0.3841627060570703,0.5700695585992893,0.17317089565463592,0,1,-0.08091952955650268,0.5661706005963415,-0.00531492844173524
2011-08-10,74.69999694824219,76.4800033569336,72.56999969482422,72.93000030517578,3543200.0,0.20614320080353293,0.2746015608494648,0.08735046696226595,0.7328067310066914,0.12407730016833651,0.39316818348370414,0.6224882978106215,0.14911349793014853,0,1,-0.04848404661827471,0.5879509601003186,-0.006534239701189346
2011-08-11,73.87000274658203,77.55000305175781,73.87000274658203,76.12000274658203,3883900.0,0.19642961872984083,0.2708668594693639,0.15858927669388712,0.7313253583671125,0.1582857111102987,0.4183267406268152,0.6630163173251177,0.17548415920304777,0,1,-0.03948998862966011,0.6282736802837007,0.006992931642696615
2011-08-12,79.55000305175781,83.08000183105469,78.20999908447266,81.9000015258789,4777700.0,0.187496690737662,0.26753839696394827,0.27314649760738374,0.7299725450488609,0.17039559550747618,0.4622616576242649,0.6632914255848672,0.20792348780665,0,1,-0.11245408406626267,0.5273252488348183,-0.02850769469313087
2011-08-15,84.0,85.16000366210938,82.68000030517578,83.6500015258789,4094100.0,0.1796427407378965,0.2646150508875041,0.3049490821745,0.7289407437498078,0.17865402862465435,0.4886117746085622,0.6514071368994045,0.2357213518910437,0,1,-0.1588522819760821,0.435775357466005,-0.07460318066564277
2011-08-16,82.61000061035156,83.2300033569336,79.58000183105469,81.2699966430664,2264600.0,0.16922099035012933,0.26172088155021617,0.2761168009918229,0.728285608411814,0.1307279877608436,0.4795101449008583,0.6491056300764962,0.2203453124671122,0,1,-0.138912164191499,0.4432755667025683,-0.08081293500202888
2011-08-17,81.61000061035156,81.7300033569336,77.5,78.72000122070312,2303400.0,0.16009847454311849,0.25798505772440145,0.2462867023615184,0.7275265721995189,0.18414478781772192,0.47192918802864253,0.6524201390613392,0.20470583123021213,0,1,-0.13067556521780763,0.46856162672554375,-0.08441000238354049
2011-08-18,74.0,74.05999755859375,70.05999755859375,71.30000305175781,3855800.0,0.1524118074088831,0.25352541138092394,0.17103834905028253,0.7257993817414322,0.2515334637683365,0.4248351153408776,0.6717275368347823,0.17852596157959166,0,1,-0.0500508432457956,0.5677083555437357,-0.037474554147572184
2011-08-19,70.25,72.80999755859375,69.19999694824219,69.31999969482422,2889100.0,0.14352348931530823,0.24908035340702456,0.15336163924522705,0.7244212166445835,0.1963076030116826,0.42533137620563144,0.6912754397225052,0.15890973111960732,0,1,-0.014726549885216675,0.6793828943631722,0.002524548351633536
2011-08-22,71.66000366210938,71.9800033569336,69.04000091552734,69.25,2679300.0,0.13564723436624065,0.2450247010468048,0.15271706296034282,0.7231470696573005,0.2122254270338289,0.43223195734582476,0.7097430411827512,0.1407179875761384,0,1,-0.03779576973624329,0.6784477637960572,0.08612223914586001
2011-08-23,69.41999816894531,73.94999694824219,69.01000213623047,73.94000244140625,3046000.0,0.12857394057510563,0.24161880605446856,0.25234373483631145,0.7219365171640616,0.2584608672633338,0.4578756049959293,0.7140948325394705,0.16139952784165787,0,1,-0.005920520328012184,0.7114802061005188,0.18989171878525496
2011-08-24,73.66000366210938,74.73999786376953,70.63999938964844,73.45999908447266,2732900.0,0.12259635029768451,0.23789532656297968,0.2466986719921821,0.7208354535073679,0.3230257572452198,0.4691951844506933,0.7130336249694383,0.1428438543709953,0,1,-0.06288884734029863,0.6090072666007941,0.1635108999011914
2011-08-25,75.97000122070312,76.2699966430664,71.4000015258789,71.72000122070312,3063500.0,0.1163092878889469,0.23431661174625834,0.22579717522960352,0.7195228404457045,0.3020795089651472,0.47702058887274595,0.7021320499862308,0.12204349370014209,0,1,-0.09474542841294155,0.5815409985450558,0.12306018279597476
2011-08-26,71.4000015258789,75.73999786376953,71.19999694824219,75.48999786376953,3000500.0,0.11129357568366244,0.23155598519512594,0.305990999914045,0.7184252454011503,0.3599402063871312,0.49190242228908704,0.692651240456256,0.14241610091179382,0,1,-0.033324028847876344,0.6593697728755241,0.2218348544606852
2011-08-29,78.29000091552734,78.80999755859375,76.33000183105469,78.72000122070312,2395500.0,0.107175619607285,0.22948214901485448,0.36848118648900474,0.7176766924701222,0.40853581458262855,0.5393514973367507,0.664020202160054,0.15868091696762177,0,1,-0.12293017673737004,0.5351702565786979,0.11617428654446227
2011-08-30,77.91000366210938,79.8499984741211,77.0199966430664,79.33000183105469,2187200.0,0.10414779187085466,0.2273667909049258,0.3800666534413303,0.7170174400109562,0.4816517602725433,0.5584499447420045,0.6311188939562911,0.17353143071310573,0,1,-0.11305896071986128,0.48386681589472674,0.1256351528999646
2011-08-31,80.0,82.30999755859375,80.0,81.56999969482422,3420000.0,0.10086067494836154,0.22496190344546202,0.4226791924942169,0.7161134432254154,0.4575637688733348,0.6096300026842718,0.5862625343652498,0.19675233278404355,0,1,-0.13853520244679188,0.30253371292126846,0.0939114682501595
2011-09-01,81.5,82.44000244140625,78.63999938964844,79.12999725341797,2428200.0,0.09880030258495176,0.22208007844249972,0.38056626524842685,0.71538161498637,0.49941993415216085,0.603203573805158,0.5509161431331824,0.1802654923136777,0,1,-0.15311999399899529,0.2568345841194299,0.10506313260864218
2011-09-02,77.0999984741211,78.48999786376953,75.55000305175781,76.30999755859375,1782200.0,0.09695182085855913,0.218566450922198,0.33486616867712926,0.714767395103492,0.5368772007897072,0.5524674823305444,0.5313586787316319,0.168164822234489,0,1,-0.10223678274601714,0.30178195010339165,0.12561611002680653
2011-09-06,73.56999969482422,76.38999938964844,72.30999755859375,76.02999877929688,1986500.0,0.09716650014601813,0.21519197756044545,0.33036091429448744,0.7140764734362804,0.6470611463399641,0.5179286992055062,0.5253202968984428,0.1546770087947469,0,1,-0.05975622728977823,0.3489712764434365,0.1956493353798361
2011-09-07,77.62000274658203,80.0999984741211,77.41999816894531,79.91999816894531,1747400.0,0.09811443922017887,0.2118680031255345,0.41279806926676277,0.7135776796848635,0.6264280551058031,0.5956992317342781,0.4978483410623541,0.16654139601075765,0,1,-0.11324478164658452,0.2680520528821511,0.11626984716324597
2011-09-08,79.7699966430664,80.5999984741211,77.66000366210938,78.44000244140625,2175300.0,0.0996506580376959,0.20846323057891208,0.3858615540201925,0.7129085773727494,0.6583317087496787,0.5866357190631485,0.4695617668961487,0.15177168014090062,0,1,-0.13463456898597592,0.20933438113408775,0.08696202123209379
2011-09-09,77.70999908447266,77.8499984741211,73.30000305175781,74.5999984741211,3188600.0,0.0992268725094278,0.2043615673623555,0.3208413643576318,0.711741370251514,0.6202459429280524,0.5174145321216663,0.4604365313141997,0.1301219233153473,0,1,-0.1109127572343076,0.23814380065999513,0.14291176358448474
2011-09-12,73.02999877929688,77.5999984741211,72.80999755859375,77.5199966430664,2905300.0,0.09800570312411128,0.200688586797708,0.3832651280872079,0.7108162492297269,0.6261469490351393,0.5355972203259316,0.45374123839954383,0.14984814752198344,0,1,-0.05388735556691669,0.3131367438091195,0.2733243941918013
2011-09-13,78.0999984741211,80.4800033569336,77.61000061035156,80.30000305175781,3703100.0,0.09707170517504354,0.1970010178634825,0.4381434737785854,0.7098043608462051,0.6966208279483824,0.6145645447589381,0.4304887365290134,0.1749912242643489,0,1,-0.11726001975651089,0.21787925852753645,0.13751295309250808
2011-09-14,80.69999694824219,84.5,80.2300033569336,83.22000122070312,3762000.0,0.09761537714691304,0.19360185583307848,0.4913922122323332,0.7089536358396399,0.7251868952864792,0.6788417205441756,0.38831942209751347,0.20053421654238052,0,0,-0.14557900831556467,0.16189289546627778,0.2560399054373165
2011-09-15,84.05000305175781,85.0999984741211,83.0999984741211,84.52999877929688,2226300.0,0.09923523633363673,0.1900904732042043,0.5143402807065988,0.7084980667028983,0.7581544670218134,0.6954418343621626,0.34924219246177624,0.2156502090220673,0,0,-0.18072579542074982,0.11079059668428462,0.2603941102028528
2011-09-16,84.5999984741211,86.16000366210938,82.3499984741211,83.72000122070312,2080700.0,0.10269799994586909,0.18628395070957648,0.49655245744087617,0.7080480212380108,0.7731850040655492,0.6757522147287949,0.3181193668478539,0.20152280231475728,0,0,-0.18443152209897978,0.046137484706010624,0.27244764121465215
2011-09-19,82.23999786376953,83.61000061035156,80.5,82.88999938964844,1767600.0,0.10648139029118614,0.18252119417985807,0.47784512992981265,0.7076444883809488,0.8354022193894672,0.6350207593308694,0.2855579632013002,0.18952126240230416,0,0,-0.15802670251595047,0.04682281105092083,0.25931675546970734
2011-09-20,83.19999694824219,83.91999816894531,78.08999633789062,78.16999816894531,2712900.0,0.10896833470618889,0.17863723919830965,0.3807511477109409,0.7068311285779029,0.8295681553358034,0.5846164862087095,0.26699836532261045,0.17110138368059444,0,0,-0.1711906733803621,0.03571005833831436,0.20943419879575423
2011-09-21,78.30999755859375,80.48999786376953,76.6500015258789,76.68000030517578,2408500.0,0.10973226113928441,0.17485316048090582,0.3532943611122361,0.7060574907923075,0.7373468728529795,0.5308918662898416,0.256359450610001,0.15474830103794715,0,0,-0.1189714166586472,0.10042223726997868,0.3367020635965728
2011-09-22,74.12999725341797,75.31999969482422,70.83000183105469,74.19999694824219,3600100.0,0.10993857660253448,0.1705304225483748,0.3095264166727748,0.704771210691486,0.7506147009638947,0.4201288298398168,0.26910126768608533,0.13030456725268888,0,0,-0.06677093240493777,0.15688584195114302,0.42788217341430607
2011-09-23,73.12999725341797,74.87000274658203,72.76000213623047,74.37999725341797,2136800.0,0.11068019808632806,0.16642539285085212,0.31413314327178177,0.7040176616549773,0.8155461227117957,0.4306044731433724,0.28093295497102067,0.14481287823081168,0,0,-0.055525542946603904,0.17560656259568874,0.4917790699993894
2011-09-26,74.5999984741211,77.5,72.5,77.37999725341797,2644900.0,0.11120714028266271,0.16232260718858166,0.38894533401468356,0.7032096573384622,0.8129506271537374,0.47068454540659505,0.2756522921651342,0.1627710548060817,0,0,-0.07515456499474056,0.15541819864018705,0.4565743524938368
2011-09-27,78.79000091552734,80.5999984741211,77.12000274658203,77.88999938964844,2637900.0,0.11097573121966875,0.15851496224824008,0.40120413650168363,0.702428107449916,0.7499482403924784,0.5407133553111599,0.2536124894679932,0.1806817032192182,0,0,-0.12638923657838305,0.09524428803538745,0.3982941430443494
2011-09-28,78.0199966430664,78.68000030517578,75.62999725341797,75.8499984741211,1491400.0,0.11000548719620606,0.15371192029124453,0.3577867497068846,0.7019418417609707,0.7045644506726724,0.49760580852758873,0.23981403450348007,0.17055548878980398,0,0,-0.11567588364923474,0.10450644604992479,0.3562716679605979
2011-09-29,77.33999633789062,77.75,72.4000015258789,74.75,1930700.0,0.10810403387411771,0.14959454625939606,0.3350853618682651,0.7012822144033534,0.6795933767786748,0.46265202177099135,0.2403698937647019,0.15744654269964034,0,0,-0.10982194290356154,0.11628223469546947,0.3909031262010511
2011-09-30,73.26000213623047,74.12000274658203,71.05000305175781,71.05000305175781,1906100.0,0.10585128717255088,0.1464725692442016,0.26513127440084283,0.7005268529491201,0.6778167638510567,0.4101191492837839,0.2460782585260288,0.1445046241506887,0,0,-0.056856187290969896,0.17257527124921615,0.5074247532464986
2011-10-03,70.61000061035156,72.3499984741211,69.5999984741211,70.43000030517578,2675900.0,0.10421191168696725,0.14301954180599002,0.2542151662343809,0.6994458912208891,0.6744069265254016,0.4022087225625318,0.25685926350942123,0.12633596571454178,0,1,-0.022519330125229445,0.21885999132793982,0.5631245660480041
2011-10-04,70.36000061035156,77.80000305175781,70.20999908447266,77.62999725341797,4176700.0,0.1046580000374202,0.1407897182061636,0.4369797738891529,0.6982201488468288,0.714568881238006,0.49452219230131383,0.235959878481496,0.15469466211211078,0,1,-0.019167946447131913,0.2243362627189524,0.5998864094409938
2011-10-05,75.93000030517578,83.16999816894531,75.11000061035156,82.56999969482422,3675500.0,0.10539683499788893,0.13891114562750123,0.5301308799389427,0.6974205509259664,0.7421370320125577,0.5993741881062516,0.21960618891502573,0.1796503421009213,0,0,-0.08154066797646298,0.13177899934143275,0.44480226717741583
2011-10-06,82.44999694824219,85.80999755859375,81.73999786376953,85.75,2892900.0,0.10743490241199677,0.1378843269802636,0.5815008377654275,0.6969320808597196,0.8074681154022441,0.6689803815778308,0.21433268803410507,0.19929237356320667,0,0,-0.155625511948822,0.044931654687891974,0.29853459630597595
2011-10-07,85.76000213623047,86.77999877929688,83.4000015258789,85.01000213623047,2537800.0,0.11033726853105869,0.13684516485487552,0.564150580014888,0.6964777377011554,0.8287365623528635,0.6640445028359366,0.21297877049271344,0.18206137786857918,0,0,-0.18845485320244168,0.011895004583864796,0.23825073242187483
2011-10-10,86.69999694824219,88.44000244140625,85.0,87.30999755859375,1678100.0,0.11306677448370639,0.13615276311162117,0.6014492254343597,0.6962357653224841,0.7906397451424159,0.6770977859970195,0.21776673623814788,0.19345523627946828,0,-1,-0.2011527825480813,0.02046824431759999,0.18856612170180817
2011-10-11,86.91999816894531,87.63999938964844,85.55999755859375,87.05999755859375,1126200.0,0.11495149803025984,0.1354311846292106,0.5949871002928357,0.6960696065095616,0.7438772365745849,0.6579724059857062,0.22221270443033705,0.18580863396593314,0,0,-0.19837361332189668,0.017409280895247563,0.1857748445109952
2011-10-12,88.54000091552734,88.9000015258789,86.44999694824219,87.80000305175781,2312100.0,0.1162284276617141,0.13516297746736078,0.607761277636362,0.6957548642781045,0.7221956898668777,0.6619877577553908,0.23120106752499495,0.2015071859186277,0,-1,-0.21755114831767727,0.004135086382345374,0.12623475961359823
2011-10-13,87.0,88.0999984741211,85.9000015258789,87.44999694824219,1547000.0,0.11704253916718044,0.1344997533194377,0.5975591627774314,0.6955369973736748,0.7166593952196432,0.6484485434996272,0.23598524789001354,0.19100346208712454,0,0,-0.19817768702834399,0.021640107743035746,0.12095674689580123
2011-10-14,88.44999694824219,90.22000122070312,87.86000061035156,90.06999969482422,1777200.0,0.1188129535710164,0.13489813678647705,0.6447004134009077,0.6953561855676283,0.7531009722547118,0.6690289181194315,0.24896846329642044,0.20307018347907502,0,-1,-0.21555173392719018,0.020240186783637343,0.18536314785077898
2011-10-17,89.79000091552734,89.80000305175781,86.55999755859375,87.04000091552734,1450600.0,0.11996999675886927,0.13535824106896993,0.5566117931312163,0.6951442339573003,0.7194864101426611,0.6389441114175832,0.2521495926610914,0.19322099033752463,0,-1,-0.2241590153193533,0.0047740680207917306,0.15121575211201752
2011-10-18,87.4800033569336,89.38999938964844,85.36000061035156,88.5,1592300.0,0.12285005792862924,0.13684404155298657,0.584765169842011,0.694946431961157,0.7796775484431923,0.6272741605137347,0.2470468195301719,0.20403228927540598,0,-1,-0.20542284805540287,0.03147975453755693,0.2935431428494544
2011-10-19,88.19000244140625,88.87999725341797,86.05999755859375,86.45999908447266,1148000.0,0.125576775230835,0.13795951457575667,0.5277229537765177,0.6947697320053267,0.80610136922068,0.6124881404082289,0.24230853019431806,0.19623767068551223,0,-1,-0.2100565420032221,0.022937839314088982,0.2585310424115025
2011-10-20,87.5999984741211,87.5999984741211,84.79000091552734,86.72000122070312,1874700.0,0.12906742109325325,0.13950703673140202,0.5333610430542436,0.694489110949022,0.7872709323067721,0.5982777339074187,0.22892452373324643,0.2089663914786079,0,-1,-0.20818876001159498,0.030303062390993677,0.2870691644418679
2011-10-21,87.41999816894531,89.0,86.30000305175781,88.91999816894531,1583300.0,0.13312125309928402,0.14094345987811574,0.5803477221233482,0.6943039034336697,0.7931601262096083,0.6124051884672408,0.22416239987238376,0.2197165827794605,0,-1,-0.2054889234776666,0.032287857614667015,0.32564581521733393
2011-10-24,89.12999725341797,93.98999786376952,89.12999725341797,93.41999816894533,1921200.0,0.13759329333269887,0.14223624079577551,0.6620288939784345,0.694206397191515,0.7752877623796249,0.65390672864326,0.2425579228658226,0.23276102636387153,0,-1,-0.2196356183250304,0.05465587843487911,0.28328838236755255
2011-10-25,92.7699966430664,92.91999816894533,88.4000015258789,88.76000213623047,3370400.0,0.14062390971957123,0.14280968812245237,0.5333038305352301,0.6938069632130207,0.752030615445447,0.6222586949205964,0.25418760878974633,0.20987689527033676,0,-1,-0.2480196812575777,0.013059315399437285,0.23271254462934562
2011-10-26,97.25,103.0,96.55999755859376,101.26000213623048,8089100.0,0.1477083581124743,0.14505297850231824,0.7083468781969092,0.6943228914243845,0.8372503586122158,0.7386489606182851,0.2969554138410153,0.2647997604580628,0,-1,-0.31151420527729573,0.06478143151883654,0.1559260478233061
2011-10-27,103.02999877929688,107.0,100.79000091552734,105.72000122070312,3394800.0,0.15634296432087041,0.1480829346610142,0.751555748704637,0.6947559432678162,0.8753007143058622,0.7786621303041303,0.34531813643207765,0.28784956114532007,0,-1,-0.33014022911238555,0.0392060155732771,0.11564288798570788
2011-10-28,104.41000366210938,107.9499969482422,103.76000213623048,107.62999725341795,2121500.0,0.1665416673427354,0.15215990835274418,0.7687196449699639,0.6950836864589834,0.938496862849959,0.7713842905264533,0.3921418949535773,0.3022539891404939,-1,-1,-0.32926603089341855,0.033484612611218836,0.07519860817675947
2011-10-31,105.68000030517578,107.6500015258789,103.9499969482422,103.9499969482422,2794500.0,0.17588722626141423,0.15604610736954477,0.682836675059544,0.6953656370301294,0.9089106276462494,0.7166324079006728,0.4356210992949697,0.28328006784305654,0,-1,-0.33522254716873473,0.021090743296421792,0.03958006359695574
2011-11-01,100.27999877929688,101.9800033569336,97.70999908447266,100.55999755859376,2513600.0,0.18228023611577743,0.15955973403367135,0.6106896088685377,0.6954957840680024,0.8551974869740586,0.6407890671208502,0.4351967886242185,0.26621338379466203,0,-1,-0.2951419067424473,0.07378545833689923,0.042039469695779805
2011-11-02,101.01000213623048,105.41999816894533,101.0,104.62999725341795,2094800.0,0.18843068443249572,0.1630037836185232,0.6585469142422291,0.6957259484231776,0.8247849038358118,0.658749008732055,0.4449161139328014,0.2804365257999838,0,-1,-0.31235087932264094,0.06901347434866394,0.042561643627755795
2011-11-03,106.04000091552734,107.69000244140624,102.58999633789062,106.94000244140624,2221300.0,0.19433857333868604,0.16676092963202332,0.6837867595910422,0.6960424635032046,0.8036322493995547,0.6585000135838708,0.4600578736550698,0.2955185695924324,0,-1,-0.34827490583935633,0.01825476519978083,-0.011564552386845669
2011-11-04,105.6500015258789,110.33000183105467,105.6500015258789,109.62000274658205,2499600.0,0.20119997649280424,0.1710140904852797,0.7118563873455206,0.6964927517596061,0.8353929226240111,0.6639697251095495,0.48078813489217276,0.3124901973165599,0,-1,-0.33710493948707415,0.04376285953182017,-0.029642772550731836
2011-11-07,109.5199966430664,109.76000213623048,106.73999786376952,108.55999755859376,1698200.0,0.20712459304741254,0.17472522564244286,0.6871601728310954,0.6967719189511034,0.8315196514263515,0.6477707917698884,0.5000376631837684,0.30095986518297324,0,-1,-0.36416709695977467,0.007389209703459189,-0.001185889893822522
2011-11-08,109.44000244140624,110.48999786376952,107.58999633789062,109.61000061035156,1221100.0,0.21341165758326713,0.178191719860694,0.6991754392667264,0.6969903962157696,0.8312107280648455,0.6429522226426465,0.5198526713530015,0.30925081358028966,0,-1,-0.36698604332394213,0.009672028794921081,-0.06733608467559891
2011-11-09,106.33000183105467,108.58999633789062,104.0500030517578,105.7699966430664,1753600.0,0.2184217903605506,0.18115883190204746,0.6088280349588999,0.6972076594632822,0.8199347321221202,0.6118184989205775,0.5149938025462922,0.29734432999210353,0,-1,-0.3350971914278486,0.037952705132290404,-0.016878008063311384
2011-11-10,107.7300033569336,108.8499984741211,106.27999877929688,106.98999786376952,1660800.0,0.223869649791195,0.18401147930967843,0.6254804084722345,0.6974415703296498,0.7964547829692987,0.6157209535923782,0.5113693230253548,0.3086207259451484,0,-1,-0.36049925397546145,0.026094304570603865,-0.012669036681613606
2011-11-11,108.33000183105467,111.68000030517578,108.04000091552734,111.19000244140624,1641000.0,0.22975802239852544,0.1876092722788329,0.6791056901075847,0.6977696932111713,0.7904468677617417,0.6334239380514156,0.5174081062281642,0.31976268509672995,0,-1,-0.36199648687018887,0.03131132387147689,-0.01673054445525403
2011-11-14,111.37000274658205,113.0999984741211,110.48999786376952,110.62000274658205,1296000.0,0.23633225624351178,0.19145956159454525,0.6650725398653359,0.698017723703899,0.7879538431089443,0.6366655671729692,0.5274376469065892,0.3109631853645851,0,-1,-0.37017719901390833,0.01555891437677325,-0.05072397936694498
2011-11-15,110.41000366210938,113.5999984741211,109.5999984741211,112.61000061035156,1502500.0,0.2430542566551685,0.195564591292068,0.690460702994544,0.6983468482838705,0.7857315165392937,0.6364555106420542,0.5304203852339551,0.3211647658796682,0,-1,-0.3191104879343218,0.028837413964991822,-0.030826284373914804
2011-11-16,111.29000091552734,113.23999786376952,110.31999969482422,110.45999908447266,1520400.0,0.24974558829331445,0.19899180847208958,0.6350478547682976,0.6986328864030956,0.7763075345346323,0.6286840131925779,0.5331900708236521,0.3108416490642723,0,-1,-0.2624101135920024,0.02051325411662777,-0.04591064861845007
2011-11-17,110.5,110.72000122070312,104.75,107.0999984741211,2079500.0,0.25542764331027773,0.20220805037903494,0.5550375233912362,0.6989244464725531,0.7568056942866537,0.5841480605026641,0.49911603592240594,0.29672239004189943,0,-1,-0.24533766701733148,0.028064444140999997,-0.041281890244327935
2011-11-18,107.33999633789062,107.9499969482422,105.4800033569336,106.19000244140624,1474000.0,0.2602426152260791,0.20575309952992032,0.5343195374715936,0.6991116067219351,0.7206977880050073,0.5637730658929793,0.4674758606569631,0.2867143170440742,0,-1,-0.21055084727953668,0.05845006746422216,-0.028197914902829222
2011-11-21,104.02999877929688,104.05999755859376,100.81999969482422,102.7300033569336,1974000.0,0.2628382957371494,0.20858218157078873,0.45940634718302165,0.6992655541791911,0.7016347454710802,0.48095918297706497,0.4293771103374955,0.2733113753224276,0,0,-0.18118464470688586,0.09012147541954127,0.011300541953550288
2011-11-22,102.52999877929688,104.43000030517578,101.16000366210938,103.13999938964844,1377000.0,0.26684751784457633,0.21114529962888445,0.4675159448764866,0.6993805597647306,0.7549429543218702,0.4575306639709405,0.39200317564807585,0.2826608437878316,0,0,-0.17268565447362266,0.10775819461780507,0.04078655022377601
2011-11-23,102.05999755859376,102.33999633789062,98.20999908447266,99.52999877929688,2091800.0,0.26636518341972854,0.21297561731595765,0.39374057058128675,0.6994489636120144,0.6786232407316474,0.3887271918473604,0.3714172116651099,0.2684580709948527,0,0,-0.16744227986489313,0.11188676540447538,0.08173356946928413
2011-11-25,98.6999969482422,101.30999755859376,97.58999633789062,97.62000274658205,805400.0,0.2641068594172777,0.21444458539514394,0.35800826618474824,0.69945370098314,0.6310541747960775,0.38470887784754243,0.35512728885043865,0.2629896164545213,0,0,-0.13975681908285384,0.1497036241195878,0.10961522953799874
2011-11-28,100.8000030517578,104.73999786376952,100.79000091552734,104.66000366210938,1852400.0,0.2632788089138354,0.2167944850010865,0.49759529955849924,0.6996468483830814,0.6307115242748154,0.4893051744634683,0.32018074547514264,0.2755669261025345,0,0,-0.16400329528561716,0.13112062141190076,0.10161849917887504
2011-11-29,104.69000244140624,105.41999816894533,102.51000213623048,103.41000366210938,1253000.0,0.2631282558238402,0.21909725216115356,0.4726132202718405,0.6997552849045007,0.6702404085817089,0.49979705772433636,0.284933092076192,0.2670593850806383,0,0,-0.19013950725747392,0.08513277012181676,0.058475013405748455
2011-11-30,107.3000030517578,113.2300033569336,107.0,113.02999877929688,2622900.0,0.2666049605611655,0.2230092622923195,0.6162396534525079,0.7003330548800496,0.6977590690887222,0.6400040688343853,0.2864902863675798,0.28486818743206016,0,-1,-0.2176772201825033,0.06092249491595064,-0.005028568359401953
2011-12-01,111.5,113.20999908447266,108.45999908447266,111.06999969482422,2417500.0,0.2684004685647455,0.22686852860521628,0.5768128730852438,0.7007974394210233,0.6788734724025403,0.6277421640085658,0.2879362524952972,0.2684539971523841,0,-1,-0.23630893898023284,0.018579124982754044,-0.045917035277866974
2011-12-02,112.0,113.51000213623048,111.26000213623048,112.41999816894533,1640900.0,0.26992832143093654,0.2311576000157362,0.5950656898267146,0.7011423233372421,0.652989049261843,0.6467855886152021,0.2904502016719285,0.2795952773302209,0,-1,-0.23138558583645866,0.014405316273676487,-0.03187180089361525
2011-12-05,115.0,117.3000030517578,114.08999633789062,115.66000366210938,2248500.0,0.2716123068151239,0.23579006703977407,0.6372152691321786,0.7017143229268398,0.6224416467317796,0.691109866203186,0.3066807932725968,0.29486200198124535,0,-1,-0.23661269264696558,0.020459020541001453,0.04447607259774169
2011-12-06,115.79000091552734,116.20999908447266,113.0,114.31999969482422,1406100.0,0.2732182270038717,0.23993549622124005,0.6074375918698034,0.7020448462195982,0.6122322024702934,0.6550389942350574,0.3145510281662347,0.2853149521561151,0,-1,-0.2368147892305618,0.013055525578589763,0.03873418282630338
2011-12-07,114.16000366210938,115.16000366210938,112.5,114.51000213623048,1104500.0,0.27458437430541655,0.24404501484544266,0.6101332686447506,0.7023068296442515,0.6136772369899337,0.637783714813882,0.31848770846946817,0.2928142171670363,0,0,-0.1539538676565658,0.027466754706355945,0.060006936662611046
2011-12-08,113.43000030517578,113.5500030517578,110.66999816894533,111.08999633789062,1388600.0,0.27606761940012087,0.24799966849580407,0.5326267440633724,0.7025699173867112,0.6041435992064003,0.5966549510607153,0.3099172129887351,0.2833859877472398,0,0,-0.1383285623245434,0.033796198361588925,0.0844467556418442
2011-12-09,111.79000091552734,115.18000030517578,111.13999938964844,114.73999786376952,1599300.0,0.2782283619082721,0.25248736998889926,0.5892119430541807,0.7029526888367116,0.6381701782589468,0.6189843773092193,0.30919350740129103,0.2942448148472546,0,0,-0.12782433203477725,0.04959944475532493,0.0962283085228629
2011-12-12,112.93000030517578,113.33999633789062,111.0999984741211,112.36000061035156,1290000.0,0.2785545638151236,0.257123202637728,0.5371936821494888,0.703218383593098,0.6204591194591204,0.5952546652029821,0.3082374643869237,0.28548605353979567,0,0,-0.13369360513234715,0.03808613236833514,0.06876415841506474
2011-12-13,113.44000244140624,114.77999877929688,108.69000244140624,109.94000244140624,1707900.0,0.2783649760002915,0.26155703872301544,0.48706223152574757,0.7035124019078965,0.6231910201639613,0.5788364603599322,0.2906020276431841,0.2738898609529668,0,0,-0.14106448929705126,0.03435386783004295,0.05980777130828918
2011-12-14,109.36000061035156,109.5,103.5999984741211,104.6500015258789,2327600.0,0.2761456845955605,0.2645892397731389,0.39066523601252257,0.7037426647830843,0.5846630866782354,0.5061453511113713,0.268628031635852,0.2580860680698338,0,0,-0.10705843197278346,0.07222123217286583,0.09768962729915832
2011-12-15,106.25,107.0500030517578,104.2300033569336,105.29000091552734,1189900.0,0.27470426074901805,0.26713889190737033,0.4030705327497264,0.7038704813494366,0.6030788956602878,0.504707809176295,0.24822360677190095,0.26616517665878375,0,0,-0.08275206436540607,0.1055900897337803,0.12890585443931957
2011-12-16,106.01000213623048,108.75,104.7699966430664,104.83000183105467,2161900.0,0.2740713732341749,0.2692800611316642,0.39468713568384395,0.7040884428794129,0.5748498475079636,0.5149364614066975,0.2191585083200587,0.25148644327072517,0,0,-0.07996966212484989,0.10722766471039469,0.15585521787468068
2011-12-19,105.66999816894533,106.5199966430664,102.1999969482422,102.4800033569336,1624900.0,0.2730370051403656,0.2712405551239269,0.3520955976508181,0.7041995276626632,0.5614094541401033,0.48426199637165934,0.2059468288859336,0.2404537988920506,0,0,-0.07707718868570214,0.11094156901337779,0.1416579053204017
2011-12-20,107.06999969482422,110.72000122070312,106.04000091552734,109.38999938964844,1717300.0,0.2748938485638502,0.2737183861436315,0.4868428834617533,0.7044786609831096,0.5680275962088936,0.5503446083519361,0.18637801549834868,0.2521138150108873,0,0,-0.09250588452768815,0.09982438545891634,0.17271659219793187
2011-12-21,108.08000183105467,108.43000030517578,99.58999633789062,102.12999725341795,3226100.0,0.2746122544284854,0.27540955052833066,0.36578457143587173,0.7046818906484859,0.5396550797013199,0.47001051137786054,0.18217537195503228,0.2302094430310474,0,0,-0.09589547080806288,0.08428559532084258,0.15467591428240252
2011-12-22,102.79000091552734,105.80999755859376,102.6500015258789,104.4800033569336,1729200.0,0.27599234285512314,0.277281390145061,0.40724365178220734,0.7048456457890951,0.5572013032754369,0.47717397230632386,0.17827291723623853,0.24195025702551104,0,0,-0.05091554604406583,0.14207385221235627,0.23117596441099889
2011-12-23,104.81999969482422,106.4499969482422,103.37000274658205,106.38999938964844,1022200.0,0.27843746602196423,0.279406848554063,0.4400667442373115,0.7049687603703373,0.5874855849113323,0.48432760205512015,0.17099034900978824,0.24889072664449136,0,0,-0.0691998767671727,0.11944872660750513,0.1969755088995117
2011-12-27,105.91000366210938,107.16000366210938,105.30999755859376,106.54000091552734,667200.0,0.27896161956785676,0.28125512194785557,0.44270910186431434,0.7050503659401827,0.5609110482285462,0.4960513627600083,0.1600529847770745,0.2534208394695585,0,0,-0.07820290790440847,0.1070589289876117,0.18648365872460962
2011-12-28,106.22000122070312,106.54000091552734,104.70999908447266,105.7300033569336,1311100.0,0.2796084482077929,0.28335252520724014,0.42763189031303883,0.7051960580102327,0.5716339336617009,0.48061163295243803,0.1529094469292703,0.24451881470195425,0,0,-0.08100248553268734,0.10399851450949117,0.16697954535998702
2011-12-29,106.20999908447266,107.12999725341795,105.11000061035156,107.0,997900.0,0.27792725147404745,0.2854286062789391,0.4525719181216018,0.7053239162094388,0.5445874924750387,0.4989596367980933,0.14245506269657002,0.25129429370095685,0,0,-0.08152844483965248,0.10488984786888195,0.17771682889382154
2011-12-30,106.61000061035156,107.5500030517578,105.98999786376952,106.12000274658205,931000.0,0.27654716517452665,0.28763486365582774,0.4344511139909546,0.7054319159807602,0.5272673008181603,0.5052680654245342,0.12993264653521638,0.24497304813720155,0,0,-0.08429910535010222,0.09990656487295548,0.17915886139201226
2012-01-03,108.4800033569336,109.9499969482422,105.11000061035156,105.94000244140624,1906700.0,0.27474050682341294,0.28979174369541344,0.43058215996641946,0.7056479444072895,0.505019845332215,0.5173127877189875,0.11279177287675454,0.23202705574578136,1,0,-0.10261973932519257,0.0831134514374886,0.17188086498006627
2012-01-04,102.1500015258789,105.0500030517578,99.5999984741211,104.31999969482422,2644600.0,0.27157885151828803,0.29151994108308993,0.3951945393743853,0.7058886433600094,0.5388939837791354,0.4440034594534051,0.11681705735487327,0.21407091609174564,0,0,-0.043043279997188495,0.1430054859047046,0.23881437454521798
2012-01-05,104.0199966430664,105.37999725341795,102.75,105.2300033569336,1259100.0,0.26904451068135654,0.2928452669332224,0.4176125984258843,0.7060183216997452,0.5621886648792394,0.47743548752825354,0.11841226718072298,0.22261987451207246,0,0,-0.061637273044344174,0.1273006753023435,0.20034510723753254
2012-01-06,106.43000030517578,107.12000274658205,105.25,106.72000122070312,1370100.0,0.2668726156985543,0.29486074877900653,0.45403483288788027,0.7061866199737129,0.5659299290171328,0.5294813036996143,0.10864562477136527,0.23192249378908764,0,0,-0.08400649705674165,0.10329756153016215,0.18046181942384493
2012-01-09,107.5999984741211,112.26000213623048,107.5999984741211,110.48999786376952,2422400.0,0.26670533283302417,0.29589654442342855,0.5369649334954528,0.7066059966101165,0.5926481854225295,0.6443411491859766,0.10437786940225832,0.24836995378225718,0,0,-0.0937968705184814,0.090892095827253,0.17784860513336986
2012-01-10,111.98999786376952,112.8499984741211,108.41000366210938,109.61000061035156,1658100.0,0.2652750614611325,0.2963330824829837,0.5135001813490548,0.7068725171330134,0.5583030218231697,0.6679743224000293,0.10321087128620302,0.2371118901203209,0,0,-0.11222736687141292,0.04805869572497721,0.15123540055703089
2012-01-11,109.91000366210938,111.8499984741211,109.6500015258789,110.72000122070312,1427900.0,0.2648178206360286,0.2966798445774677,0.5376544363344133,0.7071227079008496,0.5548869620611019,0.693849430911596,0.10212723017843736,0.24680695622180981,0,0,-0.09415205972769723,0.06742084981751667,0.16029558979096392
2012-01-12,110.91999816894533,111.75,108.02999877929688,110.80999755859376,1358100.0,0.2650603800465566,0.29744967795146743,0.539675848222386,0.7073617669458535,0.583528961390466,0.6806151214730944,0.09059117803858399,0.2560280986494533,0,0,-0.10233021772163914,0.057622875835188284,0.156882179603332
2012-01-13,109.69000244140624,110.05999755859376,106.01000213623048,106.77999877929688,1852700.0,0.26565423496367974,0.2981476902109403,0.4284875257217513,0.7075872051458877,0.589516790030637,0.581224113569981,0.07499980053018182,0.24344875208020578,0,0,-0.09114706548183941,0.06867611928542432,0.15639377839076724
2012-01-17,108.76000213623048,108.76000213623048,105.4499969482422,106.30999755859376,1286600.0,0.2659386156223695,0.29833622085061723,0.4166634943690676,0.7077352845720993,0.5840108969232918,0.5509918415952357,0.06382898106320681,0.2347130758800688,0,0,-0.08587756043426545,0.07997753336913412,0.15171377723768173
2012-01-18,106.61000061035156,109.23999786376952,106.19000244140624,108.45999908447266,2646000.0,0.2669506787668769,0.2985067957835749,0.47316611331984537,0.7081146792188061,0.6418455669508807,0.587573083571709,0.05025010542133787,0.2526787211665312,0,0,-0.06603334054816241,0.10055500599098725,0.19490171852636048
2012-01-19,118.47000122070312,122.62999725341795,116.48999786376952,120.0,7044500.0,0.27183534992679187,0.29967164528747264,0.6810112104734717,0.7101942752118803,0.6832061828121493,0.8693441222334379,0.08889899643047802,0.30050902661644974,0,0,-0.17407343760078822,0.03835511771925123,0.07873871461935095
2012-01-20,119.0,121.5,118.5999984741211,120.2699966430664,1955200.0,0.27486875283698914,0.30098574839281794,0.6845967539073184,0.7107742837216106,0.6756200367042713,0.7909634014701461,0.12478725236753671,0.3137843212740806,0,0,-0.16175003051757814,0.030249977111816286,0.04574998219807931
2012-01-23,120.0999984741211,122.2300033569336,119.62000274658205,121.0199966430664,1711400.0,0.2801353882770104,0.30226618497615215,0.6949985871858726,0.7112974385118632,0.7011603015227794,0.7480814434927618,0.1603777512125277,0.32540427794197624,0,0,-0.1705329900116271,0.021035992765554932,0.009644996212580036
2012-01-24,120.6500015258789,124.29000091552734,119.94000244140624,123.0999984741211,1784500.0,0.285326745044917,0.30421096815312304,0.72343694201519,0.7118903909528224,0.710281482339677,0.7287974601920317,0.19970744118385167,0.3375205644172945,0,0,-0.17402087070041966,0.030077668902802633,0.03387868606717562
2012-01-25,123.4000015258789,123.5,121.13999938964844,122.4800033569336,1031000.0,0.28981272640342487,0.305949265839873,0.7037717483965044,0.7122237720535486,0.6959040568948378,0.693824083844722,0.2362278675857952,0.330520345108775,0,0,-0.19342002829507574,0.007229889526241864,0.006986195134132124
2012-01-26,123.4499969482422,124.0199966430664,119.8499984741211,120.81999969482422,1705200.0,0.2937940683877828,0.307029949894918,0.6512213003545031,0.7127366862887045,0.6765899180281474,0.6597453863580718,0.26025560227315814,0.31894248481305476,0,0,-0.19480731512407215,0.006858294776798677,0.017635561748105415
2012-01-27,117.0,120.5999984741211,116.83999633789062,120.16000366210938,2185000.0,0.29781723162030277,0.30810053450706504,0.6304281995302472,0.7133729294499705,0.702580677905659,0.6209800990502378,0.2613096254059456,0.3041069084899556,0,0,-0.14409868983682175,0.060337700165046755,0.0732494495652628
2012-01-30,119.0,121.0,117.75,120.0999984741211,1067000.0,0.3014695830473673,0.3089410665498779,0.6284430626566203,0.7136819802982385,0.6958675826597303,0.6158178395403462,0.26403350896862177,0.2968622586333209,0,0,-0.16153464605985215,0.044024640099070374,0.11418109855658666
2012-01-31,121.18000030517578,121.1999969482422,119.12000274658205,119.73999786376952,1033900.0,0.30526691239066023,0.30998247356669345,0.6158267903394653,0.7139760593659449,0.7019812925577186,0.6117913577411698,0.2674816508031419,0.28984234908620315,0,0,-0.17976689626634199,0.02589509283817101,0.08892589875825091
2012-02-01,121.16999816894533,123.4499969482422,119.5,122.41999816894533,1564200.0,0.30986162559100144,0.3117016931010103,0.6696280145711259,0.7144749945183096,0.7361288733462032,0.6214395462764709,0.280778949457576,0.30046285640180576,0,0,-0.18022383678014328,0.026056479056661617,0.0930349055319227
2012-02-02,121.75,122.81999969482422,120.0500030517578,120.5199966430664,1867500.0,0.31437827359590303,0.3133098136263954,0.6023092730826227,0.7150226196366637,0.6820386620294883,0.6084678986657097,0.29312644106526486,0.28778302171833314,0,0,-0.1810162064495993,0.020748251539932417,0.08299300615972967
2012-02-03,121.9000015258789,125.0,121.58000183105467,124.7699966430664,1919800.0,0.3198261308994304,0.3157831548632449,0.6825156901095187,0.7156904987085527,0.6913570448985449,0.6307551834570531,0.3140464143397498,0.3008179596703175,0,0,-0.1851145520196278,0.025721859944139308,0.08986055844105612
2012-02-06,124.76000213623048,125.0,123.5500030517578,125.0,1038200.0,0.3249226948234795,0.31823629721429786,0.6864635642898296,0.7160539496298778,0.695695316404682,0.6339815777547411,0.3334721038089141,0.30786706508846007,0,-1,-0.20165107268605154,0.0019235222427398692,0.0380699887665615
2012-02-07,124.91999816894533,127.80999755859376,124.18000030517578,126.4000015258789,1540600.0,0.3293584911096165,0.3212516650034158,0.7107573805094165,0.7166203036147559,0.6916267939100126,0.6476743872952302,0.3628977866212063,0.31832733460029833,0,-1,-0.20255999755859386,0.0231199951171875,0.051520019531249885
2012-02-08,127.05999755859376,127.37000274658205,124.3499984741211,125.4000015258789,1039700.0,0.33376082997180073,0.32436915309193043,0.6725293598532655,0.7169881921654163,0.69922186639165,0.6393697998822276,0.3902216349469063,0.3112680445759843,0,-1,-0.21724682557737596,0.00593354423216875,0.04280066136709442
2012-02-09,126.0,126.0,123.5199966430664,125.75,837700.0,0.3379512760698508,0.3267358851027033,0.6794010253206674,0.7172879828066488,0.7112986755579448,0.6298662529755109,0.40721236060397936,0.3169558076358745,0,-1,-0.21052632539586305,0.014433792157651875,0.04888361091086148
2012-02-10,124.3000030517578,125.76000213623048,123.52999877929688,124.01000213623048,884600.0,0.34163150974710127,0.32904762925995484,0.6111600083110663,0.717584101146323,0.6912398267482118,0.6186149893642569,0.4229894629998331,0.31094960588968984,0,0,-0.1964215075756398,0.02791248116768164,0.08349900596421482
2012-02-13,125.16000366210938,125.94000244140624,123.5,125.0,909800.0,0.3467113460227324,0.3303909099606314,0.6337889383353191,0.7178999347464076,0.7143956248656204,0.6235183312370541,0.43854541759146204,0.3171269090195551,0,-1,-0.20611244857418423,0.021369194829730376,0.07217157321237862
2012-02-14,124.86000061035156,125.88999938964844,124.0199966430664,125.77999877929688,957800.0,0.3521396891545168,0.3320416748613873,0.6515335120571449,0.7182416480224719,0.7393623539723281,0.630862527791053,0.4529902325694032,0.32363011954690724,0,-1,-0.20208001708984374,0.023599975585937613,0.07352001953125
2012-02-15,126.0,129.66000366210938,126.0,126.72000122070312,1692600.0,0.35723067790479895,0.3336464297619815,0.672800985945754,0.7188648987582978,0.6997867017792946,0.6859480496064416,0.4840905222791779,0.33512242915078716,0,-1,-0.20989029879227739,0.029098455220463906,0.07044045711828946
2012-02-16,126.97000122070312,127.83000183105467,125.27999877929688,127.4499969482422,1091400.0,0.35930777791662655,0.3349695098645113,0.6892252819682559,0.7192762236078959,0.695631280005816,0.6542731778975014,0.5044380237647632,0.3425327486011443,0,0,-0.19113005829695442,0.021227923102061695,0.06305244173134272
2012-02-17,127.41000366210938,127.9800033569336,124.58999633789062,124.91999816894533,1122100.0,0.36060422384694074,0.3361590480370606,0.5795658286929612,0.719661614163546,0.675150032554944,0.6168717080020695,0.5151698820891106,0.3349139842111445,0,0,-0.17387213960553183,0.01765398237642745,0.07257748310309062
2012-02-21,125.4499969482422,127.63999938964844,124.30999755859376,125.41999816894533,1029200.0,0.3618309684060242,0.33738337432115945,0.5930646437569081,0.7200211606152206,0.6671703338106335,0.6099785389639287,0.5217551570938656,0.3419019819922583,0,0,-0.1601024679247228,0.03370162324348934,0.10094461091247718
2012-02-22,125.0,126.79000091552734,123.56999969482422,126.58000183105467,1154800.0,0.3628012124294869,0.3391216720079094,0.6241267896290166,0.7204412142709619,0.6705152220372065,0.6006724761410669,0.518814137229287,0.34974277079679605,0,0,-0.15587628238858073,0.03715518840808927,0.08858236941915743
2012-02-23,126.12999725341795,128.82000732421875,125.5999984741211,128.6999969482422,1073200.0,0.36453538075892805,0.3406882714598127,0.6760480079371737,0.7208602974972188,0.685077407138481,0.654703335093224,0.5280542187853802,0.3570295170256061,0,0,-0.16337494079655004,0.027887552201199144,0.07742135630115785
2012-02-24,129.97999572753906,130.27000427246094,126.95999908447266,127.4800033569336,984000.0,0.36639222630952967,0.3423850472169055,0.62129543066672,0.7212284326633108,0.6891226278408049,0.6636636103333508,0.5441402057465818,0.35034841537712574,0,0,-0.19059828563291895,0.0022533687008439046,0.022533094203877106
2012-02-27,126.62999725341795,129.27000427246094,125.61000061035156,128.2899932861328,905600.0,0.36865891200907236,0.3444442941714237,0.6422065966738942,0.7215761982082004,0.6677419594134003,0.6448707484398981,0.5427351585996097,0.35649720160971093,0,0,-0.16614370683591437,0.02855355289606685,0.013100139271756827
2012-02-28,128.50999450683594,128.6699981689453,125.70999908447266,127.0199966430664,781500.0,0.3705882454542297,0.3469546684112505,0.5849105257706517,0.721863116255535,0.6580871177295621,0.6206858029198571,0.5414304719631355,0.3511910217943782,0,0,-0.17974899653445028,0.013718994915679397,-0.04567770900016449
2012-02-29,127.5,128.25,124.79000091552734,124.95999908447266,884400.0,0.37204361042586515,0.3491620473776776,0.5004974373648676,0.722163919242297,0.6516036975109996,0.5664897067888768,0.5289317049915491,0.3451861779956831,0,0,-0.1677688405115936,0.021807623568474897,-0.02637378808578294
2012-03-01,125.73999786376952,127.5999984741211,125.02999877929688,127.33000183105467,1016200.0,0.373412546377852,0.35168701084325754,0.5711382762678607,0.7225400399666441,0.6525292588339191,0.5930594750558735,0.5173257070893615,0.3520859091899775,0,0,-0.07402368812236484,0.03625165206370678,-0.028969231303693943
2012-03-02,126.95999908447266,128.50999450683594,126.01000213623048,127.01000213623048,729700.0,0.37522199550652485,0.35443978198674403,0.558030230097035,0.7228067479573054,0.6710916726431024,0.6149975420905194,0.5133616457774202,0.34713143777443267,0,0,-0.07947854080776312,0.02599548527753967,-0.03863974003136603
2012-03-05,126.97000122070312,127.4000015258789,123.6999969482422,124.48999786376952,917400.0,0.3751439303110852,0.3561343128524093,0.46148227825867316,0.7231119087923804,0.6337696500503979,0.47727511841277726,0.4817293629841015,0.34090253263996534,0,0,-0.07975753651233776,0.025982229716193853,-0.025352343646521343
2012-03-06,121.02999877929688,122.97000122070312,119.5,121.26000213623048,1479000.0,0.37410119839306694,0.3582810934490968,0.3603165935256212,0.7235416148907835,0.6164178298478715,0.25751970059676743,0.453505198536021,0.3308605109549019,0,0,-0.03365734206206193,0.0742228745419008,0.025544223309053978
2012-03-07,122.5,125.56999969482422,122.5,124.75,1084400.0,0.373641168917521,0.36055580460337106,0.4698423315261764,0.7239046040600762,0.619170860822488,0.45172918569818865,0.4109157520989968,0.3382233022431255,0,0,-0.04667659213588501,0.06407722361518406,0.09467256741956653
2012-03-08,125.95999908447266,126.8000030517578,124.18000030517578,124.26000213623048,962000.0,0.3733233308348784,0.362561187006257,0.45467587281688815,0.7242200655112855,0.6091626515354672,0.5002832719951852,0.38041083595219893,0.3316915748184933,0,0,-0.07310623444153933,0.034549139783473196,0.045450948283285324
2012-03-09,124.5999984741211,126.36000061035156,123.5,125.61000061035156,756200.0,0.37328429823715864,0.36470123378483704,0.49454854363466827,0.7244807902455385,0.6038862713921241,0.5042417074827585,0.34639297976073136,0.3368259742764007,0,0,-0.0624497183552509,0.045630176250307984,0.05029782328944783
2012-03-12,126.33999633789062,126.33999633789062,124.58999633789062,125.8499984741211,857400.0,0.3737972993084003,0.36695911167810574,0.5016616426675439,0.7247786714993786,0.6189200650513911,0.5243782467474419,0.3148049704400828,0.3426474951640095,0,0,-0.06838624549121068,0.031287380904975806,0.023405799117271586
2012-03-13,126.8499984741211,132.75,126.6999969482422,132.72000122070312,2206200.0,0.3759496779923425,0.36984542560774786,0.6637728821830748,0.725737084297363,0.652629591379552,0.7651590842437571,0.3257494445974025,0.35762701392099866,0,0,-0.06142229496433876,0.04688122048004745,0.030750916118428333
2012-03-14,133.2100067138672,133.60000610351562,130.82000732421875,131.86000061035156,1437300.0,0.377644815851181,0.37273398357264226,0.6332717736488864,0.7263439283831216,0.6320331803519086,0.7744636321748053,0.3399252566764227,0.3478681242875019,0,0,-0.10330023046841677,0.002938512553205139,0.0015069088788630133
2012-03-15,132.0,134.0,130.6999969482422,132.30999755859375,1132900.0,0.3792033374908829,0.3756932402063498,0.6425674610506811,0.7268278040914772,0.6490830802889981,0.7421756471283223,0.3550086687648799,0.35556021784193625,0,0,-0.09479751207447437,0.0151676019319159,0.03116942659887194
2012-03-16,132.10000610351562,133.05999755859375,130.99000549316406,131.91000366210938,921300.0,0.3804468118255014,0.37878940696335434,0.6270544885305485,0.727215979882139,0.6342636110639077,0.6972188974079303,0.3690146942755901,0.3493048327314231,0,0,-0.09523094502315055,0.01436016878197703,0.013831052876070168
2012-03-19,132.63999938964844,135.83999633789062,132.14999389648438,132.72999572753906,1191200.0,0.3826242819820705,0.3818754725651102,0.6458856206220459,0.7277294959389119,0.6357465727225747,0.7095295643714632,0.39521003478575056,0.357392767979055,0,0,-0.09961336536163595,0.024258940636822785,0.007884112328559859
2012-03-20,131.10000610351562,131.30999755859375,128.3699951171875,129.50999450683594,1633700.0,0.3837645953943883,0.3844329792508124,0.5245281027358288,0.7283653177668906,0.6353424363016837,0.599245433111114,0.38436105034043266,0.34630037391084123,0,0,-0.08739551327438817,0.03571152254163403,0.038875827389555986
2012-03-21,130.1999969482422,132.39999389648438,129.3699951171875,131.36000061035156,1140900.0,0.38509728527198034,0.3867750234491089,0.5717873414797237,0.7288352221624675,0.6243114302644311,0.6233879556940742,0.38012581565330417,0.3540467853648567,0,0,-0.08261908271239567,0.04354875784780256,0.04656010373761998
2012-03-22,131.13999938964844,132.8699951171875,129.5,132.47000122070312,1085800.0,0.38614838314132455,0.38934038639863217,0.5986673276309746,0.729296970739774,0.6214932586129321,0.6268624031584528,0.378718982627135,0.36141908228550707,0,0,-0.08861144439375992,0.03577951375155378,0.005785585439286665
2012-03-23,132.3800048828125,132.5,130.47000122070312,132.1300048828125,710400.0,0.38744482907163874,0.39174302982284365,0.5855154435419516,0.7295955930861039,0.6407114673914444,0.6197311902005159,0.3774126376742636,0.3565956528027017,0,0,-0.09722959737392638,0.026119056565218624,-0.0058126690221589365
2012-03-26,133.75,135.57000732421875,133.00999450683594,134.8000030517578,971900.0,0.38925985550119563,0.39443520259659043,0.6493433006342408,0.7300365210457472,0.6401417487203126,0.6624472059581696,0.3922775236817154,0.36319459862806563,0,0,-0.10784832720348778,0.01581772694055574,-0.03693335883201267
2012-03-27,134.94000244140625,135.92999267578125,134.0,134.11000061035156,878400.0,0.39123658749539875,0.39750219175826357,0.6212105680534339,0.7304267819286415,0.6283933756663439,0.6530160683840426,0.40779387395765476,0.3572304932540563,0,0,-0.11454007486541307,0.0073441410382971825,-0.04117212853197661
2012-03-28,133.0,135.27999877929688,132.30999755859375,134.0500030517578,912200.0,0.3937709304594474,0.40061519177627364,0.6186647911201981,0.7308308091623114,0.6446744585870614,0.6298024907379633,0.405219160992645,0.3510368947543167,0,0,-0.10066363387189467,0.0218476822194205,-0.06651255035679135
2012-03-29,132.80999755859375,135.14999389648438,132.1999969482422,134.86000061035156,860300.0,0.395870335420577,0.40357781574712254,0.6397642790610932,0.7312201503734758,0.6427714853847342,0.6266097395245562,0.4017409421724667,0.35687810588052366,0,0,-0.09929128873987902,0.023274860471154516,-0.051473284143232954
2012-03-30,135.6699981689453,136.4600067138672,132.63999938964844,134.9600067138672,1217000.0,0.3980868403019829,0.40525663665367123,0.6424426467276972,0.7317715829631283,0.6497194809063768,0.6311660691886658,0.4062506862646017,0.36514121635430474,0,0,-0.11990210659767814,0.005857990073753831,-0.07518908011090512
2012-04-02,135.0500030517578,137.58999633789062,134.11000061035156,136.66000366210938,1065700.0,0.4014799046701017,0.4070959330502794,0.6868888433070223,0.7322765055115433,0.6671542898561328,0.6534036440950071,0.4167436377725693,0.37237703955225754,0,0,-0.11521934112470701,0.01882034054368365,-0.08276530262792389
2012-04-03,136.77999877929688,139.4600067138672,136.63999938964844,138.05999755859375,1383100.0,0.40616383554053354,0.4090081721509529,0.7201924652121697,0.7329550208332117,0.6669579088821996,0.693027557330296,0.43604958514317027,0.38176792541609206,0,0,-0.1264451801276218,0.019610770252843017,-0.13551877759974978
2012-04-04,136.89999389648438,137.8800048828125,134.24000549316406,136.11000061035156,1286900.0,0.4093310660194252,0.4104681623767796,0.6232910609019459,0.7335534129253095,0.6589420780715306,0.6432218893216652,0.4289871758164048,0.3730302122947208,0,0,-0.12603211795002156,0.01854275577758375,-0.14797908907039203
2012-04-05,135.3300018310547,136.11000061035156,133.4199981689453,135.92999267578125,903600.0,0.41258472339084856,0.4119775282275588,0.6146917864691394,0.7339708226901865,0.68770999849156,0.6132292861540914,0.414640273960455,0.36689500553703086,0,0,-0.11630300315971617,0.030343140579623222,-0.1661891311817518
2012-04-09,132.55999755859375,133.80999755859375,131.19000244140625,132.8800048828125,1022700.0,0.41461164045742244,0.4133309092273087,0.48268213612078403,0.7344032832485695,0.6866362463059991,0.5321130356052547,0.38179649744849686,0.35995114104932674,0,0,-0.09607885133742569,0.050761491407795956,-0.11130727630881196
2012-04-10,133.0,134.6699981689453,127.66000366210938,128.3000030517578,1766400.0,0.41529471517175337,0.41424438483036224,0.33681104802190953,0.7350469187604368,0.6555612760164468,0.4344120465130906,0.3572298716320286,0.3479577488218108,0,0,-0.10159542070987816,0.04861534073214625,-0.12387115050897843
2012-04-11,122.9000015258789,125.16000366210938,120.01000213623048,122.6500015258789,3687600.0,0.412487144023666,0.41453054769893144,0.21310342652480657,0.7361237955213745,0.6198771024814659,0.24031871488286782,0.3707826196307724,0.3229199130098838,0,0,-0.02650040097432658,0.12907252372634606,-0.03943885477498401
2012-04-12,123.19000244140624,126.25,121.37000274658205,124.1500015258789,2056500.0,0.41033755399016564,0.41502544094914934,0.2649419282166786,0.7367603452059922,0.6309425146864422,0.3322193838675174,0.37536761804220453,0.3368830080709609,0,0,-0.03008562898898662,0.1326539263762505,-0.11928254953772316
2012-04-13,124.37999725341795,124.7300033569336,121.7699966430664,122.12000274658205,1933600.0,0.4074965275452425,0.41499177528331327,0.22531745128221686,0.7373079780747621,0.606219697856248,0.35500771912923934,0.37962511656710585,0.32375437174219907,0,0,-0.03930726696286609,0.12146604329526185,-0.1235601784079963
2012-04-16,123.4499969482422,124.51000213623048,120.70999908447266,122.04000091552734,1787200.0,0.404744716643293,0.4151623510724462,0.22376696202816915,0.7378109370726645,0.5988175831684125,0.38368995441191933,0.38817043427192477,0.31161975297577216,0,0,-0.032345208478573806,0.13110063384823403,-0.1229118421982354
2012-04-17,123.44000244140624,124.98999786376952,122.93000030517578,123.75,1440000.0,0.40224104457987225,0.41504788643872353,0.28645295157352413,0.7382459020339708,0.6077442378247805,0.4298865381617024,0.39204551335678384,0.32139697490037755,0,0,-0.0322845166490403,0.1312684706021065,-0.13028516393476944
2012-04-18,124.7699966430664,125.08000183105467,122.1500015258789,124.20999908447266,2626900.0,0.40076337678605206,0.41495923206319113,0.303047851332339,0.7390519833792936,0.6322074473508634,0.4428874707344202,0.399334149942168,0.33923293620159,0,0,-0.038464602075441806,0.11870715208727904,-0.1720403497869318
2012-04-19,133.7899932861328,139.1999969482422,131.3000030517578,133.97999572753906,6221700.0,0.4014938457951946,0.4158098635489023,0.5610359520346311,0.7417013973559917,0.5919693683511167,0.6010200287614563,0.39006087559065195,0.38147664567958817,0,0,-0.1109410776223486,0.04564860695215299,-0.2936961274971893
2012-04-20,134.0399932861328,134.64999389648438,131.50999450683594,131.6300048828125,1875300.0,0.4012596502088757,0.41650899825408877,0.5003702129233333,0.7424406040090329,0.5482864130207182,0.5681575115005444,0.38144997797853,0.36874385104402396,0,0,-0.10471705924243824,0.04045390058644637,-0.27265257736079873
2012-04-23,130.24000549316406,131.8800048828125,128.5,130.85000610351562,1687000.0,0.4009027795285132,0.41708132399122705,0.4807975746818205,0.7430875562371838,0.5518252688402981,0.5379470327067867,0.3568594280519558,0.35728956396985084,0,0,-0.07771786809581252,0.07004482928426162,-0.2229735243848493
2012-04-24,130.75,131.1199951171875,127.37999725341795,129.27999877929688,1366500.0,0.39936377206055423,0.417672726168448,0.4416361164883752,0.7435839250104995,0.5455916291602324,0.5249740217584764,0.3281840001982843,0.34801138774764717,1,0,-0.08207869593275441,0.06656481702398002,-0.21001147936664308
2012-04-25,129.6999969482422,130.85000610351562,127.06999969482422,130.72000122070312,1931900.0,0.39841862163683556,0.41831462812868575,0.4763523596326732,0.7443182227061319,0.5895695189199737,0.5324530398971252,0.29989346604217015,0.36112848152274796,0,0,-0.07495354968678633,0.07549512575635935,-0.21774438553748177
2012-04-26,130.60000610351562,133.6699981689453,130.00999450683594,133.41000366210938,1367400.0,0.3982401862966543,0.4191708718429657,0.5367322164259302,0.7448819609521095,0.6069144809394469,0.5761178795797973,0.2868239163157955,0.3704127685086545,0,0,-0.08101288149015043,0.06777846180855403,-0.2157283071779108
2012-04-27,133.42999267578125,136.94000244140625,132.66000366210938,136.11000061035156,1188600.0,0.3985886931528077,0.4202246231941071,0.5908043096637672,0.7454105232883513,0.6075362767886703,0.6179172566753025,0.2881328884648735,0.37848305043892255,0,0,-0.1005920858344318,0.0451991145533456,-0.24968135083456106
2012-04-30,136.08999633789062,136.10000610351562,133.3300018310547,133.92999267578125,858700.0,0.3983015195894419,0.42095181219273586,0.5294374583413177,0.7457687887219996,0.5947735320420428,0.6065029753343006,0.2893483626033029,0.3726527028926318,0,0,-0.11813969678608033,0.02475946191216359,-0.25369185676625994
2012-05-01,132.94000244140625,135.77999877929688,132.6999969482422,133.67999267578125,1081400.0,0.39747067618132353,0.42193486401888897,0.5224654578665123,0.7462159963258083,0.579598048076178,0.6032805780206556,0.2862927083360636,0.36531028081675104,0,0,-0.09654297776657698,0.048682181953407656,-0.2377361734377428
2012-05-02,131.4600067138672,136.69000244140625,131.22000122070312,136.25999450683594,1641000.0,0.39696882545761586,0.4231513348953419,0.5778135379748641,0.7469451846852945,0.6030297183563101,0.6183945539082011,0.27366043937165974,0.37645223996833266,0,0,-0.08565234294564034,0.0598444078270013,-0.23152308702395602
2012-05-03,136.0,138.6699981689453,135.38999938964844,136.22999572753906,1633000.0,0.3970022807544517,0.42423426298563954,0.5768767954636059,0.7476684528270235,0.5888337808205794,0.6494540027460487,0.271374875074579,0.3653645987163322,0,0,-0.11734917443408033,0.02539268202960044,-0.248348728182232
2012-05-04,135.0399932861328,135.82000732421875,130.77999877929688,131.89999389648438,1300600.0,0.3958786949905518,0.42459336855827406,0.45290543980600095,0.7481743123568202,0.5631491195904408,0.5904875051689364,0.24145770521142,0.3565338661919282,0,0,-0.11032806005486792,0.03244522914450084,-0.23731920440135937
2012-05-07,131.0,133.39999389648438,130.7100067138672,131.61000061035156,973000.0,0.39552461083351437,0.42505683932173305,0.44536456814491276,0.7485486646378167,0.5525937337755542,0.576390115925016,0.2132931644831604,0.3499274516553719,0,0,-0.0833206851578364,0.06413955349009821,-0.23206976517659592
2012-05-08,130.19000244140625,130.6999969482422,125.0199966430664,128.8699951171875,1521400.0,0.3956835277477186,0.4251219274743278,0.3767943943677937,0.7490819960770126,0.5864637696096732,0.5184830377772934,0.21092093178711183,0.33959754510252843,0,0,-0.07734974742014458,0.07043540938736095,-0.2198921229936536
2012-05-09,127.41000366210938,130.5,125.5999984741211,129.38999938964844,1422900.0,0.39756267612050505,0.42538789060092524,0.3916773911021957,0.7495887414786354,0.5981550370106049,0.5164041509945712,0.20871814428363814,0.3492586625167791,0,0,-0.05742222244324387,0.09350510986517989,-0.2476915264046802
2012-05-10,129.08999633789062,129.1999969482422,123.2699966430664,124.08000183105467,2575300.0,0.3975431598216452,0.42528913678249464,0.27657596985567345,0.7503366091987916,0.5613262304947507,0.4619256839945072,0.2165865447559863,0.331773051667865,0,0,-0.07017539411462867,0.08014537773315882,-0.23023412494517803
2012-05-11,123.0,127.47000122070312,122.3499984741211,125.91000366210938,1995500.0,0.3985998328647565,0.42512978373814886,0.3297097206859708,0.7509585674515921,0.5998187299466742,0.451843486718251,0.2276538990665695,0.3453219727446359,0,0,-0.024097338972001708,0.13265640289302114,-0.21784331383312264
2012-05-14,124.29000091552734,126.2699966430664,123.1999969482422,125.52999877929688,1044800.0,0.399572863411544,0.42496369687569596,0.3217009307252646,0.7512786558453345,0.6182010438206939,0.4411820315323002,0.2379307280692539,0.3382280550593389,0,0,-0.03399252366621016,0.12048292714731305,-0.2265110272651321
2012-05-15,125.80999755859376,126.58000183105467,123.29000091552734,123.87999725341795,1391100.0,0.3996091073588219,0.424895242242135,0.2869540426190694,0.7516762043735631,0.6079871411788154,0.43152529799537614,0.24509143489058396,0.3287828512959232,0,0,-0.046204058621562336,0.10873902085566388,-0.22313387062229093
2012-05-16,124.9000015258789,124.9000015258789,118.08999633789062,118.26000213623048,2237400.0,0.3979502155743783,0.4245585804467243,0.18854015748472092,0.7521614820237997,0.5535099834110646,0.3643471648628709,0.27290480433379793,0.3135914927305676,0,0,-0.05497259718255594,0.1154342568567399,-0.25460124002914547
2012-05-17,118.3499984741211,119.19000244140624,116.31999969482422,116.47000122070312,1804400.0,0.39306833306490535,0.4236293940283789,0.16243062539940556,0.7525125836167678,0.5600729724404886,0.3474357793281161,0.304669407441862,0.3013400904800412,0,0,-0.017165556761604004,0.17630642734221147,-0.15888720257151737
2012-05-18,116.6500015258789,116.98999786376952,112.33999633789062,112.70999908447266,1944900.0,0.3877933316735582,0.42233324577357795,0.11322462162383157,0.7528015830506886,0.5617207367184265,0.34259096889811935,0.3458573321310541,0.288134730118121,0,0,-0.03700528155590125,0.1936120476175878,-0.16004120541157058
2012-05-21,112.04000091552734,117.87999725341795,111.3000030517578,117.43000030517578,1668500.0,0.38405176044928596,0.42141528124384436,0.25263374365711133,0.753143939276209,0.575055234048398,0.39503604665163344,0.3868559583021668,0.2994634070495128,0,1,-0.0065655032364514525,0.24097237382070483,-0.10114454456995389
2012-05-22,117.38999938964844,118.41000366210938,115.45999908447266,116.54000091552734,1296700.0,0.3804997791669629,0.4203705077460628,0.2388537578068698,0.7533955089479175,0.5687557393210692,0.4294259289863091,0.42046530650371006,0.2906591545011546,0,0,-0.05186065163981968,0.18572764627364532,-0.13582557188786107
2012-05-23,115.1999969482422,118.3000030517578,113.91999816894533,117.83999633789062,1467000.0,0.3769087631598031,0.41870066469287365,0.27537387260169344,0.7537025224574064,0.5578323640440528,0.4421665927569278,0.45614320564728994,0.30061969933684635,0,1,-0.0334648521181261,0.2059378737897566,-0.17770721573517134
2012-05-24,116.12000274658205,116.8000030517578,106.79000091552734,108.55999755859376,5128400.0,0.36998044515777934,0.41608592440604747,0.1479447863776464,0.7541993371119601,0.481252495896688,0.40021934589322083,0.5056370208339721,0.2657992098103558,0,0,-0.07917517074849657,0.19585874846330872,-0.19942295256541637
2012-05-25,108.6999969482422,110.75,107.9000015258789,109.04000091552734,1789100.0,0.36243318076600534,0.41347455145636264,0.1609083646992585,0.7543820803889719,0.46273126363335615,0.4071714286004894,0.5515955635073199,0.2779467290779333,0,1,-0.017593921109697555,0.28095063270002407,-0.15972730957857303
2012-05-29,110.05999755859376,110.68000030517578,107.30999755859376,108.44000244140624,1957700.0,0.3553264316780345,0.4108407338732785,0.15361155095615048,0.7545674388725742,0.4600333249592049,0.4215415306286892,0.5954689276382494,0.26465446007668325,1,1,-0.029988963826217022,0.2672413714690172,-0.16140864202445968
2012-05-30,107.23999786376952,108.08999633789062,105.1500015258789,107.54000091552734,1974500.0,0.3480384585994403,0.4080138975800128,0.14234095127311558,0.7547326112889668,0.48782978727535414,0.4207527117244524,0.6404815720144285,0.25124812348631287,0,1,-0.01927329666946389,0.29472517857735875,-0.12698262940843055
2012-05-31,103.73999786376952,103.9499969482422,99.47000122070312,103.4800033569336,5070800.0,0.33889921727112854,0.4050927963949961,0.09526088745259542,0.7549094280436967,0.5326023641134723,0.39875379119154575,0.6914874500505276,0.21681872283680662,0,1,-0.03970612429527943,0.32973776067127336,-0.11484097423266718
2012-06-01,100.0,101.87999725341795,96.9499969482422,97.30999755859376,2682000.0,0.3280481083084435,0.4012716846746151,0.03804756595462311,0.7548057086646253,0.5071140540266971,0.3852269193406821,0.7421905545747216,0.19860864700222905,0,1,-0.029474323084793707,0.3736953702597098,-0.07624660933217658
2012-06-04,98.23999786376952,98.4499969482422,95.66000366210938,97.51000213623048,1832000.0,0.3184599899792367,0.39734845265483715,0.044181612999552144,0.7547394410779574,0.5296397371815265,0.3906555203295581,0.7909003476599368,0.21104744600631037,0,1,-0.026513146299347475,0.4154763263747024,-0.06659126390006537
2012-06-05,96.7699966430664,101.1999969482422,96.4499969482422,100.88999938964844,2030600.0,0.30989508514207137,0.39384268054218136,0.14501755209212064,0.7547475573104351,0.5652597585140151,0.4245948311505,0.8130859479599247,0.2248346868674935,0,1,-0.011383375619316145,0.42969952423281393,0.018664748794503267
2012-06-06,101.5199966430664,103.77999877929688,100.6500015258789,103.2699966430664,1790000.0,0.3027576651534725,0.3903043643532282,0.20995331967758812,0.7548051305850892,0.5766175686916998,0.45903936948037194,0.814119144161003,0.2369883168987738,0,1,-0.05808299153938028,0.3682228342811407,0.012191529035332665
2012-06-07,105.18000030517578,107.19000244140624,101.3000030517578,101.5500030517578,3123300.0,0.2949957214742395,0.3866504619410139,0.1871844295115948,0.7548417744773649,0.5145672276668085,0.47302885775243947,0.7920851323794224,0.21578192992855158,0,1,-0.09218550355889435,0.3242955258294575,-0.08792487775939443
2012-06-08,101.27999877929688,102.63999938964844,99.75,102.4000015258789,1522500.0,0.2889512184760297,0.3830986798281963,0.21109145872780272,0.7548748484688917,0.5681707783946944,0.4658120833431886,0.7765708924941264,0.2261193051925875,0,1,-0.055342146216609295,0.36819299129505273,-0.07572626499564776
2012-06-11,104.0999984741211,104.97000122070312,99.83000183105467,100.12000274658205,1545500.0,0.2817608247646181,0.3792001364770699,0.17918390438765902,0.7548668140067841,0.5314736881500203,0.4726512749686328,0.7473545199744556,0.2156257659672558,0,1,-0.08242182310787106,0.33759764823917077,-0.14316402162367073
2012-06-12,101.1999969482422,102.16999816894533,99.41999816894533,101.55999755859376,1491100.0,0.27507785695068127,0.3754519674607542,0.22142439480618614,0.7548843610773804,0.5363961071126218,0.4736858699322001,0.7217468968631097,0.22574994347543573,0,1,-0.05533353110422237,0.37425090084690676,-0.09208942607248745
2012-06-13,101.43000030517578,102.47000122070312,100.31999969482422,101.0999984741211,973900.0,0.26872666834447995,0.3714614023969541,0.21423801469680392,0.7548905304196788,0.5470593541397786,0.4821214256125462,0.695948347886375,0.21913741817517657,0,1,-0.05681367449558552,0.3666797829754218,-0.06774318057115603
2012-06-14,101.2699966430664,101.56999969482422,99.25,100.51000213623048,1006200.0,0.2637778709871012,0.36724751943810247,0.20465551748758248,0.75488991526092,0.584811570474438,0.47902922924559804,0.6763936971764403,0.21230558435535854,0,1,-0.055489545654078716,0.3699307822982046,-0.03481698017994957
2012-06-15,101.16999816894533,102.97000122070312,100.06999969482422,102.16000366210938,1620000.0,0.25978816517853426,0.3634376304625085,0.2582303169573036,0.75492031925739,0.6245839325523622,0.49849948111685144,0.6481450640501439,0.22330495902053962,0,1,-0.05482036006095938,0.34474190049572445,-0.05860112689745237
2012-06-18,101.3499984741211,103.22000122070312,99.12999725341795,102.70999908447266,1313500.0,0.25700011032930675,0.3597096629005149,0.27600089150291185,0.754953395817258,0.6693131328646997,0.5021990349803132,0.6262185477616521,0.23222327915801821,0,1,-0.05569689318758422,0.31372351481473626,-0.07801488777411988
2012-06-19,101.8499984741211,103.3499984741211,99.9499969482422,100.38999938964844,1994400.0,0.25224926461096925,0.3560636150397714,0.23098747268198372,0.7549492874878955,0.6195130718874486,0.5000157310909352,0.6048470793540127,0.21868182679243975,0,1,-0.060266720545103195,0.2808879245573135,-0.07730498376775918
2012-06-20,100.38999938964844,102.11000061035156,99.52999877929688,101.25,1499100.0,0.2479863284912464,0.35302804750868183,0.2604471967509645,0.7549612965161602,0.6339651667091455,0.4990161857725356,0.5871203458771674,0.2288603222002008,0,1,-0.047116204365937955,0.299930279842758,-0.09821696055681281
2012-06-21,100.83999633789062,101.12000274658205,95.25,95.48999786376952,2244800.0,0.24175502632864648,0.3499801356432665,0.161643423112167,0.7548281358633299,0.5790184907274772,0.4185514873071553,0.5896809728717518,0.21361871957773262,0,1,-0.055209840374228394,0.28009877146026235,-0.07960491415895062
2012-06-22,96.4499969482422,99.5999984741211,96.12000274658205,99.3000030517578,1701800.0,0.23917328906978613,0.34719145394251666,0.27808655213023037,0.7548031444700661,0.6596127795906942,0.4418247161820546,0.5920586979381517,0.22517349476613086,0,1,-0.01256672923958144,0.3248508217239203,0.007121167875046693
2012-06-25,97.62999725341795,97.77999877929688,95.5,95.97000122070312,1641100.0,0.23552930146693057,0.3442568851212853,0.22378665395170366,0.7547153920245976,0.6492605308071637,0.39014489119782414,0.5968574277220494,0.21403085664080454,0,1,-0.0239677460249164,0.29154082263771136,0.04018132296616742
2012-06-26,96.51000213623048,97.20999908447266,95.08999633789062,95.7699966430664,1303000.0,0.2319968343563505,0.34130884952001456,0.22064747604631169,0.7546428279074683,0.6522927863842537,0.39614332535458696,0.6030741284570659,0.2051838287465262,0,1,-0.014796350737500326,0.3133270742142842,0.04782740730965453
2012-06-27,96.6999969482422,98.06999969482422,96.56999969482422,97.8000030517578,1361500.0,0.22928126952879574,0.3383967253321823,0.28145643688439126,0.7545993089074344,0.6460751263727267,0.4562969084646273,0.6000261975897655,0.21442805628149164,0,1,-0.016811116913285788,0.2944555243406531,0.06797538231616684
2012-06-28,96.62999725341795,99.4000015258789,92.08999633789062,93.36000061035156,2454900.0,0.22645975725561546,0.33493472004061103,0.20835404201480978,0.7543944402378712,0.5503693923290305,0.3955828902680354,0.6158992323897897,0.19775992982127372,0,1,-0.04642127580634805,0.2306748924746869,0.057259774322829
2012-06-29,96.58000183105467,99.6500015258789,96.41000366210938,99.55999755859376,2149500.0,0.22708706959669162,0.33107208724674814,0.3655422437256164,0.7543702096286781,0.6240909767653255,0.5091640760980694,0.6281395989966241,0.21235447046498157,0,1,-0.04809346040927731,0.23382606778426088,0.04434446618019213
2012-07-02,98.4499969482422,99.51000213623048,96.69000244140624,98.01000213623048,1787000.0,0.22722647233915289,0.3272992304179562,0.3383452580794938,0.7543180356756608,0.6119484446672675,0.491886765624426,0.6395056537029702,0.20022120964604417,0,1,-0.0638810844346249,0.2004821936854726,-0.014664515069051056
2012-07-03,98.26000213623048,101.87999725341795,98.06999969482422,100.63999938964844,907300.0,0.22715677096792225,0.3239090453847367,0.3973768217659194,0.754319219596696,0.5872260502974274,0.558988752350889,0.6258600665039231,0.20638153843229035,0,1,-0.06295281771103081,0.205591277284854,0.010509119037312114
2012-07-05,100.48999786376952,102.55999755859376,99.01000213623048,101.44000244140624,1402100.0,0.22664655854712262,0.32078482433428984,0.4148768224666687,0.754334018572192,0.5754644631969302,0.5886046513446268,0.6067459702846592,0.2159014293076301,0,0,-0.08346583442788548,0.17696746120827353,0.03537366066751441
2012-07-06,97.20999908447266,97.66000366210938,93.04000091552734,94.48999786376952,3354800.0,0.2246781903771285,0.31671907167499663,0.29296376833674165,0.7541002933208255,0.6029230512657096,0.4121761883661257,0.6159082718489656,0.19312321811827857,0,0,-0.050473211981037235,0.19311911963528114,0.06259856389286853
2012-07-09,93.8499984741211,94.3000030517578,92.1999969482422,92.62000274658205,1917600.0,0.22195147307492274,0.31214159336065533,0.2654292171836058,0.7539258699728059,0.5616258950721907,0.3771014521705408,0.627424448765437,0.18010321758867903,0,0,-0.018626332691508186,0.1788549254731109,0.08286593298841591
2012-07-10,93.8499984741211,94.98999786376952,90.81999969482422,91.36000061035156,2003000.0,0.21950913643140674,0.307119721579113,0.24709838329656797,0.7537151375615457,0.5596954524349821,0.3824122016175136,0.6429610489646413,0.16650337348105085,0,0,-0.032714302412484984,0.18171022815776977,0.09134095048150784
2012-07-11,91.44000244140624,94.13999938964844,90.95999908447266,92.45999908447266,2319000.0,0.21697200694403324,0.30246593407974015,0.275428983501139,0.7535011980233778,0.5432997081562636,0.4069939049976744,0.6573878920067596,0.18224877462213412,0,0,-0.006786369772766481,0.18224599151981463,0.09621279396676585
2012-07-12,91.12999725341795,94.04000091552734,88.37000274658203,93.47000122070312,2792500.0,0.21484472185983478,0.29795354477416885,0.3017355213054639,0.7532768288650947,0.585929896344227,0.4113205696752901,0.6796133504175322,0.20120911644467618,0,0,-0.029850687152985545,0.17369679155323864,0.08533419281607439
2012-07-13,93.51000213623048,94.3499984741211,90.2699966430664,91.38999938964844,1955100.0,0.21230201507157725,0.2929182070687622,0.26619291667594225,0.7530736978688638,0.569404545509488,0.4288083285951687,0.6969346647727782,0.18793450076079007,0,0,-0.05499089892501219,0.14635712128508782,0.05499089892501189
2012-07-16,90.98999786376952,93.2300033569336,90.51000213623048,92.11000061035156,2041100.0,0.20950001909725685,0.28796703481220826,0.2863171066524226,0.752879022152973,0.5633495586596571,0.4395421721748936,0.7130187423883636,0.20179303386517344,0,0,-0.028668291220978467,0.17726233379832654,0.10395010464433864
2012-07-17,92.4000015258789,92.9499969482422,89.3499984741211,91.76000213623048,1846900.0,0.2064470998881996,0.2834625009142829,0.2798033147247043,0.7526959616611758,0.5572061617996912,0.4373407638397241,0.7322225881699679,0.18925306777312226,0,0,-0.04375202206701509,0.16056889390428677,0.0915210101977611
2012-07-18,93.26000213623048,99.54000091552734,93.26000213623048,98.58999633789062,4797500.0,0.20594524916449192,0.279756976273338,0.45219973461620666,0.7525955538642467,0.6395249948068203,0.5761323360579321,0.6885233664722147,0.22182683317818783,0,0,-0.053291186527966376,0.15180906692324103,0.09622922837938461
2012-07-19,94.94000244140624,103.12999725341795,93.1999969482422,102.75,6537500.0,0.20636345739187595,0.2768257747892479,0.5322360780714823,0.7527679296647224,0.7340141689311391,0.6423422627455754,0.6282363926586698,0.26621474174215154,0,0,-0.06663961800249289,0.1242519571460012,0.024850360475169284
2012-07-20,101.51000213623048,102.0500030517578,95.94000244140624,96.0999984741211,3695000.0,0.2065335289078482,0.2730899509634333,0.40014689295663386,0.7525869769357735,0.7094383130678065,0.5992335031322067,0.5722556312603783,0.241126661873112,0,0,-0.12788320573867107,0.03367395702649773,-0.0391241291723695
2012-07-23,93.48999786376952,94.58999633789062,90.5500030517578,93.58999633789062,2611700.0,0.20494154771707634,0.2696683442996302,0.35820913048957403,0.7523856749376941,0.7079091829491706,0.4802067648093864,0.5458476907455289,0.22339390458110372,0,0,-0.05327778562417206,0.11945893381075416,0.010197745811593478
2012-07-24,93.0999984741211,93.2699966430664,88.30000305175781,89.44000244140625,3214500.0,0.20312094824086951,0.26557565893643315,0.29534233182939507,0.7519887328556999,0.6946791330773268,0.4323139252564946,0.5310820853441579,0.20156829355565647,0,0,-0.05128748381433547,0.1095202521751805,0.014852008163672418
2012-07-25,90.63999938964844,92.88999938964844,89.79000091552734,91.9800033569336,2574100.0,0.20206427732487536,0.2618106583714624,0.348411740863081,0.7517455926412361,0.7207860857177504,0.46807353463567275,0.5173711660428848,0.2190457567196334,0,0,-0.026162749038648545,0.14210642595631864,0.09402955537281996
2012-07-26,93.91999816894533,96.76000213623048,93.11000061035156,94.5500030517578,2082700.0,0.20115815949887644,0.25851922886902395,0.3991614490363138,0.7516095516088185,0.6984202693151067,0.5428974398906873,0.4791443822557693,0.23318674290183872,0,0,-0.06110018386690862,0.10252228702995496,0.06903672801010402
2012-07-27,95.41999816894533,98.4499969482422,93.8499984741211,97.75,2091300.0,0.20238211540751788,0.2562175841546707,0.4578478230290399,0.7515483210808517,0.7505790179402624,0.5830256301393628,0.43388852994056515,0.24738612082609374,-1,0,-0.07530401784640815,0.08387096826252655,0.012797451564441092
2012-07-30,97.6999969482422,98.5,94.70999908447266,95.27999877929688,1338200.0,0.20118882827238732,0.2538396293991106,0.4135354927737964,0.7514722290732075,0.6999723192600965,0.5754021645667017,0.3915733200511903,0.23830009417365838,0,0,-0.09616362042439273,0.05780052711896565,-0.024450121633232097
2012-07-31,94.75,95.31999969482422,92.7300033569336,93.37999725341795,1611100.0,0.1998979575158401,0.2516704050251993,0.3807543993114598,0.7513465722057869,0.6882260009633108,0.5243249425900033,0.36355542450370226,0.22736114817176134,0,0,-0.0676951829437228,0.09026027061610084,0.023299761221087494
2012-08-01,94.44000244140624,94.47000122070312,92.9000015258789,93.91000366210938,1300900.0,0.19802159779349554,0.24903097692589676,0.39170426219291077,0.7512530127628235,0.6891841446709638,0.5293353285352168,0.3375388072096063,0.2361939176173996,0,0,-0.06575283326455317,0.09306055973024396,0.0637181101226089
2012-08-02,92.0,93.93000030517578,90.29000091552734,90.52999877929688,2055900.0,0.19497982893197224,0.24611211891995727,0.3329827004518442,0.7510279602895652,0.6499003265355636,0.4719847578965284,0.32769600232527396,0.22223489639879113,0,0,-0.039399390948326146,0.1185176958725715,0.12426789174595587
2012-08-03,92.83000183105467,93.8000030517578,91.9000015258789,92.77999877929688,1463900.0,0.19450307180800847,0.24329987099626965,0.38197789150994765,0.7509048058630351,0.669371789916589,0.5149551415471882,0.3185562549326797,0.2321743930483952,0,0,-0.05003864840803265,0.11377439038161974,0.12846567337055598
2012-08-06,93.68000030517578,97.87999725341795,92.80999755859376,97.12999725341795,1771200.0,0.19576048301348564,0.24201718952150802,0.467110579436833,0.7508418988399072,0.710285800003574,0.6090484943536673,0.28404087671053246,0.2442003760156598,0,0,-0.05798660621041604,0.10185381625970516,0.16102611164013086
2012-08-07,97.8499984741211,103.87000274658205,97.68000030517578,101.62000274658205,2081700.0,0.1986210278843859,0.24118451288634096,0.5418767732823462,0.7508720656224296,0.7453104041267617,0.7238975814099347,0.2820523999019926,0.2583345724604175,0,0,-0.09832179236499693,0.06197883705025134,0.13095852548534398
2012-08-08,100.79000091552734,102.69000244140624,100.5199966430664,101.0999984741211,1156100.0,0.20102990710394902,0.2403608132483584,0.5309374538259827,0.7508821044773678,0.7383684307552069,0.7024842950514543,0.28020595715120555,0.25048495699719786,0,0,-0.12290885186174262,0.03030901149191611,0.08433378727804126
2012-08-09,101.66000366210938,103.9000015258789,101.5199966430664,103.20999908447266,1043900.0,0.20374547193150366,0.23987489785150035,0.5652984134102866,0.7509156061888359,0.70778297437188,0.7055715148797008,0.28388517373260114,0.257572763918792,0,0,-0.13214639774471773,0.022156260114513365,0.061523181851488674
2012-08-10,102.5,103.37000274658205,101.43000030517578,102.2300033569336,1103400.0,0.20676772449416708,0.23973462210341262,0.54270613723499,0.7509389717797194,0.719528445904555,0.6754105933705321,0.2866312524831027,0.2500809676190631,0,0,-0.1375835391357783,0.013564591980405591,0.0632690518091408
2012-08-13,101.88999938964844,102.06999969482422,99.79000091552734,100.72000122070312,925200.0,0.20916823988952132,0.24011729475516014,0.5078199317879548,0.7509430500728803,0.710474098958422,0.635215334757136,0.2769257488453635,0.24379910253250414,0,0,-0.1329354973259805,0.019661567741640334,0.05057221949699447
2012-08-14,101.0,101.27999877929688,96.8000030517578,96.98999786376952,1812600.0,0.21062639138448164,0.24005893956449748,0.4282079679752606,0.7508761675745609,0.6714878132598037,0.5804503468557931,0.24796576882834134,0.23149202443490713,0,0,-0.12609210478873273,0.028792707413935248,0.04050835764104443
2012-08-15,97.62000274658205,99.73999786376952,97.0,99.29000091552734,1550300.0,0.2108215565001978,0.23987938677818027,0.47414277173381747,0.750858530910789,0.6321571156955113,0.584484339382572,0.22107435881253498,0.24201815439998747,0,0,-0.09609237962779363,0.06474893203026603,0.09155580419633214
2012-08-16,100.0,104.5,99.88999938964844,104.0500030517578,2021500.0,0.2111840044814442,0.2399669195641742,0.557954399182093,0.7509418723707141,0.5569012405338791,0.6585477826994538,0.22185455221856207,0.2557436086503971,0,0,-0.11783660832268658,0.04532178425326485,0.04673178917176157
2012-08-17,104.37000274658205,104.87999725341795,102.4000015258789,103.55999755859376,1400500.0,0.2132638931437138,0.2401924823506531,0.5467209593304325,0.7509919064071674,0.6151075788287302,0.6584606215090946,0.22438304982588672,0.24623458135497356,0,0,-0.15444497091298018,0.004901436731166856,0.003075441474663026
2012-08-20,103.19000244140624,103.7699966430664,101.02999877929688,101.68000030517578,1009000.0,0.21551943062283968,0.2401116833827665,0.5033922509295402,0.7510069770538285,0.5835559715096648,0.6239602825697885,0.21684279016382432,0.23938373627030213,0,0,-0.14378138026918869,0.016318992389465128,0.03650056844736969
2012-08-21,102.44000244140624,103.37000274658205,101.08000183105467,102.30999755859376,1291700.0,0.21910765585244046,0.24035744591121716,0.5155262039296927,0.7510352067510114,0.6148801375352813,0.6188878444337917,0.20984112047762357,0.24815404013142212,0,0,-0.13906372292692312,0.023996801777030646,0.04484655335275061
2012-08-22,101.0,101.0,98.70999908447266,100.2300033569336,1321600.0,0.2214078011030532,0.24020819316594494,0.4663955496880893,0.7510337781249147,0.60412973628149,0.5719463522671078,0.18639878015525804,0.2391807231206176,0,0,-0.12413251149741057,0.03792393066176987,0.062848210914024
2012-08-23,99.70999908447266,100.9800033569336,98.26000213623048,99.0199966430664,1291900.0,0.22265405983387948,0.23997477411564477,0.43865611094026,0.7510151903531274,0.6019012325160401,0.5568728220234685,0.16156566355829902,0.2304090613120081,0,0,-0.11383812880941639,0.05158134286930216,0.03711464727239069
2012-08-24,98.91999816894533,99.48999786376952,98.12000274658205,98.6500015258789,1370300.0,0.22290498519573337,0.23976604373399618,0.42997773627005786,0.7509899381087878,0.5717858124457034,0.5405329571616824,0.1375059768860369,0.2211050840875034,0,0,-0.1072510147164416,0.060189853428862544,0.0500908831814219
2012-08-27,99.4800033569336,100.93000030517578,98.0500030517578,100.48999786376952,1179600.0,0.2243575615169267,0.23957863468385782,0.4743309458182664,0.7509920693449571,0.6017298941590757,0.5605725079644608,0.1253944952012044,0.22911425838074267,0,0,-0.11332995572476424,0.05473891346132192,0.026355787469897002
2012-08-28,100.20999908447266,101.7699966430664,99.7300033569336,100.83000183105467,1208700.0,0.22643466365587145,0.23936766026695683,0.48250756009759366,0.7509987585536583,0.6170402393226407,0.5775562455746873,0.11989959892048482,0.2373210140337083,0,0,-0.11851921868742374,0.04647226856623321,-0.01432980865775723
2012-08-29,101.0,102.62999725341795,100.52999877929688,102.08999633789062,1396000.0,0.22871529048050715,0.23955843494188617,0.5132424403758377,0.7510257513313711,0.6222477625742439,0.5978254007690917,0.12062151318438366,0.24679948751061742,0,0,-0.1259545444571311,0.03848058299075576,-0.021918070458588425
2012-08-30,101.04000091552734,101.08000183105467,97.33999633789062,97.38999938964844,1854700.0,0.2306278962772466,0.23912526336329704,0.3911370969400618,0.7509661032112364,0.6219011747352405,0.4895623653051037,0.10256589374000694,0.23420656146647462,0,0,-0.1247918338796246,0.03761383559248301,-0.036928243781919924
2012-08-31,98.76000213623048,99.0,95.91000366210938,97.48999786376952,1650000.0,0.23194106985597868,0.23934970456023746,0.3938405831872921,0.7509149660682207,0.6243796042938786,0.42772610373304837,0.09561083628469744,0.245409628255085,0,0,-0.10740321542279896,0.06284007758026502,-0.004620644629396616
2012-09-04,97.2699966430664,97.4800033569336,93.62000274658205,94.47000122070312,2204400.0,0.23119944837218492,0.23880767886414428,0.3251506101944147,0.7507741247265846,0.582049301778529,0.34487800137340807,0.10334829571177609,0.23044233102550155,0,0,-0.09200937314454632,0.07805929610323312,0.040209312588328945
2012-09-05,94.3000030517578,95.7699966430664,93.7699966430664,94.48999786376952,1344500.0,0.22921156390333092,0.23864159200169127,0.3257607723495102,0.7506887182892205,0.5659274418837541,0.36382198377910735,0.11053307946549204,0.23957113302385707,0,0,-0.047740045283730624,0.11199316253784009,0.03207366084624174
2012-09-06,95.20999908447266,99.36000061035156,95.13999938964844,99.0500030517578,1767700.0,0.22864001393550953,0.23900967628386077,0.4523230775204664,0.7506645007626532,0.6008411364963756,0.4768183981916602,0.09056349505299319,0.251573351910055,0,0,-0.052068983809679996,0.10233885477367637,0.01947300252814016
2012-09-07,99.0500030517578,102.0,98.6999969482422,100.2699966430664,1654200.0,0.22782032512915923,0.239286860442895,0.4818302688110514,0.7506638575349146,0.5919882044273952,0.563304764393792,0.0887364274783016,0.2628049355959454,0,0,-0.08844020056872673,0.058859101686384994,-0.03240794159481055
2012-09-10,99.83999633789062,100.44000244140624,96.4499969482422,96.62999725341795,1778000.0,0.22625901271189824,0.23965382142317554,0.3920349546761842,0.7505928003135279,0.5676861109649639,0.4834208718533589,0.07143574397367644,0.2507327824140368,0,0,-0.09524280185585961,0.050264297240064204,-0.03859574395881968
2012-09-11,96.52999877929688,96.83999633789062,94.5199966430664,95.30999755859376,2467400.0,0.22475067401745003,0.23917688387967712,0.3625833405830241,0.7504591124124059,0.5571649592529828,0.4198039450148864,0.06373950904776157,0.23397978423572335,0,0,-0.06457619829383585,0.08641207400868188,-0.010245243629400118
2012-09-12,95.81999969482422,97.8000030517578,95.73999786376952,96.97000122070312,1634900.0,0.22474509884368304,0.23906017435452703,0.4074324591509666,0.7504001980580878,0.590888096552515,0.4679491759863378,0.05005227832863668,0.2450803259888743,0,0,-0.05802118267705542,0.0950582078550985,-0.026230196873765252
2012-09-13,97.38999938964844,101.19000244140624,97.0999984741211,100.38999938964844,1755300.0,0.22505178445167467,0.23903211920490958,0.4906273688266676,0.7504021050899486,0.5913581609425393,0.5541103645571269,0.05069592391797034,0.2569983521307214,0,0,-0.07321850453483589,0.07724036062165585,-0.14839640309890156
2012-09-14,101.0500030517578,103.95999908447266,101.01000213623048,103.66999816894533,2245500.0,0.22494583700604903,0.23928237066003993,0.5588786563218997,0.7504841929389158,0.5943811622801036,0.6612658454609736,0.0654477080500136,0.272244707569403,0,0,-0.09114455206204912,0.03815115275371822,-0.19195143330629327
2012-09-17,103.3499984741211,105.9499969482422,102.41000366210938,104.45999908447266,2246200.0,0.22519676236790293,0.24040121016377608,0.5743131221071107,0.7505852277274311,0.6019862173725198,0.7029388484031212,0.08821868495680871,0.28749581582429784,0,0,-0.10166876725849716,0.02507956515909292,-0.2002508199373075
2012-09-18,106.70999908447266,111.58000183105467,106.63999938964844,108.62000274658205,3794000.0,0.22713167311394428,0.24219673973929962,0.6484357684362552,0.750925229016821,0.5981916634758664,0.8000552130137795,0.13019191169738928,0.31325607970065406,0,0,-0.12531108991591366,0.04662074276531286,-0.19730040963991463
2012-09-19,109.37999725341795,110.93000030517578,108.11000061035156,110.56999969482422,2205600.0,0.2294346070149989,0.2443524973331715,0.6789749732774586,0.7511683753934096,0.6245820110152633,0.7732452387433146,0.16916705081364272,0.32823152461517463,0,0,-0.14509293047621313,0.020254138482849068,-0.24663966339634744
2012-09-20,109.88999938964844,110.2699966430664,108.1500015258789,109.36000061035156,1520700.0,0.2319801003265814,0.24624902561855327,0.6417041174853174,0.7513158376392145,0.6208681642104066,0.7145752859236503,0.20535825142159234,0.31790637087854445,0,0,-0.14714657400716255,0.01528445732179327,-0.22393056167648234
2012-09-21,110.0,110.9499969482422,107.45999908447266,107.87999725341795,1693500.0,0.23445031709316627,0.24786612399729807,0.5968891507303162,0.7514528084872792,0.6086516852090215,0.6776284043405876,0.23306454653327255,0.30640795051096165,0,0,-0.14978051538038756,0.014447712346712596,-0.20418801852988488
2012-09-24,106.43000030517578,109.20999908447266,105.19000244140624,109.02999877929688,1488100.0,0.23734431726090216,0.24984569528581874,0.6186575755428854,0.7515912694402266,0.637061029900443,0.6453149939375321,0.24027867322563964,0.31651175880679866,0,0,-0.11874302822331484,0.04773824301998418,-0.16759364378350372
2012-09-25,109.77999877929688,111.0,106.72000122070312,107.05999755859376,1436900.0,0.23917606921176,0.2515233928904785,0.55835141431453,0.751694384695813,0.6024597841006408,0.6387739898299015,0.2551278107914937,0.306755585068281,0,0,-0.14821605258775225,0.01650924582143159,-0.21113452169860566
2012-09-26,107.25,107.37999725341795,103.76000213623048,105.08000183105467,1256600.0,0.24036099252268167,0.2530181712278548,0.5017358848383452,0.7517577684996776,0.5950373318683106,0.59200593891471,0.24694209598996505,0.29822360099157325,0,0,-0.1273117650311759,0.0404446285241588,-0.1804595566542061
2012-09-27,106.0,107.62999725341795,105.25,106.5,1452900.0,0.24159052573220713,0.2539058365727183,0.5341927668799825,0.7518529901276351,0.5847172624184532,0.6011354593824225,0.24064108272173126,0.30808841052925323,0,0,-0.11781496990571282,0.05310241467283259,-0.18899886052801976
2012-09-28,106.41000366210938,107.26000213623048,104.20999908447266,104.63999938964844,1923500.0,0.24361186549789698,0.254117933435333,0.48113732547094723,0.7519405626096826,0.5919517401234725,0.5822164049423674,0.22719579321964958,0.2950283505487126,0,0,-0.12009390531011577,0.04854458374596524,-0.18657279574255428
2012-10-01,105.72000122070312,106.5999984741211,104.01000213623048,104.69000244140624,982700.0,0.24561926626561098,0.2550819088214033,0.48241184072994203,0.751985743027192,0.5833506132453211,0.5744674924007567,0.21321901786607209,0.301700625538511,0,0,-0.11563454266722863,0.05600153521150777,-0.1741208077883986
2012-10-02,105.5,107.0199966430664,104.48999786376952,106.97000122070312,1359000.0,0.24910433482714528,0.25658342097688697,0.5394847575216153,0.7520811768576096,0.6266725391521979,0.5847970462398971,0.2029297659601185,0.3109278787298574,0,0,-0.1134778582135104,0.05807624118126828,-0.1699302751041982
2012-10-03,107.22000122070312,108.37000274658205,106.22000122070312,107.0,1607700.0,0.2525921920391216,0.258554014412048,0.5402227491290968,0.7521943727344752,0.6255680582884295,0.5966308498671562,0.2019230771016111,0.3218437396244324,0,0,-0.12713843431731137,0.040759096574710586,-0.1923904047508939
2012-10-04,106.80999755859376,107.75,105.1500015258789,107.43000030517578,1425800.0,0.25492858123701206,0.2602878223159429,0.5513902987963151,0.7523010908838229,0.6181767868380093,0.5851082675024413,0.19180425195994724,0.3315245472772813,0,0,-0.1232709795515114,0.04457947918187766,-0.17504668904242127
2012-10-05,105.54000091552734,107.08000183105467,102.81999969482422,103.43000030517578,2234800.0,0.255809607590384,0.2612843409221353,0.4240611437206694,0.7523729487281928,0.5923324919563482,0.536372523353488,0.16641065408823244,0.31635084202928954,0,0,-0.11095595397081102,0.056222664975980025,-0.16810944342633174
2012-10-08,102.77999877929688,106.9800033569336,102.02999877929688,103.87999725341795,1496500.0,0.257830947356074,0.2619722528825346,0.4374428214982521,0.7524281027233549,0.6134858466150505,0.5241546009136896,0.1485486202809018,0.32651168411968673,0,0,-0.08856227405673178,0.08508172702110525,-0.12307836884828895
2012-10-09,103.5199966430664,103.75,100.5,102.08000183105467,1644600.0,0.2597184616801865,0.26273535329460224,0.38551417835167423,0.752457190429035,0.6261380787921736,0.45301896883923654,0.14259932192374927,0.3153452819132937,0,0,-0.09530221561647781,0.07758957837018107,-0.10935688564992962
2012-10-10,101.55999755859376,101.58999633789062,98.25,98.7699966430664,2515400.0,0.2602203102767772,0.26334022225186277,0.3024971449795213,0.7524133829052152,0.5911640193122267,0.3701511827884976,0.15107158505515186,0.29826637633749337,0,0,-0.0777820794434608,0.09815834730336608,-0.08767630081996573
2012-10-11,100.29000091552734,101.47000122070312,97.8000030517578,98.79000091552734,1962000.0,0.2597742219263242,0.26388785846417434,0.30319767022347144,0.7523797265261104,0.5575125713461566,0.3659898081125024,0.16158177556556355,0.31158784120976823,0,0,-0.06753061046513185,0.11430597650344135,-0.08565353216569697
2012-10-12,99.0500030517578,99.9800033569336,97.0500030517578,97.2699966430664,1234600.0,0.25798986639739524,0.2646442250581345,0.267091427902018,0.7523387576850665,0.5088262899778554,0.3565493170570491,0.17580660803996476,0.30320523135690863,0,0,-0.05496508001673974,0.12683468633643336,-0.06761818244022126
2012-10-15,97.70999908447266,98.38999938964844,96.4000015258789,98.30999755859376,1221600.0,0.2562752122396969,0.2652648048306869,0.3064489508139222,0.7523117010436958,0.5219320045721546,0.3801521121157392,0.19288944878182965,0.31149957462294886,0,0,-0.04204787168749382,0.14259281613299715,-0.03844965552423637
2012-10-16,99.0,101.2699966430664,98.62999725341795,101.19000244140624,1774200.0,0.2542036874016363,0.26572042104267507,0.40531465837557534,0.7523263814108886,0.5632146711267616,0.45316029549134407,0.1815336879155056,0.32354592680255645,0,0,-0.05319909965226536,0.12796258919197778,-0.05411453389217556
2012-10-17,98.75,99.69000244140624,97.06999969482422,97.33000183105467,2153700.0,0.250512303376852,0.26523899457249683,0.30802983479048784,0.7522565831219655,0.5057321192352353,0.4233823160939762,0.18132602909166404,0.3089228692615685,0,0,-0.041802581825047036,0.1267911999358222,-0.047534316064267106
2012-10-18,97.70999908447266,98.25,96.12999725341795,97.0500030517578,1691300.0,0.24708020853813045,0.2647845016623976,0.30160984732269525,0.75219692180921,0.49824854517700123,0.4250763088736581,0.18704683254722457,0.2974393863163705,0,0,-0.03277511950470784,0.1425049058424714,-0.04859750989987018
2012-10-19,98.58000183105467,99.41999816894533,95.77999877929688,95.83999633789062,1756800.0,0.24372339024440653,0.263957435543449,0.2735374986572139,0.7521127423461028,0.4912014433874031,0.43720630428462387,0.18154418270687037,0.2855111755683519,0,0,-0.04183415827223646,0.13395156714283626,-0.0579083211732081
2012-10-22,96.23999786376952,97.70999908447266,95.08000183105467,95.97000122070312,1087500.0,0.24008219129199299,0.26325493435729636,0.27851693691155777,0.752062212743655,0.4620855510730074,0.436243508923833,0.18124506710423374,0.2928950150426633,0,0,-0.017946591052018887,0.16005847822868124,-0.03881470537194081
2012-10-23,94.7699966430664,96.72000122070312,93.6500015258789,95.54000091552734,1212200.0,0.23687035304161447,0.2626736316229736,0.26770439594556295,0.7520005006814282,0.4874925782464371,0.4317947517104332,0.19040636917099454,0.28466449530863086,0,0,-0.011670262612707866,0.17515895565459189,-0.025007751025917693
2012-10-24,97.94000244140624,97.94000244140624,93.0199966430664,93.31999969482422,4276400.0,0.23359159994333017,0.2622617822320699,0.21467806563152458,0.7516841797391166,0.4292253111814107,0.434520003529011,0.1869345848461151,0.25562886208753194,0,0,-0.05149681548244805,0.14276741949906804,-0.04364670042265106
2012-10-25,82.80000305175781,83.94999694824219,81.06999969482422,83.0,8454400.0,0.22703967104764572,0.260433708580249,0.055443595460847206,0.7501554607046058,0.4770649803011937,0.2769513297133691,0.23588056231898516,0.198225705810182,0,1,-0.018538398656140848,0.3084011880991581,0.12987564462947296
2012-10-26,83.5,84.44000244140625,81.5199966430664,81.77999877929688,2756500.0,0.2206661774921424,0.257934555372859,0.042483215871097824,0.7496256023173845,0.4619725643914576,0.31960836431980943,0.27735366360500413,0.17950979453575508,0,1,-0.029277112110551583,0.3383132750729479,0.12891562588243616
2012-10-31,82.0,83.12999725341797,81.61000061035156,82.58999633789062,1990500.0,0.21450457457365618,0.25558128928595053,0.0736467372985955,0.7492608649112892,0.47976788721161934,0.35281525593205537,0.3158644005134503,0.19302476692528775,0,1,-0.011371977489087672,0.3617021554485892,0.14343364553709334
2012-11-01,82.31999969482422,86.86000061035156,82.02999877929688,86.0999984741211,3200100.0,0.20868590333755638,0.2538328921563024,0.19847545535871686,0.7487927535539175,0.49491593252760063,0.4090826152815513,0.32173983948112095,0.21475260573148894,0,1,-0.015135004908899907,0.34725755632486904,0.09795379980630445
2012-11-02,85.27999877929688,86.18000030517578,82.16000366210938,82.58999633789062,2729200.0,0.20188026042957613,0.2516199018174817,0.14699885373573612,0.7482959425914123,0.46583663817078136,0.4168261435132441,0.32719560423681504,0.19622205428938266,0,1,-0.0488966220567129,0.29872243526733316,0.08501741956504652
2012-11-05,82.08999633789062,85.37999725341797,81.56999969482422,85.12999725341797,1747200.0,0.19566289726495206,0.24992537009564114,0.2267522937143278,0.7480246270177896,0.4733971106839018,0.4399223772496543,0.3349234904947459,0.2080850835579039,0,1,-0.012350123359897188,0.35004243787387174,0.18404171511826625
2012-11-06,85.55999755859375,88.1500015258789,85.27999877929688,87.66999816894531,2459300.0,0.19126892222697683,0.24865166647423914,0.299498785255937,0.747708167398811,0.5285376153442518,0.4807089115817754,0.32090233942283153,0.22478308486289142,0,1,-0.05274284046319828,0.2988371110323845,0.127804595722287
2012-11-07,87.23999786376953,90.41000366210938,86.9000015258789,88.3499984741211,3316000.0,0.18693907338646537,0.2474957939675258,0.31837650608763723,0.7473062165671379,0.5251524187027825,0.5030053031206322,0.2927073385360305,0.24729785423927442,0,1,-0.07037753276845471,0.2710163411939798,0.11509072861894103
2012-11-08,88.73999786376953,89.77999877929688,86.5,86.76000213623047,1872000.0,0.18266777344253365,0.2459550056299878,0.2873979068281698,0.7470494337434802,0.49905054943403887,0.5003556267213153,0.2688804580602081,0.2345874657372874,0,1,-0.08681378948967337,0.22218455259580347,0.09869837432150416
2012-11-09,86.80000305175781,89.13999938964844,86.41999816894531,87.93000030517578,1763600.0,0.17964552300698727,0.24450735973848697,0.3221047014782823,0.7468292586273234,0.5319268006403751,0.5070365007510255,0.2472525892639276,0.24656184669994996,0,1,-0.06604429709368088,0.24861686449655732,0.10822958919369614
2012-11-12,88.1500015258789,88.56999969482422,85.16999816894531,86.13999938964844,1807700.0,0.1761186331972912,0.24271744153535696,0.28549298940040546,0.7465708859335435,0.5340979332957659,0.4991316557059528,0.23504289520614183,0.23428803831584633,0,1,-0.08051861488095481,0.2299556596215881,0.10462864683625678
2012-11-13,88.16999816894531,89.87000274658203,86.48999786376953,86.54000091552734,2395000.0,0.1731270515352557,0.2414998482131902,0.2982296548522133,0.7462392774736476,0.5123429114357717,0.5147781262447987,0.21372821229060404,0.25054945950295043,0,1,-0.08242394386381097,0.23450202833486664,0.10401670708102394
2012-11-14,88.19999694824219,90.81999969482422,86.9800033569336,87.5,3320500.0,0.17011316492391831,0.24037876467420166,0.3294622246331992,0.7458137384103279,0.4518593855996146,0.5286677977876943,0.18686805714313712,0.2730947826978478,0,1,-0.08238961379694967,0.2330714765999139,0.09174950724990834
2012-11-15,88.0199966430664,88.5,84.70999908447266,87.70999908447266,3147100.0,0.16635486605122818,0.23962015318881397,0.336486925630875,0.7454187776212152,0.454733497061378,0.514490919569677,0.17730002690727206,0.294462765419324,0,1,-0.07942853655133929,0.23257149832589302,0.10434291294642857
2012-11-16,88.11000061035156,88.41999816894531,85.20999908447266,86.63999938964844,2098900.0,0.16337443473672658,0.2387392216620578,0.30940083462649925,0.7451333375946912,0.4802845154032177,0.5157592925529222,0.16841542740254026,0.2802117854904668,0,1,-0.0802645193137807,0.2239197308705173,0.14821571241244486
2012-11-19,88.16000366210938,88.63999938964844,86.58000183105469,88.08000183105469,1562600.0,0.16087354919663094,0.23750816155985138,0.3606948813970414,0.744944216047173,0.4962630215539767,0.5407545005297668,0.15825582066970864,0.2908214292261532,0,1,-0.08183291801975999,0.21837486498419598,0.10491685597791772
2012-11-20,88.31999969482422,88.31999969482422,86.62000274658203,87.4800033569336,1585000.0,0.15854273729962443,0.23607286085885154,0.34395685921050556,0.7447430851381992,0.5255704848768388,0.5445109987916082,0.14882190013207927,0.28005969537163966,0,1,-0.08231153325707403,0.2118528982083916,0.10456402012954379
2012-11-21,87.62999725341797,90.1999969482422,87.51000213623047,90.05000305175781,1216000.0,0.15689220933938985,0.23533444997161063,0.4320835327487207,0.7446208007364173,0.550003339759467,0.604985464408257,0.12752646602582354,0.2883160161079731,0,0,-0.07498853802997493,0.18427071476906126,0.09842249977084765
2012-11-23,89.97000122070312,92.44000244140624,89.97000122070312,92.16000366210938,902400.0,0.1559498475661132,0.23498095577136963,0.49526007474822475,0.7445495083101606,0.5571267803528467,0.6852922918692612,0.12494993937351537,0.2944430751807258,0,0,-0.09883399471695159,0.12903936394659205,0.05596891443335687
2012-11-26,91.69000244140624,92.6500015258789,91.36000061035156,92.61000061035156,1112900.0,0.15575189592707206,0.23449167389354536,0.5082176042063001,0.74446677727569,0.6390112581980052,0.7183474923574571,0.12407757467652566,0.3019993739862073,0,0,-0.11523440022331857,0.10611977420436924,0.043077268478184355
2012-11-27,92.02999877929688,93.44000244140624,91.75,91.83000183105467,1132700.0,0.158213748869448,0.23353106584461641,0.4804927883599036,0.7443737304356505,0.5724234567794512,0.7084915913295928,0.12908653018536606,0.29430863837926247,0,0,-0.118345740333011,0.09977321890587185,0.03973653256584091
2012-11-28,91.0199966430664,92.45999908447266,90.04000091552734,92.37000274658205,1043100.0,0.16116630006088062,0.23226297359560805,0.49780928052803963,0.7442938673509757,0.6275583637938588,0.674700613472802,0.11699823094797948,0.30139101351089853,0,0,-0.10835235489320594,0.11161929430054415,0.07481218130890599
2012-11-29,93.23999786376952,94.56999969482422,92.81999969482422,93.97000122070312,1297600.0,0.16433910784065636,0.23108577975738448,0.5474824975755057,0.7442156871589446,0.6246853139992313,0.7161905826729725,0.12151561050344659,0.3102013768229596,0,0,-0.1317527098308506,0.08693297110023115,0.04276285006154642
2012-11-30,94.12000274658205,95.1999969482422,93.0,93.68000030517578,1441000.0,0.16645245392687885,0.2294092037422633,0.5354990066161062,0.7441247847558022,0.5778758583122978,0.692631933151403,0.13005869347105278,0.30041736516090656,0,0,-0.13887413942996416,0.05927423244086357,0.03533042089705475
2012-12-03,94.18000030517578,95.36000061035156,93.5199966430664,93.94000244140624,1005600.0,0.16961689788244566,0.22754297549792663,0.5440616125593708,0.744064087638319,0.6051578213896048,0.678952825822058,0.13912942770102651,0.307245125138256,0,0,-0.13994449794666836,0.055935075220959814,0.033518353751275064
2012-12-04,94.2699966430664,94.4499969482422,92.55999755859376,92.9800033569336,1568800.0,0.1718055226407828,0.2257048024032075,0.5012884749087059,0.7439543312822875,0.564384991245805,0.6397245128015683,0.13714959476154545,0.29659338503039423,0,0,-0.1405151863443425,0.05482224177172192,0.045241642426514496
2012-12-05,92.7300033569336,93.68000030517578,91.5,92.95999908447266,1345200.0,0.17328040391127814,0.22403047127951387,0.5003805834206828,0.7438601146744038,0.5442490913697796,0.61460936424875,0.1243783780702866,0.2874598302158254,0,0,-0.1254033473987811,0.05603354373383262,0.044740760190611774
2012-12-06,92.5500030517578,93.5,91.19000244140624,92.5199966430664,1648200.0,0.17444302227289793,0.2221777089590415,0.4794886322083902,0.7437375747237008,0.5583439006639619,0.6004702482417345,0.10935627733220085,0.27626898495462077,0,0,-0.12349401323145144,0.057981921716141055,0.044535277865982166
2012-12-07,92.91000366210938,93.12999725341795,90.91999816894533,92.37000274658205,999600.0,0.17600712121348389,0.22052918894971313,0.47210307136144314,0.743661866016888,0.5905483809670312,0.5888753865227342,0.09255025927581303,0.2694819634019572,0,0,-0.12797237783052237,0.05436661221143502,0.06376993202070705
2012-12-10,92.2699966430664,94.83999633789062,92.06999969482422,93.7699966430664,1007700.0,0.17763534422441646,0.2192599733988157,0.5331648891993331,0.7435998457366221,0.5911399911013062,0.6196751790966147,0.09316043232338958,0.27632398182794665,0,0,-0.12125145193477456,0.033452461571995516,0.11854502816978535
2012-12-11,94.41000366210938,95.4499969482422,94.23999786376952,94.91999816894533,1171600.0,0.18008325604169956,0.21796045866304853,0.5786142313565497,0.7435413937107703,0.6068639485663129,0.6487242680856973,0.0990538740515555,0.28427883822160477,0,0,-0.13746408745335162,0.011090896058059383,0.1175215638005598
2012-12-12,95.2699966430664,96.12000274658205,93.8000030517578,94.1999969482422,1234300.0,0.18221890495010679,0.21678887534104335,0.5384009424103708,0.7434709666710143,0.6327231042467245,0.6398319200811382,0.11029923866751942,0.27589826528997946,0,0,-0.14433203974422718,0.008954973871815064,0.10946067445713704
2012-12-13,93.9499969482422,93.9499969482422,91.4800033569336,93.7300033569336,1976400.0,0.183955864057107,0.21555893768455076,0.5123579781844373,0.7433490870040343,0.701754832398379,0.5867231080191507,0.0941507533216567,0.2624790281984586,-1,0,-0.13142248040857285,0.023036155718053203,0.11528663441803023
2012-12-14,93.52999877929688,93.76000213623048,89.61000061035156,90.41000366210938,2591400.0,0.1847086401426687,0.21370056484786,0.3586842993642443,0.7431034452451056,0.6432705475562754,0.518930688854875,0.08760713350494384,0.24488410257663745,0,0,-0.12760054044730731,0.027632602950222525,0.12183930182373713
2012-12-17,90.6999969482422,92.66000366210938,90.0,92.5999984741211,1023100.0,0.18637032057755415,0.21208458805865377,0.45559394872229764,0.7430291334229092,0.6638457748808073,0.5243865243085273,0.08153091510371044,0.25183068295932065,0,0,-0.1009843699104322,0.05994918237804868,0.1568410544276812
2012-12-18,93.08000183105467,97.41999816894533,93.0,97.29000091552734,1821500.0,0.18893811883843864,0.21094667125865968,0.6080854565492128,0.7429825838630036,0.6809319809516369,0.7003517995060934,0.09092875216725191,0.2641981897202017,0,0,-0.09038880004864341,0.04686821176464222,0.13909284520147755
2012-12-19,97.02999877929688,98.4499969482422,96.12000274658205,96.44000244140624,1141900.0,0.19143621572809238,0.21016224951508194,0.5719792631846531,0.7429437440201013,0.6664808428771631,0.7358795685665719,0.10645272445122936,0.25644498852873854,0,0,-0.12663171527278672,0.014595520151944999,0.08911499730042255
2012-12-20,96.70999908447266,97.63999938964844,95.5,97.33000183105467,1038800.0,0.19346591931799112,0.20942720510880714,0.5975133399693909,0.7429177011733225,0.6606356810013765,0.7075729542786208,0.1144624165293939,0.26349816778934976,0,0,-0.12442969407109673,0.018042283489433868,0.09892161627975418
2012-12-21,95.83000183105467,98.51000213623048,94.76000213623048,97.45999908447266,2026200.0,0.19494358711181153,0.2089087456356516,0.6013236865360138,0.742869628624535,0.6639411918132097,0.6889670025069536,0.12799582867435014,0.27725553380576323,0,0,-0.11425051410030905,0.0275351921787462,0.12154527492549735
2012-12-24,97.16999816894533,97.5,95.2300033569336,96.19000244140624,465500.0,0.19594171125834298,0.20861921714229165,0.5422372786865509,0.7428526993174805,0.6449040475230379,0.6474838908082916,0.14056256852323804,0.2740949110238856,0,0,-0.12784731378535175,0.013749271289482763,0.08034067211788175
2012-12-26,96.25,99.38999938964844,96.02999877929688,97.3499984741211,736400.0,0.19748071659918504,0.20845761920651845,0.5801419164878348,0.7428344612501249,0.6597094942544818,0.6805874039404709,0.165226598987793,0.27909487368032965,0,0,-0.11997089741791919,0.03264371878523609,0.09356481725304368
2012-12-27,97.41000366210938,97.5999984741211,94.91000366210938,97.12999725341795,1152000.0,0.19880782917589307,0.20844190839122662,0.5694298406307248,0.7428034355903018,0.6560224371613894,0.6285436792674428,0.17499208440023037,0.2712730961406453,0,0,-0.13045716257522907,0.020338939482011518,0.06276315435774016
2012-12-28,96.16999816894533,97.01000213623048,95.38999938964844,96.13999938964844,609600.0,0.19941283656766734,0.20819838989802836,0.5211510684352042,0.7427810196823256,0.6482930109076082,0.6070696637385345,0.18406003514035083,0.26713407219256236,0,0,-0.11798619796696637,0.03315146002014121,0.06156700840144569
2012-12-31,96.12999725341795,97.5199966430664,95.4499969482422,97.1500015258789,1320200.0,0.20038029194068802,0.2077450185774677,0.5584529432056772,0.7427458111575554,0.6721556661411242,0.6194004949851826,0.19643975107036757,0.2760978835709402,0,0,-0.1135843378226719,0.033908905314404374,0.06396922784400498
2013-01-02,100.02999877929688,101.88999938964844,99.58000183105467,101.11000061035156,1278900.0,0.20237932675707587,0.20816921230269697,0.6766200956033198,0.7427621601645767,0.6885665388122338,0.7337235288510366,0.23490442019765992,0.28478127879273035,-1,0,-0.1384456689345431,0.019145657036928547,0.008852296416304993
2013-01-03,100.43000030517578,101.02999877929688,96.91999816894533,97.25,1941800.0,0.20356982524176453,0.2081916560799209,0.5123333276590898,0.742712426994342,0.6756249363230246,0.6428437228338206,0.24141374088375836,0.27159696661689786,-1,0,-0.1365838935340674,0.014439709975861505,0.012758390937990702
2013-01-04,97.73999786376952,99.36000061035156,96.7699966430664,97.52999877929688,1643300.0,0.20484396622277684,0.20838130916531167,0.5208425217087614,0.7426749992064069,0.6562488591618286,0.620271952941035,0.24593462439254435,0.282754542164609,0,0,-0.10519275812379485,0.04267353754117142,0.060462775144601834
2013-01-07,97.7699966430664,97.9000015258789,95.5999984741211,96.23999786376952,1319000.0,0.20588112296702815,0.20841160835018163,0.4717268050457294,0.7426281273340577,0.6420063269418189,0.5736322985537637,0.23824548911708124,0.27379887847116835,0,0,-0.08366652450370995,0.042243440973533594,0.045421925157617976
2013-01-08,96.23999786376952,96.9499969482422,93.1999969482422,95.01000213623048,1339100.0,0.2066171692770548,0.2083521315699804,0.4273131931556863,0.7425642865552747,0.6358887423417727,0.5114421711097794,0.2095418786320927,0.2647067410550301,0,0,-0.06889024730448255,0.05870741532929645,0.04665425595208147
2013-01-09,95.13999938964844,95.9800033569336,94.47000122070312,95.66000366210938,777500.0,0.2071441136005065,0.20861472821561172,0.45114585262147155,0.7425322752741567,0.6396218781514098,0.518634493476123,0.18288852603888908,0.2699857619205723,0,0,-0.058204385380053604,0.07104515154437618,0.06230920993409634
2013-01-10,96.33000183105467,97.12999725341795,94.88999938964844,95.70999908447266,1002100.0,0.2073643701888495,0.2100410519194273,0.4530490472856963,0.7424915570565987,0.6325633172181216,0.5388142962589171,0.16783019063092489,0.27678975781685494,0,0,-0.07024880789718056,0.05812248950180693,-0.02540246928861746
2013-01-11,96.5,99.37999725341795,96.33000183105467,97.88999938964844,1797600.0,0.20839316310889183,0.21184892582927656,0.5319868538722756,0.7424574088363344,0.6470664374342883,0.6180818652965443,0.1706877901617583,0.28899498985273736,0,0,-0.07198829229501293,0.056315948607326596,-0.01943371254982403
2013-01-14,97.7300033569336,98.91999816894533,96.93000030517578,97.19000244140624,1091000.0,0.2093578298314705,0.21348734725188195,0.5017696342589789,0.7424291687082262,0.6055974818228587,0.6052905811627161,0.17334127544038933,0.28158738629735924,0,0,-0.08295027885596959,0.04249663968385672,-0.047910945659911844
2013-01-15,96.48999786376952,98.0,95.37999725341795,97.44000244140624,999900.0,0.2113178320501387,0.21475992928374538,0.5110214097456055,0.7424057891544406,0.6425363213408484,0.5584175693558467,0.16018056748530293,0.2883764447712571,0,0,-0.07078914580299303,0.05556128604003756,-0.021195570602394666
2013-01-16,97.44000244140624,98.1500015258789,96.5199966430664,97.31999969482422,776700.0,0.21263379427931278,0.2164129390759288,0.5052989993512196,0.7423867272024153,0.6256222149347909,0.5704005020519035,0.1492181499778348,0.28310285569567306,0,0,-0.08035715963536744,0.04566909725723915,-0.03961412678199288
2013-01-17,97.79000091552734,99.0500030517578,97.6500015258789,98.5199966430664,837300.0,0.21297672383458216,0.21791557282095103,0.5523897881236102,0.7423761164764818,0.5998387227738222,0.6390652180248864,0.14665514636251623,0.28878790286058426,0,0,-0.08405261334593715,0.042129043228296935,-0.05281544806582854
2013-01-18,98.18000030517578,98.5500030517578,96.83999633789062,96.88999938964844,1389600.0,0.21310218545195064,0.21895024687583448,0.4729973218544501,0.7423361889828183,0.5916466717355165,0.5653361786509017,0.13554260274324811,0.27935288370334005,0,0,-0.08698741358947615,0.037657320451540605,-0.04821356234114624
2013-01-22,95.01000213623048,96.98999786376952,94.0199966430664,96.69000244140624,2242000.0,0.2129237501117694,0.2198861671122872,0.46364881113832657,0.7422674923712022,0.6095846081233474,0.4618445310584095,0.12702823322495474,0.26413029234572527,0,0,-0.05573332191037094,0.07100833209575809,-0.019609882731425773
2013-01-23,97.33000183105467,99.0500030517578,96.06999969482422,98.80999755859376,3721200.0,0.21330013709099166,0.22123842481014827,0.549790159590525,0.7422314127348878,0.64764124712453,0.600023107169291,0.10965394114705054,0.289396263335893,0,0,-0.07984280717524443,0.04716100365554448,-0.03206121000979048
2013-01-24,103.0,107.37000274658205,102.0500030517578,103.22000122070312,4664900.0,0.21526013930965987,0.22295427786349903,0.6810659689434554,0.7423880402458541,0.6042777877798362,0.8861546474391321,0.14172215304148503,0.32106970955540115,0,0,-0.13551259711051247,0.044226321774683365,-0.09098267468773592
2013-01-25,103.54000091552734,106.16999816894533,103.54000091552734,105.43000030517578,1804200.0,0.21751288813834374,0.22511901331073053,0.730370410704078,0.7424874230183326,0.6204321382459056,0.8172684917516099,0.17149977837203131,0.33331975385843804,0,0,-0.13495446754927767,0.037105229468709866,-0.08525482413957564
2013-01-28,105.69000244140624,106.87000274658205,105.01000213623048,105.66000366210938,1203700.0,0.21989110071151302,0.2272646714617042,0.7352491785261901,0.742556318102292,0.6014600265702683,0.7655960824725048,0.20222399269781374,0.34149256082416546,0,0,-0.15251827548619737,0.015934746280118667,-0.11600116970058648
2013-01-29,103.56999969482422,105.12000274658205,101.4000015258789,104.80999755859376,1680300.0,0.22230834375528513,0.22920720974724768,0.6904663868693055,0.7426383677602876,0.626123870894756,0.6733034579561448,0.2003264027186852,0.33008376499089154,0,0,-0.1321218871912536,0.03596444179492814,-0.10202534928704228
2013-01-30,104.8499984741211,105.6999969482422,103.9800033569336,104.9499969482422,1437900.0,0.22448302526141234,0.23114189262514523,0.6940450323206968,0.7427104171430828,0.6147878371538719,0.6729083838103882,0.2016985577237244,0.3398467284668569,0,0,-0.14168494246762328,0.024043548622851074,-0.1291861581044101
2013-01-31,105.79000091552734,106.23999786376952,103.5500030517578,104.87999725341795,1460400.0,0.2255341210036395,0.23318879610151305,0.6899940779415619,0.7427824709974215,0.6074245578803817,0.6578743320175429,0.2059638354451012,0.3299309958983196,0,0,-0.12186756824619005,0.015054805878974016,-0.1417817788099249
2013-02-01,106.3499984741211,107.0999984741211,104.33999633789062,105.95999908447266,1847700.0,0.22796251652206262,0.23519530009393746,0.7198115351122363,0.7428929047090046,0.6407211736017762,0.6557842770158182,0.21473187498097138,0.3424763937803289,0,0,-0.1253814060855188,0.009725441449014823,-0.15360412883522043
2013-02-04,105.4800033569336,107.81999969482422,104.6500015258789,105.6999969482422,1710000.0,0.23024035682337335,0.23723995867887776,0.7033494438394315,0.7429905646863292,0.642456450911657,0.6445806334013134,0.2268919001128801,0.33086594274486,0,0,-0.11589285121550082,0.02208377083908004,-0.14892418407923338
2013-02-05,106.1999969482422,107.16999816894533,106.1500015258789,106.25,752200.0,0.23303120032304275,0.23905793203162512,0.7195376093867599,0.7430374876136218,0.6421192377215138,0.6394710860176812,0.2381833520210809,0.33597318325297676,0,0,-0.12298959673920966,0.015326421886041103,-0.14427625771330363
2013-02-06,105.75,107.75,105.68000030517578,107.66000366210938,1120900.0,0.23655809013273882,0.24079735130791363,0.7586202641544783,0.7431227046634717,0.6603748405036985,0.6370896976434419,0.2521791047129949,0.3435837999580394,0,0,-0.11811767578124986,0.019482350068933823,-0.15736471737132354
2013-02-07,107.54000091552734,107.98999786376952,104.12999725341795,105.0,1763800.0,0.23916213234090106,0.2421877644544656,0.5975610195066792,0.7432109868973072,0.6362010776574244,0.6095490106766339,0.24895411189481345,0.3316080610478873,0,0,-0.13319713430710262,0.004179796887751253,-0.19069290433734537
2013-02-08,105.16000366210938,106.66000366210938,104.54000091552734,105.25,1049700.0,0.24182193692231807,0.24369376468045395,0.6061402271723741,0.7432659878383664,0.6348670125669233,0.6007907436602953,0.24595947570650226,0.3387352484466778,0,0,-0.11390482584635403,0.02695232573009659,-0.1683809552873884
2013-02-11,104.5199966430664,105.88999938964844,103.30999755859376,103.5199966430664,896000.0,0.243391611036671,0.24494502366845666,0.5150774888211124,0.7432978385863168,0.6213628923186036,0.5754055408458284,0.23045152099823799,0.33265164369358996,0,0,-0.10755344128099006,0.03296913273827184,-0.16104510164600652
2013-02-12,103.29000091552734,103.73999786376952,101.87999725341795,102.1500015258789,1136800.0,0.2447744859866337,0.24586298819819014,0.4512606282284062,0.7433230968617083,0.621348486297369,0.5401845629903771,0.20244644242748286,0.32493307016310985,0,0,-0.09746912958348665,0.045401826706463394,-0.1407457512296982
2013-02-13,102.26000213623048,103.5999984741211,100.37999725341795,102.27999877929688,1201900.0,0.24612390351264363,0.246828085173799,0.45701757845014224,0.7433512790817111,0.6152742976914402,0.5226416312613047,0.18683853983331541,0.3330936556014315,0,0,-0.08869314784780497,0.056093936778722264,-0.1290259433019856
2013-02-14,101.83000183105467,102.02999877929688,100.30999755859376,100.88999938964844,1422100.0,0.24711923900873317,0.24760801799069693,0.3941286063685908,0.7433654321523334,0.6076176211600931,0.49144106816114924,0.17293821709774274,0.3234379699771389,0,0,-0.08437627088199892,0.06022679024475826,-0.13609697238051718
2013-02-15,100.80999755859376,101.76000213623048,100.37000274658205,101.72000122070312,1391400.0,0.24801141783675623,0.24858882578159763,0.43400267983716934,0.7433904305274234,0.6265238173910109,0.489184889742673,0.16003077455756806,0.3328852106617889,0,0,-0.07542869121210806,0.0711666205631124,-0.10883135884591601
2013-02-19,101.7699966430664,103.83999633789062,101.51000213623048,103.62000274658205,976700.0,0.24988777968621773,0.24978509777225416,0.5162818430721623,0.7434258984246312,0.6623676681319528,0.5236925202015047,0.14440047568181538,0.33951674722690145,-1,0,-0.08425088077053569,0.061148261365112436,-0.11059771790201553
2013-02-20,103.75,105.3000030517578,102.18000030517578,102.1999969482422,2167200.0,0.2514239963766179,0.25087139319969304,0.4497910879988819,0.7434747328522883,0.5953331230109244,0.513277693101061,0.1424596759622266,0.32480202823037035,0,0,-0.10181434831225958,0.04091871985507523,-0.12864313334998798
2013-02-21,102.12000274658205,102.47000122070312,99.27999877929688,100.7300033569336,1093400.0,0.25195930452427845,0.25180955747139805,0.38788261727540885,0.7434838113683601,0.5403677241285756,0.4010726527774353,0.12563905369367814,0.3173781293051179,0,0,-0.07925642216621373,0.05743635315527701,-0.2828767566084221
2013-02-22,101.36000061035156,102.0,99.79000091552734,101.05999755859376,903200.0,0.25135708365582904,0.252627645736987,0.4034312539066548,0.7434941769604649,0.5872571764380993,0.4266483262230536,0.11001990444431167,0.3235106201678287,0,0,-0.07286810009601691,0.06581948806181181,-0.28382808512352947
2013-02-25,99.1500015258789,99.5,93.79000091552734,93.9000015258789,3770100.0,0.24814245675500862,0.25251318110326443,0.18716003058868602,0.7432775099983445,0.51194242092355,0.2985833306652992,0.1356457902065337,0.2979126310164712,0,0,-0.05303780664791603,0.08747275431869324,-0.264199537132942
2013-02-26,94.16000366210938,96.6500015258789,93.66000366210938,94.63999938964844,1887800.0,0.24507001911997445,0.25256255844056735,0.22051717263770637,0.743182807402334,0.5070295499949425,0.32667433948847696,0.16011646548801753,0.31073029737013097,0,0,-0.005324813544994455,0.1472842809043894,-0.22108628113822765
2013-02-27,94.68000030517578,94.88999938964844,92.87000274658205,93.04000091552734,1807900.0,0.2417884794983653,0.25248512595364686,0.18422257130102565,0.7430645265248895,0.45747927715730696,0.34315661605775905,0.18705464350067016,0.2984551310385378,0,0,-0.019125079990139036,0.14063818305613346,-0.19843616758677832
2013-02-28,92.69000244140624,95.12999725341795,92.01000213623048,94.43000030517578,1971500.0,0.23885544673290954,0.2529362523827801,0.24721297847311763,0.7429621150671456,0.47288677539827684,0.3824624703324605,0.21660086868921444,0.3118410984165653,0,0,-0.007308687644931744,0.16444534900912583,-0.19034822560408035
2013-03-01,94.22000122070312,94.45999908447266,92.8000030517578,93.58000183105467,1261900.0,0.23570494602955278,0.253046228945998,0.22607869428541133,0.7428864053530017,0.471867621202988,0.4027634983357026,0.24403664922143412,0.30327312873138507,0,0,-0.023403569600025834,0.14582226621375588,-0.2247167335817539
2013-03-04,93.06999969482422,93.55999755859376,92.18000030517578,92.6500015258789,1495500.0,0.23199404570590848,0.25252552543759016,0.20331994980222984,0.7427835030280633,0.45824804836255506,0.41169124675752683,0.27300207938237653,0.2931190763784355,0,0,-0.011327180357480758,0.15943575418903308,-0.2044239888769659
2013-03-05,93.2699966430664,93.94000244140624,92.56999969482422,93.43000030517578,1597200.0,0.22857310334183784,0.25218774119646575,0.24126867499694737,0.7426857214059891,0.4750598113656072,0.4388481193698906,0.294977068166714,0.3039636450298103,0,0,-0.013599508754287315,0.15887750651133595,-0.21349161849470608
2013-03-06,94.0199966430664,94.4000015258789,92.70999908447266,93.11000061035156,869400.0,0.2249095994401224,0.25171417013393343,0.23243972096425353,0.7426299114822502,0.47756582867891284,0.4535807458489561,0.30930014234111813,0.29806064729282983,0,0,-0.021513373651616853,0.1495237201656009,-0.22990469503775787
2013-03-07,94.02999877929688,95.66999816894533,93.08000183105467,94.2300033569336,1315500.0,0.22116524169252522,0.2513516980803327,0.28887960674235813,0.742559652537322,0.4575889509271095,0.4760787644510475,0.30645966289490434,0.3069925469052037,0,0,-0.021694733431693456,0.1499301792821665,-0.24326067422837905
2013-03-08,94.68000030517578,95.4000015258789,93.79000091552734,94.01000213623048,1713800.0,0.21810117000881707,0.2511070571414206,0.28174558954589546,0.7424646817612855,0.4528672133280627,0.4841058354930345,0.30382207483770596,0.29535629486743376,0,0,-0.02833490474187525,0.14125010171311178,-0.2467366992647913
2013-03-11,93.9000015258789,94.87000274658205,93.4000015258789,94.73999786376952,1049300.0,0.21517092376668628,0.2508141613109193,0.31981913801899386,0.7424139361797472,0.4735194199905773,0.488953877773703,0.3047260718814747,0.30248076637124516,0,0,-0.0201042372800887,0.14987763022782097,-0.2294436677447044
2013-03-12,94.43000030517578,95.22000122070312,92.8499984741211,93.45999908447266,1145300.0,0.2123661412690409,0.25040231192001566,0.27496796208636587,0.7423446395863306,0.4768366615966614,0.4858908161632875,0.31031545524219384,0.29470448007246003,0,0,-0.025543574240154743,0.1431285398390256,-0.23305892261898103
2013-03-13,93.5500030517578,95.0,92.12000274658205,92.79000091552734,1262600.0,0.20975652175999476,0.2500263730863755,0.2526024995256987,0.7422602916065607,0.47908249246769263,0.48088479097101483,0.3216624210860608,0.28613175757106646,0,0,-0.016477647449315774,0.15450454690204213,-0.19965764867217417
2013-03-14,93.0,93.0999984741211,91.06999969482422,91.30999755859376,2155000.0,0.20669802525005349,0.2493710043460982,0.206201913592077,0.7420862587722526,0.4473109934616153,0.45715353515105306,0.34050759319729296,0.2714998733713966,0,0,-0.020799658218915027,0.1615475559421092,-0.2026080705492465
2013-03-15,91.13999938964844,92.54000091552734,90.6500015258789,90.91000366210938,1867000.0,0.20391554770171,0.24822635458417214,0.19422660767501065,0.7419287345750069,0.4321189335646663,0.450807829972197,0.36119807111291835,0.2588234335566478,0,0,-0.005366311213129744,0.18453618360145513,-0.16624685917261964
2013-03-18,89.52999877929688,90.44000244140624,87.97000122070312,90.23999786376952,1709200.0,0.20071485979886544,0.24743968794916676,0.174103153222049,0.7417739458246063,0.4341850477643441,0.4128926449019352,0.3977417643090523,0.247218414311137,0,1,-0.017159800855270954,0.20305795116986267,-0.14409853642521717
2013-03-19,90.33999633789062,90.36000061035156,88.0999984741211,89.69999694824219,1261300.0,0.19683388583213196,0.24656100045766288,0.15802066337396892,0.7416534514346816,0.42961786410018366,0.40178102572362784,0.4316751937054625,0.23865451846842534,0,0,-0.026263244384883016,0.1955895605463572,-0.17974284103812865
2013-03-20,90.62999725341795,91.0999984741211,89.88999938964844,90.9499969482422,1056600.0,0.19369732412675106,0.2459673533890145,0.24087569944826448,0.7415651733158716,0.47968349508560215,0.43394446645181195,0.45057731703613735,0.24582855505560453,0,0,-0.029654360347968287,0.1935340156184003,-0.17982160314593018
2013-03-21,90.0,91.1999969482422,88.66000366210938,89.02999877929688,1003300.0,0.19043529867688475,0.24529627383344538,0.17939678691493022,0.7414631883287554,0.4692472685099516,0.40692223296735197,0.4762411622503233,0.23901641147438468,0,0,-0.022319943347025136,0.19780097270379526,-0.16085758927230753
2013-03-22,89.11000061035156,89.69999694824219,86.33000183105469,87.01000213623047,1803400.0,0.18651808288999044,0.24432556548544299,0.12567442298391707,0.7412456748590127,0.4485920229852032,0.3628471354526567,0.5127879633825547,0.22677179896130595,0,0,-0.0312254163474541,0.19712460173411692,-0.1301808842659482
2013-03-25,87.44000244140625,88.1500015258789,86.97000122070312,87.4800033569336,1219300.0,0.1847281521872945,0.24340199043949112,0.15575280524591578,0.74110428912701,0.5076240336889095,0.3879949209245098,0.5467242787196266,0.2350505258312166,0,1,-0.012757161051595522,0.2120445522958988,-0.12044596137953409
2013-03-26,87.83999633789062,88.0,87.02999877929688,87.56999969482422,807100.0,0.1827569974939754,0.2422438738975255,0.16173556368869452,0.7410114964181534,0.5202826075667648,0.40954373958200474,0.578236571532622,0.240530522925209,0,0,-0.017261024793002098,0.1995885464547517,-0.10448101324774364
2013-03-27,88.44999694824219,89.05000305175781,87.51000213623047,88.72000122070312,1427300.0,0.18155255788419372,0.24129336529149464,0.23727220506887303,0.740863120689394,0.5598566393161929,0.4506452325688576,0.5885267168424667,0.2502215151842293,0,0,-0.024209148390722232,0.19241756494503587,-0.10597235139473644
2013-03-28,88.43000030517578,89.80999755859375,87.83000183105469,89.08000183105469,1130300.0,0.18006094896528052,0.24035520101978963,0.26018424674503127,0.7407496347561954,0.5463762555989562,0.4733281965855511,0.5852858566685479,0.2578959554212998,0,0,-0.023669955424110743,0.1901488110287057,-0.0951307746311972
2013-04-01,88.83999633789062,89.38999938964844,87.61000061035156,87.91000366210938,861700.0,0.1784801223762767,0.23929920563339596,0.21768011196098142,0.7406536990940938,0.5379260065057826,0.46444211605440844,0.584098313786523,0.25204523866266615,0,0,-0.028176857378115972,0.1847777994558702,-0.11787157368849015
2013-04-02,89.87999725341797,90.0,88.91999816894531,89.83000183105469,1542900.0,0.17769389099387928,0.2383240092148889,0.3339876758825856,0.7405100980296572,0.5641016529579542,0.5062467164602436,0.5724593155300604,0.262521124570634,0,0,-0.04038215532339224,0.17540672455899464,-0.12535543378456487
2013-04-03,90.75,92.56999969482422,89.87999725341797,90.5199966430664,1931300.0,0.17688256601173785,0.2376091636944106,0.3715222076430781,0.740343258419829,0.5398651151959755,0.5521020242348162,0.5248390679696998,0.2756341445032662,0,0,-0.049204030711900715,0.16197264561034205,-0.12067233793758182
2013-04-04,90.11000061035156,91.0,89.69000244140625,90.41999816894533,2179800.0,0.17613257857661818,0.2369055400625441,0.3669661746511642,0.7401533423717873,0.5519365350000074,0.5367822978000938,0.48278396407499136,0.2608338748148948,0,0,-0.04175871541624072,0.13654442188159654,-0.08296511726401744
2013-04-05,73.33000183105469,75.79000091552734,71.94999694824219,73.20999908447266,12459200.0,0.1702720860923566,0.23403269291294154,0.007366531375369856,0.7370735707413149,0.4813688819221758,0.12210475292568373,0.529953183023393,0.17623917800722563,0,1,-0.0152621644631537,0.3170758543411694,0.10285330248499559
2013-04-08,73.37000274658203,73.4000015258789,71.6500015258789,72.7699966430664,3425600.0,0.16435025606107329,0.23061557517581815,0.003185399230616226,0.7362203530696797,0.5189870604325388,0.2297083189061822,0.574377965439856,0.152980253406581,0,1,-0.023494075156571415,0.35691842071010166,0.12990021343755137
2013-04-09,72.75,73.43000030517578,72.06999969482422,72.44999694824219,2672300.0,0.15813568154689128,0.2269145394615532,0.0,0.735549090544969,0.48413163677059035,0.31749839521712764,0.6153427703859038,0.13483603802524557,0,1,-0.015116099008723847,0.3284320822922028,0.13618254939212793
2013-04-10,72.93000030517578,73.79000091552734,72.12000274658203,73.4000015258789,1959100.0,0.1525428442000185,0.22329430271517486,0.04218429806868901,0.7350755731149149,0.5114302148469846,0.37918438187153725,0.6497341913579582,0.14813781265892229,0,1,-0.0176673406930755,0.3138716193461658,0.12546579324750642
2013-04-11,73.37999725341797,76.76000213623047,72.95999908447266,75.9000015258789,2503200.0,0.14783381972984272,0.22005000565861194,0.1464278533815111,0.7345301845315036,0.5463307549416804,0.4308089803929266,0.653441046923747,0.1651338834378613,0,1,-0.02356942359093973,0.30367848027453365,0.10681204093055743
2013-04-12,75.61000061035156,75.8499984741211,73.86000061035156,74.9800033569336,1418500.0,0.14328092777766327,0.21668675504164653,0.1316364515470142,0.7342096986728518,0.5774490100406259,0.44576329047338126,0.6568831270919795,0.15550264086838025,0,1,-0.052173899932300434,0.26429508768526305,0.07839258008728067
2013-04-15,74.56999969482422,75.12999725341797,72.80000305175781,73.0,1409300.0,0.13828752052168075,0.213109162670639,0.10114780682620556,0.7338659242435267,0.580622176123742,0.44896242050268115,0.6641776027570544,0.14593386388341748,0,1,-0.03894369216076186,0.28140834261739117,0.12136567173519063
2013-04-16,73.44000244140625,74.55999755859375,73.08999633789062,73.94000244140625,1263300.0,0.13374299239371024,0.20951585948433965,0.1407873183144157,0.7335692297926616,0.5595531343754838,0.46265357820328057,0.6709510444460526,0.15451133920102442,0,1,-0.024520560486675943,0.30452048941834353,0.1349314859468643
2013-04-17,73.44999694824219,74.63999938964844,72.9800033569336,73.48999786376953,1407700.0,0.12922355573836664,0.20590123411035482,0.1330292383579879,0.7332332529391156,0.5413403569607683,0.47046155253774974,0.6777087274747419,0.1449534257959779,0,1,-0.024344000039622497,0.30051393680046706,0.14430626786623776
2013-04-18,73.73999786376953,74.18000030517578,72.19999694824219,72.54000091552734,1068800.0,0.12409074786703977,0.20211827783866482,0.1164550057154623,0.7329691212111568,0.515806914654401,0.47212888456931096,0.6873959372226066,0.13769655441193743,0,1,-0.028439194429763216,0.2984079594862426,0.12886108988951028
2013-04-19,72.47000122070312,72.4800033569336,71.13999938964844,71.37999725341797,1434800.0,0.1191698306327299,0.19804691380697798,0.09666281014366623,0.7325996502023263,0.5122261946620416,0.46828016929549476,0.7009184648588255,0.1279546391220598,0,1,-0.018334736893696368,0.31610146148023505,0.09222501181378177
2013-04-22,71.7300033569336,71.98999786376953,70.5999984741211,71.43000030517578,1311300.0,0.11482604066712548,0.1942796683505797,0.09919359690068968,0.7322631065781796,0.5349265612190881,0.47183109567608533,0.7157517031669364,0.13685802183715357,0,1,-0.015830833935180498,0.3290837597033493,0.07831320472099
2013-04-23,71.70999908447266,72.9800033569336,71.70999908447266,72.33000183105469,1214900.0,0.11060213714512257,0.1905853664544221,0.14594020094720178,0.7319618395729547,0.5372579263622849,0.48530890827879836,0.7168368027710978,0.1451068738622946,0,1,-0.015539697684575433,0.32913344583210014,0.07167860457381292
2013-04-24,72.19999694824219,72.73999786376953,71.20999908447266,72.3499984741211,1747100.0,0.10635871732425967,0.18708745060558735,0.14700752892055052,0.7315296393057905,0.5503098341629774,0.48692518541397006,0.7203902094081805,0.15696922415707104,0,1,-0.022120813405456585,0.3152219338389218,0.09401358882363874
2013-04-25,76.68000030517578,81.30000305175781,74.30999755859375,74.88999938964844,5904700.0,0.10250283695727003,0.18402831685156013,0.2742355255815434,0.7302130310407965,0.4523575822140461,0.5378874218881298,0.6654044056905911,0.19706058686416653,0,1,-0.08403596350080707,0.22695229461295138,0.019212155065153554
2013-04-26,73.73999786376953,75.19999694824219,73.2300033569336,74.19999694824219,1626600.0,0.09835420998026467,0.18087716224103423,0.2549040201078687,0.7298415508284394,0.44686947503648955,0.5129027265045667,0.6070178237542205,0.18601639993183103,0,1,-0.041928153494983994,0.2514354651424585,0.04980642792539758
2013-04-29,74.2699966430664,77.02999877929688,73.6500015258789,75.95999908447266,1840400.0,0.09502248315916773,0.17807950268692463,0.33488587834213246,0.7294517734355807,0.4681378215171562,0.5365614348892667,0.5642954190966584,0.19851223273047253,0,1,-0.049460893799029404,0.24663077903524555,0.01442048165541828
2013-04-30,75.30999755859375,77.25,74.27999877929688,76.43000030517578,1676000.0,0.09128648923577953,0.1752414436488718,0.35528961878469134,0.7291047288250744,0.462905326379905,0.5567163881028616,0.5259855934680046,0.20989183269272157,0,1,-0.06200630780991478,0.22722488604872387,-0.015929424684787783
2013-05-01,76.0999984741211,76.31999969482422,73.7699966430664,74.12000274658203,1903000.0,0.0867140809847402,0.17193093599400022,0.28248635122500165,0.7286712099945564,0.45662111298213937,0.5495827182764961,0.48642150936868167,0.19697096232985764,0,1,-0.07196127146459719,0.215491314339139,-0.014784734383174484
2013-05-02,73.30999755859375,76.12000274658203,73.0,74.5,1938500.0,0.08227549817527818,0.1688224257588452,0.3000907436273037,0.7282372829573208,0.45109001242645663,0.5873902370949762,0.4435861470706386,0.2101328683721129,0,1,-0.03656231764775029,0.25984891287822603,0.009174315703963445
2013-05-03,75.6500015258789,76.04000091552734,75.04000091552734,75.37000274658203,1074300.0,0.08287771904372754,0.16597651131314645,0.340568836398529,0.7280057501474463,0.5179383698675598,0.629725080133016,0.40381045350817,0.21742708331211538,0,1,-0.06778527586252098,0.22711406938181627,-0.015033593913852769
2013-05-06,75.5,77.55000305175781,75.0999984741211,77.5199966430664,1364500.0,0.08420204509711054,0.16333483832241635,0.43151216351496924,0.7277388690160217,0.5242848172559628,0.6761271411718786,0.37844159037705805,0.22669168005942375,0,1,-0.06501262236057324,0.2264826731162396,0.00742997927805098
2013-05-07,78.22000122070312,79.0,76.70999908447266,76.95999908447266,1434300.0,0.08545945842970487,0.1614338211103548,0.41013885686128815,0.7274514391587475,0.525271662530189,0.6953189379026143,0.3650835253072421,0.21695315963826992,0,0,-0.09829725330958956,0.1851135074243401,-0.04863266815941144
2013-05-08,76.63999938964844,78.70999908447266,76.56999969482422,78.69999694824219,1647200.0,0.08693712622352517,0.15964502449676343,0.4786462002324632,0.7271480438380608,0.5353004971005833,0.6937445140671417,0.3512968988861179,0.2281372151620269,0,1,-0.07848234131211114,0.20699065091841712,-0.056133052835441316
2013-05-09,78.77999877929688,79.87000274658203,78.22000122070312,79.16999816894531,1855600.0,0.08784881922329102,0.15808852448775834,0.4962355040334191,0.7268148699811515,0.5167176603180966,0.7114720382165093,0.346710331100066,0.24073625196987258,0,0,-0.10393901680269997,0.1752223818330828,-0.09987294682515385
2013-05-10,79.38999938964844,80.02999877929688,79.16000366210938,79.98999786376953,1279900.0,0.08924563317122969,0.1564680587718723,0.526886402281106,0.7265950152578372,0.5335082239857785,0.7025261425792655,0.34358211858125465,0.24942643692911037,0,0,-0.11102691826226731,0.1664772086649571,-0.1436150436977268
2013-05-13,80.23999786376953,80.41000366210938,78.22000122070312,78.33999633789062,1922200.0,0.09073445343970099,0.15475781623474,0.453415998102639,0.7262365706584583,0.5242222907950798,0.6612315547087311,0.3300901899362151,0.23637520360725167,0,0,-0.12051505997120115,0.15414429504116048,-0.14676832325666328
2013-05-14,78.5,79.12999725341797,77.5199966430664,78.86000061035156,1193000.0,0.0921061759150128,0.1532102940790947,0.4745461335088914,0.7260201241673135,0.5343785805068916,0.6356686593863496,0.30990028741609876,0.24447536038228934,0,0,-0.10084250568260393,0.17960174052266323,-0.12662750360823438
2013-05-15,78.5999984741211,80.08000183105469,77.5999984741211,79.91000366210938,1793700.0,0.09389610874482579,0.15169307196449439,0.5163079477728222,0.7257123263978272,0.5700506265629511,0.6442777222263636,0.2992897812513422,0.25665411244212594,0,0,-0.10144559901195181,0.15724069781773778,-0.10841992589638613
2013-05-16,82.56999969482422,86.22000122070312,82.0,82.5999984741211,2719500.0,0.09670089124247111,0.1505136332348433,0.6084665435720003,0.7253131355952466,0.5488157410111955,0.7379341490948286,0.32705832518155864,0.2751188034309901,0,0,-0.1497935261186691,0.04567640293588941,-0.17231880881011238
2013-05-17,82.55000305175781,83.18000030517578,81.72000122070312,82.62999725341797,1310200.0,0.09983745294785196,0.1492118736076486,0.6094090986417142,0.7251215953440074,0.5700413074681858,0.6922468506955014,0.34979558109134445,0.2840147174348915,0,0,-0.14467318157857717,0.04443097138912342,-0.15665862809259498
2013-05-20,82.18000030517578,83.55000305175781,81.4000015258789,82.87999725341797,1081400.0,0.1030297748993706,0.1479628577987228,0.6177219808862734,0.7249661588685828,0.5726467355370571,0.679486190340311,0.3727638580130722,0.29135713951077225,0,0,-0.14014283209449924,0.048892666704769015,-0.16023234060100205
2013-05-21,83.20999908447266,83.4800033569336,82.5,82.66000366210938,1169300.0,0.10590983606913057,0.1466072336198958,0.6049278583701142,0.7247959681598407,0.5596991189730522,0.6725421819171662,0.3940915437261052,0.2834178995132437,0,0,-0.15214769580402618,0.03631759454608737,-0.16759169703128354
2013-05-22,83.08999633789062,84.5,81.6500015258789,82.0199966430664,1540700.0,0.10860588459782544,0.14532342969942041,0.5671464813390699,0.7245631398152205,0.525621527494027,0.657260423551812,0.4193627895539934,0.2729569510276607,0,0,-0.15110086269564052,0.037866014325465935,-0.16815864118883425
2013-05-23,81.19000244140625,81.58999633789062,80.12999725341797,81.22000122070312,964100.0,0.11037072382789448,0.14402503740936695,0.5211958084671078,0.7244106778596026,0.6177696741793439,0.6045449049410954,0.42373364763258814,0.26641096515438845,0,0,-0.12911490369075,0.06132649335730116,-0.15447459542673497
2013-05-24,80.72000122070312,81.77999877929688,80.08000183105469,81.55999755859375,802700.0,0.11242273236709521,0.14293088657428227,0.5365806902189466,0.7242863271111789,0.628344309131411,0.6026747089134358,0.42901604784262315,0.27186108740361115,0,0,-0.12459988419702737,0.06771730998937783,-0.13986703323830876
2013-05-28,82.51000213623047,83.72000122070312,82.5,83.66999816894531,1229500.0,0.1145723224005955,0.14211840882491172,0.6226450148123783,0.724119483316323,0.6360833529104125,0.6489951552429835,0.44571453249948334,0.2802090695954878,0,0,-0.1460275137153244,0.04548797444246299,-0.12947530044249742
2013-05-29,83.30999755859375,83.72000122070312,82.37000274658203,83.29000091552734,1407300.0,0.11648492819733497,0.14133847600801386,0.5989526355880294,0.7239239647649044,0.6319925697914449,0.6341334147782703,0.4594963589046145,0.2706538720854203,0,0,-0.15190629093607486,0.03477953538654961,-0.0862913992913517
2013-05-30,83.13999938964844,84.69000244140625,83.04000091552734,84.12000274658203,1250200.0,0.11927298304656242,0.1407122857192431,0.6312090528009059,0.7237598760044474,0.6621444988031581,0.6455528267144414,0.4780463366038088,0.27914240184246314,-1,0,-0.15055829964806225,0.036979250776794,-0.04022089611355221
2013-05-31,83.63999938964844,84.33000183105469,82.9000015258789,83.20999908447266,1217300.0,0.12170137856498542,0.1398436985268126,0.5727893705091676,0.7235903444087984,0.6516509544727569,0.6261905305864969,0.4932309496669569,0.27087725444744776,0,0,-0.15501664871328344,0.030670491521822,-0.026509696323442782
2013-06-03,80.5999984741211,80.94999694824219,77.22000122070312,79.16000366210938,2903800.0,0.12275805160809666,0.13873608176786373,0.37350767003143837,0.723081100031891,0.6598763224323737,0.4885742607857718,0.4456120512356624,0.25116121484698306,0,0,-0.12017786455986205,0.06753999289047881,-0.0020430016922934314
2013-06-04,79.30999755859375,80.0,76.73999786376953,77.31999969482422,1551700.0,0.12270229136195893,0.1376486638947112,0.30701946914058764,0.7227839856609161,0.6201071366203809,0.4483855213649099,0.4053243920482986,0.24062557924947597,0,0,-0.10232438225616491,0.0872916036184686,0.02008595115876966
2013-06-05,77.25,78.18000030517578,75.75,76.83000183105469,1685300.0,0.12266604741468112,0.13645351434976832,0.29044097594650997,0.722454446426055,0.6360425625303702,0.41529092974912263,0.37595602453463406,0.22918283472896384,0,0,-0.0781169288588559,0.11601139751819703,0.05807032955886174
2013-06-06,78.12000274658203,79.05000305175781,77.47000122070312,79.0,1600000.0,0.12274968991100477,0.13549178385512556,0.3944166640657266,0.7221732823715842,0.6337718298509782,0.46495929318477525,0.3406283477664179,0.24004641464519205,0,0,-0.06664066932915946,0.10542754498343737,0.028244150946618866
2013-06-07,79.18000030517578,79.19999694824219,77.11000061035156,78.06999969482422,1385400.0,0.12244300430301314,0.13429663431018263,0.3594238098278607,0.7219186785551498,0.6270516545002995,0.45631562926048413,0.310981348272217,0.23063991238522796,0,0,-0.07822785196425039,0.08911393563958663,0.014683494084998023
2013-06-10,78.18000030517578,78.61000061035156,76.66999816894531,77.47000122070312,1338300.0,0.12174041541693931,0.13299375309344935,0.33722706991994944,0.7216659039359875,0.6032180019367546,0.44779692209369365,0.2874081879338951,0.22155320675904783,0,0,-0.06635071506884095,0.10298451321833897,0.02215964344429589
2013-06-11,76.56999969482422,77.81999969482422,75.25,75.33999633789062,1244200.0,0.12090399896217113,0.1315831393487505,0.26521640289552717,0.721407516654995,0.6126797258292999,0.4172594713562844,0.27773491361507163,0.21310541542669084,0,0,-0.046082349794389445,0.1245643652229611,0.06260485862526328
2013-06-12,75.91999816894531,76.06999969482422,73.66999816894531,74.0999984741211,1337300.0,0.11957688425834606,0.12981790895809686,0.2282690846376122,0.7211153553775899,0.5845081503155626,0.39332842866230766,0.28086556610634705,0.20402549953795834,0,0,-0.03875760964799466,0.13671361232304238,0.15091589194654279
2013-06-13,73.86000061035156,75.2699966430664,73.41999816894531,74.97000122070312,2132500.0,0.11819958448215023,0.12807287916559001,0.27424216814550095,0.7206669126866182,0.5826839746685127,0.41110110386263765,0.2856130623677785,0.21850461464505627,0,0,-0.011605946397582069,0.16680163110486712,0.1860998812347264
2013-06-14,74.91999816894531,75.45999908447266,73.66000366210938,73.98999786376953,1186000.0,0.11579906908679605,0.12622909469847732,0.2434061340746989,0.7204075824697255,0.6030758104711054,0.4228888086901944,0.28759891149857064,0.2104519860321521,0,0,-0.02000800287549911,0.1507269957018127,0.15846344790417066
2013-06-17,74.5999984741211,75.30999755859375,74.05000305175781,74.52999877929688,1181000.0,0.11354074508434525,0.12637722585421102,0.273072771899714,0.7201553651365541,0.5927650697340977,0.44043860325762424,0.28944291426287794,0.21847066595781806,0,0,-0.015948105679748758,0.15704829141875087,0.17961888497411377
2013-06-18,74.51000213623047,76.73999786376953,74.51000213623047,76.05999755859375,1095800.0,0.11163929176225684,0.12674643172591904,0.3526130213824308,0.7199365782810495,0.5931080838775196,0.47217752699549786,0.27236881574007554,0.22591086025294485,0,0,-0.014625036698483621,0.1571179293743057,0.17831747126257935
2013-06-19,76.33000183105469,76.62000274658203,74.4000015258789,74.44999694824219,970000.0,0.10935029685917813,0.12697087292285952,0.29487966527661913,0.7197292092906743,0.5907391360932943,0.464959732908241,0.25763333448332293,0.21932481492873152,0,0,-0.03825931837386161,0.13002892068238045,0.1671049104975497
2013-06-20,73.94999694824219,74.12000274658203,72.02999877929688,72.31999969482422,1970200.0,0.10664588450627432,0.12684967447102963,0.22913056260521864,0.7192713303442616,0.5859138478044609,0.4215858625454624,0.26557520207961416,0.20594767420938598,0,0,-0.025789096677600938,0.16480866051601148,0.19476159293976109
2013-06-21,71.9000015258789,72.3499984741211,70.0199966430664,70.91999816894531,2831200.0,0.10377418716072329,0.1262908155139308,0.191240772589845,0.718579828848194,0.5668118060005216,0.4004306360145609,0.28741822027801056,0.18672456954762015,0,0,-0.025995642847701058,0.19800884617328157,0.2327157342654023
2013-06-24,70.2300033569336,70.31999969482422,67.52999877929688,68.0199966430664,2239700.0,0.09999916063961528,0.1255097593951438,0.12466850285658104,0.7179766351560833,0.5318664602335275,0.37153589781861984,0.32208848905281384,0.17151759458613494,0,1,-0.03807113151927584,0.22546528872826854,0.25705014379881463
2013-06-25,68.66999816894531,69.29000091552734,67.83999633789062,68.5,1596100.0,0.09576968194384528,0.12500476670202787,0.1506256861168715,0.7175544568852096,0.510164722120048,0.38640842863252345,0.3542823100579885,0.18235469452631733,0,1,-0.01675976839032442,0.2580124069080907,0.28976771621881264
2013-06-26,69.22000122070312,69.22000122070312,68.16999816894531,68.58000183105469,1201400.0,0.09166845351588582,0.1244032642257335,0.155145394790825,0.7172380089178213,0.4969582307275828,0.40250009951109705,0.3841765724199363,0.1905118850959152,0,1,-0.024671568487682483,0.24817518248175183,0.30656934306569344
2013-06-27,68.80000305175781,70.1500015258789,68.58000183105469,70.05000305175781,1397900.0,0.0877456604281075,0.12401722594919506,0.23681867233121867,0.7168885167772491,0.5111790755375497,0.4309780879159544,0.39791779059503507,0.20000325907397484,0,1,-0.018518580323015517,0.254009881945747,0.3073781516307079
2013-06-28,71.12000274658203,71.22000122070312,68.69000244140625,68.80000305175781,2876200.0,0.08372807449647163,0.12359752115064554,0.20168053199309222,0.7161392867927011,0.47813410190413946,0.4432119297467964,0.3956007424638449,0.1804746162270651,0,0,-0.051249162182514275,0.19371875950951437,0.3080655711851343
2013-07-01,70.0,70.45999908447266,69.30000305175781,69.61000061035156,1886900.0,0.0810654812646126,0.12339889106807028,0.24575501068885452,0.7156625186687283,0.4611528434643153,0.46017500608996803,0.39344919777059695,0.19328617181702198,0,1,-0.03590117894100903,0.2135174678750385,0.3343023107527662
2013-07-02,69.69999694824219,69.97000122070312,68.69000244140625,68.94000244140625,2427900.0,0.07872909206672213,0.12311946201760854,0.22540957504130865,0.7150361191784099,0.4529632995669552,0.4582936472607111,0.39668159985563267,0.17680136826789042,0,1,-0.03117365536443648,0.2153427002115976,0.3275391876432087
2013-07-03,68.52999877929688,69.9000015258789,68.4000015258789,69.31999969482422,1347400.0,0.07663526227935963,0.12278167777648408,0.24731506845898965,0.7146937049376717,0.46136989134317835,0.4670929054480515,0.4021787423065236,0.18594986050484413,0,1,-0.014505366472099037,0.234406775309359,0.30026115237274825
2013-07-05,69.77999877929688,69.9000015258789,68.77999877929688,69.19000244140625,1692900.0,0.07390018115294489,0.12242706113052926,0.24287140565381493,0.7142622491335543,0.42805863683855827,0.47637427939427895,0.4072832317252081,0.1744555139797299,0,1,-0.03245816517463136,0.21508949405293537,0.2554818113450594
2013-07-08,69.55000305175781,69.69000244140625,68.22000122070312,68.5199966430664,1692900.0,0.07123758792108587,0.12171221561005091,0.2195496767208484,0.7138215911417732,0.4128848725502966,0.47230156725792377,0.417215512677634,0.16296116745461567,0,1,-0.02919503109096699,0.2188177316870279,0.23341513696521463
2013-07-09,68.98999786376953,69.70999908447266,68.4800033569336,69.36000061035156,2158600.0,0.06897647526819312,0.12116906832441915,0.2737276692060502,0.7132768047934624,0.4327584741083572,0.4860726699857381,0.42605360916480317,0.17761749470909707,0,1,-0.02130763508466101,0.22913025900192327,0.2600700608269431
2013-07-10,69.44000244140625,72.33999633789062,69.36000061035156,71.94999694824219,3667900.0,0.06803132484447438,0.12071906348482453,0.4154827996772149,0.7124373143047481,0.49870792430389943,0.543957910056783,0.3913215576894825,0.2025215726933055,0,1,-0.027537538138722544,0.21986735677340852,0.22981537877369584
2013-07-11,74.5999984741211,76.18000030517578,74.48999786376953,76.08999633789062,3204400.0,0.06858614716387784,0.12068090803613352,0.5749955686514874,0.7118227714369202,0.5622050250957517,0.6644000765576661,0.38208997905222064,0.22427860737053157,0,0,-0.09826268234465778,0.14023633627870036,0.18193196000691364
2013-07-12,77.37999725341797,79.83000183105469,76.86000061035156,79.79000091552734,3133100.0,0.06992998951612084,0.12131719862397766,0.6740139921904372,0.7113252814269052,0.5896402559321658,0.7274758502875687,0.39806331781018456,0.2455515337677407,0,0,-0.1294519509552937,0.09133926813156931,0.12774348388111098
2013-07-15,79.68000030517578,81.94999694824219,79.23999786376953,81.41000366210938,2776300.0,0.07199872783085653,0.12209264337037101,0.7096476526332638,0.7109250926722815,0.6309519033616461,0.7394439128336459,0.4237547750391566,0.26440188184363095,0,0,-0.1522747385194538,0.028449638012532707,0.07745331788776978
2013-07-16,81.47000122070312,82.0,79.7699966430664,80.43000030517578,1783300.0,0.07364368061732413,0.12266047932465418,0.6638473159205174,0.7106534157536412,0.6233327151484518,0.7088876367705311,0.4478551894833548,0.25229374305324986,0,0,-0.17123205766288818,0.006510241437853566,0.0168283387244845
2013-07-17,80.76000213623047,81.37999725341797,80.43000030517578,80.9000015258789,1129900.0,0.07499310027045103,0.1230397854954357,0.675242524193901,0.7104861755293123,0.615835028602351,0.693019531292626,0.4702341457529674,0.25996546739534127,0,0,-0.16449090273200243,0.01541710629198811,0.030585590888209307
2013-07-18,80.95999908447266,82.55000305175781,80.41000366210938,81.73999786376953,1295600.0,0.07702559251079188,0.12357619981913531,0.6957180666959067,0.7103041357302206,0.6370131180892057,0.6838044965488088,0.4971442319536288,0.2687622512325071,0,0,-0.16600741720480303,0.019653942364593575,0.03906061313359221
2013-07-19,81.3499984741211,81.79000091552734,79.94999694824219,80.29000091552734,1427000.0,0.07924767256596482,0.12375463101591405,0.6236876569030043,0.7100859102002978,0.6459514005816208,0.6508284116700154,0.5154652726715548,0.259073295894721,0,0,-0.16907267012481536,0.014680751272304709,0.024834827897599596
2013-07-22,81.5999984741211,81.5999984741211,79.87999725341797,80.33999633789062,1030400.0,0.081874019723429,0.12388592891064215,0.6251346431190318,0.7099289876401956,0.6487625969043656,0.6360293215152185,0.5314224848325383,0.266069441360772,0,0,-0.175239750085782,0.011832165485166867,0.04259556769146725
2013-07-23,80.61000061035156,80.77999877929688,79.5999984741211,79.91000366210938,1133500.0,0.08518901889610808,0.12387695191345777,0.6028248693299819,0.709752322824967,0.6643771519087376,0.6199190366993191,0.5418083068482932,0.25837327396386905,-1,0,-0.16280809593323053,0.024147405151066576,0.059621622278668726
2013-07-24,81.69000244140625,82.48999786376953,80.80999755859375,81.41999816894531,2835100.0,0.08879118525080182,0.12422259156222804,0.6497587729651577,0.7093485404566834,0.653572775418826,0.6289148328296715,0.5622195521499763,0.27762285860168073,0,0,-0.17719938697517004,0.010762114515574047,0.06044292304231712
2013-07-25,87.97000122070312,92.79000091552734,87.26000213623047,87.29000091552734,7381400.0,0.09400763561845238,0.12516861124157902,0.7813773819031259,0.7086776125598085,0.5334760602233808,0.7005039810823456,0.6160839090140351,0.3277406265977101,0,-1,-0.2510440051717214,0.05919921153550985,-0.013387423136800051
2013-07-26,86.76000213623047,88.19999694824219,86.33999633789062,87.6500015258789,2077600.0,0.09891461172766924,0.12603719843400946,0.7876434815395689,0.7084961674482896,0.5271470846811841,0.6660830364251386,0.6557236878047688,0.3418469851189324,0,-1,-0.22030018507552698,0.06908006319225786,0.01924619415231257
2013-07-29,87.29000091552734,87.83999633789062,85.62000274658203,86.80000305175781,1178600.0,0.10393311045627857,0.12650852546128954,0.74339468126017,0.7083847619881455,0.5732262004850911,0.6494642582131847,0.6844101501561479,0.3338446005631408,0,-1,-0.22544211970602504,0.06274957106961498,0.030462043610541046
2013-07-30,86.80999755859375,88.44999694824219,86.56999969482422,87.88999938964844,1440800.0,0.10902967438032762,0.12709880604897195,0.7654005644906704,0.7082623074599507,0.5981535181085703,0.6521959157854086,0.7129019328522602,0.3436272542777043,0,-1,-0.2221197937954039,0.06889404546872871,0.06002302881678467
2013-07-31,88.0,88.37999725341797,86.83999633789062,87.80000305175781,1514600.0,0.11428794599613995,0.12765093204413858,0.7603989972402517,0.7081326044996968,0.6297766609705286,0.6475220679767145,0.739358588212936,0.3333435179395048,0,-1,-0.23290478282918334,0.0544999539059219,0.029923737304379958
2013-08-01,88.26000213623047,89.19000244140625,87.38999938964844,89.04000091552734,2084400.0,0.11978599049915517,0.12836689915415556,0.7862016198441358,0.7079766979202547,0.6542048179570901,0.654765977579877,0.7665804803112454,0.3474960466753711,0,-1,-0.23610481362641098,0.05159451733306268,0.04271070466580054
2013-08-02,87.81999969482422,88.5,87.0199966430664,88.44999694824219,1251700.0,0.12515578260724292,0.12908847763656606,0.7512227343315961,0.7078768827172613,0.6818576369808752,0.6401841176318536,0.7868199562410159,0.3389973323121568,-1,-1,-0.22787512024821924,0.05581762319856878,0.03436654904683536
2013-08-05,87.98999786376953,89.22000122070312,87.66000366210938,88.7300033569336,1474000.0,0.1307904433293946,0.12993125457080645,0.7577991151117395,0.7077630564131384,0.7083056204941955,0.63628006935135,0.8082822868909247,0.34900540530998203,-1,-1,-0.23131712595134543,0.054267984368236946,0.04115318841422259
2013-08-06,88.77999877929688,89.06999969482422,88.02999877929688,88.45999908447266,1455600.0,0.13611562766599555,0.1307055768714861,0.7403434185747334,0.7076474457768908,0.6881353438034059,0.6262830510433781,0.8282115939229828,0.3391222634811934,-1,-1,-0.2359968629457957,0.045193305359174395,0.046883844299824284
2013-08-07,88.41999816894531,89.58000183105469,87.66000366210938,88.37999725341797,1535700.0,0.14069640186836097,0.13123413578753973,0.7348984594763177,0.7075246084164256,0.6353782679826453,0.6189993584526425,0.8487502286829864,0.3286952636828486,0,-1,-0.22891702701311098,0.04940089070551546,0.05290527191512553
2013-08-08,88.80000305175781,91.0,88.63999938964844,90.22000122070312,1800000.0,0.14463592473167425,0.13201182456918537,0.7833434939138125,0.7074092874665058,0.5969352666202395,0.635397022404182,0.8731897653253224,0.34091679108860534,0,-1,-0.23285814064967947,0.04514593785660277,0.05453722385851088
2013-08-09,89.93000030517578,91.16999816894533,89.69000244140625,89.87999725341797,1771100.0,0.1474490710535285,0.13265821459992772,0.7592406660250536,0.7072908684230957,0.5224511349049195,0.633877509774914,0.8965065597048583,0.3288914870950855,0,-1,-0.2406339923601196,0.03170029452067074,-0.008423876368293245
2013-08-12,91.93000030517578,94.33000183105467,91.52999877929688,92.6999969482422,2668900.0,0.15059678310644325,0.13372318783968107,0.8248527291228874,0.707177236978192,0.4864748122740989,0.6720540763153211,0.9281939672284807,0.34701261736909894,0,-1,-0.2637961705497383,0.02670228748574672,-0.054072104571262054
2013-08-13,92.56999969482422,93.69000244140624,91.72000122070312,93.0,1147600.0,0.15410136796683743,0.13527632051154476,0.8309671865483651,0.7071314177137277,0.5047569043853698,0.6654404770959664,0.9576179885004159,0.35480452006401364,0,-1,-0.26267528884296065,0.01898599993712112,-0.04940670962062566
2013-08-14,92.38999938964844,93.6500015258789,92.25,92.5,906400.0,0.15733551116651784,0.13697982923056973,0.7945708741128147,0.7070913931202168,0.49501698741269246,0.6615963615072927,0.9849402939672127,0.34865030204147035,0,-1,-0.2598924534295195,0.020860241305443394,-0.046129042102444555
2013-08-15,90.37000274658205,90.38999938964844,87.62999725341797,89.2300033569336,2386400.0,0.15942376578011347,0.13837136482283552,0.5938132844812857,0.7069195709180675,0.4961369924068141,0.5800925776063711,0.9441590851202797,0.33244727259641593,0,-1,-0.23945947595544778,0.042810800913217595,-0.038594591295397114
2013-08-16,89.30000305175781,89.72000122070312,87.45999908447266,87.48999786376953,1299700.0,0.16143116442071043,0.1393241174641186,0.5097599856434509,0.7068068754279418,0.48989901877662856,0.5521831908924245,0.9043532572550996,0.3236226508357148,0,-1,-0.23624342752438854,0.056371159812424305,-0.0391124662318291
2013-08-19,87.86000061035156,88.11000061035156,85.62999725341797,85.69999694824219,1333900.0,0.16292556199006575,0.1401803603222233,0.43401293236425786,0.7066710145363612,0.4766005877564082,0.4868175128280091,0.8474505443780509,0.3145658200543043,0,-1,-0.2215110038474857,0.07395132447914257,0.01268717153336707
2013-08-20,85.81999969482422,87.0199966430664,85.38999938964844,86.80999755859375,1037100.0,0.164849318134339,0.14122850030097106,0.47762656459980635,0.7065753226078818,0.49891635269231643,0.46004417696676836,0.7921234755350182,0.32160745676125446,0,0,-0.19206534038050826,0.09929991177677638,0.0473745356262469
2013-08-21,86.08000183105469,86.76000213623047,85.25,85.37999725341797,1254300.0,0.165953387599379,0.14235519521235307,0.4194586448135168,0.706444452244349,0.4944447018106455,0.416647162518778,0.73922113154564,0.3130910890806763,0,0,-0.13351001374539037,0.09503513687385512,0.027300946709367606
2013-08-22,86.16999816894531,88.08999633789062,85.7699966430664,87.69000244140625,1206400.0,0.16606491021877157,0.14388027359077454,0.5065397895058744,0.7063424568671314,0.6325190806862421,0.48141832973491094,0.7015137393427825,0.3212822283375124,0,0,-0.10904190510759296,0.09557277962763926,0.06289532582957605
2013-08-23,88.22000122070312,88.30000305175781,86.66000366210938,87.0999984741211,1047400.0,0.16591156635121723,0.14524150914199524,0.48191117751009604,0.7062487506535279,0.6097508817489775,0.4887632123449817,0.6682530291498696,0.3141706573348515,0,0,-0.10240623910272964,0.0696772772293421,0.043334420305238416
2013-08-26,86.86000061035156,87.38999938964844,85.66999816894531,85.86000061035156,843900.0,0.1656494885147124,0.14657356795405985,0.4315985300054248,0.7061644271645283,0.597263956358649,0.44621162965367706,0.625221797449635,0.3084407979027859,0,0,-0.08335249441350495,0.08576350575852854,0.022158442468276477
2013-08-27,84.23999786376953,84.88999938964844,82.5999984741211,82.83999633789062,1436700.0,0.16424151996500574,0.14750612085337123,0.32707574804904493,0.7059841760914364,0.5679483527227701,0.3544956485258105,0.581201219261494,0.2986859821117577,0,0,-0.054041455353647225,0.11751693332819121,0.04262757554264579
2013-08-28,82.77999877929688,83.75,82.2699966430664,83.22000122070312,699800.0,0.16296459033355148,0.1483096207493822,0.34340031078394384,0.7058987330022956,0.5649596467036985,0.37217108457319215,0.5431958771986306,0.303437440377618,0,0,-0.03838725791591162,0.13942544136104557,0.07774025502293055
2013-08-29,83.29000091552734,84.91999816894531,83.29000091552734,84.12000274658203,607700.0,0.16159286785823962,0.1493947945872824,0.38222535684914494,0.7058292285685083,0.5355110149653315,0.42554931561439646,0.49556908197627203,0.30756356382455047,0,0,-0.044340331498195974,0.13266042722408472,0.08663781517319881
2013-08-30,84.5,84.62999725341797,82.77999877929688,83.37999725341797,818700.0,0.160179324134766,0.1506359541323869,0.35565964061829325,0.705730518552112,0.5106872662170743,0.428271601565014,0.45626959768279896,0.3020048057761654,0,0,-0.05825013511519415,0.11685688908817929,0.06787920706177895
2013-09-03,84.22000122070312,86.11000061035156,84.16000366210938,85.0199966430664,1502800.0,0.1591449539138396,0.15221826439958203,0.4261916576283298,0.7055704436573956,0.4983111603137338,0.47706687712756096,0.4171153724878809,0.31220842321248277,0,0,-0.055409005741993415,0.1212521101388872,0.039937658200368695
2013-09-04,85.0999984741211,86.0,84.11000061035156,85.4000015258789,1160200.0,0.1582918098106535,0.1541686589489466,0.4418663689831769,0.7054507674232876,0.5098376220195079,0.48457273132052747,0.38021729736948706,0.32008587659923776,0,0,-0.05045872835702122,0.10856273490204035,0.04022580926818023
2013-09-05,85.43000030517578,87.18000030517578,85.27999877929688,86.5199966430664,1408900.0,0.15777323143852784,0.15619087375666285,0.48737570633357163,0.7053189929525506,0.5237276918748988,0.5179010275999224,0.35764635326678007,0.32965193768922146,0,0,-0.03700238414107983,0.10421547267984427,0.00573767980110687
2013-09-06,86.75,87.81999969482422,85.73999786376953,86.87999725341797,1214600.0,0.15684202001278497,0.15824451019496277,0.5017840494556542,0.7052092451589352,0.5153087374157803,0.5345943989112153,0.3426931939485661,0.3378987527931282,0,0,-0.051779976083628464,0.08760982576462137,0.012251474800290537
2013-09-09,87.51000213623047,88.79000091552734,87.1500015258789,88.44000244140625,990200.0,0.1564405415609359,0.16030824693233608,0.5614353844128042,0.7051329421238711,0.5474553821667095,0.576993172734856,0.3375410129334524,0.34462195081378394,0,0,-0.06031314064018244,0.07849907815870583,0.02992631855796711
2013-09-10,88.87999725341797,90.22000122070312,88.4000015258789,89.95999908447266,1428400.0,0.15567661512784026,0.1626828343507548,0.6131663586346011,0.7050413619912023,0.5723469997005688,0.6323873564801581,0.3444296222362039,0.3543204117839967,0,0,-0.07473994151832883,0.061623749742063506,0.02001361627769753
2013-09-11,89.2300033569336,93.1999969482422,89.1500015258789,92.0199966430664,2209200.0,0.15540338481668453,0.16519769751726132,0.6740631249336485,0.7049384123096577,0.5822126403755612,0.7053857097472723,0.37025285902522664,0.3693202997533288,0,0,-0.07736779440528589,0.05669184666545148,-0.03245893539414058
2013-09-12,91.94000244140624,92.29000091552734,90.58000183105467,90.62999725341795,1491100.0,0.15488201779411687,0.1676317617158813,0.6019364094368678,0.7048515707319544,0.5681995711078313,0.7057501819668391,0.3942315789007478,0.35919612224514885,0,0,-0.10508591774729707,0.025972608963668344,-0.07378831953086087
2013-09-13,91.0199966430664,92.04000091552734,90.4000015258789,92.01000213623048,1166900.0,0.1556570967018634,0.1701780473691466,0.6431390167102191,0.7047972815014371,0.5808908591363706,0.701225871770825,0.41382951151462277,0.36711906687280305,0,0,-0.0965464003660224,0.03652218126778588,-0.09169146872373267
2013-09-16,93.0,93.18000030517578,90.56999969482422,90.87999725341795,988100.0,0.15660224712558207,0.17261211156776662,0.5862007089054646,0.704741951180537,0.5896243004274927,0.68354447705465,0.43917793442938413,0.36041012730078736,0,0,-0.11661779271612988,0.014454970113852033,-0.09477231842460178
2013-09-17,91.06999969482422,92.43000030517578,90.56999969482422,91.62999725341795,780800.0,0.1582555637362586,0.1752055296669074,0.610168680287346,0.7047032019117548,0.6129629716751236,0.6629785651470816,0.4627157557073768,0.36571155429990676,0,0,-0.0968310224220088,0.03587150346340759,-0.07603428962972336
2013-09-18,91.6500015258789,93.31999969482422,90.87999725341795,92.94000244140624,964600.0,0.15996464272019,0.17785169158431724,0.6500864725780608,0.7046660140495956,0.6111590153443194,0.6647022762811527,0.4901499227035734,0.37226093504190283,0,0,-0.10236827637209833,0.02924806706873276,-0.08905384597515081
2013-09-19,93.19000244140624,93.48999786376952,92.43000030517578,93.0999984741211,697500.0,0.16211702140413226,0.1802251574131975,0.6548966242247879,0.704640085769327,0.6320206614489405,0.6617310131095215,0.5166820255504044,0.3769967769116336,0,0,-0.1174952174681114,0.012265971160987939,-0.1253497010958613
2013-09-20,94.33000183105467,94.66000366210938,93.33000183105467,93.62000274658205,1674200.0,0.16377033801480878,0.18219238522356762,0.6710187014428506,0.704585247618308,0.6024236995409414,0.6627395822134673,0.5483559605708606,0.3883641553464769,0,0,-0.1295381888898803,0.0035445954507338897,-0.16004298356697214
2013-09-23,93.58999633789062,93.7699966430664,89.12999725341797,89.16999816894531,1795300.0,0.16434746528351424,0.1832450141289952,0.45333948626880805,0.704459418145088,0.5805999814068546,0.5909532495107126,0.5173654348640835,0.37617453970672404,0,0,-0.12091432773684145,0.01142925969693816,-0.14996787945133228
2013-09-24,87.48999786376953,87.97000122070312,86.05000305175781,87.06999969482422,2232900.0,0.1646848196650167,0.18388018227112551,0.377488829962045,0.7042638834538671,0.5941998094633214,0.514376714881036,0.4759977202563136,0.3610137349598828,0,0,-0.05853988256019795,0.08040827571573168,-0.0869126405645598
2013-09-25,86.97000122070312,88.3499984741211,86.04000091552734,87.98999786376953,1130400.0,0.16612066833779227,0.1847285697215843,0.413955999155337,0.7041737872705741,0.6268532866604416,0.5174579878783023,0.4340432745290359,0.368688854170698,0,0,-0.053979609441943126,0.08831977108486626,-0.0662685688834788
2013-09-26,88.19999694824219,89.56999969482422,87.30999755859375,88.0999984741211,943500.0,0.16748123833845308,0.18553655768809985,0.4184009020605013,0.7040995370112298,0.618620429937707,0.5296069715772774,0.3964998983525908,0.3750949714525489,0,0,-0.06739402715246,0.07341751188434952,-0.08876006078197177
2013-09-27,87.45999908447266,87.9800033569336,86.37000274658203,86.80000305175781,715200.0,0.16822843712313074,0.1861043944985583,0.36939465022503704,0.7040355082626327,0.6127444799443622,0.49204886658803465,0.3578958304796722,0.37023895122999484,0,0,-0.058910357903476984,0.08172536552031476,-0.06174804240211448
2013-09-30,86.0,86.87000274658203,85.30999755859375,85.80999755859375,964500.0,0.16890593453657765,0.18672385182539686,0.33417332600380123,0.7039412355973641,0.6117448812643036,0.4577643127181646,0.3315074088028628,0.36369024946174355,0,0,-0.04297238739392022,0.09976962393590606,-0.03617510690381074
2013-10-01,86.0999984741211,89.0999984741211,85.58000183105469,88.97000122070312,1533000.0,0.17000721747829273,0.18769231613814696,0.4642923324625221,0.7038321352014688,0.6389960793780642,0.5026520022495448,0.3035935405826118,0.3740989169689797,0,0,-0.044633515208288434,0.09975533657535932,-0.022957712116912096
2013-10-02,88.18000030517578,89.95999908447266,87.94000244140625,89.87999725341797,1095500.0,0.17125626485956108,0.18881115478570787,0.49655091375813776,0.7037626146169281,0.6489810304754376,0.5354662965613087,0.2847774162509993,0.3815370743428722,0,0,-0.06642692571677891,0.07283357612707002,-0.03978870256217995
2013-10-03,89.95999908447266,91.13999938964844,87.6500015258789,88.44999694824219,1245100.0,0.17179435953054673,0.18960006545596553,0.4400756266330731,0.7036688082869157,0.630136539754456,0.5243141601193342,0.27660570939922813,0.37308317224681237,0,0,-0.08555855225188955,0.05229199734380262,-0.06575429698836686
2013-10-04,89.88999938964844,91.68000030517578,89.5,91.54000091552734,1408600.0,0.17309359411130282,0.1900770029994639,0.5438878681458647,0.7035991904045623,0.6490924405627906,0.5798637286018443,0.27315112102587824,0.3826471964155618,0,0,-0.08615040146401574,0.053928823482630256,-0.05958164867038065
2013-10-07,90.86000061035156,93.25,90.51000213623048,92.0199966430664,1592900.0,0.17409171613071722,0.19056740646682663,0.558335355917336,0.7035269660299511,0.6421853744258775,0.6089106023154803,0.28131174689852523,0.3934625691959117,0,0,-0.09383880141329656,0.041511940285694736,-0.07614159002614614
2013-10-08,91.98999786376952,92.7300033569336,88.69999694824219,88.79000091552734,1782300.0,0.1737655142238657,0.1907907252180533,0.4363079194270123,0.703398278296952,0.5957215030303143,0.5432968086283294,0.26907884486134326,0.38136122014297824,0,0,-0.10562922816011101,0.029015495498184628,-0.10834602895472219
2013-10-09,89.2699966430664,89.88999938964844,86.0199966430664,87.9000015258789,1472400.0,0.17261683698733893,0.1907918476637671,0.40678150795897805,0.7032812199130528,0.5792770785045496,0.47583545722908815,0.24073331154784158,0.37136401072506925,0,0,-0.07883770613607304,0.06070511277695437,-0.08683409173300677
2013-10-10,87.7300033569336,89.5,87.51000213623047,89.22000122070312,1529000.0,0.1722237223596988,0.19095120070811272,0.4533529325094523,0.7031766535347937,0.6219812578551627,0.5077295465243434,0.2144124591853043,0.3817455192825148,0,0,-0.0563140442742697,0.07883959254694095,-0.054835035394227474
2013-10-11,88.7699966430664,91.0999984741211,88.31999969482422,90.5,1105700.0,0.17180272548187264,0.19111504267913826,0.4960924125384065,0.7031129161862194,0.6135212696579265,0.5530626341242938,0.19646066511770263,0.3892529319783733,0,0,-0.0671373882740945,0.06601666597686862,-0.06534402736936222
2013-10-14,89.62000274658203,90.58999633789062,88.9800033569336,90.20999908447266,1081200.0,0.17161592631748251,0.19131255117217494,0.4847998796782854,0.7030480516315242,0.6361170029160027,0.5547345404747309,0.17979114205492971,0.3819118678499821,0,0,-0.060884001505309045,0.05569061785113087,-0.09635360464865332
2013-10-15,89.9000015258789,90.37000274658205,87.51000213623047,87.55000305175781,2005300.0,0.17047840155560667,0.19118013083173302,0.388996039504126,0.7028836079071182,0.6009940533203963,0.5049737872787136,0.15801622949457542,0.3682964073462243,0,0,-0.06418358246634706,0.05276579297792922,-0.08934713745469491
2013-10-16,88.36000061035156,88.5999984741211,87.41000366210938,88.5199966430664,1322300.0,0.16924607969563915,0.19118686379366512,0.4251581200660237,0.7027860065928232,0.6091906434645981,0.4982966224229379,0.13873137805274113,0.37727447717324214,0,0,-0.035179916889709895,0.07195891298865377,-0.06830386234707879
2013-10-17,87.5,88.05999755859375,85.87000274658203,85.91999816894531,2228300.0,0.16724425622880917,0.19091080122416942,0.34157022401861814,0.7025737665494306,0.5697598546654774,0.439776814808154,0.1347734017154131,0.36214490521866005,0,0,-0.024740200231105503,0.08088571999138461,-0.059195640109414416
2013-10-18,86.63999938964844,88.05999755859375,85.91999816894531,87.80999755859375,1877500.0,0.1656243949149685,0.19064034917089207,0.41124190627832746,0.7024247159610314,0.6104213252625525,0.47295479560176157,0.1310981379736085,0.3748926372766091,0,0,-0.015479537469722617,0.093342696035574,-0.053421746225660656
2013-10-21,88.18000030517578,90.12000274658205,88.01000213623047,90.11000061035156,1687800.0,0.16588647275147334,0.1906661602852574,0.48609713565746615,0.7023231090873442,0.6690545175935547,0.5905067855817954,0.11204739624759394,0.38635235614074037,-1,0,-0.03268423671993544,0.07379573553238769,-0.06946815446670175
2013-10-22,91.2300033569336,91.70999908447266,89.52999877929688,90.6500015258789,2046500.0,0.16688459689800478,0.19043610857209853,0.5026613576502491,0.702209280328214,0.6676344773270901,0.645274953212293,0.10870173030823152,0.400247553827341,0,0,-0.06569754475908605,0.03806459085498833,-0.09344141317620387
2013-10-23,90.48999786376952,90.83000183105467,85.58000183105469,86.30999755859375,5614100.0,0.16641620359824993,0.1896853524943567,0.3656547633280781,0.701697234001836,0.5852012886349539,0.4802967929773407,0.1053977403747883,0.3621292888225305,0,0,-0.05714285954751994,0.04600116633367511,-0.09917261679475028
2013-10-24,88.04000091552734,91.68000030517578,84.19999694824219,85.1500015258789,6629900.0,0.16559372826857466,0.1888605312668356,0.334864316540458,0.701033002957613,0.5056514982409208,0.4579181932536561,0.11198630628537079,0.3171140085184046,0,0,-0.04449083624035873,0.07670030047316213,-0.05155839072542806
2013-10-25,85.5,85.87999725341797,82.36000061035156,82.70999908447266,3222200.0,0.16445341272913983,0.1881288524853516,0.2751603799704163,0.7006472286993349,0.46728802287308924,0.3231279320336512,0.1297821895185771,0.29523611651461046,0,0,-0.03687609316946547,0.1075749089602242,-0.003758070335758761
2013-10-28,82.55000305175781,84.86000061035156,82.5199966430664,84.27999877929688,2697800.0,0.16402684067754675,0.18776862446700332,0.33139287802556583,0.7003599077037225,0.49640988463841185,0.3531505935839401,0.14630693823512583,0.3135534702008608,0,0,-0.0022972124713989944,0.14641519458830463,0.026236225280683038
2013-10-29,84.5,85.31999969482422,83.16000366210938,84.16000366210938,2091900.0,0.16268578697574576,0.18759580549879334,0.32824341554755554,0.7001355906572416,0.4695393780978856,0.3939301268877662,0.15663343723050452,0.29935001843413717,0,0,-0.025391545095443474,0.12055059099745916,-0.0030849803037056697
2013-10-30,84.63999938964844,84.75,83.0,83.48999786376953,1326800.0,0.1609042200972588,0.18722323314611916,0.3099876318425536,0.6999862829795881,0.44236514690434153,0.4023421821105741,0.16738045191886683,0.2903413947886049,0,0,-0.027091239069460486,0.11905898094645825,-0.03148765934609855
2013-10-31,83.33000183105469,83.5,81.06999969482422,81.54000091552734,2737600.0,0.15897767530254353,0.18679230645895772,0.25943108211557997,0.699635209834843,0.4252276943354537,0.3793708528343977,0.19058409690418113,0.2717538095519384,0,0,-0.027069136352334204,0.1357049002389703,-0.022278125020275145
2013-11-01,81.47000122070312,81.9000015258789,78.73999786376953,79.43000030517578,7302400.0,0.15560134070995973,0.18586536407586457,0.21072842976695116,0.6985779206011417,0.3340898538127791,0.3593178920931364,0.22544761901060897,0.22217243081427282,0,0,-0.03348054116116315,0.1508461526153974,0.024159936210253162
2013-11-04,79.7300033569336,80.47000122070312,78.13999938964844,79.55000305175781,2533200.0,0.15212463809975135,0.18501809907111955,0.2160276850643988,0.6982153986830103,0.340402818945554,0.3774338349465007,0.2609334405065712,0.23937219371664115,0,0,-0.020017675452300723,0.17021272304068494,0.05690540885937623
2013-11-05,79.5999984741211,80.55999755859375,79.11000061035156,79.73999786376953,1962700.0,0.14960144761035377,0.1843313087002587,0.22492564114938918,0.6979381719477719,0.3650684212183614,0.41142361226670954,0.2926953903165238,0.25269841140512933,0,0,-0.018353224744978747,0.1715902074447159,0.05669392788452962
2013-11-06,80.33999633789062,81.41999816894531,79.9000015258789,81.19999694824219,1594100.0,0.14773344958510115,0.18414726698726164,0.29249124006117233,0.6977322977610715,0.38510960049261256,0.44764526517935466,0.3106680043106038,0.2635219318704165,0,0,-0.027589628883621688,0.16190122909415242,0.05818920420552445
2013-11-07,81.11000061035156,81.79000091552734,80.12000274658203,80.38999938964844,1618500.0,0.14527159664272526,0.18382968248810877,0.2691219968694343,0.6975129682552984,0.3476738337860789,0.45651159995247226,0.3224261282164944,0.2525327418114069,0,0,-0.03657637108775063,0.14950738726488638,0.08608372076941131
2013-11-08,80.37000274658203,82.12999725341797,80.33999633789062,82.0199966430664,1911900.0,0.14290732519464888,0.1835940185463812,0.34222458749182283,0.6972795843486811,0.3655650157010921,0.47757632104954,0.3286939690822682,0.2655140408375548,0,0,-0.027739810596649216,0.16021889975379805,0.1136957265710014
2013-11-11,82.2300033569336,83.18000030517578,81.33000183105469,82.86000061035156,1577600.0,0.14085810530589016,0.1835356642118937,0.37775562193679313,0.6970980694445673,0.3734316079692034,0.502159344549312,0.3204966864682639,0.27622553063495586,0,0,-0.049865936779831685,0.1343574383576616,0.08790538136509612
2013-11-12,83.5,84.87000274658203,83.5,84.12999725341797,1981800.0,0.1399045889308454,0.18343578794774923,0.42932005469300405,0.6968908081297328,0.4039767880623337,0.5446909015404584,0.2928409746821288,0.28968143230869403,0,0,-0.0646874314611331,0.11766835539682519,0.06975620005697646
2013-11-13,83.8499984741211,85.30999755859375,83.80999755859375,84.63999938964844,2064400.0,0.1388228244151073,0.18335050005318287,0.44953025020854187,0.696683845444905,0.3882048621808521,0.5602669024366485,0.26231537877910005,0.3036981662956075,0,0,-0.06787114312238582,0.11173186536027148,0.0638298219647673
2013-11-14,83.31999969482422,85.12000274658203,82.05999755859375,84.05000305175781,2406100.0,0.13830145951965667,0.18307331589414855,0.42527958463465365,0.6964316947147723,0.43683571074819544,0.5419669629892312,0.2510598555408745,0.28736137902283454,0,0,-0.06120038211873263,0.1173204203306059,0.07762287030011175
2013-11-15,84.2300033569336,85.48999786376953,83.93000030517578,84.62000274658203,1673500.0,0.13741207146919265,0.18281969795805203,0.44985663987131963,0.6962643616882634,0.4089891813557739,0.5728411650689086,0.2362191181133391,0.2987240046414645,0,0,-0.0724569154808352,0.10731702933445358,0.07888158254242097
2013-11-18,84.73999786376953,85.41000366210938,83.77999877929688,83.88999938964844,1654900.0,0.13567790101263455,0.1823090938925424,0.41774771209931216,0.6960894214488315,0.3560348964135387,0.5735161350397066,0.22393666559060063,0.2874876681393607,0,0,-0.07799572512289572,0.09442218428061673,0.04904279592506316
2013-11-19,83.70999908447266,84.0,81.05000305175781,82.0199966430664,1785200.0,0.1332718083163963,0.18141806206671285,0.3425126785130107,0.6958741432757686,0.34464420220210795,0.5194758042281336,0.23643509347759314,0.2753666288478291,0,0,-0.06639646841517949,0.09536297601865468,0.05149600341226469
2013-11-20,82.29000091552734,83.31999969482422,81.38999938964844,81.55999755859375,906400.0,0.13194748226301328,0.18024423470945533,0.32529010122909374,0.6957616278164861,0.40105886775550204,0.5170467363390232,0.24804077651551484,0.2692124108252858,0,0,-0.05059743593917506,0.11485001895256278,0.0669348706225975
2013-11-21,82.06999969482422,83.18000030517578,81.5999984741211,82.91000366210938,918400.0,0.13132295857237913,0.17937789240845242,0.39281735032841114,0.6956576988290414,0.4957681065971516,0.5454497032224169,0.258817482193585,0.2754481056972008,0,0,-0.04818539017675201,0.11819518977698519,0.09281510448042661
2013-11-22,83.19999694824219,83.43000030517578,81.66999816894531,82.94000244140625,1228800.0,0.13138708476984284,0.17836005161457458,0.39429705215477984,0.6955190859809944,0.5491092627003507,0.5535246746091056,0.26498004678863263,0.283791335072864,0,0,-0.06103000042329289,0.10264143963751406,0.07441811031012645
2013-11-25,82.97000122070312,83.01000213623047,80.81999969482422,80.9000015258789,1401400.0,0.13044472299656612,0.17724009052129985,0.31143169424602424,0.6953382357531971,0.5037294962040978,0.5046348476980932,0.2784915582346136,0.2742761970137377,0,0,-0.05823488894236395,0.10537735238124674,0.06136961885775807
2013-11-26,81.22000122070312,82.69000244140625,80.76000213623047,81.83999633789062,2178000.0,0.129797892229513,0.1761414507595354,0.360448695194475,0.6950740873299178,0.5108022618967116,0.5187838526133749,0.2915871311902716,0.2890642451747033,0,0,-0.03807171536417627,0.1296662257838637,0.09023479956336099
2013-11-27,81.87999725341797,82.6500015258789,81.36000061035156,82.37999725341797,1276100.0,0.12948841797107935,0.17495640065749074,0.3879842306042455,0.6949251089963594,0.5334236520694151,0.541964431863331,0.3037473060776681,0.2977286291316401,0,0,-0.04569890067355699,0.12011244221553749,0.12377816881844705
2013-11-29,82.55999755859375,82.68000030517578,81.77999877929688,82.26000213623047,625400.0,0.12968915826056243,0.17373992978103764,0.3825552056495175,0.6948515623980841,0.5627783477808643,0.5475091934854158,0.3144517946163975,0.2934823273318844,0,0,-0.0536537790277958,0.11107067044117036,0.14518086286991752
2013-12-02,82.11000061035156,82.55000305175781,81.80000305175781,82.05000305175781,935300.0,0.13041962939682222,0.17244153749098418,0.3725656542710778,0.6947400809487697,0.6276476014184287,0.5349068938276614,0.32439167683093195,0.2871318858971042,0,0,-0.048261623117009184,0.11670311481663438,0.18708970325774024
2013-12-03,81.36000061035156,82.2699966430664,81.25,82.08000183105469,1289900.0,0.131125006933338,0.17164589385879442,0.37439770631580405,0.6945868097140268,0.6323677839827249,0.5076406760269891,0.3399752549882662,0.2958899682308185,0,0,-0.039244376611076076,0.12614257268939078,0.19975623132286163
2013-12-04,81.58000183105469,83.25,81.52999877929688,82.80999755859375,2270700.0,0.13198093968696617,0.17116783386958223,0.41948706254977075,0.6943307248715557,0.6556788931087753,0.5428847147411798,0.33362120938495976,0.3113074250531806,0,0,-0.0419103601933003,0.12305066092603076,0.18689078942109386
2013-12-05,82.62000274658203,82.83999633789062,81.4800033569336,81.5,1586300.0,0.1320645821832898,0.17043952242523952,0.35007159805500365,0.6941355455289323,0.6100797111639029,0.49273153351347504,0.32839981922463335,0.30053686453998507,0,0,-0.05409978854019026,0.10940705018356245,0.18814146432785794
2013-12-06,82.55999755859375,84.04000091552734,81.19999694824219,83.58999633789062,1772300.0,0.13295675888419578,0.16993340728640982,0.46816229414957944,0.6939474247598959,0.6494252535545292,0.5630400925751099,0.3003852528615707,0.3125703162184421,0,0,-0.05423310636742715,0.04073619257453029,0.18306755580785083
2013-12-09,83.94000244140625,85.61000061035156,83.69000244140625,85.18000030517578,1581800.0,0.13383778523756784,0.16975160960866498,0.5415666363015706,0.6937998728603824,0.6357123439964358,0.6863250395830262,0.28209172024849327,0.3233103229131232,0,0,-0.06938632977459196,0.019978445293797876,0.2219164521479314
2013-12-10,84.80999755859375,85.30999755859375,84.48999786376953,84.72000122070312,1162500.0,0.1343563636096935,0.16962928956729656,0.5152276783478632,0.6936873116149672,0.6093969095372764,0.6646313916837534,0.26510486853634996,0.31541725313023866,0,0,-0.07830474460024185,0.009391911820751685,0.23597095599322615
2013-12-11,85.5,85.5,84.13999938964844,84.23999786376953,1955500.0,0.13438703238320437,0.16909848575981534,0.4876145755457997,0.6934907708814096,0.5836513172965462,0.6462088266377427,0.2430126040077584,0.3021399215513735,0,0,-0.08687441577317861,0.0012984018976227485,0.24787535053609283
2013-12-12,83.91999816894531,84.43000030517578,81.70999908447266,81.98999786376953,1493800.0,0.13364819742273565,0.1682130653063793,0.3735989710562939,0.6933141155473278,0.5596519282564252,0.5290662200010737,0.23870048409781616,0.29199741175208493,0,0,-0.06861347252933364,0.020061757885360736,0.30650522732181873
2013-12-13,82.4000015258789,82.47000122070312,81.22000122070312,81.47000122070312,982500.0,0.1329288787611269,0.16742976600851522,0.35041077819017097,0.6931939979131135,0.5372489498888141,0.46507797503799264,0.2404456855137855,0.28532649470977606,0,0,-0.051957583207999036,0.03915110584349849,0.3058909926150548
2013-12-16,82.41999816894531,84.16999816894531,81.79000091552734,83.44000244140625,1962000.0,0.1325998882038334,0.1665207793321415,0.4530816101423978,0.692985209760227,0.5534852667881017,0.575420743772034,0.2153662866229559,0.2986479595820509,0,0,-0.05253465956999696,0.03915554674860626,0.3379157771793549
2013-12-17,83.7300033569336,85.13999938964844,83.62999725341797,84.25,1701000.0,0.1327002583485749,0.165648825658745,0.4905141759027427,0.6928154644929579,0.5727226744623505,0.6735062789318201,0.19514354679398796,0.31019730298049103,0,0,-0.055369158813559693,0.022531126538954165,0.2791226342842889
2013-12-18,83.94999694824219,84.26000213623047,82.52999877929688,84.11000061035156,1435300.0,0.13328296291816433,0.16512363322365736,0.4829903090871941,0.6926708544619157,0.6033965216153935,0.607606978541354,0.17499900148939626,0.30045199282188956,0,0,-0.04807116228324369,0.01970330756212908,0.24902081135826223
2013-12-19,83.58000183105469,85.52999877929688,83.58000183105469,84.9800033569336,1367100.0,0.13423647929320903,0.16479594928160635,0.524386972533213,0.6925427402262324,0.6263069682347234,0.6675478894422315,0.15922888313942388,0.3097342428865618,0,0,-0.04113659564100429,0.024135046541029742,0.27214361221668243
2013-12-20,85.81999969482422,88.5,85.1500015258789,88.0999984741211,3313700.0,0.1356834783135185,0.16467026190309664,0.64504684789716,0.6923148194858307,0.6590324122650204,0.771238161294838,0.17368580409062337,0.3322333958668152,0,0,-0.06448579831088551,0.03153683454117112,0.2133442755617253
2013-12-23,88.5,89.8499984741211,87.91999816894531,89.51000213623047,2078000.0,0.1375152302643763,0.1645591637503402,0.6882335661713948,0.6921954534379612,0.6727051341263933,0.7878940519032587,0.19742693734369446,0.3463424702830166,-1,0,-0.08785468783002436,0.015323478972790773,0.1994324631002725
2013-12-24,89.5,89.94999694824219,89.33000183105469,89.44000244140625,533000.0,0.13989622936087054,0.1644727542662352,0.6838502255633557,0.692164579569,0.6890033841117323,0.7538855315635704,0.22021530611151,0.34272354022342305,-1,0,-0.09764269528747883,0.005027337029411652,0.19863700541796953
2013-12-26,89.5,89.8499984741211,89.0999984741211,89.27999877929688,905800.0,0.14197054284937316,0.1646668954221306,0.6732304020163706,0.692111001200091,0.6765374228884543,0.7142786695716778,0.2378442229023965,0.33657339604334835,0,0,-0.09771911477188588,0.005031271645335526,0.2236135896027324
2013-12-27,89.22000122070312,89.83000183105469,89.0,89.22000122070312,702100.0,0.1438775734723456,0.16474545035476484,0.6690091374132578,0.6920691706898808,0.6582483944155403,0.6876893200982498,0.25260240108714827,0.33180632138135846,0,0,-0.0947580555571697,0.00817647555466075,0.25806452991204676
2013-12-30,89.2699966430664,90.79000091552734,88.88999938964844,89.88999938964844,930200.0,0.146004858556544,0.1651909662676797,0.6934290718564631,0.6920187193364712,0.6583722806809233,0.676482939309034,0.2746576149713499,0.33812213515515566,0,0,-0.09538213842639165,0.017036586546338522,0.24971986218177064
2013-12-31,90.1999969482422,91.27999877929688,89.7699966430664,90.86000061035156,953100.0,0.14846113419803592,0.16553323943548387,0.726862349622575,0.6919743762292981,0.6709084112329673,0.672350827396003,0.29919991924122524,0.3445934339165039,0,0,-0.10501718629557388,0.01201470506605704,0.23962622162402442
2014-01-02,90.41999816894533,90.47000122070312,88.44999694824219,88.88999938964844,1039500.0,0.15035979886968237,0.1653963301683622,0.5885952488063325,0.6919098897541384,0.647087416035411,0.626917713360506,0.2998215530783629,0.33753550183967934,0,0,-0.10631736702425586,0.009465117813939014,0.23651777843721167
2014-01-03,89.08000183105469,89.29000091552734,87.81999969482422,88.02999877929688,1067300.0,0.15181516384131777,0.16510231189214714,0.5361210688219337,0.6918365014881921,0.615156198954997,0.5988086977019251,0.29073643113924796,0.33028881506181035,0,0,-0.0935988272241243,0.024749656466961176,0.25919677211979425
2014-01-06,89.26000213623047,89.6500015258789,87.5199966430664,87.77999877929688,1797900.0,0.15356606194629396,0.16526727630888643,0.5209979430573668,0.6917095018217078,0.61823923089137,0.591311070938742,0.28621871898748286,0.31808154610469364,0,0,-0.09655799293273479,0.022946684892394594,0.23162557846636947
2014-01-07,88.12000274658203,90.26000213623048,87.69999694824219,89.63999938964844,1728300.0,0.15525283598092332,0.16577114655628866,0.6030052313190009,0.6916129516002817,0.6127874257107686,0.6070408408169743,0.28858558598145734,0.32981624933545445,0,0,-0.08384598670201208,0.0359990439355091,0.2551833470948677
2014-01-08,89.62000274658203,90.56999969482422,88.5199966430664,89.37000274658203,1663800.0,0.15642103164342702,0.1665185361530644,0.5855403600319596,0.6915166186578371,0.5930389749207088,0.6085360062650305,0.2940875352676885,0.3185194841700666,0,0,-0.09883981114099281,0.01851847438663123,0.23047742272854863
2014-01-09,89.73999786376953,89.73999786376953,87.47000122070312,88.05999755859375,1064600.0,0.1573522409420528,0.16694272987829384,0.50465108446599,0.6914440855953118,0.5930246052989032,0.5779634902399303,0.2813011103246772,0.31129112968330624,0,0,-0.10048109490387706,0.01723174295847542,0.24806987934424943
2014-01-10,88.33000183105469,88.54000091552734,87.55999755859375,88.5199966430664,941000.0,0.15854552807718347,0.16743201089994275,0.5268916728334525,0.691383439370549,0.6368869904811291,0.568837876635982,0.2694280014490239,0.317680272621538,0,0,-0.080967579837466,0.033499852714387206,0.24858051324704128
2014-01-13,91.08000183105467,93.5,90.72000122070312,92.01000213623048,4484700.0,0.1613391602272949,0.16838813087836713,0.6634515710656003,0.6912179895157321,0.6516234884626797,0.6736533116636869,0.3029273149417304,0.3481302081529809,0,0,-0.11161325415149986,0.027338434938077694,0.25768186199293563
2014-01-14,92.22000122070312,94.9800033569336,91.98999786376952,94.5199966430664,2215000.0,0.16497757052926648,0.16984475376705255,0.7337466443969656,0.691180120984927,0.6878488302137651,0.7315474117586238,0.34256649006805906,0.3631694765995093,0,0,-0.11976963391593734,0.029996762005765367,0.24225628081743406
2014-01-15,95.0,98.16999816894533,94.70999908447266,97.5,2483800.0,0.1688975749666028,0.17187257994716243,0.7983723343617483,0.6911957122286124,0.7008759512062105,0.8078522960779124,0.3939216535826049,0.38003382647196415,-1,0,-0.14600088385392598,0.03353785740086423,0.1834532051812405
2014-01-16,97.44000244140624,98.18000030517578,96.91000366210938,97.75,1152200.0,0.17266144901305985,0.17391499449685027,0.8032214221482493,0.6912051866981116,0.7124129561927282,0.779483996087594,0.44164857237959676,0.387856961959138,-1,0,-0.16656415890424664,0.007589721679687645,0.140923055013021
2014-01-17,97.51000213623048,97.75,96.4000015258789,96.91999816894533,1440700.0,0.17623294659424266,0.17584294441281567,0.7522574115813841,0.691207666642793,0.6865233713233945,0.7173745104994821,0.47794971754637006,0.3780749872183192,0,0,-0.16685427302289815,0.006854201216831696,0.15969310087316177
2014-01-21,97.83000183105467,98.6500015258789,97.37000274658205,98.1999969482422,2166800.0,0.17991875331814305,0.17775069458680948,0.7810500133153394,0.6912330594816788,0.6873310147881038,0.7056589997060252,0.5159258383293814,0.3927869903198713,0,0,-0.17158486583773996,0.008460583061452982,0.17364839196259185
2014-01-22,98.0,98.87000274658205,97.16000366210938,97.4800033569336,2956000.0,0.18253395012807333,0.17966854505987662,0.7365216968681765,0.691251011845483,0.6127282478224255,0.6743001567296104,0.5522298655551225,0.37271652642463965,0,0,-0.1708757566269684,0.008859498713025354,0.17077390187603864
2014-01-23,107.98999786376952,109.0,102.38999938964844,102.48999786376952,7226100.0,0.186152844131185,0.1819657008475501,0.8351479766584123,0.6915761809238533,0.47018996789402584,0.7533374253160179,0.6147434717397782,0.4217798481950501,0,-1,-0.27462039106672115,0.01036112127050561,0.06965532090376561
2014-01-24,102.16999816894533,106.12000274658205,101.0,104.91000366210938,4481600.0,0.19046596532327847,0.18444016538628855,0.8696737782781042,0.6918608899273925,0.5163849580015217,0.7062652414297993,0.6567193062044775,0.45220873554040536,0,-1,-0.20441016084407668,0.06664066712278757,0.09561911655793023
2014-01-27,105.2300033569336,108.13999938964844,104.70999908447266,106.5,3837300.0,0.19526699611398685,0.18695054048229043,0.88977718611358,0.6921509702913943,0.527285716159536,0.708613481323181,0.7003237077584518,0.4782629950482445,0,-1,-0.22886284718434555,0.03593553056397448,0.0638642332891467
2014-01-28,106.2300033569336,110.41999816894533,106.05999755859376,109.73999786376952,3910100.0,0.2009880837286701,0.18976727733265797,0.9249874243556743,0.6925434211831546,0.5788237071006986,0.7066393927587078,0.7454671980413263,0.504811547442272,0,-1,-0.23483570080967575,0.03934267429118998,0.0506103229074972
2014-01-29,107.18000030517578,109.08000183105467,106.72000122070312,107.4800033569336,2955500.0,0.205892273314562,0.19239660598906222,0.8129260076266612,0.6927875402340308,0.5600381572156016,0.6756545130541962,0.7873861533039954,0.4847444784157641,0,-1,-0.23136504359301527,0.02952431134354182,0.0029159805089614107
2014-01-30,108.25,110.9000015258789,107.25,109.9499969482422,2248700.0,0.211214669000721,0.1952391530976198,0.8459828789534897,0.6930156619282838,0.571218896545716,0.6760166404429035,0.8298970390770515,0.5000125610142782,0,-1,-0.23930033882943597,0.024655763333747173,-0.0072571525394035715
2014-01-31,109.69000244140624,109.69000244140624,106.5,107.0199966430664,2797100.0,0.21626941167660824,0.1978348152320129,0.7204461012484626,0.6932356258745657,0.5490608419478735,0.6468647518830143,0.8602552467791309,0.48102098639947694,0,-1,-0.24702141351486026,0.011004994252453364,0.006184632324236558
2014-02-03,104.58000183105467,106.6999969482422,103.81999969482422,104.93000030517578,2649200.0,0.22098122479722598,0.20040578955392968,0.6417732538244175,0.6934008376224777,0.5517100339717523,0.6116962403815388,0.8585473595210635,0.463033613953182,0,0,-0.19622501082708202,0.059054381359240044,0.057933069918890585
2014-02-04,105.26000213623048,107.0,104.63999938964844,106.47000122070312,2289400.0,0.2261920999911095,0.203201205072787,0.6717388235551601,0.6935703750065164,0.5964182904394865,0.6121919721036166,0.8580758051867687,0.478578038865815,0,0,-0.19165158250132616,0.053750113153961596,0.07814730700841997
2014-02-05,105.62999725341795,105.9499969482422,102.23999786376952,103.9499969482422,2231400.0,0.23018180579967656,0.20556232571116623,0.582777695127772,0.6936921045409236,0.5782356764824996,0.5860071389022392,0.8333887577359997,0.4634274187251453,0,0,-0.170564439039225,0.049497550596779724,0.07945899302598694
2014-02-06,104.0,106.76000213623048,103.98999786376952,106.06999969482422,1453100.0,0.23483785654703954,0.20815798784555944,0.6273122207923588,0.6937948711175504,0.5955250364100988,0.5969575905420164,0.8143312625437065,0.4732935862103148,0,0,-0.1590187519440461,0.06637808300575987,0.08494470505325002
2014-02-07,106.81999969482422,107.4000015258789,105.37000274658205,107.27999877929688,1626400.0,0.24019649830759343,0.2111183669249807,0.6513395963373609,0.6939248141464661,0.6287191405571743,0.6041234751423075,0.7997034056564873,0.48433641519516074,0,0,-0.18242668548876498,0.03846518188736994,0.00989915202016412
2014-02-10,107.5,110.6500015258789,107.43000030517578,109.5,1764600.0,0.246045838317204,0.21422238908963115,0.6927934592529341,0.6940955804344114,0.6219207482572409,0.6326912356183432,0.8000289617581473,0.49631758589527103,0,0,-0.1867076715810171,0.03169278117604757,0.012397481787736
2014-02-11,109.33000183105467,112.58999633789062,109.02999877929688,112.26000213623048,2553000.0,0.25169164938688965,0.21757554111987348,0.7384722460512881,0.694396051908542,0.6629133632735452,0.6613232412828541,0.8073279194485071,0.5136517855991027,0,0,-0.19963470877033376,0.029771639331835176,-0.04273972881439057
2014-02-12,112.5,114.25,111.06999969482422,111.5500030517578,2177000.0,0.2564397085819022,0.22086248255180724,0.7111384165995472,0.6946398965695569,0.6108139064083538,0.6737708632965236,0.8195753882517813,0.4988705271755846,0,-1,-0.22296453147152367,0.015588811390510476,-0.055139874609074956
2014-02-13,110.25,111.75,108.8000030517578,111.73999786376952,2374500.0,0.26040989809160936,0.22419431153818886,0.7145147946371248,0.6949087466509564,0.6250881678961498,0.6423088498218047,0.8081984630321651,0.5149927587450122,0,-1,-0.2042133407089845,0.03585835849904953,-0.04580905845408706
2014-02-14,111.83999633789062,112.41000366210938,111.0,111.91000366210938,1078100.0,0.2643577847791316,0.22754185219603767,0.717718846781361,0.6950320167580956,0.6240903635559024,0.6545375329445979,0.8003534076552901,0.5223127746873156,0,-1,-0.218095539494271,0.02156795872725529,-0.04662608899299036
2014-02-18,111.69000244140624,112.48999786376952,111.3499984741211,112.12000274658205,1057500.0,0.26859562942622744,0.23083103851939896,0.7219076617628728,0.6951545056403313,0.6360672538191546,0.651601447582133,0.7934118940096857,0.5294929220381978,0,-1,-0.21642391589790957,0.022875502411055064,-0.01813956494386373
2014-02-19,112.2300033569336,112.58999633789062,109.43000030517578,109.6500015258789,1497100.0,0.2717879535048631,0.23399004853757072,0.6128396415559841,0.6952995267110768,0.6031020847941414,0.6151610940808507,0.7675884304590896,0.5193280061053319,0,-1,-0.22083483347921407,0.018016380606340875,-0.026757045366656972
2014-02-20,109.81999969482422,111.3000030517578,108.91999816894533,110.5199966430664,1074000.0,0.27542357515639265,0.23701214928862074,0.6342437634510297,0.6954105567495429,0.6409781257991802,0.6007299959631798,0.7386912014546249,0.5266201841241002,0,-1,-0.20383035260465718,0.04040127901074621,-0.025991777788060083
2014-02-21,112.5,112.98999786376952,109.6999969482422,110.27999877929688,1356900.0,0.277595470139195,0.23982888613898817,0.623625972902049,0.69554819651699,0.7455610132039671,0.6146229999073949,0.7211999839265625,0.5174071893813939,-1,-1,-0.2264748420155436,0.015834238627890768,-0.07292795696170895
2014-02-24,110.2699966430664,113.7699966430664,110.20999908447266,111.91000366210938,1097900.0,0.2795471085336541,0.2428801644853696,0.6650631079293458,0.6956730542539727,0.7043917508063692,0.6355587790944857,0.7090529349452582,0.5248616421251607,0,-1,-0.20593035306358798,0.03608998368687658,-0.04461369444509783
2014-02-25,112.4499969482422,113.0,109.76000213623048,110.22000122070312,990700.0,0.2805842652779054,0.24579565601034298,0.5892616836413543,0.695772879030394,0.6894234391082681,0.6012943163765816,0.6929047994790397,0.5181350492357811,0,0,-0.19417384520108316,0.016084380241757113,-0.044678758255575914
2014-02-26,110.41000366210938,114.76000213623048,110.02999877929688,113.88999938964844,1719300.0,0.28174130846575823,0.24937549327277814,0.6781969371372414,0.6959938517597556,0.662060042133058,0.647899552208347,0.6874886740616992,0.5298086448295131,0,0,-0.16712035560093919,0.03946650722141371,-0.005988057111229677
2014-02-27,113.36000061035156,114.86000061035156,112.55999755859376,114.51000213623048,1166000.0,0.28370131068442644,0.2530832619489752,0.6913964013990175,0.6961490031880156,0.6938510916039138,0.6658511364471364,0.6829891766611547,0.5377254786934644,0,0,-0.1637545142315105,0.013170603284210188,-0.07972606795781559
2014-02-28,114.86000061035156,114.86000061035156,111.06999969482422,112.33999633789062,1749400.0,0.28436765562322236,0.2563264365598244,0.5992609869814741,0.6963526620486952,0.6656086732408775,0.6236849098054005,0.6616698481075634,0.5258475120025584,0,0,-0.16120861706483183,0.0,-0.1034843965859275
2014-03-03,110.3000030517578,111.58999633789062,108.54000091552734,111.18000030517578,1560200.0,0.2855274874615172,0.2593485373108744,0.5538659413150084,0.6965202936743623,0.7172422655256492,0.5575533582176427,0.6168284481952447,0.5152541636367464,0,0,-0.12373154690223741,0.04059104243584299,-0.02893003476895987
2014-03-04,112.7699966430664,113.52999877929688,111.94000244140624,113.12000274658205,1019600.0,0.28781090506371193,0.2626040571122246,0.6049612692750541,0.6966447053469226,0.7360272662367895,0.6260182462349788,0.5884890624061936,0.5221769799383628,0,0,-0.1404028866532602,0.018798380657927195,-0.045331833713785165
2014-03-05,113.33000183105467,115.54000091552734,112.58999633789062,114.66000366210938,1406500.0,0.2900943226659067,0.2659347645090678,0.6421063819932683,0.6968325429377668,0.7241895054459491,0.6686345733233834,0.5742674500287668,0.5317267456584721,0,0,-0.1429455248968678,0.019536766538307444,-0.04437768874269754
2014-03-06,114.23999786376952,115.0999984741211,112.25,114.7699966430664,1106600.0,0.29311099792768597,0.2689276876647864,0.6447524714753848,0.6969810800127797,0.7416755894436834,0.6591993121901099,0.5576894768539324,0.5392402691180335,0,0,-0.11547180743850627,0.01133789473432074,-0.050933160224732314
2014-03-07,115.9499969482422,116.70999908447266,113.97000122070312,114.77999877929688,1733700.0,0.2955393934461091,0.2717635018114119,0.6450101008481233,0.6972136196233926,0.7171407882586124,0.6990227335645697,0.5517181593347488,0.5510116369310115,0,0,-0.1302604982618981,0.00662195833806682,-0.06255990690237212
2014-03-10,113.91999816894533,114.91999816894533,111.5,111.97000122070312,1430700.0,0.29684699185107416,0.27429183175795785,0.5223537048408665,0.6973748456915106,0.6749666400730442,0.5837231446802809,0.5224694677835672,0.5412975595646692,0,0,-0.10175989222333533,0.02430737885693869,-0.040947874178667014
2014-03-11,112.9499969482422,114.8499984741211,111.44000244140624,111.93000030517578,1545900.0,0.2975244892645211,0.27683362848454346,0.5207307931728673,0.6975483489409026,0.6475658960530485,0.5738043873944816,0.49476539451335966,0.5308013044443585,0,0,-0.09565061148264432,0.03358044204017776,-0.04251133745594573
2014-03-12,111.30999755859376,112.2300033569336,110.77999877929688,111.62000274658205,1236100.0,0.29734605392433994,0.2793473700615114,0.507443378608003,0.6976840119394351,0.6154243504388687,0.5025887367446927,0.46283689405668793,0.5224085099853274,0,0,-0.08103278540243905,0.04824445198924197,-0.04761899568594663
2014-03-13,111.73999786376952,112.06999969482422,106.5,107.5,2488500.0,0.2962168908595561,0.28132357486906595,0.3570063873902699,0.6978793364947197,0.6141415860566511,0.36905489762454813,0.4342321762936079,0.5055122483468687,0,0,-0.08511019321123339,0.04452608043727474,-0.07364272548322275
2014-03-14,107.52999877929688,109.12999725341795,107.0500030517578,107.47000122070312,1511100.0,0.29502639237486744,0.28318755907815046,0.3560586245035261,0.6979973855940275,0.558526904467888,0.35518535490913533,0.4076706526564622,0.4952522760897358,0,0,-0.04920931084211496,0.08539535167605378,-0.04827909247819767
2014-03-17,108.1500015258789,111.0999984741211,107.87000274658205,110.37000274658205,1567400.0,0.2945970316728324,0.28559805791000775,0.46423055727522966,0.6981538943492057,0.5678338833956281,0.45548537291023244,0.3667416934216866,0.505894510565171,0,0,-0.054992124267054354,0.07965011129956835,-0.026798221365030496
2014-03-18,110.23999786376952,111.54000091552734,109.83999633789062,110.77999877929688,891800.0,0.294223431216935,0.2881510765252053,0.478147082948541,0.6982455954111074,0.5631134691764865,0.5004529593956456,0.3301897652255886,0.5119495984209786,0,0,-0.072483462905846,0.058621011685201785,-0.045936391851554965
2014-03-19,111.48999786376952,114.83999633789062,111.06999969482422,113.45999908447266,1768100.0,0.2952856794338132,0.2910329015281676,0.5620130732966265,0.6984628273085006,0.5931851807670216,0.5965315051002759,0.3193442542025511,0.5239545332021557,0,0,-0.08349882742306626,0.04712043038656071,-0.04323886051912915
2014-03-20,112.62999725341795,114.8499984741211,112.19000244140624,114.08999633789062,1092100.0,0.2962810149299027,0.29377669481829444,0.5799951143546515,0.6986020025419263,0.5948576052421085,0.6147267964627101,0.3093371717633979,0.5313696054687261,0,0,-0.07615018032228106,0.03595982605303107,-0.07852984403852502
2014-03-21,115.19000244140624,115.19000244140624,112.19000244140624,112.83000183105467,1853900.0,0.2969919697673025,0.29640938995566485,0.5273831309576983,0.6988203954568067,0.5917106321056117,0.59683971212625,0.30233532871102875,0.5187821112145414,0,0,-0.08607239907117828,0.013322786325321424,-0.09957052305188631
2014-03-24,112.63999938964844,112.76000213623048,107.0,107.87000274658205,2103800.0,0.2958655953529606,0.2986324805935589,0.3620306667356379,0.6989894676524592,0.5674984096206429,0.43409813743069203,0.28130654224521523,0.5044978615721909,0,0,-0.05441814490832083,0.036071963385398226,-0.08402016816177915
2014-03-25,108.75,111.0,107.19000244140624,108.83000183105467,1349500.0,0.2954780558990873,0.3009116815306883,0.3947008876971747,0.69910746690534,0.5763999243942819,0.437496978887031,0.26177981195553124,0.5136606122577846,0,0,-0.020858440184579427,0.07379251767679107,-0.07268004207165038
2014-03-26,109.58999633789062,110.0,103.83000183105467,104.6500015258789,2003100.0,0.29290189381399395,0.30233014982685785,0.28696396511429045,0.6992196066955704,0.5327596150687317,0.3721931049840935,0.26404581670741367,0.5000600891764116,0,0,-0.052926531378522275,0.06542316113928738,-0.07589813808565939
2014-03-27,104.33000183105467,108.08999633789062,103.13999938964844,106.30999755859376,1918700.0,0.2906156875613572,0.3036532307855628,0.34307346577956366,0.6993506765592518,0.5281123978392137,0.3900627593487812,0.2698786556668131,0.5130875584172035,0,0,-0.011371260621644234,0.11829906424183408,-0.015480198021606396
2014-03-28,106.68000030517578,107.73999786376952,104.02999877929688,105.13999938964844,1339700.0,0.28860828892076035,0.3045105960893813,0.3143831362337586,0.6994303302552752,0.5287767932469422,0.40627987386296416,0.27529486327196984,0.5039913471585967,0,0,-0.033298852382874326,0.09434671253537322,-0.011663981678544474
2014-03-31,106.1999969482422,107.43000030517578,105.9800033569336,106.62999725341795,2051000.0,0.287339723113515,0.30550711469557373,0.3649605762554593,0.6995749327793667,0.5056909326364413,0.44646362619707985,0.28032419890532956,0.5179170986637118,0,0,-0.029104028688961895,0.09996197638617466,-0.013125330620401835
2014-04-01,107.0500030517578,110.83000183105467,107.0500030517578,109.66000366210938,1637700.0,0.28637505639093636,0.3069368057365304,0.4567140574031947,0.699727270916883,0.5079111627293057,0.5120947609889889,0.2542167320451356,0.5290366516817161,0,0,-0.03666889020747891,0.09059360669171557,-0.03394919665972307
2014-04-02,109.5199966430664,110.47000122070312,108.3499984741211,109.2300033569336,1170500.0,0.28486114252272116,0.3081745996568442,0.4439875263275668,0.6998322541405378,0.494838152632051,0.5210837570590517,0.22997408424638402,0.5210892639992505,0,0,-0.05817980157174149,0.06556631589727549,-0.05708548511565414
2014-04-03,109.1500015258789,109.2300033569336,106.41000366210938,106.97000122070312,1501400.0,0.28268646101659406,0.3092395728965976,0.37966808390891404,0.6999414372022538,0.46488400968943,0.4784745214713785,0.22157537897484395,0.5108951521953597,0,0,-0.055021532102232346,0.06921173053423571,-0.059782098128832076
2014-04-04,107.30999755859376,108.0999984741211,103.3000030517578,104.44000244140624,3244500.0,0.27980361332350906,0.30945840357731963,0.31615208448778853,0.7001157203948599,0.4479108934238895,0.4221112308532701,0.2326299445290306,0.48886584904648317,1,0,-0.038982874837419926,0.08787511843142433,-0.0008413231454018268
2014-04-07,104.12999725341795,106.73999786376952,103.69000244140624,105.3499984741211,1700500.0,0.27795792024755833,0.3095077800584474,0.34667534472000106,0.7002183809783901,0.46818251691868257,0.4320946865418024,0.24289489825791813,0.5004117975761996,0,0,-0.009479106095625894,0.1204519488412731,0.017139035558062274
2014-04-08,105.19000244140624,108.12000274658205,104.9000015258789,107.4499969482422,1662200.0,0.276708870739173,0.30961438928452395,0.41359935171704487,0.7003445426752289,0.503540062866773,0.4853675270286027,0.23923513181418612,0.5116976991616712,0,0,-0.019458975618887885,0.10934975614542863,0.01708586092486223
2014-04-09,107.58000183105467,109.91999816894533,106.91999816894533,109.75,1448100.0,0.27618750371660533,0.30961551173023777,0.4793909200122607,0.7004790592797933,0.5221037956587197,0.5528609646291656,0.22009661441484105,0.5215299179596025,0,0,-0.041321568799531465,0.08496973022545388,0.00046529012362246636
2014-04-10,109.48999786376952,109.52999877929688,103.83999633789062,104.27999877929688,1713200.0,0.2752897497148154,0.3092564053014279,0.3402226792476343,0.7005683648691746,0.52460743324229,0.46508325191468713,0.222088853479918,0.5098977397643011,0,0,-0.05785875602843808,0.06578588811574615,-0.015854194658492183
2014-04-11,103.38999938964844,105.38999938964844,102.51000213623048,103.01000213623048,1473400.0,0.274046277507314,0.3084775949302438,0.31321739799277204,0.7006311697134214,0.5235673477542467,0.4152252959583339,0.23136620442031322,0.49989374060894437,0,0,-0.00843879232565415,0.12773302503594477,0.06031838309511107
2014-04-14,105.79000091552734,109.4499969482422,105.33000183105467,107.0500030517578,2178700.0,0.2731206433824552,0.30848096226738503,0.4236871243589653,0.7007891601411728,0.5027751639313628,0.5202050530474873,0.20821373891070313,0.5146865415861235,0,0,-0.03184155626906084,0.1060091053537077,0.026211017301712446
2014-04-15,106.76000213623048,108.5,104.66000366210938,107.7300033569336,1519400.0,0.2722702879297109,0.3087951802855717,0.44063887118071765,0.7009068144982654,0.516692856560588,0.5152748043537492,0.19092725787364248,0.5250028686640716,0,0,-0.039701073132573005,0.0929471897673037,0.0344698244448217
2014-04-16,108.38999938964844,109.43000030517578,106.3499984741211,108.30999755859376,880800.0,0.27083443925693546,0.30900166577579286,0.45552129149615683,0.7009787298621714,0.5127090657924033,0.5563489606340051,0.16815446073541498,0.5309832694079553,0,0,-0.05458086949033324,0.07723010707850995,0.0014852284147734859
2014-04-17,108.30999755859376,108.6999969482422,106.45999908447266,108.4000015258789,1042700.0,0.26924803749416454,0.30950104795269046,0.4579471762214181,0.7010644853532143,0.5177491445347193,0.5637392595720139,0.14700829196420376,0.5380629286446122,0,0,-0.05354995432647469,0.0775551815642378,0.011633294844723968
2014-04-21,108.41999816894533,109.44000244140624,106.87000274658205,108.7699966430664,1128500.0,0.2681160857789387,0.30980404322608995,0.4684844894153225,0.7011602969801506,0.5451021456864222,0.6057348103808476,0.12574779826534857,0.545725147354277,0,0,-0.054520257836932956,0.062453913073466795,0.015221416076133342
2014-04-22,108.86000061035156,110.36000061035156,107.8000030517578,109.22000122070312,850900.0,0.26849247275816096,0.31002175146109817,0.4818060597118292,0.701235308423925,0.5717443550769888,0.6448125839440715,0.11304817186231333,0.5515025349484761,0,0,-0.05838005580673945,0.05819621243371788,0.001103270665492669
2014-04-23,109.0,109.0,106.51000213623048,108.19000244140624,1551100.0,0.2683140374179798,0.30987474275107835,0.44727528890958645,0.7013600882535501,0.5841953342931766,0.5875287570925486,0.09373544072144754,0.5409709731934376,0,0,-0.05942133117774869,0.05667462344097551,0.01776233674898092
2014-04-24,112.83999633789062,112.83999633789062,104.02999877929688,105.9800033569336,2950200.0,0.2686848492234351,0.3091699975296734,0.3785511360094559,0.7015488055961526,0.5812342070743911,0.5692996827133966,0.09956534845071882,0.5209398897754023,0,0,-0.09548011801972812,0.0217211022320508,-0.013679597875419234
2014-04-25,105.33000183105467,105.87999725341795,102.88999938964844,103.5199966430664,1235300.0,0.26790698166524657,0.30826886540477033,0.31187827776247434,0.7016052536609613,0.559844446437079,0.396204663163077,0.09557330219763618,0.5125525271063294,0,0,-0.02660879038969851,0.09303642477858523,0.05699189209482332
2014-04-28,103.8499984741211,104.23999786376952,99.26000213623048,102.33999633789062,1803900.0,0.26712632545661613,0.30721399160791524,0.2825906959552359,0.7016718784089514,0.5763189618356842,0.3317346565668656,0.08586057647810877,0.5003045197245268,0,0,-0.044339224176337344,0.10954409133517563,0.08442811193188848
2014-04-29,102.97000122070312,105.73999786376952,102.08000183105467,105.2699966430664,1873100.0,0.26674714982695186,0.30646884604639174,0.3858732174272417,0.701781375250981,0.6036927321853458,0.44973724960711225,0.0673770375258271,0.5130223769377062,0,0,-0.03625170233760349,0.1194059180963518,0.09185071196253931
2014-04-30,104.93000030517578,105.81999969482422,103.9800033569336,105.16999816894533,1651700.0,0.2654953116681245,0.3056889123733186,0.38302633436268974,0.7018765618151906,0.6013182560236515,0.48305848880971686,0.050770135176475245,0.5018077675954349,0,0,-0.053861483326253644,0.09746368826265397,0.06279092639058168
2014-05-01,104.6500015258789,107.33000183105467,104.29000091552734,106.6999969482422,1635000.0,0.2647899320044916,0.30535786109412627,0.4343268203155194,0.7019890490096702,0.6210453891315355,0.532442892777883,0.04583717065466372,0.5129089883223306,0,0,-0.051250351654375005,0.1002187039938505,0.07273939012141002
2014-05-02,105.2699966430664,106.98999786376952,103.5999984741211,103.72000122070312,1753300.0,0.26388381417849266,0.3045947615382339,0.34793718057923817,0.7020710896297945,0.608690142343864,0.4834637565190568,0.03585292535167431,0.5010045416553788,0,0,-0.056326098207399554,0.09297100358073866,0.07582009558265908
2014-05-05,103.0999984741211,104.23999786376952,102.73999786376952,103.83000183105467,1198300.0,0.2637137426625204,0.3038709390205711,0.3518382477193628,0.7021280552309056,0.6470253147258916,0.44421870679320463,0.02109573835750833,0.5091406840388889,0,0,-0.03702271782391885,0.09390665010737939,0.10084842808876475
2014-05-06,103.8000030517578,104.31999969482422,103.0500030517578,103.16000366210938,1102800.0,0.26310316009697926,0.3028890087839567,0.3326908033691678,0.7021750018842853,0.6288986480193138,0.44899863556574515,0.006808683383449643,0.5016529615816286,0,0,-0.04372532828145862,0.08706532916027591,0.08417603495751347
2014-05-07,103.01000213623048,103.30999755859376,99.9499969482422,100.91000366210938,1959300.0,0.26127977409744746,0.30184423528617493,0.27239465017233466,0.7022259552039761,0.598010633854881,0.39726639973329314,0.016339948316141772,0.48834982900046237,0,0,-0.03635129766263641,0.09528881206574341,0.06310579949336548
2014-05-08,100.7300033569336,103.37999725341795,99.93000030517578,101.33000183105467,1108300.0,0.2589322324249061,0.30043474484336513,0.2897771181679538,0.7022581514235181,0.5725381390310961,0.41848592310710486,0.024553716203866066,0.4958748950136847,0,0,-0.014567447897686287,0.12000785394386229,0.08007129034218954
2014-05-09,101.41999816894533,102.81999969482422,99.95999908447266,102.70999908447266,1124700.0,0.25849450789866196,0.2991105414389464,0.3460824438320099,0.7023021667911139,0.6149656270468292,0.44113720433875137,0.03218078638532432,0.5035113127210484,0,0,-0.02131645113671426,0.11270105558653414,0.07293002325184622
2014-05-12,102.3499984741211,105.8499984741211,101.6500015258789,105.44000244140624,1214800.0,0.259172005312109,0.2983362199944421,0.4443262957246108,0.7023739515386446,0.6480593836359672,0.5148331821629002,0.021813733919377964,0.5117594857724447,0,0,-0.03008466912115615,0.10213219703314527,0.06922403537852263
2014-05-13,105.38999938964844,105.5,103.95999908447266,104.81999969482422,775300.0,0.2585502681447998,0.2976224969196774,0.42364809956920324,0.7024162051122581,0.6557415687636355,0.531818810825202,0.012187185200999234,0.5064954023292874,0,0,-0.05813730189189286,0.0706562668412513,0.03319423291881063
2014-05-14,104.83000183105467,105.12000274658205,103.26000213623048,103.43000030517578,801200.0,0.2573514037087851,0.29653507904652493,0.3783795282670812,0.7024516877584118,0.6290402697092518,0.5089318629742459,0.0,0.5010554646862361,0,0,-0.053138711229162736,0.07641666218428225,0.022228599864895365
2014-05-15,104.11000061035156,104.5,101.16000366210938,103.26000213623048,1241200.0,0.25594343728619556,0.2952557640527293,0.3728584505477548,0.7025050631653861,0.6303946805967451,0.4813171122320604,0.005839009346054802,0.492628042566222,0,0,-0.046891602627969625,0.08440486997757653,0.06767862302374672
2014-05-16,102.8499984741211,103.0500030517578,100.7300033569336,102.62000274658205,919500.0,0.25433194192368075,0.2938922844662563,0.3514155733589055,0.7025402631260015,0.6272420199687433,0.4578472215709348,0.014532198788956313,0.4863848789831146,0,0,-0.03476657237673057,0.09674605517235772,0.08318810565152213
2014-05-19,102.80999755859376,107.62000274658205,102.5999984741211,107.22000122070312,1625200.0,0.25389979469832075,0.29304389701579764,0.5154613883282845,0.702657039270877,0.6413384642780829,0.6044053825088651,0.016886050036536954,0.4974195602830234,0,0,-0.03459360092914752,0.09773921760717287,0.0914052293096912
2014-05-20,106.66000366210938,107.16000366210938,104.9800033569336,105.91999816894533,944100.0,0.25297973574722893,0.2923649620525826,0.4693271019414358,0.702715833754478,0.6375333794685726,0.6270170737752317,0.019071769052147608,0.491009369158704,0,0,-0.0690169878905954,0.057638431313391504,0.04523408336974185
2014-05-21,106.0,107.27999877929688,105.63999938964844,106.98999786376952,854900.0,0.2526451678890514,0.2918105920221637,0.5029931646781386,0.7027757100821427,0.6377143134867316,0.662554414777916,0.022002568811170936,0.4968139157026937,0,0,-0.06363291144528754,0.06457700581698124,0.06004532402093876
2014-05-22,106.81999969482422,108.6500015258789,106.51000213623048,107.62999725341795,887500.0,0.25310519523748026,0.2913628312178213,0.5229542608274761,0.7028419675165548,0.666478075612331,0.7077185742307831,0.034903716588369355,0.5028398076874766,0,0,-0.07066078801328596,0.05626691058290958,0.05065892398508679
2014-05-23,107.52999877929688,108.31999969482422,106.45999908447266,107.75,2093500.0,0.25428454337463496,0.2913908863674389,0.5268349644138257,0.7029998863470169,0.6925023538864762,0.6810678343991678,0.04635359985565593,0.5170541230341165,0,0,-0.07683728378803582,0.04933566565175326,0.015144522200206009
2014-05-27,108.16999816894533,109.97000122070312,107.6500015258789,109.68000030517578,980800.0,0.2563309767400687,0.29163889378731706,0.5871027846059625,0.7030875680715983,0.6977608846407404,0.7205935279227552,0.06890400592989335,0.5237134975227643,0,0,-0.08269137849387326,0.043341050291835714,0.03322507499818722
2014-05-28,109.86000061035156,110.75,108.16999816894533,108.48999786376952,1051900.0,0.25722873074185876,0.29142791851424094,0.5353262091382426,0.7031724017003816,0.6605110410744962,0.6939472726236463,0.09508317171968098,0.516571372701589,0,0,-0.09664477064758786,0.027169909912905396,0.013037931265471557
2014-05-29,109.08000183105467,110.4800033569336,108.33000183105467,110.4499969482422,685100.0,0.2587008233619121,0.29139088551126363,0.5946552901439314,0.7032373913653241,0.6636037246660649,0.6874850747680001,0.1193923970959124,0.521223021826969,0,0,-0.09051525383155715,0.034657522175983106,0.01032348731902366
2014-05-30,110.66000366210938,110.66000366210938,108.30999755859376,108.5500030517578,1041600.0,0.2592166152107129,0.29083988281798606,0.5154278481761848,0.7033217163996685,0.6331250650527415,0.6561138917807299,0.14328670290661585,0.5141508313015044,0,0,-0.10321414070496561,0.019737371987459746,-0.007424240351975857
2014-06-02,108.93000030517578,109.7699966430664,107.6999969482422,109.56999969482422,848700.0,0.26084762687208746,0.2903326460896177,0.5472879437827479,0.7033966672356881,0.6726081891356591,0.6388947761577749,0.15706517153444402,0.5199132814733187,0,0,-0.08908335234531997,0.03602022959732683,0.01649010470017078
2014-06-03,108.37000274658205,110.5,108.22000122070312,110.06999969482422,811900.0,0.26258737250241265,0.29002291699811084,0.5628377911801014,0.7034712688135049,0.6719669533129492,0.6432634853332275,0.17586963025849842,0.5254258693070598,0,0,-0.08314320193232504,0.04079577990105379,0.012047090430780966
2014-06-04,109.5,111.0,108.7300033569336,108.9800033569336,1036700.0,0.26421002033957824,0.29014748193090684,0.5152166709902063,0.7035582318661652,0.6737315159345231,0.6330130206392413,0.19737858732113597,0.5183869484950887,0,0,-0.0930316879454941,0.030344293151185323,-0.0007268268490640795
2014-06-05,109.44000244140624,111.4499969482422,108.8000030517578,110.94000244140624,976000.0,0.26700643901301463,0.290384267462173,0.5783616773128708,0.7036539343843261,0.6983036552486143,0.6450740177047292,0.2209989597110281,0.5250137322439878,0,0,-0.09341163508532847,0.03119832805793424,0.006881996484654017
2014-06-06,111.22000122070312,112.5,110.58000183105467,111.36000061035156,641200.0,0.269802857686451,0.29113726757516717,0.5911723452924172,0.7037187198065721,0.6998152061456118,0.6632622186321062,0.25107500368835367,0.5293673118954163,0,0,-0.10780601064786709,0.011537756905791629,-0.018208078492947602
2014-06-09,111.76000213623048,112.38999938964844,111.08000183105467,111.37000274658205,1001600.0,0.27221731420689815,0.29170510438562564,0.5914932635230393,0.7038199187797524,0.6725760544378131,0.6596534929148857,0.2790027588101561,0.5361679129229752,0,0,-0.11224856260316914,0.006645095723003524,0.003232764083858117
2014-06-10,111.5500030517578,112.83000183105467,111.08999633789062,112.58999633789062,780500.0,0.2742107717224021,0.2925411475017587,0.6306366562801977,0.7039056300145757,0.6655382940235143,0.6630060720571475,0.3084409423271818,0.5414673030008603,0,0,-0.10433691712321194,0.011493209551313926,-0.0066445674321108416
2014-06-11,111.95999908447266,113.38999938964844,111.8499984741211,112.37000274658205,529900.0,0.2763157539844157,0.29318529435342394,0.6185050562105069,0.7039629416489358,0.6610563141817004,0.6626278825275506,0.3401759397359492,0.5378694211273545,0,0,-0.10684784768261284,0.01270095347444766,0.011279903310855113
2014-06-12,112.19000244140624,112.63999938964844,111.0,111.54000091552734,618800.0,0.27857686663730846,0.2933962687703248,0.5724253767094769,0.7040261073325847,0.6686231762415775,0.6353846044781635,0.3534856485957657,0.5336679315947532,0,0,-0.109103869685572,0.010678979433225136,0.001957828738326973
2014-06-13,111.62999725341795,112.54000091552734,111.04000091552734,112.3000030517578,599400.0,0.2810972684762642,0.29374078597338144,0.6004355944953087,0.704090564860968,0.6701248244232119,0.6412758077254136,0.36584466396559523,0.5377377002208702,0,0,-0.10489507667390947,0.015779111724800742,0.015061863828099887
2014-06-16,111.76000213623048,113.8000030517578,111.75,113.36000061035156,787900.0,0.2840916387887416,0.2944578755291121,0.6376999027321152,0.7041812983783143,0.667924082849361,0.6700502981281018,0.38880715072063743,0.5430873343558679,0,0,-0.10534284514313315,0.018165635441586784,0.022528928856135586
2014-06-17,112.98999786376952,114.13999938964844,112.80999755859376,113.55999755859376,484400.0,0.28585926454213567,0.2954813268392083,0.6446552959547032,0.7042377524839013,0.6456681551299318,0.6735986198066778,0.41299785870955663,0.5463762831755059,0,0,-0.1152081641520488,0.01014468524776902,0.023641498683364362
2014-06-18,113.18000030517578,113.72000122070312,110.8499984741211,112.54000091552734,1125000.0,0.2877049576180864,0.2962881932161853,0.5809542784511011,0.7043604559662421,0.6512964349568829,0.6228754391267667,0.39976537332702256,0.538737828546908,0,0,-0.11667841039855054,0.008453672993232707,-0.0051955264174845615
2014-06-19,112.97000122070312,113.26000213623048,109.25,109.5199966430664,1488600.0,0.2884103351546022,0.29652048982077167,0.4266414734522429,0.704490071432556,0.6198873763413626,0.5481889456921833,0.3645631814047473,0.5286306253823471,0,0,-0.1158699201123624,0.010396287181688531,-0.006842049637434154
2014-06-20,109.08999633789062,109.36000061035156,108.16999816894533,108.80999755859376,1666700.0,0.2887393257118957,0.2964150021842336,0.39613084684219113,0.7046264292323522,0.6213306099047783,0.4584067871389011,0.33287906062508255,0.5173141699783611,0,0,-0.08336374665142925,0.04611032876686563,0.03004018459067051
2014-06-23,109.0500030517578,109.26000213623048,108.5,108.80999755859376,766900.0,0.28903485884523633,0.2969233613583156,0.39613084684219113,0.7046891046638727,0.6050917075050835,0.45493733771384864,0.3034580913296795,0.5225212196269583,0,0,-0.07646355924549963,0.04677875610786312,0.0432864551985342
2014-06-24,108.9000015258789,110.83000183105467,108.63999938964844,109.45999908447266,1207100.0,0.2889735212982146,0.2976471838759785,0.42968196789589896,0.7047933438958359,0.587366772699016,0.4904982983657193,0.2816152583284809,0.5307171117000077,0,0,-0.07508499542558854,0.048157319927774216,0.04714637780095055
2014-06-25,108.94000244140624,109.83000183105467,108.37000274658205,108.88999938964844,749500.0,0.2890850439176071,0.29785366936619956,0.40152658753825987,0.704854923358886,0.5971843706271366,0.46103765064560015,0.25762277785171783,0.5256282034829995,0,0,-0.07500456014198216,0.04750591075950267,0.03234058966870137
2014-06-26,109.0999984741211,109.52999877929688,106.56999969482422,107.16000366210938,1105200.0,0.2881677757440743,0.2977897036593185,0.3235986100066358,0.7049318392710643,0.5744796841386719,0.41268200823643003,0.23989527375009748,0.5181241856558649,0,0,-0.07686651817525117,0.0462852506545837,0.048030153239497275
2014-06-27,107.48999786376952,111.25,107.33000183105467,111.11000061035156,2000500.0,0.2888815171047991,0.29810392167750527,0.5071958993451148,0.7051279164300358,0.6203203665596464,0.5079514501033718,0.21721815270743958,0.531707055419874,0,0,-0.0630831865977827,0.062056749707169796,0.0865061959281991
2014-06-30,110.93000030517578,112.4800033569336,110.66000366210938,111.44000244140624,851800.0,0.28940288412736676,0.2984450723995958,0.5197630607843648,0.7052133290194568,0.6065604166347555,0.5793501994734599,0.20891776911102636,0.537490553777776,0,0,-0.07497076577532323,0.0288902805043599,0.02457027578019159
2014-07-01,112.0,112.91999816894533,111.4499969482422,112.19000244140624,646700.0,0.28999395252116505,0.2988288674970571,0.5485243843038907,0.7052816320836685,0.5980072063484146,0.6050861091313442,0.20554622404365522,0.5418814769851665,0,0,-0.0629935076209051,0.019203152752743546,0.02754845322655468
2014-07-02,111.9499969482422,112.70999908447266,111.16000366210938,111.51000213623048,631800.0,0.29069933005768095,0.2990858527702949,0.5135809562332271,0.7053452256589953,0.6058885735146621,0.5819963836104665,0.19839984561991744,0.5375917208657459,0,0,-0.05624384901755665,0.019520477705221674,0.024333748975176157
2014-07-03,111.79000091552734,112.62999725341795,111.58999633789062,112.36000061035156,295800.0,0.2910952333357631,0.2995538124604337,0.5481126088845365,0.7053768002989199,0.5980713418552243,0.5975873684620205,0.1917639227978752,0.5396001252027586,0,0,-0.04779841923546092,0.02107432902072881,0.01990853894873923
2014-07-07,111.36000061035156,114.58000183105467,111.29000091552734,112.23999786376952,820400.0,0.29134058139673297,0.30025631279041104,0.5414120042641929,0.7054636200120937,0.5942083156042621,0.6177171210461616,0.2054809244832924,0.5340298246007126,0,0,-0.043609838904072384,0.028657896076999992,0.04636880612470081
2014-07-08,111.94000244140624,112.22000122070312,108.1999969482422,109.16000366210938,1422000.0,0.2907244215303077,0.3008892377534644,0.3918884777581474,0.7055824053196246,0.5910568198995124,0.4866253629235357,0.17885046991702866,0.5243748179501647,0,0,-0.04784393129711049,0.02352102138181362,0.07198854557594704
2014-07-09,110.0,112.68000030517578,109.66000366210938,111.75,835100.0,0.2904902259439888,0.3019452339960333,0.5002333914207654,0.7056676717760922,0.5868861331837957,0.5585676591556951,0.15893052521512083,0.5300449276926911,0,0,-0.031421767956264474,0.041956776084686426,0.11515206369663583
2014-07-10,109.5999984741211,112.16999816894533,109.1999969482422,111.29000091552734,749600.0,0.2901891155097642,0.3026208024782821,0.4797660806439301,0.7057416731020326,0.595032953076963,0.5396649181083161,0.1352106606793874,0.5249553405019382,0,0,-0.027114083036213647,0.04456378842893584,0.11176731869144994
2014-07-11,110.86000061035156,112.05999755859376,109.73999786376952,110.1999969482422,1241900.0,0.2898155150538669,0.3031852719515992,0.4321941807398787,0.705854428360123,0.5858505445079525,0.5311972885649218,0.11318507218192067,0.5165231655657108,0,0,-0.03854794572949632,0.03342619453769895,0.0968640371157804
2014-07-14,109.48999786376952,112.80999755859376,109.20999908447266,109.83999633789062,1183400.0,0.2891296516890938,0.30353764456230176,0.41671072363214545,0.7059586948743254,0.5657699404293952,0.5318343041020454,0.10166883367548593,0.5084881902701704,0,0,-0.026497261794995678,0.046188785011271695,0.10943743667844676
2014-07-15,111.05999755859376,111.9000015258789,109.56999969482422,110.72000122070312,1661700.0,0.28839360537906716,0.3043231887515933,0.4569866630762297,0.7061154301891476,0.557731719766715,0.5432316127883893,0.09097518363379645,0.5197706969869182,0,0,-0.04087762211824352,0.03204665322122413,0.11653317078036249
2014-07-16,111.56999969482422,111.9800033569336,109.43000030517578,109.69000244140624,979300.0,0.2873146295137711,0.30498080152712276,0.4100054883100335,0.7062004482083265,0.5433724253874986,0.5300825693274605,0.07901168141256329,0.5131215071044418,0,0,-0.04515895903968856,0.027185712635881234,0.10919439878966052
2014-07-17,109.2699966430664,111.18000030517578,109.08999633789062,109.41999816894533,795200.0,0.28644475563505006,0.3056833018571002,0.3978325599260365,0.7062678884763639,0.5306771177257206,0.50678581254254,0.06281768861636569,0.5077223078860764,0,0,-0.024614795224245353,0.04840919928709769,0.13118795422335564
2014-07-18,109.80999755859376,110.77999877929688,109.30999755859376,110.19000244140624,872400.0,0.28663155692655723,0.30672470887391584,0.43709766455064925,0.7063466441158986,0.5555943894846521,0.5217870762520052,0.04778040959132501,0.5136456748353998,0,0,-0.02961065543765559,0.043593532738832486,0.1314202625063988
2014-07-21,110.08999633789062,110.5199966430664,108.8000030517578,109.1999969482422,925200.0,0.28674029089550773,0.3076078844359243,0.38954957509648735,0.7064235288991597,0.5449991044822886,0.4789582443151966,0.03740981234946278,0.5073638097488409,0,0,-0.03194479140644517,0.0407478482047554,0.14193671542352107
2014-07-22,109.91999816894533,112.6500015258789,109.20999908447266,112.12000274658205,928100.0,0.28766313849704156,0.3086638806784932,0.5234064177149598,0.706520029517686,0.5583666770342397,0.595974434633115,0.04629231218901403,0.513665365073998,0,0,-0.030677642561738487,0.042674027402382256,0.1281136069975801
2014-07-23,110.51000213623048,112.02999877929688,110.30999755859376,110.80999755859376,1464600.0,0.2880395254762638,0.3092665047443261,0.46131300979267464,0.7066584031444975,0.5530780578506107,0.572313267562281,0.054540347754311574,0.5037211156081806,0,0,-0.035140941356482214,0.03630038882556363,0.11139847982344321
2014-07-24,112.5,117.7699966430664,112.31999969482422,113.2300033569336,4458700.0,0.2892495423869294,0.31021028038842474,0.5539736951793278,0.7071557627157424,0.5060826936373506,0.7752274750251127,0.11006802377847322,0.5339945179659847,0,0,-0.053515029652808487,0.04755885533053779,0.10116414882641855
2014-07-25,113.08000183105467,113.37000274658205,112.18000030517578,112.41000366210938,980700.0,0.29071327118277385,0.31121802173940444,0.5154140097480313,0.707259149504483,0.5071578625851957,0.64729525191113,0.15944549368820268,0.5273358224510817,0,0,-0.057493614265019956,0.0414200712970706,0.09493950085043186
2014-07-28,112.16999816894533,114.13999938964844,108.02999877929688,113.30999755859376,885700.0,0.2913266423987571,0.3123458382403251,0.5486205880646738,0.7073581435311277,0.48646748958410924,0.5838738119831359,0.1526029430675724,0.5333494929084588,0,0,-0.04981761668609151,0.04981761668609126,0.09661062411309382
2014-07-29,113.44000244140624,114.97000122070312,113.30999755859376,114.29000091552734,1072500.0,0.2921212376053635,0.31365545241899045,0.5833498578285444,0.7074854237472553,0.4918513054758282,0.7179762308081652,0.15280615543753082,0.5406314863210555,0,0,-0.060630155278482534,0.038213699540687804,0.10369782237374027
2014-07-30,114.94000244140624,116.11000061035156,114.58000183105467,115.66999816894533,1129200.0,0.29309147950170905,0.3146037161335938,0.6289096781325395,0.707630433123649,0.4999619652141244,0.7491353176014965,0.1616049755656058,0.5482984578469335,0,0,-0.07323477714177598,0.02476152050914622,0.09782133358664541
2014-07-31,114.86000061035156,114.86000061035156,112.47000122070312,112.58999633789062,1365400.0,0.29339258780881666,0.31535222731990814,0.4831377107377236,0.7077755716033859,0.4849148410070826,0.6258228926129499,0.14798750559980264,0.5390277503359223,1,0,-0.07166941338945239,0.0251577425328957,0.08835481440724134
2014-08-01,109.01000213623048,113.37000274658205,109.01000213623048,112.1999969482422,1126600.0,0.2933479779102129,0.3159368965351969,0.46687216073565163,0.7078920629174822,0.4913946011624263,0.5396029589627337,0.14196870659865937,0.5313784321274081,0,0,-0.021671574036503584,0.0778043768697403,0.13198331196099908
2014-08-04,111.1999969482422,112.95999908447266,111.16999816894533,112.37999725341795,936700.0,0.29338701050793276,0.31646994437793047,0.47412937607716343,0.7079900342650763,0.5029345714972429,0.5741715093581982,0.13637982181188332,0.537738379194615,0,0,-0.041265573791002846,0.058556148605377785,0.13030305832651864
2014-08-05,111.77999877929688,114.30999755859376,111.5,113.76000213623048,1048000.0,0.29466951531315383,0.31714439041446546,0.5285844159518529,0.7081098605365378,0.5264924147295061,0.6169039091466898,0.11891441969554803,0.5448540240397445,0,0,-0.04636055536399471,0.053301281457251055,0.12155191311587171
2014-08-06,114.1999969482422,115.18000030517578,113.0199966430664,114.02999877929688,808600.0,0.2953051914784391,0.3176325498465759,0.5389472666714412,0.7082037956038519,0.5201246825544573,0.6460143053402188,0.10004747179672488,0.5503442057399083,0,0,-0.06707100131978609,0.03138185326815518,0.1181434791580919
2014-08-07,114.5,114.5,112.33999633789062,112.4800033569336,738700.0,0.2956369706861745,0.3180803106509183,0.463320474344576,0.7082813978307844,0.5039426674468759,0.5948787030179942,0.0836388044094589,0.5453286266873346,1,0,-0.06954310611301646,0.02867663490372765,0.09067786063826513
2014-08-08,112.29000091552734,114.7300033569336,111.01000213623048,114.33000183105467,826500.0,0.29678843870026034,0.31851572712093495,0.5368940373593091,0.7083790516633354,0.5278007463146067,0.6001791134272689,0.0796143413115731,0.5509403446878113,0,0,-0.04409671885173287,0.04871973296577306,0.08810451401986003
2014-08-11,114.9000015258789,117.73999786376952,114.8499984741211,116.76000213623048,1537500.0,0.2987177742725347,0.3194370581316344,0.617398107288332,0.7085871109451681,0.549368909855585,0.7130417257537996,0.07228352917608835,0.5613795660135619,0,0,-0.06008923848994446,0.02510272956549488,0.04915590857325587
2014-08-12,116.8000030517578,116.93000030517578,113.08999633789062,113.66000366210938,1176500.0,0.299537463078885,0.3198960408245886,0.48170320962673685,0.7087201948558693,0.5356185355262651,0.6255446892556954,0.05769672781708485,0.5533914399064103,0,0,-0.07511137471741791,0.00830758456287849,0.04522095480211111
2014-08-13,114.44000244140624,115.36000061035156,113.83000183105467,115.06999969482422,496600.0,0.3010374358220073,0.32045714381693985,0.5281835348512591,0.7087813075418389,0.5541828378395172,0.6260601672603113,0.04415184084086732,0.5567632235229096,0,0,-0.05639629997870792,0.0292978540767924,0.04636632476920524
2014-08-14,115.31999969482422,115.31999969482422,113.9800033569336,114.68000030517578,570000.0,0.30250395326829366,0.32109680088574993,0.5119799660777995,0.7088498405421061,0.5639023779894807,0.6167233019318971,0.03157444579152249,0.5528930731777533,0,0,-0.06335274993361492,0.021291361386458638,0.04970888360018313
2014-08-15,115.4499969482422,115.86000061035156,113.0999984741211,114.01000213623048,747200.0,0.30356899013561384,0.32144131808880655,0.48368830565517706,0.7089360704050062,0.5566231816410012,0.5958812504526695,0.027741023533718767,0.5478197813568747,0,0,-0.06470176272410111,0.020230203075082286,0.03235094788973184
2014-08-18,114.9499969482422,117.30999755859376,114.72000122070312,116.56999969482422,689100.0,0.3056237873252566,0.3220259873040953,0.5699056613248901,0.7090280782477584,0.5701070299746326,0.6782225501375527,0.01569572473374445,0.5524985894320452,0,0,-0.06069641293995087,0.024734669256953338,0.033242705416307645
2014-08-19,116.66999816894533,120.58000183105467,116.5999984741211,120.0199966430664,1562700.0,0.30782634895445266,0.3229966947959226,0.6613505164002943,0.7092748000902552,0.5783116628228033,0.7851487778854892,0.03023228772294484,0.5631089121414764,0,0,-0.0741185503325696,0.03354210922489136,0.0035172313904325335
2014-08-20,121.4499969482422,123.25,119.62000274658205,122.56999969482422,2911800.0,0.31110510205273695,0.32411665674537243,0.7156498269045062,0.7097862823067299,0.6198440156477364,0.8373643431001352,0.060004580020115134,0.5828792696415223,0,0,-0.11181468542159474,0.014997526263151957,-0.022829511251513904
2014-08-21,123.58999633789062,123.58999633789062,121.62000274658205,122.08999633789062,913800.0,0.3135753166922047,0.3252074402433159,0.6938192708304555,0.7099434262447376,0.6623658785609107,0.7742370550808773,0.0895548808996314,0.5766748075618664,0,0,-0.1269478469228617,0.0,-0.0076690447446530596
2014-08-22,122.4499969482422,122.62000274658205,121.01000213623048,121.63999938964844,672300.0,0.31614869012685615,0.32634086811662993,0.6727456175974122,0.7100568176245617,0.6701374612935939,0.7115981112491699,0.11041755041651621,0.5721100670758162,0,0,-0.11810957983025248,0.009337369349192326,-0.0023752419922288695
2014-08-25,122.2699966430664,123.0,121.0500030517578,121.5500030517578,672600.0,0.3184460488541438,0.3273789086524795,0.6683277864108748,0.7101697652915256,0.6535388935833564,0.6851511512280906,0.1322267884775373,0.5675432896685318,0,0,-0.11706673738261589,0.01085169106747423,-0.03584341501836662
2014-08-26,121.98999786376952,124.37000274658205,121.70999908447266,123.86000061035156,916500.0,0.3211142172597697,0.32855722493641687,0.7232133716743739,0.7103385559308762,0.6598734749610563,0.6885268829968041,0.16101562804039368,0.5737660840392963,0,0,-0.11484984561068474,0.019580459260038742,-0.024352110326251744
2014-08-27,124.36000061035156,124.8000030517578,123.37999725341795,123.66000366210938,482600.0,0.3233418746158267,0.3296906536659063,0.7127116736183761,0.7104266990983316,0.6467003877576062,0.6745349557833225,0.1903417892009567,0.5704893567470639,0,0,-0.1318424168463141,0.0035524175620701773,-0.07306638952980472
2014-08-28,123.29000091552734,124.30999755859376,122.4000015258789,123.66000366210938,803300.0,0.3264282533759539,0.3309385470291181,0.7127116736183761,0.7105733346806414,0.672037353070234,0.648974565674164,0.20540172118677993,0.5759435528387553,0,0,-0.12340289248193094,0.012210917770602766,-0.1308426316190826
2014-08-29,124.22000122070312,124.5500030517578,123.20999908447266,124.19000244140624,528500.0,0.3297711326717018,0.33258482385936955,0.7263720836968909,0.7106717345196311,0.667303488865448,0.6445955787401542,0.2210883970390705,0.5795319290798344,0,0,-0.13092351578481332,0.004690294467720378,-0.12218987678213544
2014-09-02,124.5,125.98999786376952,124.20999908447266,125.7300033569336,653900.0,0.33349318759711405,0.33448359703617875,0.7640279258833077,0.7108005432090266,0.6695764024089422,0.6534555801934192,0.24550958928999708,0.5839717383968479,0,0,-0.13261938076274532,0.0119977279529607,-0.11820597484972202
2014-09-03,125.7300033569336,126.0999984741211,123.79000091552734,123.91000366210938,741200.0,0.3363230636945033,0.3361781287580193,0.658252767740333,0.7109369227885066,0.647360469644901,0.6330868961781575,0.2625272073364644,0.5789391850006552,0,0,-0.1407778899630533,0.0029427750521657486,-0.1227232951022178
2014-09-04,123.88999938964844,124.41999816894533,122.86000061035156,123.0,676700.0,0.3388239492345991,0.33769759576404706,0.6098492136973319,0.7110570057750046,0.6387803090303638,0.607740958000193,0.2660144886507485,0.5743445696698355,0,0,-0.127996127363536,0.017835517869074644,-0.11419579620435336
2014-09-05,122.94000244140624,124.37000274658205,122.79000091552734,123.70999908447266,618300.0,0.34195493363909596,0.3393607049991288,0.6324250984695259,0.7111697669318554,0.6514872954734505,0.6057981607742245,0.26832062763047704,0.5785426643337129,0,0,-0.12121954196836879,0.025691024656218357,-0.0751219958793824
2014-09-08,123.55999755859376,124.88999938964844,123.37000274658205,123.83000183105467,721400.0,0.3446035857458621,0.3412314221701453,0.6363304998403341,0.7113018668215195,0.6355580205864523,0.6087512361062339,0.2749882752927608,0.5834407809284423,0,0,-0.1255355176964521,0.020531896648006163,-0.08633093835756321
2014-09-09,123.41999816894533,124.81999969482422,122.91000366210938,123.02999877929688,871700.0,0.34635169520039605,0.34256909149842824,0.5895858601528623,0.7114564552297339,0.6141099917698841,0.5965337890409235,0.27446163930372247,0.5775221667953322,0,0,-0.1163691821015627,0.021642576641742923,-0.05499473033913758
2014-09-10,123.66000366210938,125.23999786376952,122.30999755859376,125.19000244140624,819300.0,0.3495663221012166,0.3441121247273938,0.6623495823048083,0.7116141392820236,0.6417285897891035,0.6080059092069351,0.2652959172221955,0.5830849986861858,0,0,-0.1190766615560119,0.019832519192240404,-0.08875888731763074
2014-09-11,125.43000030517578,127.04000091552734,125.22000122070312,126.12000274658205,923400.0,0.35264712356045974,0.34567535769833097,0.6899753629587724,0.7117977862997448,0.6362939645993549,0.6523780517516204,0.27383743723468135,0.5893546422453391,0,0,-0.13116061864948436,0.012860456737390872,-0.08674814600658277
2014-09-12,125.6999969482422,125.9800033569336,124.30999755859376,125.08000183105467,786300.0,0.35554670102907965,0.34719819118532486,0.6283788450280662,0.7119482834267553,0.6348140523659902,0.6248408746779843,0.2688472583439364,0.5840158716902576,0,0,-0.13233424079087272,0.010624833001135162,-0.08563269257188455
2014-09-15,126.12000274658205,126.72000122070312,123.69000244140624,123.87000274658205,718800.0,0.3582957232805873,0.3484898505134461,0.5616005682708335,0.7120796387622462,0.6283483202943966,0.6136533582907483,0.27114946071258506,0.5791354084128921,0,0,-0.12080268939203097,0.0073552778659848285,-0.08418617088696785
2014-09-16,123.22000122070312,126.1500015258789,123.20999908447266,125.81999969482422,616600.0,0.36087467401612267,0.3500138064461538,0.628589608652666,0.712200730799622,0.6314684065725282,0.6305783221085207,0.26632231860987987,0.5833219605231086,0,0,-0.09857107300992252,0.030838779447186413,-0.02397675914143044
2014-09-17,125.69000244140624,126.88999938964844,124.97000122070312,125.44000244140624,708100.0,0.3623858013610129,0.3518407576522609,0.6075693863330347,0.7123378169263069,0.606139686769794,0.6689813723253711,0.2691343516571486,0.5785141474364328,0,0,-0.11667461723718026,0.010729601632455274,-0.06811317529495058
2014-09-18,126.12999725341795,127.81999969482422,125.61000061035156,127.63999938964844,838600.0,0.3637993450844866,0.3536239428934587,0.6762904389919275,0.7125130592229459,0.5870474806486122,0.7259315376765508,0.28036262639738563,0.5842080212600259,0,0,-0.12053567301427717,0.013472595731139868,-0.03467792083432866
2014-09-19,128.25,128.3000030517578,124.31999969482422,124.83999633789062,1544900.0,0.364566060168024,0.3551445314890251,0.5359599566948092,0.7128051101384046,0.5757268977162927,0.6381361901041447,0.27151172222259734,0.5737185558771628,0,0,-0.1350673609073025,0.00039175064240769443,-0.0412879713903681
2014-09-22,124.23999786376952,124.72000122070312,121.62000274658205,122.1999969482422,876000.0,0.36472219055890337,0.35649117867066765,0.4307321938836929,0.7129542620603361,0.5688663703128041,0.4415545145158771,0.24737601380701543,0.5677707458730279,0,0,-0.08931433717524642,0.03252167019453868,0.0010413720492321913
2014-09-23,121.58000183105467,122.08999633789062,120.47000122070312,120.5199966430664,1039800.0,0.3644350191226546,0.3576896946965767,0.3733042438057128,0.7131188686410393,0.5578100733935638,0.33145781626683807,0.23607171920479794,0.5607107768749691,0,0,-0.06947631509974578,0.054991828056668406,0.033224203436873864
2014-09-24,120.6999969482422,122.12000274658205,120.36000061035156,122.08000183105467,764700.0,0.3639387456998309,0.3589645207636924,0.4322208947647319,0.7132482221877227,0.5606235463159707,0.3814295431346154,0.22662275063330675,0.5659028891011814,0,0,-0.06306006211259167,0.06306012541656376,0.039163635514212154
2014-09-25,122.2699966430664,122.4499969482422,119.05999755859376,119.70999908447266,564700.0,0.36283746275811585,0.36008897078364693,0.35493360033821475,0.7133342798916401,0.5596701564583614,0.3553553952694042,0.22987707174484182,0.5620687243644976,0,0,-0.07511466277364236,0.04939389185983363,0.024082588444542218
2014-09-26,120.08000183105467,121.51000213623048,120.08000183105467,121.04000091552734,574200.0,0.36210699162185606,0.3613929744460939,0.40460616075363076,0.7134271113971221,0.5586497094116587,0.40143771342944345,0.23289894134841013,0.565967391606934,0,0,-0.05830760513169983,0.06866595341716396,0.05496618395604165
2014-09-29,118.37999725341795,119.58999633789062,117.5999984741211,119.16000366210938,755400.0,0.36070460037303337,0.3623995933513599,0.34622570685529463,0.7135391884039605,0.5617966016960699,0.35396622890701757,0.25584466621662294,0.5608384239389848,0,0,-0.03023790486641772,0.0819564253412633,0.06782880884313898
2014-09-30,119.4000015258789,120.04000091552734,118.12999725341795,118.73999786376952,713900.0,0.35875574850189923,0.36347017796350684,0.33367276601973284,0.7136429353483983,0.5494974853558067,0.39172184254620557,0.27065770287497537,0.5559912303751127,0,0,-0.023497842948188498,0.07468950362838012,0.060171181173144225
2014-10-01,118.5,118.63999938964844,116.3000030517578,117.08000183105467,1036000.0,0.35685150652936876,0.36402679202917815,0.2855654486150472,0.7137813024629566,0.5549383527477226,0.37541547401014036,0.29740419413139196,0.5489570623793548,0,0,-0.018527850663819782,0.08253329314525812,0.06114200999531673
2014-10-02,117.0199966430664,119.20999908447266,116.48999786376952,118.70999908447266,745500.0,0.3556554307437961,0.36491333492832784,0.353005909794891,0.7138893256490485,0.5724569384395967,0.42129185322323304,0.31393739892920136,0.5540188116465724,0,0,-0.006149586437037743,0.09634443314212061,0.07798090826806622
2014-10-03,121.0,123.5500030517578,120.77999877929688,122.6500015258789,1085500.0,0.35535989761045544,0.3659704527604353,0.4872910282968518,0.7140765022727779,0.5772070774461826,0.5347541199539995,0.2798172910170015,0.5613890716459885,0,0,-0.03959225831429532,0.06149442429498475,0.06638029604570361
2014-10-06,122.70999908447266,123.37999725341795,121.44000244140624,122.16000366210938,732000.0,0.35489429296114255,0.3670646035955199,0.47060970657877177,0.7142001100632894,0.5788469912920835,0.536891110765632,0.24813433366995888,0.5564189838343141,0,0,-0.052262502674020446,0.04557687645935884,0.041989412652328965
2014-10-07,120.9499969482422,120.9499969482422,117.79000091552734,117.91000366210938,1033700.0,0.3534668102396931,0.36758081903342316,0.3444659438650649,0.7143437296465284,0.5755533981315921,0.45327104401500645,0.24777687279400126,0.5494004322346859,0,0,-0.038064781901498104,0.060167042265695164,0.05640143404633434
2014-10-08,117.76000213623048,119.33000183105467,114.52999877929688,119.02999877929688,1155600.0,0.3517493674315528,0.3681127444304429,0.3816642789881821,0.7145132066192236,0.5793041355378594,0.43492386525518045,0.2665107243497352,0.5572466528291817,0,0,-0.02739380253256303,0.08939021786252714,0.07319139161549548
2014-10-09,118.12000274658205,118.88999938964844,114.68000030517578,115.30999755859376,1489500.0,0.34873547869309834,0.3680723449464996,0.28969216211256876,0.7146926002563613,0.5616676896062853,0.41553743971813184,0.2839064436514882,0.5471333389009181,0,0,-0.030160497388071777,0.08552466109027966,0.08275223536198431
2014-10-10,113.47000122070312,113.5500030517578,106.86000061035156,107.11000061035156,2759400.0,0.34372534378869785,0.367457376546341,0.14989060030742402,0.7148660538611104,0.519145745830318,0.2966794469742168,0.33128892440107105,0.528397737387893,0,0,-0.057323742522782974,0.1286098529619598,0.13233886766047068
2014-10-13,107.22000122070312,112.36000061035156,106.81999969482422,109.11000061035156,2041900.0,0.3396101742356455,0.3671106153080321,0.21183124933697284,0.715022688044273,0.5239161848050422,0.34475611633392594,0.37540673648183653,0.5422617022822345,0,0,-0.0037344927980538954,0.19680703679332653,0.21463920607000922
2014-10-14,112.76000213623048,112.76000213623048,108.29000091552734,109.81999969482422,1188600.0,0.3351492864768815,0.3668233308499244,0.23351884468347484,0.7151196361901505,0.509359052947306,0.38543575471863656,0.41227120098787484,0.5503319842125025,1,0,-0.05444049498834592,0.14242508320592023,0.1595637057586369
2014-10-15,107.73999786376952,111.94000244140624,107.22000122070312,110.3000030517578,1138500.0,0.33092817160532056,0.3664350476819584,0.2486843780776834,0.7152162222458412,0.5214531646029199,0.3988269597938133,0.45016944062797815,0.5580621002966436,0,0,-0.008377328095992133,0.1872154912140041,0.19440901960890578
2014-10-16,108.0,110.08000183105467,107.5,109.73999786376952,924100.0,0.32593755299978006,0.36595362121178016,0.23819720212138296,0.7152909389340499,0.52108699391674,0.40859968199188057,0.48536066315093107,0.5517877039212771,0,0,-0.010698098572327975,0.18404354025477337,0.19211243748980616
2014-10-17,111.25,114.5199966430664,110.8000030517578,113.6999969482422,1091900.0,0.32283166006791003,0.36609052962272665,0.36049635644321143,0.7154093135561616,0.5509779938446495,0.4814391660273686,0.47419529235131697,0.5592014182403581,0,0,-0.04036814644989472,0.15536726247182517,0.15327143841481564
2014-10-20,113.0199966430664,113.30999755859376,110.75,112.87999725341795,1113200.0,0.3202331930335148,0.36592780924123963,0.3422735168899974,0.7155235194551292,0.5729464866482062,0.47935198297581416,0.464092364529631,0.5516430825136422,0,0,-0.054529438123595654,0.13438880227628391,0.13817062010673636
2014-10-21,113.45999908447266,116.88999938964844,112.97000122070312,116.61000061035156,815400.0,0.31914306469356774,0.3659109759802342,0.4426784870369669,0.7156283065866885,0.6015201836197428,0.5342716198887195,0.426439203630965,0.5571794344284501,0,0,-0.058823525435968076,0.13146708299406704,0.15494328746752287
2014-10-22,116.3000030517578,116.95999908447266,112.66999816894533,112.73999786376952,977300.0,0.31653902035828846,0.3658077323789483,0.35605395885522606,0.7157274504162136,0.5729326339503014,0.516834814757285,0.3933953030061964,0.550543824020869,0,0,-0.08129665815379503,0.1029071257798687,0.13729520987083102
2014-10-23,114.5,115.80999755859376,113.72000122070312,114.56999969482422,880800.0,0.3151059603359549,0.3657516220797132,0.4024081861572737,0.7158279617689981,0.5760687294125852,0.5309906777918362,0.36271168099748263,0.5565242247647526,0,0,-0.06812134513658573,0.12240556424733288,0.16640052210666847
2014-10-24,114.75,115.62000274658205,113.37000274658205,114.9000015258789,876200.0,0.31339409482869857,0.36577631074836475,0.4107846357674595,0.7159298872979775,0.5780938119991595,0.5347383376048245,0.3367372954171379,0.5624733927163771,0,0,-0.06921532972242841,0.11826833453653177,0.14436583163297345
2014-10-27,114.83000183105467,116.0500030517578,113.52999877929688,115.58999633789062,790100.0,0.3123987572054921,0.36595361864325454,0.4289701671587365,0.7160255270558163,0.5793342739834467,0.5465887601756357,0.3088378980718747,0.5678379642737595,0,0,-0.06971281139997516,0.11723238504630736,0.1512620074151872
2014-10-28,116.56999969482422,120.48999786376952,115.52999877929688,120.25,911600.0,0.31281975408331814,0.3663665904798719,0.538235225534661,0.7161653520395556,0.5977849154827427,0.6219100354823777,0.2977456460298161,0.5740274889310305,0,0,-0.0843498599264505,0.10147939898401465,0.12232898578618474
2014-10-29,119.41000366210938,119.95999908447266,115.68000030517578,117.12000274658205,2188600.0,0.31283090655796914,0.3660411514292485,0.4584783194944053,0.7164529906915061,0.5914617901469357,0.5977125367035105,0.28744569770504735,0.5591674695531199,0,0,-0.10469857769052104,0.07392930885362525,0.1078586380100052
2014-10-30,123.0,123.83000183105467,120.01000213623048,121.77999877929688,3487100.0,0.3136868393115973,0.36595249705371596,0.5528098922984431,0.7170229842282408,0.5790560999931059,0.6729978682230399,0.2997791057499919,0.5828439630067945,0,0,-0.13814890646976158,0.0452527572358897,0.06437835646612342
2014-10-31,123.88999938964844,124.0,122.01000213623048,122.9800033569336,1356700.0,0.3137788456321298,0.36605237417403563,0.5745388177992635,0.7172555895768004,0.5719882357289274,0.6922419839207808,0.31208433993383855,0.5920555998020113,0,0,-0.14017079870201307,0.00681558416303574,0.05230740007422653
2014-11-03,122.0,125.44000244140624,122.0,124.37000274658205,1312600.0,0.314395005498555,0.3663587367845765,0.5995021350262923,0.7174930314948983,0.5836717042540017,0.7044610900083292,0.33070392572676166,0.600967809175787,0,0,-0.12343470394221562,0.02797204706054587,0.05098393317052577
2014-11-04,124.87999725341795,126.6500015258789,124.4000015258789,125.63999938964844,1386300.0,0.3165501707058223,0.36681771862135554,0.6220157227623072,0.7177557207084334,0.6023887845167114,0.7109128474230865,0.3537097467267698,0.610380422199454,0,0,-0.1452118449767427,0.014231761947191847,0.04076545455381979
2014-11-05,126.6500015258789,126.6500015258789,124.58000183105467,125.41999816894533,968200.0,0.31833173758430927,0.36699278248099304,0.6152391952858539,0.7179375275523768,0.5820221749672434,0.6871069662367019,0.3750722947982059,0.6038065984026464,0,0,-0.15783191600913438,0.0,0.0492677080713335
2014-11-06,125.66000366210938,126.3499984741211,125.01000213623048,125.20999908447266,883800.0,0.3210919123104679,0.3671667238949167,0.6083805392888803,0.7181020717928958,0.5892525731826019,0.664900907324355,0.39490894657882514,0.5978058284464198,0,0,-0.15021531049543616,0.007893460996833758,0.05653003062829056
2014-11-07,125.22000122070312,126.69000244140624,124.1999969482422,126.66000366210938,907100.0,0.3265425603915543,0.3675033856903274,0.6377674425037955,0.7182799306516042,0.6479244262296021,0.6540292118546284,0.40354654465617157,0.6039647992851764,0,0,-0.14695313202155194,0.01174028617084629,0.061896015147891496
2014-11-10,126.66000366210938,127.1500015258789,124.25,126.58999633789062,816200.0,0.3314160790768183,0.3677727144417157,0.6352042722507372,0.7184394553031189,0.662510540722937,0.6435006376017596,0.414390268037497,0.5984230155804106,0,0,-0.15663984994199348,0.00386860768673825,0.05747669800103364
2014-11-11,127.12000274658205,127.70999908447266,125.8499984741211,126.56999969482422,697600.0,0.3360860709492743,0.3678669793334666,0.6344187513713355,0.7185756167568075,0.666220291719572,0.6411213821179852,0.4279339369846392,0.593686494736935,0,0,-0.1603602467731621,0.004660686902271554,0.06311713480457673
2014-11-12,125.63999938964844,126.29000091552734,124.62999725341795,125.76000213623048,725600.0,0.34039640349092587,0.3680745872694015,0.601440766065012,0.7187130948023627,0.664768646512276,0.6187785653172351,0.4248000423118595,0.5887598612449255,0,0,-0.1486924211124401,0.01635458402319066,0.06336418023068777
2014-11-13,126.02999877929688,126.5199966430664,125.2300033569336,126.1500015258789,639600.0,0.34497160251952425,0.36842808232581775,0.6115821877732254,0.7188359336325844,0.6578094812044326,0.6174399634302309,0.4235815928638661,0.5931025773164378,0,0,-0.1527512623899551,0.013358780825686596,0.06194345111797381
2014-11-14,126.5,128.92999267578125,124.76000213623048,128.8800048828125,1315300.0,0.34920387199285313,0.36900826347060195,0.6773326589734489,0.7191131468344295,0.6692974454586686,0.6317369843445099,0.4385184761717623,0.6020331189813222,0,0,-0.15600475677472386,0.01926272410930373,0.04922716320850176
2014-11-17,128.8300018310547,128.8300018310547,126.48999786376952,127.86000061035156,911000.0,0.35338037909292735,0.3694605123454489,0.6328049229751171,0.7192985528479542,0.6593406826795478,0.6298888419245976,0.4523884392433801,0.5958476681665197,0,0,-0.17077902934783123,0.0007758445137977903,0.012725010300392598
2014-11-18,127.91999816894533,128.85000610351562,127.51000213623048,127.83999633789062,622700.0,0.35651136349742424,0.37000029315011457,0.6319099135326354,0.7194251168723406,0.642022467926817,0.6297086892097674,0.46539970645388606,0.5916196986578726,0,0,-0.16502423254652204,0.007899221820855788,0.018848769361840958
2014-11-19,128.11000061035156,128.14999389648438,126.08000183105467,126.38999938964844,644600.0,0.36031705879204307,0.37013495752580877,0.5671661440064378,0.7195496106898448,0.6504497774300477,0.6073013913962302,0.45702581181019175,0.5872430338991221,0,0,-0.16653630730132601,0.006414205952121489,0.012906711074391135
2014-11-20,126.41000366210938,127.98999786376952,124.5999984741211,127.97000122070312,904600.0,0.36405305271543126,0.37034256546174366,0.6122914221204406,0.7197340682634191,0.6685080401668343,0.6040723538015128,0.430675475178835,0.5933850303942597,0,0,-0.15499647172946826,0.01993819942907814,0.002531843471552602
2014-11-21,129.49000549316406,129.72999572753906,127.94000244140624,128.72999572753906,1158800.0,0.3679089309553038,0.3707521699612198,0.6329974530641216,0.7199762299784588,0.6608057691772502,0.6448394332707063,0.42088660552526935,0.601252978148588,0,0,-0.17715093836126544,0.0018753632264260237,-0.008908333037227534
2014-11-24,129.1300048828125,130.33999633789062,128.47000122070312,130.2100067138672,664400.0,0.37198507003775355,0.3714636490007321,0.6715771231639398,0.7201217479502132,0.6620067706778047,0.6766344492791772,0.41653229443196327,0.6057640797088018,0,0,-0.1702012303991881,0.009399452305110835,0.004039377230870477
2014-11-25,130.3000030517578,130.86000061035156,129.1699981689453,130.1699981689453,852000.0,0.37475081993767906,0.3719518084328424,0.6695267480956294,0.720308001154608,0.6506236239480606,0.6895569069187204,0.4165153558484316,0.5999792234034103,0,0,-0.1772521360955947,0.004300725978951286,-0.003148787658158612
2014-11-26,130.2100067138672,130.63999938964844,128.64999389648438,129.08999633789062,763400.0,0.37808811980542606,0.37236141293231856,0.6136183618164938,0.7204690922285683,0.6555734352562034,0.6630682130903662,0.4093510774908319,0.5947959378358798,0,0,-0.17446421628117623,0.0049934232590274725,-0.017592445088227625
2014-11-28,129.4499969482422,130.5800018310547,128.52999877929688,129.19000244140625,502100.0,0.3801540694697197,0.3725353552024175,0.616769357481932,0.7205753342194937,0.6568840871785702,0.6530980805780648,0.40100261905487844,0.5982050650083413,0,0,-0.14486015554059897,0.010922640809584633,-0.006042286787701526
2014-12-01,129.61000061035156,129.61000061035156,126.83000183105467,128.07000732421875,786600.0,0.3815731904940773,0.3728978289683686,0.5579289262517487,0.720735618452386,0.6560173110168157,0.5908582120512657,0.37071322685403296,0.5928642575320255,0,0,-0.14598653343090895,0.009675671308752656,-0.031039570094049604
2014-12-02,127.51000213623048,129.25,126.47000122070312,128.72999572753906,534300.0,0.3827887804513928,0.3736306293393911,0.5817842081143516,0.7208468597710812,0.653259392912579,0.583222537700314,0.33819113506198206,0.596492014250301,0,0,-0.1158741556851526,0.02615755666852044,-0.02568908196591631
2014-12-03,127.76000213623048,131.38999938964844,127.76000213623048,130.9499969482422,823400.0,0.3842692368956551,0.3748010902156826,0.6540218084063567,0.7210307758632023,0.6614854171414652,0.6638263712469973,0.32937398755596103,0.6020826840646899,0,0,-0.11722212746144735,0.028198534715257458,-0.01141925945382956
2014-12-04,130.9199981689453,132.5800018310547,130.47999572753906,132.30999755859375,717800.0,0.38619020651660346,0.3759491064585749,0.6923053146818476,0.7211977188069209,0.6736968240897946,0.7223164274639452,0.33122977232162987,0.6069563576046078,0,0,-0.13402058672288383,0.012676622381026013,-0.03566245343855275
2014-12-05,132.30999755859375,133.25999450683594,131.69000244140625,133.25999450683594,670800.0,0.3884345893939613,0.37746969505414113,0.7173780266118046,0.721358023846049,0.6957222939644067,0.7325242242752182,0.33836506816722833,0.6115109134844865,0,0,-0.14314862944218626,0.007180084390988515,-0.04806893453032534
2014-12-08,133.0,133.22999572753906,130.5399932861328,131.2899932861328,764100.0,0.38972545589627444,0.3786199553322857,0.609209824330366,0.7215301649589535,0.6748489108121841,0.669764789200966,0.3294215237862873,0.6063228751007428,0,0,-0.14610537312985075,0.0019510319492216425,-0.14708088910446157
2014-12-09,130.3699951171875,132.36000061035156,128.5800018310547,132.2100067138672,620100.0,0.39129234561441956,0.3800844344847922,0.6373148500980477,0.7216737063118067,0.6760418742332399,0.634215075504529,0.29815569146681276,0.610533191292026,0,0,-0.11303219663930064,0.02201233557343541,-0.11821157313369798
2014-12-10,132.25,133.6999969482422,130.47000122070312,130.7100067138672,786500.0,0.3924466022789473,0.381427716041644,0.5612352116273439,0.7218475515197297,0.6673036418969104,0.6453664401767983,0.28174554934811413,0.6051930627894551,0,0,-0.12533090426873286,0.01096737670833278,-0.13576882260576628
2014-12-11,131.6999969482422,133.6999969482422,131.6999969482422,132.3800048828125,658800.0,0.3942922953548979,0.38314469154070846,0.6148307139505313,0.7220006417055723,0.6592312019164598,0.6721047383428222,0.266507560237894,0.6096661418199619,0,0,-0.08943458198729859,0.01530104733586413,-0.14161115106784095
2014-12-12,130.91000366210938,131.9600067138672,130.07000732421875,130.5399932861328,793900.0,0.3955162491364224,0.38447226056991796,0.5284432892399342,0.7221749812470949,0.6477684755694275,0.5958826465004575,0.2353037178403655,0.6042757692602785,0,0,-0.0673062647942703,0.02107563969802399,-0.13650103231386768
2014-12-15,130.77000427246094,131.27000427246094,128.41000366210938,130.25999450683594,953300.0,0.39590099781273663,0.38532625853659513,0.515882549013024,0.7223823399664951,0.6306402856678879,0.5535391986034186,0.2223801908408641,0.5978031125514408,0,0,-0.06718250898969956,0.022445172563774762,-0.12861959383378438
2014-12-16,130.6199951171875,131.5,128.17999267578125,128.27000427246094,679700.0,0.39601530908257115,0.38601192646174226,0.4315218065645382,0.7225208018094159,0.6170137438402254,0.5182300633408052,0.21248849095461184,0.593188128008278,0,0,-0.049286031319526746,0.023645032711045073,-0.14586206949063207
2014-12-17,128.5,130.38999938964844,127.4800033569336,129.9499969482422,612100.0,0.39660358882592744,0.3873630617138894,0.4953806481970615,0.72265248210657,0.6296920355389316,0.5118023797504178,0.2097775840251074,0.5973441262999801,0,0,-0.033523060018179104,0.04053946187759352,-0.12387930818101608
2014-12-18,132.55999755859375,132.85000610351562,130.77999877929688,132.83999633789062,596500.0,0.3984018833528324,0.38891282790478715,0.587733325096207,0.7227925681302384,0.6474768600788543,0.6453936175929269,0.18423920211197833,0.6013942046874989,0,0,-0.06433244175974283,0.008772600357216538,-0.15552135097411432
2014-12-19,133.39999389648438,135.0,132.17999267578125,132.75,3759400.0,0.39973457323042444,0.3908699554160839,0.5836895603837411,0.7236715357527471,0.5940069482554209,0.6855325800626701,0.17964044654839925,0.5758688657268313,0,0,-0.06925622705409554,0.012044611168505784,-0.17539894658757457
2014-12-22,132.94000244140625,133.42999267578125,132.25999450683594,132.97000122070312,772900.0,0.40091671001802115,0.3937719801610177,0.5906122814818516,0.7238530680814746,0.5991450439011753,0.6512296843702073,0.1753701735250757,0.5811166538001142,0,0,-0.06546141198799435,0.015517872381120528,-0.1646704377427614
2014-12-23,133.82000732421875,134.97999572753906,132.42999267578125,133.94000244140625,523600.0,0.4019566532855973,0.3965584178265154,0.6212765808764081,0.7239794576555701,0.5910309207472083,0.6766735293964069,0.1840125523599113,0.5846717603276999,0,0,-0.06933901455557874,0.008874126983143382,-0.16417243934754774
2014-12-24,133.9600067138672,136.11000061035156,133.75999450683594,135.11000061035156,273200.0,0.40333395306179315,0.3993964768645683,0.6563722574402329,0.7240475704071158,0.5890584881016127,0.7047108207714546,0.2003561845551647,0.5865267165983958,0,0,-0.06988209697726971,0.016051917704159497,-0.17552642479538358
2014-12-26,135.69000244140625,135.97999572753906,133.4600067138672,133.66000366210938,355400.0,0.4046080961699225,0.4020179501133266,0.5807409005487205,0.7241326267646523,0.5912226244835669,0.6644253966204243,0.21170022242978467,0.5841136439095037,0,0,-0.08208129610825778,0.0031085646291761915,-0.1689734418468025
2014-12-29,133.32000732421875,134.47999572753906,132.86000061035156,133.82000732421875,379900.0,0.4058989669264697,0.4047202231861468,0.5861922554058095,0.724223934812016,0.5954740627551032,0.6308764109098951,0.21447097300229537,0.5866930651658632,0,0,-0.0652402260300824,0.020873808242485737,-0.1462667226208859
2014-12-30,133.00999450683594,134.4199981689453,132.6199951171875,132.7100067138672,439600.0,0.4071926242063418,0.40685353785897,0.528916738853646,0.7243262172228954,0.5901714808820532,0.6053461143088019,0.2138908791247566,0.5837082965838795,0,0,-0.0628455804246007,0.023165490463656443,-0.13256611039326213
2014-12-31,133.1300048828125,133.6199951171875,130.3699951171875,130.47000122070312,432200.0,0.4076777472816317,0.40882749863127227,0.42768386663354374,0.7244201190027922,0.577544071611042,0.51662016333832,0.18669963096688233,0.5807737720590083,0,0,-0.0642755329451738,0.02245494368758611,-0.12425593142134159
2015-01-02,131.72000122070312,132.39999389648438,128.44000244140625,130.3300018310547,496300.0,0.40750488924233447,0.4103671653792718,0.42179217921365486,0.724527430731143,0.566515064132901,0.45986588321242916,0.1781061446699573,0.5774040253637432,0,0,-0.05457195278581956,0.033647576826663105,-0.11719169749728729
2015-01-05,132.19000244140625,132.99000549316406,128.97000122070312,129.75999450683594,1355100.0,0.4067939344049348,0.4122771595885178,0.3971031835373665,0.7248149306890538,0.5433814519048943,0.4754075596051932,0.16364849059319012,0.5682032521484427,0,0,-0.0582368131715673,0.030077481116180464,-0.11179313657734104
2015-01-06,128.0,129.47000122070312,126.69000244140624,126.7300033569336,958500.0,0.4049733370558449,0.41364176247687984,0.28418111775390154,0.7249982491154333,0.516050306876729,0.3657185489561048,0.1695750107860782,0.5616952888048772,0,0,-0.011790989858713909,0.06250000734952495,-0.07459926568250452
2015-01-07,127.5500030517578,129.42999267578125,127.26000213623048,128.35000610351562,666000.0,0.40415365250372864,0.4151511300400094,0.3612754197108713,0.7251329093208553,0.521870666032396,0.4169751840731897,0.17507820810804567,0.5662172539450072,0,0,-0.008522068984823276,0.06754515372720878,-0.06462559949863797
2015-01-08,129.8000030517578,131.07000732421875,128.72999572753906,129.64999389648438,1092000.0,0.4034399068887699,0.41672895138052474,0.4175602855900582,0.7253632351306994,0.5081476113902783,0.47974716909616605,0.16144636599133969,0.573631647237833,1,0,-0.025944695541105046,0.049162425076198835,-0.08780680745251825
2015-01-09,129.82000732421875,130.5500030517578,128.30999755859375,129.88999938964844,722500.0,0.40321128434910086,0.4178107578812836,0.42779949436642206,0.7255166947220199,0.5246372083355159,0.4780988500704016,0.15265771910872492,0.5785372325437548,0,0,-0.0258388450537865,0.048515183819868836,-0.07882768477611772
2015-01-12,130.4499969482422,130.4499969482422,127.37999725341795,127.91999816894533,665300.0,0.4019678100144824,0.4190227398310568,0.3512634937549254,0.7256489804872558,0.5208756630661444,0.4522782956006185,0.1529186115854402,0.5740200202198381,0,0,-0.030641279130348874,0.04357536137274359,-0.08946027540064465
2015-01-13,128.6699981689453,132.22000122070312,127.48999786376952,128.6699981689453,848500.0,0.40144644511903177,0.4197959396860225,0.3857067182425358,0.7258219282767792,0.5204305542153993,0.4873254746673304,0.13340619575398335,0.5797811124441629,1,0,-0.017198225294974032,0.05816137076221779,-0.07528140549767307
2015-01-14,125.05999755859376,126.0500030517578,122.11000061035156,125.5999984741211,1375200.0,0.4001472126653927,0.4200899571060624,0.28143715394717983,0.7260731924227711,0.5337586564531935,0.35465788744778526,0.15504786921259708,0.5704438655061648,0,0,-0.022926843788159682,0.08587862912105591,-0.05393638696488842
2015-01-15,126.5999984741211,127.66999816894533,124.11000061035156,124.22000122070312,869900.0,0.39901804960060866,0.42007312384505685,0.24213717387866718,0.7262238042044541,0.530801564214324,0.39531907798775184,0.15942524457665122,0.5645374729004604,0,0,-0.03574839106940483,0.07571657843761782,-0.05605096338419038
2015-01-16,124.45999908447266,126.4499969482422,123.97000122070312,126.29000091552734,790700.0,0.39799762263189237,0.4201460674052974,0.33632374026293277,0.7263717602824918,0.5352667862665159,0.4164733946961515,0.16440804773257892,0.5699061183003115,0,0,-0.018918036153822152,0.09378523113343247,-0.043873747340889974
2015-01-20,127.26000213623048,127.3000030517578,125.1999969482422,126.25,1017400.0,0.39616029550726767,0.42023921070750986,0.33502410589341525,0.7265617172573003,0.5251867525491957,0.44638654836622416,0.16066050712264615,0.5629982394210798,1,0,-0.0407791708650287,0.07007679475781026,-0.06350466556592532
2015-01-21,126.75,127.66999816894533,125.12000274658205,125.9499969482422,3366800.0,0.3942644173589462,0.42032225371064874,0.32473033665780093,0.7271823213346195,0.5433516375046596,0.4552974814900467,0.15351515184545053,0.5401385513823567,0,0,-0.03675247041305693,0.07413861869585396,-0.0596435546875
2015-01-22,108.6500015258789,114.62000274658205,108.5999984741211,113.4000015258789,9268900.0,0.3888081941040927,0.4188342083352046,0.06808223923707019,0.7280939549396018,0.6345894668907791,0.22412757323396476,0.21512400457760286,0.4772051539539017,0,1,-0.0003970071692686163,0.21802302302362936,0.07391820392357448
2015-01-23,113.1500015258789,115.3000030517578,112.5,114.8499984741211,2103100.0,0.38348579629081675,0.4175167387488932,0.1235344879890044,0.7283204785942717,0.65729415717579,0.321110222580805,0.26713161748881487,0.49148465078003895,0,1,-0.04012348316167757,0.20246912500466746,0.014814817306615078
2015-01-26,114.5500030517578,114.87000274658205,111.8499984741211,114.3000030517578,1497200.0,0.37768385483025185,0.4161397923823808,0.11556755528908752,0.7284759327230182,0.6725037282053605,0.3550164542215122,0.317015759222097,0.48131905587342844,0,0,-0.05180674494286046,0.18772309834598588,-0.019677859523347718
2015-01-27,112.6999969482422,114.62999725341795,112.0500030517578,113.19000244140624,1201000.0,0.37197670621354467,0.41472917949385707,0.09933660585082854,0.7285914811301143,0.6752226271183605,0.3825395831814088,0.3633367479744305,0.4731645811988096,0,1,-0.035870501877979216,0.20481192508375304,0.0017498212799359038
2015-01-28,114.66999816894533,115.13999938964844,112.83999633789062,112.83999633789062,1895200.0,0.36612736407681684,0.4132355227460193,0.09413719258213515,0.7287691059405798,0.6416830452009773,0.4139610715490285,0.40174915432010816,0.46029667078803727,0,0,-0.05362664161056468,0.18941604363428505,-0.014400540845131309
2015-01-29,112.56999969482422,114.48999786376952,111.62000274658205,113.9800033569336,1348700.0,0.36090533640828243,0.41156343565757797,0.14446731214592395,0.7289057245762701,0.6632687407254472,0.4331267298652024,0.4410438174653143,0.4694539896836729,0,1,-0.03518257133592298,0.20861398156234104,-0.0018610341305207974
2015-01-30,113.2300033569336,114.7300033569336,111.37999725341795,111.62000274658205,1073600.0,0.35564985344291217,0.4097409733781507,0.10513761439103392,0.7289972683098201,0.6544951869402681,0.4422895771832665,0.4782555497830442,0.46216452755988374,0,1,-0.04062120325013001,0.20073694138934361,0.00035087984694623755
2015-02-02,110.29000091552734,112.9000015258789,110.0999984741211,112.61000061035156,1310400.0,0.3507094199097424,0.4080318541429074,0.1485573463058003,0.7291176455273826,0.6726085615027304,0.4494769437581503,0.516699017321355,0.4710617995112747,0,1,-0.01514067729637285,0.23132054344636596,0.02060558471392539
2015-02-03,112.61000061035156,113.5500030517578,110.83999633789062,112.3499984741211,1004200.0,0.3458554175233382,0.40645627683764435,0.14375070344945745,0.7292080464918363,0.6886035910243478,0.4633597809046983,0.5454722019326456,0.4642435451663519,0,1,-0.035609644920487224,0.20868484035724075,0.014741106684287242
2015-02-04,112.18000030517578,112.62000274658205,109.72000122070312,110.0999984741211,1627100.0,0.3412188809477182,0.4044508944347585,0.10382717105261924,0.7293296963790264,0.6840002550849286,0.4598408313202768,0.5759816352550734,0.4531959633652926,0,1,-0.03186472523076457,0.2129951101929731,0.021183776464102008
2015-02-05,110.04000091552734,111.22000122070312,109.19000244140624,111.08000183105467,1351800.0,0.3364039090319168,0.40247020155669927,0.14962220326425535,0.7294395623313362,0.7038328510801483,0.4648456725628816,0.6060983594668989,0.4623743304470159,0,1,-0.013079041429275962,0.2367847416542149,0.05731151358804886
2015-02-06,111.23999786376952,112.8000030517578,110.58999633789062,111.98999786376952,1087800.0,0.33148020527428207,0.4004255412594086,0.1915533833351315,0.7295345475250145,0.7127698526242742,0.48204516147634746,0.6161964791692618,0.4697602068425616,0,1,-0.02376664877683102,0.22389271098867708,0.037630538677279765
2015-02-09,111.77999877929688,112.48999786376952,110.3499984741211,110.4499969482422,831500.0,0.32606022596670653,0.39821255092058777,0.15912212910182116,0.7295984791143483,0.6948439568877699,0.4797259807764658,0.6266263556143056,0.4641145401548467,0,1,-0.02839539571242871,0.2160906992576277,0.02893113604404952
2015-02-10,111.1999969482422,113.30999755859376,110.52999877929688,112.86000061035156,1150500.0,0.32186141604444735,0.3963912110868743,0.26485455641802325,0.7297055158691689,0.7154788853459212,0.49507838745686306,0.6268672850667105,0.47192613308835957,0,1,-0.02354005021240054,0.21077410070193178,0.015391621771011374
2015-02-11,113.12000274658205,114.55999755859376,112.44000244140624,113.7699966430664,1100700.0,0.3177072138936751,0.3946607688077703,0.3016261037417296,0.7298145596167932,0.7275174884727373,0.5152021700371398,0.6132314933295786,0.4793995970969798,0,0,-0.04004965663668777,0.18872935767474755,-0.007885870856240458
2015-02-12,114.70999908447266,115.77999877929688,114.04000091552734,115.2699966430664,1050800.0,0.3148271527239151,0.39322434394870615,0.3598456579648118,0.7299291611022857,0.7168312946501044,0.540616661230293,0.5878438590975708,0.4865342532069627,0,0,-0.05370485005392615,0.16621250409316324,-0.00738328524809536
2015-02-13,115.5,116.81999969482422,114.72000122070312,116.63999938964844,778400.0,0.3127138066376926,0.3918675973241654,0.4097563172208025,0.7300211553493997,0.7417630308806743,0.5681754097023523,0.5539570744339297,0.49181938483620774,0,0,-0.059859475378009806,0.15173077125456916,-0.0020820497159609584
2015-02-17,116.87000274658205,117.5999984741211,115.0500030517578,116.43000030517578,894600.0,0.30996478438618497,0.39023815461109485,0.4027610439944508,0.730125548868891,0.7312688163085224,0.5919533655093993,0.5149699827218337,0.4857452857155466,0,0,-0.07090195743943821,0.13820304210334755,-0.016546641934800054
2015-02-18,116.44000244140624,118.08000183105467,115.88999938964844,117.62000274658205,892100.0,0.30755869381706386,0.3885896346017665,0.44698570612417776,0.7302367017301427,0.7400964898960534,0.6456461529726559,0.4741328553459969,0.4918024104925886,0,0,-0.06733663099489506,0.1355320685213071,-0.018294295948033116
2015-02-19,117.20999908447266,118.83999633789062,116.37000274658205,118.31999969482422,671300.0,0.3054314087328654,0.38691305944282045,0.47236908030420466,0.730323444130938,0.7667795986406958,0.7231834027761884,0.4288799708608587,0.49636036124119115,0,0,-0.07320183990219949,0.12761436648297178,-0.029756843379275533
2015-02-20,117.9499969482422,119.81999969482422,117.18000030517578,119.36000061035156,739800.0,0.30709308916775097,0.38557426852499893,0.5093472431745423,0.7304241450739376,0.6809480728594598,0.7205299182790825,0.39315089767653666,0.5013834090049573,0,0,-0.07902297581336212,0.12060517502760904,-0.052484779415904056
2015-02-23,119.81999969482422,119.81999969482422,117.8499984741211,118.52999877929688,671300.0,0.3081190934373514,0.38403908984750407,0.4744462864245599,0.7305117320828046,0.6530496404550316,0.6882583578359727,0.35997390114823746,0.49682545825635466,0,0,-0.09400135022896493,0.10388741171641305,-0.05613268192008632
2015-02-24,118.52999877929688,119.7300033569336,118.0,119.5999984741211,741900.0,0.3095967612311716,0.3827923180738307,0.5139643187208791,0.7306137979882853,0.6479026220000266,0.6741806392143062,0.32916669008624544,0.5018627644687608,0,0,-0.083776262612349,0.1154982079000698,-0.04302706932122139
2015-02-25,119.38999938964844,120.66000366210938,118.23999786376952,118.83000183105467,919300.0,0.3111692239959665,0.3812717286220891,0.4799753279712373,0.7307354392629762,0.6422478110648068,0.6592389031339735,0.3100818778832467,0.4956209588331429,0,0,-0.09021740011026899,0.10727426417008548,-0.027591999112540653
2015-02-26,119.19000244140624,120.37000274658205,118.1999969482422,119.04000091552734,662600.0,0.31289781927875776,0.3799811925958569,0.48839733370398264,0.7308239902164534,0.6720338205547929,0.6446291801738467,0.29184474881750644,0.5001198388659509,0,0,-0.08911894137931067,0.07136241350560137,-0.04519063084941093
2015-02-27,119.22000122070312,120.05999755859376,118.0199966430664,118.12000274658205,664500.0,0.31405207381616856,0.3786188354550976,0.4459675883114905,0.730908651591449,0.6469720089938569,0.6246712373511464,0.2724557637210784,0.49560805833199234,0,0,-0.08921373206404923,0.07098451682841007,-0.046875015021331734
2015-03-02,118.55999755859376,119.55999755859376,117.41999816894533,119.55999755859376,651100.0,0.31626578792001564,0.37764139328898777,0.5066241830386008,0.7309978409850347,0.6737767552314493,0.6195665197879282,0.24619827687814697,0.5000288563841525,0,0,-0.08432101975006834,0.07712496104403598,-0.0441923560728514
2015-03-03,119.30999755859376,119.30999755859376,117.6999969482422,119.01000213623048,1052100.0,0.3180501434489445,0.3764137005239227,0.4800618982070769,0.7311379868166387,0.6673106480774585,0.6100750322742781,0.22181632480971067,0.4928853736154876,0,0,-0.08957844850426609,0.06992305772049306,-0.018400777794964664
2015-03-04,119.27999877929688,119.5500030517578,118.5,119.23999786376952,761400.0,0.31997111306989284,0.3748875005559627,0.49022175840838234,0.7312405070888549,0.6706710764326604,0.6145029829348865,0.20246360269587413,0.49805507970812274,0,0,-0.08974035890655988,0.0704982710616578,-0.009999180069285747
2015-03-05,119.7300033569336,119.97000122070312,118.9800033569336,119.22000122070312,843800.0,0.3225138198581505,0.37336915599564874,0.48914392661669615,0.731353935395093,0.6837418946958692,0.616734593474578,0.19030414491400202,0.4923258992498019,0,0,-0.09334120330602838,0.007799398874849839,-0.029436449170693633
2015-03-06,118.8000030517578,119.68000030517578,117.62000274658205,117.95999908447266,1074000.0,0.3244320008286568,0.37168472457288165,0.42257566332118435,0.7314891463521546,0.6515798909658972,0.5870857450169374,0.1695641342507225,0.48503372123103367,0,0,-0.08060728495180337,0.015601414119333013,-0.011491383430250373
2015-03-09,115.55999755859376,115.83000183105467,112.95999908447266,114.83000183105467,1841200.0,0.32522380951193824,0.3695401888676218,0.2913416994565917,0.7316821588471737,0.6561483367740066,0.4624028029583681,0.19639049539924394,0.47253245664243404,0,0,-0.054001315417321206,0.0432350469913401,0.02856902994860754
2015-03-10,113.9000015258789,114.2300033569336,112.29000091552734,112.29000091552734,1111000.0,0.3257368127102969,0.36697931484477836,0.21190874869810905,0.7317796361928078,0.6500530424896205,0.39999326859040785,0.22596958826775773,0.4649890583381031,0,0,-0.04101714716857991,0.05886965103576521,0.05677955707654748
2015-03-11,112.58999633789062,113.37000274658205,111.75,112.9000015258789,818500.0,0.3257479651849479,0.36464961498080745,0.2452208648150077,0.731854727832613,0.6426393802132054,0.3882285554608891,0.257151074917608,0.4705464584389986,0,0,-0.030278687939829213,0.07186755061378611,0.08736312323452626
2015-03-12,113.76000213623048,113.76000213623048,111.9000015258789,113.04000091552734,1014900.0,0.3255444383721398,0.3623176702254091,0.25309042872745824,0.7319487170568669,0.6417658190687913,0.4003314775353213,0.27989665562321775,0.4774373629746111,0,0,-0.040478296129842946,0.06111604457593631,0.083436652273083
2015-03-13,113.23999786376952,113.23999786376952,111.41999816894533,112.36000061035156,1007500.0,0.32473311551711553,0.3600339803615999,0.23049217740040517,0.7320373737441012,0.6349131683626659,0.39887426961705735,0.30469008487327476,0.47059670249611113,0,0,-0.03582798469180628,0.06564053200852933,0.09049896739277538
2015-03-16,113.30999755859376,113.97000122070312,112.44000244140624,113.2699966430664,983800.0,0.3237935402671637,0.358103785554207,0.28472347717765545,0.732129845804132,0.625334049849142,0.4395900094853575,0.3156289326207127,0.477276446197102,0,0,-0.03666780967254604,0.06541479230677813,0.10929155137585077
2015-03-17,112.58999633789062,113.23999786376952,111.9800033569336,112.58999633789062,566200.0,0.32272292609895953,0.3561129915208991,0.2597529205257907,0.7321804651342215,0.6237701438405483,0.43827436658235575,0.32980487491936517,0.4734320968542467,0,0,-0.030016721084563686,0.07124576289737834,0.09852568193567182
2015-03-18,112.3499984741211,114.8499984741211,111.54000091552734,114.2699966430664,853400.0,0.3217889260227747,0.3543746946903245,0.3554120803900378,0.7322662731046797,0.6244012330823477,0.47223792787843805,0.3179114968567782,0.479226458792065,0,0,-0.028066401416618612,0.07380766904947188,0.08588683260922185
2015-03-19,114.8000030517578,116.16000366210938,114.5,114.55999755859376,1034900.0,0.3207406168038724,0.35300896935624876,0.370957660723372,0.7323722507959681,0.6013868011566058,0.512575051076181,0.2895201886997373,0.48625315807663033,0,0,-0.049094257243001,0.05128205812988571,0.07499781173174867
2015-03-20,115.18000030517578,116.48999786376952,114.54000091552734,116.3499984741211,1587800.0,0.3199014116986622,0.35166232131843084,0.4605139918194019,0.7325535993367837,0.6163655786162039,0.533058832113603,0.2590221029520823,0.49703390319599733,0,0,-0.04216132973103719,0.04783522585299243,0.0805691650980766
2015-03-23,116.69000244140624,116.87999725341795,115.26000213623048,115.41999816894533,897000.0,0.31903432647038316,0.3500654226816577,0.4164689278660192,0.7326503938774097,0.6076297683479802,0.5378173437323971,0.2296777549475453,0.49094350870546183,0,0,-0.0544907954484873,0.034121197015624875,0.045294342176021504
2015-03-24,115.6999969482422,116.0500030517578,114.37000274658205,115.0199966430664,1127400.0,0.31775739683892884,0.34839670207418244,0.39783554255006637,0.7327689511454106,0.5925213988900517,0.5234934889684695,0.20972587368824006,0.48328875870698956,0,0,-0.04479291501441347,0.042973546981061234,0.06307404716845799
2015-03-25,114.93000030517578,115.5500030517578,112.88999938964844,112.9000015258789,1246200.0,0.31610408022825226,0.3467111490618769,0.3084039317226217,0.732882308357076,0.5794543267789611,0.49122256722289803,0.207704602755075,0.4748273878997373,0,0,-0.030516451388212098,0.04981745369646564,0.08259433383119191
2015-03-26,112.06999969482422,112.91999816894533,111.06999969482422,112.2300033569336,830900.0,0.3142054155566058,0.34486624300522567,0.28324612874884436,0.7329541250862187,0.5856094607277281,0.4496433447883285,0.22260631220996255,0.469185795054491,0,0,-0.008857395805887392,0.0760850651123876,0.12382642309999516
2015-03-27,112.72000122070312,114.1999969482422,112.01000213623048,113.87000274658205,700200.0,0.31302049224568423,0.3435498958646281,0.37275909936849805,0.7330222388650126,0.604183816217814,0.4924211198733526,0.2186665847164864,0.4739399692153304,0,0,-0.014701964506151544,0.07074759158791129,0.12082328390802824
2015-03-30,114.12999725341795,115.38999938964844,113.22000122070312,115.26000213623048,714500.0,0.3118216299367866,0.3425443994050759,0.43961429144099773,0.7330983021242071,0.6038048910936344,0.5381920686898908,0.20018488395754183,0.47879123662167106,0,0,-0.02687272753829441,0.057346151323311764,0.09572320420626404
2015-03-31,114.87999725341795,115.45999908447266,114.11000061035156,114.94000244140624,759700.0,0.31068689169823577,0.3412706957836739,0.4248310680192128,0.733177514636758,0.5955193515094541,0.553461980597863,0.1821673357968673,0.4736330730826969,0,0,-0.03305567836178369,0.050147547297975895,0.09855978136218248
2015-04-01,114.61000061035156,114.86000061035156,113.5,114.30999755859376,892100.0,0.30931238057248195,0.33993078156396345,0.3954580704533025,0.7332667390441409,0.5931089329775865,0.5378022977234288,0.1721938593240773,0.4675759483056549,0,0,-0.030798684881984013,0.052636183428323526,0.11301546535455777
2015-04-02,114.20999908447266,114.75,113.41000366210938,113.70999908447266,699400.0,0.30777616175496486,0.338557201678417,0.3678297582162874,0.733333860295473,0.5939356307648659,0.5365286270076999,0.16394817326308694,0.46282720593477367,0,0,-0.027469158050142693,0.05642555083014968,0.11879977360767383
2015-04-06,113.01000213623048,113.41000366210938,111.33000183105467,111.73999786376952,1437000.0,0.30604199129840665,0.33837091507399225,0.28633501251757476,0.7334528719438599,0.5913587242207563,0.4364037505010012,0.17746109409990377,0.4530703532225112,0,0,-0.01706096611578617,0.06727641885034116,0.1261102493478849
2015-04-07,112.08000183105467,113.87999725341795,111.80999755859376,113.12000274658205,1108700.0,0.30556523417444287,0.3381767739180969,0.3624975946686573,0.7335547445767524,0.5868616459669296,0.4932741370678755,0.18303683761745146,0.46059813513071257,0,0,-0.009038859455338657,0.07678541252090604,0.1328977873458154
2015-04-08,112.93000030517578,114.41000366210938,112.58000183105467,113.43000030517578,1223400.0,0.3058830722570854,0.3380791416892048,0.3789324286487228,0.7336695643909942,0.6043363442750718,0.5269367523974693,0.1804042579049174,0.4689046999241586,0,0,-0.016442720696519458,0.06833454003931376,0.12402756752691818
2015-04-09,113.86000061035156,116.81999969482422,113.3000030517578,116.08999633789062,1244600.0,0.3067724603075493,0.3384045807398282,0.5034075977288125,0.7338081872079362,0.6109025001019757,0.6457176732658679,0.16175678896272336,0.47735520715149465,0,0,-0.024596675553390058,0.057392242957910254,0.11496077651806488
2015-04-10,114.88999938964844,116.01000213623048,113.5199966430664,113.81999969482422,1932800.0,0.3069899282454504,0.3385145573030462,0.4037134046319544,0.7339941475299757,0.5819585898890218,0.5784817953605053,0.14444128208782894,0.46423200261269093,0,0,-0.03290550275930544,0.04453439858760587,0.10233437529655995
2015-04-13,113.9499969482422,115.79000091552734,113.45999908447266,113.63999938964844,1100700.0,0.3073467989258127,0.3384764018543552,0.3963892064961386,0.7340986094361736,0.5655117526615344,0.5628037475877377,0.12757226198797708,0.4567585386040707,0,0,-0.0253030861108757,0.05289056658409632,0.10657182318868047
2015-04-14,113.44000244140624,114.5500030517578,113.23999786376952,113.33999633789062,901600.0,0.30736631522467267,0.3386694205645367,0.38363907784919693,0.7341823182393484,0.5510496532965151,0.5183107888930619,0.1088622652123005,0.4506369113212761,1,0,-0.020855356910516692,0.05746215077762234,0.11017244553247399
2015-04-15,113.81999969482422,117.56999969482422,113.47000122070312,117.11000061035156,1422000.0,0.308626517207709,0.3391744132576528,0.541323577212027,0.7343496543200406,0.5701762414402985,0.6764330586196733,0.12447325877523266,0.4602919179718239,0,0,-0.02426327941463546,0.05426152924466703,0.11478738800595045
2015-04-16,116.83999633789062,118.66999816894533,116.41999816894533,118.08999633789062,834900.0,0.3096915540750292,0.3398185592531428,0.5743872479374402,0.7344532198147026,0.567619068133209,0.7527415184656056,0.14824458308745395,0.46596066976686074,0,0,-0.049269888250315544,0.02672705035009481,0.07557002866869889
2015-04-17,117.12000274658205,117.58999633789062,115.41999816894533,116.22000122070312,2991900.0,0.3101543722010171,0.34050534962400364,0.4895311881826675,0.734786859655315,0.5705917391968934,0.6570571576106031,0.15597898772011407,0.44564645429725874,0,0,-0.05123213853311476,0.021678360894083024,0.0676602431327693
2015-04-20,116.97000122070312,117.66999816894533,115.83000183105467,117.43000030517578,1371600.0,0.31045548263524175,0.3412179502530544,0.5326876919111098,0.734950492556984,0.5646874563821923,0.6793574248248234,0.1639135337921079,0.4549592581804454,0,0,-0.050765801616838184,0.0146274043227197,0.0713302428880942
2015-04-21,118.25,119.23999786376952,118.04000091552734,118.93000030517578,1113900.0,0.3114340904829133,0.34199676148041386,0.5821455100085444,0.735094265419809,0.5861570662251604,0.7420676498816363,0.1852564449368684,0.4625223467233745,0,0,-0.06114281092154029,0.008430536159386201,0.06812569172451409
2015-04-22,119.43000030517578,120.52999877929688,118.55999755859376,120.41999816894533,1742300.0,0.31293964052691964,0.34311560098415,0.626894775012292,0.7353359937764777,0.6169184559748151,0.7419458864170597,0.2149910643584043,0.4743521062784023,0,0,-0.07029345488017912,0.009249125294698434,0.04330279586869526
2015-04-23,117.70999908447266,125.77999877929688,117.51000213623048,122.4000015258789,3332500.0,0.31558829263368565,0.34418618559629693,0.6797976407176305,0.7358408263168809,0.6484060687327772,0.7603575723768307,0.2706057087982886,0.49697890632267133,0,0,-0.055140337905774876,0.06701544442395915,0.056552048348643434
2015-04-24,123.91999816894533,123.91999816894533,120.48999786376952,123.18000030517578,1615700.0,0.3186412118427429,0.34524218183886585,0.6991050577067046,0.7360933885060529,0.6604777718211104,0.7360587325726515,0.3222478786353241,0.5079490851168277,0,0,-0.10498364635562726,0.015196083228465404,0.007598041614232644
2015-04-27,123.41999816894533,124.13999938964844,122.97000122070312,123.47000122070312,1040400.0,0.3213177440725778,0.34616239126002674,0.7063924554480615,0.7362578321326495,0.6495510263846257,0.7236997388290534,0.37115477420777065,0.515013127957355,0,0,-0.10025976979643006,0.01915895928320099,0.010310149937607574
2015-04-28,123.37000274658205,126.18000030517578,122.5,125.58999633789062,1296000.0,0.3241978031152208,0.3471667652738651,0.7563729272135792,0.7364805338054173,0.6538431947651809,0.7143719166689901,0.4248144977257019,0.5238126276894999,0,0,-0.09961936446223502,0.022758544835282328,0.028832894819772664
2015-04-29,125.47000122070312,125.8499984741211,123.22000122070312,123.75,1326600.0,0.32665407875671276,0.3479882200204201,0.6580046578704658,0.7366922290332526,0.637353248564112,0.6784285061679979,0.4746413838494953,0.5148053619914572,0,0,-0.1146588259078913,0.005653309221878278,0.008042058807877759
2015-04-30,123.33000183105467,123.6500015258789,121.61000061035156,122.0199966430664,1062600.0,0.328803668790213,0.34848198996874896,0.5760282685428432,0.7368495698631553,0.6235995024376874,0.6310829986650494,0.4963031481136633,0.5075905869795921,0,0,-0.09907072433317539,0.02303029069996855,0.01503030796243687
2015-05-01,122.27999877929688,123.9000015258789,121.80999755859376,123.37000274658205,845400.0,0.3314969307955829,0.3490487043334936,0.6155428353978907,0.7369821423121575,0.6372994713536371,0.6309855915626381,0.5178042819005824,0.5133306310178292,0,0,-0.09187018023991764,0.03196198683144709,0.028929674450187553
2015-05-04,121.8000030517578,124.62000274658205,121.5999984741211,124.41000366210938,862900.0,0.335029397906163,0.34961541869823837,0.6443777999209307,0.7371232528396784,0.6648298256327467,0.6307766130046457,0.5417936714734447,0.5191894954614,0,0,-0.08697416809639208,0.03550293552651583,0.03663772831675362
2015-05-05,123.73999786376952,123.9800033569336,121.5199966430664,121.95999908447266,812000.0,0.33749403737186395,0.35000033538523817,0.5340139487364913,0.737242907882056,0.6509039092190715,0.6046556329686836,0.5627600241823313,0.5136762286539142,0,0,-0.10184067033191564,0.019612590383271546,0.022023996563859758
2015-05-06,122.7699966430664,123.37000274658205,121.27999877929688,122.9800033569336,888600.0,0.340156630603723,0.3503796415560197,0.565549309749514,0.7373797025469079,0.6618908899088218,0.5999016653210243,0.5780998753040523,0.5197095893498894,0,0,-0.09593306851485352,0.027960017117969294,0.03419158600888129
2015-05-07,123.36000061035156,124.88999938964844,122.01000213623048,124.43000030517578,782600.0,0.3424818694540794,0.35100807673621787,0.6079705185504856,0.7375075342078704,0.6585503723387645,0.6173873780264468,0.6017045576728574,0.5250232378764146,0,0,-0.0999349534887977,0.02293055470684558,0.028947775747422372
2015-05-08,125.0,126.5,124.6999969482422,126.0500030517578,752000.0,0.34589166147061606,0.35179474337122313,0.651428993642761,0.7376382723281668,0.6899997956961372,0.6494250128866023,0.6320440553732259,0.5301291204370419,0,0,-0.1098609510199986,0.012054970636672144,0.02314552154909991
2015-05-11,126.20999908447266,126.5999984741211,125.33000183105467,126.27999877929688,887000.0,0.34941576262987023,0.3527104630095291,0.6574596614276796,0.7377937161523641,0.7133879576960308,0.6515158927793717,0.6607125363825538,0.5361516175531008,0,0,-0.11804836884698891,0.0030940053963211616,0.010551382775521007
2015-05-12,125.41999816894533,125.54000091552734,124.11000061035156,125.02999877929688,640700.0,0.35267499942929453,0.35332430982014923,0.5958891426449974,0.7379006859888427,0.7295583193651457,0.6238826832109176,0.665946196060213,0.5318014327703963,0,0,-0.11157741902196355,0.009344316729350679,0.00490974621931707
2015-05-13,124.9800033569336,126.72000122070312,124.83000183105467,126.23999786376952,848900.0,0.355220492740877,0.3541356642676308,0.6316057618619146,0.7380490543584858,0.7178661634555582,0.650063691128556,0.678241567057422,0.5375652408897,0,0,-0.10917381155840784,0.013916643051728553,0.012556984005059219
2015-05-14,127.0,127.68000030517578,125.95999908447266,127.5999984741211,791300.0,0.35787193349808505,0.35507382853933583,0.669062961963628,0.73819430572179,0.7232109748544371,0.6759545266092905,0.6952039912516056,0.5429379601320197,0,0,-0.12412863144892818,0.005386567781073603,-0.027170471825239
2015-05-15,127.83999633789062,128.0800018310547,126.87000274658205,127.79000091552734,580600.0,0.3610977128735566,0.3560355590339786,0.6742294512461883,0.7383015444152697,0.7417792260144125,0.6844687992735357,0.7132002010147522,0.546880081694121,0,0,-0.12938867323093572,0.0018809208153144192,-0.0610501048533534
2015-05-18,127.13999938964844,127.6999969482422,125.52999877929688,127.3499984741211,670600.0,0.3638634627734821,0.35708931038512,0.6494643992966385,0.7384234156242685,0.7322318430917731,0.6530571180209621,0.7070001052381044,0.5423268837617319,0,0,-0.11996245184463392,0.0073558371912652,-0.05313405483122047
2015-05-19,127.76000213623048,127.98999786376952,126.58000183105467,126.93000030517578,579300.0,0.36609390665286407,0.3584471794553746,0.6253353367658364,0.7385270517862629,0.7180674237876932,0.654277147108403,0.7033701110238361,0.5383935888583125,0,0,-0.11919906153952999,0.002512757743685658,-0.05889281578220106
2015-05-20,127.12999725341795,127.38999938964844,126.41999816894533,126.95999908447266,622600.0,0.3679172947795129,0.36009345542945065,0.62638781282284,0.7386385032804553,0.6928623010604742,0.6362413005814667,0.6972116040079519,0.5426208793932148,0,0,-0.10943038963407337,0.007484476288920287,-0.0527061750250301
2015-05-21,126.7699966430664,127.37999725341795,126.26000213623048,126.9000015258789,622900.0,0.3691719194616652,0.36166454380803376,0.6225162172803662,0.7387497092603713,0.683997963245728,0.6249945566612094,0.6885716723087262,0.5383915519370782,0,0,-0.10656898926326176,0.010318251397565552,-0.07262124809227588
2015-05-22,126.6500015258789,127.12000274658205,126.1999969482422,126.7699966430664,388200.0,0.37017283013152164,0.36320533214557177,0.613611607433915,0.738818656920749,0.6699081324774151,0.6113652472286535,0.679391966094429,0.5357557758599033,0,0,-0.1056737864528289,0.011268717793389145,-0.0656422516224788
2015-05-26,126.91999816894533,126.91999816894533,124.79000091552734,126.08000183105467,804200.0,0.3709005126173394,0.3647449988935712,0.5659666067266975,0.7389577984016032,0.6753867816152892,0.5749946220145904,0.6453713375599928,0.5302954690045091,0,0,-0.10791197181848335,0.009150459042571935,-0.07162579531038685
2015-05-27,126.52999877929688,126.52999877929688,125.16000366210938,125.95999908447266,897100.0,0.37100367141252294,0.3661690785621344,0.5576130853244243,0.7391122059336305,0.6629332758441058,0.5705522830898987,0.6137807539208734,0.5242043955402289,0,0,-0.10358500451240438,0.012293805752277776,-0.08867385900070668
2015-05-28,126.12999725341795,126.97000122070312,125.55999755859376,126.83000183105467,854700.0,0.3718623928165931,0.3677671005007965,0.600371138614797,0.7392640665330136,0.6881345740661072,0.5913794358573545,0.5898304408161923,0.530007584136729,0,0,-0.08502698604570624,0.015481141567244693,-0.07732611888348438
2015-05-29,126.4499969482422,126.7699966430664,125.05999755859376,125.69000244140624,1036800.0,0.37288561056286845,0.3690486603860195,0.5198038842702241,0.7394404336952082,0.6943226247464294,0.5584990751540774,0.5583303129985216,0.5229679843510131,0,0,-0.08696679508046928,0.01285188724497341,-0.07458802292752453
2015-06-01,124.4000015258789,125.77999877929688,123.54000091552734,125.11000061035156,869100.0,0.37337073151104133,0.37023258804235054,0.48172826810503866,0.739584875158028,0.69317182692753,0.4971377866300046,0.5069452179272916,0.5170670235352669,0,0,-0.06818362262996508,0.029278385183350696,-0.04892991810343782
2015-06-02,125.08000183105467,126.6999969482422,123.70999908447266,125.26000213623048,1238500.0,0.3736077157478022,0.3712324739856842,0.4905786255901544,0.7397917490887077,0.6812728646659564,0.5124546000288802,0.46953384259048503,0.5254761133641723,0,0,-0.06050675132198705,0.023978898452277644,-0.057789172101845324
2015-06-03,124.87999725341795,126.76000213623048,124.5500030517578,126.25,816900.0,0.3748037915333748,0.3724478232725988,0.5472562112337794,0.7399333596017293,0.6976777826138342,0.5404257716675221,0.4356209822903071,0.5310226498851516,0,0,-0.058837577770212715,0.02554689863533985,-0.05548456673889789
2015-06-04,125.62999725341795,126.80999755859376,124.43000030517578,124.58000183105467,1955300.0,0.3752498798838278,0.37352065277617325,0.43694748684927665,0.7402506811921007,0.6590149227943528,0.4743157443982792,0.40207312689328234,0.517746676253776,0,0,-0.06431679300742552,0.01940597685256818,-0.0740593938544244
2015-06-05,124.68000030517578,124.73999786376952,123.70999908447266,124.5199966430664,800800.0,0.37527497135645466,0.3748246555824451,0.43327968962687713,0.7403801872120929,0.6577540095562932,0.3795477489183648,0.3623106018010004,0.5123094545057038,0,0,-0.03363302600595886,0.027291711959434015,-0.06758707694003584
2015-06-08,124.51000213623048,125.43000030517578,124.0500030517578,124.8499984741211,708200.0,0.3749404034982771,0.3762408789871871,0.4546706663835173,0.7404961704558636,0.6532644791321873,0.4338389098351938,0.3328768894285473,0.5171179465661243,0,0,-0.02593963575338293,0.02867009147982491,-0.05011247720356838
2015-06-09,124.95999908447266,125.0500030517578,123.66999816894533,124.69000244140624,583500.0,0.3744971037982661,0.37745510582838787,0.4435659997483705,0.7405910752944848,0.6505182311054583,0.4232397048322163,0.2989675500751138,0.5131561347654248,0,0,-0.029475373249111987,0.024990010290058158,-0.05174208380796805
2015-06-10,125.37000274658205,127.12999725341795,124.8499984741211,126.93000030517578,569500.0,0.3750268346450428,0.37876472000705325,0.5760381495236325,0.74069195821076,0.6553966252707736,0.56940183622769,0.2964490125119724,0.5170228902418572,0,0,-0.03280137851634999,0.021733892304205485,0.018525924399426005
2015-06-11,127.55999755859376,127.9000015258789,126.38999938964844,126.4800033569336,588900.0,0.37509374949294855,0.3800597458161407,0.5430518488072882,0.7407945068130531,0.6394181039660488,0.6143387104813425,0.30275929204191054,0.5130244138589405,0,0,-0.04947607944692341,0.004096779888211497,-0.0005514826649015049
2015-06-12,126.1500015258789,126.1999969482422,125.08000183105467,125.19000244140624,671300.0,0.37442182938038554,0.3812807064754488,0.45581300804397595,0.7409057164396772,0.6179669482041275,0.5031555145664247,0.2862689009312024,0.508466463110338,0,0,-0.03850413201554567,0.015259331546103878,0.013124572965342647
2015-06-15,124.63999938964844,126.0,123.9000015258789,125.80999755859376,669700.0,0.373869793584307,0.3826385755457034,0.49231250475495547,0.7410193009261715,0.6221683581516291,0.4875624476781077,0.2537269414518357,0.5130135502790243,0,0,-0.026839208761292043,0.027478252051447192,0.054956504102894384
2015-06-16,126.1500015258789,126.79000091552734,125.80999755859376,126.31999969482422,533000.0,0.37358262427517536,0.3842747520768813,0.5215558214850501,0.7411114238905888,0.6147879394002348,0.5886651275611005,0.23381979005174744,0.5166324803386179,0,0,-0.038709187195667134,0.015340595681014285,0.05039348295299356
2015-06-17,126.66999816894533,127.3499984741211,125.72000122070312,126.4800033569336,477900.0,0.373457162657807,0.3857740193409374,0.5308515046069109,0.7411944873241142,0.6192152042110527,0.6140060569688017,0.22230895329402964,0.5198772958648462,0,0,-0.04266940629092876,0.011162156946768372,0.060481312603751225
2015-06-18,126.91999816894533,127.75,126.3499984741211,126.94000244140624,797200.0,0.3734515874840399,0.3872901198659992,0.5579480573532487,0.7413353601121485,0.6158728614098236,0.6614054504839544,0.216534378491788,0.525290074558107,0,0,-0.03882033445918374,0.009171439210321382,0.05708413210843983
2015-06-19,126.87999725341795,127.20999908447266,125.95999908447266,126.91999816894533,733200.0,0.373457162657807,0.3885054691529138,0.5562520985798723,0.7414647501915569,0.6210603156713375,0.6321675607392835,0.20469125164611038,0.5203118390614954,0,0,-0.02631161394086397,0.009453320896150436,0.03403182300093531
2015-06-22,127.72000122070312,127.87999725341795,126.4000015258789,127.87999725341795,634400.0,0.3737666369162405,0.390083290493429,0.6129340162779938,0.741580597706403,0.6303015297650745,0.690424221222287,0.20239936122269528,0.5246192484982798,0,0,-0.03293413461613601,0.0028364372482290747,0.028679478743792397
2015-06-23,128.0,128.0,126.63999938964844,127.54000091552734,524500.0,0.37417369266897366,0.3916431569834001,0.5818501675677069,0.7416751754329608,0.6302979239753458,0.6710362552745677,0.20182370937224656,0.5210580312069912,0,0,-0.034876440258552244,0.0006256008193067836,0.03284326742609412
2015-06-24,127.83999633789062,127.8499984741211,125.79000091552734,126.04000091552734,509400.0,0.37419599761827554,0.39306835909767707,0.4599641491500053,0.741762035109668,0.6211455775740087,0.5950889608965836,0.18604377002112812,0.5175993389511622,0,0,-0.03371487683469021,0.0018818056409065232,0.015759838099391854
2015-06-25,126.11000061035156,127.44000244140624,125.6500015258789,126.5500030517578,669600.0,0.3741179324228359,0.394127721821212,0.49427860749725305,0.7418783733440127,0.6095212685441633,0.5933333406082095,0.16895368267574187,0.5221457471461036,0,0,-0.020390349699748463,0.015629968314768816,0.03371945389661154
2015-06-26,126.69000244140624,126.69000244140624,122.7699966430664,123.56999969482422,1069300.0,0.3735268640290376,0.39474269107754595,0.31258128333538715,0.7420433680384767,0.6033781088366194,0.4303244643127684,0.17507671345171757,0.5148854808933394,0,0,-0.03097594392579021,0.010983795781339923,0.044646335521411194
2015-06-29,120.93000030517578,122.4800033569336,119.93000030517578,120.0500030517578,1102800.0,0.37211610895600594,0.39517249617516886,0.17801251617796265,0.7421882273484349,0.5803729241162281,0.2531872279881397,0.20606814115655606,0.507397758436079,0,0,-0.008092579124946663,0.05721453194371375,0.0844864840802375
2015-06-30,118.58000183105467,121.5999984741211,118.55999755859376,120.3499984741211,672600.0,0.3707471730040191,0.3955001801172198,0.1983075613576753,0.7422778231247092,0.5816340679692329,0.29371113503319796,0.24423744619438034,0.5119645358433635,0,0,-0.00016663283592158285,0.07846728804233377,0.11770099561530681
2015-07-01,121.08000183105467,121.26000213623048,119.6500015258789,120.26000213623048,726900.0,0.36907712874492465,0.3956494337186674,0.19519823308055195,0.7423741751097045,0.5711237329475003,0.3551133660410471,0.27968037230093157,0.5070290756926721,0,0,-0.02093896389207505,0.057498946877289216,0.08766101525149914
2015-07-02,120.6500015258789,121.1500015258789,119.6999969482422,120.44000244140624,469400.0,0.36792287420751385,0.3956516786100948,0.20877877115173754,0.7424369129549256,0.6004483904792386,0.3917179569800393,0.31259166082844336,0.5102161784505955,0,0,-0.017379044820883892,0.06111756480591958,0.09945117971081004
2015-07-06,118.76000213623048,119.0,115.04000091552734,117.5500030517578,1794000.0,0.36597960176438066,0.39510740887874934,0.11520968586979291,0.7426429230336621,0.6008153650367692,0.34056704323722176,0.3685981376156504,0.4980353894695246,0,0,-0.030886758097774955,0.07671867881491246,0.12537361481262999
2015-07-07,118.41999816894533,118.9000015258789,116.37999725341795,118.31999969482422,777900.0,0.36415900228817394,0.39456201670169005,0.1706146516247674,0.7427360367131487,0.6060525453944119,0.39555025199038707,0.4206041517751997,0.5033171262300459,0,0,-0.02875369770879338,0.08149724868009195,0.1240323390262698
2015-07-08,117.56999969482422,119.08000183105467,117.47000122070312,117.83999633789062,1018100.0,0.36224918301475945,0.39393021418435054,0.15548905504240706,0.7428546556529078,0.5919029240607594,0.42538346702029944,0.46573679762280107,0.49640449453460084,0,0,-0.02138268074562501,0.08815078035900326,0.12829614895477232
2015-07-09,119.31999969482422,119.9800033569336,115.33000183105467,115.3499984741211,1227100.0,0.359020614988846,0.39278107549574454,0.0872461197507618,0.742977748001192,0.5631312881455963,0.4217242551230498,0.5168276162864864,0.4880728077125985,0,0,-0.0363204252571813,0.07365920379263274,0.06143922342809489
2015-07-10,116.91000366210938,117.33000183105467,114.51000213623048,116.38999938964844,1015800.0,0.3562074665398746,0.3919551318225097,0.15948057754785844,0.7430863812848928,0.5777598799726816,0.42497972342554674,0.5673383236761271,0.4949698230119139,0,0,-0.020806255376044372,0.09614214551011614,0.04854788511659559
2015-07-13,116.70999908447266,117.27999877929688,116.19000244140624,116.98999786376952,623500.0,0.35392126028723786,0.39139066234919256,0.19958727710953128,0.7431554344990009,0.5919425679771665,0.4499576241818765,0.6142411233950792,0.49920322431051906,0,0,-0.018901941402001913,0.09700146898128999,0.006529788987163293
2015-07-14,117.6999969482422,118.69000244140624,117.5999984741211,118.25,835600.0,0.3518134915018995,0.3908160925768019,0.2792522102841253,0.7432547244474331,0.5853299110777993,0.47938992737403324,0.632615044339465,0.5048767289217694,0,0,-0.027267243954704132,0.08804174066018676,-0.001965943514307079
2015-07-15,118.5,118.79000091552734,117.6500015258789,117.8499984741211,825400.0,0.3494520087042651,0.39007992486863813,0.26405470288967625,0.7433506071161732,0.5758161408772953,0.483411250302512,0.647958160467505,0.49927247963248506,0,0,-0.0337420538162327,0.080338266384778,0.033403779689151814
2015-07-16,118.12999725341795,119.01000213623048,117.0199966430664,117.93000030517578,568900.0,0.34706822095732875,0.38962767599379117,0.26933527236216526,0.7434169511333703,0.5755371513756912,0.48603442347196624,0.6660627604961208,0.503135161266449,0,0,-0.030716972117588896,0.0837505547252885,0.03954182199783981
2015-07-17,117.9000015258789,117.97000122070312,115.54000091552734,116.27999877929688,724300.0,0.3440961534670361,0.38887579747033557,0.20673604893288938,0.7434936633382597,0.5728429126956767,0.4650239447569972,0.6911383315159254,0.4982173544331214,0,0,-0.02874586094187978,0.08564401295670834,0.04299160249049625
2015-07-20,116.62000274658205,117.0,115.87999725341795,116.26000213623048,719100.0,0.3411240881038606,0.3879589553863159,0.20601626910334492,0.7435696890345457,0.562193000041155,0.465097513311331,0.7144227903200298,0.49333485423452156,0,0,-0.018145860272637346,0.09786719446925304,0.041193678756558154
2015-07-21,116.0999984741211,118.5999984741211,116.0999984741211,118.2699966430664,835400.0,0.3384447672235837,0.3870858784110304,0.33948138786551696,0.7436687850172939,0.5618594597215834,0.4966728930865462,0.7072569504090774,0.49900700089828226,0,0,-0.013676211153234747,0.10235679775693442,0.019697237858674554
2015-07-22,117.30999755859376,119.5999984741211,116.86000061035156,118.5,1820900.0,0.33592436538462794,0.38621280229192007,0.35334430425306396,0.7438872566585745,0.5650874320479177,0.5184148321006385,0.6848535866165907,0.5113704338166948,0,0,-0.023674604733553373,0.09038642719901471,0.031199818602705293
2015-07-23,128.3800048828125,130.25,126.0999984741211,127.68000030517578,3245200.0,0.33638160620973195,0.3865101870491013,0.6897064536419071,0.7444675792326193,0.5584599905877577,0.77269836896064,0.6718250525021112,0.5334044897817847,0,0,-0.11704643668001702,0.0157805495121308,-0.06025322378939226
2015-07-24,128.00999450683594,129.0500030517578,127.33000183105467,127.48999786376952,1136700.0,0.3366436819191197,0.386650462797189,0.6807560173930096,0.7446691126163981,0.542608399780075,0.7615706439372936,0.6597271279672374,0.5256865952250492,1,0,-0.10573302270001798,0.017543902630091545,-0.07182016092596756
2015-07-27,126.91000366210938,129.24000549316406,126.36000061035156,127.80999755859376,1190900.0,0.33782581657959937,0.38667402902012676,0.6885137287092944,0.7448825142900152,0.5535481769731567,0.7367757286326644,0.6391048409910998,0.5337724935514468,0,0,-0.09726254399289437,0.026198104901214332,-0.04078754933538572
2015-07-28,128.67999267578125,132.1999969482422,127.3499984741211,131.52000427246094,1623600.0,0.34102371583200203,0.38709261222913777,0.7672708484119416,0.7452118416740304,0.5905307902061959,0.7422969634439855,0.6350034368497055,0.5447963112714395,0,0,-0.11086762233177115,0.027540914949530544,-0.06877391013252379
2015-07-29,131.7899932861328,132.72999572753906,129.8699951171875,132.49000549316406,1194200.0,0.34440841637591174,0.38766942689295586,0.7847571616063066,0.7454612449747154,0.6054496806584119,0.7173032013028227,0.6336479218201717,0.5529046157314143,0,0,-0.13138678975484644,0.007147220277296461,-0.09162100844674663
2015-07-30,132.25,134.57000732421875,131.50999450683594,134.30999755859375,1007800.0,0.34832563216280615,0.3884976146014431,0.8155573232250962,0.7456833154939805,0.6227285999761794,0.7018399414933472,0.6405666550197056,0.5597473131311486,0,0,-0.1338968762038796,0.01751081008399877,-0.10627218089881613
2015-07-31,134.5,135.1999969482422,133.19000244140625,134.13999938964844,1270800.0,0.35214526645540084,0.3893033585327062,0.8063286920377303,0.7459617038491478,0.621376123969642,0.6808179590471907,0.6496644053892648,0.5511189147826843,0,0,-0.1488347719986275,0.005211800766631751,-0.1296255228842077
2015-08-03,130.99000549316406,132.74000549316406,130.13999938964844,131.1999969482422,1184600.0,0.35595095962290263,0.389785906592423,0.6593484286519296,0.7461986212751771,0.6094500865057092,0.6357224126007943,0.6278618500739761,0.5430757918022068,0,0,-0.12285674244758747,0.03138505646514122,-0.09557184570263277
2015-08-04,130.6199951171875,132.22999572753906,130.60000610351562,131.36000061035156,815700.0,0.3595865834015493,0.39030099958461245,0.6632197856996436,0.746362469516069,0.6013471282217207,0.6256323250193876,0.607616620138351,0.548614180638249,0,0,-0.12278958350366682,0.034908551353560455,-0.08765238291234222
2015-08-05,132.17999267578125,133.50999450683594,131.5,132.1999969482422,718400.0,0.36359023033520926,0.39098778909929816,0.6839934671684572,0.7465105557000634,0.6070146015734521,0.626237983692355,0.5960309229159576,0.5534919280206354,0,0,-0.13451576170408694,0.022990288203629562,-0.106272772459001
2015-08-06,132.1999969482422,132.8800048828125,129.52999877929688,129.85000610351562,885400.0,0.3676329119937061,0.3914243280150285,0.5748773374742825,0.7466796186041044,0.6155515614634823,0.6040548676799417,0.5667202735617358,0.5474802944844926,0,0,-0.13381236929179008,0.022692890085122576,-0.12874430435675374
2015-08-07,129.92999267578125,130.7899932861328,128.39999389648438,130.36000061035156,701500.0,0.3715278249584156,0.39182046659064035,0.5897967444772612,0.7468157761393389,0.6174368136876406,0.5903802501910348,0.5296919394757453,0.552243295304014,0,0,-0.11875232818439797,0.040585321715423894,-0.1087408121177223
2015-08-10,131.22000122070312,132.4499969482422,130.50999450683594,132.33999633789062,571700.0,0.3758074887265563,0.39256673288552707,0.6445358095167519,0.7469339357461108,0.6211078988000073,0.6059075934750004,0.5062028294756792,0.5561249882028312,0,0,-0.1281834842454407,0.030530804762998912,-0.13746546551889433
2015-08-11,131.61000061035156,133.57000732421875,130.8300018310547,131.3699951171875,817000.0,0.3794654153273877,0.3932692332155045,0.5995734959483712,0.7470976287217722,0.6099147990163738,0.6038954504879948,0.4912743394295698,0.5505777727081071,0,0,-0.12921262616980392,0.027127069950377225,-0.13382197048921982
2015-08-12,130.35000610351562,133.0800018310547,129.3300018310547,132.7100067138672,724000.0,0.3836084671306261,0.3941052771878128,0.6369335765742092,0.7472488119819797,0.6289735876196584,0.5984601698065565,0.4637219989249626,0.5554935426202005,0,0,-0.12057550853339988,0.03691855846078223,-0.11022306382836365
2015-08-13,132.88999938964844,134.27999877929688,131.58999633789062,131.6300048828125,550800.0,0.3874281035503379,0.39470902455553475,0.5863301515064109,0.747359964150398,0.6206837722585437,0.6060484579575743,0.44599602541064565,0.5517537552340389,0,0,-0.13849744799611546,0.017406355525053055,-0.1365383304188216
2015-08-14,131.91000366210938,132.8300018310547,130.55999755859375,132.61000061035156,538900.0,0.3919809976296344,0.39561015582426257,0.6153675492214429,0.7474720481611316,0.6329287747194886,0.5953510822786569,0.42012038007013675,0.5554127447445735,0,0,-0.13218871746886096,0.024994250277980513,-0.1354554521739051
2015-08-17,132.13999938964844,134.27000427246094,131.5,133.86000061035156,699400.0,0.39688797373885126,0.39665829665918545,0.6506509848349566,0.7476230366701772,0.6452741622280403,0.6178923074540503,0.40581885575187737,0.5601614871154548,0,0,-0.1329462119921124,0.02307516435042446,-0.1292511824957377
2015-08-18,134.0,134.1699981689453,132.72000122070312,133.0,613300.0,0.40099477946769474,0.3975728947079528,0.6075837816371329,0.7477519970681267,0.628359076918827,0.6235878024204652,0.3925388688849223,0.5559973411388155,0,0,-0.14559986384956233,0.008964567031007396,-0.13596292294379964
2015-08-19,132.99000549316406,133.77000427246094,132.16000366210938,132.75,590600.0,0.4049677576278439,0.39847739245764674,0.5949238090781931,0.747875182231967,0.6195439035262323,0.6146827931239053,0.3744572599788859,0.5519873222022378,0,0,-0.13894739366115474,0.016616477105850565,-0.12045115994331532
2015-08-20,131.52999877929688,131.58999633789062,126.4499969482422,126.55999755859376,1233500.0,0.4046554947189683,0.39843587052798973,0.3552313298967056,0.7480834824254711,0.6126066768318158,0.38837138501072255,0.35745472433652725,0.5436121810605706,0,0,-0.1282108974995585,0.027645937242525894,-0.08813557023157967
2015-08-21,125.61000061035156,126.81999969482422,122.5,122.51000213623048,1402500.0,0.4032670445952386,0.39799035461507487,0.2535625119368453,0.7482837984038063,0.6045734609015526,0.25012807086152694,0.3626558938423008,0.5340895742902518,0,0,-0.07956700291624207,0.07577430880915373,-0.02109669896057948
2015-08-24,117.37999725341795,122.0,112.43000030517578,117.47000122070312,1907100.0,0.4003841969021536,0.39712401145789683,0.16029077472114728,0.7484944871826743,0.6061666457896352,0.1706693117446733,0.400956724961018,0.5211408660038526,0,0,-0.04040483929416475,0.14545750864495527,0.004734322267089202
2015-08-25,120.41999816894533,123.83999633789062,117.41999816894533,117.47000122070312,1196900.0,0.39646697898814226,0.39618809207761924,0.16029077472114728,0.7486265571126168,0.5661253590694296,0.32380936508924085,0.4234374581079624,0.529267502754936,0,0,-0.0680173472438968,0.12581934643490927,-0.01540816838158649
2015-08-26,120.61000061035156,122.63999938964844,118.3000030517578,122.4499969482422,1126600.0,0.3936677695371468,0.3957537980533164,0.3289540249708709,0.7487865359438314,0.5667084793811803,0.3954840397237819,0.4443124246015536,0.5369168209634502,0,0,-0.06963480224884959,0.12420189142995648,-0.014301526242596948
2015-08-27,123.4000015258789,125.66000366210938,120.29000091552734,122.79000091552734,1143200.0,0.3904559312867683,0.3953397037709852,0.3391001914026247,0.748951207151053,0.5510900674669936,0.44522457429793155,0.4425091987019425,0.5446788488135953,0,0,-0.08958759897184793,0.09636582863575704,-0.03372809298278866
2015-08-28,122.1500015258789,123.68000030517578,120.62999725341795,122.97000122070312,759100.0,0.3873416745306893,0.39489418785807046,0.34477251046502644,0.7490613413384345,0.559199240086123,0.452528112917874,0.4408347746523035,0.5498329385101007,0,0,-0.07915955003038026,0.10627897487630893,-0.022395960416124162
2015-08-31,121.7300033569336,123.27999877929688,121.3499984741211,121.41000366210938,636600.0,0.3846121707051586,0.3942758529769456,0.30726559965112377,0.7491473260656213,0.5527437960826557,0.4589808697662172,0.43927995232049577,0.5455105916509315,0,0,-0.07562822606683094,0.10953885872647122,-0.009026596725483886
2015-09-01,118.76000213623048,121.08999633789062,117.95999908447266,118.38999938964844,1119400.0,0.380996063225372,0.3932108797371923,0.2422647664594445,0.7492768919539724,0.5398302781605614,0.43632159236782003,0.45108054056561575,0.5379101595520404,1,0,-0.05213739922676751,0.13540889808194967,-0.010625161655686137
2015-09-02,120.0500030517578,121.01000213623048,118.4000015258789,121.0,1218200.0,0.377873442645084,0.3924769569204561,0.32875553056466567,0.7494380037247604,0.5641781705779813,0.4601652349398336,0.4620382296503701,0.5461814177107586,0,0,-0.06436356774952633,0.1279668382007699,-0.028887624089631306
2015-09-03,121.25,122.41999816894533,120.79000091552734,121.23999786376952,738300.0,0.3754729251226128,0.3919382977053289,0.33642571106980834,0.7495367005921739,0.5707578083404786,0.48377356418280554,0.46074401648923946,0.5511942808683531,0,0,-0.07289255946135718,0.11528923097720817,-0.024297540838068066
2015-09-04,119.58000183105467,120.68000030517578,118.47000122070312,118.83999633789062,582600.0,0.37226108474511727,0.3910730761376893,0.2812817178228958,0.7496056483829748,0.5564822596980149,0.46541124386123667,0.46913220305238446,0.5472385798313565,0,0,-0.05897394961943947,0.12883532986151,-0.008825467780249287
2015-09-08,120.66000366210938,121.76000213623048,119.8000030517578,121.70999908447266,481600.0,0.36929738320615063,0.39086434575604073,0.3726644044541655,0.7496714114275574,0.5556317949784801,0.4916614918280582,0.46811364610630457,0.5505085173861413,0,0,-0.06925280722437688,0.12234932458927483,-0.005721981875886105
2015-09-09,122.7699966430664,123.22000122070312,119.61000061035156,119.88999938964844,501800.0,0.3660966974304231,0.39084639004932137,0.3297856949764971,0.7497340990174536,0.5568435988405778,0.4936272343416607,0.4556094608736946,0.5471014271349142,0,0,-0.08495601360340299,0.10212801247783065,-0.046832610230208876
2015-09-10,119.73999786376952,120.97000122070312,118.80999755859376,119.73999786376952,727100.0,0.3624805878235193,0.3907779354157605,0.3262578145040277,0.7498241958842568,0.5452041444935082,0.48327574358267245,0.4479566157947279,0.5421646090367331,0,0,-0.0609725381250181,0.12895153193075687,0.006672808873388824
2015-09-11,119.23999786376952,119.4499969482422,117.04000091552734,118.16999816894533,1367500.0,0.3587278641245962,0.39054339391974663,0.2892154322243148,0.7499798673738359,0.5528708586362189,0.4630760220358753,0.4492962714881449,0.5328796430770819,0,0,-0.056873205946951826,0.13328878711548556,0.0021713891838071714
2015-09-14,118.06999969482422,118.6500015258789,116.69000244140624,117.08999633789062,800200.0,0.3544008018074097,0.3901674542299312,0.26464450003222006,0.7500653936241083,0.5373764458205057,0.4526698707690359,0.452180741361797,0.5274464951714782,0,0,-0.04772784528256522,0.1371752503651353,0.015824682876854332
2015-09-15,117.58999633789062,119.06999969482422,117.19000244140624,118.16999816894533,686000.0,0.35002634306829433,0.39023703045303065,0.30485760537571627,0.7501433770820797,0.5294731317377509,0.464424542907708,0.45094434922867777,0.5321042550605611,1,0,-0.044068632625322374,0.1425399518609885,0.023059225058349328
2015-09-16,118.02999877929688,119.44000244140624,117.87000274658205,119.12000274658205,479800.0,0.3461565237033289,0.3903268072742769,0.33969872819466507,0.7502007896653501,0.5407462841607737,0.479820050941515,0.44622106393383354,0.53536197108794,0,0,-0.047389342141775155,0.13751375350592537,0.02801047313093389
2015-09-17,119.12000274658205,120.20999908447266,117.81999969482422,118.22000122070312,538900.0,0.3421054803477401,0.3903694516496477,0.31520711468131957,0.7502621699593729,0.537320352247987,0.4824020505662359,0.43427693324213756,0.5317029815774054,1,0,-0.05616187279342741,0.12726658565452242,-0.07588986490169268
2015-09-18,116.87000274658205,118.1500015258789,114.80999755859376,115.18000030517578,1367200.0,0.3389326746950814,0.39035037435338976,0.2407494937169763,0.750391408336072,0.5393068767974463,0.3887973441416628,0.44014968901891716,0.5224200525389884,0,0,-0.03755711720149022,0.14726777070668753,-0.05642028192748629
2015-09-21,115.61000061035156,117.37000274658205,114.6999969482422,115.80999755859376,739400.0,0.3370646766698288,0.390285286200795,0.265984874508835,0.750464200189432,0.5610013829136739,0.3971570486564975,0.4461728315755116,0.5274403844077754,0,0,-0.02760896246527344,0.16209409723457302,-0.04306302371358625
2015-09-22,113.0500030517578,113.5999984741211,111.43000030517578,113.3000030517578,1106700.0,0.335902058308209,0.38987119277463905,0.20937114897641856,0.7505554624727914,0.5729301033705474,0.30860323023166225,0.46717336761151773,0.5199261819744693,0,0,-0.013988453335061862,0.1833174697788748,-0.002331441828451083
2015-09-23,112.80999755859376,114.43000030517578,112.1500015258789,113.9000015258789,686100.0,0.3349067228121196,0.3893830333425286,0.23443407045381037,0.7506146109590258,0.5992999361557689,0.37262550898176117,0.47803991930875245,0.5245846208372968,0,0,-0.01218002838700341,0.18949691652607606,-0.015886984765049
2015-09-24,113.23999786376952,116.3499984741211,111.98999786376952,115.87000274658205,1162500.0,0.3330721843379369,0.3891608370370157,0.3132052901793059,0.7507292681283823,0.5972281138430924,0.4282255492658687,0.46932656901415903,0.5324776906201815,0,0,-0.015891110924897495,0.18472344717876862,-0.03195785198318359
2015-09-25,115.05999755859376,115.95999908447266,113.87000274658205,114.7699966430664,1219800.0,0.3308361631576709,0.38880621953488576,0.28468661781741456,0.7508409695351973,0.5956840009793459,0.4447688507539892,0.46123560088346516,0.524195568881547,0,0,-0.031328188205510865,0.16578930058266383,-0.04651764271928813
2015-09-28,113.86000061035156,115.44000244140624,113.23999786376952,114.08000183105467,1042200.0,0.328357582566877,0.3885593345607213,0.266968404694674,0.7509317724815497,0.584558157286534,0.4413169673846912,0.4574951516073643,0.5171193045136138,0,0,-0.021172783621603294,0.17783396583677083,-0.03798902795049409
2015-09-29,114.5,115.27999877929688,113.62000274658205,115.0,928300.0,0.32657043838750616,0.38841793636691985,0.3059036785319532,0.7510179948741734,0.6052419458187511,0.4623756015135322,0.45402187727955623,0.5234222177862604,0,0,-0.026910936584404126,0.17242284233195707,-0.062412365290161226
2015-09-30,115.88999938964844,117.48999786376952,114.48999786376952,115.8000030517578,832800.0,0.3258483332025724,0.3881407522078855,0.3393545037063851,0.7510995093720668,0.6172948201798126,0.5041305936411394,0.42776035636887366,0.5290767111326572,0,0,-0.038782600734544835,0.15547830332880436,-0.06973910124405558
2015-10-01,115.97000122070312,117.4499969482422,115.2300033569336,116.97000122070312,926500.0,0.32472474743867247,0.3879690548292141,0.3869428873931081,0.7511969889313154,0.6056401815325015,0.526199715335227,0.4033746583803828,0.5353674028778981,0,0,-0.039205533643191286,0.134887691757711,-0.08341971854518639
2015-10-02,115.37999725341795,120.01000213623048,115.1999969482422,119.83000183105467,1133700.0,0.3243316328110322,0.38708812330245795,0.48892240373220075,0.7513366692272646,0.6291795149662172,0.5872876856782827,0.3663075560531518,0.5430649282222906,0,0,-0.033769316123962244,0.09780287528441471,-0.11464474559944969
2015-10-05,120.6500015258789,123.25,120.6500015258789,122.94000244140624,921100.0,0.3254747370009092,0.38657752009312357,0.5781676961507626,0.7514681669343909,0.6477614708565743,0.6975074582875818,0.35520294585414625,0.5493189553853143,0,0,-0.07694234398579226,0.041809246930446894,-0.13118585479841988
2015-10-06,117.02999877929688,119.66999816894533,116.0199966430664,117.95999908447266,1748300.0,0.3244292164324489,0.385472147369427,0.41812732343404346,0.7516625247566376,0.6418427934159878,0.5730587595346381,0.32435415747753116,0.5374484574056007,0,0,-0.045550661809935125,0.07019688231196838,-0.10582399445153008
2015-10-07,118.9000015258789,119.0199966430664,114.88999938964844,118.61000061035156,1348500.0,0.3240723457520865,0.38402337903221234,0.43703099191796535,0.7518177912310043,0.6675188262386671,0.5683712077972527,0.3027925223500818,0.5466044183537467,0,0,-0.06332656221329538,0.057307580439955284,-0.1252119734409625
2015-10-08,118.18000030517578,119.83999633789062,115.05999755859376,118.93000030517578,822200.0,0.3238465139899765,0.3825016671347569,0.44665913046712036,0.7519140408058157,0.6779299275980707,0.589233987424809,0.2766394494052281,0.5521869404831985,0,0,-0.05690919791978233,0.06306385058968446,-0.12401988878489945
2015-10-09,119.12000274658205,120.36000061035156,117.83000183105467,119.2699966430664,733600.0,0.3241531995979681,0.38081386923102384,0.4573589125574107,0.7520014406650563,0.6811139835991328,0.6299430421505869,0.24841957294142816,0.5571678918747891,0,0,-0.06465990432753407,0.0383418611527178,-0.13058106759304836
2015-10-12,119.66999816894533,119.80999755859376,118.72000122070312,119.4000015258789,523000.0,0.3247972417145792,0.37915973784930174,0.46167002870415497,0.7520641488282208,0.6914058527883976,0.6281407659794815,0.22221540193932812,0.5607189245599062,0,0,-0.06908692961926537,0.030267466353294397,-0.14102456752103917
2015-10-13,119.37000274658205,121.5,118.5,120.62000274658205,601400.0,0.3254803164289101,0.3779724445681801,0.5023806403230613,0.7521408520635441,0.6951494547671149,0.6497456170571537,0.20242579008548187,0.5648022726609185,0,0,-0.06649918207652064,0.03249578897682844,-0.13860973903062102
2015-10-14,120.37999725341795,120.41000366210938,117.16000366210938,117.47000122070312,1125900.0,0.3250202869533642,0.3764137005239227,0.39346303023975526,0.7522620051435661,0.6747527948030275,0.590495447962073,0.17711616010288336,0.5571577072686177,0,0,-0.07419993984783577,0.023793754611428835,-0.14582984527737503
2015-10-15,117.88999938964844,118.6999969482422,116.41999816894533,116.62999725341795,1280600.0,0.3245769851262362,0.3746664258399884,0.3676903398175101,0.7523929022967325,0.6630439416314088,0.5573463350599577,0.15940454392106732,0.5484627694931665,0,0,-0.054992755744809975,0.045628675871733165,-0.12675576091697696
2015-10-16,117.12999725341795,119.0,116.12999725341795,118.30999755859376,1009300.0,0.3254496455282823,0.3733713991747258,0.42821282143670647,0.7525066547077582,0.690145745069023,0.5736290234257586,0.1403114339696073,0.5553156514990722,0,0,-0.048872477771366225,0.05247365935612841,-0.12115234147451599
2015-10-19,118.5199966430664,119.3000030517578,116.6999969482422,118.51000213623048,746100.0,0.3262024216138439,0.37204158525408876,0.4352962517448902,0.7525916263299149,0.6972667557448319,0.5822855433269336,0.11982798917635126,0.5603814746087584,0,0,-0.05992727989347866,0.039979743508920536,-0.12281294124869555
2015-10-20,117.48999786376952,120.08999633789062,117.33999633789062,119.9800033569336,1188900.0,0.3280648423382126,0.370654539444678,0.4867738913305577,0.7527379236607158,0.7022679374999794,0.6112924704535961,0.10341809771559293,0.5684537934602607,-1,0,-0.05113490380016704,0.04860351052571245,-0.10691079183663156
2015-10-21,120.3499984741211,120.5500030517578,116.95999908447266,117.06999969482422,963600.0,0.3289486552149095,0.36904978540025896,0.3862326502051675,0.7528387634611583,0.6805685391137146,0.5692438667434624,0.09242307654271939,0.5619112024557122,0,0,-0.07434570694592191,0.024170707157354955,-0.14944157195791244
2015-10-22,117.98999786376952,121.26000213623048,117.98999786376952,120.54000091552734,908700.0,0.3302506763189907,0.3676840600661832,0.4975354352041774,0.7529536154344288,0.6737771923055144,0.6398724913166915,0.08875029779046031,0.5680810368743852,0,0,-0.05603483023570692,0.044930401895807236,-0.11429057220719799
2015-10-23,121.62999725341795,122.0,119.31999969482422,119.5,855100.0,0.33156942719860677,0.36632282365878727,0.463108728915538,0.7530560305914661,0.6640342562262164,0.6479407443205353,0.09200116291750046,0.5622751323829059,0,0,-0.08461918757898618,0.013439544833895593,-0.14617550177003322
2015-10-26,119.5,120.54000091552734,118.25,119.94000244140624,792000.0,0.33320322751042336,0.36490098888165173,0.4768658238788934,0.7531530184007323,0.6746702983111544,0.6060707072717758,0.08268902704519479,0.5676526044414388,0,0,-0.06753137819936585,0.03138075313807531,-0.1343096489686845
2015-10-27,119.83000183105467,121.05999755859376,119.0500030517578,120.29000091552734,1144200.0,0.3346781087809187,0.36337815539465773,0.48821586255794047,0.7532955482803553,0.6687391670927124,0.6260726813627264,0.07911020014204787,0.5754214220290316,0,0,-0.07003502880519373,0.0285142412817282,-0.16249795811606235
2015-10-28,120.79000091552734,121.75,118.63999938964844,121.33999633789062,1606100.0,0.33622268929552773,0.36206966280553093,0.5223821208636247,0.7535059916026722,0.6907190036144396,0.6417330488951071,0.0824336804545486,0.5863264193436905,-1,0,-0.07781195892520232,0.020450570003737636,-0.1806467968371976
2015-10-29,108.0199966430664,114.25,108.0,110.08000183105467,6291300.0,0.3343017196745794,0.35952562204369315,0.2273511467547476,0.7538842631063692,0.6458473705606246,0.17485255324717736,0.1195972704575238,0.5436101441393363,0,0,-0.00016479844791425903,0.12551511304255536,-0.08620404977881409
2015-10-30,110.43000030517578,111.16000366210938,109.61000061035156,110.1999969482422,1463900.0,0.3316168214934185,0.3576896929842263,0.23128590004304966,0.7539731220284368,0.6219871646333701,0.2561861910466144,0.1541063183174293,0.5535496407889403,0,0,-0.022074857056281896,0.11646075110445327,-0.12827037165436003
2015-11-02,109.0,110.68000030517578,108.23999786376952,110.6500015258789,2289200.0,0.3281903018284639,0.35635875661787536,0.24683908735078242,0.7541183204853456,0.6481194041165501,0.31340468646530983,0.19217821608300847,0.5690927077540838,0,0,-0.009074410414636141,0.129310348408565,-0.0839382963353843
2015-11-03,110.55999755859376,113.7699966430664,109.8000030517578,112.77999877929688,1975800.0,0.32674608933147936,0.355832441737074,0.31853783242791955,0.754269733698271,0.6631391865335945,0.4125526582765602,0.19932041721681645,0.5825078710031362,0,0,-0.02313599207673784,0.11468596716140386,-0.09091728350533212
2015-11-04,112.76000213623048,113.8000030517578,110.7699966430664,111.01000213623048,925100.0,0.3246271680714899,0.3551074967736974,0.27972711885074486,0.7543303223287053,0.6314125910796745,0.4304365875659458,0.2056966178309191,0.576226684890322,0,0,-0.042206084303525286,0.09301292762290024,-0.12253945597099258
2015-11-05,111.0500030517578,111.72000122070312,109.01000213623048,109.5999984741211,1180900.0,0.3220259123866526,0.3536654622545901,0.2503382221739291,0.7543972071712498,0.6113481784464482,0.4194942729993125,0.2211270830078799,0.5682086839384008,0,0,-0.027475029214168122,0.10989997940249091,-0.1208900598152492
2015-11-06,109.45999908447266,110.16000366210938,108.22000122070312,109.66999816894533,1400800.0,0.31934938015681774,0.3521931276944377,0.2529182711815122,0.7544770812546252,0.6214445535458152,0.4273488742143157,0.2395278862755517,0.5777197481550587,0,0,-0.013321159715320555,0.1258211779882776,-0.11012773597505299
2015-11-09,109.26000213623048,109.86000061035156,108.68000030517578,109.5,1059000.0,0.3165892054306592,0.35068151609605586,0.24905245961427946,0.7545362866834672,0.6262782892478118,0.4432519355707162,0.25661434645267556,0.570529416198005,0,0,-0.011489032162556114,0.12756449436807768,-0.1077778781086116
2015-11-10,109.33999633789062,109.5999984741211,106.8000030517578,107.37999725341795,1461800.0,0.31289781927875776,0.3491070603803315,0.20223728032188915,0.7545986141701976,0.6074266672114099,0.4361129917821849,0.2822953448522054,0.5606041779970411,0,0,-0.023196285718108008,0.12703199691424086,-0.10639263832405835
2015-11-11,107.33999633789062,108.56999969482422,106.81999969482422,107.87000274658205,982000.0,0.3102212870489229,0.34792650006114184,0.22319553177383017,0.754643444127579,0.6263249765196527,0.44603260297082115,0.30614198622319744,0.5672717001706261,0,0,-0.005028807039903686,0.14816543182210737,-0.09219588517142813
2015-11-12,107.31999969482422,108.51000213623048,106.13999938964844,106.30999755859376,1138200.0,0.30734401452960486,0.34627797919563824,0.18873609470087988,0.7546843030075635,0.6275157644230821,0.4463971297786241,0.3318791694347606,0.5595436210077193,0,0,-0.010939095903686444,0.14767775933592936,-0.09567070948416395
2015-11-13,102.87999725341795,102.87999725341795,100.31999969482422,101.97000122070312,2699900.0,0.3027883339269834,0.34411548863983416,0.1096239169273942,0.7547081684487215,0.6318918359518908,0.3925208268210111,0.3794587885389824,0.5412120088728289,0,0,-0.024080496824231124,0.1916094743145387,-0.05013634017555573
2015-11-16,101.54000091552734,105.3000030517578,100.6500015258789,104.93000030517578,1401400.0,0.29900215493122434,0.3425545005603245,0.2275355594965019,0.754746335736245,0.647004753136117,0.42762473040238397,0.3992053829258131,0.5507271469319553,0,1,-0.011964315054410594,0.2006472378105516,-0.03412771712536794
2015-11-17,101.54000091552734,105.56999969482422,101.54000091552734,104.0199966430664,1445300.0,0.29455241751999445,0.3405693178994103,0.20969957438501757,0.7547774809361208,0.6340318369274551,0.4357435645189855,0.4149411696608689,0.5409139393988774,0,0,-0.011626810417944382,0.19498712498777573,-0.0436481637066075
2015-11-18,105.0199966430664,105.5,103.38999938964844,104.12999725341795,1066500.0,0.29094467386441664,0.3388007210277905,0.2141018406073295,0.7548011704519838,0.6440330691157536,0.45058965156650266,0.4295529716291351,0.5481551943867883,0,0,-0.045183590654878876,0.16323787641715348,-0.07777347239925983
2015-11-19,104.5199966430664,104.81999969482422,102.9000015258789,103.47000122070312,830000.0,0.28618546432187014,0.33697489226739713,0.20000839821316818,0.7548161908904879,0.6296018953222375,0.44643773437817097,0.44552092291481493,0.5425197123052449,0,0,-0.040334169394250385,0.16786712588105665,-0.07682704514560437
2015-11-20,104.01000213623048,104.44000244140624,102.79000091552734,103.58999633789062,880100.0,0.28174966803573315,0.33533871573621926,0.20543792160239044,0.7548327634998097,0.6417778438886607,0.4507747186093378,0.46091048545200575,0.5484953602329151,0,0,-0.03566253404728808,0.17386679860374768,-0.08688513952936228
2015-11-23,103.58999633789062,104.37000274658205,102.5,102.8499984741211,922100.0,0.27698488119230263,0.3337406946537324,0.18820654670807552,0.7548458796052128,0.6255006449571752,0.45346612846054896,0.4767604985367684,0.5422345433324439,0,0,-0.03156672225762328,0.17771989876377142,-0.11362097749936145
2015-11-24,102.86000061035156,103.3000030517578,102.36000061035156,102.81999969482422,1008000.0,0.2721141490303635,0.33201810863844955,0.18748312030607345,0.7548600195217469,0.620569213360737,0.4530017633394065,0.4922686334988162,0.5353904879852202,0,0,-0.024696168723487667,0.18609625351102368,-0.10432672354033597
2015-11-25,102.79000091552734,103.31999969482422,102.16999816894533,102.79000091552734,496900.0,0.2669423085613169,0.3301855460599488,0.18670663706495638,0.7548668934600716,0.6010529358122517,0.45939875185738077,0.5077996603113136,0.5320166674474865,0,0,-0.024022575647094275,0.18683134741771112,-0.0901575987159585
2015-11-27,103.33000183105467,103.55999755859376,102.61000061035156,103.0,465100.0,0.2649683652175558,0.328477548414244,0.19898922887531534,0.7548739309867135,0.6355314094148198,0.47351534867747636,0.5185967491668707,0.5351745743343851,0,0,-0.02928302470494255,0.18163243508761423,-0.10429031155970891
2015-11-30,103.11000061035156,103.7699966430664,102.88999938964844,103.0,1696900.0,0.26296096657695883,0.32711070149062965,0.19898922887531534,0.754899586272363,0.6197779822439133,0.4830876230633195,0.5253167266736323,0.5466960798092899,0,0,-0.027087387529391688,0.18339805232668385,-0.0884466078674909
2015-12-01,103.06999969482422,104.43000030517578,102.45999908447266,103.98999786376952,1300100.0,0.2611041210263571,0.32578425405095873,0.2609349027165392,0.7549271947888699,0.5939509626278965,0.49659321756058084,0.5210929382354459,0.55552341746497,0,0,-0.02669902912621359,0.18378641072986196,-0.08650481585160043
2015-12-02,105.02999877929688,105.6500015258789,104.29000091552734,104.81999969482422,1036000.0,0.2588848296216261,0.32483262299921417,0.31027561341934673,0.7549545012134983,0.5731517183994542,0.53236580958593,0.49917645349566797,0.5625575854607279,0,0,-0.04529280874342278,0.16318878324177305,-0.11068374240481252
2015-12-03,104.7699966430664,104.98999786376952,99.80999755859376,102.41999816894533,2636000.0,0.256489889400039,0.3235443301520589,0.22532467812657875,0.7549847410664509,0.5867839114344251,0.4685707853949004,0.5116332965103728,0.5446598375487418,0,0,-0.047319205293964106,0.16437705978913844,-0.1075176175909004
2015-12-04,103.04000091552734,105.5,102.62999725341795,104.61000061035156,2612300.0,0.2550986506258672,0.3222807259735552,0.3421023276572044,0.7550500122227196,0.615089806187782,0.5310729858829182,0.5165148313226217,0.5623966686832187,0,0,-0.03153684255691527,0.1851200881023009,-0.1271236526579896
2015-12-07,104.13999938964844,104.88999938964844,103.30999755859376,104.01000213623048,1087100.0,0.25352061268730536,0.3210732329504618,0.32023026471371885,0.7550731068677684,0.6011485586656301,0.5318961800878589,0.5210476850768527,0.5550155451038864,0,0,-0.041391853606644595,0.1683395517408016,-0.13985275946906242
2015-12-08,103.58999633789062,103.9499969482422,102.4499969482422,103.4499969482422,818600.0,0.251833838652676,0.31988032744077116,0.2997839598476907,0.7550876534602075,0.5987602793469463,0.5012886285787964,0.5309284135203466,0.5494574660292462,0,0,-0.036342646876844444,0.17459862791199368,-0.09441399378073423
2015-12-09,99.87999725341795,101.88999938964844,99.76000213623048,100.33999633789062,1547000.0,0.24987104778356578,0.31823517305623367,0.2022485036811148,0.7550854191953967,0.6013487087230491,0.34753778939260466,0.555174651065571,0.538953742197743,0,1,-0.0011599335014722831,0.2114065093450315,-0.057612365976719336
2015-12-10,100.13999938964844,100.5199966430664,98.8499984741211,99.05999755859376,1238500.0,0.24741477001495676,0.316356599621396,0.1690636402448994,0.7550738506678113,0.582178961662608,0.294134318954975,0.5820284207642937,0.5305446523688375,0,0,-0.012856298212163783,0.14062189680410933,-0.03717356850381439
2015-12-11,98.36000061035156,98.43000030517578,96.5,97.55999755859376,1192300.0,0.24497522202188277,0.31417839739412495,0.13338597177677314,0.7550516934156727,0.600817413516391,0.25673839799680365,0.6168215416836307,0.5224492484100133,0,0,-0.01877650571565355,0.15586516073022827,-0.030486617675057098
2015-12-14,97.3499984741211,97.54000091552734,95.5999984741211,96.30999755859376,1126800.0,0.2433971819562039,0.3115389684386472,0.10604079240301961,0.7550220881817186,0.5823463899967455,0.2949758875430518,0.6524620877943486,0.5147985722540095,0,0,-0.01793767982567818,0.1686142372826215,-0.0497129827336068
2015-12-15,95.0,100.75,94.51000213623048,99.75,2104800.0,0.24195296945921946,0.30893657248614675,0.2822735257014358,0.7550114565006155,0.5866430952659807,0.40579018577452225,0.6443497745593818,0.5290896116338077,0,0,-0.005087715462472197,0.19520302697879438,-0.012667441092612343
2015-12-16,100.37999725341795,100.5500030517578,99.0199966430664,100.5,1551700.0,0.2409715750882228,0.30697720093959774,0.3153067858656837,0.7550107941630296,0.6056988961842046,0.47583413626223436,0.6368169122697699,0.5396252472313149,0,0,-0.058847068843984676,0.13453639898085057,-0.06385960017230548
2015-12-17,100.81999969482422,100.91999816894533,98.94000244140624,98.94000244140624,999800.0,0.2395245760679134,0.30476982197317054,0.2695802893973447,0.7550007690984865,0.5940723341895416,0.4726254779852038,0.625340883665784,0.5328368677311617,0,0,-0.06278604535914165,0.10845772662566076,-0.0984079541258551
2015-12-18,98.33000183105467,98.52999877929688,97.41999816894533,97.62999725341795,1808400.0,0.23789635092986378,0.3023795228832848,0.23404144650065278,0.7549680854467854,0.5806439756238342,0.4351199631515449,0.624052600569259,0.5205583065308448,0,0,-0.03860925409908345,0.11956743015102114,-0.07216494050398728
2015-12-21,98.16999816894533,98.20999908447266,96.31999969482422,97.38999938964844,545100.0,0.23616775777418947,0.2999241364969794,0.22758295521057187,0.7549574379569556,0.582329499339027,0.43496745911640183,0.6290799518340863,0.5168572206481348,0,0,-0.03748843732131427,0.11973781389200006,-0.0626856016527571
2015-12-22,97.3000030517578,97.5999984741211,96.55999755859376,97.44000244140624,944600.0,0.2346594212068584,0.2974597722573144,0.23024743654236074,0.7549392875676423,0.6033330231127911,0.4446692382084066,0.6337482065799972,0.523270806641178,0,0,-0.02864771468336064,0.12629628811426669,-0.0726974214542115
2015-12-23,98.05999755859376,98.72000122070312,97.22000122070312,97.69000244140624,667300.0,0.23322914983496673,0.29488655390014523,0.24433147619997875,0.7549274983379205,0.5994480903393148,0.4703323666596606,0.6228447961001395,0.52780159843999,0,0,-0.036432628627015955,0.10786126716848608,-0.10139569997813926
2015-12-24,97.62000274658205,98.41000366210938,97.3499984741211,97.44000244140624,238300.0,0.23173754091605353,0.29263877544977474,0.23604908511101425,0.7549229236323124,0.5954087493358051,0.4736354084193119,0.6127202006545573,0.5261836040062167,0,0,-0.03183540313879016,0.11147506518059697,-0.10246700671580401
2015-12-28,97.3499984741211,97.5999984741211,96.48999786376952,97.0,562400.0,0.23006470800651707,0.29043588541002735,0.22107081636871562,0.754910610104545,0.5960508492066884,0.46248184126323005,0.6095736569122517,0.5223650556656625,0,0,-0.029146102901612618,0.08518065315883862,-0.10057466314470107
2015-12-29,97.0,97.62999725341795,96.83999633789062,97.5500030517578,1087900.0,0.2285452189645349,0.2881061864022318,0.256917030213341,0.7548904799618482,0.6325714012297877,0.4761078850661032,0.6061934432329452,0.5297516110349529,0,0,-0.025670081069788835,0.08917527346266914,-0.10350516407760148
2015-12-30,97.69000244140624,99.20999908447266,96.52999877929688,98.05999755859376,602700.0,0.22689190235385842,0.28581127464981054,0.29003672318425044,0.7548812219295534,0.6217550047081347,0.4966080814778523,0.5800194356102832,0.5338437857946471,0,0,-0.03259866945866232,0.08159916796977727,-0.10107637418647807
2015-12-31,97.6500015258789,98.4499969482422,96.8000030517578,96.95999908447266,702700.0,0.2247004910721963,0.28322795599356804,0.2459089591450151,0.754865688674592,0.615989364734549,0.48578243664619764,0.5557149999606686,0.5290726372901886,0,0,-0.03202120607612886,0.08158270649782305,-0.0830103976372684
2016-01-04,95.5999984741211,97.6999969482422,94.72000122070312,96.93000030517578,1682900.0,0.22316984955556313,0.2809678332088718,0.24471920005411452,0.7548282113357984,0.6295184617525945,0.4594753109269657,0.5510578893215372,0.5176461881395509,0,0,-0.011241711511785324,0.1036510225521159,-0.04207922720275754
2016-01-05,95.66000366210938,96.6999969482422,95.5,96.5199966430664,1157600.0,0.22091431207643725,0.27827229395415903,0.2278299470238737,0.7547995493163594,0.6264160837842697,0.45179059888845163,0.5467334294423438,0.5097863880701597,0,0,-0.011864247624659145,0.10306404448898052,-0.039100391040904126
2016-01-06,95.41999816894533,96.41999816894533,94.62999725341795,95.0199966430664,1334400.0,0.21840784923545759,0.27552513332689094,0.1709596332282819,0.7547542738745895,0.6156815212991563,0.4068004424356083,0.5496454286931989,0.5007261624200254,0,0,-0.009428057028224255,0.10598843465322955,-0.028491505342354864
2016-01-07,93.68000030517578,94.5,90.80999755859376,91.81999969482422,1790700.0,0.2151653422115682,0.27236948978968517,0.0797446321193343,0.7546584935006296,0.5971966233821195,0.2575982786691231,0.5756450192428759,0.48856777957253167,0,0,-0.030204197516054538,0.12597349656480517,0.0093664430760994
2016-01-08,93.11000061035156,93.70999908447266,91.2300033569336,92.12999725341795,1291300.0,0.21287634943560646,0.2692093573257997,0.10258790636556858,0.7545919542561995,0.6031763915199609,0.3083298652826838,0.5997874961818617,0.49733536753867263,0,0,-0.025049042250077973,0.13657156346335958,0.004574146921599122
2016-01-11,91.80999755859376,94.4000015258789,91.01000213623048,93.5199966430664,1829400.0,0.21133176679388038,0.26608738031060514,0.20038596281912302,0.7545133515887644,0.6340042712114684,0.3776368063835308,0.6112379505300566,0.5097565132253901,0,0,-0.01085422804528414,0.15022255920855015,0.027027087456812628
2016-01-12,93.19000244140624,93.73999786376952,91.4499969482422,92.61000061035156,1859300.0,0.2099516804943597,0.2641268863183424,0.1716185731277739,0.7544232306210253,0.6324171696975017,0.3938265158961318,0.6218705152819518,0.4971323543889881,0,0,-0.025449154921338694,0.13323352792695442,0.02951234608540368
2016-01-13,92.79000091552734,94.23999786376952,92.12999725341795,94.0,2270500.0,0.20930764050486556,0.26230891296559494,0.26173413697371484,0.7543326231977393,0.6675004582539377,0.4435365606810614,0.6233023466655507,0.5125484532638608,0,0,-0.021380016670815818,0.13886189963931525,0.046755229484046805
2016-01-14,93.08000183105467,96.20999908447266,91.98999786376952,94.16000366210938,2060400.0,0.20774911886516362,0.26045839553655,0.2717545237079484,0.7542525439386282,0.644096119328592,0.4760844687944348,0.5950215450274047,0.5265380283009836,0,0,-0.024148981621924564,0.13372340100876842,0.03287230146692185
2016-01-15,91.33000183105467,94.12000274658205,91.0,93.5199966430664,2255100.0,0.20580305564447138,0.25829702657028447,0.24681561489848813,0.7541562361527047,0.6430291262627127,0.44856313111910195,0.5774677786749444,0.5112264913828047,0,0,-0.005522560028002233,0.15048850486236154,0.07784623561993705
2016-01-19,94.51000213623048,95.0,92.37999725341795,93.5,1790800.0,0.20428635312581417,0.25633204365134193,0.2460168825788016,0.7540796531937236,0.6556573902408119,0.481256414038862,0.5491340054875729,0.4990674295615663,0,0,-0.039563780051857365,0.11751495143562238,0.060200999310401106
2016-01-20,92.01000213623048,92.4499969482422,88.75,90.0199966430664,3274900.0,0.2021646432153827,0.25413476412781294,0.1304943456619062,0.753870497416881,0.6573196363765376,0.397336536187961,0.5506296573177478,0.47683171839428135,0,0,-0.03486633300781265,0.13775398131997812,0.09048127363072345
2016-01-21,94.5,94.5,88.80000305175781,89.51000213623047,4007700.0,0.1999676567599537,0.2518723973078644,0.11688976068521972,0.7536028052503548,0.6047397741551969,0.42919976816258043,0.5277690957511221,0.449620487625364,0,0,-0.06387469689428034,0.10497664186449475,0.05876473131300427
2016-01-22,90.37000274658205,93.91999816894533,90.25,93.7699966430664,1982800.0,0.19894443901367825,0.25010716691721074,0.3605961888539774,0.7535219562859375,0.6246488864261245,0.48591633497662257,0.5065414314392553,0.46308317903654983,0,0,-0.018098566729073128,0.12870066325697815,0.11730532621392904
2016-01-25,93.61000061035156,95.7699966430664,93.4000015258789,93.91999816894533,1914900.0,0.19789334114433405,0.24859667776454258,0.3675812619521497,0.7534457311953472,0.6105630792846511,0.5428834096366922,0.46689370192945145,0.4760848472750407,0,0,-0.05182895152327942,0.07795667932482842,0.06569261227728038
2016-01-26,94.27999877929688,96.58000183105467,94.18000030517578,96.41000366210938,1474200.0,0.1976061718352023,0.24731062980881485,0.47431743999039155,0.7534093875296787,0.6355304492504805,0.5938908910938084,0.4221201593521987,0.4860942782203555,0,0,-0.058879885936000485,0.07069846165993612,0.058666974485231116
2016-01-27,95.83999633789062,96.94000244140624,95.13999938964844,95.33999633789062,1721100.0,0.19714335370921438,0.24607956970660855,0.43021359054545627,0.7533558434479143,0.6134664276369373,0.6009423480786052,0.3813076117492459,0.47440846109921775,0,0,-0.0735400484242187,0.052691646489909025,0.02717563164673681
2016-01-28,95.9800033569336,95.9800033569336,92.48999786376952,92.5,2218700.0,0.19573538515950778,0.24501684050210754,0.3290035765798499,0.7532487536875333,0.561020169399357,0.528256507553074,0.3629510834121812,0.459344070624133,0,0,-0.07583389589517112,0.05181450599708539,0.049087481486674085
2016-01-29,93.26000213623048,94.5999984741211,93.18000030517578,93.77999877929688,1346800.0,0.1945420980243771,0.24376558065792958,0.38293340613412796,0.7531942692414472,0.5560014503160187,0.5440893064199773,0.3459057356706211,0.4684884890186181,0,0,-0.04875677985114036,0.08281076792124155,0.06670268290751674
2016-02-01,93.12000274658205,94.29000091552734,92.68000030517578,94.01000213623048,1037300.0,0.19371962269470194,0.24264225308368886,0.392555383706111,0.7531537860558858,0.5772102699504904,0.5436974152980631,0.33434666852538864,0.4755314836730578,0,0,-0.04659845173240479,0.08317333678708928,0.06269990754911418
2016-02-02,91.55999755859376,93.3000030517578,90.80999755859376,90.93000030517578,1189600.0,0.19204678978516537,0.24116094152635198,0.2914665468830988,0.7530852337593824,0.5449914664177409,0.4475098574608597,0.33831300947262555,0.46745441200534216,0,0,-0.02989041053867629,0.0813743362625737,0.08743751764616978
2016-02-03,91.5,92.41999816894533,89.66000366210938,91.19000244140624,983400.0,0.19056075816713608,0.23978287271412563,0.3032526809572297,0.7530301552442366,0.5329884468692863,0.4269210688903744,0.3499855075572794,0.4741314398113539,0,0,-0.03024304399835649,0.08479048783236173,0.10370615059416227
2016-02-04,91.19000244140624,92.6500015258789,90.94000244140624,92.0500030517578,642100.0,0.18973270766369382,0.2384878477612135,0.34271152182529374,0.7529975520522919,0.5491039668486155,0.4777081056785286,0.35777595326410394,0.4784911302264852,0,0,-0.026757345937939297,0.08794820077145668,0.12194313871559151
2016-02-05,91.76000213623048,92.25,89.8499984741211,90.22000122070312,1137300.0,0.18928661931324092,0.23707050191075768,0.283896913751466,0.7529272656127263,0.5495099737068454,0.4250087824575705,0.3726836232159144,0.4707691618272813,0,0,-0.03269964189504721,0.08093423901412795,0.12221618280310495
2016-02-08,89.79000091552734,89.79000091552734,87.11000061035156,88.18000030517578,1537400.0,0.18818533849864288,0.2354275924176477,0.22680661699468485,0.752813404199825,0.5502658213078881,0.3389765129255172,0.4026707804762317,0.4603306194752755,0,0,-0.029705168132504872,0.10441141699722865,0.1614941199034343
2016-02-09,87.58999633789062,88.83999633789062,86.8499984741211,87.61000061035156,1043100.0,0.18653759918885032,0.2337240836986228,0.21189078753387708,0.7527326346684705,0.5310525725814981,0.35842748077228404,0.43187472969059504,0.4532482443436394,0,0,-0.00839190135187714,0.13177594359681566,0.17464279283944364
2016-02-10,88.5999984741211,89.2699966430664,87.31999969482422,87.55000305175781,799600.0,0.18512684411581865,0.23199027579472792,0.21025715145125456,0.7526704720961878,0.5202114128467162,0.39901651804399296,0.45267240336930004,0.4478191702805044,0,0,-0.0199748885721755,0.12110490282427801,0.1659627989297077
2016-02-11,86.79000091552734,87.5999984741211,86.02999877929688,86.95999908447266,1229700.0,0.18316405324670854,0.23019025729252457,0.1936224462466155,0.752570566784044,0.4941577645915187,0.38647840771377956,0.4793607270013356,0.4394698301411382,0,0,-0.008680777952471009,0.14186176740168538,0.18972016026695124
2016-02-12,87.63999938964844,88.05999755859375,86.9000015258789,87.83000183105469,812300.0,0.18139921401663944,0.2283767728664569,0.24387434650719098,0.7525088838683737,0.5015222909253174,0.4259173099808796,0.49714946999846155,0.44498513386985833,0,0,-0.018514266643305886,0.12431000083260084,0.19595217450467936
2016-02-16,89.0,89.8499984741211,88.12000274658203,89.51000213623047,948700.0,0.18028120555362354,0.22665867577785398,0.3330409124427216,0.7524464983603193,0.48766758820828315,0.47959922786982856,0.4885556942726095,0.4514265577864369,0,0,-0.03381533825327782,0.09905495578808107,0.18752135804783404
2016-02-17,90.0199966430664,91.77999877929688,90.0199966430664,91.5199966430664,1360100.0,0.179729169757545,0.22543547108329348,0.42482408377253666,0.7523736082371751,0.5084508109877016,0.5395335803314271,0.45783721452826176,0.4606612796889757,0,0,-0.04457600009546332,0.07730986072157468,0.17685176464371086
2016-02-18,92.19000244140624,92.7699966430664,91.22000122070312,91.87000274658205,822200.0,0.18024496160634568,0.22400578089851192,0.4397697977116316,0.7523313137773989,0.5237077732759932,0.5630656688695325,0.4189172206321069,0.46624380181842745,0,0,-0.06730773479083213,0.05190122567994939,0.14630681687926908
2016-02-19,91.6999969482422,92.83999633789062,91.11000061035156,92.66999816894533,683200.0,0.1811259858326008,0.2227331988666485,0.474039644013068,0.7522994804873188,0.5844240552247725,0.5686968387618896,0.3838402526180007,0.4708825504426569,0,0,-0.06171762272159369,0.05703717575385601,0.141177760236713
2016-02-22,93.22000122070312,94.93000030517578,92.9499969482422,94.56999969482422,782400.0,0.18134903107138584,0.22173668026045606,0.5481907782797888,0.7522719947043343,0.5618518109949017,0.6230416205260909,0.35673207963350617,0.4761948410216925,0,0,-0.07758716503153762,0.040142454885142335,0.10920465433416632
2016-02-23,93.62000274658205,94.9000015258789,93.0199966430664,93.52999877929688,955400.0,0.18124029710243522,0.22097245825884998,0.49850053248301274,0.7522324725049211,0.5727310221595057,0.6147866692467742,0.3315602047193329,0.4697079258642147,0,0,-0.08025805214949756,0.03510626737377364,0.10859677145191389
2016-02-24,92.83000183105467,94.41999816894533,91.3499984741211,94.3000030517578,864500.0,0.18065201735907882,0.22043828882657784,0.5285534081253777,0.7522007394698996,0.5647377613308641,0.6076120764969759,0.29971966152487794,0.4755776538877018,0,0,-0.0727039788357508,0.04394312695384449,0.052282684202609724
2016-02-25,94.37000274658205,95.95999908447266,92.5,95.9499969482422,811300.0,0.1808220888750512,0.2202576135945467,0.5882570888369174,0.75217902927749,0.6013435608223446,0.6568356499460818,0.2759814888395623,0.48108616787897424,0,0,-0.08844118448975712,0.02725344232930313,0.03266165537629581
2016-02-26,96.3000030517578,97.72000122070312,96.3000030517578,97.12000274658205,823500.0,0.18211017098115628,0.22034851286150675,0.6265833245316424,0.7521627994038019,0.6411627688227812,0.7109515092526735,0.2689892553114126,0.48667751666710796,0,0,-0.10703496195003338,0.014799356061588087,0.010213608741099915
2016-02-29,96.9800033569336,97.43000030517578,96.0199966430664,96.16999816894533,750100.0,0.1827765159199523,0.2199467629135013,0.5759751454317009,0.7521437408315571,0.6346471395105779,0.6842968787614498,0.259321519768381,0.48158453460763123,0,0,-0.11274716091399703,0.007619417656941675,-0.01843081615429993
2016-03-01,96.7300033569336,98.75,96.29000091552734,98.66000366210938,788700.0,0.1840729618502665,0.21974027742328023,0.6545417923371489,0.7521355151171171,0.6355769529374986,0.7030658211532697,0.26114844174069496,0.48693960053258695,0,0,-0.11126135781805499,0.021004436742504715,0.00436724734264304
2016-03-02,98.2699966430664,100.5,97.91000366210938,100.13999938964844,1115600.0,0.18664076011115088,0.21987494179897443,0.6943457406369301,0.7521338066642148,0.6676635964390225,0.7094148594466995,0.2754905293619573,0.4945142316291771,0,0,-0.12406241039366932,0.022602911759165404,-0.014392845289247303
2016-03-03,99.7699966430664,100.77999877929688,99.41000366210938,100.47000122070312,795400.0,0.18922807467089525,0.2201936487438409,0.7029576287649533,0.7521341657844672,0.6732698085155713,0.695085975253909,0.29072126091849426,0.4999147887950321,0,0,-0.13720788843134193,0.010085901162237012,-0.04154180205781853
2016-03-04,100.7300033569336,100.77999877929688,99.4499969482422,99.79000091552734,620300.0,0.1913860285286046,0.22046297835140455,0.6635597233783959,0.7521319130981382,0.6648291797951551,0.6703767365668225,0.30486408307813573,0.4957031146562593,0,0,-0.14631237582395484,0.0004976154250606206,-0.03812084985090521
2016-03-07,99.30999755859376,101.2699966430664,98.76000213623048,100.87000274658205,957800.0,0.19435530736845513,0.22084789503840435,0.6948762141634219,0.7521346454967736,0.6893865006814034,0.6601980768473843,0.30823583383347986,0.5022063251836115,0,0,-0.13307945342678637,0.019641237263158154,-0.035574660685376354
2016-03-08,100.51000213623048,100.81999969482422,99.25,99.7699966430664,507700.0,0.19758666191769364,0.22108131323252928,0.6309362254993514,0.752132741676831,0.6917478352157604,0.6433870567211553,0.31136674524915653,0.4987591754814433,-1,0,-0.14355113475422462,0.007534395619530956,-0.033211047713931206
2016-03-09,100.25,100.9499969482422,99.37000274658205,99.79000091552734,478500.0,0.20098251280913731,0.2213450314676993,0.6316058219306405,0.7521310054296001,0.6921274919924801,0.6350807326059632,0.31548119158294075,0.5020080648501404,-1,0,-0.14252783100290256,0.010223480779652724,0.022952801368932282
2016-03-10,100.0,100.31999969482422,97.3499984741211,98.45999908447266,722100.0,0.20402427954354357,0.22150887343872477,0.5551300556817103,0.7521226255925405,0.6994414016833388,0.6055653774298861,0.2905653481710684,0.49710519543919757,-1,0,-0.13999399832182374,0.012726692368120768,0.045295085695936634
2016-03-11,99.63999938964844,100.81999969482422,98.5500030517578,100.66000366210938,412200.0,0.2078439159632554,0.2218578795684612,0.6329285200677989,0.7521232828433492,0.7016076512926429,0.6220733123042047,0.2728887562498409,0.4999039252151158,-1,0,-0.1382287298080819,0.016554918429559713,0.05758681923286243
2016-03-14,99.97000122070312,100.41000366210938,97.66000366210938,99.43000030517578,663800.0,0.21107805916293582,0.22201162209658837,0.5668966444343785,0.7521194452225705,0.6964971556020906,0.601055156373294,0.24492135342532903,0.49539689749737065,0,0,-0.13848601166556057,0.012914716620983275,0.05364595002405706
2016-03-15,98.72000122070312,99.47000122070312,98.41000366210938,99.0,726900.0,0.21372392261925982,0.22224055222020872,0.544491325305855,0.7521133712534062,0.6880759627019202,0.5914596303944392,0.21895162223113948,0.4904614373466792,0,0,-0.12762750077901466,0.02564613712699086,0.0822689357343789
2016-03-16,98.5,100.30999755859376,98.2699966430664,99.77999877929688,449100.0,0.21602685652031445,0.22256038075461376,0.5745173840404498,0.7521117196855976,0.6754061162866919,0.59827345835588,0.20518675528326644,0.4935107084344155,0,0,-0.12595960828993055,0.027979764071377842,0.05797977640171229
2016-03-17,99.58000183105467,101.30999755859376,99.58000183105467,100.93000030517578,477000.0,0.21855283353303695,0.22305527400483155,0.6164652241343032,0.7521132532676064,0.6822326223715419,0.6248803917039933,0.20373264644571368,0.49674941319694105,0,0,-0.1357987895122049,0.017338101309919477,0.05181397306268597
2016-03-18,101.08999633789062,102.41999816894533,100.04000091552734,102.30999755859376,858400.0,0.22124051823752294,0.22387336227042048,0.6623123371428096,0.7521231081118215,0.6861593280332487,0.6509946602964712,0.21369813172689658,0.5025777238219975,0,0,-0.14921230073375377,0.013177467819610203,0.025364165067351157
2016-03-21,102.12999725341795,103.3000030517578,102.0,103.01000213623048,621600.0,0.22359363721094833,0.22512911104127836,0.6841421851013043,0.7521328465917728,0.6835380026391247,0.6859232089517387,0.23112423393902196,0.5067982246194522,0,0,-0.1573648603099661,0.011435889221576533,-0.011435814650227421
2016-03-22,102.11000061035156,106.86000061035156,102.11000061035156,104.36000061035156,1401100.0,0.22661310112316974,0.2265015693372862,0.7236987254810556,0.7521661039788777,0.6897372595457915,0.7395580494788629,0.2725711941308028,0.5163113257573443,0,0,-0.1561013639218153,0.04611202700217534,-0.011261077934696658
2016-03-23,104.3499984741211,104.54000091552734,102.6999969482422,102.98999786376952,641200.0,0.22903591934070883,0.22756429854178722,0.6388770539978602,0.7521760553108613,0.6686465423516664,0.6973988296238012,0.31105765716602773,0.5119577461059158,0,0,-0.17554618232732208,0.024051381003743492,-0.03612491971078497
2016-03-24,102.5,103.3499984741211,101.0,103.13999938964844,781100.0,0.2310405314579807,0.2287459813066906,0.6439437268678175,0.752188872630854,0.6658291662691443,0.6513734144606586,0.32097262528839,0.5172612100262696,0,0,-0.15991845385305176,0.04233421400900283,-0.018060012126729887
2016-03-28,103.48999786376952,103.79000091552734,102.58000183105467,103.4000015258789,605300.0,0.2327914295629569,0.2298008551035457,0.6531343687518574,0.7521997416050002,0.6673226040433836,0.6659138861976573,0.33353814472286925,0.5213710381033276,0,0,-0.1608492964520577,0.03267406211484109,-0.015803735340932608
2016-03-29,103.38999938964844,105.06999969482422,102.43000030517578,104.68000030517578,680400.0,0.23516406483524216,0.23098141542273537,0.6967150313941185,0.7522171617152972,0.6855786031655895,0.6773833071843522,0.35449141724567856,0.5259907754627037,0,0,-0.1476788821830398,0.03355900550769968,0.009187591240068045
2016-03-30,105.16000366210938,106.86000061035156,104.87000274658205,105.47000122070312,660200.0,0.23706272950688861,0.23232245208815966,0.7216363912825777,0.7522371747652127,0.6686329810368937,0.7120728155005641,0.3851780728283527,0.5304733601256373,0,0,-0.14463132379542407,0.01623994023009315,-0.013947331960362871
2016-03-31,105.26000213623048,106.0500030517578,104.91000366210938,105.8499984741211,630100.0,0.23865470857054344,0.23370837630803182,0.7334838637307182,0.7522576976727587,0.6618678591356555,0.6832459487164457,0.41367282444083575,0.5347515736913969,0,0,-0.13416138581689294,0.015170175932519184,-0.00720586069436111
2016-04-01,104.94000244140624,105.76000213623048,104.31999969482422,105.58000183105467,543300.0,0.24007940476866801,0.23545452940242756,0.7125343274944297,0.7522745092404389,0.6613906823260314,0.653884405745813,0.43055406814042896,0.5310627093360927,0,0,-0.13065660869552043,0.018138858730496255,0.009069429365248195
2016-04-04,105.36000061035156,105.36000061035156,103.81999969482422,104.66999816894533,802400.0,0.24143997476932882,0.23715579323002506,0.6433721581681204,0.7522949635782427,0.6679860419888216,0.6252741187412083,0.4381842077211724,0.5256146240081042,0,0,-0.1326956042172529,0.014207235972587367,0.018658848139209507
2016-04-05,104.23999786376952,104.66999816894533,102.83999633789062,103.33999633789062,845300.0,0.2421286225303097,0.2382297443231381,0.5523889315639602,0.752309783759478,0.6503095086300461,0.5894827969999776,0.4301458103994905,0.519875258943612,0,0,-0.12314894062425591,0.025031076644839164,-0.003917034870422745
2016-04-06,102.8000030517578,104.1999969482422,102.18000030517578,103.88999938964844,741300.0,0.24327730189395352,0.23934858382687424,0.577697549447239,0.7523252076427812,0.6620009294857017,0.5793331686578326,0.4130462954365288,0.5249084913135494,0,0,-0.11079935149405892,0.03928776565192432,0.02728856004217088
2016-04-07,100.16999816894533,100.48999786376952,97.12000274658205,97.72000122070312,1737900.0,0.24270017462524812,0.23949559253689406,0.29123374364159293,0.7522973473776561,0.6467297042708181,0.42447053192402134,0.39738373637628277,0.5131086066032913,0,0,-0.07382807020893642,0.06439505708643622,0.04495137353336644
2016-04-08,97.98999786376952,99.43000030517578,96.98999786376952,97.4499969482422,1345900.0,0.24241858048988346,0.23973237806816033,0.2824758187079883,0.7522736278382115,0.6355345347412451,0.4132104259288003,0.3838645883206654,0.503970298972509,0,0,-0.020159652027160874,0.09076957261337848,0.08851822981809702
2016-04-11,98.08000183105467,99.77999877929688,97.27999877929688,97.27999877929688,709900.0,0.24147621658948965,0.2402687923918599,0.2766934199282608,0.7522604065580748,0.6173789070574377,0.4270588084584141,0.36715574889066815,0.4991502643584275,0,0,-0.021139099563875618,0.0900974761852495,0.08794253425555205
2016-04-12,95.7300033569336,95.87999725341795,93.63999938964844,95.19000244140624,1410400.0,0.24029408192900997,0.24042702384666698,0.2102735064347846,0.7522165909360138,0.6233649841879115,0.36039670438339,0.37811536675219204,0.4895740186622723,0,0,-0.021484416051719264,0.11441197978084941,0.13270966483052987
2016-04-13,96.08999633789062,97.5199966430664,95.5500030517578,97.1500015258789,1148000.0,0.23977829220732633,0.2407793964573695,0.31350673990199696,0.7521943647644876,0.634191678323999,0.4180134139885596,0.36995021019902496,0.497368637252166,0,0,-0.025737964969065653,0.1131421787607408,0.14245198907663734
2016-04-14,97.3000030517578,97.7699966430664,96.44000244140624,96.8499984741211,652200.0,0.23896139205141803,0.24144374219483117,0.3031893636666374,0.7521805805036247,0.6262427672029016,0.4340295014031598,0.35967006124953593,0.4929403704888135,0,0,-0.03767373756689449,0.09840450240288635,0.12053524344364899
2016-04-15,96.5999984741211,96.66999816894533,95.19000244140624,95.61000061035156,860800.0,0.2374781469567137,0.24193975703458742,0.2614158787713442,0.7521560419622494,0.6153273084780012,0.4242079131971112,0.35915795157638786,0.48709576449388275,0,0,-0.030562716893212816,0.10593703973027943,0.12607123672526702
2016-04-18,95.37999725341795,97.16999816894533,95.01000213623048,96.9000015258789,800100.0,0.23596981038938253,0.242484026765933,0.32880332596567885,0.7521393911820363,0.6122733496410921,0.45030757679384453,0.35286520539118604,0.49252823342574165,0,0,-0.0181989107066393,0.12007115661173506,0.15500470243925202
2016-04-19,97.23999786376952,97.81999969482422,95.61000061035156,95.76000213623048,923000.0,0.23394847062369256,0.24310572898419897,0.28871706100880523,0.7521139334600099,0.592787076819573,0.46188926913547346,0.3394502892719018,0.4862613057615675,0,0,-0.03715168645440769,0.09927763256033437,0.12641898665737808
2016-04-20,96.55999755859376,97.93000030517578,95.06999969482422,97.16000366210938,1940000.0,0.23194107198309571,0.24411347033517866,0.3590378164700999,0.7520766308602757,0.6093240054745903,0.47552589506277276,0.33151894757598976,0.49943339640999423,0,0,-0.03049287911242177,0.10756059755621941,0.1491227909433606
2016-04-21,100.88999938964844,103.16000366210938,99.27999877929688,102.54000091552734,2461100.0,0.23181561036572723,0.24578892390458612,0.5582941867671213,0.7521080473986531,0.6453904838032782,0.567901129474958,0.314860792425704,0.5161436192423875,0,0,-0.07461918203722101,0.06144504935863147,0.0960271869019414
2016-04-22,102.79000091552734,104.98999786376952,102.18000030517578,104.5199966430664,1672200.0,0.2322003611691585,0.24769330674143858,0.6118240874218915,0.7521490203772948,0.6534328378595832,0.6072083733569839,0.3116252716050043,0.5274974182023355,0,0,-0.08923348394951446,0.03969182424892986,0.07070411483585382
2016-04-25,103.93000030517578,105.51000213623048,103.66000366210938,105.30999755859376,1322200.0,0.2327328785392601,0.24975255455213202,0.6319315280525448,0.7521875815731619,0.6674456029460132,0.6211753040871737,0.3119257870996168,0.5364748090556086,0,0,-0.09845006932661393,0.028032916181404702,0.1914466396756995
2016-04-26,105.62000274658205,106.1999969482422,105.0,105.37000274658205,767400.0,0.23292525500453426,0.2517209039520408,0.6335092250893406,0.7522102187259184,0.6542462101267135,0.6306741486704217,0.31662453344008,0.5416852535729296,0,0,-0.1137594115911741,0.011774740219508511,0.13987271929565262
2016-04-27,104.9499969482422,107.08000183105467,104.41999816894533,106.9000015258789,850700.0,0.2333239469330584,0.2536724200909439,0.6733269606292936,0.7522430183778007,0.6712698995470167,0.6405585951375594,0.3265410965491836,0.5474612832196392,0,0,-0.10733602793761561,0.020214528113235375,0.13979313820803127
2016-04-28,106.4499969482422,106.63999938964844,104.0,104.23999786376952,854800.0,0.2328750699321634,0.25509986624047304,0.553977278031553,0.7522624738393965,0.6523567068369708,0.6212125059957571,0.3308623898524924,0.5416574156493943,0,0,-0.11983159378620452,0.005893403871093086,0.12123485995208098
2016-04-29,104.08999633789062,104.9499969482422,102.38999938964844,104.75,1152400.0,0.2326436608691695,0.25654526724054644,0.5691033251421536,0.752292167240132,0.6619953714354168,0.6068134801987821,0.31701984650031456,0.5494819090840577,0,0,-0.10024939718340374,0.028683859885258865,0.13804688520666666
2016-05-02,103.12000274658205,104.23999786376952,103.01000213623048,103.6500015258789,964000.0,0.23235928021047975,0.25777744978846656,0.5223282097621823,0.7523107046026821,0.6612415912044817,0.6013275707427301,0.30416605624472093,0.5429366021845301,0,0,-0.09050122536452132,0.03780428720260265,0.142816220376827
2016-05-03,102.93000030517578,103.02999877929688,100.83000183105467,100.95999908447266,792500.0,0.23169572392212584,0.25849453934419725,0.4210653143141452,0.7523133072592757,0.6558587772174488,0.5668948534638143,0.27001460041532355,0.5375557352572734,0,0,-0.08962856515933436,0.04003860554543973,0.15648819085307375
2016-05-04,100.2300033569336,101.72000122070312,100.2300033569336,100.9499969482422,709700.0,0.23087603511577554,0.2593272159793642,0.4207123137444646,0.7523155946991736,0.6466854526886157,0.5576742562242636,0.24307065374153589,0.5327370585906813,0,0,-0.06527341548182204,0.06784863843342277,0.18621231767874158
2016-05-05,101.3000030517578,101.8499984741211,100.41000366210938,100.58000183105467,608000.0,0.23167341897282384,0.26003196120076927,0.4069402740855441,0.7523162215897053,0.6578556374794068,0.5550820588995535,0.21672928485565554,0.5286088982225147,0,0,-0.07587918666343993,0.05725605699879637,0.17097568131364374
2016-05-06,100.5,101.2699966430664,99.29000091552734,100.63999938964844,685500.0,0.2325628091504049,0.2605582760815706,0.4095236865728955,0.7523171714955962,0.6764158589672854,0.54173650827811,0.20300099132370844,0.5332632632428737,0,0,-0.06820441922316109,0.06542057776164266,0.1864187677337149
2016-05-09,100.80999755859376,102.23999786376952,100.02999877929688,101.86000061035156,695000.0,0.2338397387818591,0.26109020147859036,0.46187754502338485,0.7523231515009839,0.696310328671493,0.5590057563763274,0.17971494715927347,0.5379821307689853,0,0,-0.07124402039377212,0.06230131469084473,0.18362483574134822
2016-05-10,102.20999908447266,104.41000366210938,101.87000274658205,104.33999633789062,1018500.0,0.23639080726720857,0.26200704356261,0.5539419781443041,0.7523468509048649,0.703491702154194,0.6003141897430799,0.17068972639976146,0.5448974783594094,-1,0,-0.08413508387465382,0.04781074727469716,0.16100531540947438
2016-05-11,104.3000030517578,105.7699966430664,103.66999816894533,103.6999969482422,913800.0,0.23821698191718238,0.2625726346254657,0.5244021273560237,0.7523646410041899,0.6761136028732759,0.6138040111740007,0.17341790055094433,0.5386930162797535,0,0,-0.10216603446667197,0.02664365417738979,0.16427065354826087
2016-05-12,104.37000274658205,105.12000274658205,103.2300033569336,104.5,819700.0,0.24034984430226475,0.26306191650328997,0.5531549135879654,0.7523844658370923,0.6851914471837828,0.605126555014256,0.1709593688271878,0.5442585640655861,0,0,-0.10347158797207168,0.02613306812173985,0.08707810072360785
2016-05-13,104.12000274658205,105.98999786376952,103.88999938964844,105.9000015258789,1387300.0,0.2432187529973739,0.2636712743872302,0.600669029594825,0.7524294677702338,0.7131866288779425,0.62319145861063,0.17590279406536105,0.5536779668267008,-1,0,-0.1002871134634795,0.028325350090647156,0.04325355639297983
2016-05-16,105.5999984741211,107.45999908447266,105.48999786376952,107.33000183105467,1130400.0,0.24612669429020267,0.2645174178024367,0.6448211644070408,0.7524756505278979,0.7196902080501969,0.6580558265030091,0.19176745019844108,0.561353086037516,0,0,-0.11293672249428606,0.017563744887171055,0.04447591139384151
2016-05-17,104.9800033569336,106.0999984741211,103.54000091552734,103.83000183105467,1313400.0,0.24837665446844454,0.2648495906711676,0.4846396547259867,0.7525021250228799,0.7159681629018882,0.5867972222149941,0.18399076093184755,0.5524354448737822,0,0,-0.10565549029930286,0.023106267448338987,0.07025056514954055
2016-05-18,103.77999877929688,106.27999877929688,103.63999938964844,105.62000274658205,1046800.0,0.2507353486156369,0.26550608185715857,0.5430270823233698,0.752534265464695,0.709620714664873,0.6087730043100393,0.1782967257238874,0.5595429420339745,0,0,-0.09765962834275564,0.03544255263679601,0.09688912049681665
2016-05-19,105.52999877929688,107.29000091552734,103.73999786376952,104.83999633789062,952200.0,0.25137659995468903,0.266072795365728,0.5108635130821921,0.7525590989175356,0.6748677430850889,0.6088664243395754,0.18154353989647828,0.5530777540363292,0,0,-0.11257336754834735,0.018273056759963376,0.07564852921790038
2016-05-20,105.0,106.73999786376952,105.0,106.63999938964844,962500.0,0.25196766834848733,0.26699075989546145,0.5679726291017276,0.752594400814515,0.6704150657162475,0.6369199220638994,0.18455843877102698,0.5596128763296853,0,0,-0.10835559907632218,0.023464318679908027,0.07163298739563446
2016-05-23,106.72000122070312,107.41999816894533,106.26000213623048,106.6500015258789,712400.0,0.25234126880438473,0.267662961040569,0.5682833696106645,0.7526205560831295,0.648749617599862,0.6554827105658412,0.19329251133992822,0.5644498852873858,0,0,-0.12265568178842624,0.0069392148162499235,0.06629782197382969
2016-05-24,107.08999633789062,108.9800033569336,106.83000183105467,108.63999938964844,746000.0,0.2532529618041505,0.26869651264973865,0.627929048054041,0.7526566808093066,0.6624725274275591,0.6967698917941153,0.2138818322152917,0.5695150294233272,0,0,-0.11326764208933367,0.017721584547604096,0.0626347886507518
2016-05-25,109.0,109.93000030517578,108.97000122070312,109.6500015258789,699200.0,0.2540196768876882,0.2698916621946816,0.6555837474533973,0.7526946831703284,0.6548922888785296,0.7276075477706402,0.23984170493510795,0.5742624138467189,0,0,-0.12877391331339172,0.008560385773201638,0.07483429030829511
2016-05-26,109.5199966430664,109.88999938964844,108.69000244140624,109.01000213623048,722400.0,0.25534958024195525,0.27092745869527884,0.6231668303406572,0.7527312028337191,0.661073834174713,0.69116431033951,0.25977338338949485,0.569357507514542,0,0,-0.13233008942012067,0.0037392034327752245,0.06684908097629809
2016-05-27,108.23999786376952,110.04000091552734,108.16000366210938,108.80999755859376,862800.0,0.25648152983006406,0.271811756703001,0.6127657179121883,0.7527737791854251,0.6399400193432111,0.6659095060624192,0.2702747751072756,0.5634993220447159,0,0,-0.12136497081254458,0.016512274254506954,0.08779010647907848
2016-05-31,109.08999633789062,110.27999877929688,108.1500015258789,110.1999969482422,1099400.0,0.25830770448003776,0.2726971771564371,0.655648707365844,0.7528369893650076,0.6566218687641697,0.6653726756890361,0.28211998281543915,0.5709639593946542,0,0,-0.12884842346877814,0.010936517490182263,0.06681375273945823
2016-06-01,110.0199966430664,110.33000183105467,108.43000030517578,109.48999786376952,649100.0,0.2606859149260901,0.273424366155066,0.6165783857647021,0.7528715736992274,0.6698291309421814,0.649225929409801,0.2935780828119132,0.5665567408173894,0,0,-0.13566240800590743,0.0028131143064719652,0.056533607345376324
2016-06-02,109.5,110.94000244140624,109.16000366210938,110.83999633789062,493600.0,0.26344330100180663,0.2741515551536949,0.6588148590131956,0.7529017834962956,0.6777117981031602,0.6602826647020938,0.30990608642774775,0.5699081552215458,0,0,-0.09334187067406041,0.013151908571574973,0.0627454825154887
2016-06-03,110.52999877929688,111.0,109.63999938964844,110.22000122070312,420600.0,0.2661309857062925,0.2749629104573517,0.6236841419207676,0.7529259827664126,0.6845815160576316,0.6491871629745606,0.3256354454892719,0.5670523916510672,0,0,-0.10140741821665994,0.004240357598626654,0.04772646238097139
2016-06-06,110.8000030517578,110.83999633789062,109.8499984741211,110.04000091552734,403900.0,0.26875175768998977,0.27573723275803125,0.613243403973798,0.7529487866632659,0.6760814417646835,0.6394302034982924,0.3402412789035444,0.5643100166959644,0,0,-0.10442752684408861,0.0018145250047832096,0.08891304040851813
2016-06-07,110.30999755859376,124.91000366210938,109.66000366210938,123.94000244140624,3469800.0,0.27490778330759197,0.2780422439533506,0.8757101355040785,0.7534278026969906,0.7199759667604562,0.8366367613054889,0.4150183627807513,0.5878690476917948,0,0,-0.10014537033242998,0.1326790801712494,0.10141769873917379
2016-06-08,120.2699966430664,123.0,119.19000244140624,120.3499984741211,3262700.0,0.27937145971679783,0.27980074052589693,0.7379794754535404,0.7538084064598584,0.6817819383471446,0.8084267544063684,0.484454226381015,0.5657161713213712,0,0,-0.16927541805929483,0.03743752563855705,0.012828819880303335
2016-06-09,120.25,120.91000366210938,119.16000366210938,119.68000030517578,831200.0,0.2838267723017948,0.2813953951274178,0.7142242985556887,0.7539019598030935,0.6911747922969326,0.7477150869928866,0.5485378912194517,0.5600725415548906,0,0,-0.17415869838153503,0.03872042975647746,0.024844186968664212
2016-06-10,118.66000366210938,119.8499984741211,118.0,119.41000366210938,1046400.0,0.28798376310300905,0.2829171070248731,0.7042623843915234,0.7540179987369336,0.6957265842167834,0.6975432242435394,0.592674068356356,0.5529677602896774,0,0,-0.1618482845687655,0.05222259344972367,0.0428642817541513
2016-06-13,118.91000366210938,120.43000030517578,118.13999938964844,118.4800033569336,819700.0,0.29149113661384535,0.28436475291637403,0.6690190499695697,0.7541043681629679,0.6642494891258465,0.6676992199794195,0.6353707421851186,0.5474022125038447,0,0,-0.16430786487621354,0.050247046444936105,0.04312866375129809
2016-06-14,118.23999786376952,119.43000030517578,117.16999816894533,118.08000183105467,1019600.0,0.29448829557676476,0.2858696315528237,0.6535506364775914,0.7542093398509196,0.644119200353493,0.6386167384291361,0.6620239552483617,0.5404793962022283,0,0,-0.15994257605777826,0.05629646868126562,0.040935164894534755
2016-06-15,118.52999877929688,119.62999725341795,117.72000122070312,119.1500015258789,915300.0,0.2987595955206966,0.2876438397968371,0.6759201814532145,0.7543092469720926,0.6692213543898834,0.6327856669919485,0.6875440201379932,0.5466940428880556,0,0,-0.16294035878571161,0.054031205825528526,0.03827916838050197
2016-06-16,118.5999984741211,119.22000122070312,117.76000213623048,119.02999877929688,610300.0,0.30249837596740964,0.2893428595891822,0.6707741391812088,0.7543753975128517,0.6679936178439524,0.6200010988946633,0.711241223249794,0.5425502661237592,0,0,-0.16206460185734614,0.052958498591523503,0.04045320715986183
2016-06-17,118.58999633789062,119.4800033569336,117.91000366210938,118.55999755859376,1224200.0,0.30632358756088846,0.2916815364503374,0.6496757108314629,0.7545046333355382,0.6705798715386015,0.6113404465135591,0.7343750635034422,0.5342382695403551,0,0,-0.162143960516617,0.053095920264077175,0.04293035926032765
2016-06-20,119.93000030517578,120.5500030517578,119.18000030517578,119.25,655400.0,0.30983932489593363,0.2941279458394583,0.6667182693731865,0.7545764234917401,0.6460031765296647,0.616683521795665,0.7604342406923292,0.5386882634635402,0,0,-0.16784751970026052,0.042004077762167774,0.025134981598332443
2016-06-21,119.33999633789062,119.69000244140624,118.33000183105467,119.29000091552734,514700.0,0.3133634260551877,0.2965979214515169,0.6677433465887503,0.7546328989644023,0.6536017225110445,0.6033074910668689,0.7709234714585412,0.5421829413278418,0,0,-0.1464988980403235,0.046708656806865825,0.034633164635744236
2016-06-22,119.70999908447266,119.95999908447266,118.45999908447266,118.61000061035156,405900.0,0.3161431170802062,0.2992261276622074,0.6325176892777838,0.7546758065582103,0.6393574515371228,0.5970754154600127,0.7820762601181493,0.5394269868978436,0,0,-0.1381506882476178,0.04359128625809124,0.030346237897553915
2016-06-23,119.12000274658205,121.4800033569336,118.77999877929688,121.44000244140624,630900.0,0.3194302340026994,0.30195196610179015,0.7066646922354488,0.7547529205602258,0.6448326939668745,0.6148212254708205,0.7999734322640439,0.5437106322535614,0,0,-0.1339684622534406,0.048815453045550475,0.0550543693254729
2016-06-24,116.76000213623048,119.0,113.33999633789062,113.4000015258789,1107800.0,0.3206541899113409,0.30380921734894245,0.4086794821752666,0.7548361512190703,0.6320828706631332,0.5275407460823758,0.7488178185044192,0.5361889611090629,0,0,-0.10886035041939066,0.0671113419139727,0.0815217500564162
2016-06-27,112.6500015258789,112.91999816894533,107.19000244140624,108.63999938964844,1254900.0,0.32060679348941207,0.3052714516100213,0.29865448960554863,0.7548954354656235,0.626049195743813,0.43105433249002517,0.7076722981794429,0.5276685195860161,0,0,-0.08033510130308577,0.10811289216281558,0.12151674245041483
2016-06-28,109.94000244140624,111.58000183105467,109.55999755859376,110.30999755859376,793900.0,0.32063746226292295,0.3067763293902958,0.347922553549708,0.7549406621598816,0.6052113035741584,0.4439280837143117,0.669465743591965,0.5330588921456997,0,0,-0.0589101763791864,0.1377945628203817,0.14874812337540047
2016-06-29,111.62000274658205,112.87999725341795,110.33999633789062,112.5199966430664,554200.0,0.3214822425419001,0.3086571460042106,0.4089704465370063,0.7549793750950385,0.6107048976561618,0.46294826603240563,0.6234752188395273,0.5368217646391832,0,0,-0.07234161484497215,0.12047866204029269,0.12156646115046638
2016-06-30,112.37000274658205,113.83999633789062,111.41999816894533,113.83999633789062,537900.0,0.3223186589966684,0.3105289847647657,0.4435207452177823,0.7550210828327112,0.6124072381149316,0.47740774855341833,0.5732574470391256,0.5404739644122701,0,0,-0.07669752168753124,0.11144686535413309,0.11046925591906957
2016-07-01,113.91000366210938,115.30999755859376,113.11000061035156,113.5199966430664,566400.0,0.3232387158206432,0.3117611664565106,0.43495491876635783,0.7550639245970284,0.6074001285302707,0.48792230722351,0.5233856973517527,0.5366282571219254,0,0,-0.07826777888909471,0.09662684780268874,0.09522133421118734
2016-07-05,113.41000366210938,114.16999816894533,112.4800033569336,112.51000213623048,542900.0,0.3239273657087411,0.31265780965473383,0.4073313878099516,0.7551017706782494,0.60271170382462,0.46177495420285697,0.4741291708902319,0.5329421086616002,0,0,-0.06298451142806302,0.10130373802034814,0.08791398892407051
2016-07-06,112.11000061035156,113.88999938964844,110.86000061035156,113.79000091552734,703200.0,0.3210974896113518,0.3136094407064784,0.44508071694728013,0.7551560247473527,0.5622433522751569,0.46793918782407457,0.44032474094438445,0.5377166520347825,1,0,-0.04692915011150483,0.11376769006065066,0.09963557791865699
2016-07-07,113.62999725341795,114.87999725341795,112.95999908447266,113.7699966430664,540000.0,0.3192629490100521,0.3145520930486881,0.4444705066062583,0.7551976060398154,0.58257629863711,0.49538470601274726,0.4007874495593823,0.5340501938130555,0,0,-0.056595436859100526,0.09913003179484284,0.08814488380343061
2016-07-08,114.98999786376952,117.1999969482422,114.47000122070312,117.12999725341795,761800.0,0.3185519941726523,0.31570010929158027,0.5387942976167082,0.7552711763289542,0.6006632020927447,0.5491036534140821,0.3720086072252339,0.5392226158006697,0,0,-0.06855933596301678,0.08719351402867799,0.08130438844100758
2016-07-11,117.36000061035156,118.26000213623048,116.37999725341795,116.8499984741211,430500.0,0.3178382506848105,0.3171152111067838,0.529206486691659,0.7553120307146434,0.5876281297036505,0.5715697984245793,0.3525015868063054,0.5362996338294594,0,0,-0.08682658932315955,0.06445832176895656,0.05651842313510217
2016-07-12,117.48999786376952,118.0199966430664,116.44000244140624,117.80999755859376,441600.0,0.3176514493933033,0.31858081184882875,0.5551973030582638,0.7553563986820001,0.6029940499982119,0.5800712339147658,0.3343879249887288,0.5392979818863385,0,0,-0.0881471592371859,0.06350026440080078,0.06350026440080078
2016-07-13,117.62000274658205,118.5,116.36000061035156,116.36000061035156,543700.0,0.3171719036188974,0.3200071355526442,0.5025434951835829,0.7554064074853925,0.5971037377418573,0.5738605674280894,0.32106743852755426,0.5356064016360551,0,0,-0.08853238707511528,0.0618793062269744,0.05746538310298563
2016-07-14,117.23999786376952,117.23999786376952,115.75,116.25,534800.0,0.3163633672871981,0.32172298860599496,0.49853974953880154,0.7554552358600531,0.5863343446934138,0.5618768946966434,0.30256857689109384,0.5319752500490559,0,0,-0.086369846765618,0.06591617186410982,0.06136128697315641
2016-07-15,116.5,116.54000091552734,114.87000274658205,116.37000274658205,775700.0,0.31562174580340446,0.32345343088509887,0.5024807703402749,0.7555265687848357,0.5891724052272684,0.553766443235638,0.2766719300910898,0.5372420493871922,0,0,-0.08008600050403238,0.0723441175235215,0.06486022292926748
2016-07-18,116.36000061035156,117.23999786376952,115.43000030517578,115.81999969482422,589000.0,0.31485781937030893,0.325163672566056,0.4800828637580703,0.7555788185443185,0.5870456536785403,0.5638258813365485,0.2586930075474123,0.5332428940305307,0,0,-0.07880036050969899,0.07347256896072332,0.0726131885262879
2016-07-19,115.87000274658205,122.33999633789062,115.0199966430664,120.5999984741211,2290900.0,0.3152342063495312,0.3274035956087806,0.6227787118667778,0.7558456112752633,0.6175931876981845,0.6492412475180862,0.27626792805090916,0.5487975035493353,0,0,-0.07494388126443505,0.07805215799816058,0.07330338357917401
2016-07-20,121.75,122.23999786376952,120.0,121.47000122070312,1386600.0,0.3158420023917475,0.3296042416132757,0.6438458808538985,0.7560139040409318,0.6213707654716073,0.6921674106012042,0.29258749708987064,0.5582121534942366,0,0,-0.12072966619247608,0.010364842585534781,0.008126064422329883
2016-07-21,121.88999938964844,124.76000213623048,121.20999908447266,121.86000061035156,1441700.0,0.3167481202177464,0.33157034697793203,0.6534179541965188,0.7561919810522223,0.6113196980948745,0.7124739758588046,0.32065934390250417,0.568000917972503,0,0,-0.1210175088541677,0.023627255435417643,0.014406849283061776
2016-07-22,121.45999908447266,123.94000244140624,121.18000030517578,123.23999786376952,893000.0,0.31724996881433704,0.3337631375747812,0.6867618225440606,0.7563093601561724,0.6083816791857661,0.7080998609141489,0.34638415670785316,0.5740641535132478,0,0,-0.11710156385682995,0.027080280939022934,0.019940918209460125
2016-07-25,122.25,124.20999908447266,121.0999984741211,123.79000091552734,603400.0,0.32014675763251504,0.3359278730220127,0.6997216651789245,0.7563905612138396,0.634399246271198,0.690025408263873,0.3716581374238529,0.5781610810891554,0,0,-0.12220056653393654,0.020366781724591228,0.017689064775752196
2016-07-26,124.12999725341795,125.87000274658205,123.3000030517578,124.05999755859376,831800.0,0.32444593769951563,0.3379657986450208,0.7062803515604035,0.7565037475858131,0.6391760760294732,0.6973739759263529,0.40334002058874097,0.5838087846981045,0,0,-0.13684461335105205,0.01405610695771339,-0.02997010305383455
2016-07-27,124.0999984741211,125.16000366210938,122.9499969482422,123.08999633789062,751100.0,0.32800907145648955,0.33973439466046534,0.653886404803744,0.7566016614421452,0.6314706881893397,0.664971408565978,0.42820415093020814,0.5787090129011802,0,0,-0.1363049844066637,0.014267324740394062,-0.035466722654099385
2016-07-28,122.33000183105467,123.3499984741211,120.45999908447266,123.0500030517578,1003700.0,0.33094489499950436,0.34189127470005104,0.6516910813667808,0.7567321902821295,0.6382657574449543,0.6250316666170187,0.42172365544820045,0.5718941534249812,0,0,-0.12299943001125846,0.028759452602548,-0.034771296666123705
2016-07-29,122.88999938964844,123.68000030517578,122.20999908447266,123.41999816894533,762000.0,0.33361585205557237,0.3438888008391158,0.6631567672711944,0.7568328625208917,0.6374901627951804,0.6300068878945514,0.4178912512243528,0.5770679333600849,0,0,-0.12759038243695456,0.024217824323662526,-0.03356356888248738
2016-08-01,123.55999755859376,125.05999755859376,123.13999938964844,123.6999969482422,1095500.0,0.3364540919771705,0.3460052813947582,0.6721131387756725,0.7569792816421207,0.6357638071147939,0.6360837515634679,0.42322983569192385,0.5845060907339774,0,0,-0.13263648808987352,0.018716619853017626,-0.054448236269655136
2016-08-02,122.31999969482422,123.79000091552734,122.0,122.91000366210938,855100.0,0.33935366944579054,0.34783111101132674,0.6220057124634076,0.7570895707174449,0.6449433813629215,0.6089962688949521,0.4151044255112192,0.5787001862424982,0,0,-0.12231202608475879,0.028698489404516293,-0.03540822442583111
2016-08-03,122.4800033569336,123.9800033569336,122.2699966430664,123.47000122070312,491300.0,0.3420525066249273,0.3497186614433488,0.6425114998695761,0.7571545042022855,0.637118993342541,0.6095006065831609,0.4089204845298783,0.582035984250525,0,0,-0.12439997119812105,0.027581151156482464,-0.028150733144383076
2016-08-04,123.13999938964844,123.83000183105467,123.08999633789062,123.33000183105467,426000.0,0.34471788850722834,0.3513671823088525,0.6330314291613122,0.7572104429787184,0.636004813868187,0.6081154001915018,0.40317825361863324,0.5791435560978293,0,0,-0.1291811516202346,0.022110661131797642,-0.037174992245168945
2016-08-05,123.66999816894533,125.7699966430664,122.97000122070312,125.6500015258789,569900.0,0.3470933124299557,0.3531627118843759,0.7134370642445139,0.7572929214522307,0.632563413465638,0.6340415797810328,0.41185632773328673,0.5830130274692408,0,0,-0.13362519648799198,0.017838356806727577,-0.03859559260654594
2016-08-08,125.62999725341795,126.68000030517578,125.5500030517578,126.66000366210938,677600.0,0.3498283956834874,0.3551434056186104,0.7430145257609421,0.7573949129895107,0.6473894822286791,0.6627025995297962,0.4257813028484595,0.5876137535637634,0,0,-0.14675682123421074,0.008356570147287804,-0.05714285887769733
2016-08-09,126.91999816894533,127.12999725341795,125.9000015258789,126.43000030517578,480900.0,0.35223169972928353,0.3571207328718788,0.726338566511075,0.7574666265881794,0.640723084519574,0.6621559971872614,0.4415691987034044,0.5843485688251921,0,0,-0.1370598461110328,0.0016579747228875972,-0.059845267739576706
2016-08-10,126.61000061035156,126.66999816894533,125.77999877929688,126.0999984741211,444000.0,0.3549472645568383,0.3589050405587904,0.7016321240118625,0.7575319664714223,0.6478724299224182,0.6529251704281628,0.4544427998883275,0.5813339253984388,0,0,-0.12868784491962765,0.004112921314650226,-0.042395005911679454
2016-08-11,126.0500030517578,126.8499984741211,124.8000030517578,125.02999877929688,1033300.0,0.35739517637412127,0.3606489487617586,0.6242648856435287,0.7576775418580804,0.637197950700194,0.6349847443209302,0.4518945988233106,0.5743180896937896,0,0,-0.120459973237221,0.008564585366603303,-0.04409203215913864
2016-08-12,125.11000061035156,125.75,124.75,124.8000030517578,606700.0,0.35974550669710476,0.36221554906983716,0.6080927387512635,0.7577621583238013,0.6173392502602272,0.6153037971588883,0.4487894479698926,0.5701987559843049,0,0,-0.11397264767757152,0.016156095839304076,-0.045269165139323136
2016-08-15,124.70999908447266,125.66000366210938,123.83000183105467,124.75,863700.0,0.3622352397625494,0.3638461142286214,0.6043911530647309,0.7578823061843342,0.6231390840345801,0.5924231767014928,0.432337337625032,0.5643344597507759,0,0,-0.11097754916221549,0.019391010494940953,-0.014823705359637302
2016-08-16,124.2300033569336,124.87999725341795,123.12999725341795,123.38999938964844,921300.0,0.36301310732073794,0.3653442590469637,0.5083838931837855,0.758003130452705,0.5915828353966452,0.5339652351879045,0.4072771689210444,0.5580790746402627,0,0,-0.10717437071408442,0.023246444059994875,-0.0016032431073083667
2016-08-17,123.75,124.58000183105467,122.52999877929688,123.31999969482422,664000.0,0.3635288970424216,0.36527468196768914,0.5036803233553392,0.7580898934373893,0.5815912092637778,0.5062564276007386,0.37587097438092887,0.553570688975028,0,0,-0.08744631630521386,0.02739279739150005,-0.0028365222129213834
2016-08-18,123.05999755859376,124.33999633789062,122.72000122070312,123.66000366210938,580800.0,0.36403074776612937,0.36564613273082475,0.5234685158198584,0.7581668948202752,0.5987738239275594,0.5079436565546536,0.3467080794508216,0.5575141684846189,0,0,-0.0696561495227701,0.033003565560299056,0.012812210792772054
2016-08-19,123.16000366210938,124.6500015258789,123.16000366210938,124.23999786376952,618200.0,0.36430955325105213,0.36615785838587284,0.5568032109963361,0.7582508951430545,0.5960087033275959,0.5317524300204401,0.32356155138966824,0.5617115841747515,0,0,-0.06703865979317827,0.03210410378246677,0.009865708840201154
2016-08-22,123.79000091552734,124.41999816894533,123.51000213623048,123.9800033569336,535000.0,0.3643625269738649,0.36667070648663475,0.5360761145581866,0.7583227560995159,0.5887944730900043,0.5247340718916575,0.30206834676145455,0.5580790746402627,0,0,-0.07179650935543457,0.026883422370571453,0.007646466231300608
2016-08-23,124.8000030517578,125.36000061035156,124.58000183105467,124.91000366210938,408800.0,0.36459951333774293,0.36739228496904525,0.5900154373155543,0.7583798472112845,0.5935203234922733,0.5896509472994717,0.29436539781114013,0.5608547193088591,0,0,-0.08009356377082576,0.01879330648953278,0.005646047179293404
2016-08-24,125.13999938964844,125.1500015258789,124.11000061035156,124.38999938964844,330600.0,0.3649619613189892,0.3681003966714163,0.5467430083832772,0.7584250108499643,0.6021093698648688,0.5600757380450525,0.27903921523512343,0.5586100321086684,0,0,-0.08221916853711315,0.015931453089638888,-0.0016011283514425951
2016-08-25,124.08999633789062,125.01000213623048,123.5500030517578,124.37999725341795,245200.0,0.3653327709973276,0.3686873099219575,0.5458930285768846,0.7584584869473084,0.5891113799931321,0.5362903699589346,0.2553520596092085,0.5569451884865064,0,0,-0.07412166280688844,0.024439271086452906,0.0004019861082335023
2016-08-26,124.37999725341795,125.30999755859376,123.48999786376952,124.04000091552734,334000.0,0.36550563116374174,0.3692495353600223,0.5159609023575595,0.7585034205048465,0.5784537995340329,0.52840755829602,0.23779106600114122,0.5546774161789938,0,0,-0.07525326271941477,0.022109664421337896,-0.009245810595584002
2016-08-29,124.22000122070312,125.48999786376952,123.61000061035156,124.80999755859376,392300.0,0.3658151054221754,0.36995091410046116,0.5679369485625156,0.7585579305665243,0.5880942285616971,0.5544383124454225,0.22420670312771865,0.557341030179704,0,0,-0.0741696590594354,0.02346014198030013,-0.01942924576202318
2016-08-30,124.79000091552734,125.7699966430664,124.08999633789062,124.36000061035156,417500.0,0.3662193725244665,0.370524361427138,0.5267914513567501,0.7586148394522415,0.5830154728002116,0.5564330567944812,0.2159216632173873,0.5545063147953132,0,0,-0.03837834315539196,0.01874846874179344,-0.05600511177390253
2016-08-31,123.93000030517578,124.05999755859376,121.33000183105467,122.7300033569336,642100.0,0.3660130570612165,0.37091040055985164,0.3989415744409601,0.7586962808019534,0.5799136762997349,0.3823264555944689,0.21077963212251086,0.5501466243801819,0,0,-0.027902872335739494,0.025731721876300875,-0.06272115642872203
2016-09-01,122.41999816894533,123.76000213623048,122.33000183105467,123.63999938964844,537600.0,0.3660994860808651,0.37147487003316887,0.4650133700666568,0.758767266957361,0.5901014102971451,0.4308092575555458,0.20600488896298272,0.5537967872320345,0,0,-0.01597000758463632,0.03837691644784379,-0.0462804542476607
2016-09-02,123.97000122070312,124.44000244140624,122.88999938964844,123.88999938964844,291100.0,0.36560878783180834,0.3717498101569508,0.48237139533220186,0.7588061139759411,0.5826524209243495,0.4801702937738329,0.1897697883360777,0.5557732798030434,0,0,-0.028388888333530177,0.025558039860192647,-0.06122613824161831
2016-09-06,124.2300033569336,124.80999755859376,121.58999633789062,124.43000030517578,433700.0,0.36498705066449905,0.3729876032210893,0.5195067101459104,0.7588653293083264,0.5771531225683157,0.4756722829271122,0.19185802101718738,0.558717988934086,0,0,-0.03043025499260708,0.023407812662614866,-0.0538381292372267
2016-09-07,123.5500030517578,124.77999877929688,120.11000061035156,120.41999816894533,959500.0,0.3633114291045206,0.3743095617340804,0.27708251697175346,0.758974047329824,0.5640883301606124,0.33535413870359215,0.20988455612325616,0.5522032358530728,0,0,-0.027646085614155106,0.028771149986979813,-0.038575930563251294
2016-09-08,120.25,120.83999633789062,119.01000213623048,119.6999969482422,823000.0,0.3615270735755917,0.3753633130852218,0.24656285645494092,0.7590638191174718,0.5627631568652011,0.24010481479593598,0.23677593132719846,0.5466152819336629,0,0,-0.010297275225248223,0.05713334461079748,-0.01793725041482695
2016-09-09,119.20999908447266,119.95999908447266,118.0199966430664,118.0500030517578,892500.0,0.3595810124820164,0.3759838937139493,0.18420193720612277,0.7591526127132714,0.5616804729549019,0.2583590850070203,0.2699163352638102,0.5405554412616419,1,0,-0.00994154111733856,0.06616539992369318,-0.009523804667608878
2016-09-12,117.83999633789062,118.91999816894533,117.0999984741211,118.76000213623048,675900.0,0.35789702709782895,0.37653601970911593,0.23572002150689314,0.7592225896636137,0.580503217964203,0.319456269529409,0.30760446121533247,0.5451446248025036,0,0,-0.006268512025747995,0.07869547374305637,0.007793356836564341
2016-09-13,117.87000274658205,118.3000030517578,115.62999725341795,116.83999633789062,950100.0,0.35569167469107393,0.37690859206179,0.16831546162801114,0.7593103748037316,0.578904689843307,0.3326572987470187,0.35229420185956006,0.5386936952534983,0,0,-0.018861615467087683,0.0779723336162768,-0.005473236057484227
2016-09-14,119.05999755859376,119.44000244140624,117.4499969482422,117.94000244140624,818700.0,0.35417218564909175,0.37751794994573035,0.24342550195986257,0.7593911664782947,0.5828638397172687,0.41189834856293295,0.3731104426162598,0.5442524533018833,0,0,-0.029356388331753806,0.06906881160357525,0.004108210989201451
2016-09-15,117.7699966430664,119.6500015258789,117.0199966430664,119.0199966430664,568700.0,0.3529733212130772,0.3781048631962715,0.3112069404245319,0.7594508018971448,0.5905164753596922,0.439600887490398,0.3957145141638574,0.5481137769883576,0,0,-0.018144813848987536,0.0793623911870079,0.11209096639340403
2016-09-16,118.38999938964844,119.5,117.55999755859376,118.5500030517578,761400.0,0.3515486250149526,0.3786412783761463,0.2916448139144582,0.7595285442497873,0.5891937638123595,0.4526597925849714,0.41670400917234074,0.5429440708957226,0,0,-0.023189398538697312,0.07343302058712226,0.13669975408631269
2016-09-19,118.94000244140624,120.11000061035156,118.5,118.91000366210938,406200.0,0.3500625933969234,0.3788410317606105,0.3149445599743349,0.7595708450552469,0.581049402901763,0.477847873798791,0.42452756508171496,0.5457020622469549,0,0,-0.02792075160506883,0.06908472881638009,0.16254748018899545
2016-09-20,119.08000183105467,119.98999786376952,118.44000244140624,118.4499969482422,399900.0,0.3485207972785222,0.37902058454692783,0.2939941866619008,0.7596114178691188,0.5740126228144368,0.4801279197398727,0.4323769102940347,0.5429868462416427,0,0,-0.029013577254947652,0.06769821860604659,0.15053396135911662
2016-09-21,118.58000183105467,119.87999725341795,118.4800033569336,119.33999633789062,358100.0,0.3469678486854702,0.37919228192559923,0.3536878787865725,0.7596495767114461,0.5764824099299598,0.49317822173152953,0.4396655879911887,0.5454182512216436,0,0,-0.02490506250435574,0.069818462272144,0.14132550379447265
2016-09-22,120.13999938964844,121.43000030517578,119.4499969482422,121.25,541500.0,0.34609239963298216,0.3797410405836245,0.4640389210297118,0.7597132192468242,0.5866460537902038,0.536127870174317,0.41663454450565507,0.549094894049542,0,0,-0.037791203910055346,0.05622590322086529,0.14806434314708505
2016-09-23,121.55999755859376,122.0,120.23999786376952,120.48999786376952,313600.0,0.345007846466802,0.3802168556814092,0.42299207803818384,0.7597486926536442,0.5822419838815297,0.5465903703442431,0.385727852039624,0.5469656323859613,0,0,-0.048907219011759255,0.03472164193379498,0.11686596427996122
2016-09-26,120.1500015258789,121.22000122070312,119.2300033569336,119.4499969482422,239900.0,0.3437281281849058,0.3805624944740043,0.3703037768038062,0.7597743869287757,0.5813081315367973,0.52305056625891,0.37036488408064294,0.5453367743722718,0,0,-0.03751352272054513,0.04664283522970659,0.13528090058390294
2016-09-27,119.0199966430664,123.1500015258789,118.2699966430664,122.86000061035156,852100.0,0.34318445834015326,0.3813525275899758,0.5353469340205134,0.7598823481512017,0.5922684200932513,0.5788126742510524,0.33504612770159403,0.5511223096514081,0,0,-0.028380070960716236,0.056509001025130054,0.15696951116305954
2016-09-28,123.08000183105467,124.52999877929688,121.83000183105467,124.02999877929688,717400.0,0.34309245201962063,0.3817374442769756,0.5798097480510848,0.7599780253781495,0.6048101656899103,0.6579826158241789,0.31882379890521784,0.5559932672963469,0,0,-0.06063816165249977,0.02189479731929195,0.1395897266098452
2016-09-29,124.01000213623048,124.68000030517578,123.37000274658205,123.4000015258789,447900.0,0.34327925118401076,0.3819540300662702,0.5455510001166132,0.7600361117145517,0.5972364244064018,0.6649283701761071,0.30546159503647907,0.5529521438935479,0,0,-0.06756433899289307,0.014190071145350218,0.12771107089560949
2016-09-30,123.87999725341795,125.0,123.5500030517578,124.63999938964844,438500.0,0.3435580566689335,0.38226600319302934,0.5930104131316077,0.7600960908437217,0.5933696264407868,0.6790546701412605,0.2968012237333666,0.5559294437643391,0,0,-0.06685575281998556,0.015316040245364903,0.1399513486994944
2016-10-03,124.16000366210938,124.8000030517578,123.91000366210938,124.37999725341795,400600.0,0.3436946707609529,0.38239393460679133,0.5779473564025766,0.7601502704901609,0.5923114744432606,0.6745008597365414,0.28875945038047646,0.5532094749428135,0,0,-0.0684371505974177,0.012917145289161032,0.14273101230141935
2016-10-04,124.0,125.47000122070312,123.95999908447266,124.73999786376952,559600.0,0.3437810997806015,0.38250054383286797,0.5924159074555106,0.760227088006776,0.5869738132715833,0.6806024504102679,0.2895528405165626,0.5570090120185143,0,0,-0.06729380070276564,0.014230557020033757,0.15629524739253875
2016-10-05,124.69000244140624,125.97000122070312,124.31999969482422,125.5,448400.0,0.3451974321545171,0.38266214176864116,0.622707598940829,0.7602905796001284,0.6044651373827732,0.6793863858972389,0.2961856313473368,0.5600535302900372,0,0,-0.07263111546532855,0.010261333984427318,0.1443802694826478
2016-10-06,125.1500015258789,125.48999786376952,124.41000366210938,124.94000244140624,387900.0,0.34665837442703656,0.3828697505607513,0.5857112920569691,0.7603442391990985,0.6077959222244034,0.6524751336968153,0.3023446514044841,0.5574197911340967,0,0,-0.07585660774869284,0.006533862110153137,0.14948208873490412
2016-10-07,124.86000061035156,124.87000274658205,123.4499969482422,124.13999938964844,276200.0,0.3483562988092,0.38299207060211965,0.5344657855431868,0.7603811672885022,0.6224213648613831,0.6209660512212242,0.28881598381353535,0.5555444656510578,0,0,-0.07387548564569822,0.008884269158487694,0.13726583609222592
2016-10-10,124.94000244140624,125.0,123.16999816894533,123.2300033569336,362500.0,0.3496025596671433,0.38297074927060953,0.47954560283463576,0.7604277259984932,0.6071358960737675,0.6043378079827108,0.2709777034447778,0.5530831858262873,0,0,-0.07499601444951036,0.008297074145005811,0.15168359854708413
2016-10-11,123.22000122070312,123.3000030517578,121.22000122070312,121.80999755859376,873500.0,0.35098822326754814,0.3827586524079947,0.4025275603037043,0.7605327374758751,0.6022045492350386,0.5524328735670754,0.25444329598122606,0.5471523501657715,0,0,-0.06159217528624789,0.022315993873948635,0.16659902799671347
2016-10-12,119.0,119.29000091552734,117.73999786376952,117.8000030517578,1040200.0,0.35094919066982827,0.382185205081318,0.24295822724253857,0.7606337355896075,0.5929194639757608,0.4396329047971235,0.2751038859043067,0.5400896652727336,0,0,-0.02766606037374713,0.0572202722305316,0.2044166685456736
2016-10-13,117.38999938964844,117.38999938964844,114.4499969482422,116.12999725341795,868700.0,0.35014344298857086,0.3813615054433354,0.19384161105101866,0.7607096914614114,0.5899820916523676,0.3851842594202906,0.3155969853456497,0.5341914203519664,0,0,-0.02495757525672123,0.0728353277485476,0.2269099748307706
2016-10-14,116.69000244140624,117.98999786376952,116.1999969482422,116.73999786376952,491000.0,0.34963880361442107,0.38062197125420555,0.22879560284706546,0.7607543227004546,0.5863909399703754,0.4189215879464127,0.3442144217348527,0.5375251814387589,0,0,-0.019288775907536724,0.07991043656916783,0.22319812952705848
2016-10-17,116.79000091552734,117.27999877929688,116.13999938964844,116.4000015258789,317700.0,0.34893900125167227,0.379583930718356,0.21817266281326164,0.7607825726938046,0.5868436527509093,0.4189266870889101,0.3711659522194527,0.5353680818516429,0,0,-0.020044577780580608,0.07863628981635276,0.22288844542750982
2016-10-18,117.27999877929688,118.5500030517578,116.66000366210938,117.55999755859376,537100.0,0.3486908645402604,0.37856272258733675,0.2862571084811202,0.7608338952060126,0.5931429295582199,0.44842027824211705,0.3769467220973599,0.5390148498347718,0,0,-0.02431273018862879,0.07465637738393177,0.20163231024945563
2016-10-19,117.33999633789062,120.41999816894533,116.05999755859376,118.75,1162900.0,0.34852637032517214,0.3777008683568385,0.35070408919096197,0.7609528933981612,0.5963885385877721,0.47114654400193606,0.35793653943649517,0.5469106355126354,0,0,-0.02458318688045227,0.07340936595810296,0.1873086486029044
2016-10-20,118.72000122070312,119.0999984741211,117.43000030517578,118.08999633789062,594100.0,0.3476453439718001,0.376801981123363,0.32434697102450205,0.7610113995773261,0.5867038931874224,0.47286227234727063,0.34028422696569227,0.5428768524949908,0,0,-0.035957930715460405,0.061052631578947365,0.17069477282072368
2016-10-21,117.63999938964844,119.33000183105467,116.87999725341795,118.06999969482422,902100.0,0.3469706352087952,0.37602092586075125,0.32352508388281775,0.7611000874558661,0.5900950405655063,0.47716478443755156,0.3292139261378393,0.5367518303434725,0,0,-0.02701331645636341,0.07053943678023389,0.19214161355787834
2016-10-24,118.9499969482422,119.86000061035156,118.04000091552734,118.76000213623048,656400.0,0.34677826087063807,0.37534311334325016,0.3640809336802685,0.7611671826874017,0.5909449590335619,0.4968944481854737,0.31175299970509307,0.5412086140041051,0,0,-0.03811298392166647,0.05945629110362957,0.18556791495502833
2016-10-25,118.45999908447266,119.3499984741211,116.5,117.22000122070312,632700.0,0.3452057981058431,0.3744980923737575,0.29749425980451016,0.7612262390630423,0.5727918734552538,0.4782164829820332,0.310477514600517,0.5369127471209816,0,0,-0.03376559501599327,0.06323679691093041,0.19114183369243606
2016-10-26,117.22000122070312,120.73999786376952,117.22000122070312,119.54000091552734,856200.0,0.3439539620741328,0.37406604324088205,0.42188850876154826,0.7613175028639635,0.5697329090639103,0.5126263771782583,0.29103334689546745,0.5427261203236532,1,0,-0.02363081593256025,0.07464596407506773,0.21847807834545888
2016-10-27,129.89999389648438,133.0,127.5,130.99000549316406,5094000.0,0.3460700968107973,0.3749267758818419,0.7384786086798744,0.7621931331166415,0.6004158503250557,0.7241408496338113,0.32290324515505886,0.5773130428819448,0,0,-0.12924541433758124,0.025932793038091383,0.10573865896638618
2016-10-28,131.27000427246094,135.9199981689453,130.89999389648438,134.66000366210938,1857800.0,0.3488637289609087,0.37616120246501433,0.7917585954315219,0.7625507003610975,0.6124362218666056,0.748228929902123,0.3620732280676434,0.5899270171121753,0,0,-0.12840679913626324,0.03549884496132068,0.07595997046325374
2016-10-31,134.9199981689453,138.5500030517578,134.32000732421875,138.2100067138672,1452000.0,0.35271961145501546,0.37772892521880647,0.8341550988614467,0.7628593068951485,0.632845785331264,0.7543662884478777,0.40591461554051367,0.5997857158861524,0,0,-0.1520124807962036,0.026956815565822762,0.05525027654146513
2016-11-01,137.47000122070312,138.2100067138672,135.74000549316406,136.97999572753906,1544800.0,0.356132189994877,0.3791877921427442,0.7869664102569246,0.7631764409696141,0.632636127412853,0.718080367610868,0.4466244753367502,0.589296929477034,0,0,-0.16655815899147358,0.00781420865777533,0.04782577446824155
2016-11-02,135.5500030517578,137.27000427246094,134.00999450683594,135.32000732421875,1323100.0,0.3588700618988507,0.38035600898378324,0.725195785811239,0.7634352505452381,0.6249115812309642,0.6790793615515992,0.4683193773322982,0.5803134278600581,0,0,-0.15403713506813588,0.021901008129443726,0.07293028577870345
2016-11-03,134.60000610351562,139.0800018310547,134.4199981689453,137.80999755859375,1610100.0,0.3624582871284516,0.3818620092097716,0.7615216435757014,0.7637727605243,0.6375330871559661,0.6739913715936151,0.49463538380995986,0.5912455841245076,0,0,-0.14890635578370306,0.03310667665576796,0.0741944482908398
2016-11-04,137.64999389648438,137.94000244140625,135.6999969482422,135.72999572753906,1059400.0,0.36568964167768986,0.3831357128311736,0.6873292223359045,0.7639820561123752,0.6200728010768698,0.6493642989663154,0.519071675539217,0.5840525362724749,0,0,-0.16834770596652865,0.010376663231289187,0.0544227569325017
2016-11-07,137.5,138.3699951171875,135.9499969482422,136.4499969482422,972400.0,0.36937544840159026,0.38452837001297785,0.6993273855377588,0.7641780218369562,0.6161165230219449,0.6387800661080184,0.5433102229610707,0.5906548769665626,0,0,-0.1698224694416685,0.011640771242830826,0.06675014988419037
2016-11-08,136.6699981689453,137.99000549316406,135.72999572753906,137.77000427246094,486100.0,0.37382518581282026,0.3859827497225861,0.721255025695529,0.764279593939461,0.6292456632171223,0.6293221238837732,0.5634244913492766,0.5939553683398617,0,0,-0.16284354501767806,0.01766217454019827,0.06918287030073737
2016-11-09,136.72000122070312,140.97000122070312,136.0,140.22999572753906,1074600.0,0.38007879079760504,0.3877636900723564,0.7593212633887346,0.7645190818115731,0.6584971703124951,0.6330146338616045,0.5928803526937705,0.6012516202010985,0,0,-0.16164624796279048,0.030848514685351863,0.05458375581951058
2016-11-10,140.4199981689453,141.8300018310547,138.24000549316406,139.85000610351562,1054000.0,0.3866920593674283,0.38968490702638964,0.7442258620539169,0.7647515238753652,0.6545259867749138,0.631004615156678,0.6230192840983975,0.5940952369312831,0,0,-0.1851957641870126,0.01005493621242742,0.03586963511765307
2016-11-11,139.10000610351562,141.3699951171875,138.0,141.14999389648438,779600.0,0.3934977001482915,0.39164988908915693,0.7648396214565695,0.7649291158381822,0.6694151477812028,0.6256515380310308,0.648192599374063,0.5993885162454653,0,0,-0.17626033664258636,0.019520883864090403,0.04454769721588485
2016-11-14,141.42999267578125,143.1999969482422,141.22000122070312,141.9499969482422,780400.0,0.40062117901179756,0.3936765928235531,0.7773674906975977,0.7651103496923622,0.6688661634949601,0.6343694537272312,0.6777650850232476,0.6046872273496057,0,0,-0.19114415086213504,0.01253988203328589,0.018632695689248666
2016-11-15,143.1699981689453,144.0,142.27000427246094,143.44000244140625,882900.0,0.40783666632295296,0.39580990664020105,0.8001530864056748,0.7653227590356394,0.6746147757511423,0.6373632421858031,0.7077781253198535,0.6106818865421293,0,-1,-0.2023247751894986,0.0058471422958700225,0.01232828487229968
2016-11-16,142.91000366210938,144.0,140.99000549316406,142.6999969482422,688500.0,0.4145140568360059,0.39831018143712954,0.7659286979654348,0.7654854095840672,0.671572738804299,0.628376753729643,0.7199275955853743,0.6060071523094274,0,0,-0.19841052864937583,0.007598970435990317,0.012618499217699855
2016-11-17,141.44000244140625,144.0399932861328,140.89999389648438,143.91000366210938,841000.0,0.4217128164987434,0.4010270428795278,0.7861970547041658,0.7656897720764125,0.6868597781789161,0.6301717539053723,0.7301009702735531,0.6117173215028948,0,0,-0.18913809439641,0.01821997827841292,0.02354590527125412
2016-11-18,143.42999267578125,144.27999877929688,141.32000732421875,142.00999450683594,859200.0,0.42838741836135424,0.403715847459958,0.6989374019446927,0.7658891484045259,0.6794736169599449,0.6262194100444837,0.7406224399648024,0.6058835790878803,0,-1,-0.20137582509956745,0.005906511582831864,0.014106135684995663
2016-11-21,142.61000061035156,143.94000244140625,141.85000610351562,143.77000427246094,782100.0,0.43536034413486485,0.4065224848674273,0.733015683808987,0.7660783590797268,0.6929866546857258,0.6361412430361869,0.7503923761066769,0.6111938327456816,0,0,-0.19829592811338234,0.011759722790954151,0.012745564598318621
2016-11-22,143.99000549316406,144.05999755859375,142.61000061035156,143.75,618000.0,0.4427570533095266,0.40954234158322506,0.7320825956461053,0.76622772715796,0.7043642333543544,0.6372858826919329,0.7600742105382338,0.6069977750030384,0,-1,-0.205467118780494,0.0020170639042567,0.003199495314797289
2016-11-23,144.0,144.11000061035156,142.77999877929688,143.89999389648438,424300.0,0.449548752965297,0.4124555873605957,0.7351735101823003,0.7663306036844922,0.7046693012998556,0.6367046582206437,0.7693349912249258,0.6098786606020732,0,-1,-0.20556523862092382,0.0019478175951086957,0.0010434358016304349
2016-11-25,143.66000366210938,144.13999938964844,142.86000061035156,144.1199951171875,237900.0,0.4532094660894534,0.4152723242109631,0.7399623237494733,0.7663885696821983,0.6852116931058113,0.6328725444302765,0.7781080417973765,0.6114939391408674,0,0,-0.1917999115647628,0.00430851385326325,0.004030589684888496
2016-11-28,143.35000610351562,144.0,142.47000122070312,142.61000061035156,384900.0,0.45542596884374226,0.41797235153618056,0.6600042350579743,0.7664790298142506,0.6640584715580612,0.6107697105674714,0.779162044490716,0.6088805691972697,0,0,-0.18935615785118287,0.006452905268453903,0.0047182396532023975
2016-11-29,142.89999389648438,143.92999267578125,142.57000732421875,142.80999755859375,336200.0,0.4567084715218465,0.42065442315467877,0.6654436379593395,0.7665584068352641,0.6395528645482431,0.6064938892280708,0.7801407612773885,0.6111632789271672,0,0,-0.18820556919584214,0.009676774959022966,0.0006311731035302575
2016-11-30,141.9600067138672,142.85000610351562,139.5,140.75,800300.0,0.45775956939119083,0.4231569428430347,0.5624959299598088,0.7667379176928727,0.6359813802830501,0.5495837431094922,0.7321344799011833,0.6057294520478188,0,0,-0.18135991595859294,0.016245305686514097,0.009873177140429583
2016-12-01,141.1199951171875,141.9499969482422,138.47999572753906,139.36000061035156,900900.0,0.45888594167841573,0.4254035997038667,0.5009457416127845,0.7669327628324386,0.6328380067278199,0.5097096825452944,0.6749101378978591,0.5996125775812375,0,0,-0.17492003635657194,0.02245118054784636,0.003623515208703375
2016-12-02,138.7899932861328,139.33999633789062,136.97000122070312,138.99000549316406,595400.0,0.4592149343628263,0.4273943937371745,0.4849595833819583,0.7670602176507951,0.6274980733550772,0.4590103977189888,0.6227461040067931,0.5955699679049111,0,0,-0.15994541610584012,0.03939441352697776,0.02906144542207315
2016-12-05,139.5800018310547,140.9499969482422,138.47999572753906,140.3300018310547,666600.0,0.4604974412951645,0.4296208508560348,0.5346794090214899,0.7672079230519039,0.6507554615034882,0.49622868893957267,0.5738638131257887,0.6000960068875096,0,0,-0.16605511848972357,0.0338153591084889,0.021296433830443343
2016-12-06,141.30999755859375,141.89999389648438,139.58999633789062,140.86000061035156,454300.0,0.4617269745046901,0.4320234942802464,0.5536489923208341,0.7673099148516495,0.6612635532767499,0.516455534735391,0.5376471212718269,0.6031805846099737,0,0,-0.1767975289308616,0.021164406626879063,0.005629648219295099
2016-12-07,140.42999267578125,141.25,138.5500030517578,141.16000366210938,757500.0,0.46267212492840876,0.43407713157472155,0.5646436246176242,0.7674811947126848,0.6666478379448959,0.4861853140557398,0.49214163840817704,0.608323810726563,0,0,-0.16477347262891082,0.027332146009040232,0.005040513352198653
2016-12-08,141.72000122070312,144.32000732421875,141.5399932861328,142.8300018310547,569600.0,0.46339702089090146,0.43618687916843163,0.6228264311551404,0.7676153263128246,0.6530724405989594,0.5935924341504488,0.476549643976107,0.6121912451767403,0,0,-0.10073675865538465,0.018418858288918614,0.017214456026778333
2016-12-09,142.64999389648438,143.16000366210938,141.60000610351562,142.5399932861328,416500.0,0.46414700407178705,0.43833478049848246,0.606491594318372,0.7677126868435545,0.6563837807127633,0.5677847024350969,0.4620713634320419,0.6093633195297972,0,0,-0.08226562941515882,0.01169231538419874,0.02170416623800399
2016-12-12,142.33999633789062,142.88999938964844,140.27999877929688,141.22000122070312,687500.0,0.4641665224977641,0.44019539822660075,0.5344169744323518,0.7678681880836346,0.6415366942092734,0.5136388505387832,0.43327254675233917,0.6046953750345428,0,0,-0.05843975181290459,0.013890915389293435,-0.060474221434007235
2016-12-13,141.89999389648438,143.08999633789062,140.66000366210938,142.36000061035156,509800.0,0.4642808337675985,0.44221312496381243,0.5780379331273058,0.7679867445818546,0.6485064638776504,0.544757019335283,0.4083422186398613,0.608156783185351,0,0,-0.055870268527456635,0.01713647788426443,-0.04503611779759122
2016-12-14,144.94000244140625,147.25,143.69000244140625,144.0800018310547,1156400.0,0.46445926910777974,0.44438347178343757,0.6369826753152977,0.7682667913599474,0.6277853073545923,0.6919563079402096,0.4159991227438189,0.616008435569805,0,0,-0.07677724000919643,0.016226450889926317,-0.07200056164691167
2016-12-15,144.64999389648438,146.63999938964844,143.42999267578125,145.5399932861328,675500.0,0.46525107566394414,0.44663237182334664,0.6810521745886285,0.7684358639332406,0.629811770126541,0.6839640115309725,0.4200212127726254,0.6205949032156876,0,0,-0.07100219043260805,0.018045572393622953,-0.07370901570115396
2016-12-16,144.92999267578125,145.3800048828125,143.75999450683594,144.63999938964844,1090300.0,0.46545460247675213,0.44884311727073994,0.6295323934965722,0.7687030335696524,0.6182571794931678,0.646493698588333,0.4237560106565169,0.6131920524765228,0,0,-0.06341896491222736,0.015940685936803617,-0.08650540688935301
2016-12-19,144.72999572753906,145.57000732421875,144.32000732421875,145.14999389648438,373300.0,0.4663300515292402,0.4512008714281532,0.6461073046203287,0.7687955402214558,0.6281723199891291,0.6524377855837097,0.42857812892137515,0.6157266614657277,0,0,-0.06222345159000402,0.01742259598378627,-0.0710730007098755
2016-12-20,145.80999755859375,147.22999572753906,145.74000549316406,146.55999755859375,446700.0,0.4671079169603117,0.4538189773397702,0.6896838556077364,0.7689097717900334,0.6177651725687351,0.694428359764705,0.44428300275789545,0.6187596371835897,0,0,-0.0694454168440639,0.009920788852621012,-0.06600070433269734
2016-12-21,146.66000366210938,148.33999633789062,145.75999450683594,146.11000061035156,399000.0,0.4677658980748987,0.45654593822506667,0.661852509052028,0.7690107590364851,0.6067677195095205,0.6849316123327647,0.4655651640482773,0.6160505319419803,0,0,-0.07273474235592542,0.011462832312818508,-0.0680950542615708
2016-12-22,146.33999633789062,147.74000549316406,143.91000366210938,144.24000549316406,511100.0,0.4678606951729904,0.4595130511225953,0.5549239090262216,0.7691346674719567,0.5945956778868818,0.6273140755358297,0.46041729711253965,0.6125802971324902,0,0,-0.06412973155872848,0.013688316964241424,-0.053179036213907106
2016-12-23,144.38999938964844,145.55999755859375,144.0,145.4499969482422,247700.0,0.4682315069784457,0.46280335903549524,0.5988309470007404,0.7691963996226835,0.5942937137678709,0.6128864892023693,0.4556371349579261,0.6142621150982713,0,0,-0.051442026389114125,0.02738489183175599,-0.038200182314171306
2016-12-27,145.63999938964844,146.8800048828125,144.75999450683594,145.3300018310547,273800.0,0.46898985823777434,0.4660117463909699,0.5920229232534189,0.7692644382643895,0.5974998775776135,0.6249076281932542,0.4608237154243102,0.6124030849851068,0,0,-0.05960810141529599,0.018563059504243036,-0.040632545796562836
2016-12-28,145.17999267578125,145.9600067138672,143.9499969482422,144.05999755859375,269900.0,0.46933836509392773,0.46911576769944513,0.5213994180124385,0.7693295551626175,0.5971105879716758,0.5897748685730702,0.45468887612981845,0.610570534847988,0,0,-0.05649206187048834,0.02174364289751308,-0.03777602810985362
2016-12-29,144.38999938964844,145.8800048828125,144.02000427246094,144.9199981689453,398200.0,0.47050098345554753,0.47218612334208426,0.5567623507139247,0.7694275420824347,0.6003563411601802,0.5931926861531429,0.44899223964207624,0.6132742082996393,0,0,-0.051506304974962704,0.027419110198412984,-0.027210872104526627
2016-12-30,144.9600067138672,145.5,144.08999633789062,144.72000122070312,366600.0,0.4719953810249026,0.47510049242134395,0.5452624587915171,0.7695173144961175,0.6072664176641348,0.5832532307887653,0.4437025057606012,0.6107850905513335,0,0,-0.055133905562498337,0.023323141503790955,-0.026635389588203266
2017-01-03,145.64999389648438,145.8699951171875,143.75999450683594,144.8000030517578,521500.0,0.47361524021162643,0.47809790535991775,0.5488581409652552,0.7696452156943326,0.5999809469090346,0.5790963725267426,0.4421608389151479,0.6143259386302791,0,0,-0.059977837220606116,0.01858763418128985,-0.017412859262133384
2017-01-04,144.91000366210938,146.72000122070312,144.2899932861328,145.4600067138672,459100.0,0.475045513710635,0.48117162833969834,0.5790026112706018,0.7697594890027936,0.5940265239604153,0.6020299043573438,0.44826214440083056,0.6174431070924918,0,0,-0.05483426984851753,0.02368779422300994,-0.01153313628279678
2017-01-05,145.1300048828125,146.97999572753906,143.9199981689453,144.4199981689453,500900.0,0.47603806055628256,0.4840512084512331,0.5123441816487915,0.7698811793554666,0.5875006541299302,0.5813024121060447,0.44758758874904625,0.6140421276049677,0,0,-0.056097918915684025,0.02206786269020642,-0.012237032154125301
2017-01-06,144.2899932861328,145.3699951171875,143.8800048828125,144.4499969482422,461500.0,0.4769553287298152,0.487106974868119,0.513893393474596,0.7699933390220334,0.5735867656706317,0.5415260642394981,0.44624883685004824,0.6171755914370547,0,0,-0.050685446324868516,0.02804322879868784,0.005262496712788528
2017-01-09,144.00999450683594,144.2899932861328,142.07000732421875,144.14999389648438,814000.0,0.4773233497577117,0.48986872300878986,0.49389689330953457,0.7701897007616106,0.5864239386226547,0.46255662369316514,0.4156026323434523,0.6116487451546736,0,0,-0.04873654160515704,0.02997578347202159,0.0057459456461746074
2017-01-10,144.6300048828125,145.0,143.97999572753906,144.24000549316406,523300.0,0.47779732248546763,0.4913556459385204,0.4992580263722384,0.770316145122632,0.5805891820482901,0.51664548847619,0.39539905218416305,0.615201814761025,0,0,-0.05313911887925645,0.025737021242902784,-0.0029830589856223353
2017-01-11,144.0,144.99000549316406,143.5,144.02999877929688,465300.0,0.47858076521742293,0.49240715239823424,0.48378201306437385,0.7704279847067682,0.5815789580223686,0.4709604505996443,0.3693680726462035,0.6120425499266369,0,0,-0.0487382037685103,0.03008871445235982,0.0028425100283901903
2017-01-12,143.82000732421875,144.6699981689453,141.8000030517578,142.99000549316406,425500.0,0.4787564140342792,0.4929435667219338,0.41082511110326014,0.7705277263473657,0.5768668919688206,0.3381171055600306,0.33808721836929456,0.6091535166426649,0,0,-0.04755957898751476,0.03138227488703962,-0.001458076203895478
2017-01-13,143.55999755859375,144.67999267578125,142.74000549316406,143.3699951171875,451500.0,0.47855846026812116,0.4936606562776645,0.4379627754441593,0.7706345001189453,0.5895754107815124,0.412283466765789,0.3089017674397436,0.6122190831002756,0,0,-0.04608711157931716,0.03342890129146399,-0.002028066822800956
2017-01-17,142.8699951171875,143.5,140.75,141.6300048828125,718600.0,0.47746833405529115,0.49436876798003554,0.329766178745457,0.7707973092311035,0.5815344630818704,0.30656067565901535,0.30446930018144824,0.6073399777703996,0,0,-0.04115222220424747,0.03815304043382345,0.015414708719636743
2017-01-18,141.5,143.22999572753906,141.4499969482422,142.83999633789062,659900.0,0.47696648333158337,0.49493323745335277,0.41412851745262436,0.7709512572936578,0.5862527036301449,0.38789622011011327,0.3003534377273168,0.611820525512099,0,0,-0.021323195427125415,0.0482948252635462,0.004236433543951947
2017-01-19,143.1699981689453,144.19000244140625,141.92999267578125,142.5399932861328,589400.0,0.4762388008457656,0.49569745945495886,0.3958999658706919,0.7710877013158058,0.5795353598590829,0.43465988585048493,0.2817912357977791,0.6078186542604584,0,0,-0.0323438479111888,0.036194331430222014,-0.00210027344895858
2017-01-20,142.97000122070312,143.38999938964844,141.8800048828125,142.10000610351562,434400.0,0.4749953307653812,0.4963315068637259,0.3690277169264802,0.7711871492353065,0.5735155236052908,0.42316369210235344,0.2651701799329307,0.6048691923132025,0,0,-0.03100882823863103,0.03767360298949816,-0.011435421352521399
2017-01-23,142.0800018310547,142.85000610351562,140.27999877929688,141.13999938964844,669500.0,0.4736096671649765,0.49670968973261836,0.31375976338035205,0.7713367338254401,0.5746982305848303,0.38229134246133467,0.2680152582797206,0.6003234630920057,0,0,-0.012667156751890382,0.044053442913124984,0.01069672207722257
2017-01-24,141.5399932861328,144.61000061035156,141.27999877929688,144.14999389648438,594000.0,0.47358457143811544,0.4971495942731395,0.5030038193686865,0.7714794805685737,0.5892520715418893,0.5078936856130273,0.2449888179043638,0.6043565671359055,0,0,-0.008927267339412704,0.048179134768060246,0.009494201519586852
2017-01-25,144.9600067138672,145.88999938964844,143.27000427246094,145.75,1187300.0,0.4736682139344392,0.4978116951191736,0.5769774690758656,0.7717753464792007,0.603716006248945,0.6115604241097831,0.22141119587494276,0.6124180224074915,0,0,-0.032466237479906346,0.0234477264456261,-0.0083247468459346
2017-01-26,139.3000030517578,139.8699951171875,132.5800018310547,133.72000122070312,2724900.0,0.4704312820843168,0.4969778968944681,0.1712409395678237,0.7722687481710918,0.573921138636478,0.16633821064048598,0.26024900246351934,0.5939166668364101,0,0,-0.04610635485902659,0.06202396765785806,0.045488779581635934
2017-01-27,133.27999877929688,138.27000427246094,133.27999877929688,135.5399932861328,1342500.0,0.4680558581615895,0.49625856244731,0.2422063577493787,0.7725252605344982,0.5758648001520916,0.2813462606635457,0.2963126800100546,0.6030318893598704,0,0,-0.005234796155040798,0.11262337287701202,0.09729280876510844
2017-01-30,135.05999755859375,135.5800018310547,133.75,134.69000244140625,838700.0,0.4652036792420153,0.49527663221069546,0.22432885541837372,0.7726813781017455,0.5764750746766862,0.3201511071250691,0.3298003805889803,0.5973373365625325,0,0,-0.018297151028358452,0.0979784523912586,0.07429546866628788
2017-01-31,132.60000610351562,135.49000549316406,132.50999450683594,134.02999877929688,985000.0,0.46222324792751374,0.4943036798274408,0.21032339637527864,0.7728609548563784,0.5774789236578064,0.3588429013666577,0.366273157159435,0.5906494451766044,0,0,-0.0006682871411992508,0.11686086531346168,0.10305137257727502
2017-02-01,134.07000732421875,134.08999633789062,131.5399932861328,132.33999633789062,1292800.0,0.4587493297135134,0.49300528668121196,0.17556880355928228,0.7730841713413054,0.5693870189931023,0.37547528761777715,0.4041693902243553,0.5818716726042921,1,0,-0.01887647587203246,0.10646862003759197,0.10258897355241872
2017-02-02,130.8000030517578,134.7899932861328,130.61000061035156,134.4499969482422,1159600.0,0.4556796786018042,0.4921568992307533,0.2626017869585945,0.7732979826360918,0.5862452088076403,0.416074557822507,0.44311191898245816,0.5897450521485785,0,0,-0.0014357144224270307,0.13253735659286012,0.13593766610392627
2017-02-03,134.39999389648438,136.52000427246094,134.39999389648438,136.22999572753906,969800.0,0.45339626099960945,0.49131075495937154,0.3291286854406892,0.7734863734073433,0.6040200444464778,0.46969030196687384,0.45818956968487345,0.5963297395253023,0,0,-0.02818886851735524,0.10368168655870322,0.10673117463170934
2017-02-06,135.5399932861328,136.99000549316406,135.00999450683594,136.67999267578125,960000.0,0.4512299411905742,0.49051735450625883,0.34553600509149607,0.7736751657830411,0.6171213816473746,0.48604517492018745,0.4667243763354646,0.6028478874750393,0,0,-0.0361887457270517,0.08955452242273691,0.07509367472042074
2017-02-07,137.0,138.58999633789062,136.77999877929688,138.57000732421875,781600.0,0.4496742103284313,0.489919220223281,0.4121816360794399,0.7738370834401646,0.6180258136373415,0.5187974079692874,0.456813451043509,0.6081547462641167,0,0,-0.04675153447517488,0.07301723926202294,0.06357918427768586
2017-02-08,138.1300048828125,139.49000549316406,137.86000061035156,138.8800048828125,734700.0,0.448179812759076,0.48933118538320136,0.422813802680969,0.7739904859998225,0.6255562388055844,0.5357379319910842,0.4382294020750489,0.6131431663668998,0,0,-0.0542686286713259,0.06386656835501078,0.06076349660027547
2017-02-09,139.13999938964844,140.69000244140625,139.13999938964844,139.72999572753906,714500.0,0.4469809483230614,0.48900798951165486,0.4524793622272947,0.7741430080116832,0.6249371808734598,0.5598267726513096,0.4090250773552706,0.6179944337732405,0,0,-0.06141991992651874,0.05645158454959766,0.05349947921473493
2017-02-10,140.0,140.25,139.00999450683594,139.69000244140625,574200.0,0.44606088937196947,0.48865786179237997,0.4509910382635295,0.7742653979035728,0.6271250373619665,0.5600646722397925,0.3829678460497752,0.614095766530804,0,0,-0.06720102824563233,0.049953452665592486,0.04666145045316082
2017-02-13,140.08999633789062,141.8800048828125,139.4499969482422,140.47000122070312,1021800.0,0.4452523551673872,0.4886264401617964,0.47999793906656285,0.77448754838509,0.6270272425288578,0.5831801952796236,0.34288351117868143,0.6210335202548053,0,0,-0.06786452546248253,0.049323496808860647,0.050397368615372785
2017-02-14,140.42999267578125,141.22000122070312,140.17999267578125,141.10000610351562,580600.0,0.44510458860071694,0.4888217046195807,0.5033227999367174,0.7746157610737151,0.6390625032082712,0.5897881616769204,0.30566234308409435,0.6249756418169066,0,0,-0.06990810835119698,0.046629194809122296,0.011888754988408447
2017-02-15,141.3000030517578,143.57000732421875,140.69000244140625,143.1300048828125,870100.0,0.4451854445737155,0.4892862978287535,0.5729278941418215,0.7748177180751582,0.6430469441116472,0.6236333259670837,0.2917183053328265,0.6308833923701005,0,0,-0.07576188503892559,0.040255084550557846,0.008362810947829218
2017-02-16,143.33999633789062,143.7899932861328,141.66000366210938,143.24000549316406,463300.0,0.4453806118165488,0.4896128601812659,0.5765254083610349,0.7749254907184021,0.6514980725155207,0.6325889690192884,0.28055550220551495,0.6340290777295933,0,0,-0.08894009147810572,0.025431420844488073,-0.005379647784559936
2017-02-17,142.8699951171875,143.6300048828125,141.92999267578125,143.35000610351562,512100.0,0.4457291186727022,0.48989229008790286,0.5803492766712929,0.7750448916072435,0.6626104196668399,0.63294102019583,0.27019004215872555,0.637506102276531,0,0,-0.08559057551433163,0.021083525248852795,-0.012915322352559187
2017-02-21,143.30999755859375,145.5500030517578,142.3000030517578,145.0500030517578,487300.0,0.4468192491397662,0.4903288281474581,0.6371839684816333,0.7751631168314405,0.6721454631988143,0.6527777270447516,0.2762411050006983,0.6408147413347673,0,0,-0.08859432443324272,0.017997919227095264,-0.02706665307018319
2017-02-22,144.66000366210938,145.3800048828125,143.91000366210938,144.83999633789062,623500.0,0.4470116256050403,0.490554390933937,0.6252647835110952,0.7753135947074782,0.6676324994996312,0.6572471902788454,0.2818599490682444,0.6365813400361622,0,0,-0.0968631696391236,0.008479804906313351,-0.04529477549803561
2017-02-23,144.94000244140625,145.0500030517578,143.24000549316406,144.1999969482422,426200.0,0.4465794762525634,0.49074067753836176,0.5882727920615924,0.7754148897434435,0.6499798882435535,0.6486716818462935,0.27820633019505536,0.6336875539359769,0,0,-0.09893677294512546,0.006558940708794157,-0.04584368653364424
2017-02-24,143.72999572753906,144.5800018310547,143.19000244140625,144.41000366210938,635600.0,0.44955990756706493,0.4910986615214577,0.5963299884914934,0.7755666464658765,0.6901272407177322,0.6369381950137225,0.27413640004353723,0.6380031110576986,0,0,-0.09098471147608048,0.014979221274773443,-0.04646322531232107
2017-02-27,144.4600067138672,144.6699981689453,143.08999633789062,143.61000061035156,420500.0,0.4518098698724237,0.49123893726954554,0.5480743169479495,0.7756651245679401,0.6898327041229881,0.6246270515953246,0.2689154191397588,0.6351480264609648,0,0,-0.09590752546424608,0.009902310362979755,-0.05262797528416469
2017-02-28,143.27000427246094,143.6699981689453,142.3300018310547,143.27000427246094,589300.0,0.4542020214435691,0.49114803885876074,0.5277514950428959,0.7758019645897941,0.6934939992640677,0.6052516419689156,0.25307788036934087,0.6311468341830689,0,0,-0.08815544605740241,0.0182438208067151,-0.04588824990370951
2017-03-01,144.00999450683594,145.97999572753906,143.30999755859375,145.0800018310547,527500.0,0.45728282290281225,0.49109641834238066,0.6051369949702302,0.7759297557377626,0.6960885772246443,0.6335751965929325,0.2611099542872115,0.6347284206867004,0,0,-0.09352965377875747,0.013750269853811923,-0.06372575802162089
2017-03-02,144.7899932861328,144.7899932861328,142.0399932861328,142.10000610351562,459200.0,0.46000396715836805,0.4908113787757005,0.4470217855039347,0.7760332995920217,0.6968132937861067,0.5886021380933653,0.25136224447120536,0.631610573250743,0,0,-0.09773912666677395,0.008202387830074643,-0.0714088811662393
2017-03-03,142.5,143.07000732421875,140.39999389648438,142.8699951171875,772500.0,0.4623515088309094,0.4905555159481764,0.48063447070053056,0.7762107462161735,0.6914519698781904,0.559344957789164,0.2229537314550992,0.6368556454290469,0,0,-0.0836734614985655,0.024489764799897257,-0.0458832089543424
2017-03-06,142.66000366210938,142.66000366210938,141.27999877929688,141.33999633789062,556300.0,0.463776205029034,0.48996972428717384,0.41106531074536323,0.7763337084732677,0.6707640065847879,0.5397562094023276,0.19657439794014345,0.6330785144869233,0,0,-0.08434243342609436,0.023237853845424306,-0.050605524136805566
2017-03-07,141.08999633789062,143.92999267578125,140.5,143.60000610351562,663100.0,0.4657055427284253,0.4896880512014598,0.505996529784292,0.7764886039878481,0.6686502997561653,0.5631767190134191,0.18570204124119885,0.6375807893884552,0,0,-0.07414741756809831,0.03459742122787589,-0.036507738756224054
2017-03-08,143.4600067138672,143.77000427246094,142.24000549316406,142.8800048828125,568500.0,0.46690719368776495,0.48953543111904635,0.47327489032141723,0.7766190557016862,0.6540228410392834,0.5683820810222165,0.17560628144932175,0.6337208236494704,0,0,-0.08948471836590702,0.017548669265761128,-0.04589144370877816
2017-03-09,143.11000061035156,144.10000610351562,142.1199951171875,143.75999450683594,454000.0,0.4682677615613087,0.4893457780336555,0.5088413456043045,0.7767254325502889,0.6559556999240131,0.5803684395962264,0.16986510912944233,0.6368033644507001,0,0,-0.0874859992498759,0.02008675125355305,-0.045982692467062464
2017-03-10,144.5800018310547,145.97999572753906,144.0,145.92999267578125,556500.0,0.4699963547169829,0.4894131093653273,0.587236357597624,0.776862536480223,0.6678824236143623,0.6884092911449533,0.18318638303935716,0.6405818533403131,0,0,-0.09717586084102721,0.009738410893009626,-0.04625771709359117
2017-03-13,146.0,146.99000549316406,144.7100067138672,146.2899932861328,744100.0,0.4718364683649326,0.48966336082045786,0.5992478027892975,0.777047276276943,0.6718346395087379,0.7109145082761289,0.2041360104151886,0.6456340969751041,0,0,-0.10546152375845753,0.006784112539247494,-0.05351879634466608
2017-03-14,145.55999755859375,145.72999572753906,144.1999969482422,145.1300048828125,334800.0,0.4731357029456888,0.48968692789957075,0.5391787425153122,0.7771281960040654,0.6758652012124435,0.6398940613676852,0.21576629775368497,0.6433608928776333,0,0,-0.10219425548131005,0.009775158932253957,-0.0564631545965005
2017-03-15,145.72999572753906,147.02000427246094,144.75,146.47999572753906,423200.0,0.47463567356169395,0.4898844355364321,0.5877336261998009,0.7772336494910014,0.6720297856908205,0.6912255056299577,0.23752385412431973,0.6462343097654757,0,0,-0.10418241995786039,0.00888864122869363,-0.12912559245692476
2017-03-16,146.39999389648438,148.0,145.9600067138672,147.82000732421875,611100.0,0.47594327196665903,0.4902233422232704,0.6316932886128911,0.777390448035295,0.6703068300678928,0.7316056801832833,0.26523333394489257,0.6503835183197301,0,0,-0.10779624349186273,0.010923034886563796,-0.11789998305157665
2017-03-17,147.91000366210938,149.11000061035156,147.3800048828125,148.7899932861328,660400.0,0.47749063900459293,0.4905970353093078,0.6614196859727616,0.7775634029974984,0.6735837818199794,0.7519082132813442,0.29875309013427387,0.6548674609301534,0,0,-0.09139500132747949,0.008117960281318297,-0.13874983845214653
2017-03-20,148.66000366210938,149.5,147.74000549316406,148.75,490700.0,0.4789961869214822,0.49108295070616587,0.6590432191268599,0.7776917547269396,0.6689608662758431,0.7250282831859338,0.3325028589773762,0.6515357367645951,0,0,-0.09174010196387054,0.0056455163370782435,-0.14221388948796654
2017-03-21,149.32000732421875,149.44000244140625,145.57000732421875,145.77000427246094,630400.0,0.47919692721096524,0.49123108271807486,0.5013714198798108,0.777846090562082,0.6535591259807126,0.6362381709860476,0.3301736270313457,0.6472554862776011,0,0,-0.0843025784532563,0.0012100347951680673,-0.15011771065848223
2017-03-22,145.94000244140625,146.60000610351562,145.02999877929688,145.69000244140625,600000.0,0.4794339135748433,0.4914039033986352,0.49761124706204674,0.7779926544944643,0.6491063224807099,0.5850688935280719,0.32066695265804657,0.6431816438090155,0,0,-0.055429797586835715,0.024422017248073233,-0.13390960897535398
2017-03-23,145.47999572753906,148.1999969482422,145.0500030517578,146.5500030517578,662400.0,0.48008910816610534,0.4916631327071253,0.5324323131172011,0.7781575728749349,0.6481261880354897,0.6108927218697922,0.3258438301835501,0.647679165894334,0,0,-0.04440936997928349,0.02759286296311037,-0.11606828279189019
2017-03-24,146.9600067138672,148.19000244140625,145.57000732421875,146.57000732421875,389500.0,0.48069132903455464,0.4919481739861559,0.53325645605435,0.7782545560380288,0.6383606171120909,0.6109195853913743,0.33065093074294627,0.6503237686301908,0,0,-0.05424777919809052,0.01733192243766621,-0.11736616751182621
2017-03-27,145.63999938964844,147.08999633789062,144.16000366210938,146.52000427246094,617700.0,0.48150265401669606,0.49234431256176775,0.5303777894556775,0.7784081347810404,0.6472521855595371,0.5751650897569638,0.3153312340227781,0.646129747808782,0,0,-0.0422323949791018,0.02633554218096671,-0.1009756588127857
2017-03-28,146.5,147.5399932861328,145.0,147.1300048828125,396600.0,0.48257884335866713,0.4927662631079201,0.5581944089068157,0.7785080578400064,0.6477825846537507,0.5946556685994503,0.3055682302438242,0.6488225576805171,0,0,-0.0431340918641143,0.020475019877977597,-0.10169255707075414
2017-03-29,141.19000244140625,143.5,140.6300048828125,142.10000610351562,1488000.0,0.48174800420478286,0.49281900692618924,0.32248241423492274,0.7788409664074248,0.6454689633643115,0.4326397324645005,0.2920302891973986,0.6387194283584248,0,0,-0.005369459108977183,0.05648064489097635,-0.07646298937433263
2017-03-30,141.72000122070312,142.89999389648438,141.55999755859375,142.47999572753906,507900.0,0.48185394739617443,0.49277860744224583,0.34122694462577485,0.7789555980335411,0.6561964304530478,0.4445906638127102,0.2794593439400035,0.6421679360080825,0,0,-0.009289284078265021,0.05475016499034756,-0.08838843785442321
2017-03-31,142.66000366210938,143.0500030517578,141.94000244140625,142.57000732421875,592300.0,0.48177030915408486,0.4927819756355624,0.34587248394572934,0.779089526069011,0.646355515027885,0.44997718439261125,0.2659936136762546,0.6461894974983212,0,0,-0.015861944366890354,0.04800671352468721,-0.07678272578226732
2017-04-03,142.72999572753906,142.9199981689453,139.86000061035156,141.02000427246094,682600.0,0.4816810936111113,0.4926607771837325,0.28686696453968485,0.7792379071337808,0.6522059109009929,0.4079655093327251,0.2712836309271338,0.6415548227165604,0,0,-0.020130426946397204,0.047485473273949245,-0.0796099478266528
2017-04-04,140.97999572753906,141.57000732421875,139.1199951171875,139.42999267578125,701300.0,0.4805184709952575,0.4924688792069141,0.23369689780490138,0.7793840666321837,0.6341296648460194,0.3830284860292471,0.2818147763393488,0.6367931798445287,0,0,-0.013189622422347298,0.06041699059943061,-0.09296548421334291
2017-04-05,139.88999938964844,141.14999389648438,137.75999450683594,138.08999633789062,889300.0,0.4791829903401064,0.49178882265416074,0.1936271758293176,0.7795626679552955,0.6234944203545266,0.376729299707541,0.30124313535798664,0.63075506633234,0,0,-0.01527651864520594,0.06892348214273988,-0.10033707665968751
2017-04-06,138.3000030517578,139.14999389648438,137.19000244140625,138.3000030517578,854200.0,0.47766071477479927,0.4909527795380278,0.20639552781723614,0.7797351182587432,0.6203417497771514,0.3844693630769199,0.3231045551123213,0.6365548600601163,0,0,-0.00803824056621391,0.08110650478139676,-0.08074445522176793
2017-04-07,137.89999389648438,138.05999755859375,136.97000122070312,137.02999877929688,633500.0,0.47517934766068054,0.49132422944498805,0.1686379723794031,0.7798584674675016,0.6017056473304203,0.39543116135113876,0.3449081434527328,0.6322535613870347,0,0,-0.006724458823281492,0.0838756749641893,-0.0676065845148781
2017-04-10,137.3699951171875,137.83999633789062,136.27999877929688,136.86000061035156,613700.0,0.47255021397989144,0.49147236145689693,0.16369057244030516,0.7799773301665874,0.5941200817054245,0.4110267694234145,0.36990344841563716,0.6280866995154164,0,0,-0.007954435872441289,0.08852079829869455,-0.08304748854115385
2017-04-11,136.8800048828125,137.25,135.6999969482422,136.67999267578125,827900.0,0.470194304228907,0.4916956793519484,0.1581855853514782,0.780136771952307,0.5966245270404362,0.4212262544351854,0.39701989327351395,0.6224654758825131,0,0,-0.008622007374746872,0.09221098247045435,-0.07328661671752744
2017-04-12,137.24000549316406,137.27999877929688,134.72999572753906,134.8800048828125,947200.0,0.46696016315634364,0.4917910675455884,0.10681145735091696,0.7803095922109752,0.5785778489499809,0.4204991947700689,0.42844223616758537,0.616034236572106,0,0,-0.01836413447562144,0.08969853061023995,-0.07067606218727195
2017-04-13,135.07000732421875,136.41000366210938,134.3000030517578,134.42999267578125,989000.0,0.4632269536291634,0.4920256081854269,0.09505407832100293,0.7804874453075098,0.5551937209323318,0.42393136898898187,0.4602919252733564,0.6093191862363875,1,0,-0.005708809642540706,0.10698392759044181,-0.05864474626155156
2017-04-17,134.97999572753906,136.35000610351562,134.42999267578125,135.97999572753906,733900.0,0.45965545604798047,0.4921973055640983,0.20574229658633797,0.7806256733352149,0.5557901431581351,0.44422011289012475,0.4898666365858583,0.6143021745492123,0,0,-0.005058340495645632,0.10801164221945869,-0.051922904915820696
2017-04-18,135.7899932861328,136.33999633789062,135.08999633789062,135.42999267578125,707400.0,0.45594176494677713,0.4921075287428521,0.18757798619172222,0.780756682065152,0.5490488546821871,0.453840064049877,0.5173288685188956,0.6094991142787499,1,0,-0.010957422276733039,0.10082370307863303,-0.05633172998967075
2017-04-19,135.61000061035156,136.72999572753906,135.5800018310547,135.92999267578125,887500.0,0.45319831574191943,0.4920233632939995,0.22254322689469036,0.7809234231322365,0.5527678690398306,0.4688701236513346,0.5345163203054397,0.6155250062635328,0,0,-0.009672876241896267,0.102562210299317,-0.04075909747463253
2017-04-20,136.6199951171875,137.2100067138672,136.02999877929688,136.8699951171875,1227000.0,0.4507392493228684,0.49183258690671966,0.2860438569022027,0.7811601928265478,0.5632694730638075,0.4855632682954225,0.5403493233161272,0.6238560141117904,0,0,-0.017067550874980974,0.09475469415740902,-0.053777664624977045
2017-04-21,136.7899932861328,137.10000610351562,136.1300048828125,136.5399932861328,811700.0,0.4479484036960821,0.4915699894049131,0.2721040486617612,0.78131522811622,0.5616655018929333,0.48848606171742714,0.5457656832546227,0.6183447842255388,0,0,-0.01819237468550416,0.09286189206761448,-0.0520931531992733
2017-04-24,137.9199981689453,138.5399932861328,136.92999267578125,137.92999267578125,999600.0,0.4455395202222849,0.4913679919851965,0.36215269147946183,0.7815137514461125,0.5673700511081666,0.5189804768264485,0.5218377276967296,0.6251318057782024,0,0,-0.026512342867935027,0.08481032957712009,-0.061520391896324265
2017-04-25,137.52000427246094,139.33999633789062,137.50999450683594,138.19000244140625,1056100.0,0.4432170700223704,0.4911996610874912,0.3780868234586189,0.7817248749556828,0.5563025729381316,0.539866731962197,0.4858318456182158,0.6323024474966578,0,0,-0.023345185178629508,0.08685562505393069,-0.06923804508716305
2017-04-26,138.67999267578125,139.08999633789062,137.3000030517578,137.3000030517578,1433800.0,0.4404764115950716,0.49084392199582266,0.33329041299537565,0.7820041837982584,0.527253963204784,0.5380581849063972,0.45532541186138376,0.6225673219442277,0,0,-0.03169541606948441,0.07829804713120637,-0.056805779767281114
2017-04-27,126.01000213623048,130.0500030517578,125.3000030517578,126.98999786376952,3780000.0,0.4362636584206025,0.4892604884267386,0.05564021411867387,0.7825232986469673,0.5080311314682041,0.23408839863224462,0.5036163343632891,0.5969021143921386,1,0,-0.005171151265051591,0.17108519549642343,0.02396213286526368
2017-04-28,126.95999908447266,129.67999267578125,126.68000030517578,129.1300048828125,1684200.0,0.43254160774942435,0.4876894000481555,0.1582508427792405,0.7827741290375964,0.5229986334776018,0.30690472300796057,0.5484579052579155,0.6083373902014583,0,0,-0.013071864403806388,0.17749430108430647,0.013544323334454603
2017-05-01,128.91000366210938,130.3000030517578,127.11000061035156,127.4000015258789,1277400.0,0.4283121269265375,0.48591182532317606,0.12630841218399713,0.7829519515713624,0.5037987710835709,0.3441406556594974,0.5820295198453681,0.5996641795858396,1,0,-0.027956326754790328,0.15945168093640488,0.009525251150228817
2017-05-02,126.1500015258789,127.68000030517578,125.5999984741211,127.5,1151500.0,0.4245426755791963,0.48413312815248294,0.13109094790413872,0.783112754518546,0.5228635342777901,0.3598540182482158,0.6185012109667054,0.6074825622568001,0,0,-0.006671887472061347,0.1828100520924752,0.028492913735802455
2017-05-03,126.66999816894533,127.79000091552734,126.29000091552734,126.98999786376952,977800.0,0.421074336793197,0.48210642356191163,0.12117848255664465,0.7832464447592816,0.5306896070717559,0.39954761668704164,0.6508658282391923,0.6008435569804952,0,0,-0.010745059742647282,0.16886273552389694,0.021019670075061163
2017-05-04,127.12000274658205,127.6999969482422,125.97000122070312,126.41999816894533,1130000.0,0.4178206772946566,0.4800393203435723,0.10988997492241559,0.7833972737762956,0.5336590196179823,0.4200916949572767,0.6821162288892602,0.593171153664659,0,0,-0.014331834990474447,0.16599727975642642,0.01630049397311455
2017-05-05,126.98999786376952,128.72000122070312,126.62999725341795,128.57000732421875,1109300.0,0.41510790111754386,0.478285313553881,0.22019065853511244,0.7835584120236806,0.5479372083463339,0.4561687016740491,0.696276002060444,0.600703009415329,0,0,-0.01336809710875997,0.16769502360936156,0.028792968452495512
2017-05-08,128.5800018310547,129.83999633789062,128.08999633789062,129.75999450683594,1221700.0,0.41308098405097,0.47664128075888196,0.27540935152612667,0.7837437717908912,0.5764976537687947,0.4843886267149411,0.694040655691319,0.6089980316551139,0,0,-0.02551138362328642,0.14746823034135917,0.0021000564445801096
2017-05-09,129.97999572753906,131.49000549316406,129.52000427246094,130.83999633789062,1022500.0,0.4114025738405496,0.47520822323695916,0.3233504894739714,0.7839048913016048,0.5851165338330667,0.5109015124084747,0.6714028459859639,0.6159405381953286,0,0,-0.03606652954608992,0.13532674400405176,-0.00762939485422717
2017-05-10,130.58999633789062,131.6699981689453,129.4600067138672,131.60000610351562,1251700.0,0.4099862457208681,0.4738986090582937,0.35629759827548313,0.7841072288821896,0.6013855236890486,0.519455578890456,0.6482243523354162,0.6244392525585428,0,0,-0.04043101065572921,0.09867016220918909,-0.01253438883789927
2017-05-11,131.13999938964844,131.47999572753906,129.63999938964844,129.94000244140625,977500.0,0.4086089459446723,0.4721995892659487,0.3028632537488781,0.7842561681269634,0.6044059945034114,0.5140769029102791,0.6267014653741932,0.6178022842034722,0,0,-0.04437686981030183,0.09050154338701968,-0.008738555039122095
2017-05-12,129.6300048828125,130.25,129.0800018310547,129.16000366210938,899000.0,0.407139644102178,0.47074745444776783,0.27919221392797844,0.7843891914258166,0.6059602487467526,0.5037849537119081,0.6111880353160004,0.6116983102380414,0,0,-0.03332308565260514,0.10327842016931454,-0.004540646341343121
2017-05-15,129.63999938964844,131.77999877929688,129.3800048828125,131.72000122070312,1065200.0,0.40595193426793136,0.4694961954597651,0.39059002587950375,0.7845617442646385,0.6155313446977061,0.5317756740018893,0.5767914480946846,0.6189307385672703,0,0,-0.03360170497706349,0.10281819760580202,-0.014245867805208371
2017-05-16,131.4600067138672,131.92999267578125,130.22999572753906,131.3800048828125,782200.0,0.4048227754573815,0.46837847925791803,0.37876659733169726,0.7846869088771523,0.6257466650826682,0.5393000656622148,0.5429783597893354,0.6136198059357243,0,0,-0.046765894359414785,0.07675372393454337,-0.01905564638903517
2017-05-17,129.89999389648438,130.6199951171875,127.70999908447266,127.87000274658205,1082200.0,0.4025756060566987,0.46661324886726424,0.27131483935897593,0.7848390319581816,0.6152371847636803,0.4956038752431182,0.5330910451134157,0.6062719520698854,0,0,-0.03501286857790611,0.08562946857883513,-0.019637647326634238
2017-05-18,126.88999938964844,128.02000427246094,124.2699966430664,125.9000015258789,1271000.0,0.39951711167387444,0.46470774272852283,0.22221744928551612,0.785003757741293,0.6035319902171402,0.44448539042162416,0.5452815657222345,0.5976421957739316,0,0,-0.020489580748461068,0.09736448487387692,0.0013294609000848775
2017-05-19,126.44000244140624,127.51000213623048,126.38999938964844,127.1500015258789,655600.0,0.3968991304677362,0.4628437593756137,0.27668208314931353,0.7850931853600872,0.6096695161976945,0.4704339841797308,0.556601334858995,0.6020935476446061,0,0,-0.017235947355360295,0.10246222192326804,0.01088161318970218
2017-05-22,127.54000091552734,129.22000122070312,127.25,128.5500030517578,662100.0,0.39428393791204014,0.46089336653859964,0.33437854210299434,0.7851885649885045,0.609150788045589,0.5081283035883705,0.5455363439653252,0.6065890328086904,0,0,-0.025717689604552556,0.09280373795325218,0.01077469705183758
2017-05-23,128.61000061035156,128.80999755859375,124.94000244140624,125.98999786376952,740700.0,0.39088250971971245,0.4586152889033592,0.2651935994673559,0.7852847767566066,0.6079982985421732,0.4572326470705049,0.5493677641141161,0.6015598742812215,0,0,-0.03376121247961192,0.08346943191606823,-0.01135744107205365
2017-05-24,126.2699966430664,126.91999816894533,125.52999877929688,126.8499984741211,717100.0,0.38796899112599964,0.4565638956441364,0.3005355538127711,0.7853812725713017,0.6434680877952315,0.4493914064046513,0.5529255113951363,0.606428795004926,0,0,-0.01587427600532671,0.10373839127258777,0.010794512528066633
2017-05-25,127.0,127.8499984741211,126.41999816894533,127.58000183105467,376300.0,0.3881334874682048,0.45444292701798933,0.33044322223522926,0.7854334024915796,0.6660679190974396,0.4903931883814326,0.5445711609573292,0.6089837732064739,0,0,-0.02152150878811833,0.09728022456703561,0.006937305983472159
2017-05-26,127.4000015258789,127.4000015258789,126.4000015258789,127.16000366210938,353500.0,0.3875842403225683,0.45212444904263055,0.3176864758361977,0.7854815448377098,0.6510032577615594,0.48231679989187787,0.5369541599162428,0.6065836010187322,0,0,-0.02453366388062408,0.09358829472210718,0.009797714004274328
2017-05-30,127.0199966430664,129.0800018310547,126.81999969482422,128.0,488800.0,0.38775152318809863,0.4497913835538688,0.3542520630142232,0.7855503539694214,0.6692063053737666,0.5277103089357396,0.5092564279689457,0.6099024246831399,0,0,-0.021626296955034093,0.09688580795861744,0.018323445999895844
2017-05-31,128.55999755859375,129.0,126.4800033569336,128.1300048828125,1105400.0,0.3879271720049549,0.44747739536136505,0.3600341175066665,0.7857066705556505,0.6587966057478443,0.5206122950534694,0.48642135102366146,0.6174078004577641,0,0,-0.03351563215255737,0.08421874046325684,-0.0021094083786010742
2017-06-01,128.85000610351562,130.08999633789062,128.5800018310547,130.08999633789062,721000.0,0.38879146858279184,0.44571777548692976,0.44331957130713695,0.7858163375961315,0.6722118942217407,0.5939669375100272,0.45240321890770485,0.6223032011575145,0,0,-0.035745019011261946,0.08186989646936428,-0.039100987861564095
2017-06-02,129.83999633789062,130.38999938964844,129.05999755859375,129.30999755859375,509400.0,0.38959721626404914,0.4438796015360355,0.41256023442697287,0.7858916029841324,0.6760383301481074,0.5884339853207046,0.4173622622502481,0.6188445089016853,0,0,-0.04281651050521149,0.07302636841748442,-0.025059532620545017
2017-06-05,129.00999450683594,130.33999633789062,128.82000732421875,129.66000366210938,580900.0,0.38990111322159887,0.44198419569636743,0.42763446408447203,0.7859785192034422,0.6608699681662088,0.585349684150769,0.38733056487453854,0.6227886673850209,0,0,-0.03665608192144396,0.07988556202991105,-0.018405361521560186
2017-06-06,129.35000610351562,129.94000244140625,128.8000030517578,129.52000427246094,617700.0,0.3898342026279272,0.44007083414998,0.4215568446977448,0.7860704293518886,0.644703094156344,0.5758873490192741,0.3596646647582047,0.6185946465636121,0,0,-0.03917946411360278,0.07704758562562328,-0.013188390140134662
2017-06-07,129.44000244140625,129.89999389648438,126.91999816894533,127.97000122070312,879900.0,0.3890340322475538,0.4379891417058874,0.35655346998187154,0.7861937943628144,0.6343355861793223,0.5263130883408019,0.3532041169899687,0.6126203565834313,0,0,-0.03991665864574953,0.0745058182378102,-0.01698582848259299
2017-06-08,128.24000549316406,130.99000549316406,127.6999969482422,130.8300018310547,687600.0,0.38881935083297775,0.43615994560835264,0.48153707293609305,0.7863009505298274,0.6249216366958626,0.6092338911529855,0.33259836069651805,0.6172889800524304,0,0,-0.031022964852917292,0.02883478274141188,-0.010471235090278088
2017-06-09,130.97000122070312,131.69000244140625,128.08999633789062,129.3000030517578,675200.0,0.3886409154927967,0.43472352160546385,0.41915734658681736,0.7864004529871335,0.6323858322416611,0.6049369210570014,0.3046450523423069,0.6127045493277821,0,0,-0.05121153010674621,0.007337701151436161,-0.031949860480576624
2017-06-12,128.19000244140625,128.94000244140625,126.9800033569336,128.67999267578125,795400.0,0.3885070857969852,0.43317487700410456,0.3950960754267526,0.7865149039186755,0.6555996476830914,0.529263146150905,0.2904019844476744,0.6073039921619271,0,0,-0.030317136162562156,0.0289249044555545,-0.001314757656094281
2017-06-13,128.5800018310547,130.52000427246094,128.5800018310547,130.13999938964844,554000.0,0.38806657262029914,0.43177997407469754,0.4565787854985376,0.7865990239062158,0.6440820968629375,0.6205829390317776,0.25800093446322914,0.6110655067079211,0,0,-0.03349398067536154,0.026033501984781052,-0.002953099972347297
2017-06-14,130.74000549316406,132.1999969482422,129.02999877929688,129.77999877929688,702700.0,0.3876204821427291,0.43051861393144614,0.44122540913496866,0.786704289670289,0.6330543180929604,0.6615165864686634,0.2429271666150247,0.6062943582034627,0,0,-0.049715759032132684,0.011218621960392104,-0.09005693026789645
2017-06-15,129.1300048828125,130.36000061035156,128.42999267578125,129.35000610351562,574700.0,0.38803311519634615,0.42938743180573474,0.4224143511523506,0.78678898822664,0.649032703176993,0.6006384903077114,0.22192132976990006,0.6023922960923024,0,0,-0.03744805274664084,0.023655355943179645,-0.05709665381266327
2017-06-16,129.75999450683594,130.19000244140625,128.0,129.19000244140625,845100.0,0.3889503854969962,0.4283886691642899,0.41515533205180155,0.7869127374005817,0.6531176799895788,0.5795902288302025,0.19739263489206707,0.5966542889752996,0,0,-0.04244296563369329,0.018863566496112694,-0.06965592641430153
2017-06-19,129.83999633789062,131.07000732421875,129.58999633789062,130.6300048828125,687300.0,0.38992062952045886,0.4275279373795054,0.4829963998887502,0.7870187563802914,0.6538768886435037,0.6502715647276265,0.18412546477265754,0.6013208755230645,0,0,-0.04311478898957739,0.018267672155373896,-0.06726522678063297
2017-06-20,130.72999572753906,131.2100067138672,128.72999572753906,128.85000610351562,590400.0,0.3900042720167824,0.42660997370594717,0.4007476210016745,0.7871040269510304,0.6411644819951663,0.5938724981602999,0.1613066904034153,0.5973122145339762,0,0,-0.049452643673005205,0.011253166697971538,-0.08918313910296136
2017-06-21,129.2899932861328,129.94000244140625,128.52999877929688,128.99000549316406,519700.0,0.3908406905986677,0.4257267981439387,0.40762366861026766,0.7871794576103165,0.6438634428058895,0.5605109452020485,0.13769292366641286,0.600840841085516,0,0,-0.03896000314531174,0.022584427817345494,-0.07497086204989546
2017-06-22,129.19000244140625,129.33999633789062,127.94000244140624,128.9499969482422,488400.0,0.3914261816915821,0.424859333397222,0.4057195985527414,0.7872502144392602,0.6365502367581642,0.519617829932465,0.12155227806738092,0.5975247333160875,0,0,-0.038142534993539354,0.023335098679373688,-0.07295141686468155
2017-06-23,129.61000061035156,130.64999389648438,129.10000610351562,129.99000549316406,883100.0,0.39209810393126204,0.4243105747391966,0.4600745318660867,0.787383127902907,0.6347900426058534,0.6143157366848713,0.10966587712309864,0.6035207504561007,0,0,-0.04141143151347666,0.020085276457433302,-0.07413724532642638
2017-06-26,130.39999389648438,130.49000549316406,128.86000061035156,129.0399932861328,325300.0,0.39262225535003753,0.42370570578193617,0.41123896893793155,0.787430375131812,0.6273284589312995,0.5638467231833987,0.09545071317333584,0.6013120488643825,0,0,-0.0471574505298435,0.013847241908551742,-0.09062228365335225
2017-06-27,128.69000244140625,129.47000122070312,127.73999786376952,127.8000030517578,711700.0,0.3925664951038999,0.42278774210837805,0.352783267366623,0.7875288739461425,0.6156576449569221,0.4262150976310855,0.08364408616827976,0.5964797927228952,0,0,-0.034252991539909176,0.027200826793697116,-0.0779603666413813
2017-06-28,128.6699981689453,129.60000610351562,127.93000030517578,128.9499969482422,602000.0,0.39279511338933476,0.42206055310974905,0.4158319572109941,0.7876159456244337,0.6120951180429772,0.471439615385299,0.07090343918582484,0.6005672146663761,0,0,-0.03442880610962855,0.02762127304384538,-0.09593109713675636
2017-06-29,128.75999450683594,128.8000030517578,125.95999908447266,127.31999969482422,655700.0,0.39202282313203024,0.4210943345446017,0.3422175284104536,0.787704892361668,0.5993194508345163,0.33447018959609603,0.08150869007710629,0.5961151838219568,0,0,-0.03481968181489544,0.026677026156014524,-0.08483904669189564
2017-06-30,127.8499984741211,127.8499984741211,126.38999938964844,127.05999755859376,683200.0,0.3913955107909542,0.41999345074758493,0.33115008661051637,0.7877965558771219,0.6037857227562002,0.3531646485137703,0.09135642304758193,0.5914764351977273,0,0,-0.022855765313304147,0.03416586934140504,-0.06943132547187693
2017-07-03,127.75,129.32000732421875,127.08000183105467,127.80999755859376,284500.0,0.3908797189421534,0.41901376540239804,0.3748438195052456,0.7878358823854154,0.601051822438196,0.4574272317228418,0.07931549993516882,0.5934081155015817,0,0,-0.022115517177606844,0.03502280051744901,-0.07232805460403273
2017-07-05,128.30999755859375,129.32000732421875,127.4800033569336,128.91000366210938,468600.0,0.39070964742618114,0.4180015368370889,0.4350340653142998,0.7879034620623057,0.6027106080264861,0.5061150469540281,0.06813464275935655,0.5965897864695471,0,0,-0.026367226207343906,0.030435798951213417,-0.07573742657132948
2017-07-06,128.19000244140625,128.75999450683594,126.75,127.1500015258789,713800.0,0.39048102701362924,0.4167626213272367,0.3520948884172531,0.7879994890003884,0.5998120882389151,0.4261597661798362,0.0669231747451011,0.5917432718794197,0,0,-0.020634579059369246,0.031106930361639563,-0.08052132951620952
2017-07-07,127.97000122070312,129.10000610351562,127.1500015258789,127.62999725341795,612000.0,0.3895888481856062,0.4156774474893365,0.3787967877350631,0.7880833917034796,0.583918473162869,0.46859997704519696,0.06060972497316977,0.595898591197377,0,0,-0.01580811727966336,0.03326775994318906,-0.09036569190627156
2017-07-10,127.26000213623048,128.30999755859375,127.0,127.87999725341795,500100.0,0.389192942780407,0.4157773237534809,0.39299998577415385,0.7881526119387842,0.5906262490533312,0.458923616595061,0.05677786142604824,0.5992941388949431,0,0,-0.010185717149053785,0.03870559365603536,-0.08736191934361513
2017-07-11,128.08999633789062,128.75999450683594,127.06999969482422,128.64999389648438,634200.0,0.389184578956198,0.41572345663332294,0.43655326844644915,0.7882430308064866,0.590067810516709,0.49425136258596275,0.04585897630724556,0.6036001903842381,0,0,-0.01665621910514264,0.03213951124980737,-0.08711291545911161
2017-07-12,129.4199981689453,129.75999450683594,128.30999755859375,129.35000610351562,952800.0,0.38896432449497204,0.415942287314045,0.4745607993868153,0.7883824477518698,0.5913820999255338,0.5776123503212447,0.03903996862749609,0.6100694522243519,0,0,-0.026894669635636942,0.02160900824864201,-0.10485813061618943
2017-07-13,129.5500030517578,130.0,127.08999633789062,128.2899932861328,842000.0,0.38854890279091286,0.41603094083340236,0.41514196053128716,0.7885007007704977,0.5951808502759443,0.5266487403705742,0.03229565184343877,0.6043524932934369,0,0,-0.027754184753668774,0.02048700248505323,-0.09300352409001116
2017-07-14,123.54000091552734,124.31999969482422,120.1500015258789,123.83999633789062,2142500.0,0.38701268184627885,0.415677445776986,0.23411583009477088,0.7887492320750386,0.6237804400620524,0.17010501783038112,0.08449391292459976,0.5898054808118625,0,0,-0.026424503601676242,0.06750328541525401,-0.04630136996077246
2017-07-17,124.31999969482422,126.83000183105467,123.61000061035156,126.58000183105467,907500.0,0.38628499936046096,0.4156954014837054,0.3709474042714299,0.788867972515377,0.6356100577311804,0.39427744910145035,0.10288596095250743,0.5959671675455982,0,0,-0.033672466830245225,0.0636304706592354,-0.053375329504343164
2017-07-18,125.9499969482422,126.75,125.23999786376952,126.62999725341795,568900.0,0.385169775293653,0.4154776923925218,0.37322492403035024,0.7889425282408525,0.639020075659587,0.44124831256910046,0.11996429126413602,0.5998298491795621,0,0,-0.04582078794804019,0.04937588805174621,-0.0648601593119781
2017-07-19,126.94000244140624,128.0399932861328,126.77999877929688,127.63999938964844,703000.0,0.38483241878503344,0.4152397852717172,0.41965129341709173,0.7890384943421737,0.6524989235660613,0.5230440806197963,0.12151514367959307,0.6046030346052549,0,0,-0.05362079335703418,0.04153829756711912,-0.06554531494735358
2017-07-20,127.93000030517578,128.60000610351562,126.93000030517578,127.23999786376952,542300.0,0.3843445070593016,0.41483579128845943,0.4025526896377243,0.7891113092365664,0.6497624510687894,0.5337949091130262,0.11698127173868303,0.6009209599873983,0,0,-0.060952670138666815,0.0334534367242617,-0.06698529530431217
2017-07-21,127.0,127.76000213623048,126.3000030517578,126.9000015258789,479600.0,0.38377295709148024,0.41430835396194426,0.3876354528568753,0.789174793979785,0.6446143514802006,0.5003508733048548,0.1181413739170871,0.5976646019075088,0,0,-0.05383526083877412,0.04086762838372258,-0.0662527542180677
2017-07-24,126.52999877929688,127.52999877929688,125.31999969482422,126.79000091552734,563500.0,0.3828807782634573,0.413954858905528,0.38259388624456503,0.7892490207343882,0.645554328358332,0.48013746920532746,0.12732052218546655,0.5938385848557622,0,0,-0.05027578547441457,0.044680836097460735,-0.07943263758747114
2017-07-25,126.52999877929688,129.22000122070312,126.30999755859376,128.02000427246094,682300.0,0.3825963997318846,0.4138269274917659,0.4475719008594037,0.7893434360363863,0.6519197252137542,0.5754029992875326,0.1168899300609619,0.5984712227162888,0,0,-0.050319403796428575,0.044719600347056514,-0.07847619588607223
2017-07-26,128.67999267578125,128.7899932861328,127.16000366210938,128.1999969482422,1315300.0,0.38270792022416006,0.41343191050569267,0.45681328785041975,0.7895266149284762,0.669417633648549,0.5912811602590607,0.10720438023106474,0.6074017643811732,0,0,-0.06663014267479817,0.02749573625204248,-0.1017027697168471
2017-07-27,118.25,120.0,115.62999725341795,119.0199966430664,3845900.0,0.37993938167379254,0.41204486298393145,0.15338265221267378,0.7898691041877733,0.7033331619442038,0.15885914772735915,0.16173830088796973,0.5812891131312844,0,0,-0.020436839383387907,0.10109209845846949,-0.020982858856792817
2017-07-28,118.7699966430664,122.70999908447266,118.7699966430664,121.72000122070312,1458500.0,0.3783780713836486,0.4113547061321046,0.2700679304318806,0.7900201893008746,0.7161864732186137,0.3506206970394253,0.18909070948452486,0.5911919451986711,0,0,-0.026382116267950464,0.10452033626002864,-0.010250324531324708
2017-07-31,122.1500015258789,122.1500015258789,120.01000213623048,120.75,805200.0,0.3766188094544635,0.41077676987874795,0.2468375675573402,0.7900992882229853,0.7129071893814647,0.38884393628667585,0.2144893746098975,0.5857248486058293,0,0,-0.053565594865866435,0.07443316708123136,-0.03754518278830686
2017-08-01,121.08000183105467,121.43000030517578,119.9800033569336,121.1500015258789,863400.0,0.37476196603097894,0.41010344628792655,0.2638725977776194,0.790185936015383,0.7236405413363407,0.4143798871020372,0.23820609899148673,0.591587107918124,0,0,-0.04513461347939311,0.08389237998188417,-0.037598351267307074
2017-08-02,120.06999969482422,120.25,118.97000122070312,119.08000183105467,1063300.0,0.3720213076036802,0.40904071708342554,0.2134627659608221,0.7902806110819655,0.7041826795086328,0.40801644949434523,0.26480005098817216,0.5843675800900455,0,0,-0.036648802191371274,0.08732970753946015,-0.026083334650555786
2017-08-03,119.04000091552734,120.4000015258789,118.55999755859376,119.62999725341795,889600.0,0.3699246891658757,0.40832699400866096,0.2382622555878463,0.7903624283415472,0.7139898394367746,0.4312981317175464,0.29136493783738615,0.5904077305234684,0,0,-0.02863624126364516,0.0974974202421391,-0.020322456598368906
2017-08-04,119.81999969482422,120.83999633789062,119.63999938964844,119.77999877929688,507500.0,0.36773606653465557,0.4075335944117235,0.24529688001971883,0.790409495731102,0.7126525184443363,0.455763433982874,0.3113936084725839,0.593853522278147,0,0,-0.03502468057848719,0.09052908509826729,-0.024408578416663676
2017-08-07,119.83000183105467,120.54000091552734,119.83000183105467,120.0500030517578,580400.0,0.3655530212043194,0.4066885734422308,0.25862659383684006,0.7904641562593263,0.705954993943299,0.4666645163125178,0.3299916597766961,0.5977942858927588,0,0,-0.03506432309600808,0.08899652505216,-0.025630319970873283
2017-08-08,119.68000030517578,120.5,118.43000030517578,118.62000274658205,912300.0,0.36275660465800014,0.40573020942855403,0.21794713078590555,0.790542946176971,0.6838325895125469,0.4585106970114212,0.35468488354711625,0.5916000084192744,0,0,-0.03373596792006517,0.08596417686365991,-0.023740094974361418
2017-08-09,118.08999633789062,118.87000274658205,117.83000183105467,118.62999725341795,737400.0,0.35976780739217246,0.40467870211266505,0.21849046762718927,0.7906066364463752,0.6835436125274147,0.45339370250188327,0.3806770349799349,0.5966067608131661,0,0,-0.02073848446731345,0.10040468206322439,-0.003203483768498885
2017-08-10,117.66999816894533,118.44000244140624,116.31999969482422,116.41000366210938,841100.0,0.35645560112416946,0.40336347656160604,0.1592446898174698,0.7906691091244403,0.6729280864708416,0.43629948301607013,0.4121673975725515,0.5908959126459539,0,0,-0.017196332822713573,0.10393662746796888,0.01736496026032669
2017-08-11,117.12999725341795,117.9499969482422,116.5,117.81999969482422,777900.0,0.35477719304086613,0.4019865301950935,0.23570333912619196,0.7907328096386063,0.6556794276841862,0.4538440677795217,0.4414084485514098,0.5961776494064751,0,0,-0.012885490531843694,0.11055753235725685,0.014431752017224941
2017-08-14,118.9000015258789,119.86000061035156,118.5,119.01000213623048,752000.0,0.35266663560508554,0.4008306585445553,0.2955725604061046,0.7907992138043752,0.6393907701831612,0.489062010280972,0.44418418120912806,0.6012835319671024,0,0,-0.027754237658554344,0.09421149637474249,-0.0024613895457350214
2017-08-15,119.43000030517578,119.66000366210938,118.29000091552734,118.55999755859376,656400.0,0.3504166754268437,0.39958500921659573,0.2809724595873483,0.7908555469340149,0.6244403846924294,0.4875976573148751,0.4481021980694704,0.5968267483064698,0,0,-0.03193011497813412,0.08881606171828116,0.013696304715229975
2017-08-16,118.87000274658205,119.08999633789062,118.0999984741211,118.62999725341795,613500.0,0.34790463741209704,0.3983629261115738,0.28473518976915035,0.7909084092538122,0.6208010994346193,0.48570336267322906,0.4530141476917521,0.6009922522305985,0,0,-0.027327982117769878,0.09387649698556529,0.0215924224975507
2017-08-17,117.95999908447266,118.79000091552734,117.37999725341795,117.80999755859376,590900.0,0.3452755016041909,0.3972227644201523,0.2561824191967744,0.7909566766277888,0.6226862200869863,0.4736459962367148,0.462465472871613,0.5969801963727864,0,0,-0.019640916167917806,0.10149204412276465,0.021916872075508687
2017-08-18,117.68000030517578,117.91000366210938,116.2699966430664,116.4800033569336,471300.0,0.3423703489618039,0.3956123990033396,0.2128569904197672,0.7909917625971111,0.6181611272839129,0.44707530074178015,0.4784080747207843,0.5937801931137126,0,0,-0.01740092601850909,0.10457516297542377,0.05126900127914272
2017-08-21,116.6999969482422,116.6999969482422,115.66999816894533,116.11000061035156,526900.0,0.3393927062977444,0.3941322090355413,0.20125081691746383,0.7910299180313763,0.6136756990774459,0.42603244293482856,0.49692004150948454,0.5902026804525496,0,0,-0.00918612348889973,0.1141827152168098,0.00961540791812956
2017-08-22,116.23999786376952,117.2300033569336,115.98999786376952,116.9499969482422,581800.0,0.3363063275376173,0.39281586189494383,0.25431296065094555,0.7910746823887324,0.6170793233931441,0.4411235459423073,0.5059490734203298,0.5941529496995881,0,0,-0.005253644019851802,0.11850832885969115,0.02678495042634864
2017-08-23,116.58000183105467,116.79000091552734,115.77999877929688,115.93000030517578,437600.0,0.33288538517354666,0.39122120729342297,0.21885399666393923,0.7911059217844746,0.6056340753824406,0.41521799474766197,0.5158292397582237,0.5911817605924997,0,0,-0.008123168896337433,0.11474988045433236,0.030098304702173208
2017-08-24,116.26000213623048,118.13999938964844,116.26000213623048,117.5199966430664,569000.0,0.3324671769461626,0.389845382516449,0.31433240918510197,0.791151429818492,0.572747957398696,0.4794034465847518,0.5042591658306543,0.5950451212002084,0,0,-0.005434355914380183,0.11179159018680718,0.02363493363716646
2017-08-25,117.63999938964844,118.9499969482422,117.5,117.5999984741211,408000.0,0.3313184975825187,0.38852678962824866,0.3189460780254665,0.791184227587929,0.5543657026390372,0.5211570888219714,0.48214831450501716,0.5978153340788466,0,0,-0.017103490415637888,0.09853643772834382,-0.011402283663779341
2017-08-28,117.58999633789062,118.37000274658205,117.12999725341795,117.70999908447266,262800.0,0.3304709286530995,0.3872384967810935,0.32568422692403887,0.7912055051441819,0.5583138749415844,0.5123674327911782,0.46520191772889274,0.599599677080087,0,0,-0.01666665909782291,0.09889460062681706,-0.010119003634796708
2017-08-29,117.1500015258789,117.83999633789062,116.33999633789062,117.73999786376952,281700.0,0.3295202009284968,0.38579197247913116,0.32764230511833237,0.7912283546276745,0.553436925384441,0.4932016526599453,0.45698180716308556,0.601512346119088,1,0,-0.012913127892985076,0.10254013922948364,-0.009854758908603265
2017-08-30,117.91999816894533,119.22000122070312,117.55999755859376,118.63999938964844,478600.0,0.3293975258344533,0.384646199415316,0.3862237482152684,0.7912694981806033,0.5709220633528911,0.5723395766707935,0.42961058681639774,0.6047619144615297,0,0,-0.01944964291724386,0.09597420805827099,-0.01894000142686682
2017-08-31,118.33999633789062,119.73999786376952,118.08999633789062,119.37999725341795,665500.0,0.3293278244632227,0.38356775853934794,0.4314940780792982,0.7913293537226364,0.5748477084954664,0.6159386375279536,0.3973055091588581,0.6092804847329358,0,0,-0.022842204133634907,0.09170604297695066,-0.013823326012184018
2017-09-01,119.91000366210938,119.91000366210938,118.3000030517578,118.56999969482422,379200.0,0.32899047008172017,0.3824029090354502,0.38580222030611133,0.7913617847573061,0.5771865731440378,0.6142834030041854,0.3650130380390225,0.6067058162927897,0,0,-0.03585195599900954,0.077986243699023,-0.03451166729243724
2017-09-05,118.16000366210938,118.47000122070312,116.12000274658205,116.4499969482422,735700.0,0.3279867686343047,0.3808834411732471,0.2843172032310761,0.7914162409505355,0.5719246812623516,0.4806442212853098,0.3583187014313246,0.6017106064525591,0,0,-0.021337660581961352,0.09327821191751709,-0.015855653939877385
2017-09-06,116.62999725341795,116.93000030517578,115.9499969482422,116.58000183105467,887300.0,0.3274180051898083,0.3794851734752244,0.293106980372268,0.7914825076748008,0.5889600424977912,0.44862353665440663,0.35371929578352057,0.6077351404898524,0,0,-0.008587376781507892,0.10442246759456365,0.0009446166872847045
2017-09-07,116.93000030517578,116.95999908447266,114.93000030517578,115.66000366210938,698100.0,0.32658995468636604,0.3781228154782899,0.2529118027739615,0.7915311429293038,0.5788401044430218,0.4145678747736532,0.3589309439920153,0.6029952247776531,0,0,-0.01715560103437259,0.04957967651838889,0.003945780384694773
2017-09-08,115.20999908447266,115.91999816894533,114.76000213623048,115.55999755859376,490700.0,0.3263529683224881,0.37662018173326767,0.2485832963675726,0.7915650502884449,0.595149699508133,0.3998191977242477,0.3653141787209293,0.5996635006120948,0,0,-0.003890687653415611,0.06484523398348314,0.03691859015442696
2017-09-11,116.25,117.98999786376952,116.25,117.5500030517578,814900.0,0.3262776917774905,0.3755237868629308,0.38504784261879965,0.7916301042651618,0.5911287147207119,0.5302323677471493,0.34038037020902934,0.6051964576581789,0,0,-0.012893716642854944,0.05105574290867701,0.017480068239376548
2017-09-12,117.83999633789062,119.02999877929688,117.06999969482422,117.58000183105467,669800.0,0.32587899984896623,0.3744599360688912,0.3869208516144218,0.7916836574147709,0.5888553047875585,0.5809409773735876,0.3042403748338546,0.6097442238006099,0,0,-0.026201566326663612,0.030540228618322205,0.011144237805008648
2017-09-13,117.30999755859376,117.30999755859376,116.1500015258789,116.54000091552734,316300.0,0.32531581370535384,0.37319521030084885,0.33209029714568905,0.7917071605567872,0.5938730715211584,0.4941069535001281,0.281163409700494,0.6075966298459206,0,0,-0.02168732252638721,0.030022101754760597,0.017009695261560792
2017-09-14,116.20999908447266,117.0199966430664,116.0,116.91000366210938,721300.0,0.324836270058065,0.3718485631192063,0.3575117978305494,0.791762181865845,0.6027863794124673,0.498067353645095,0.261427343102551,0.6124940674669052,0,0,-0.012442053688442877,0.039728824584221244,0.06727307281358164
2017-09-15,116.73999786376952,117.22000122070312,116.2300033569336,116.62000274658205,1184000.0,0.3245044929774465,0.3706668803543029,0.34153521031499146,0.7918505870663436,0.6024338890413756,0.5064076373804165,0.24029461670529725,0.6044550183288963,0,0,-0.01693606762053975,0.03506969759380754,0.03797795143552179
2017-09-18,116.79000091552734,117.47000122070312,116.5500030517578,116.9000015258789,1061900.0,0.324621590770606,0.36946275381217547,0.3624582964774813,0.7919314227906694,0.6040833194804178,0.5302230192118014,0.21704045202947972,0.611665040524548,0,0,-0.0174069519077966,0.0321557186733123,0.024352566206519377
2017-09-19,117.5,117.62999725341795,116.43000030517578,116.76000213623048,614000.0,0.32480281476122913,0.36821486130513886,0.35379877769922385,0.7919776729762259,0.600677971467051,0.5230262271799865,0.1930376521820519,0.6074961417316954,0,0,-0.023438818032546785,0.0256629594597214,0.032249757004766316
2017-09-20,116.41999816894533,117.31999969482422,115.91000366210938,116.83000183105467,651400.0,0.3247693594643933,0.3668884147216431,0.35964613301560067,0.7920269661629075,0.5986236407543536,0.5004560621284424,0.17820386697577076,0.6119189767050898,0,0,-0.014217163432200289,0.0298904199153068,0.03579993344209368
2017-09-21,116.83999633789062,118.23999786376952,116.3499984741211,117.70999908447266,763900.0,0.32526563288721705,0.36558216616776845,0.4310662584248689,0.7920883734738488,0.6095970902142093,0.5628423893144476,0.15526438578007526,0.617105657141344,0,0,-0.017803596414112673,0.02627755949758711,0.03569293617208029
2017-09-22,117.62999725341795,120.91999816894533,117.47000122070312,119.7300033569336,990800.0,0.32588179488075936,0.36462155897501475,0.5620419222302548,0.7921787720400552,0.611535420305296,0.7098353901525934,0.16623688181501586,0.6238329290044683,0,0,-0.024381914361649656,0.027950054720214182,0.017160855391828937
2017-09-25,119.33999633789062,119.87999725341795,118.02999877929688,118.80999755859376,640200.0,0.32621914926226175,0.3640570895016975,0.49383633284574335,0.7922339746123911,0.6158246916474228,0.6606257540964147,0.176425628133175,0.6194861390904876,0,0,-0.038252685820165507,0.013196373396436588,0.007182832926077704
2017-09-26,119.44000244140624,119.54000091552734,118.4000015258789,118.61000061035156,391300.0,0.32647007462411565,0.3631626911949018,0.4794674420778112,0.792267281835567,0.611896940543998,0.6442778566707882,0.18588660685717998,0.6168293148272249,0,0,-0.03939062706290948,0.012456828195869615,0.00580754840661816
2017-09-27,118.88999938964844,121.7699966430664,118.83000183105467,121.05999755859376,564800.0,0.32739570874897456,0.36253762249566973,0.6125414843353885,0.7923228034482942,0.6127136880989393,0.7197704586963121,0.21617761896578505,0.6206641585376536,0,0,-0.03481997497821034,0.024281234622695214,0.020655905367463312
2017-09-28,120.5199966430664,123.13999938964844,120.5199966430664,121.43000030517578,1107300.0,0.328173576307163,0.3618407326819106,0.6293020652121731,0.7924338033384061,0.6044845531020919,0.7437703462915344,0.25467686268438106,0.6281824348134282,0,0,-0.04757966812322172,0.021642184036175405,0.0036345816147343485
2017-09-29,122.08999633789062,122.58999633789062,120.3499984741211,120.55999755859376,798000.0,0.3285025668644565,0.3610910990498826,0.5632947514877488,0.7925100069142569,0.5870203206203926,0.6969767230215537,0.2873092887216969,0.6227642243302094,0,0,-0.06036394781551945,0.008646982204718464,-0.019599746746574987
2017-10-02,120.80999755859376,124.02999877929688,120.80999755859376,123.72000122070312,621200.0,0.3299384155372321,0.3607342375125003,0.6935699907207815,0.79257987548344,0.5998796229021193,0.7328379455383518,0.32781084314045783,0.626982009232685,0,0,-0.05018244479826655,0.02670870343322749,0.00033179260399278425
2017-10-03,122.41999816894533,122.9499969482422,117.5500030517578,117.81999969482422,1405900.0,0.33032037981733836,0.3597276186072344,0.39617480961233165,0.7926932293099124,0.5873168420447049,0.5925749984133453,0.31592714795614263,0.6174363173550442,0,0,-0.06191396667585088,0.013013260543697223,-0.009699296285178148
2017-10-04,117.86000061035156,119.91999816894533,117.81999969482422,119.3499984741211,706000.0,0.3310926700746429,0.35875466536780437,0.45590529428458715,0.792755928375266,0.5884980492834415,0.5724118613019141,0.30489228814213565,0.6222298719930799,0,0,-0.02631130947335473,0.052368003606575786,0.016380922680146345
2017-10-05,119.26000213623048,120.9000015258789,118.9000015258789,120.0999984741211,558600.0,0.3323305649812603,0.35784567869143064,0.48374326216206254,0.7928077716732062,0.593749115567955,0.6023985991342862,0.3037232814276586,0.6260226193313331,0,0,-0.03770423173466353,0.03996645751194274,0.023460372502396052
2017-10-06,120.08999633789062,120.5999984741211,118.8499984741211,119.0,602800.0,0.333289656530072,0.35784343465617835,0.4388871933169882,0.792860127393869,0.582050479081774,0.5773912818202711,0.30191692928172953,0.6219297655978941,0,0,-0.04437963588158279,0.03280601574907791,0.02905916350961543
2017-10-09,118.8000030517578,119.91999816894533,116.23999786376952,116.3000030517578,932600.0,0.3329411496739186,0.3572351992179518,0.3427172022298144,0.7929275397715995,0.5597831298985613,0.48975126498125354,0.26797971633633366,0.6155976564542226,0,0,-0.033949587525439626,0.043949543928899805,0.031428553477055005
2017-10-10,116.88999938964844,117.5199966430664,115.94000244140624,116.4000015258789,1008000.0,0.33261215911662506,0.3567470397858414,0.3470721824322546,0.7930008984018636,0.5580796083152276,0.4585496090241179,0.23976162189222047,0.6224417118014464,0,0,-0.018314679256457345,0.06139294241007779,0.0478073724221603
2017-10-11,116.12999725341795,116.2699966430664,114.62999725341795,115.98999786376952,893000.0,0.33245881524907067,0.3561679810867709,0.3327749780593495,0.793063878832695,0.5698823617018717,0.4236120610063697,0.22731660919317234,0.6163784762607015,0,0,-0.012886597769214882,0.0678694280267903,0.05060136866354717
2017-10-12,115.4000015258789,116.69000244140624,115.04000091552734,115.69000244140624,987900.0,0.33211867221712615,0.3557875533264509,0.3219728567888501,0.7931319165533487,0.5566531063818798,0.4354834043508149,0.2105004794770732,0.6096708946361753,1,0,-0.006638540276251434,0.0744029434637452,0.06716097128199537
2017-10-13,115.76000213623048,116.83000183105467,115.4499969482422,116.6999969482422,989000.0,0.332140975039311,0.3554587469386861,0.37267832506576415,0.7932053535024258,0.5746349820612989,0.4576625272019663,0.1930758483900877,0.6163859449718939,0,0,-0.0097675240640162,0.07148410812122608,0.06863164183986516
2017-10-16,116.81999969482422,117.0500030517578,115.66000366210938,115.79000091552734,505700.0,0.3318315007808775,0.355010986990519,0.33678173774011455,0.7932404130089258,0.5719529833730614,0.4553202278186737,0.17392224635684064,0.612952374744621,0,0,-0.01876608824915013,0.06178234167110025,0.08440444500173977
2017-10-17,116.16000366210938,116.5,115.66999816894533,116.27999877929688,608900.0,0.3316976732121831,0.35458791485482816,0.36237623522803775,0.7932842145136588,0.581549684190339,0.45831315360743485,0.15613675875453983,0.6170866458764906,0,0,-0.013213631544986436,0.06796783016634504,0.11831761671922596
2017-10-18,116.3000030517578,117.12999725341795,115.66999816894533,116.73999786376952,536000.0,0.3316725796124392,0.3543769395817519,0.38665273873811046,0.7933240816822374,0.5824197516521571,0.47244302797212345,0.1338644259414605,0.620725945148427,0,0,-0.014361935121013957,0.06647743213526218,0.1539387176160807
2017-10-19,116.45999908447266,117.54000091552734,115.52999877929688,117.38999938964844,371200.0,0.33158336194234855,0.3542377862793779,0.42083138150060795,0.7933529786569181,0.5820840472063132,0.48593499351647773,0.11899086238519549,0.623246295688992,0,0,-0.01567587685919126,0.0648449531724172,0.13919828616373267
2017-10-20,118.0,119.9499969482422,117.75,119.4800033569336,828700.0,0.3315136605711178,0.3545823034824345,0.518560008847403,0.7934267635586151,0.5849392998952869,0.5675250903472658,0.13359937133953922,0.6288729511118535,0,0,-0.028707749928476578,0.05136722728212746,0.12377543960169868
2017-10-23,119.45999908447266,119.52999877929688,118.13999938964844,118.2699966430664,697000.0,0.33136310535400554,0.354632802409276,0.4578196667444834,0.7934842649716459,0.5769829849517796,0.5530190767260408,0.14716441536857275,0.6241405041108465,0,0,-0.040425189951038026,0.038249075714969966,0.10997662077216903
2017-10-24,118.33000183105467,119.4499969482422,118.33000183105467,119.1500015258789,641100.0,0.3315136605711178,0.35464851322456786,0.49718358904325344,0.7935401590440537,0.586279175655621,0.5648032305064935,0.15976052768124668,0.6284934047885302,0,0,-0.03128438896301966,0.048194784053681335,0.11110171440440965
2017-10-25,118.66999816894533,119.88999938964844,118.08000183105467,119.30999755859376,1045700.0,0.33102575097250303,0.35473267867342057,0.5043678741826185,0.7936321754668411,0.5877043203107535,0.5727413262659897,0.17644422890688896,0.6355934332375301,0,0,-0.03390684736709718,0.04498531717758625,0.11044904316892569
2017-10-26,119.5,127.4800033569336,118.76000213623048,124.0500030517578,2431500.0,0.3317562221087628,0.35534091496782233,0.6717032155778795,0.7939076687896712,0.6023236149732243,0.7255886857656104,0.24134732705799997,0.6521026798414732,0,0,-0.040818060902149976,0.06688461587650751,0.11097146730442121
2017-10-27,124.2699966430664,126.38999938964844,120.33000183105467,121.18000030517578,1425800.0,0.331929082275177,0.35571909869289003,0.5354682845512734,0.7940470890079293,0.5958829687503286,0.6888694309102183,0.30161448962688886,0.6424218721886243,0,0,-0.07771059373232198,0.025876716121706708,0.07158401479210716
2017-10-30,120.6999969482422,121.87999725341795,119.3499984741211,119.62999725341795,1272100.0,0.33078876673574215,0.35607259289313103,0.4730749396335818,0.7941608115855231,0.570421932803702,0.615562312130115,0.3424770379960804,0.6337846471814782,0,0,-0.05009077141061031,0.05594987944889292,0.12204991341537534
2017-10-31,119.9499969482422,121.4800033569336,119.41000366210938,121.2699966430664,944500.0,0.3317506448078788,0.3566516507360263,0.5279179073910868,0.7942534794122432,0.6048592575841248,0.6266727612414472,0.3804208329103298,0.6401975542007766,0,0,-0.04447044902587966,0.06294413258858661,0.09236816271382207
2017-11-01,120.94000244140624,121.87999725341795,119.91000366210938,120.5999984741211,993000.0,0.3320991516640322,0.35706125609167755,0.5004570547680469,0.7943472838045621,0.5942773717302156,0.6228755939897642,0.4178638927224093,0.6334553449152674,0,0,-0.05203269862833838,0.0539292578260435,0.07660586743047446
2017-11-02,119.5199966430664,121.66000366210938,119.51000213623048,121.01000213623048,953800.0,0.3323528656763281,0.3576313369373884,0.5148499429281171,0.7944394205007451,0.598805460541445,0.6178362778260096,0.44576342294870475,0.639931396492829,0,0,-0.04054725913365389,0.06600337325522672,0.09568823434109454
2017-11-03,120.51000213623048,121.4000015258789,119.5,119.6500015258789,835300.0,0.33253408966695125,0.3578703673600821,0.4572947113971767,0.7945139870550556,0.5953253703670988,0.5973271400853529,0.47149082618800087,0.6342599288028131,0,0,-0.04859106502777303,0.057598554645560886,0.09387647946793835
2017-11-06,119.5999984741211,121.41000366210938,119.5999984741211,120.1999969482422,861600.0,0.3336214293564564,0.3581621407448697,0.47872950799075253,0.794593393017771,0.6057650859602354,0.5993878841696114,0.4954515770879072,0.640109966587702,0,0,-0.041537828310250255,0.06585879467045512,0.099540291523848
2017-11-07,120.12999725341795,120.47000122070312,119.56999969482422,120.12999725341795,610700.0,0.33466137262403267,0.3584337143876855,0.4755692708984641,0.7946494203614948,0.6154971715280056,0.5836463050645961,0.5170797332060231,0.6359634739284267,0,0,-0.045757072709147285,0.061148138852952984,0.09417637256429046
2017-11-08,120.20999908447266,121.8000030517578,119.66000366210938,121.33999633789062,651200.0,0.336152981542946,0.35883770837094325,0.5246804925845502,0.794713350532723,0.6117971955034484,0.6080536498102176,0.5468671139155333,0.6403849509543316,0,0,-0.04644969581813537,0.06051780936217486,0.101140446213847
2017-11-09,120.81999969482422,122.1500015258789,120.38999938964844,120.95999908447266,794900.0,0.3376222855125573,0.35909806012514717,0.5055792005188974,0.7947897374501366,0.6105947356600112,0.6102705508810162,0.5768759155927893,0.6349877886572004,0,0,-0.05101370222699869,0.05488712595279408,0.0951870427801932
2017-11-10,120.5999984741211,120.94000244140624,119.61000061035156,119.70999908447266,698100.0,0.3384614906177675,0.35913509312812436,0.4447786183483282,0.7948521277866757,0.5867775437738227,0.5633095959823169,0.5879280618742699,0.6302478729450011,0,0,-0.04935516919551212,0.05687834767597704,0.08812827474701297
2017-11-13,119.5,121.02999877929688,119.4000015258789,120.8499984741211,503800.0,0.33987224569079916,0.35939095595564846,0.49518041325021855,0.7949002035604403,0.6004906077057065,0.5721951314076849,0.5937578760364357,0.6336685426711235,0,0,-0.04068167056910223,0.06666112620469199,0.10233063314415247
2017-11-14,120.4000015258789,121.4800033569336,119.7699966430664,121.22000122070312,424800.0,0.3412495454669949,0.35992624868980955,0.5111249607130733,0.7949415679327382,0.6006529161791807,0.5871574694949133,0.6032962104436151,0.6365528231388821,0,0,-0.04774517455783456,0.058585038646655874,0.09664874185064178
2017-11-15,120.73999786376952,121.1999969482422,119.63999938964844,119.79000091552734,436400.0,0.34209990304685606,0.3602864767081579,0.4392829673884624,0.7949807174545854,0.5903785455666797,0.5399093325743761,0.6091597558227775,0.6335897817167309,0,0,-0.05040422825295301,0.05560143066565943,0.08645440728756346
2017-11-16,120.8000030517578,122.16999816894533,119.52999877929688,122.05999755859376,598900.0,0.34340192415093723,0.36100468785342715,0.5357599110510147,0.7950416854076535,0.5943577030943906,0.607397464819959,0.6236477542327024,0.637656155474124,0,0,-0.05150685158347035,0.05576425623275811,0.09833874855384486
2017-11-17,121.80999755859376,123.73999786376952,121.19000244140624,123.58000183105467,573800.0,0.34454502621369704,0.3619046975326165,0.5904046571137662,0.7951047318077441,0.5948213560281355,0.7136564037029538,0.6491915825908069,0.6415521068215814,0,0,-0.05882353308854621,0.046452612745776896,0.10019659161199108
2017-11-20,123.58000183105467,123.9499969482422,122.12000274658205,122.54000091552734,745000.0,0.34573552682550274,0.3624646780792538,0.5374071532559551,0.7951824189195863,0.5976128920605044,0.6930394530543912,0.6743636651316989,0.6364937524230876,0,0,-0.07242275809214023,0.03155851649209865,0.10956459852333757
2017-11-21,123.2699966430664,123.43000030517578,121.22000122070312,122.4499969482422,756600.0,0.3466555836494776,0.36301119184585157,0.5328013237448855,0.7952609139892962,0.5939941738042935,0.6397548949830332,0.676920647613676,0.6313566370702012,0,0,-0.07050758385096156,0.03435618314357077,0.10535332084430388
2017-11-22,122.41000366210938,123.13999938964844,121.58999633789062,122.0199966430664,569900.0,0.34741114625836417,0.3636261602460103,0.5099181093829761,0.7953187068298558,0.5832573374440154,0.6198379015674415,0.6792949884897976,0.6274871656987896,0,0,-0.06018785569833229,0.041404653500867236,0.12421389819639736
2017-11-24,122.25,123.31999969482422,121.70999908447266,123.19000244140624,382500.0,0.3471713733711613,0.36433090546741526,0.5591822071696086,0.795359870783891,0.5798801903913875,0.6642416487382379,0.6832769073770715,0.6300842402725129,0,0,-0.055728595630511336,0.04286185462070147,0.12776591351247593
2017-11-27,123.31999969482422,124.2699966430664,122.88999938964844,123.6999969482422,672200.0,0.34787396225723505,0.3651254266538912,0.5797592537280134,0.7954340152080027,0.599379296764637,0.7156431214904997,0.6958640328935692,0.6346483017848183,0,0,-0.06323565842311399,0.03376900381252958,0.1272830586445826
2017-11-28,124.1500015258789,127.29000091552734,123.9000015258789,126.66999816894533,768200.0,0.34983675312634516,0.3662218215242283,0.6817476204512504,0.7955308729758342,0.624594857395615,0.7907756698607542,0.7278094982467447,0.6398641780920974,0,0,-0.06968474502217457,0.026919983130217914,0.1262732670326391
2017-11-29,127.2699966430664,129.99000549316406,126.0199966430664,129.86000061035156,1118100.0,0.3522316933479324,0.367691911192953,0.761662542032309,0.7956907704838961,0.6295777110472788,0.8249824461238542,0.7690463298244856,0.6474557835323066,0,0,-0.09268175600753843,0.021473189306199097,0.1147864618750109
2017-11-30,130.2100067138672,134.5,129.16000366210938,134.1999969482422,2280100.0,0.35602344751745835,0.3696411824404287,0.8389116047025281,0.7960691853974547,0.669187668142252,0.8547845567434329,0.8196028712427078,0.6629370638866766,0,0,-0.1130448780654027,0.03303552491890904,0.07939317349557988
2017-12-01,134.19000244140625,134.19000244140625,130.74000549316406,132.7100067138672,1015400.0,0.35928547296732466,0.3713244922736571,0.7622747444324219,0.7962294715383155,0.6652141427785453,0.770321021334869,0.8665482311310568,0.6560427644823402,0,0,-0.12250374676049193,0.002309966957102904,0.03994039293770468
2017-12-04,133.2899932861328,134.24000549316406,132.3800048828125,132.52999877929688,919600.0,0.36287648684736745,0.3727609154203709,0.7530807716310893,0.7963736634771429,0.6640559604105962,0.7264147444172802,0.9102560250362632,0.649798921925488,0,0,-0.11461073532964271,0.009117675025637317,0.03549096884624773
2017-12-05,132.6300048828125,133.4600067138672,131.99000549316406,132.60000610351562,743100.0,0.3663336774129499,0.37430843843219136,0.754542592477495,0.7964903947685539,0.6668543854221373,0.6854948370517924,0.9433548650259154,0.6548443758228313,0,0,-0.1097864874803783,0.014109976114174843,0.046253600546935426
2017-12-06,132.30999755859375,132.9499969482422,130.72999572753906,131.47000122070312,674900.0,0.3694953327180747,0.37575159539701247,0.6924026701341126,0.7965923071436279,0.660468461582637,0.6504206488501654,0.9509818863581605,0.6502619820194173,0,0,-0.10731519662548339,0.016515854755667213,0.06598793059759905
2017-12-07,131.27999877929688,132.32000732421875,130.8300018310547,131.8300018310547,618500.0,0.3724200037864385,0.37696021172199484,0.7016657848478346,0.7966868482199724,0.6577460843860345,0.6359362659499519,0.9580641204523881,0.6544614346307843,0,0,-0.09523082472668919,0.0244922886651351,0.08602721117806393
2017-12-08,132.6999969482422,132.77000427246094,131.42999267578125,132.74000549316406,525500.0,0.37570433418560684,0.37822942727289227,0.7250573564202552,0.7967696871316533,0.6710897593564388,0.6335948192903683,0.966907610680138,0.6580294416595205,0,0,-0.1012667699969362,0.013653971226250812,0.07153157705827265
2017-12-11,132.5399932861328,133.22000122070312,132.02999877929688,133.14999389648438,965700.0,0.3794514784565289,0.3796422841966682,0.7355370134412378,0.7969239500365292,0.6957501733070548,0.6295838229396792,0.9773896272693348,0.664586291112709,0,0,-0.09936714077272647,0.014765757365951935,0.018080526261519816
2017-12-12,133.13999938964844,136.35000610351562,132.50999450683594,135.49000549316406,1208300.0,0.3835331927127455,0.3809631211201208,0.78996316065149,0.7971318564299207,0.7004350455476107,0.6451826958696693,0.9999999999999998,0.6727903308706956,0,0,-0.1031918775336295,0.024108200232909983,0.038302713761147855
2017-12-13,134.1999969482422,134.1999969482422,130.86000061035156,131.0,1075600.0,0.38625991001495114,0.3824421886422053,0.5625431942396999,0.7972911382853883,0.6785756336706333,0.6017252534146524,0.9930572368920079,0.6654872892720112,0,0,-0.10923311552386047,0.015868396694263275,0.03461511736113168
2017-12-14,131.25999450683594,131.9199981689453,130.14999389648438,130.22999572753906,729000.0,0.3891706378311051,0.3836631484453383,0.5308792560433084,0.7973960493592963,0.6732752449410581,0.5792759941559338,0.9756192523414733,0.6605375706726797,0,0,-0.09053429756455748,0.03885505035633349,0.0739694842855439
2017-12-15,131.16000366210938,132.5,130.1699981689453,131.05999755859375,1854200.0,0.39167988719540964,0.3848930861018309,0.5570079261647728,0.7976708358653458,0.6564388719434417,0.5817978367632628,0.962906776985559,0.6731271018480987,0,0,-0.09030179315089727,0.0398525885869222,0.1027412275434333
2017-12-18,132.17999267578125,133.61000061035156,131.5,131.8699951171875,584100.0,0.3939911827935562,0.38633736465619045,0.5821698445846678,0.7977598404648146,0.6414049715708143,0.5953395915709787,0.9574560842722641,0.6770929874912667,0,0,-0.09751252394300343,0.03181759122092203,0.0980467445665158
2017-12-19,131.57000732421875,132.1999969482422,131.10000610351562,131.50999450683594,417000.0,0.39649206620653493,0.38804423900000623,0.5651737826581461,0.7978225654982213,0.6464708566091113,0.5784074223153245,0.9457753906216939,0.6742616669755997,0,0,-0.09228790664263584,0.03624781190784973,0.09524530237096157
2017-12-20,131.6699981689453,132.1699981689453,129.6999969482422,131.4499969482422,527000.0,0.3990013155708398,0.3897331584932779,0.5621954524501288,0.7979016448832167,0.6487603747561363,0.5628873081872265,0.9130849723370387,0.6706834753406921,0,0,-0.09330086803728524,0.035586709224043375,0.03429392970282199
2017-12-21,132.00999450683594,133.02999877929688,131.4499969482422,132.36000061035156,537000.0,0.4018841653910418,0.39157020999845854,0.5944663955946359,0.797984789319658,0.6544812939733279,0.5877951303610851,0.8891347148557744,0.6743295643500762,0,0,-0.0959299602412479,0.03301644501664421,0.058729565613781176
2017-12-22,132.42999267578125,132.67999267578125,131.5399932861328,132.3699951171875,253900.0,0.4044435977006002,0.3934420487590136,0.5948266687086885,0.7980241044588264,0.6509846757888526,0.5809435850386284,0.8668951900517436,0.6760534786880327,0,0,-0.09844357124370774,0.02961629955921744,0.06769421783431487
2017-12-26,132.1999969482422,132.94000244140625,131.10000610351562,131.25999450683594,272100.0,0.40655136648593865,0.39507598039876396,0.5324370406078365,0.7980646288495375,0.6451542773986391,0.5483465340478927,0.8390158995943775,0.6742059911285291,0,0,-0.0966986167146974,0.031351585014409225,0.038150662824207496
2017-12-27,131.3800048828125,132.1199951171875,131.05999755859375,131.75,266200.0,0.40796769885985434,0.39686702104760757,0.5528705828628934,0.7981049593949817,0.6382120832308142,0.5149211361313024,0.8124472510857033,0.6760134192370916,0,0,-0.09027888617577601,0.037863792691567505,0.05531003207879794
2017-12-28,131.8800048828125,132.17999267578125,131.10000610351562,132.0800018310547,267200.0,0.4085866473767215,0.39864010684590717,0.5668559046303601,0.7981459020586551,0.6240978905000557,0.5055467640852014,0.7883594663444794,0.6778276370831017,0,0,-0.09373818674395161,0.03392790300343928,0.06277031509428369
2017-12-29,132.44000244140625,132.55999755859375,131.13999938964844,131.22000122070312,329500.0,0.40775580822283714,0.40026506148847313,0.5151744961719946,0.7981948787579657,0.58457370498417,0.49468517442181326,0.7698050543370529,0.6755904185941034,0,0,-0.09774381801283388,0.029603298061054793,0.07563590320927865
2018-01-02,131.63999938964844,132.77999877929688,131.30999755859375,132.5800018310547,400800.0,0.40771956214844235,0.40196969265321175,0.5754581524805897,0.7982573291226672,0.587090979426833,0.5605187474042973,0.7548170448339773,0.6783117453631186,0,0,-0.07963722642149665,0.03589396944102505,0.09038256744414937
2018-01-03,132.83999633789062,134.85000610351562,132.67999267578125,134.0399932861328,801600.0,0.40814055689915146,0.40360362343678696,0.6321774911897813,0.7983883842149065,0.6037186312186088,0.7258538292800241,0.7590619377417455,0.6837543989011489,0,0,-0.0876451573141079,0.026474654677541554,0.09465984973925518
2018-01-04,138.3000030517578,138.66000366210938,136.52000427246094,137.1199951171875,790900.0,0.4094007546279537,0.40571898154671554,0.726730750206078,0.7985305309205996,0.5999469848462571,0.9026346555380075,0.7846323274499069,0.6891244022484895,0,0,-0.1274246694014249,0.0026857701311807404,0.050208863508166994
2018-01-05,139.0,139.39999389648438,135.85000610351562,136.17999267578125,848000.0,0.41071392607956864,0.4076300973455002,0.6700558051022695,0.798678637397953,0.5920057978672663,0.7781549769224665,0.8115250351370321,0.6833667048928885,0,0,-0.12696910940837025,0.002917108450467245,0.02946319595971466
2018-01-08,135.8800048828125,137.88999938964844,134.5500030517578,137.6199951171875,428100.0,0.4123282079654084,0.4096848562295137,0.710945372593812,0.7987566411077912,0.5945173426884264,0.7080671992661738,0.8140366399919421,0.6862733914942243,0,0,-0.1040535068325047,0.02584806287992908,0.06447348547154344
2018-01-09,138.22999572753906,138.5,137.05999755859375,137.83999633789062,492100.0,0.41375011338597395,0.41123237752898395,0.7170060255781701,0.7988468530117493,0.5866515983344328,0.709320127920916,0.8198314439914225,0.6896146212922093,0,0,-0.11146633397878095,0.008501658265203573,0.04098241236562907
2018-01-10,137.3699951171875,139.6199951171875,137.3699951171875,139.0,606100.0,0.4153811271744657,0.41323214855947626,0.7484384250100274,0.7989616467077431,0.5767546356981339,0.7007801892085299,0.8312385647533675,0.6937298811592255,0,0,-0.09772195262026315,0.016323273794091802,0.07225774070286518
2018-01-11,138.89999389648438,140.5,138.6999969482422,139.77000427246094,433100.0,0.41657441430959624,0.41549227220034773,0.7682113484419132,0.7990454127240413,0.5667677353340673,0.7009503930420571,0.8462282217164325,0.6966705164477995,1,0,-0.09266185074401416,0.011510835277090826,0.0872662221785072
2018-01-12,140.07000732421875,141.8800048828125,139.8300018310547,141.80999755859375,414800.0,0.41958830092093363,0.4177972833956671,0.8151092312460132,0.799130096440204,0.5901773596556296,0.7030495611651042,0.8664350616162488,0.6994868995410817,0,0,-0.07805683142744947,0.012949828312700253,0.07705508109363277
2018-01-16,141.7899932861328,142.60000610351562,140.14999389648438,140.52000427246094,569000.0,0.4224572117431598,0.4200327183678871,0.7306115031370359,0.7992423398218552,0.5947157046179872,0.6769003018767196,0.8882275216593747,0.695623538933373,0,0,-0.08525489419668893,0.005711958474917309,0.04745794444815068
2018-01-17,139.0,141.3000030517578,137.5,139.5500030517578,738200.0,0.4248242718416782,0.422113288366266,0.6713150651275422,0.7993841107015845,0.6031787377252351,0.6316912948136201,0.8663781035362328,0.6906113547495232,0,0,-0.06618276949184825,0.025619171605883256,0.05372902663110336
2018-01-18,139.24000549316406,140.0,137.97999572753906,138.0,568200.0,0.42653335082560945,0.42417253617695944,0.5843037090255377,0.7994885285785646,0.600146634704806,0.6088206211844698,0.8460893581361726,0.6867534259317727,0,0,-0.06836265378929138,0.024077395463082643,0.06520953526136047
2018-01-19,138.6999969482422,139.55999755859375,138.19000244140625,138.75999450683594,718500.0,0.4285546905912994,0.42625535021059074,0.6105280506692333,0.7996234004468311,0.5998995764886317,0.6061519150262142,0.8272498088361167,0.6916318522879039,0,0,-0.06521739130434782,0.028260935907778534,0.08797101006991621
2018-01-22,138.6999969482422,141.3300018310547,137.75,141.05999755859375,916600.0,0.4312340114715762,0.4286041273708194,0.6811923745383558,0.7998065142912579,0.6094309779419054,0.6239803128561936,0.8218767459792429,0.6978553256324131,0,0,-0.06486019282421217,0.028106149536358663,0.09685790554527685
2018-01-23,141.49000549316406,143.22000122070312,141.0800018310547,142.58999633789062,642900.0,0.43408619039115043,0.4309888150883116,0.7212973768388762,0.7999400850169124,0.6125501405925811,0.6616015256102616,0.8275830376214306,0.7022204478375026,0,0,-0.08358151672322638,0.012264254625557141,0.08386503640864393
2018-01-24,142.75999450683594,143.0,140.82000732421875,142.1300048828125,1251200.0,0.4368073346467061,0.4333645258086192,0.6944227485393795,0.8001968389916995,0.6148831348097584,0.6481590225847724,0.8287239979564316,0.6937251283430121,0,0,-0.09159126091598965,0.003226079849087908,0.03015641463071675
2018-01-25,144.27000427246094,144.4499969482422,134.83999633789062,134.94000244140625,1838100.0,0.4378333410434236,0.4350736459000378,0.39297668208845604,0.8005038645631474,0.5880068122728744,0.5581979691712105,0.7599638990231302,0.6812449119405002,0,0,-0.10251183299565672,0.0012663946358804083,0.022584896536975374
2018-01-26,136.1300048828125,139.25,136.1300048828125,138.24000549316406,2008600.0,0.43964279017209656,0.4370251628951162,0.49409303051253406,0.8008739371035022,0.598719394064508,0.5459921722221528,0.6961152357279217,0.6948827785778352,0,0,-0.04765086570501846,0.06165697283903934,0.07892391954794001
2018-01-29,138.05999755859375,139.6699981689453,137.32000732421875,138.88999938964844,983100.0,0.441541454843743,0.439008100664603,0.5121370577803388,0.801058265277954,0.6006435771688075,0.5594601359624233,0.6404975929605389,0.7015577694626126,0,0,-0.06047453904915363,0.04622395208139963,0.07074651613624605
2018-01-30,138.05999755859375,141.24000549316406,137.50999450683594,140.9499969482422,1130600.0,0.44425423102085576,0.4413826880830218,0.5668263524086286,0.8012823888794726,0.621924756158758,0.5949714224468579,0.6019666822682116,0.7092342466209174,0,0,-0.06019152312685976,0.04600762774662873,0.07099143677501114
2018-01-31,140.88999938964844,144.61000061035156,140.27999877929688,144.5399932861328,1287000.0,0.44758874223816064,0.4439054066571741,0.6474705118440045,0.8015616759446239,0.638197396501352,0.705356644448647,0.5890171853091363,0.7179726387160335,0,0,-0.07938987359833215,0.02639234694037727,0.05150758896079904
2018-02-01,144.57000732421875,146.0,143.39999389648438,145.02999877929688,1165500.0,0.4506528160489858,0.44631253815189037,0.6574619344182753,0.8018174080564956,0.6397790935124277,0.7447878077639314,0.5847885469988369,0.725886077711261,0,0,-0.10287817259365539,0.009893404885874197,0.024975685064659834
2018-02-02,142.83999633789062,145.36000061035156,142.8300018310547,144.1300048828125,1235300.0,0.4526072452210041,0.4487353813180734,0.6222150912240417,0.8020823913502545,0.6462904688978468,0.6912062354428556,0.5746766018913344,0.7174987150421881,0,0,-0.09060194097942846,0.021788620897102755,0.027304742103000563
2018-02-05,142.5500030517578,143.94000244140625,136.13999938964844,136.17999267578125,1287200.0,0.4526072452210041,0.4502761696556114,0.3858756778559125,0.802304402481543,0.6363312539400212,0.4954007208892948,0.5310817064711205,0.7087589649995825,0,0,-0.07971973290715018,0.02393670180645085,0.04405738312358719
2018-02-06,133.5800018310547,140.07000732421875,133.13999938964844,139.72999572753906,1385700.0,0.4531955249643605,0.452263596351778,0.4721210123996481,0.802569089201986,0.6515322415090973,0.45099806510476803,0.5074292804601801,0.7181675041807808,0,0,-0.018504952327766604,0.09120281125667978,0.11727127389942421
2018-02-07,139.16000366210938,142.4600067138672,138.97999572753906,141.38999938964844,932600.0,0.45418528528668295,0.454306010901466,0.5085227958551815,0.8027552416867488,0.6569601210159437,0.5698295519070207,0.4689158284885886,0.7244996133244523,0,0,-0.05796898555203501,0.04895152470503186,0.050883853343955045
2018-02-08,141.4199981689453,141.66000366210938,137.24000549316406,137.25,988200.0,0.4536973756880683,0.4558266003532076,0.41050683237561625,0.8029308523576707,0.6355314911802885,0.4836660812010687,0.4427186573713924,0.7177899947786919,0,0,-0.07327251329707586,0.032392685839349414,0.02185441934528258
2018-02-09,138.80999755859375,139.69000244140625,134.8300018310547,138.63999938964844,982400.0,0.4533823241287505,0.4571698810538842,0.4427161103558386,0.8031125029587726,0.6436554060877038,0.45298810846537546,0.43048358821500354,0.724460232847256,0,0,-0.056174801129895265,0.05238617443647541,0.06404377810507741
2018-02-12,139.5500030517578,141.13999938964844,138.17999267578125,140.14999389648438,622400.0,0.4529195060027626,0.45832463025870845,0.47698094089183296,0.8032324697428311,0.6405770236142989,0.5329854876407075,0.40880335052141015,0.7286861654346688,0,0,-0.06066073066311127,0.04652334807153625,0.0390219538800237
2018-02-13,133.88999938964844,142.75,133.88999938964844,142.42999267578125,643200.0,0.4534520212457472,0.4592482053046603,0.526072606822372,0.8033641037857183,0.6575361217595821,0.5301272915369221,0.40840900990118667,0.7330533245609926,0,0,-0.01840886152988556,0.08640742873878454,0.06221906243637634
2018-02-14,141.75999450683594,144.30999755859375,141.07000732421875,143.5,685000.0,0.4545533020603452,0.46045906480871973,0.5482319627955647,0.8035080847370989,0.66238596334533,0.6420856639306762,0.39719749176387975,0.7377042947126278,0,0,-0.06375063047095592,0.02976904943620791,0.020009873271588246
2018-02-15,144.6699981689453,145.85000610351562,143.0,145.38999938964844,639500.0,0.45661367442375494,0.46190222177354073,0.5862748753400207,0.8036487954381905,0.6792791296301798,0.6799604060482323,0.37651145509177686,0.7420463318103953,0,0,-0.08034842354910714,0.00926830544288981,-0.027595759268837106
2018-02-16,144.83999633789062,146.05999755859375,144.63999938964844,145.02999877929688,457900.0,0.45836178600540606,0.4632971229905974,0.5752917209954737,0.8037486470857681,0.6778159677811125,0.6741993176229106,0.3558903329113635,0.7389373110331197,0,0,-0.08047318933461121,0.008391232036761308,-0.017195130411273643
2018-02-20,143.99000549316406,145.41000366210938,142.97000122070312,143.0399932861328,768300.0,0.45891381967436756,0.4645955144244756,0.515369497347079,0.8039080907753068,0.6521767627259478,0.6221333859186291,0.3454624795119823,0.7337207557520958,0,0,-0.07481215055394781,0.014272854463577228,-0.0039991852439943834
2018-02-21,143.41000366210938,146.50999450683594,142.8800048828125,144.66000366210938,660800.0,0.45949094907019,0.4660353049083307,0.5524320024562621,0.8040507837660121,0.6474482806613376,0.6382251718156243,0.32778998673109605,0.7382074142574981,0,0,-0.07179813167298699,0.021672196520069992,-0.0011884660019890617
2018-02-22,145.22000122070312,146.30999755859375,143.4499969482422,143.8699951171875,632700.0,0.45997606789124573,0.4672843190049058,0.5279375306485559,0.8041847285839615,0.6355137719787823,0.6264743939093491,0.31137981486313027,0.7339115473743746,0,0,-0.08350616290091238,0.00891741499707081,-0.031176513152662354
2018-02-23,144.64999389648438,147.36000061035156,144.57000732421875,147.3300018310547,470100.0,0.46343046767926926,0.4688756079816358,0.6043696011739511,0.8042927530975402,0.6740748151116025,0.6591129734427015,0.2880842228295146,0.7371034029485114,0,0,-0.08000274482153569,0.018836496878030653,-0.026899251049777573
2018-02-26,147.86000061035156,151.3300018310547,147.47000122070312,151.02999877929688,943800.0,0.46699638795956816,0.4706195153284288,0.6718213830504893,0.8045278558100936,0.675592261898222,0.7199140930500363,0.26920938385894244,0.7435115571515966,0,0,-0.09991176975333747,0.023552577055433847,-0.01981944025422408
2018-02-27,151.5399932861328,153.0800018310547,150.47000122070312,150.83999633789062,1129600.0,0.47032811265354807,0.472845971591114,0.665401551989492,0.8048079303183072,0.656142729111905,0.7307795431546312,0.26142000617206473,0.7358418697307394,0,0,-0.12183006055222612,0.010196706332311635,-0.040720346594662185
2018-02-28,151.80999755859375,151.80999755859375,148.5,148.52000427246094,852400.0,0.4724386722164455,0.4748984872960506,0.5885090303671717,0.8050087718824698,0.6254812383881234,0.6747857441659857,0.24025747709743436,0.7300542975303688,0,0,-0.12377352573732102,0.008419545898264621,-0.02293815658366589
2018-03-01,148.80999755859375,149.24000549316406,145.74000549316406,146.5500030517578,663000.0,0.47299907396385005,0.4766367849828003,0.528560892854269,0.8051580641099391,0.5981536140892194,0.6161536680010586,0.2172651615811296,0.7255527016025818,0,0,-0.10550766037010473,0.028750364594843307,0.0420818732844522
2018-03-02,145.2100067138672,148.57000732421875,145.2100067138672,148.33999633789062,511900.0,0.47392191943826695,0.478485058376593,0.5682157157097777,0.8052780923699582,0.6006441655486952,0.6153317844710684,0.19904428956343148,0.72902836820203,0,0,-0.08236101721509978,0.05370177381987507,0.06850899404339784
2018-03-05,147.6699981689453,151.16000366210938,146.8800048828125,150.83999633789062,776000.0,0.4757927018597274,0.4806542827505044,0.6190824685111648,0.8054701383815656,0.6113222287357256,0.6468122110651056,0.17843642399511414,0.7342972044614007,0,0,-0.09795064809223987,0.036470296586676484,0.07415397243872157
2018-03-06,151.8300018310547,152.61000061035156,150.86000061035156,152.13999938964844,381200.0,0.4802424392709574,0.4829761272068293,0.6438251316930648,0.8055670406317089,0.636072054499542,0.6754480526560404,0.1677368143416146,0.7368854523764421,0,0,-0.12390614488971165,0.008286926745873986,0.04083799928177271
2018-03-07,150.8300018310547,153.91000366210938,150.8300018310547,153.32000732421875,657600.0,0.4840314090442754,0.4853282717041994,0.6658550420547961,0.805738214833441,0.6216692877097082,0.6743888173362234,0.16507100061148774,0.7413503837220119,0,0,-0.11627450054143929,0.020244523750565034,0.04555010321797572
2018-03-08,153.25,153.25,144.1199951171875,147.05999755859375,1433200.0,0.4856122356332793,0.4869767925697029,0.47906764536974167,0.8060640485109073,0.6068362342920184,0.5873883430250276,0.15797265250391915,0.7316193320120504,0,0,-0.13116357715680166,0.004304745829510011,0.024197798960587102
2018-03-09,148.1999969482422,149.77000427246094,145.94000244140625,147.47999572753906,919400.0,0.48846441455285333,0.4887970108138779,0.4885883867602858,0.8062749367272407,0.6205500953975689,0.5739596088675031,0.1513813292611769,0.737861816621413,0,0,-0.10240716584122973,0.03882773567701254,0.06473551224334709
2018-03-12,147.97999572753906,148.2899932861328,146.27999877929688,146.77999877929688,665300.0,0.49073389102995507,0.49048368627189726,0.4697541297412612,0.8064250262323035,0.6053257448802394,0.5533943400375837,0.14526081482148764,0.7333446042974965,0,0,-0.10062379148224739,0.040208896842699036,0.06211014325652655
2018-03-13,147.75,148.86000061035156,146.6699981689453,147.83999633789062,801800.0,0.49287790588968844,0.4922522822873419,0.4962217495467759,0.8066102727863408,0.6027466072931926,0.5620554529594788,0.1355802321809457,0.7387886157830162,0,0,-0.09953672661027631,0.04196759581236783,0.06349643958120352
2018-03-14,148.5399932861328,149.36000061035156,147.3000030517578,147.9199981689453,601900.0,0.49440854953343855,0.4941263659393244,0.4982819506345163,0.8067495247646023,0.5884757370817268,0.5642224381393862,0.12298401024695962,0.7428753587527523,0,0,-0.10416662796235092,0.03632312303162752,0.06716726312597522
2018-03-15,148.13999938964844,149.3000030517578,146.74000549316406,148.14999389648438,622800.0,0.4957049933366357,0.4958736397670836,0.5045780610552026,0.8068943053146568,0.5837106787279311,0.5531724958280266,0.11492927445452769,0.7471040072351443,0,0,-0.1014061667501368,0.03900760102681171,0.08585720055064505
2018-03-16,148.24000549316406,150.2100067138672,147.41000366210938,148.17999267578125,838400.0,0.4964828587677071,0.49746043896095843,0.5054526187675383,0.807089246994431,0.569883153125462,0.5663384045770107,0.10034648977896352,0.7527965231112478,0,0,-0.10192377135071858,0.038272010817003904,0.1002361893791408
2018-03-19,147.4600067138672,148.75999450683594,145.83999633789062,146.8000030517578,515800.0,0.496976345667206,0.4985467352445723,0.4566809811967797,0.8072054058292987,0.5703905628968653,0.5071932133858663,0.09756014388500459,0.7492943765357537,0,0,-0.09663927677166928,0.04352812300615253,0.11614247743103683
2018-03-20,147.11000061035156,149.32000732421875,147.11000061035156,148.89999389648438,490300.0,0.4986101459790226,0.4999741813941016,0.5214226553557596,0.8073211692955463,0.5879347079935315,0.549296825017718,0.09030512352519857,0.752623384806333,0,0,-0.09516349407552581,0.04632154571114219,0.12677111868853413
2018-03-21,149.3000030517578,151.07000732421875,148.3000030517578,149.5500030517578,591200.0,0.4999735046301255,0.5013129740242737,0.5403744447883289,0.8074627166692866,0.5871687967523017,0.5922249570028675,0.0724995551160815,0.7566374775853792,0,0,-0.10349230553241288,0.030960381459494524,0.12773676999398462
2018-03-22,148.24000549316406,149.42999267578125,146.24000549316406,146.27000427246094,511500.0,0.5006426403464805,0.5022589945597997,0.42632606959880126,0.8075763717662591,0.5862301797663398,0.476831549102899,0.06798451064922786,0.7531645268809101,0,0,-0.09595456911190585,0.037913728206230665,0.13299899019570532
2018-03-23,147.33999633789062,147.86000061035156,144.49000549316406,144.50999450683594,598800.0,0.499856406836966,0.5028773294409246,0.3740688928018696,0.8077038717031918,0.5682845490766214,0.40006885859737307,0.07512197157757464,0.7490988320972617,0,0,-0.09195321361438213,0.04491698319759824,0.14944964771883354
2018-03-26,146.0,147.72000122070312,144.3300018310547,147.60000610351562,590800.0,0.4989001060657134,0.5037560169324284,0.4705817362218707,0.8078391573145621,0.5640507360061795,0.4509867886329485,0.08276612354506588,0.753110208981329,1,0,-0.08380043644509798,0.05473672384462791,0.1635181356379797
2018-03-27,148.39999389648438,148.97000122070312,144.25999450683594,144.9600067138672,637400.0,0.49726073270724686,0.5041095128450199,0.3947207580786145,0.8079762684240931,0.570217513514084,0.4314813703907722,0.07867076792787256,0.7487824303322015,0,0,-0.09830619178064065,0.037330687925315464,0.15989163365592507
2018-03-28,144.92999267578125,145.36000061035156,142.3800048828125,142.61000061035156,518400.0,0.49561299127033726,0.5043440534848584,0.3354038510439009,0.8080813790810738,0.5771064022573825,0.32986255096894457,0.087591259262455,0.7452626304393436,0,0,-0.02662793303522416,0.06194819653984659,0.1919839993246386
2018-03-29,143.58999633789062,145.25999450683594,142.07000732421875,144.61000061035156,521700.0,0.4950721079489097,0.5049118894391418,0.3971348991904349,0.8081925716442749,0.5884575361761964,0.3801595984715386,0.09789234791412363,0.7488048364657787,0,0,-0.010658362016454155,0.07236524283045026,0.19753171620770998
2018-04-02,143.92999267578125,144.3300018310547,139.83999633789062,140.7100067138672,722900.0,0.4929448249918283,0.5052160080144301,0.3059282109824142,0.8083318699386023,0.5733635659833004,0.3334457812394376,0.12112938708277829,0.7438965352648779,0,0,-0.028282942539437708,0.0690132836194299,0.1981882549003863
2018-04-03,141.9499969482422,143.0500030517578,141.05999755859375,142.33999633789062,697400.0,0.49057497836998504,0.5056177579624357,0.3549929198396916,0.8084721265131628,0.5655107771119628,0.3818980178470559,0.14270663773938627,0.7486316981608638,0,0,-0.01499538419212952,0.08499755627322068,0.20787434158453044
2018-04-04,140.14999389648438,143.86000061035156,138.6699981689453,143.41000366210938,729400.0,0.48814100767779495,0.5058814770537807,0.38634923422215883,0.8086228245562165,0.5727879966098471,0.4008262988288285,0.17601684343501325,0.7535841326551743,0,0,-0.010397609706451079,0.09667001629648148,0.21701559775455453
2018-04-05,144.22999572753906,144.8699951171875,143.11000061035156,143.24000549316406,646200.0,0.48533064787926566,0.5059544214701968,0.38196363790019294,0.8087557018864392,0.5564683342878594,0.4664670351521225,0.1960252705873967,0.7491966043165077,1,0,-0.03876994223982973,0.06749883332670108,0.18764383916698357
2018-04-06,142.2899932861328,143.44000244140625,139.72000122070312,140.7100067138672,560900.0,0.48356023560254674,0.5057950684258512,0.31897074150273386,0.8088635938563097,0.5606970514439285,0.411730624465693,0.23163387387320541,0.7453882405821249,0,0,-0.025272235258049187,0.08112266078160066,0.20929914714195455
2018-04-09,141.74000549316406,143.22999572753906,139.67999267578125,140.77999877929688,479600.0,0.48169223970441105,0.5064504363099531,0.3213644842618415,0.80895599205013,0.5606571401680974,0.42860564066556306,0.2648806599097503,0.7486445986620144,1,0,-0.02181797439937295,0.08648992671639139,0.23217963620298537
2018-04-10,142.49000549316406,145.61000061035156,141.52999877929688,144.94000244140625,719200.0,0.4811792386331695,0.5072023139772335,0.4502006606928537,0.8091100964944337,0.5746032164872734,0.5088330609070091,0.271140273964955,0.753527777834359,0,0,-0.027134588416977034,0.08111946489535514,0.2235402862166462
2018-04-11,144.19000244140625,146.64999389648438,144.16000366210938,145.38999938964844,507000.0,0.4804961660459555,0.50793174786729,0.4626308081860522,0.8092198795705617,0.5735619285593727,0.5494382493286943,0.2672200111922285,0.7569701747203138,1,0,-0.03808475354961075,0.0670622399405061,0.20960400421611683
2018-04-12,146.60000610351562,149.10000610351562,146.38999938964844,148.35000610351562,396200.0,0.48061605461667395,0.5087621813233798,0.539362375742057,0.809311758549672,0.5806688626334792,0.6222004440940653,0.24283816724833926,0.7596602686970697,0,0,-0.054543008238948504,0.050278544530444585,0.184400561738379
2018-04-13,153.6199951171875,157.1999969482422,153.10000610351562,155.05999755859375,1798400.0,0.4825426015385064,0.5099427424987446,0.6697222369681408,0.8097913784509386,0.5782423090790678,0.7821885099717262,0.2515750294328969,0.7718709325229103,1,0,-0.10077516908095294,0.024132131336460038,0.14277052283901717
2018-04-16,156.0,156.3000030517578,153.97999572753906,155.25,970200.0,0.48451375835894256,0.5110896371520983,0.6728195767109904,0.8100508572952351,0.586250096628491,0.7483025232962605,0.2596878300328431,0.7784583357946132,0,0,-0.11176320201157015,0.007738920205959214,0.10802270259078615
2018-04-17,155.8300018310547,161.5800018310547,155.42999267578125,158.6699981689453,1166700.0,0.4878231781036206,0.5127213239004211,0.7257604317710457,0.8103834500987491,0.5903324901729073,0.7620886876837565,0.2876502965883809,0.7863799224747778,0,0,-0.11053142455464976,0.037037037037037035,0.11162642081194646
2018-04-18,159.22000122070312,159.99000549316406,156.77000427246094,157.99000549316406,648500.0,0.49035752319478626,0.515168856591431,0.7025212269866403,0.8105659179369035,0.5824657001805016,0.7181825769426881,0.3136154441042375,0.7819767777399815,0,0,-0.12951410656649162,0.01487364112677893,0.08754017489090114
2018-04-19,157.91000366210938,159.1199951171875,156.7899932861328,157.75999450683594,594400.0,0.49264651384363095,0.5171921938448609,0.6943249851916017,0.8107323866965134,0.5817513336125822,0.6883131663891514,0.3377259382261042,0.7779409578011028,1,0,-0.12177989001966673,0.02322930591393711,0.10937399948406577
2018-04-20,158.1699981689453,158.69000244140625,156.0800018310547,156.9600067138672,554700.0,0.4956269451581325,0.5189394693849705,0.664824223212578,0.8108853720065244,0.587232730526571,0.6578042903600119,0.3539041116018188,0.7741746904388954,0,0,-0.12360548097734017,0.021615135527667726,0.11422416899032098
2018-04-23,157.27000427246094,158.80999755859375,156.3699951171875,157.72000122070312,553700.0,0.49930996748582485,0.5212366251726441,0.6794631638676794,0.8110402170450316,0.5983360435885284,0.645239861869229,0.36945417733948915,0.7779341680636551,0,0,-0.11850156286895942,0.027459208551454325,0.1316258124337544
2018-04-24,158.74000549316406,159.8699951171875,154.8300018310547,157.13999938964844,658800.0,0.5019697699401249,0.5233127062443432,0.6563696513261454,0.811222396201512,0.5880317273259483,0.6291430559608945,0.3698049512218796,0.7734610890331481,1,0,-0.12725086969872695,0.0180065706055665,0.12731423836952702
2018-04-25,157.00999450683594,157.97000122070312,155.6699981689453,157.07000732421875,896900.0,0.5053461045327088,0.5252114802773276,0.6534513129321933,0.811469969546004,0.5990022978298649,0.6164086539712272,0.3701306698269563,0.7673713735163575,0,0,-0.11671119007970907,0.02908239367423466,0.1267023274751326
2018-04-26,159.6199951171875,161.99000549316406,155.6999969482422,158.47000122070312,1311300.0,0.5097679596937525,0.5270114996357063,0.6848334762834475,0.8118412194681112,0.6038146723170108,0.6248841266935503,0.3897951148968424,0.7762747562314513,0,0,-0.13337999599756745,0.01508887926059916,0.10937802975400583
2018-04-27,159.0500030517578,161.7100067138672,158.77000427246094,160.83999633789062,757800.0,0.5142929715228632,0.5289574044022156,0.7327865171106624,0.8120649563344459,0.6038181706999091,0.6321002116411959,0.40805495674745085,0.7814200192692748,0,0,-0.12860481306129995,0.018552422658921246,0.11289202531609005
2018-04-30,160.83999633789062,163.47999572753906,160.5,163.08999633789062,1182200.0,0.5205326353825552,0.5309437086526685,0.7724513556691731,0.8124275973201295,0.6262657248111771,0.6420545776592032,0.43254294081226696,0.789446846879878,0,0,-0.13783883781227438,0.016413823985063768,0.10401648450166544
2018-05-01,160.6999969482422,164.8800048828125,160.2100067138672,164.6699981689453,1018700.0,0.5267583623713881,0.5331477211381297,0.7977078768755638,0.8127482249932597,0.6386765503599693,0.6443118221404569,0.4608029029528746,0.7963635524177916,0,0,-0.13507878639996423,0.02563006946122037,0.1169293503735779
2018-05-02,162.5800018310547,166.86000061035156,162.0,165.72000122070312,935600.0,0.5329785120593371,0.5356928852018565,0.8137713913941679,0.8130476156380199,0.6368637323111929,0.6562247130353145,0.4942130452367379,0.802716030773806,0,0,-0.14519951374250092,0.025991369568764765,0.11574663126575674
2018-05-03,164.5399932861328,168.6300048828125,164.08999633789062,168.32000732421875,1013700.0,0.5399709541317075,0.538348024972626,0.8501179730267424,0.8133854753794826,0.6611965311589223,0.6752162260783454,0.5310273568035894,0.8095987876244813,0,0,-0.15610665536222312,0.024680253237704713,0.10837561297111235
2018-05-04,167.35000610351562,168.63999938964844,166.5800018310547,168.1300048828125,1114700.0,0.5476158000177811,0.5410704977874179,0.840551493642613,0.8137556504174751,0.675276119852399,0.6838907916417145,0.5652444916087002,0.8020302672915941,0,0,-0.1703897735658171,0.007663933163025722,0.08275898330344791
2018-05-07,168.52000427246094,170.2100067138672,168.00999450683594,169.1999969482422,812400.0,0.5555394513887775,0.5435247617280095,0.8555707871087909,0.814029780526412,0.6795223723385,0.6960099900058101,0.6020873582215854,0.807546249994059,0,0,-0.1775412195123722,0.010051759902012675,0.06554445187432704
2018-05-08,170.82000732421875,170.9199981689453,168.5800018310547,169.6300048828125,808000.0,0.5624231594921973,0.5456120655444958,0.861619235294886,0.8143040883685141,0.669866705765442,0.6848811301954106,0.638501695844092,0.8130323578517542,0,0,-0.19001187786727938,0.0005909624499411157,0.06601653883222121
2018-05-09,169.94000244140625,172.41000366210938,169.4499969482422,172.0,770200.0,0.569842173616161,0.5479866538190896,0.8928714347695129,0.8145748951364679,0.679472531273146,0.6873210954291593,0.6767638317068947,0.8182618136339286,0,0,-0.18434241214615046,0.01456111035550288,0.06048454997053128
2018-05-10,172.99000549316406,174.25999450683594,172.1199951171875,172.75999450683594,802900.0,0.5766478122699072,0.5507068800301036,0.9021144913962472,0.8148602218776358,0.6709481637729542,0.6914365771590394,0.7173072326964056,0.8237132938306408,0,0,-0.19953492630359737,0.007383657056231832,-0.008837234142214753
2018-05-11,172.3000030517578,172.7899932861328,170.22999572753906,171.75999450683594,654000.0,0.58130386301727,0.5535359603586216,0.8442994394255504,0.815089139315161,0.6744750905357719,0.6567931635610416,0.7320867598873394,0.8192728055398826,0,0,-0.19466315091531097,0.011345169700156307,-0.013023848527101973
2018-05-14,172.0,173.35000610351562,170.92999267578125,172.58999633789062,472800.0,0.5861383491048144,0.5562573098715244,0.8570162834495855,0.8152566061459,0.6759055472172654,0.6519512679748899,0.7478661441788433,0.822482993405128,0,0,-0.19404985384840692,0.013157863176026074,0.0027945723270267047
2018-05-15,171.99000549316406,172.27000427246094,169.82000732421875,171.1999969482422,747000.0,0.5896317814905576,0.5585421213248722,0.7773334372091089,0.815515716474048,0.676450038646154,0.6273405127475704,0.7493985698837339,0.817411059531739,0,0,-0.19305874054824135,0.01315249470906628,-0.00921265212594836
2018-05-16,170.3300018310547,171.82000732421875,169.36000061035156,171.0399932861328,696000.0,0.5932701896654122,0.5606630899510192,0.768238686560421,0.8157564505430245,0.6834754396216765,0.6157009211187828,0.7454305396545221,0.8126854022681796,0,0,-0.1790304305001808,0.02295556510418268,0.015478936587163206
2018-05-17,170.17999267578125,171.9199981689453,169.4600067138672,171.13999938964844,669700.0,0.5970006084150334,0.5626628601253363,0.770435444231952,0.8159883352999083,0.6893539210069879,0.6104887368161808,0.7422593209308167,0.817232489436866,0,0,-0.17832086761706398,0.02385408086534038,0.013271774798677917
2018-05-18,170.88999938964844,172.77999877929688,170.22999572753906,172.27000427246094,687000.0,0.6012691197085231,0.5654919421662046,0.7952439158247783,0.8162301267750846,0.6994701231753953,0.6165658524288603,0.7438056714508313,0.8218970390633965,0,0,-0.18236535482747557,0.01969145219823658,0.020976956589306667
2018-05-21,173.2899932861328,175.5399932861328,173.2899932861328,174.41000366210938,596400.0,0.6059223839325611,0.56851404377343,0.8368382524772578,0.8164465511103419,0.6984181803375321,0.6463855764646851,0.7578083207894867,0.8259464384771705,0,0,-0.18436172124663427,0.013060892460659704,0.008358985346797536
2018-05-22,175.22000122070312,176.3300018310547,173.4600067138672,173.9600067138672,589100.0,0.6106118942309942,0.5715642005302728,0.8078945571329802,0.8166588753803782,0.6928052863158888,0.6441256280783855,0.7739687982274984,0.8219466041467642,0,0,-0.17808610117781645,0.0063643173387118645,0.007740416691527851
2018-05-23,173.22000122070312,174.6999969482422,172.72000122070312,174.57000732421875,494900.0,0.6154909902171422,0.5745638583602741,0.820319578281626,0.8168387489177596,0.6968141236477606,0.632566651580441,0.7790642540137864,0.8253068452096026,0,0,-0.15423086224171742,0.017877675846879864,0.023166237202585854
2018-05-24,174.22999572753906,174.97999572753906,172.41000366210938,173.41000366210938,420100.0,0.6196563448425654,0.5774243620317261,0.7440241437206011,0.8169888717733363,0.6978922429933787,0.6234471456323653,0.7795925315610637,0.822454476507848,0,0,-0.12104020586296896,0.012029592801788714,0.021080413474094936
2018-05-25,173.57000732421875,175.2100067138672,173.30999755859375,174.8000030517578,405400.0,0.6235484712839496,0.5804150420083678,0.7773259099701263,0.8171366182395,0.6965465351472034,0.6387668265263932,0.781307483308404,0.8252070360691223,0,0,-0.11296932808358026,0.015916005123982387,0.02912166360833881
2018-05-29,173.63999938964844,174.02999877929688,171.69000244140625,172.75,558200.0,0.6262417332893195,0.5831723029347093,0.655762325907159,0.8173340738466383,0.6807584560752991,0.597563115826941,0.7606095532679051,0.8214170046258481,0,0,-0.1076086798066254,0.015389029716491181,0.007379824162536478
2018-05-30,173.86000061035156,173.86000061035156,171.72999572753906,173.16000366210938,547800.0,0.6286087933878381,0.5861304379788783,0.6677433805626695,0.8175289445203763,0.6681427232968522,0.5948578188439703,0.7413900468017277,0.8251364227996668,0,0,-0.11015918251401954,0.014298125734895079,0.02020263671875
2018-05-31,173.2100067138672,174.80999755859375,171.58999633789062,173.11000061035156,1557500.0,0.6306691657512478,0.5888472994212766,0.6647520389677349,0.8180822311241615,0.6581820094647456,0.597198529891506,0.7302077087533003,0.8145614067249634,0,0,-0.10614463209805525,0.01801798943869053,0.01628547011891034
2018-06-01,174.57000732421875,176.33999633789062,174.02999877929688,175.19000244140625,665000.0,0.6325845580713121,0.5917246354975589,0.7250403318011522,0.8183254471210467,0.6432959308897852,0.667680335015968,0.7295689280867701,0.8190765821276457,0,0,-0.11403157196906426,0.010224649109995057,0.006412023266413908
2018-06-04,175.97000122070312,176.44000244140625,174.52000427246094,176.19000244140625,611300.0,0.6348317295991119,0.5950822755983058,0.7506556331688118,0.8185520910204936,0.6414076781425416,0.681204691905735,0.7295891489866817,0.8232271486293896,0,0,-0.1206689827903786,0.002682808460261999,0.004452301891814586
2018-06-05,176.77000427246094,178.02000427246094,176.22999572753906,177.92999267578125,535400.0,0.637265700291302,0.5988326877936987,0.7910821692156454,0.8187553341206287,0.6484906012558475,0.7351482999224764,0.7388744511263015,0.8268623740588575,0,0,-0.12452467300863236,0.0070946136709187,0.015210810140447716
2018-06-06,178.08999633789062,179.02999877929688,177.41000366210938,178.82000732421875,658700.0,0.6398279233784194,0.602336215014927,0.8099891690568405,0.8190083165489633,0.6582305529433,0.7438022144409678,0.7528129862420812,0.8313347741156197,0,0,-0.12600460344984316,0.00528299039004118,-0.035969168549038574
2018-06-07,179.22000122070312,179.6199951171875,175.1699981689453,176.9199981689453,564900.0,0.6411996458537312,0.605922784383119,0.6922537396073221,0.8192196500047454,0.6466711413636806,0.6765732053747597,0.7333710895938785,0.8274992514314464,0,0,-0.1315289302601179,0.002236852030540104,-0.03825073290310865
2018-06-08,176.41000366210938,177.3300018310547,174.97999572753906,176.8000030517578,367100.0,0.6423260223951901,0.6097596069187918,0.685177866954919,0.819356717513621,0.6556155074205778,0.6325437815272759,0.7128046095955297,0.8250067388144168,0,0,-0.09970607942694847,0.01814374569466604,-0.021422160208834626
2018-06-11,177.42999267578125,177.88999938964844,176.61000061035156,176.94000244140625,523800.0,0.6437702370192917,0.6133876990728162,0.6894067791581542,0.8195526174656823,0.6491066028778399,0.6484467934804584,0.6978515497513066,0.828563203289492,0,0,-0.09739810896311438,0.012386891423102134,-0.028110779842345987
2018-06-12,176.5800018310547,177.6999969482422,175.72999572753906,177.57000732421875,512800.0,0.6451586913972556,0.6175241504009226,0.7088431478417642,0.8197460082563307,0.6537017387642541,0.6338198186755996,0.6716782126796322,0.8320449806526431,0,0,-0.09251720860922012,0.017180927117594606,-0.00779928147265336
2018-06-13,177.97000122070312,180.9199981689453,177.97000122070312,179.77000427246094,557800.0,0.6475480564450757,0.6217245682920851,0.7691113694071777,0.819962630335506,0.6541862417965225,0.6988207640854329,0.6698711492889133,0.8358322962009382,0,0,-0.08993636628929157,0.01661314876704315,-0.00501210425713065
2018-06-14,180.0,181.83999633789065,179.9199981689453,181.63999938964844,660600.0,0.6505033962869504,0.6260147612921434,0.8112826521701203,0.8202254489171238,0.6587652669961326,0.7225564136631017,0.6734585573599255,0.840317596758851,0,0,-0.08850199301322839,0.010235280047620955,-0.03209659084012631
2018-06-15,180.9900054931641,182.75,179.25,182.5,1140600.0,0.6536706267658423,0.6304205413716382,0.8288382842044365,0.8206840368944038,0.6712668838171842,0.7098201634763716,0.6817831594951435,0.8480619712916321,0,0,-0.07933276651910527,0.009689465496310777,-0.05978859638209455
2018-06-18,181.5200042724609,182.3999938964844,179.83999633789062,181.27999877929688,606500.0,0.6561826626534719,0.6349733301611529,0.747334019434038,0.8209239377123106,0.6655268572104377,0.6827156071849736,0.6895131471921314,0.8439439955296368,0,0,-0.07402745077054779,0.006739702616652553,-0.05556164049122416
2018-06-19,178.3699951171875,179.8800048828125,174.8699951171875,179.5399932861328,957100.0,0.6576129318982462,0.6393229999414125,0.6434134104511167,0.8212937504912442,0.6796868814485499,0.5887609558445461,0.6381848722183695,0.8374455378184981,0,0,-0.05400481769669386,0.024161545191452857,-0.0428618108229999
2018-06-20,180.5500030517578,183.2700042724609,180.00999450683594,181.9900054931641,566700.0,0.6598517396018373,0.6434807734572041,0.7109247698334069,0.8215197670000697,0.6883129724849969,0.6775116941141249,0.6135370844116437,0.8412932820300771,0,0,-0.06232596000810108,0.015149834702111366,-0.04617360395970435
2018-06-21,181.7100067138672,183.22000122070312,179.30999755859375,180.1999969482422,665400.0,0.6614214115890731,0.6473871722159765,0.6174612458056017,0.8217789097689377,0.6747917297155263,0.6434961111671571,0.5841604144461351,0.8367753907324158,0,0,-0.06786090296579235,0.008571885881130534,-0.052090833013817416
2018-06-22,178.88999938964844,178.88999938964844,171.11000061035156,171.47000122070312,1163700.0,0.6608805282676455,0.6499817119046558,0.3224352316351211,0.8221795411634573,0.6583622887871032,0.44964449776714016,0.5572503473976083,0.828874173264594,0,0,-0.05288567669639929,0.02430635381237279,-0.01914537739550079
2018-06-25,170.60000610351562,171.3300018310547,168.02999877929688,170.0500030517578,917000.0,0.6595562022142625,0.6516638992921706,0.2899831528717227,0.8224883312797425,0.657939015602938,0.3634900459780622,0.5459891133320184,0.8226479840251057,0,0,-0.014988087163484837,0.07389046526358525,0.03563305865080875
2018-06-26,170.64999389648438,173.38999938964844,170.32000732421875,172.47999572753906,630900.0,0.6594809235421477,0.6535974597243543,0.3691413221489024,0.8227085688530803,0.6632178178355208,0.4227379437370486,0.5213090643666234,0.8269316293808234,0,0,-0.015407204176233133,0.07421352631281873,0.04910323995098165
2018-06-27,172.30999755859375,173.66000366210938,170.3800048828125,170.39999389648438,581800.0,0.6587114176810511,0.6549138068649518,0.3193841256133394,0.8229053616150884,0.6502075492031562,0.4142230291181537,0.49655062168219544,0.822981360133785,0,0,-0.02481446478035544,0.06354363975739145,0.044063116255644526
2018-06-28,170.25,173.61000061035156,170.02999877929688,172.97999572753906,391800.0,0.6586751716066563,0.6565959925401164,0.39783591110567995,0.8230430485368055,0.6560256518216109,0.43494924999824514,0.47535519887755007,0.8256415792657714,0,0,-0.01302817664448829,0.07640847851420922,0.05710091593929222
2018-06-29,173.50999450683594,175.2100067138672,172.36000061035156,172.4499969482422,439200.0,0.6579112430464438,0.6582445134056198,0.38421399258632594,0.8231961551726755,0.6489554300963694,0.4665861340386427,0.44401137233733934,0.8226595265787667,0,0,-0.0316799390848096,0.05642276567631538,0.036651703973133665
2018-07-02,171.3000030517578,174.55999755859375,169.6999969482422,174.47999572753906,449200.0,0.657434483795363,0.6602106170579258,0.44374855125039414,0.8233573954379022,0.6486534723880514,0.4646754897309986,0.4291837221358049,0.8257094766402479,0,0,-0.018962043086857065,0.06941143190797319,0.05943751917302936
2018-07-03,175.3699951171875,175.88999938964844,174.17999267578125,174.72999572753906,271800.0,0.6565423070944569,0.6621194888214581,0.4509505381216745,0.823455285587846,0.6387819443308542,0.5109177628925867,0.4057392870141754,0.8275549272785171,0,0,-0.04206783882177799,0.04527744927051549,0.020575491085440562
2018-07-05,175.47999572753906,176.85000610351562,174.3699951171875,176.57000732421875,652700.0,0.6559149947533807,0.6642999359401567,0.5031871771683865,0.823696467469618,0.6390785971287627,0.5340877655336124,0.37712990065920093,0.8319865889105934,0,0,-0.042637195275041145,0.04458312101757849,0.017970580131786408
2018-07-06,176.8300018310547,177.91000366210938,175.47000122070312,177.25,317700.0,0.6560070010739134,0.6665645467953576,0.5218488696077849,0.8238149375070195,0.6436247831428575,0.5546645738712024,0.34310528176945554,0.8341436884977095,0,0,-0.04983860614333669,0.03647279931059331,0.0218043307754821
2018-07-09,177.75999450683594,177.99000549316406,175.77000427246094,177.91000366210938,487000.0,0.6563164753323469,0.6687461155035948,0.5402272006155077,0.8239981464039988,0.6478972644322433,0.5609807038778997,0.310934155712697,0.8374502906347114,0,0,-0.0548941931031823,0.03108609176657248,0.030803987102212622
2018-07-10,177.3000030517578,179.22000122070312,176.64999389648438,178.6199951171875,571900.0,0.6567848665049847,0.670741397607407,0.5602049467037931,0.8242153109007114,0.6574286296448133,0.5792832048290065,0.27973906473098054,0.8413333414810182,0,0,-0.052105019850748446,0.03355629867807465,0.03580459213123022
2018-07-11,176.89999389648438,176.89999389648438,170.1199951171875,174.92999267578125,942800.0,0.6560488159407241,0.6720700890823303,0.43155364462480306,0.8245552675305255,0.6565719056824153,0.4967723476758792,0.2815043535962527,0.8349319770153808,0,0,-0.04965846691109889,0.035662358918985254,0.04434001592340364
2018-07-12,176.0800018310547,178.3800048828125,175.7899932861328,177.35000610351562,504000.0,0.6553741071777193,0.6734930471613552,0.5023618095058433,0.8247431860375906,0.6562345650436902,0.5643848973443167,0.27256649875450045,0.8383540046889927,0,0,-0.04601842673530462,0.04110217082517299,0.054593285609163544
2018-07-13,177.67999267578125,178.97999572753906,174.1199951171875,176.02999877929688,662500.0,0.6538100082371332,0.6746500412576071,0.46013939664358705,0.8249856195967836,0.6448915736062125,0.5533269439714619,0.2725295337561142,0.8338558036299294,0,0,-0.05441214301877085,0.03151965832703091,0.05616017124946549
2018-07-16,176.63999938964844,178.47000122070312,175.11000061035156,175.67999267578125,528200.0,0.6519085527879278,0.6754759832184916,0.4489248170575819,0.8251778864806382,0.6222540892365944,0.5614178686526341,0.27249520911475555,0.8302694643100846,0,0,-0.04891212105924411,0.03766406253927802,0.0668067635538669
2018-07-17,174.9499969482422,177.67999267578125,174.9499969482422,176.75,613900.0,0.6506455642815665,0.6764433242293526,0.4826848358437674,0.8254046423767915,0.6242987726868654,0.5702280568579986,0.27331631634617726,0.8344376841291924,0,0,-0.039389790855218335,0.04735887790918433,0.08367484950532285
2018-07-18,176.72999572753906,180.11000061035156,176.6999969482422,179.4499969482422,694200.0,0.6506204728089395,0.6775935853636723,0.5597864567034736,0.8256705776744641,0.6174440654067197,0.6296420503590975,0.25478528720250004,0.839151119865346,0,0,-0.049222047797692715,0.03700146277183506,0.077510590937721
2018-07-19,173.3300018310547,174.9499969482422,169.7100067138672,171.69000244140625,961400.0,0.6477487754633886,0.6778247595225448,0.3415965295925373,0.8260003895907756,0.6113603282523352,0.4624787733394312,0.2713608375314397,0.8326234662831823,0,0,-0.029534706836949483,0.05539148849511078,0.08631934107879513
2018-07-20,172.4600067138672,173.82000732421875,171.5800018310547,172.3800048828125,868100.0,0.6455685187834943,0.6778674038979158,0.3614655940828416,0.8263010987118572,0.6133133338074607,0.48273439237845917,0.2867524199797409,0.8385176373614809,0,0,-0.02580236397912668,0.06296230068656979,0.09703528549372567
2018-07-23,171.67999267578125,173.60000610351562,170.97000122070312,172.6199951171875,657900.0,0.645889143389462,0.6778516930826239,0.36865676879566367,0.826529696558416,0.6341924689109767,0.4809967213065434,0.3035686236455075,0.8429846056282849,0,0,-0.021174114126320604,0.06723524346433793,0.11114980345391434
2018-07-24,173.66000366210938,174.77999877929688,171.64999389648438,172.4600067138672,857500.0,0.6465610656291418,0.6779302488714334,0.36451672427764525,0.8268268045222577,0.6236248188034738,0.4891359808176382,0.3095132293929179,0.8371624057669314,0,0,-0.032615021678053156,0.05567142209584434,0.09303671656166489
2018-07-25,173.49000549316406,175.57000732421875,172.0800018310547,175.1999969482422,855500.0,0.6473194168884706,0.6782231447019347,0.4485767951574895,0.827135081102779,0.6307441378695646,0.5263057881627363,0.30861452180925586,0.8429710261533897,0,0,-0.03165955294740319,0.05670879275519856,0.09677598592645292
2018-07-26,178.99000549316406,178.99000549316406,169.0,177.0800018310547,1236200.0,0.649181839739956,0.6788830023688917,0.49989752737782567,0.8275921643751195,0.6535788451882711,0.5450897494378361,0.28273580617037897,0.8513644995861656,0,0,-0.06255711703639474,0.02442921720233391,0.06347029287033956
2018-07-27,177.7100067138672,178.44000244140625,173.24000549316406,174.22999572753906,639100.0,0.6495303465961095,0.6792409863519879,0.41785963834875495,0.8278189988004497,0.6424933448381087,0.5500211075113971,0.2587055702199933,0.8470251783833771,0,0,-0.054664602634269456,0.03139822397279115,0.07685791997752715
2018-07-30,173.4600067138672,173.92999267578125,169.39999389648438,170.1300048828125,688200.0,0.6488835200832905,0.6791276441639791,0.32063722164335406,0.8280487027967448,0.6415560314728983,0.4014538446653284,0.257750705008182,0.8423524810719094,0,0,-0.031165746815845424,0.0563048717164328,0.10130284296215832
2018-07-31,171.35000610351562,172.85000610351562,170.33999633789062,171.3800048828125,678700.0,0.6480192256325705,0.6790277678998344,0.35750925179856274,0.8282794855080057,0.6321594150010335,0.42251896460417343,0.25686404445435707,0.8469606758776245,0,0,-0.019514531410879634,0.07006405587983093,0.1130311830695879
2018-08-01,171.86000061035156,174.1199951171875,170.05999755859375,170.60000610351562,617400.0,0.6468677618727188,0.678600207693639,0.3393819558770468,0.8284868731201004,0.6260812510630469,0.44094034812911953,0.2461675838413843,0.84276869197745,0,0,-0.022348008647062385,0.06657721634394494,0.11909209406351372
2018-08-02,168.99000549316406,173.07000732421875,168.77000427246094,172.25999450683594,788400.0,0.6456661066591449,0.6784094313063593,0.3898732201161115,0.8287582858669703,0.6258432637089187,0.44650411294773,0.24359928053575522,0.8481217209811713,0,0,-0.005627237277381341,0.08341146083491154,0.15011723150122314
2018-08-03,172.14999389648438,174.07000732421875,172.14999389648438,172.22999572753906,588500.0,0.6442665019336473,0.6781468338045527,0.3890768518481432,0.8289607045267743,0.6141497728327956,0.4957604555079557,0.2331915674411639,0.8441259604932337,0,0,-0.023917306679259197,0.046209259071764944,0.12481133568796686
2018-08-06,171.69000244140625,175.77000427246094,170.5800018310547,175.44000244140625,649900.0,0.6435778520455493,0.6783746414824592,0.48210531811566615,0.8291948338412521,0.6161181207659524,0.5348193930518205,0.21054994441807792,0.8485386108604567,0,0,-0.02125067498636738,0.048888105311605604,0.13307785366960037
2018-08-07,175.27999877929688,177.86000061035156,175.27999877929688,176.7100067138672,535400.0,0.643045336802565,0.6785889832365015,0.5151213436361639,0.8293911227143881,0.6119075824407909,0.6306518060324513,0.19031918634766157,0.8521738362899245,0,0,-0.03710667131921727,0.027530789807574358,0.10237121787470066
2018-08-08,176.6699981689453,180.0,176.3000030517578,179.0,724400.0,0.6441800771682329,0.6792903619769404,0.5706520856264852,0.8296650863547789,0.6108481574667419,0.6718703235446088,0.184702364233737,0.8570923220969968,0,0,-0.044705979267355374,0.019466936283786006,0.10288046654883422
2018-08-09,179.0,181.08999633789065,179.0,179.91000366210938,617900.0,0.6448938185289577,0.6800478510166144,0.5915276574852522,0.8299015513179718,0.6077262127608452,0.7047864490704898,0.18574165353788766,0.8612877008658952,0,0,-0.057150814120329956,0.011675957194919852,0.0871508720866793
2018-08-10,179.14999389648438,180.5200042724609,178.7100067138672,179.97999572753906,345100.0,0.6459950993435555,0.6808188059801525,0.5931887841864087,0.8300337021850198,0.6125202314327185,0.6811387136858522,0.18429645869242614,0.8636308392590767,0,0,-0.057695455576323544,0.010783182713118136,0.09037857503556636
2018-08-13,180.0,182.32000732421875,179.67999267578125,179.85000610351562,423700.0,0.6471577219594093,0.681341754379988,0.5880692291870729,0.8301956313926245,0.6121766247186862,0.6859940729357712,0.19348324674383963,0.8607540275025105,0,0,-0.06239579950062606,0.012890362147418151,0.09345487122736436
2018-08-14,180.47999572753903,182.47999572753903,179.6199951171875,181.5500030517578,479100.0,0.6484959891378854,0.6819432568562824,0.6312362541940306,0.8303828466726061,0.6116967759117061,0.6811831573954944,0.2029314134216846,0.8640069907136761,0,0,-0.0651097640126752,0.011120377715466227,0.0829580075763685
2018-08-15,180.30999755859372,181.47999572753903,176.0,178.9600067138672,563400.0,0.648359377172983,0.6820588456480692,0.530160471407318,0.8305954722054721,0.6052085269293346,0.6271097523598443,0.1815210921839099,0.8601816526356743,0,0,-0.06356371849160952,0.011952619842846662,0.09049852744913678
2018-08-16,180.7700042724609,181.6699981689453,178.22999572753906,178.6199951171875,529200.0,0.6502914971414653,0.6820364001584946,0.5176857311284556,0.8307942033700998,0.6022332864163955,0.6307459242722386,0.16295449702527906,0.8565885235783818,1,0,-0.06705408778390552,0.009555159761544767,0.10421319399201419
2018-08-17,177.97000122070312,180.88999938964844,177.97000122070312,180.67999267578125,574100.0,0.6526055792629368,0.6824583489922966,0.575962055409298,0.8310157662586347,0.6148526979220557,0.6273478790462003,0.14363143907581097,0.8604865118470734,0,0,-0.05150597469340614,0.0252491021728952,0.07227636331329809
2018-08-20,181.7100067138672,184.0500030517578,181.63999938964844,183.22000122070312,642900.0,0.6555609191048115,0.6831788050289933,0.6384198757193393,0.8312721315141783,0.6154068401405153,0.6738740839927954,0.1471745439381493,0.8648516340521628,0,0,-0.07161834716601002,0.012951053978010723,0.03210088569893008
2018-08-21,182.9900054931641,184.5800018310547,180.67999267578125,183.6699981689453,416100.0,0.6586863262084244,0.6839340491772399,0.6488072241450946,0.8314389593199755,0.6262524237121743,0.659571206973599,0.14230981031604037,0.8676768438041269,0,0,-0.07761162059798278,0.008678071866047632,0.01959391067553896
2018-08-22,183.8500061035156,185.0,182.83999633789065,184.82000732421875,376600.0,0.6613684378662603,0.684747648516149,0.675307834643591,0.8315921256397641,0.6201050055378211,0.6671751933237284,0.1406073339168328,0.8702338589269092,0,0,-0.08210378385904708,0.0062611962103173956,-0.004736812678444632
2018-08-23,184.69000244140625,186.2100067138672,183.57000732421875,185.6300048828125,419200.0,0.6637522256131967,0.6854052612916786,0.693589979109908,0.8317643100351472,0.6110869847503291,0.6689018671061617,0.14705313746418222,0.8730801168649609,0,0,-0.08613785054676362,0.008224240949165662,-0.010983652736988573
2018-08-24,186.3699951171875,188.6199951171875,185.75,187.63999938964844,445900.0,0.6674910081870267,0.6860785848824997,0.7361045048963826,0.8319519894511126,0.6202524963364068,0.6900269375600395,0.1673270519104896,0.8761076607928648,0,0,-0.09481220913524928,0.012120885313882399,-0.039648765914744775
2018-08-27,188.5,189.52999877929688,188.0399932861328,188.3999938964844,378700.0,0.6725847813335168,0.6867406857285339,0.7512001907563363,0.8321128133458039,0.6248714279053537,0.6998737438263102,0.19105782746571923,0.8786789343642871,0,0,-0.10514813361605409,0.005489228217049851,-0.062193552584231745
2018-08-28,188.3999938964844,189.6499938964844,188.32000732421875,189.6499938964844,327900.0,0.6776785544800068,0.6876799715897775,0.7753630631229457,0.8322541261338333,0.6324505739017348,0.693327427530317,0.21375448204897116,0.8809052892733691,0,0,-0.1041931542461147,0.006634819747854171,-0.10196386452980993
2018-08-29,189.97999572753903,191.16000366210935,189.5399932861328,190.42999267578125,691300.0,0.683207263502299,0.6889020538386241,0.7899953995515031,0.8325547094757687,0.6413481450726852,0.6923408883359111,0.2430241567332402,0.8855990347709245,0,0,-0.11183755411379041,0.006222029910606745,-0.13324539850744643
2018-08-30,189.97999572753903,190.41000366210935,188.69000244140625,188.82000732421875,361800.0,0.6878242859061761,0.6896685207316577,0.7045694919018687,0.8327089988512283,0.6277231948153369,0.6606371196851417,0.2605783993155153,0.8831425077623674,0,0,-0.1113794689431586,0.006196544556819621,-0.11684083839609216
2018-08-31,188.5,190.1499938964844,187.91000366210935,189.1199951171875,735000.0,0.692533310376352,0.6906695282645301,0.7116047445957099,0.8330234579170391,0.6379360998416655,0.6464288950330204,0.2681969926450637,0.8881329647863847,0,0,-0.10449102299663146,0.014087509580178714,-0.11386505225096626
2018-09-04,188.75999450683597,191.77999877929688,187.0200042724609,190.83999633789065,535500.0,0.6968269131424685,0.6928432407089462,0.7505006782206213,0.8332571732023487,0.6337852944891699,0.6476880950455574,0.2853577597101179,0.8917688691895973,0,0,-0.1057000356942073,0.01596872012707897,-0.10094118459585201
2018-09-05,191.3699951171875,192.9199981689453,188.3699951171875,189.72000122070312,632100.0,0.7004541709697891,0.6950506196753734,0.6903335335575406,0.8335293378362357,0.6284082875678463,0.6440036826281128,0.30777974957865295,0.8874770761489424,0,0,-0.11842376482083074,0.008122003151862692,-0.1091490370507776
2018-09-06,189.75,191.3800048828125,189.47999572753903,190.17999267578125,377800.0,0.703571214249193,0.6970369239258263,0.7019352074476608,0.8336928435782,0.6210324237441652,0.6341966970790044,0.3286001687422926,0.8900422389566618,0,0,-0.11058399532231095,0.016708824312401425,-0.10473326475510898
2018-09-07,189.38999938964844,191.1100006103516,187.57000732421875,190.1100006103516,375600.0,0.7064150293445581,0.6992487926751083,0.6979066175228507,0.8338552252433583,0.6251826040634249,0.6142389091778027,0.32531273018964113,0.8874920135713272,0,0,-0.10842357719689504,0.018561357215502762,-0.12440847919499574
2018-09-10,191.08999633789065,191.6100006103516,190.50999450683597,191.32000732421875,457800.0,0.7095766867768001,0.7013069197524386,0.7300636716318701,0.8340559178234045,0.6265006186245817,0.6320439159168951,0.3258129259081993,0.890600355374858,0,0,-0.11740567036858124,0.009626015597177452,-0.11503863577388625
2018-09-11,191.9199981689453,192.2100067138672,189.41000366210935,191.1100006103516,401500.0,0.712716035005506,0.703400956530857,0.7168551426845834,0.8342314526619771,0.6342673623814513,0.6217586575247936,0.3138373034926193,0.8878742757896295,0,0,-0.12100142698224678,0.005226844876214953,-0.12115822594810736
2018-09-12,191.2899932861328,191.30999755859372,189.1000061035156,190.5800018310547,323100.0,0.7152336481940196,0.7052077088511677,0.6826699921761085,0.8343718065381588,0.633279884083276,0.6069794645981283,0.299259088325055,0.8856805116202962,0,0,-0.11783783654308704,0.008529144877854234,-0.15535548682850567
2018-09-13,191.25999450683597,192.4199981689453,190.5500030517578,192.2700042724609,364500.0,0.7189445485176638,0.7071760591072518,0.7320019726389763,0.8345332509716171,0.6377298803527705,0.6311797321885815,0.29497796212505745,0.8881553709199619,0,0,-0.11800813316347825,0.008710272044077878,-0.10384087047955991
2018-09-14,192.82000732421875,194.82000732421875,192.0500030517578,194.6000061035156,505700.0,0.7233998632297778,0.7091993963606817,0.7884418521738817,0.8347631809718888,0.6519708533917814,0.6759758767072916,0.3082258691953822,0.8915889411472347,0,0,-0.1156706974513212,0.010402038568459442,-0.11671088543591593
2018-09-17,194.4499969482422,195.2700042724609,192.77999877929688,193.6499938964844,523000.0,0.7270159707095645,0.7110398134906533,0.7287530501566988,0.8349983693119537,0.6408956133500442,0.6840603596327064,0.32343411164046865,0.8880379084621177,0,0,-0.12266184156484602,0.004213809344808173,-0.13288797430250637
2018-09-18,193.6199951171875,195.32000732421875,191.8300018310547,194.6100006103516,498800.0,0.7301915650126651,0.7129138971426356,0.7528998114494175,0.8352250441537797,0.6425299013753641,0.6811922335002206,0.325602978211708,0.8914246295010019,0,0,-0.0947069295942982,0.008778787816228859,-0.11453650077385266
2018-09-19,194.27999877929688,195.2400054931641,192.0200042724609,193.2400054931641,358200.0,0.7328597355454081,0.7145545634566686,0.6695182954700074,0.835385281484163,0.6372625471689467,0.6634576981835794,0.32761692574214474,0.8889925455472563,0,0,-0.09393144608173098,0.005344065267253051,-0.09763115944920953
2018-09-20,194.07000732421875,195.9499969482422,193.3699951171875,194.8500061035156,454800.0,0.7356561542188444,0.7167899992850639,0.7141458461407987,0.8355924107095584,0.633050443810153,0.6917341395523202,0.3350546876741377,0.8920805181384441,0,0,-0.09351069556276731,0.00972878063848918,-0.07752023680654493
2018-09-21,195.1100006103516,196.5,194.2700042724609,194.6000061035156,740000.0,0.7381570397589403,0.7187258046086751,0.6990084497441644,0.8359283618390351,0.6201504828754274,0.6863312418621782,0.34620754888439176,0.8870561124271885,0,0,-0.09807544270847625,0.00713368922816436,-0.0760585417500348
2018-09-24,194.3800048828125,195.94000244140625,191.9900054931641,195.41000366210935,452300.0,0.7403233595679755,0.7209006403549802,0.721816643339359,0.8361354905446378,0.6233847242293055,0.6469457942076238,0.32683819626691946,0.8901271106747574,0,0,-0.09445017629154355,0.0108941163961721,-0.06968138300766877
2018-09-25,195.97000122070312,197.6999969482422,193.7400054931641,196.82000732421875,480400.0,0.7426709054947511,0.7232729854504971,0.7588224508646327,0.8363588728240715,0.6312782929558374,0.6814718107778427,0.323597470374166,0.8933889005446048,0,0,-0.10219538839594923,0.0088531584622989,-0.07445884437378529
2018-09-26,196.5,197.58999633789065,195.16000366210935,195.3999938964844,817800.0,0.7442740370330567,0.7253658989270266,0.670072921911453,0.8367330801588176,0.6144848318609561,0.6628366467993444,0.3205882249023235,0.8878362532599227,0,0,-0.10415607782307744,0.006096925635539937,-0.04084947153207168
2018-09-27,195.8800048828125,198.3000030517578,195.3999938964844,196.7400054931641,495500.0,0.7460333032164761,0.7273061940334928,0.7084932765874502,0.8369630973064254,0.6126785020904328,0.668637719574724,0.3236352557387179,0.8912005681652296,0,0,-0.09165815875919332,0.012384842602540391,-0.03382804921607788
2018-09-28,196.42999267578125,199.7100067138672,196.2899932861328,199.4199981689453,552300.0,0.7489886388041165,0.730418070749614,0.7732207316718044,0.8372269303880081,0.6257448274442645,0.6977574212161609,0.33722291869062315,0.8949505401575627,0,0,-0.09382937348611355,0.01667182040512805,-0.06704273058015878
2018-10-01,193.67999267578125,195.41000366210935,188.3699951171875,190.8800048828125,1231300.0,0.7494793391802905,0.732494151821313,0.42313131827388795,0.8377613121920487,0.6187085059413941,0.4973668829909704,0.3243280187842841,0.8865903364382802,0,0,-0.06518904883845508,0.030237759971181073,-0.07406473347351546
2018-10-02,189.80999755859372,189.94000244140625,186.6999969482422,187.50999450683597,914200.0,0.7485509164049897,0.7341651164640406,0.33700103874105347,0.8381421445636871,0.6053800593049162,0.40216687717916366,0.322162141902231,0.8803831584636453,0,0,-0.04783112242907622,0.05186509273902946,-0.06821041460290363
2018-10-03,188.0399932861328,188.1199951171875,185.7400054931641,186.5800018310547,1106300.0,0.7476754673525015,0.7357496707664879,0.3154237785017082,0.8385974839360931,0.6042133128201316,0.3851523097109747,0.3255061440050536,0.8728716719253183,0,0,-0.027731838838343015,0.06223675414437137,-0.06506318226038568
2018-10-04,185.80999755859372,187.1499938964844,181.3999938964844,182.97999572753903,795300.0,0.7456680687119046,0.7366227468855981,0.2400188491678864,0.8389100775104718,0.5997971242826964,0.34389151950220215,0.34902274383957177,0.8674717937332082,0,0,-0.023635993240596644,0.07449892281520991,-0.035427165534797175
2018-10-05,182.7400054931641,184.9600067138672,181.8999938964844,182.66000366210935,671200.0,0.743590968700077,0.737248938030544,0.2338195859186742,0.8391726829474201,0.5912450442889194,0.35857905661011125,0.37085958654305307,0.8629145219583504,0,0,-0.007323268269581732,0.09274238505269054,-0.027161445714009018
2018-10-08,182.0399932861328,182.25,177.1199951171875,179.00999450683594,784200.0,0.7401588696071213,0.7377853523542437,0.16850072314124032,0.8394648219198634,0.5840306894630737,0.3362684892919902,0.40851432104497154,0.857590009851909,0,0,-0.026935279044702592,0.09673717876640889,-0.06843315312268866
2018-10-09,178.8000030517578,180.6499938964844,176.3699951171875,176.8300018310547,714500.0,0.7361775276227633,0.738537230021524,0.134860525422838,0.8397229621408772,0.5729913914333068,0.36083918912110946,0.44579341816457596,0.8527387424455684,0,0,-0.013574705374774572,0.11680914085113206,-0.06764985744909965
2018-10-10,175.33999633789062,175.57000732421875,169.0,169.19000244140625,1097400.0,0.7302138784704353,0.7382914666368983,0.04442632593441259,0.8400766529665818,0.5534777868348821,0.3348970681934357,0.498335401799451,0.8452876845705254,0,0,-0.035853623662504545,0.13781603870173534,-0.03800260787829142
2018-10-11,168.6199951171875,170.9600067138672,164.36000061035156,164.7100067138672,1272900.0,0.7225299999866419,0.7376304873804027,0.005848425947347635,0.8404576678918897,0.5288392377059756,0.3428373258444429,0.5549957281219706,0.836645027773421,0,0,-0.025178760242120426,0.1837579712042782,-0.0029552573602755258
2018-10-12,167.5399932861328,169.82000732421875,166.17999267578125,167.72999572753906,1021200.0,0.7150384937138885,0.7371221282063207,0.10092248897669559,0.8407787723054191,0.5189957188493649,0.38698525808687545,0.6076088882785962,0.8435787076549537,0,0,-0.01930661493630746,0.19531304788069037,0.018699542866301017
2018-10-15,166.75,169.25999450683594,166.75,167.0,782500.0,0.7076083292423909,0.7365352149557796,0.09318078846428074,0.841021786497448,0.5109913242216865,0.40968783438676215,0.6564639655668912,0.8382657381021733,1,0,-0.014249087524754709,0.19650633490391,0.01985334714050759
2018-10-16,168.88999938964844,170.0500030517578,166.97000122070312,169.6699981689453,988500.0,0.7006549197677405,0.7358877016231482,0.17445228926415196,0.8413419917948527,0.51864835365889,0.43494339283179384,0.6942610935661019,0.8449773935691681,0,0,-0.027125741193394462,0.18455094206119013,0.04580834668553518
2018-10-17,170.30999755859375,171.27000427246094,168.6999969482422,170.5399932861328,873200.0,0.6943260318566069,0.7351952990237185,0.20006910479127393,0.8416285369830684,0.5265642457917549,0.4545475199160045,0.717710829595341,0.8509061923084497,0,0,-0.03506805571081344,0.17327759458097594,0.01897802354837581
2018-10-18,170.36000061035156,172.58999633789062,169.14999389648438,169.8800048828125,747700.0,0.6873642585577471,0.7341718477136223,0.19028705439005988,0.8418712755183678,0.5180776830109961,0.4663588213965496,0.7272126064593919,0.8458295056188472,0,0,-0.03518236329429878,0.1721004295706289,0.009440604396238575
2018-10-19,170.3699951171875,172.42999267578125,165.1999969482422,165.72999572753906,849800.0,0.6793151413151484,0.7325805587368923,0.133564770472701,0.8421291564768597,0.5145928577000644,0.45825853684090057,0.7472661681681695,0.8400595867358405,1,0,-0.03537788046910985,0.17271021163979342,0.02643045304985352
2018-10-22,165.89999389648438,170.6999969482422,165.89999389648438,169.22000122070312,1150100.0,0.6720132249843445,0.7313730657137989,0.2364399648000693,0.8424982821260948,0.516469018662985,0.47068590652622594,0.7658873326120345,0.8478684637743743,0,1,-0.009292182017940609,0.20400659922158354,0.022023829417542922
2018-10-23,166.72999572753906,169.8300018310547,163.80999755859375,168.74000549316406,880800.0,0.6641843664572056,0.7301262947963008,0.22902186023246257,0.8427786586335663,0.5215019370636885,0.46980245573461316,0.7886143238038812,0.8418880630304907,0,0,-0.017255632595918377,0.19489428405874049,0.024760680836667118
2018-10-24,167.9199981689453,169.7100067138672,161.25,161.60000610351562,911900.0,0.6547607444702039,0.7278874941992899,0.13446473635302364,0.843035815856246,0.5184273955222656,0.4549618185206815,0.815680728485488,0.8356965014519854,1,0,-0.03952825620368683,0.18839639391981494,-0.015408265734777948
2018-10-25,174.86000061035156,175.5500030517578,166.0500030517578,171.47000122070312,1506300.0,0.6477153286750208,0.7270469613003017,0.3590587441063854,0.8435355042720217,0.5226942338412002,0.5086858798378667,0.7934322570175987,0.8459238829693695,0,0,-0.08422029762569097,0.1537747844365645,-0.04746285816370678
2018-10-26,168.75,172.82000732421875,166.52000427246094,170.3800048828125,1176200.0,0.6396188192647272,0.7261222646648113,0.3430257239180188,0.8439188822267912,0.5193920504729173,0.5051479240817073,0.7727729620831301,0.8379377937834522,1,0,-0.043739429326454436,0.1805564034143665,-0.00851464806364571
2018-10-29,173.32000732421875,174.92999267578125,165.9199981689453,168.58999633789062,855900.0,0.6334042426234283,0.7247655180402706,0.31660660205391367,0.8441899386601862,0.5194716886995289,0.5089862311543019,0.7387062420118364,0.8321264575020149,0,0,-0.07084168903810345,0.15488906346610037,-0.017431630095009646
2018-10-30,168.69000244140625,171.61000061035156,166.9199981689453,171.44000244140625,560900.0,0.6289238406929216,0.7234435595272795,0.37415160908082923,0.8443755758551242,0.536148690433284,0.5158730177368744,0.7070728590884922,0.8359348212363976,0,0,-0.04413074680003483,0.1839967076711371,0.0019574223751289066
2018-10-31,174.32000732421875,178.38999938964844,172.9600067138672,175.27999877929688,1122100.0,0.6257733378624477,0.7225020287746085,0.4447161004398199,0.8447685350352266,0.5389151914646247,0.6071310181251697,0.6500818407179139,0.8435535856263974,0,0,-0.0762366258638251,0.1480984544335041,-0.05179657464043408
2018-11-01,175.1300048828125,179.33999633789062,174.61000061035156,179.08999633789062,967100.0,0.6246887846962677,0.7218590035124817,0.5070893217471931,0.8451256132200994,0.5597857474023982,0.6584484788106068,0.6017751183003205,0.8501199407120126,0,0,-0.0791876139860627,0.14023278184754268,-0.06880418554645844
2018-11-02,177.30999755859375,182.33999633789065,177.30999755859375,180.2899932861328,685600.0,0.6240280128041216,0.7212597442152644,0.5257914969514847,0.8453827821340466,0.5677126807995804,0.7124698755104318,0.5706403713868107,0.8547749847061165,0,0,-0.08967557031099166,0.12507683071817785,-0.06197996019712969
2018-11-05,180.1999969482422,181.5,177.22999572753906,180.82000732421875,537900.0,0.6245326543053884,0.7204944006241196,0.5343069242095113,0.8455859129982207,0.577489293448943,0.7083596097933442,0.5412377301637635,0.8584271844792034,0,0,-0.10510842339523092,0.10821460143193445,-0.09983915175720676
2018-11-06,179.86000061035156,181.50999450683597,177.02999877929688,181.4199981689453,410900.0,0.6258123704601677,0.7197111013262556,0.544375895468576,0.8457422839005174,0.5937902894833536,0.7026434404609772,0.5126247098008588,0.8612170875964398,0,0,-0.10292003017665495,0.10977770876827603,-0.1195111145615862
2018-11-07,182.4499969482422,189.08999633789065,178.35000610351562,188.4600067138672,1002300.0,0.6311849533458143,0.7195775602524503,0.6478920144927525,0.8461591740626982,0.6265293181486346,0.7351577395467673,0.5161840258348079,0.8680224414402119,0,0,-0.11685589881055963,0.09513840778210025,-0.15340095971745252
2018-11-08,188.0,190.0800018310547,187.47999572753903,189.2700042724609,697000.0,0.6380324153748393,0.7194473856596113,0.6582804951100084,0.8464517785154372,0.6504288645073728,0.7339226890464914,0.5226388794341024,0.8727548884412188,0,0,-0.14193992914694983,0.06213523451501367,-0.20073225344033216
2018-11-09,187.6199951171875,188.8699951171875,181.3999938964844,183.2400054931641,1012100.0,0.6423566911687011,0.7188211945146654,0.5258106880319539,0.8468456471365132,0.6442518147291906,0.6610355844613778,0.49251512208452475,0.8658829951704597,0,0,-0.1393247451890314,0.04115817810046568,-0.16019438569770927
2018-11-12,182.5500030517578,183.2400054931641,178.63999938964844,178.91000366210938,635800.0,0.645677265515147,0.7176754231632008,0.44688291255669677,0.8470790617157583,0.6453688297498535,0.6068226503424012,0.4510824929712919,0.8615660801012486,0,0,-0.11624100858560837,0.04109363978150387,-0.12022483147174279
2018-11-13,178.89999389648438,180.6300048828125,176.00999450683594,176.7899932861328,608300.0,0.6476623592064421,0.716098723412224,0.41130946190405226,0.8472957909220283,0.6257885855106275,0.5759444519433893,0.4112831430374938,0.8574358828118476,0,0,-0.09865291786488514,0.06248956294073388,-0.10211832004752902
2018-11-14,177.91000366210938,179.07000732421875,175.52999877929688,175.83999633789062,544800.0,0.6491400291273794,0.7145411009575053,0.3953882009652283,0.8474872174019824,0.6116851505606317,0.5617549158926792,0.3764414914310775,0.8537368338503718,0,0,-0.09423612362010404,0.06883872747960511,-0.08982411610317148
2018-11-15,175.61000061035156,179.5399932861328,174.25,179.1999969482422,633800.0,0.6517384940346578,0.7133089192657605,0.4571525161132006,0.8477205729980702,0.6284533852844519,0.5681182143504564,0.3498377359561795,0.8580401694446878,0,0,-0.08166515530833879,0.08229072749124641,-0.08206328614135033
2018-11-16,177.5399932861328,179.3699951171875,176.5399932861328,177.77000427246094,448500.0,0.6550953144554987,0.7119241174916018,0.43091071900690514,0.8478824159962194,0.6398275986599153,0.5663558404644872,0.3251342487294885,0.85499497219942,0,0,-0.09090398193945173,0.06997772744685798,-0.12963167479432777
2018-11-19,177.6199951171875,177.69000244140625,168.9499969482422,169.5399932861328,870800.0,0.6551845299984722,0.7094799512815582,0.30307539201176237,0.8481604005368927,0.6194517648355911,0.48830646691087304,0.33203720492353106,0.8490824688300128,0,0,-0.09208524905077836,0.07009060254490536,-0.1002981459331427
2018-11-20,166.1199951171875,170.25,164.97000122070312,166.69000244140625,581300.0,0.6546129779035337,0.7067395244723975,0.26668858874824497,0.848337537623104,0.6064080589961883,0.42610668666617246,0.35026269516997455,0.8451355944516982,0,0,-0.028724757048730117,0.14132362665267928,-0.013566048625984421
2018-11-21,168.3300018310547,170.22999572753906,167.11000061035156,168.6199951171875,536100.0,0.656570189344643,0.7042751593765573,0.30597585760181445,0.8485060583167342,0.6203876701563276,0.435116409575585,0.36718636468452914,0.8487755726973794,0,0,-0.042474063995190124,0.13048173064635604,-0.02105701874993821
2018-11-23,166.8699951171875,169.99000549316406,166.8699951171875,168.1199951171875,296800.0,0.6556361892684581,0.701565030896091,0.2989554743592584,0.8485985847420626,0.6157557866055102,0.4361049669243259,0.38363290022897645,0.8467603786229191,0,0,-0.033329351677905794,0.13764682354389052,-0.004922321522295461
2018-11-26,170.27000427246094,170.89999389648438,168.47000122070312,170.6199951171875,413800.0,0.6557030998621296,0.6988739797118828,0.35160347365096667,0.8487327685337017,0.6166657494486141,0.458329195713831,0.3927354971244378,0.8495699719787536,0,0,-0.053652180195303795,0.11783248949528731,-0.027777767693189053
2018-11-27,169.30999755859375,170.80999755859375,168.32000732421875,170.0800018310547,717400.0,0.6561185215661889,0.696228941096362,0.3428240703888972,0.8489633700167954,0.6276784008297681,0.4549757771231835,0.4017283030844846,0.8446990143338148,0,0,-0.047239466588062405,0.12173253350637718,-0.03270426673744866
2018-11-28,171.00999450683594,177.27000427246094,171.00999450683594,176.5399932861328,719200.0,0.6575404269867544,0.694201114060077,0.46734353012794894,0.8492178414678516,0.628211175967584,0.5199280800504673,0.3705289832658527,0.8495821935061593,0,0,-0.05738472719756211,0.11212374834733087,-0.04797735368927066
2018-11-29,175.61000061035156,175.69000244140625,172.75,173.52999877929688,757900.0,0.6570525173881396,0.6919892453107945,0.4145047201479102,0.8494744014730432,0.6249264927598311,0.5082170722115777,0.34155818629140866,0.844436251494591,0,0,-0.08134134562403168,0.08196443735698127,-0.0704090200933903
2018-11-30,173.64999389648438,174.14999389648438,171.66000366210938,171.97000122070312,739100.0,0.6550674236968446,0.6894216374698439,0.3882098846166895,0.8497186804143831,0.6006971686583169,0.4940534132329264,0.31989452543269603,0.8394179565470383,0,0,-0.07145735022020737,0.09468108137006745,-0.06794210435699852
2018-12-03,175.35000610351562,175.74000549316406,171.57000732421875,174.86000061035156,1268400.0,0.6535535119557465,0.6872064022395954,0.4425214117274938,0.8501560819687722,0.6110427425230234,0.5174179243326641,0.2905858379284616,0.8480300595256282,0,0,-0.08199107985944559,0.08565444916543821,-0.11007738442867072
2018-12-04,174.5,176.6999969482422,168.9600067138672,169.5500030517578,997200.0,0.6504113729494816,0.6843043774946618,0.3546899677889843,0.8504730934800367,0.5903658020808084,0.4910411918157467,0.2762567621485842,0.841259333342839,0,0,-0.07577490537430326,0.08909986147016155,-0.09070113550836087
2018-12-06,165.97999572753906,171.02999877929688,164.82000732421875,170.9199981689453,758200.0,0.6474839153577927,0.6813978629668727,0.38107761287284103,0.8507192202933048,0.596115367345373,0.4601247109906351,0.28039485951203835,0.8464073122756416,0,0,-0.027897349704530273,0.142140994808232,-0.0511942938339644
2018-12-07,170.92999267578125,172.39999389648438,164.27000427246094,165.32000732421875,610500.0,0.6410323566068499,0.6780222688717568,0.2984546049374015,0.8509001313197756,0.5732923972693343,0.4440404646159336,0.27580538006992716,0.8422621775638558,0,0,-0.03896553050940984,0.11204077557001067,-0.06605425583361671
2018-12-10,164.8699951171875,168.0800018310547,163.74000549316406,167.19000244140625,654700.0,0.6348763309892476,0.6747061498444917,0.33574086418863913,0.8511002188476379,0.5753991572761379,0.43414476257615325,0.27380875397515503,0.8467074186708274,0,0,-0.006835165581667007,0.15249217031805695,-0.053109111966574654
2018-12-11,169.9499969482422,170.64999389648438,166.3000030517578,167.2899932861328,501700.0,0.6304293801013425,0.6711005014676914,0.33778804907944515,0.8512537450199206,0.5794971149484288,0.46775555234779326,0.2560462084577977,0.8501138299483098,0,0,-0.037143318167331754,0.12040196536193785,-0.06848493798099546
2018-12-12,169.52000427246094,173.0800018310547,168.38999938964844,170.35000610351562,699400.0,0.6280428058310814,0.6687966127180858,0.3998992817258098,0.8514784442702626,0.5871132460349858,0.5209323683619808,0.22596435925552957,0.8548625723191909,0,0,-0.0345507741721931,0.12290034301948909,-0.06437924983378965
2018-12-13,171.0,172.39999389648438,168.3699951171875,169.02000427246094,773100.0,0.6258764902762801,0.6667216549482755,0.3768265732637771,0.8517215451463748,0.5850518105287768,0.5125627736169429,0.19814033346742296,0.8496134262984185,0,0,-0.042618105352014476,0.11200470294941141,-0.07848543961344522
2018-12-14,167.85000610351562,169.32000732421875,164.85000610351562,165.44000244140625,638100.0,0.6229769149347772,0.6643493115651093,0.31819101592909504,0.8519106365564509,0.5847059288274795,0.44314191265665814,0.1904847162723098,0.8452808948330777,0,0,-0.024316651913735752,0.1315228680961587,-0.04857417173314363
2018-12-17,164.99000549316406,165.52999877929688,162.25999450683594,163.07000732421875,1101800.0,0.6184797853558526,0.6621150007509535,0.2825499322745524,0.8522238558910628,0.5657946940852386,0.3826879447981132,0.19495032503698004,0.837799962113265,0,0,-0.01650151684019112,0.15165616518155414,-0.024419780496272185
2018-12-18,164.27999877929688,167.82000732421875,164.0800018310547,166.2100067138672,777600.0,0.6152567946308232,0.6602689722485884,0.35186260128240077,0.8524570406394597,0.5686400730310607,0.448242176111583,0.18508214571488932,0.8430796619525519,0,0,-0.012387343973344702,0.15821427542136413,-0.021831099519825852
2018-12-19,167.02999877929688,168.8300018310547,161.2899932861328,162.1999969482422,618300.0,0.6132103633925063,0.6583825442622799,0.29060691881720246,0.8526299337844828,0.5734891909932914,0.41193153567668683,0.18827899081915425,0.8388815672886745,0,0,-0.03453465652670095,0.1386799959128737,-0.02520908653002702
2018-12-20,161.92999267578125,162.36000061035156,155.35000610351562,158.25,1060200.0,0.610857244419081,0.6562974853372212,0.23769708064314377,0.8529052337028703,0.5738231441116205,0.31672062366625287,0.2125519256802834,0.8316830876466837,0,0,-0.04056711896465257,0.1735512311030195,0.002959377283350356
2018-12-21,158.77000427246094,160.75999450683594,154.3300018310547,154.6199951171875,1055800.0,0.6069539676301625,0.6546624303955821,0.19443426608322956,0.8531599940455598,0.5577255812468599,0.3290814666673523,0.2382489304492809,0.8245144828494627,0,0,-0.028056887465442337,0.19785148536236177,0.032796223958333336
2018-12-24,153.75,155.13999938964844,150.02999877929688,150.1699981689453,713500.0,0.601949410026646,0.6530307419349088,0.14760180334152978,0.8533161463358688,0.5472241963327985,0.3128955687798396,0.2742901363619905,0.8196700051805696,0,1,-0.024058991968559512,0.22713747397656964,0.038546157690343086
2018-12-26,151.3800048828125,157.3800048828125,149.8699951171875,157.3000030517578,478300.0,0.5982357231796769,0.6518602819147927,0.2972195560582078,0.8534378828994654,0.5497781280877932,0.3896330646327564,0.29363177923329864,0.8229175366017771,0,1,-0.010055335846286675,0.21215955915846937,0.06352795766435358
2018-12-27,155.5399932861328,160.5800018310547,154.39999389648438,160.52000427246094,504400.0,0.595570343424493,0.6511330929161636,0.3548462732489308,0.8535743652086784,0.553154166057821,0.451825509148101,0.2931063580152169,0.8263422801703681,0,0,-0.03604576006956378,0.1595042028602129,0.04806111043046372
2018-12-28,161.17999267578125,163.08999633789062,159.5,160.6300048828125,357600.0,0.5911345513925901,0.6501186194594271,0.3568170585189132,0.8536712976626916,0.5414836283555515,0.4917535684433096,0.2794256133053019,0.8287702902816451,0,0,-0.07045849275830172,0.11437827137848783,0.02442071594441702
2018-12-31,162.0399932861328,163.3800048828125,160.5,162.02999877929688,330600.0,0.5879282883159784,0.6491636227828916,0.38286934055440613,0.8537632121375033,0.5479065866897971,0.509181251679293,0.2652104430828949,0.8310149774818357,0,0,-0.07576416484469341,0.10894602171472953,0.029322085355742655
2019-01-02,158.19000244140625,162.91000366210938,158.19000244140625,161.17999267578125,758700.0,0.584919974751291,0.6481873022063203,0.36918885661874934,0.8539708473992144,0.5608339924890396,0.49932488802377545,0.2613715027736532,0.8258636036803093,0,0,-0.05134856129667407,0.13071648975712694,0.0651114184486794
2019-01-03,159.61000061035156,160.1699981689453,153.91000366210938,154.30999755859375,1227800.0,0.5791905211852817,0.6469057431772725,0.2707864429869534,0.8542644136825085,0.5300520434641821,0.4472886431228624,0.2730530691487282,0.8175271640420937,1,0,-0.060429370491140284,0.11217274260226077,0.07240351594021902
2019-01-04,156.6999969482422,160.1300048828125,156.3000030517578,159.7899932861328,805100.0,0.576469376929726,0.6458475020432761,0.3737724829105876,0.85447888530191,0.5557725391858422,0.4899213039987016,0.2839002379255835,0.8229935816611907,0,0,-0.04426156398882215,0.13330314075345648,0.08495885436958486
2019-01-07,159.9499969482422,165.47000122070312,159.63999938964844,163.82000732421875,913300.0,0.574489860539315,0.6452953769042846,0.4395640193019986,0.8547404779973738,0.5500562229624418,0.5559852409419286,0.2645362624315858,0.8291946488721228,0,0,-0.0630828102796439,0.1083923152384402,0.05150507587043809
2019-01-08,165.1699981689453,166.3699951171875,161.9499969482422,164.82000732421875,634200.0,0.5743504577968535,0.6456567273683469,0.455283810790712,0.85492521800545,0.5610146412507377,0.5811133738994068,0.2421371625919623,0.8335007003614178,0,0,-0.09339520429563487,0.07386158932082278,0.0283848672163134
2019-01-09,165.91000366210938,167.32000732421875,164.82000732421875,166.0399932861328,415200.0,0.5740298289366519,0.6450473686282314,0.4749004437497292,0.8550486604711739,0.5542548404703806,0.6083263835650887,0.21659234447237033,0.8363197993496789,0,0,-0.09731833413506315,0.06892367495170179,0.037434764559913285
2019-01-10,163.94000244140625,166.89999389648438,163.94000244140625,165.60000610351562,554600.0,0.5735586512406892,0.6445109543045318,0.46682570642332943,0.8552122783059976,0.56007007191182,0.6029077162360184,0.19707734850655736,0.8325542109612164,0,0,-0.08473866473827325,0.08028187406683045,0.046073200468644444
2019-01-11,163.75,164.6300048828125,161.35000610351562,163.72999572753906,885700.0,0.5717129560376215,0.6439655621274725,0.4320156896288181,0.8554651782400245,0.5688487296438028,0.5744405952099153,0.19083557455368413,0.8265405405038393,0,0,-0.08381645151713453,0.08164253486808243,0.04873192649023354
2019-01-14,161.9199981689453,163.83999633789062,161.02999877929688,162.85000610351562,729500.0,0.5699927267061562,0.6430015875975774,0.41561305791284786,0.8556701649364108,0.5814619985816478,0.5715472588949212,0.1864738652053565,0.8215874270357839,0,0,-0.07359679573808861,0.0902705622975284,0.05777809174080393
2019-01-15,163.4199981689453,164.25,162.22000122070312,163.17999267578125,546300.0,0.5693626235875209,0.6416437176711474,0.42248893007688915,0.8558245151279288,0.5889708163404771,0.5894595752995389,0.17984216746011553,0.8252966606034311,0,0,-0.08320541936697719,0.08154742573884488,0.028983733766045152
2019-01-16,163.17999267578125,165.02000427246094,161.05999755859375,161.86000061035156,757700.0,0.5690252670789016,0.6397101572389636,0.3957009429610443,0.8560335093629822,0.5907520620540052,0.5791250913802664,0.17941789754456264,0.8201520765393523,0,0,-0.08156635712712092,0.08285332074578247,0.02052951497657975
2019-01-17,156.89999389648438,158.30999755859375,153.5500030517578,156.4199981689453,1223500.0,0.5662957589991366,0.6370314521014317,0.2983484144681785,0.8563375213880703,0.5932054750695062,0.45463759056689707,0.20843528690885213,0.8118448327721616,0,0,-0.0434325883651781,0.12232795611698229,0.03947855780027578
2019-01-18,157.5399932861328,159.33999633789062,156.6999969482422,158.63999938964844,1306300.0,0.5653032121534891,0.63454239833694,0.3499246652498307,0.8566763443784678,0.6116789797056845,0.5037608374538015,0.2285424863764319,0.8207142668000171,0,0,-0.0490346391684594,0.09934796526552507,0.02947193878222922
2019-01-22,155.94000244140625,159.16000366210938,153.69000244140625,157.3000030517578,921600.0,0.5650383477936594,0.6318356380497903,0.32655277545532735,0.8569090571547181,0.619832804625675,0.47677857649372934,0.25706482799251884,0.8144568447682696,0,0,-0.03826277954849028,0.10804336520166966,0.03240039970640489
2019-01-23,158.33999633789062,160.75999450683594,155.85000610351562,159.63999938964844,1162300.0,0.566437952519157,0.6286014395799504,0.3812494980680169,0.8572159408624084,0.6470086035483552,0.5142046950840206,0.2728072979718503,0.8223485566036647,0,0,-0.0538461605618416,0.09370632680988587,0.004132289527416978
2019-01-24,151.86000061035156,159.5500030517578,151.0,156.08999633789062,2096400.0,0.5680884804793915,0.6248779592322862,0.3177632403405315,0.857731782824246,0.6653361014051281,0.4368310523079994,0.3025229567575365,0.8081145510184267,0,0,-0.012465581939190992,0.13292408733295885,0.03839892825262682
2019-01-25,157.92999267578125,159.83999633789062,156.7899932861328,158.5,723700.0,0.568423046210452,0.622101621009687,0.37328720844553187,0.8579184043239386,0.6588465508218798,0.4923660259974071,0.32815880646703466,0.8130282840092856,0,0,-0.05163686173165216,0.09705944974511986,0.026651315008709115
2019-01-28,157.14999389648438,158.80999755859375,155.52000427246094,158.75,603400.0,0.5679295593109535,0.619839253333563,0.3790298693566756,0.8580746937104243,0.6603274392332367,0.4781556166197777,0.3557770413248196,0.8171252115851932,0,0,-0.04593059166748817,0.09621451104100946,-0.0473186119873817
2019-01-29,159.25999450683594,159.33999633789062,157.42999267578125,157.6300048828125,463000.0,0.5670931428561852,0.61768910796826,0.3567505165042124,0.8581919932017891,0.6563422085050773,0.49352832584400924,0.377483698631636,0.8139815631469347,0,0,-0.059149602454478346,0.06337015947957678,-0.04730705201156496
2019-01-30,158.02999877929688,160.39999389648438,156.52999877929688,159.63999938964844,556700.0,0.5664267979173891,0.6158711346155126,0.40622864572737394,0.85833856612153,0.6617580000563685,0.5132199986717562,0.38962494350873134,0.8177614099840373,0,0,-0.05176681728948622,0.06851489384769671,-0.030768292541266392
2019-01-31,159.30999755859375,161.66000366210938,159.30999755859375,160.9499969482422,843800.0,0.5663626738470424,0.6138231086934309,0.437397098739587,0.8585661444209308,0.6640000782449687,0.5539777355174791,0.39148086180857866,0.8234905904423582,0,0,-0.05913306488034458,0.05963420388911781,-0.035204179019509056
2019-02-01,160.7899932861328,161.89999389648438,160.0,160.72000122070312,667300.0,0.5681498180264133,0.6119097471470438,0.43184638009961973,0.8587452725808823,0.6795167545732484,0.5544801600494187,0.3913786572159845,0.8189597986435463,0,0,-0.06784714741222973,0.04995345571523904,-0.03995025037402758
2019-02-04,159.5,163.1199951171875,159.5,162.83999633789062,532000.0,0.5690001756062746,0.6111578694797632,0.4837785554960947,0.8588936485309354,0.6758915590345713,0.5740610268295389,0.38186588432013624,0.8225719389656921,0,0,-0.05991789951263398,0.04865609298671046,-0.032603319147368644
2019-02-05,162.9600067138672,163.91000366210938,162.25,162.41000366210938,371100.0,0.5686070588515173,0.6106775654552987,0.4720687160520525,0.8589963259658354,0.6640169425247838,0.5997653748890793,0.366990623286337,0.8200522673988719,0,0,-0.08038572765328553,0.02677475256941559,-0.05815525321588076
2019-02-06,162.24000549316406,164.4600067138672,162.1699981689453,163.9600067138672,389700.0,0.5683672859643145,0.610154618767814,0.5106169288790138,0.8591071336719148,0.6645309604645728,0.6184160293944122,0.3489022719032824,0.8226982280822183,0,0,-0.07616532292993547,0.0312788727080108,-0.03946803471198273
2019-02-07,162.6699981689453,163.2100067138672,158.6999969482422,159.7100067138672,416600.0,0.5666024509884795,0.6092108448360656,0.3985390076350904,0.8592167432357752,0.6607763298312161,0.5513456436225028,0.35058967396014473,0.8198696234615304,0,0,-0.07806783683594001,0.02836063042732332,-0.06361302908448294
2019-02-08,158.8300018310547,161.19000244140625,157.8800048828125,160.9199981689453,700600.0,0.5652976391068392,0.6081223053733746,0.43023963892307326,0.8594052335507621,0.6696297458813489,0.5438813693705417,0.3560598879323238,0.8246265135173488,0,0,-0.04902636968191192,0.05315888257630947,-0.048149784723154405
2019-02-11,161.30999755859375,163.24000549316406,161.10000610351562,163.10000610351562,384600.0,0.5651219945442172,0.6073390060755106,0.48463982119946347,0.8595128472846169,0.6685144432195957,0.622315470510644,0.3444870355974258,0.8272378465397121,0,0,-0.0640690882171747,0.037347811546177515,-0.05251054588858979
2019-02-12,163.6300048828125,166.52000427246094,163.60000610351562,165.10000610351562,430100.0,0.5657493068852935,0.6060552038673857,0.5308104145711635,0.8596374448244902,0.665038646441333,0.6907042012593927,0.3108431717624105,0.8301581126159433,0,0,-0.07743718215924861,0.022624171081050082,-0.07093811705240248
2019-02-13,165.92999267578125,166.97000122070312,165.22999572753906,166.75,532800.0,0.5667446445084998,0.6052943483467457,0.5667218776513645,0.8597961247707019,0.6723363532095591,0.7113048984714697,0.2767064411237169,0.8337756847280473,0,0,-0.09042999469315786,0.008419228328592418,-0.0740156602674641
2019-02-14,166.3800048828125,169.88999938964844,165.50999450683594,168.74000549316406,715400.0,0.5686628276061232,0.604931876293145,0.6075264569258214,0.8600161913406846,0.6858387181739117,0.7307234444143974,0.2608368933569257,0.8386330628980908,0,0,-0.09223391234070465,0.021049442319855696,-0.05667173737350075
2019-02-15,169.17999267578125,171.7100067138672,168.5,171.27999877929688,660500.0,0.5728058772822446,0.6045301263451395,0.6550296914376796,0.8602276324278809,0.689791420192623,0.7456136802319149,0.2558042474997754,0.8431176844822588,0,0,-0.10773967099650089,0.014993563800662746,-0.04569154441203612
2019-02-19,170.67999267578125,171.27000427246094,169.33999633789062,169.80999755859375,704100.0,0.5759201340383235,0.6045593030842955,0.6070004614916676,0.8604477896392507,0.6731588070877959,0.7061414938045119,0.2511310763467073,0.8383370303453735,0,0,-0.11489953769289744,0.006013627075121385,-0.0312937026492458
2019-02-20,169.94000244140625,170.4499969482422,167.5800018310547,168.17999267578125,574000.0,0.5789535348214039,0.604251818028041,0.5558450878903562,0.8606225449627435,0.6624283632376877,0.6619833476194473,0.23351727930616514,0.8344397210504267,0,0,-0.11153643904194105,0.010423439714438421,-0.019021234167467302
2019-02-21,168.27000427246094,170.0399932861328,167.19000244140625,169.82000732421875,438700.0,0.5817917768701191,0.604756810721157,0.5910625462679658,0.8607596448954454,0.6579735354166159,0.6515656462619035,0.21427992966864115,0.8374183788687075,0,0,-0.10268762649879638,0.020454290588761734,-0.013497469207511919
2019-02-22,170.63999938964844,172.13999938964844,170.25999450683594,172.0800018310547,349800.0,0.5862498781055578,0.6053055693791825,0.6361834553737521,0.8608728670615274,0.656741734369322,0.6757317541049778,0.20945191949797828,0.8397934290278929,0,0,-0.11565185810027635,0.008832881493970343,-0.0194912107869265
2019-02-25,173.19000244140625,173.44000244140625,171.4199981689453,171.58999633789062,684700.0,0.5898994408821805,0.6057881182950744,0.619365859058591,0.8610927516406767,0.645526637502915,0.6682666720422643,0.21240794747691857,0.8351444957974921,0,0,-0.1289516632106503,0.0014528126298222956,-0.03085772606980222
2019-02-26,171.60000610351562,172.6699981689453,171.05999755859375,171.82000732421875,453100.0,0.5935434306121532,0.6059530827118136,0.6242779281212574,0.8612387282962587,0.6351738502568844,0.6510322665916571,0.21205979268241557,0.8382209258350188,0,0,-0.12005365431065469,0.01072321450644099,-0.034617416913450764
2019-02-27,171.4600067138672,171.77999877929688,169.88999938964844,171.3800048828125,272900.0,0.5973770060298409,0.6062179233926974,0.6074819005747152,0.8613260333237,0.6441053002596818,0.6286874653250139,0.20168744529063273,0.8363680064855572,0,0,-0.11907813899262512,0.011523662222891628,-0.019264420185577842
2019-02-28,171.25,171.4499969482422,167.9199981689453,168.13999938964844,706700.0,0.599746852651684,0.6065209186660969,0.4938706309163563,0.8615406735307477,0.627781158169369,0.5932967413960694,0.17643144676124448,0.8315696990313082,0,0,-0.11815847486902976,0.01277863449066737,-0.023106585371934087
2019-03-01,167.60000610351562,168.3300018310547,165.4199981689453,166.52999877929688,756400.0,0.6013025877680611,0.6069092009778876,0.4444623942551047,0.8617642575635601,0.6190227432844876,0.5470971289000183,0.1662840155089186,0.8264339416259113,0,0,-0.09872728775885559,0.03473293897400933,-0.003509049594513152
2019-03-04,166.97000122070312,167.2899932861328,161.7100067138672,163.2899932861328,553700.0,0.6020191156521109,0.6065815153234861,0.3567847030654916,0.8619189501673051,0.6176818353632478,0.4924081070637575,0.177622484103879,0.8226744640011515,0,0,-0.09589864491543205,0.03885186613901231,-0.002161776334537018
2019-03-05,163.24000549316406,163.39999389648438,161.97000122070312,162.14999389648438,511300.0,0.6018267391868368,0.6065759039510927,0.3289869613593275,0.862058856502041,0.6034799641678703,0.4600355334368573,0.1881510620849137,0.8192028712441719,0,0,-0.07495869922485647,0.06246553596440382,0.01763726953541382
2019-03-06,161.9199981689453,162.13999938964844,159.9499969482422,161.0800018310547,527000.0,0.6014559273813813,0.6068934884502455,0.3033143973335941,0.8622002137569033,0.6088790364007484,0.4363511269987516,0.20808362652698423,0.8156246796092642,0,0,-0.06734504212141122,0.07104535742267892,0.015602829938507501
2019-03-07,160.6300048828125,161.25,157.91000366210938,158.99000549316406,783200.0,0.6000702637809767,0.6073838936299585,0.25597470553003454,0.8624020826918096,0.6004116405201508,0.4167244075109905,0.23580123581507403,0.8103069572402705,0,0,-0.059783987914978576,0.0795256854542952,0.017196355737424927
2019-03-08,157.58999633789062,158.0800018310547,155.66000366210938,157.99000549316406,610500.0,0.5995907180065709,0.6082614595319238,0.23454524217589423,0.862556342227602,0.6139789357435123,0.38893087693934614,0.2705974415149389,0.8061618225284847,0,0,-0.013019636416822999,0.09969183946092204,0.03874459682545411
2019-03-11,158.61000061035156,162.16000366210938,158.61000061035156,162.08999633789062,563300.0,0.5999169199134224,0.608798995445162,0.3747961737509632,0.8627100862589377,0.6132073550127403,0.45020086121512776,0.2694752547092777,0.8099864816327418,0,0,-0.019558176026674822,0.09386670875010733,0.03379958321554509
2019-03-12,153.63999938964844,154.6999969482422,148.91000366210938,149.64999389648438,2278500.0,0.5961669827378242,0.6075791563753925,0.16113030713161292,0.8631908711288606,0.5785617945658424,0.32735899026645787,0.3028009439285192,0.794516064858288,0,0,-0.029181293321020114,0.12215438027700977,0.06545746714827544
2019-03-13,149.77999877929688,153.1199951171875,149.14999389648438,151.75,1252400.0,0.5924449278124118,0.6065826369130247,0.21755635013785213,0.8634678966640482,0.5849818710947479,0.3725238281374934,0.3337462267749576,0.8030195320377156,0,0,-0.005813532593855576,0.15810226947603773,0.0847978814498593
2019-03-14,152.99000549316406,154.67999267578125,152.17999267578125,153.17999267578125,656100.0,0.588661535339978,0.6055894839316232,0.25498257690348136,0.8636175900358131,0.5759502705819458,0.41952650444553063,0.351559708652476,0.807474278777114,0,0,-0.02688633826065692,0.13476110015316103,0.04533765814842463
2019-03-15,153.57000732421875,155.1199951171875,153.47999572753906,153.69000244140625,910400.0,0.5844655119410438,0.6047489527449854,0.2685657325539952,0.8638275064404214,0.5585969228739678,0.4421591318898982,0.36499697475021087,0.8136556557494479,0,0,-0.030421751435728797,0.12971664752095965,0.03610131246710265
2019-03-18,153.55999755859375,154.99000549316406,152.97999572753906,154.36000061035156,514400.0,0.5797481236466591,0.604754564117379,0.2870882537733629,0.8639477714175611,0.5536211370549444,0.45310303760484927,0.37929702366302653,0.8171482966925152,0,0,-0.030255669351408644,0.12935132127668278,0.021732033865794143
2019-03-19,155.3300018310547,156.14999389648438,153.6999969482422,154.25999450683594,639600.0,0.5754126975052636,0.6041339843448268,0.28522389659013814,0.8640969390669001,0.5538593226266129,0.46727155552779837,0.3837134686346799,0.8128055806210029,0,0,-0.04159107374682648,0.11732314420020211,-0.01988861953925693
2019-03-20,153.7899932861328,154.33999633789062,151.39999389648438,153.49000549316406,431300.0,0.571317048505305,0.6029747453571475,0.2702389678611057,0.8641958498542391,0.5626627197006634,0.4592690038048569,0.3969280038711608,0.8098771668598347,0,0,-0.03163483597691418,0.12738240538704712,-0.009529275342019547
2019-03-21,153.49000549316406,156.5500030517578,153.49000549316406,155.8300018310547,477300.0,0.5674165582397117,0.6019658815604538,0.34198867380385334,0.8643108106997709,0.5606443055364007,0.4875053912888868,0.3926847878428459,0.8131179085435946,0,0,-0.029839088325908397,0.12997586966097732,0.005733204720372685
2019-03-22,155.5399932861328,156.49000549316406,152.08999633789062,152.24000549316406,604500.0,0.5618850584398607,0.6004172386714453,0.26972130671532824,0.8644456168127207,0.5454447671982184,0.47635575806602953,0.3947392876846958,0.8090135122564945,1,0,-0.04254629754295604,0.11486882464828556,-0.016749025089412704
2019-03-25,151.6999969482422,152.6199951171875,150.13999938964844,151.13999938964844,401200.0,0.5561834871240374,0.5987945280641316,0.24952100322689452,0.8645328744157358,0.5538367407758765,0.45773068818963164,0.40455700459067223,0.8062894695925004,0,0,-0.01832628209053822,0.1428008717074057,-0.00019704925259098218
2019-03-26,152.5,153.85000610351562,152.16000366210938,152.86000061035156,662200.0,0.5508973332580391,0.5975746907067125,0.30321239479894213,0.8646824886392658,0.5523298167011171,0.48184671908682936,0.4041693260881182,0.8107856337303293,0,0,-0.023752787828425142,0.1385470591899475,-0.01905521301073759
2019-03-27,152.6199951171875,154.2899932861328,150.50999450683594,152.05999755859375,514700.0,0.5455108092472993,0.5963638294903024,0.28668701060708923,0.8647966987025989,0.5480642593757752,0.4771356856617379,0.41084162121434153,0.8072909558660276,1,0,-0.024270518384564805,0.1362031089957279,-0.03787775260378168
2019-03-28,152.41000366210938,154.4199981689453,151.22999572753906,153.7100067138672,488400.0,0.5414876481418964,0.5953011019981518,0.3388824377793923,0.8649090276226684,0.5632442282065727,0.4935452280931005,0.41596503090395265,0.8106070636354563,0,0,-0.02301723041032757,0.13830066498056676,-0.0252531658525836
2019-03-29,156.72999572753906,157.35000610351562,155.00999450683594,156.92999267578125,772000.0,0.5388111137849447,0.5947478535572714,0.4302061613796111,0.8650988124482096,0.5747488416912845,0.5615160122558526,0.3978052402913348,0.8158487409450365,0,0,-0.05087497055404262,0.1087112483507534,-0.08639644915257687
2019-04-01,163.8000030517578,163.8000030517578,158.35000610351562,161.47000122070312,1002500.0,0.538303690014587,0.5953145679220162,0.5350688385875464,0.8653676389106916,0.5813260696377618,0.6697206853031896,0.37002823570927146,0.8226554527362981,0,0,-0.09488306942326384,0.06142866143863755,-0.13910662620214137
2019-04-02,161.47000122070312,165.88999938964844,158.41000366210938,165.32000732421875,892400.0,0.5391875071455181,0.5960642024102194,0.6070916025712247,0.8656237916271426,0.6007612355322471,0.7100462603074686,0.3538887762693751,0.8287146144345744,0,0,-0.07778533141537718,0.07413142460030138,-0.11444847704113116
2019-04-03,167.27000427246094,168.3000030517578,165.82000732421875,166.7100067138672,600200.0,0.540757183386988,0.5971201986527885,0.6306947592221243,0.8658001186491978,0.5975830040053591,0.7576368559560791,0.3491721214796789,0.8327898148506495,0,0,-0.11105734210587524,0.03732154546088888,-0.14916527080565148
2019-04-04,166.72000122070312,167.44000244140625,164.32000732421875,166.0,526600.0,0.542711608304772,0.597833921727553,0.6095864942177247,0.8659529233125441,0.6029956662632293,0.7114985950502197,0.33540330251332506,0.829214339110721,0,0,-0.10683220467480364,0.04030952522386375,-0.15895866434390643
2019-04-05,166.60000610351562,167.42999267578125,165.80999755859375,167.3300018310547,499100.0,0.5453156505129344,0.5990952818708044,0.6338832454326561,0.8661009839475197,0.600818265819108,0.6946568876479273,0.3226179706159964,0.8326030970708393,0,0,-0.10656627976750753,0.04120479721620859,-0.16313254115093184
2019-04-08,167.0500030517578,167.91000366210938,165.42999267578125,167.8800048828125,308800.0,0.5469299366530083,0.6001479116324073,0.6440063525975983,0.8661934081122277,0.5967271910073039,0.6805484322130452,0.3131107614598906,0.8346997679946714,0,0,-0.10840852920066033,0.03358629687258204,-0.15340941784524162
2019-04-09,167.52999877929688,167.86000061035156,165.27000427246094,165.66000366210938,583200.0,0.551393615189331,0.6009233563788006,0.5719568271545464,0.8663615176977054,0.6187141923749612,0.6509094749377274,0.3031090511920125,0.8307399931152062,0,0,-0.11091252427699809,0.02531570095537395,-0.16213962609605512
2019-04-10,165.42999267578125,168.19000244140625,164.97999572753906,168.14999389648438,565000.0,0.5559660234403705,0.6021039158418151,0.6220232491234077,0.866531274012046,0.6214936832042044,0.6456844847802111,0.29565092197800935,0.8345761947731243,0,0,-0.099722254306882,0.03633951550997016,-0.16920196884981745
2019-04-11,168.4199981689453,168.83999633789062,166.66000366210938,167.2899932861328,354200.0,0.5598999690027997,0.6029624027351721,0.5941129814102747,0.8666361609570054,0.6211820737932029,0.6385646486344059,0.29243666930837175,0.8321712697691693,0,0,-0.11602732807023816,0.0024977590496010936,-0.1872137785917412
2019-04-12,168.2899932861328,168.69000244140625,166.75,167.00999450683594,659200.0,0.5636136558497689,0.6036424592879255,0.5847393478405626,0.8668303949199171,0.6245048811158831,0.627568861055672,0.2894520061151368,0.8276954748436832,0,0,-0.11584667584316237,0.0032877223613553934,-0.18919239145613584
2019-04-15,166.82000732421875,167.47000122070312,164.75999450683594,166.61000061035156,588300.0,0.5670290230400725,0.604303438544421,0.5707123651665601,0.8670025116174879,0.624896924059501,0.6081555420042483,0.26927026138876187,0.8237010723032351,0,0,-0.10723911293450342,0.012095018742062136,-0.1759775798761225
2019-04-16,167.25999450683594,167.38999938964844,165.5399932861328,166.1199951171875,465600.0,0.5703356562614257,0.6046715219704153,0.552902239554386,0.8671375612573408,0.6278584257149668,0.6036116263752254,0.2505300698571281,0.8205397705476127,0,0,-0.11013739137809275,0.00948323525158502,-0.18744370453833806
2019-04-17,165.17999267578125,167.0,164.27999877929688,164.4499969482422,593400.0,0.5733913619938078,0.6049004512378604,0.4935833400472257,0.8673047344510566,0.6158944538666457,0.5868971881606788,0.22231351472175512,0.8165107403461815,0,0,-0.0979411840350368,0.022032288524493793,-0.19925350239371573
2019-04-18,164.33999633789062,164.85000610351562,162.0399932861328,163.39999389648438,659600.0,0.5755019173024711,0.6048376062643428,0.45808702807337476,0.867487070357332,0.6112221464531369,0.5619313744913108,0.20833824429913542,0.8120322295257165,0,0,-0.09382786842274965,0.027363940915221166,-0.18236540462699938
2019-04-22,163.39999389648438,163.97000122070312,162.5,163.75,450200.0,0.5787109669024078,0.6052909767287282,0.4694462210909728,0.8676122570828259,0.6262164484984389,0.5567842269487508,0.19536120747813138,0.8150889693246451,0,0,-0.08867803412253836,0.033292549844601275,-0.163219089138039
2019-04-23,163.39999389648438,164.52999877929688,162.24000549316406,163.9499969482422,594900.0,0.5822824644835907,0.6056310050051048,0.4762510664275855,0.867778215607019,0.6325505210193946,0.5518088060878976,0.17809668799641795,0.8191281841322477,0,0,-0.08848848998091603,0.03322138895515267,-0.15480910439527673
2019-04-24,163.9499969482422,166.63999938964844,163.75,164.25,868300.0,0.5854580587866913,0.6057600580084055,0.48695826368534134,0.8680216228565388,0.6247999519606543,0.5674957370701036,0.16125834056477154,0.8250237131580359,0,0,-0.09027144450896248,0.02982616334657313,-0.15443728293220416
2019-04-25,156.5500030517578,168.94000244140625,156.0,162.47000122070312,1031300.0,0.5883604249057532,0.6054649172864768,0.41725350097470104,0.8683015087588758,0.6263798857509969,0.5009046881736872,0.17781815572643442,0.8180214569282821,0,0,-0.03902589748620624,0.07543378623834665,-0.09814313775328197
2019-04-26,161.88999938964844,163.22999572753906,159.5399932861328,159.8699951171875,499600.0,0.5900778634596595,0.6046928390210495,0.33048994138866483,0.8684306307109652,0.6147555057673789,0.43313000339674307,0.19319512694797855,0.8146293040994398,0,0,-0.07232104334164755,0.04339264478850419,-0.11866805339101626
2019-04-29,160.25999450683594,160.6300048828125,158.55999755859375,159.10000610351562,363600.0,0.5906828751056676,0.6036110325202906,0.30729320971342955,0.8685231992001742,0.6033440541346382,0.371765818804251,0.21229107575129466,0.8121605555634769,0,0,-0.06330140380481883,0.05429416525726241,-0.11440541593014954
2019-04-30,158.8000030517578,158.91000366210938,156.42999267578125,156.89999389648438,504800.0,0.5894087319975385,0.6019972997663368,0.24607405995276743,0.8686462092629185,0.5955155851404992,0.3358001414777743,0.2398219616279292,0.808733096099907,0,0,-0.05443119629093474,0.06373349466153398,-0.10094278405083526
2019-05-01,157.0,157.0,152.1999969482422,152.25999450683594,835700.0,0.5857675287908908,0.6000278279207141,0.146297999356987,0.8688306669648894,0.5687051193919695,0.3040620185262627,0.28129709220465515,0.803058912514912,0,0,-0.04372212158833789,0.07609944490682219,-0.07565325416786692
2019-05-02,151.5800018310547,154.4499969482422,150.3699951171875,152.32000732421875,557800.0,0.5817555180330218,0.598248010872833,0.1490147653368858,0.8689538995629739,0.5711760244448203,0.32845831523200164,0.3255663523311657,0.806846228063207,0,0,-0.009457523271758682,0.11401550792497998,-0.09621706084204347
2019-05-03,152.74000549316406,155.1699981689453,152.1999969482422,154.3699951171875,585900.0,0.5785130088820156,0.5965142012565876,0.23960592291775906,0.8690892115832235,0.575096510061685,0.3937329916701845,0.3599654397295363,0.8108243352337808,0,0,-0.017069366980671265,0.10635501686761278,-0.09145225357637869
2019-05-06,151.0,153.2899932861328,150.2899932861328,152.92999267578125,521400.0,0.5744982073465876,0.5943651757684727,0.20722611089519405,0.8692058903238699,0.5743930712669825,0.39611112488809375,0.39822439354082306,0.80728416612858,0,0,-0.005571034770705971,0.11621430983260306,-0.06471468425959534
2019-05-07,150.91000366210938,152.27999877929688,150.00999450683594,151.6699981689453,604200.0,0.5699787685641269,0.5921297416524278,0.1803157704972344,0.8693373043337983,0.574020173817193,0.40873988525523064,0.4346599707305241,0.8031818067627143,0,0,-0.0058851055932599115,0.11789707475839169,-0.061923766914577516
2019-05-08,151.0,151.9199981689453,149.35000610351562,149.6199951171875,516500.0,0.5655067262035951,0.5896384429965087,0.13991790565472484,0.8694443935433741,0.5740131046211491,0.41665466005025353,0.47070624485344437,0.7996749073710069,0,0,-0.010878841672078388,0.11828313218163865,-0.05742735424948779
2019-05-09,147.9499969482422,148.41000366210938,145.44000244140625,146.8300018310547,497700.0,0.5595625954772439,0.5868834269615946,0.09245073006063104,0.8695407189069965,0.5640691585720307,0.39890337021978894,0.5157043454922443,0.7962956550433151,1,0,-0.016775795941378183,0.14028877274540727,-0.028204794535635933
2019-05-10,146.17999267578125,148.77000427246094,143.52000427246094,148.57000732421875,675200.0,0.5543433607133854,0.5846872707399546,0.16957542283456284,0.869677133594812,0.5772634370617494,0.418532733093972,0.562218464862753,0.8008800857679634,0,0,-0.018116109583523294,0.15500925888302505,-0.02056792873398401
2019-05-13,144.77999877929688,145.88999938964844,141.0500030517578,143.4499969482422,842500.0,0.5477747041692831,0.5820972191217799,0.08802641336867134,0.8698260495613909,0.5853780063112478,0.40084369335982173,0.6108696618796675,0.7951597319683246,0,0,-0.025105980639815364,0.1626169648722296,-0.025307897432021005
2019-05-14,143.61000061035156,143.9600067138672,141.91000366210938,141.97000122070312,634300.0,0.540904937190956,0.5797046768528171,0.06857160669328649,0.8699334980956436,0.5715208399575853,0.41017349925697,0.6560457733953738,0.7908530015052848,0,0,-0.017845922712130945,0.17657722112182364,-0.006831619019780476
2019-05-15,141.22999572753906,143.2100067138672,140.6300048828125,142.99000549316406,465200.0,0.5344561692175722,0.5775545314875141,0.1110793079296632,0.8700146094780631,0.5810682884486601,0.4198305295541619,0.7007950552495652,0.7940115873659281,0,0,-0.004226180457615347,0.19518212633378712,0.012819661256390431
2019-05-16,143.1999969482422,144.6199951171875,142.44000244140625,142.61000061035156,581400.0,0.5283670584478755,0.575481816896781,0.10524198422597836,0.8701148632127661,0.5815546406648021,0.43801788502262334,0.7265988710848018,0.7900640340138687,0,0,-0.017973228664240812,0.18001261979386815,0.016994250235807452
2019-05-17,141.00999450683594,142.44000244140625,139.85000610351562,140.22000122070312,690700.0,0.5219043493493989,0.5733754357840368,0.07004480210650643,0.8702258031326296,0.5734966546016942,0.4261519241692458,0.7574609968600384,0.785374362358782,0,0,-0.008133990592214561,0.19584887325596836,0.049856255381261615
2019-05-20,138.91000366210938,139.75,138.02999877929688,139.52000427246094,786900.0,0.5151488936409063,0.5713027211933037,0.060298985254742976,0.8703494315533847,0.5779504133473341,0.4221782044925832,0.7904241773267038,0.7800315179612319,0,1,-0.006275887000082051,0.2141634468539929,0.05327343571296588
2019-05-21,140.61000061035156,142.27000427246094,140.61000061035156,141.3800048828125,740900.0,0.5088562560584016,0.5689786335579017,0.1440688343775378,0.870472552027589,0.572027478014046,0.4547076475768835,0.795449838734544,0.7850620344361904,0,1,-0.0184919850347506,0.20305333259401703,0.05153384619574187
2019-05-22,141.5800018310547,141.75,140.19000244140625,140.30999755859375,492400.0,0.5021816520686737,0.567930493579154,0.12547219948739863,0.8705517587380988,0.5746075200622965,0.45677045809575556,0.8015137392761068,0.7817187677169711,0,0,-0.025109654329835043,0.19352100484810286,0.04300467973596619
2019-05-23,138.97000122070312,139.25999450683594,136.64999389648438,137.39999389648438,1080800.0,0.49519199651962814,0.5663201273061662,0.07963331355581432,0.870710084780819,0.5667641972726778,0.4344460011463398,0.8178619329199149,0.774380419483559,0,1,-0.016534868253061653,0.2135984729683114,0.021666262839633396
2019-05-24,138.25999450683594,139.08999633789062,135.7899932861328,136.94000244140625,644700.0,0.488798988792382,0.564497665882914,0.07288707593646288,0.8708030217918327,0.5704308316993315,0.43646544676605475,0.8353700140851636,0.7700030757510637,0,1,-0.017976720017644224,0.22328973287789436,0.032168838175315274
2019-05-28,137.85000610351562,138.7100067138672,135.72000122070312,136.63999938964844,1217900.0,0.48253701572915425,0.5625843043365266,0.06830555372778879,0.8709766976928749,0.5654050276670629,0.44171834510957486,0.851823732852683,0.7617338545135798,0,1,-0.015554292718257284,0.22703370661318178,0.027165190261295893
2019-05-29,136.16000366210938,137.75999450683594,135.0399932861328,137.42999267578125,582400.0,0.4771086725973696,0.5606844087140037,0.10838305290609179,0.8710619632804087,0.5782803512434159,0.444275206632046,0.8690849751262677,0.7656881976030869,0,1,-0.008196797284685966,0.23990046052195912,0.048302040941216255
2019-05-30,137.63999938964844,138.42999267578125,135.85000610351562,136.02999877929688,608800.0,0.47258366076825903,0.5586386276833497,0.08373939116357465,0.8711468797128726,0.5832450940355518,0.4494704501605344,0.8773133643178146,0.761554605444962,0,1,-0.01891876767867873,0.2277523446108259,0.05762932832012748
2019-05-31,134.9199981689453,134.9199981689453,131.52999877929688,132.0800018310547,697300.0,0.4669406362218986,0.5562359842591382,0.02556937527237524,0.8712305887880502,0.5756273575525402,0.40432943100021246,0.8975797054670207,0.7568201215227208,0,1,-0.024920969051455872,0.25009192514701856,0.08204075396792457
2019-06-03,132.1300048828125,134.8300018310547,132.1300048828125,134.35000610351562,877100.0,0.46135895347679373,0.553825486283456,0.1308114675075694,0.8713455991521574,0.5806608310092415,0.42513440921077017,0.916398450819855,0.7627754002380482,0,1,-0.004542747540866186,0.2786947081184774,0.10894911561293646
2019-06-04,136.0,137.35000610351562,135.0500030517578,136.72999572753906,835200.0,0.45684230547189214,0.5520849437052784,0.2281143344642514,0.8714648072734129,0.5804671164235073,0.47028140562073395,0.9066579332444382,0.7684461889543194,0,1,-0.0332713138640204,0.24518050573087607,0.06676591598955202
2019-06-05,138.22999572753906,138.27999877929688,136.47000122070312,138.0500030517578,669200.0,0.45304497612859923,0.5506159764822673,0.27779823991517927,0.8715646104252547,0.5842152162607283,0.4973202672820827,0.8883849887776165,0.7729898812542818,0,1,-0.04900166135888153,0.2246032887696626,0.05382871966892902
2019-06-06,137.86000061035156,139.7100067138672,136.91000366210938,138.6300048828125,567000.0,0.4499809065720081,0.5490190778454944,0.29947581380596766,0.8716507526865723,0.5933882724678546,0.5197034740194694,0.8577210264731807,0.7768396623870951,0,1,-0.04585296407912022,0.2251358286417578,0.07323433818803404
2019-06-07,139.4199981689453,141.41000366210938,138.97000122070312,140.42999267578125,595800.0,0.448196548915962,0.5477139517373335,0.36465754295142794,0.8717464953180466,0.5959314650189763,0.567880300523068,0.8141007974675977,0.7808849879584007,0,0,-0.056914081452410364,0.17175212233975576,0.04472334076221958
2019-06-10,141.75,143.1999969482422,141.60000610351562,142.61000061035156,446400.0,0.4465348663539595,0.5464683024093739,0.4359311683457878,0.871822976727611,0.587287411368137,0.6323730433191536,0.7589999637677435,0.7839159267550283,0,0,-0.0727764847520759,0.13444424886072484,0.04194260269775144
2019-06-11,143.47000122070312,145.1699981689453,141.74000549316406,141.97000122070312,505500.0,0.4461222354274594,0.5447894832151758,0.41628942373109756,0.8719079740273948,0.5799373462270366,0.6466065879730705,0.6932906927011859,0.780483714475245,0,0,-0.08372486074121485,0.10826731908930035,0.03646305957497302
2019-06-12,142.13999938964844,143.08999633789062,141.75999450683594,142.74000549316406,439300.0,0.4463369168420354,0.5426875918852865,0.44185335502767764,0.8719834765919491,0.5936781581877804,0.6357016519291533,0.6322749409965255,0.7834664461359944,0,0,-0.0747341024098289,0.10467000410354696,0.03909278723700166
2019-06-13,143.52999877929688,145.1999969482422,142.83999633789062,145.1300048828125,662100.0,0.4469335604096007,0.5404218577281967,0.515633471240349,0.8721049855711517,0.5977216336539549,0.6757603738244576,0.5878900672653652,0.7879619313000785,0,0,-0.08406893329266889,0.08154686101792176,0.07201904430211888
2019-06-14,140.4499969482422,142.3300018310547,135.1300048828125,136.92999267578125,1187500.0,0.4453499430430378,0.5370799267303912,0.29787238568099506,0.8722751172960582,0.5959635620944628,0.5246028941088898,0.5653475406898394,0.779899118081003,0,0,-0.061462122709552064,0.10142631244716777,0.08130643323057772
2019-06-17,136.94000244140625,139.6999969482422,135.6699981689453,138.80999755859375,860400.0,0.44495682628828065,0.5340286483840098,0.3525209097222691,0.8724062291138274,0.6125789891115062,0.5258053027192927,0.5444151945839941,0.7857410081809546,0,0,-0.03950926715463295,0.11940401460065497,0.09450086272950588
2019-06-18,140.32000732421875,144.25999450683594,139.92999267578125,141.00999450683594,573900.0,0.44537224373810574,0.5310750014103454,0.41208998737547153,0.8724998250001573,0.597834855437001,0.6191127675851932,0.4955622945740594,0.7896376385021567,0,0,-0.06332403068598487,0.0861608793705917,0.04610614515559546
2019-06-19,141.99000549316406,142.00999450683594,140.3000030517578,141.44000244140625,554100.0,0.4453889713865236,0.5281078885128168,0.4235038808678432,0.8725913274815645,0.6019004432425563,0.6070067325430263,0.4501988874219772,0.7933998320218956,0,0,-0.0741791867338886,0.07042048835268808,0.019643919733204375
2019-06-20,142.88999938964844,142.9600067138672,140.77999877929688,142.2899932861328,1032200.0,0.445941005055485,0.5254852919621693,0.4466531589768803,0.8727659939099776,0.6157965259914662,0.6228908300591367,0.40813894928526107,0.8004081990153523,0,0,-0.08031674501036312,0.04157243199460764,-0.02722006530727084
2019-06-21,142.2100067138672,143.86000061035156,140.77999877929688,143.72999572753906,1869500.0,0.4477058442855541,0.5227448651530087,0.4852658845275375,0.8730952366231671,0.6528473581778029,0.6310024120490846,0.37453067744817425,0.8131016131737202,0,0,-0.07505803948626061,0.04610301404261201,-0.0534120912370322
2019-06-24,144.0800018310547,144.86000061035156,142.69000244140625,143.16000366210938,752700.0,0.4494400147421124,0.5200369832763205,0.4680095813515257,0.8732255963924188,0.6489008066137744,0.6379269679778802,0.34934160590310903,0.8079909777968796,0,0,-0.08731652003627798,0.012593039813518546,-0.055381666670028494
2019-06-25,143.36000061035156,144.25999450683594,140.83999633789062,141.02000427246094,474400.0,0.4506611841274288,0.5171203710179837,0.4056633196642515,0.8733027656861921,0.649651010614166,0.5975577817982495,0.31313588466008546,0.804769926351718,0,0,-0.08263482487033334,0.01285272625609483,-0.06538139404105718
2019-06-26,142.3000030517578,143.58999633789062,141.83999633789062,142.6300048828125,480300.0,0.4521109760524144,0.514429321546126,0.45337984455607205,0.873384651552863,0.6413284731367769,0.6069397758024543,0.2795162863629922,0.8080310372478207,0,0,-0.07637217377793085,0.02056441503775149,-0.034675927113153406
2019-06-27,143.0399932861328,143.92999267578125,142.61000061035156,143.0500030517578,406000.0,0.45406819174775764,0.5118403932298403,0.46569466208395116,0.873454685114751,0.6479581134213662,0.6136527500852677,0.2507290518232759,0.8107876706515635,0,0,-0.08069826903737938,0.015144104242891072,-0.06730695166570383
2019-06-28,144.0399932861328,146.08999633789062,143.63999938964844,145.6300048828125,1135100.0,0.4578460069193076,0.509728402457053,0.5372624241314902,0.8736647014452713,0.6680915565466238,0.6589728968167773,0.23873779143913001,0.8184947016283828,0,0,-0.08745189961519692,0.014330674645397163,-0.09479201166942669
2019-07-01,147.8800048828125,148.88999938964844,146.27999877929688,148.1199951171875,522400.0,0.46168515538364524,0.5080136718494159,0.5972163711950168,0.8737676613287494,0.6621008081848593,0.7326986116213716,0.24388166364133693,0.8220416604710312,0,0,-0.11227086146616809,0.006935346240279765,-0.11172151154944547
2019-07-02,148.13999938964844,148.44000244140625,144.67999267578125,146.3800048828125,541100.0,0.46437563086569017,0.5060644006019404,0.5376639853913481,0.8738696757210903,0.6546488266278833,0.6881435686415913,0.2355941680515998,0.8183677335381119,0,0,-0.11213881419055068,0.005063462224709267,-0.13846882806067923
2019-07-03,147.14999389648438,149.32000732421875,146.85000610351562,147.8000030517578,525300.0,0.4670939843436868,0.5042520386215865,0.572430645444654,0.8739723219134751,0.6440633081570362,0.720582611096198,0.23307253622350274,0.8219343826193585,0,0,-0.10670852982750209,0.014824520804406473,-0.14332555695933344
2019-07-05,147.02000427246094,147.9499969482422,146.11000061035156,147.66000366210938,402100.0,0.46961159753220055,0.5023902993039295,0.5673741463480715,0.8740505978371106,0.6465504051775312,0.6766567155875396,0.22450791876785695,0.8192042291916614,0,0,-0.10480382390614462,0.015561590015342413,-0.12368063871348796
2019-07-08,139.8300018310547,142.3000030517578,138.77999877929688,142.00999450683594,963500.0,0.4700521107088865,0.5000942651057947,0.39444470619436445,0.874211516741343,0.6582822729171001,0.47444560150384263,0.2215542303976792,0.8126623171608577,0,0,-0.056210231924080964,0.06426930284303702,-0.06873905528608627
2019-07-09,141.1300048828125,142.77000427246094,140.47000122070312,142.67999267578125,871600.0,0.47007162488062953,0.4981651927441156,0.4138601813379986,0.8743598571906465,0.6699913375778037,0.5064554632770507,0.21554824623790267,0.818580252320223,0,0,-0.06760091877232985,0.05767201435256733,-0.09865504315300888
2019-07-10,143.57000732421875,145.19000244140625,141.0500030517578,141.57000732421875,761500.0,0.46996010438835395,0.49619796578992065,0.38396040882650806,0.8744852735857763,0.6677304779011893,0.5275396194430244,0.19384348742209542,0.8134098672538431,0,0,-0.08438470117026833,0.04029997403396289,-0.09945334433574642
2019-07-11,141.72999572753906,143.80999755859375,141.05999755859375,142.75999450683594,772000.0,0.4699656774350039,0.4946111665960458,0.4208395426764123,0.8746168418965735,0.6672932246259905,0.5255845999565886,0.17368906852170293,0.8186515445634233,0,0,-0.07204913767421448,0.05361313275415254,-0.08744782781335324
2019-07-12,143.17999267578125,146.44000244140625,143.17999267578125,145.55999755859375,482100.0,0.47008556175148825,0.49385928892876535,0.5000142932722718,0.8747055557569307,0.6604506489645096,0.6042580149079382,0.15850371062878618,0.8219248769869318,0,0,-0.08160545212073768,0.04300935055123927,-0.13161945929630217
2019-07-15,146.5,147.0,144.57000732421875,146.0800018310547,406300.0,0.4726366344910718,0.49315903177786496,0.5138125687156356,0.8747813317160479,0.6722655674061215,0.6194702856320733,0.14772128180044788,0.824683547311909,0,0,-0.09872214453289613,0.019373504888137855,-0.14674361753649592
2019-07-16,145.97000122070312,146.97999572753906,145.1999969482422,146.52000427246094,646100.0,0.4747862266516892,0.49227810110728404,0.5258808129886927,0.8749031792874579,0.6693953627344389,0.6197865878478439,0.13770902645984792,0.8290703966768309,0,0,-0.07475354622171058,0.022932681144062373,-0.16360898977479393
2019-07-17,147.02999877929688,147.60000610351562,144.8800048828125,144.97000122070312,533700.0,0.47589029824384627,0.4913848261023774,0.4724414948136544,0.8749997624303362,0.6657988429848749,0.5991630126278442,0.1324526353311056,0.8254467138010241,0,0,-0.08121753719277655,0.015629323492671314,-0.15574664912232286
2019-07-18,144.9499969482422,146.25,144.0500030517578,145.58999633789062,606800.0,0.47704733930458204,0.49070252465819625,0.49147880556169243,0.8751113706996326,0.6667887770997297,0.5766739278927067,0.12074502008709678,0.8295667264842536,0,0,-0.06773809741837332,0.030144239078287893,-0.11609299640849557
2019-07-19,146.85000610351562,149.08999633789062,146.0,147.97000122070312,623700.0,0.4786309566711449,0.49051736135566065,0.5599225263524304,0.8752332779329434,0.6629298540400976,0.6485729012223886,0.1281786502922798,0.8338014857303483,0,0,-0.08050004475240809,0.01696545973509509,-0.12445917186454881
2019-07-22,148.0,148.0,145.35000610351562,145.6199951171875,881300.0,0.47915789886747956,0.4903815736780774,0.47733535059378873,0.8753953707065615,0.6217484133460492,0.5969725707618113,0.12949351270611972,0.8278176901177409,0,0,-0.08697705623446872,0.008920776598831724,-0.13462186932899897
2019-07-23,147.05999755859375,148.0,145.1199951171875,147.63999938964844,507000.0,0.48040694624874797,0.490277207631078,0.5339926620063732,0.8754935699884264,0.6355169853223508,0.6123420913752327,0.12867458457880018,0.8312600870036957,0,0,-0.08192551212613765,0.015519913757765616,-0.13178131750772676
2019-07-24,147.8300018310547,148.75999450683594,146.92999267578125,148.6699981689453,945500.0,0.4825398065067133,0.4908629992920805,0.5611891890105504,0.8756813640012701,0.6573066763597697,0.6478184739455256,0.13311903884329132,0.8376797837604417,0,0,-0.08602002845261884,0.01009215320593216,-0.11216470893425667
2019-07-25,146.02000427246094,149.13999938964844,142.32000732421875,147.69000244140625,2056300.0,0.48395056157974486,0.4915049012523182,0.5251754678575387,0.8760796164631498,0.6782706445930252,0.5796118818568153,0.12116882951196792,0.8237180466468542,0,0,-0.07324947550798569,0.022196832531118763,-0.08784554866108665
2019-07-26,148.22000122070312,153.99000549316406,147.60000610351562,153.80999755859375,1241500.0,0.48695050706598936,0.49271912723734385,0.6656833553788889,0.8763567862011409,0.7005708571724465,0.7635037508833994,0.12012030407001342,0.8321475056881026,0,0,-0.0886315669409233,0.039068347058563414,-0.09134000453765323
2019-07-29,153.35000610351562,153.52000427246094,150.02000427246094,152.25,778900.0,0.48879619801482305,0.4938009337381027,0.6111830846659994,0.8765246661941716,0.6921204812092642,0.7349146896079145,0.11914667330248416,0.8268589791901337,0,0,-0.11494706595931863,0.004160973927618915,-0.08107406162562802
2019-07-30,151.02000427246094,151.5399932861328,148.99000549316406,149.8800048828125,548800.0,0.48928689839099676,0.49488498513028917,0.5346046633406747,0.8766365813639933,0.685638392408294,0.6640224599597684,0.11054982780904507,0.8231327712788674,0,0,-0.08039412474984606,0.01950739718031609,-0.05714283709847085
2019-07-31,150.27000427246094,150.27000427246094,146.0399932861328,146.72000122070312,727000.0,0.48938169123485425,0.49569297309680466,0.44549320657158265,0.876773613033006,0.6781055940233603,0.5828408374973794,0.09705247166385875,0.8181966321544313,0,0,-0.07666136321617961,0.024819863220659103,-0.059914669694262256
2019-08-01,146.7100067138672,149.72000122070312,144.4499969482422,144.75999450683594,846500.0,0.48853412017831804,0.4960722775552356,0.396294939797064,0.8769250318898868,0.6674290668943714,0.5432476758959343,0.09402846249368998,0.8124491194050018,0,0,-0.05404858143806598,0.04961831187791471,-0.04689207214811342
2019-08-02,142.72999572753906,143.00999450683594,138.16000366210938,139.0399932861328,836900.0,0.486130814005405,0.49592975691572044,0.2781970236282484,0.8770514003406428,0.6536321268809001,0.37759151517387773,0.12082496587453015,0.8067667881350696,0,0,-0.03156944072151012,0.07778398862189287,-0.014644896363873434
2019-08-05,136.69000244140625,137.1999969482422,133.5800018310547,134.61000061035156,679000.0,0.48406765511867017,0.49561666219942263,0.20786118622160238,0.877139268876547,0.6349074125821473,0.28559263088267856,0.1612090977911886,0.8021565564081202,0,0,-0.022367669451417754,0.12442465396381196,0.016829663772171693
2019-08-06,135.94000244140625,136.27000427246094,133.14999389648438,136.1199951171875,810300.0,0.4822386918182546,0.495524640486749,0.2504922106163423,0.8772500250355079,0.6336959425850832,0.329979432306724,0.20002767957675063,0.8076582806619451,0,0,-0.02072660673257082,0.1340910999919404,0.02102371159811925
2019-08-07,133.6999969482422,135.2100067138672,131.32000732421875,134.0,703800.0,0.48012813225535705,0.4952283781752815,0.21741972573451185,0.877338936556329,0.6479639188158748,0.34514551619256784,0.24165834817119294,0.8028796634462942,0,0,-0.017484496836592398,0.14905972136903134,0.03305906671628875
2019-08-08,135.69000244140625,137.91000366210938,135.1699981689453,137.41000366210938,655700.0,0.4786365254635608,0.49522613499620455,0.310429537282532,0.8774325930692805,0.651955499174543,0.42202710521088044,0.26032796650623413,0.8073316942907135,0,0,-0.03261190385960821,0.13656718695341652,0.010820872748076027
2019-08-09,136.42999267578125,136.5800018310547,133.13999938964844,133.44000244140625,679100.0,0.475257404347652,0.49493548405713056,0.24633758130280214,0.8775164682053732,0.6386036013673402,0.41368628435828037,0.28473615527181484,0.8027207835900194,0,0,-0.0371878699903679,0.12779282693684232,0.019139835621281773
2019-08-12,133.07000732421875,133.07000732421875,130.25,130.47999572753906,591700.0,0.47090803708116363,0.4947559304146382,0.20439559407098973,0.8775810219137773,0.6284706506365388,0.40344159080268205,0.31654835218699884,0.7987032959422492,0,0,-0.02113314802626012,0.15677456374546547,0.034547251702777455
2019-08-13,129.5399932861328,133.75,129.16000366210938,131.61000061035156,612300.0,0.4667510462799494,0.49444844535838356,0.23516820772741942,0.877651156455198,0.623849584251898,0.42708084804567115,0.34932761944691104,0.8028606521814408,0,0,-0.002912244301547268,0.18738513954343147,0.08154506237006845
2019-08-14,129.69000244140625,129.69000244140625,125.3499984741211,127.62999725341795,928000.0,0.46191655806528803,0.49342723808353955,0.18013344382220225,0.877739488528967,0.6331564981644346,0.4096170693349732,0.3900721888074703,0.7965597758300285,0,0,-0.03297624760396666,0.18463644813513158,0.0763620014068091
2019-08-15,127.19000244140624,127.41999816894533,125.22000122070312,126.16999816894533,652300.0,0.4565021560585965,0.4920940568257612,0.16160414932316425,0.8777969304938461,0.6274970201836807,0.41719934682525633,0.42823734727552654,0.7921308300929312,0,1,-0.015435252394400203,0.20998200758826796,0.09809609450669846
2019-08-16,126.97000122070312,129.4499969482422,126.4800033569336,128.74000549316406,615000.0,0.45114072777471764,0.4909841951753848,0.23377149801449348,0.8778587314148071,0.6300462130489377,0.4456808217297288,0.4474921322735279,0.7963065186232313,0,1,-0.01387017536179004,0.21415554144877105,0.10660218073580573
2019-08-19,131.02000427246094,132.30999755859375,129.60000610351562,129.67999267578125,579100.0,0.44669656766437166,0.48977782374182993,0.2593675385110692,0.8779195433211443,0.6327218971829406,0.47267545746756234,0.444725693590173,0.8002384555791612,0,0,-0.04505206465961962,0.178421626849494,0.03573085791868182
2019-08-20,129.41000366210938,129.41000366210938,126.6500015258789,127.12000274658205,568400.0,0.4409754800496885,0.48803952691125524,0.2195742891351512,0.8779721583684675,0.6198377407614801,0.4567358007500585,0.4527989963178758,0.7963791688139211,0,0,-0.03231032293379182,0.18954351649686046,0.020589129547691248
2019-08-21,128.7100067138672,130.52000427246094,127.66000366210938,129.3800048828125,415600.0,0.43559732411739166,0.48662666998747933,0.28201113568279224,0.878015170242446,0.6067290782689886,0.4741181121585508,0.4525890778003546,0.7992009836971614,0,0,-0.027454416439256255,0.19886719818354154,0.03248890445870041
2019-08-22,129.8699951171875,130.30999755859375,128.83999633789062,129.35000610351562,448900.0,0.4304840325449248,0.485124036242457,0.28148550423284424,0.8780615513875231,0.5842164185952093,0.48135770992008875,0.4523941534626563,0.7961530705569146,0,0,-0.03594059144375642,0.18642765084004714,0.023883223682658713
2019-08-23,129.0,129.47999572753906,123.91000366210938,124.38999938964844,733000.0,0.42228157568900576,0.48279658041373846,0.2016919589560271,0.878119645441556,0.553873475809555,0.4502166911261467,0.4696493773860132,0.7911761930077926,0,0,-0.03935056898116592,0.19319678634700008,0.03324316079518872
2019-08-26,126.12000274658205,126.12000274658205,124.25,125.13999938964844,485700.0,0.41472315882258076,0.4814735003112089,0.22365776320476227,0.8781598905275899,0.5498291128361206,0.4456916610004807,0.48567208531484474,0.7944739684861126,0,1,-0.01776669423037704,0.22405340367660875,0.030951028965448095
2019-08-27,126.08000183105467,126.27999877929688,121.8000030517578,122.06999969482422,916500.0,0.40696957684043983,0.47959492773254636,0.178319678297431,0.8782221741687853,0.5389029832304456,0.4283346186940111,0.5082507432558814,0.7882511741153482,1,1,-0.03420168451471893,0.22303023652098644,0.04690742485070748
2019-08-28,122.06999969482422,124.58999633789062,121.36000061035156,124.20999908447266,693400.0,0.400693664779236,0.47770962219195173,0.2414510239449421,0.878276458868365,0.5563677389420852,0.43027149570168666,0.5305565350956791,0.7929591780615436,0,1,-0.005816327404338973,0.2614893575664788,0.0850331553974607
2019-08-29,126.05999755859376,129.35000610351562,126.05999755859376,128.1199951171875,760900.0,0.396054341680291,0.4762148429984003,0.3443114324106561,0.8783504045911378,0.5723882718555204,0.5035937124436658,0.5156084067352988,0.7981254892854548,0,1,-0.03783911909576483,0.2248611878305842,0.07736897738656277
2019-08-30,128.61000061035156,129.22999572753906,127.7300033569336,128.72999572753906,551200.0,0.3931798578114149,0.4746931319571201,0.35933509478449344,0.8784055780162364,0.584621800173817,0.5237981939528995,0.5017280018292314,0.8018679925665955,0,0,-0.056587576305857985,0.19809558109644146,0.0529971397510764
2019-09-03,127.6999969482422,128.63999938964844,126.70999908447266,128.0800018310547,801500.0,0.39135925833520807,0.4729368802760014,0.3462017937812858,0.8784832529282457,0.5953546808325909,0.5130502209565722,0.4932832011049031,0.7964260180023098,0,1,-0.04925034217595589,0.20422597232556008,0.059815095189931104
2019-09-04,130.0800018310547,130.39999389648438,126.51000213623048,127.87000274658205,806800.0,0.3890591152117126,0.47122102722265063,0.34176140423537826,0.8785605849318195,0.5787168836543106,0.5295591494993858,0.4727097270434861,0.7909480578295518,0,0,-0.06808245702717382,0.1866802257986233,0.04864144002556157
2019-09-05,130.22999572753906,132.83999633789062,128.24000549316406,131.27000427246094,737400.0,0.38829797742905897,0.47012687638756606,0.4322172981146455,0.878643359343959,0.5781723477955518,0.6013360885682192,0.4374470167951978,0.7959548102234435,0,0,-0.06936728651493358,0.1858137894367106,0.054273889828251806
2019-09-06,131.89999389648438,133.22000122070312,131.1300048828125,132.9600067138672,486700.0,0.38705729387199966,0.469041703405841,0.47272968583650665,0.8787019503887413,0.577305780369661,0.665284563569603,0.40227287989039584,0.7992593754392111,0,0,-0.0802924730942817,0.1682792022374752,0.04410762822026172
2019-09-09,136.35000610351562,136.7100067138672,133.86000061035156,134.72999572753906,773000.0,0.387416951075687,0.4681080272046407,0.513220746938485,0.8788015882519385,0.5817352396382006,0.7420736785341301,0.37249292816739343,0.8045078424862389,0,0,-0.11274070950840788,0.12913656213853478,0.011206303844294257
2019-09-10,134.91000366210938,140.9499969482422,134.10000610351562,140.8800048828125,686400.0,0.39031653067142397,0.4675749793619071,0.6293620312200408,0.8789104316396733,0.6016580257761007,0.7890764011295552,0.3650207425559526,0.8091683182703008,0,0,-0.10057153923733234,0.12343197618482694,0.03109925461498256
2019-09-11,141.13999938964844,142.58999633789062,139.41000366210938,142.32000732421875,506900.0,0.3933025392868095,0.46692410126066014,0.6521922838472428,0.8789943113151492,0.6081332172744879,0.7898546591444653,0.3648770114946642,0.8126100361825108,0,0,-0.14040316648022813,0.0648069602950899,-0.020016978759870338
2019-09-12,142.42999267578125,142.99000549316406,139.8800048828125,141.2899932861328,458900.0,0.39711102110475344,0.46635289711306044,0.621941043524587,0.879067942422478,0.6066003055232683,0.7339041859446156,0.3664031385895373,0.8094942256677876,0,0,-0.1480465920538509,0.05122265436871803,0.024662799219992013
2019-09-13,141.00999450683594,142.3300018310547,139.6999969482422,139.8300018310547,406900.0,0.4009195050498143,0.4654584988062646,0.5794352345531997,0.8791303429405147,0.6018613576925158,0.6904025237514655,0.36646594078699424,0.8067314815003419,0,0,-0.1390756234002381,0.014155284132186976,0.01797727132577597
2019-09-16,139.36000061035156,141.52000427246094,139.36000061035156,140.61000061035156,412700.0,0.4042289247944923,0.46466734324457964,0.5946128480544559,0.8791951729883453,0.5974930394627002,0.664938428044708,0.3638273351677973,0.809533606144984,0,0,-0.12872773914247637,0.025960128980033498,0.026246142608075448
2019-09-17,139.5500030517578,140.08999633789062,135.75,139.02999877929688,481100.0,0.40683575778021347,0.46433292634059636,0.547091360975623,0.8792670559984582,0.6109905329532076,0.6245274780049482,0.33518983313946005,0.8062670634589231,0,0,-0.1293649268362717,0.024464849061048937,0.02830521093992556
2019-09-18,138.7100067138672,140.0,137.5399932861328,138.77000427246094,517100.0,0.4100838421049869,0.4638941451019641,0.5392141764622734,0.8793436459549632,0.6173862880642584,0.6208083098808163,0.3085978669702897,0.8027560902247471,0,0,-0.12479325509495175,0.03078471421186702,0.03639500541625007
2019-09-19,139.02999877929688,140.1300048828125,137.8000030517578,138.1999969482422,447300.0,0.41254290426980383,0.46351596052072125,0.5212103094978966,0.8794086474934059,0.6109361257635644,0.6120371202332338,0.2847249219800524,0.7997190406644166,0,0,-0.12733297993024523,0.02853647468434254,0.03639117169617319
2019-09-20,138.6300048828125,139.0800018310547,136.58999633789062,137.13999938964844,666000.0,0.41471479712548903,0.4628852813052708,0.4874804888956996,0.8795019902383466,0.6069369249311821,0.59405839460197,0.2536365849115867,0.7951970755242865,0,0,-0.12496385422445988,0.0315484855761932,0.05405210843456635
2019-09-23,136.5399932861328,139.32000732421875,136.5399932861328,139.05999755859375,733500.0,0.4188048730787975,0.46215584741521437,0.5382885250088071,0.8796115498037468,0.6274638422321519,0.596551275893659,0.2265021191207491,0.8001773479421325,0,0,-0.11068975312338424,0.04703231905889966,0.07211608162217151
2019-09-24,139.61000061035156,139.74000549316406,136.94000244140625,137.67999267578125,400900.0,0.42230109198786575,0.4612131933606542,0.49299468089490606,0.879668740113373,0.6246377282752172,0.5895725980781806,0.20446603552008305,0.7974553421993725,0,0,-0.1312383167007482,0.024306090480034095,0.04868405286436422
2019-09-25,137.69000244140625,140.39999389648438,137.6199951171875,140.17999267578125,472200.0,0.42735025736286886,0.46050171346496666,0.5576419970688852,0.8797417817936349,0.6451737240293398,0.6011621903531075,0.18905653626647143,0.8006614562221493,0,0,-0.11860838683736533,0.038495085224464244,0.07423011159486273
2019-09-26,140.08999633789062,140.08999633789062,138.02999877929688,139.74000549316406,322900.0,0.43168010833049747,0.4599148002144256,0.5424789204318556,0.8797910319652761,0.6397633740920662,0.5953002439555135,0.17474771553097493,0.7984690500003055,0,0,-0.13361390145638824,0.020687753650984953,0.05371664411991245
2019-09-27,140.0800018310547,141.8300018310547,139.1199951171875,139.7100067138672,348100.0,0.43491146713396983,0.4592549442598189,0.5413876199188735,0.8798440649425904,0.633134447473953,0.6070929482832257,0.17494232768416743,0.7961055423947812,0,0,-0.1339630777502645,0.020824413537408437,0.059610716356113085
2019-09-30,140.5,141.1699981689453,139.47000122070312,140.4199981689453,407000.0,0.43817070393339425,0.4584076783988987,0.5614976618859745,0.879907451788516,0.6308163536668866,0.6077713320393713,0.17512303896927492,0.7988689655359716,0,0,-0.13699805647313493,0.017822671057941566,0.051463761333371924
2019-10-01,140.6999969482422,141.8800048828125,132.99000549316406,135.6199951171875,907300.0,0.4402728954178488,0.45728547241419654,0.4003092238441798,0.8800276958700911,0.6187547816042748,0.5203717943809595,0.17646643358537747,0.7927086367497256,0,0,-0.13772964385472963,0.0163082792677911,0.04066377145937029
2019-10-02,134.00999450683594,134.4600067138672,131.58999633789062,132.0800018310547,562400.0,0.4414466662541195,0.4555393201759759,0.3111699136181253,0.8800925972350989,0.616575773703605,0.3878005266503858,0.18574480094169118,0.7888900884091713,0,0,-0.09327528647640547,0.0662145060436598,0.09054711120352044
2019-10-03,131.97999572753906,133.4600067138672,129.02000427246094,132.83999633789062,698000.0,0.4418843886532465,0.45376286789671033,0.3362660291158194,0.8801756749919131,0.6211661369650707,0.35251385120308165,0.20755810732352378,0.7936293251476259,0,0,-0.08040577657450125,0.08335864334487254,0.09335252619716163
2019-10-04,133.77000427246094,134.58999633789062,131.3699951171875,132.9600067138672,735000.0,0.4418843886532465,0.45210985896070205,0.34038401885935743,0.8802635451463977,0.6147717880386934,0.38579038436585333,0.21771809988037308,0.7986197821716432,0,0,-0.09342068657201255,0.06940681628183136,0.08800062303277745
2019-10-07,133.00999450683594,134.30999755859375,131.00999450683594,133.3000030517578,604500.0,0.44148569885183925,0.44980821510252395,0.3526923345302241,0.8803367761543425,0.6239100919740365,0.3969313820064554,0.2291011123435641,0.8027241784587432,0,0,-0.0876202866141201,0.07506024731034593,0.08092666382591852
2019-10-08,131.97000122070312,131.97000122070312,129.5800018310547,129.97000122070312,484800.0,0.43844392999031595,0.44730794030559545,0.26706729029112053,0.8803877078805696,0.6068642837216387,0.37446037092279977,0.24731032392560978,0.799432513744126,0,0,-0.0795949014812243,0.08267069782573136,0.09242304413636114
2019-10-09,131.6199951171875,132.6699981689453,130.25,131.9499969482422,378400.0,0.435552714218788,0.4452958240846023,0.33877470938233545,0.8804310616526355,0.6022982171259451,0.42416620133481664,0.2573255005620775,0.802001750394314,0,0,-0.0789412511385097,0.0874818055642629,0.09186737192631732
2019-10-10,131.4600067138672,133.82000732421875,128.50999450683594,132.4499969482422,354600.0,0.433088074753087,0.4436944356649741,0.35629071977507476,0.880472534156845,0.6059569658896902,0.4406312084338011,0.2760911611862301,0.8044093912932481,0,0,-0.0409246629796558,0.08738157670302603,0.08442591623566417
2019-10-11,134.74000549316406,138.25999450683594,134.2100067138672,135.6699981689453,530000.0,0.4319282429147923,0.4426743508358439,0.459543567074847,0.880542725789688,0.6096904103630787,0.5384119175404788,0.2553586030377427,0.8080079521404987,0,0,-0.06213668211823092,0.06228765715429856,0.06115508517445883
2019-10-14,135.25,136.0399932861328,133.94000244140625,135.39999389648438,289400.0,0.4304756644664817,0.4422658679259062,0.4510905168765982,0.8805806675122488,0.6105101823162983,0.5233336403608176,0.23782237433130124,0.8060430021231509,0,0,-0.06442100672018798,0.057050236586026135,0.07835192029394229
2019-10-15,135.38999938964844,136.8699951171875,134.6300048828125,135.39999389648438,472200.0,0.4294635991948574,0.4423545214452636,0.4510905168765982,0.8806425614173891,0.603792925034584,0.5377053135043781,0.2150979028734014,0.8092491161459278,0,0,-0.06558343909680577,0.05613003283682539,0.07326439155181441
2019-10-16,135.72999572753906,136.6300048828125,134.57000732421875,136.30999755859375,580800.0,0.42877773583008433,0.44237584363294885,0.48138679920838934,0.8807212117852735,0.6106243560031188,0.5459572628209447,0.1944344903558253,0.8131925956555186,0,0,-0.055317507917328465,0.05361898148367276,0.07311676219750915
2019-10-17,136.86000061035156,137.75,135.99000549316406,137.1699981689453,308200.0,0.4284905665209527,0.4427315827246175,0.5096152011725106,0.880764212768936,0.6174291717816411,0.5768072192964051,0.16935527131517616,0.815285192736882,0,0,-0.06125747379553961,0.04497105856213868,0.06492558331762416
2019-10-18,137.1300048828125,138.0399932861328,136.02000427246094,137.69000244140625,490700.0,0.42864391038850697,0.44276300435520105,0.5267379040608171,0.8808338891574768,0.6292447503591343,0.5845629963454585,0.14843109897828546,0.8186169169024403,0,0,-0.06284180572314169,0.04272071654571357,0.05365605240649361
2019-10-21,138.64999389648438,139.47999572753906,137.77000427246094,137.83999633789062,557700.0,0.42830376735656256,0.4432567743035299,0.531870133216677,0.8809134575528258,0.6103324256543772,0.612700052399576,0.14048162651370974,0.8224035534769906,0,0,-0.07364368661380115,0.03152016500636328,0.04190576055016306
2019-10-22,138.66000366210938,140.44000244140625,137.83999633789062,139.10000610351562,468200.0,0.4286996748888789,0.4442241170267415,0.5746904435185399,0.8809830760086902,0.6133116557398447,0.6293267718640825,0.140305064964278,0.8255825085499768,0,0,-0.07363616820180745,0.03141324685209978,0.035693545412499854
2019-10-23,138.6699981689453,139.44000244140625,137.30999755859375,138.32000732421875,807800.0,0.4281811007709872,0.44497711799591083,0.5373576100796402,0.8811001144273626,0.6058177307751836,0.6126203085226586,0.13483115274273735,0.8200977586397712,0,0,-0.07304100083610701,0.0310568449652251,-0.0051041798988115256
2019-10-24,150.0,153.0,145.86000061035156,145.94000244140625,2154200.0,0.4299096939266614,0.4470318777360998,0.7309344654380643,0.8814908906364777,0.5662453166722237,0.8085327664005952,0.19124730817972205,0.8347242110494829,0,0,-0.15536440395634168,0.02168883632985988,-0.08675534531943951
2019-10-25,144.55999755859375,146.61000061035156,141.64999389648438,143.5500030517578,1186400.0,0.43098030596774856,0.44898227228546445,0.6342059880713901,0.8816922662573904,0.5648642662840039,0.699976556360434,0.21307889231510804,0.8266688665415997,0,0,-0.10997672182581854,0.05783200150894093,-0.04988350457387265
2019-10-28,144.25,145.55999755859375,142.16000366210938,143.02999877929688,411300.0,0.4317079884535662,0.4505859038841696,0.6142038944170812,0.881761018470156,0.5606206421845954,0.6820083012405509,0.23335107758368082,0.8238762475293843,1,0,-0.10964824213545234,0.06095437000335789,-0.04437474734772914
2019-10-29,141.67999267578125,143.69000244140625,141.0399932861328,143.52999877929688,498500.0,0.43391334086032135,0.4521401598579224,0.6261541232116132,0.8818455226130247,0.5744213367216985,0.6502398533080425,0.24431342013391064,0.8272609316470342,0,0,-0.09207857289621697,0.07914428735810969,-0.006012622239405207
2019-10-30,143.97000122070312,144.42999267578125,140.5800018310547,143.77000427246094,650400.0,0.43717257765974576,0.4540086329936866,0.632122546089116,0.8819564894791972,0.5880341877848281,0.6407439263670563,0.25752957681415956,0.8316769768829809,0,0,-0.1077127210015498,0.06291366861350092,-0.003553225884298554
2019-10-31,143.10000610351562,144.67999267578125,142.4499969482422,144.0800018310547,557900.0,0.4403063528418017,0.4556582754487288,0.6401992052515685,0.8820524719531361,0.5838472583629927,0.6416753992036226,0.27086617118741285,0.8354649714050207,0,0,-0.10148161064967288,0.06885994019811484,-0.026778924595560378
2019-11-01,143.5500030517578,146.35000610351562,143.02999877929688,146.10000610351562,536900.0,0.44396985674351713,0.4575379704731049,0.6904176863620622,0.8821500214007466,0.5917847118079713,0.6513428979873908,0.2903351968895108,0.8391103814406601,0,0,-0.10438650995130808,0.06558853989551627,-0.033661896459458995
2019-11-04,145.7100067138672,148.3699951171875,145.6300048828125,146.42999267578125,585800.0,0.4476305698676735,0.4600113117099543,0.6982340049122953,0.8822573490363156,0.583624766530807,0.6607106910611638,0.31635761082649994,0.8430878096374891,0,0,-0.11772766248103096,0.049897282557042906,-0.03073241140033066
2019-11-05,146.47999572753906,147.42999267578125,145.9600067138672,146.3800048828125,552000.0,0.4522057688962719,0.46239487783790806,0.6955380550400295,0.88235831798724,0.5851606863533275,0.6447136468979177,0.3405212809108469,0.8393398745663904,0,0,-0.12272076841860874,0.044526426269085734,-0.04186293744886122
2019-11-06,146.30999755859375,149.75,144.5399932861328,147.91000366210938,786200.0,0.4566555063075019,0.4652946585475896,0.7334696752199922,0.8825078440767741,0.5864856152494516,0.6461295943766596,0.3717814465687068,0.844677966147727,0,0,-0.12160132844651815,0.04570298003994513,-0.01789858607591242
2019-11-07,148.5800018310547,149.50999450683594,147.25,147.6199951171875,536500.0,0.46088498500327185,0.4679217423125663,0.7165490420170963,0.8826090940470245,0.5773999589259678,0.6487741556814749,0.40080874325100535,0.8410352720070667,0,0,-0.135690668834458,0.029883023862554328,-0.06936646780345038
2019-11-08,147.89999389648438,148.75999450683594,147.05999755859375,148.41000366210938,361200.0,0.4644369684127118,0.4701986992144435,0.7368211032235967,0.8826786125267464,0.583548879558809,0.6400629085104521,0.4257883552458279,0.8434877251731553,0,0,-0.13135076568899606,0.03454820669426934,-0.06001897373941849
2019-11-11,147.2100067138672,148.13999938964844,146.25999450683594,147.69000244140625,260900.0,0.4678634902047834,0.47232640251487307,0.6923298657016029,0.8827279161685421,0.5839413270870009,0.6237952227355794,0.44045707447686966,0.8417162826730653,0,0,-0.12600237009363782,0.03901349736042799,-0.05808240794604428
2019-11-12,147.5,147.5,145.5500030517578,146.41000366210938,368300.0,0.4709331413164926,0.4743834062903142,0.617332786210839,0.8827952409159173,0.5857180965869629,0.6036214123256666,0.4465271939939792,0.8392156223710986,0,0,-0.12858016913296522,0.037240164595312,-0.05701129412795438
2019-11-13,145.8699951171875,147.27000427246094,144.9499969482422,146.2899932861328,343200.0,0.4737156188648362,0.47645050865247834,0.6104098292965133,0.8828577668132339,0.5797952991037573,0.5926260395568468,0.445747968244795,0.8368853844790676,0,0,-0.11857113705437532,0.04869889149970516,-0.0457618795209151
2019-11-14,144.52999877929688,145.33999633789062,142.77000427246094,144.30999755859375,420400.0,0.4757062898570152,0.47791386450309575,0.5033378990906249,0.8829303471004691,0.5794260096886421,0.5423195286126602,0.4233924089319032,0.8340309788560786,0,0,-0.10950854472408751,0.05789870537581067,-0.03581930230125163
2019-11-15,144.57000732421875,145.72999572753906,143.5399932861328,145.4600067138672,325000.0,0.47787260966605044,0.47931662198397357,0.548953679714359,0.8829882376726778,0.5781327105819676,0.5524882540630038,0.4053387419764187,0.8362376435265625,0,0,-0.1112882897171557,0.05841586042823156,-0.0340933650541898
2019-11-18,144.99000549316406,144.99000549316406,142.72000122070312,143.77000427246094,525700.0,0.47952592840384395,0.4803310971530606,0.4667141226375303,0.8830775936425478,0.5861982955903888,0.5117630804062071,0.38059965616798075,0.8326682785503368,0,0,-0.11329582170820174,0.05506664469356386,-0.029080233679962177
2019-11-19,145.0,145.0,143.11000061035156,144.2899932861328,401600.0,0.48097292529703645,0.48071376809245775,0.48870270597851384,0.8831468387365301,0.5881481518715558,0.509397901682171,0.3577074943802262,0.8353950371093101,0,0,-0.11469712042237669,0.055644430425411034,-0.0347777690158819
2019-11-20,143.3000030517578,144.9199981689453,142.3000030517578,143.55999755859375,522200.0,0.48243386331532184,0.4808529205386565,0.45352841558636015,0.8832350260335758,0.5885197841593527,0.47240156444454917,0.32815260667700563,0.8318494362141511,0,0,-0.1025019698739101,0.0672257079464042,-0.03499898320560217
2019-11-21,143.44000244140625,143.60000610351562,141.82000732421875,142.60000610351562,599800.0,0.48150265401669606,0.48099993096102683,0.40899762251211236,0.8833335246752719,0.6231895962039795,0.44327422385922643,0.29582490574304754,0.827776951693055,0,0,-0.06617442296989864,0.0665923496877454,-0.044928929074477264
2019-11-22,143.55999755859375,143.55999755859375,141.6199951171875,142.83999633789062,367800.0,0.4813047002505378,0.4813377143459761,0.42109187047778873,0.8833943306048854,0.6295416293527921,0.4492484252692213,0.26370954369990607,0.8302742171262979,0,0,-0.06746139344625407,0.06619917277250045,-0.0499298373943896
2019-11-25,143.0800018310547,146.08999633789062,142.38999938964844,145.8800048828125,728500.0,0.48209929758426134,0.4819291173793722,0.5536026865900493,0.8835253440405267,0.6439880753191801,0.5308429276007324,0.2571524343455813,0.8352205408569056,0,0,-0.0595771123285763,0.06944832276164006,-0.04963593194947379
2019-11-26,145.27999877929688,146.1999969482422,144.49000549316406,145.30999755859375,1822400.0,0.482595571007085,0.4826338626007773,0.5244526129687309,0.8838478658442727,0.6352359210721954,0.5483272303281382,0.2519781734788864,0.8228469233323217,0,0,-0.07341644568549072,0.05292021498700053,-0.06944066728644599
2019-11-27,146.0,146.8000030517578,144.89999389648438,145.6300048828125,586600.0,0.48311414937921077,0.4834036959747769,0.5375382646512754,0.8839525065764079,0.6256248377418346,0.5625633523424699,0.25229096760255676,0.8268297833191088,0,0,-0.0688871700159487,0.04817287260071263,-0.06744204264270344
2019-11-29,145.4499969482422,146.1999969482422,144.9199981689453,145.7100067138672,290100.0,0.4835686036809897,0.48424647376519264,0.5409673620820381,0.8840043540748331,0.6223879921961791,0.5507528354803758,0.25258141928882205,0.82879948615267,0,0,-0.06475308905860096,0.051843732737860235,-0.06420373914187834
2019-12-02,145.6999969482422,146.16000366210938,143.82000732421875,144.49000549316406,583700.0,0.4831197266800947,0.4850712958488888,0.472643226804081,0.8841052385597904,0.6103498103199133,0.5133993761548694,0.238306955053849,0.824836316404481,0,0,-0.05758011806370992,0.05009953136638674,-0.06574704131245476
2019-12-03,144.22999572753906,144.52999877929688,141.6199951171875,144.4199981689453,1012800.0,0.4825593291869243,0.48567279832518334,0.46880012491424705,0.8842798665508963,0.6304842719049958,0.45943784010166744,0.21653533948561368,0.8179596703175085,0,0,-0.04789257322903696,0.06069626921618363,-0.038410982356979616
2019-12-04,144.75,146.7100067138672,143.55999755859375,143.5800018310547,598000.0,0.48177867297829374,0.48633490088356784,0.422525254938077,0.884380522157011,0.624446553118829,0.5156353857293595,0.20180413758821034,0.8138994073238182,0,0,-0.05151642802752837,0.057125052656135544,-0.05366292825273339
2019-12-05,137.44000244140625,138.4499969482422,134.61000061035156,137.9600067138672,1596400.0,0.47900455925415936,0.48608577273032644,0.2079827563441327,0.8846061413800864,0.6407954334164088,0.22398766750845883,0.22297355455962245,0.8030602704624015,0,0,-0.019710278555259017,0.10837162111825731,-0.01671548352602363
2019-12-06,138.57000732421875,139.5399932861328,135.94000244140625,138.0,882700.0,0.4763224518505574,0.48589050827254204,0.21022240729959973,0.8847309725083298,0.6491282359902942,0.31123057206604343,0.23326004402829995,0.8090535717074356,0,0,-0.028704019434272348,0.08103792499060151,-0.0455929852045276
2019-12-09,138.32000732421875,138.67999267578125,137.24000549316406,137.27999877929688,501700.0,0.47321934544201233,0.48561781132783716,0.18924728091431764,0.8848001670416022,0.6374173378052993,0.35239729527788066,0.24281178424921482,0.8056471604299533,0,0,-0.026884106622225998,0.08282603388247282,-0.03159420732138814
2019-12-10,138.10000610351562,138.63999938964844,136.7899932861328,137.8800048828125,777700.0,0.4704842643155978,0.4853327717611569,0.2257796318199392,0.8849096184507511,0.6374639106052827,0.39032816300841233,0.25416013904557144,0.810927539242985,0,0,-0.025422534412860066,0.0848630099073202,-0.016608382864006264
2019-12-11,138.39999389648438,140.8699951171875,138.16000366210938,140.82000732421875,678800.0,0.46892574267589576,0.48591632024308246,0.38002261127996506,0.8850146490570688,0.6493606562579838,0.46505437062702915,0.24444162430075775,0.8155364130224448,0,0,-0.027487620771075676,0.08231799899602749,-0.04134027231204953
2019-12-12,141.1999969482422,143.92999267578125,140.58999633789062,143.4600067138672,632600.0,0.4681367268972903,0.4871933912016257,0.48676909539870805,0.8851204746574161,0.6562085609790943,0.5442372402976597,0.216146723448242,0.8198316009318236,0,0,-0.046797301485136715,0.060715825927153966,-0.10793918589456028
2019-12-13,142.5399932861328,143.05999755859375,138.99000549316406,139.25,975000.0,0.46672597182425873,0.4879127256487839,0.34167222906432715,0.8852638934721698,0.6402735373976146,0.4880010080594816,0.1967320749168652,0.813211606920372,0,0,-0.05527667854914939,0.05025795606051823,-0.11766338236475056
2019-12-16,140.82000732421875,140.82000732421875,138.25999450683594,138.6999969482422,695500.0,0.4648412440234712,0.4885568707880987,0.3256467877638338,0.8853643222981126,0.6283069967820032,0.4674240707866704,0.18348097034172703,0.8084893445255366,0,0,-0.04459609848378591,0.06412921131620287,-0.11274689104227435
2019-12-17,139.32000732421875,142.27000427246094,138.0,141.22000122070312,833900.0,0.4641302891860714,0.48944565772250087,0.4202849742485699,0.8854947172808024,0.6362100910015832,0.5047739051380981,0.16014632194564285,0.8141513065831257,0,0,-0.033958232281899696,0.07519821849508292,-0.12400868749878288
2019-12-18,141.42999267578125,141.99000549316406,139.57000732421875,140.35000610351562,910600.0,0.4630317991490324,0.49061050808257384,0.3921174776090046,0.8856332517324718,0.6289841784649433,0.5126879846692348,0.138478434149279,0.8079685716633024,0,0,-0.04829338625179012,0.05891521917788385,-0.13921537928603736
2019-12-19,140.67999267578125,144.0399932861328,140.67999267578125,143.69000244140625,668900.0,0.4630680452234273,0.4919279785250605,0.5015916365606553,0.885745632100655,0.6383603524575789,0.5704173252017452,0.12841917272871897,0.8125102270420305,0,0,-0.043248961891407,0.06291415352374184,-0.12383319464343151
2019-12-20,132.5,139.0,132.5,138.32000732421875,2012600.0,0.46187475808829676,0.4925867146024789,0.3476452615031381,0.8860319468561421,0.666782259641238,0.4252923543535074,0.1427916533706167,0.7988452014549049,0,0,0.0,0.11316023544133783,-0.05059500674746636
2019-12-23,138.57000732421875,140.1699981689453,137.8800048828125,139.0399932861328,571200.0,0.46081529639474333,0.49296489747137145,0.3701408715093635,0.8861151071608339,0.6652923494918507,0.489509107805034,0.14788314297673286,0.8027234994849984,0,0,-0.043883798458677056,0.0691873305283874,-0.10822735726877399
2019-12-24,139.60000610351562,139.77000427246094,138.24000549316406,138.58999633789062,134200.0,0.45878280202728555,0.4933228814544675,0.3583273204089049,0.886134353172244,0.6530302073257763,0.4905810263311473,0.15261095475384076,0.8018123167195248,0,0,-0.05106448825054529,0.056818140664224866,-0.11521867840926249
2019-12-26,138.88999938964844,139.94000244140625,137.7899932861328,139.0800018310547,313400.0,0.45704584504740237,0.49373585414726,0.37514977046280107,0.8861800252995976,0.655372881020775,0.49658778699795375,0.15937990830623297,0.803940220435616,0,0,-0.04610721955767457,0.06046615992673491,-0.0864419946900866
2019-12-27,139.17999267578125,139.94000244140625,138.3300018310547,139.1699981689453,354900.0,0.4552447597429384,0.4940568051273789,0.37839210378042776,0.8862318875728147,0.6579540712284094,0.5071299780702707,0.16566536517631145,0.8063498982557844,0,0,-0.048029857548432225,0.0547886847544973,-0.09411846538362502
2019-12-30,139.0399932861328,140.30999755859375,138.27999877929688,139.2899932861328,266300.0,0.45345482478600846,0.4942947122481837,0.38300020377806065,0.8862709479143059,0.6567713974926778,0.5178072137381458,0.16822489662211873,0.8081580053380916,0,0,-0.04699283877401215,0.05575921439766596,-0.08859663982097757
2019-12-31,138.8699951171875,140.5500030517578,138.75,139.64999389648438,333300.0,0.45210540300576446,0.4945146636622691,0.39751647702096515,0.8863203992525709,0.6610277906888924,0.5379714157013984,0.16838119677191885,0.8104210248293908,0,0,-0.04573189334643807,0.05693164130089591,-0.07645914573781984
2020-01-02,140.4199981689453,141.30999755859375,139.74000549316406,140.75999450683594,592200.0,0.451084973909931,0.49484234760432017,0.4419804439783589,0.8864113731477484,0.6480772898056039,0.5864593549638644,0.16135035810193396,0.8144419073458848,0,0,-0.056713200967384324,0.045685679639497025,-0.09244537484394286
2020-01-03,139.80999755859375,140.9499969482422,138.5500030517578,140.0,420600.0,0.4500868497633996,0.49494334545800306,0.4123188416471856,0.8864744433837398,0.6596469615149374,0.5666173533227294,0.16341831681603766,0.8115861437754064,0,0,-0.051932351831959926,0.04965903499537716,-0.08603297160375659
2020-01-06,138.8000030517578,139.67999267578125,137.58999633789062,138.25,568800.0,0.4501677014821642,0.4949354891941819,0.3485196560551801,0.886554968830665,0.6357826092647199,0.4870430850729405,0.1719630366080698,0.8077241411151872,0,0,-0.04500002179827009,0.05714285714285714,-0.06464287894112723
2020-01-07,137.66000366210938,138.0800018310547,136.63999938964844,136.99000549316406,463600.0,0.44988610947391644,0.49393111518034366,0.30678464467247635,0.8866177982227398,0.6295417840360823,0.4183730466852528,0.18623148223466277,0.8045764188344601,0,0,-0.03732371545829566,0.06611211131752938,-0.03479202574028029
2020-01-08,137.5399932861328,137.80999755859375,135.97999572753906,136.44000244140625,571400.0,0.44965191388759757,0.49313322665672626,0.28907345550036634,0.8866937168853927,0.6327787141931754,0.3988344611497611,0.2037972683146854,0.8006967628568771,0,0,-0.03679095615763234,0.06759624347987257,-0.03051312145534468
2020-01-09,137.36000061035156,137.36000061035156,134.64999389648438,135.99000549316406,542700.0,0.4491249716912629,0.49234319439693025,0.27435655283372806,0.886764635904259,0.6303089881223689,0.37430314055797653,0.22842934755320912,0.7970119723440414,0,0,-0.03562005660648295,0.06918793808626784,-0.052037569455224114
2020-01-10,136.50999450683594,136.7899932861328,134.8300018310547,135.14999389648438,357200.0,0.4475441408480249,0.4914027852337976,0.24702560852609,0.8868098729415291,0.6150485539102722,0.38281582203133185,0.25130199256040964,0.7945866781277435,0,0,-0.02948742072841163,0.07566738825846384,-0.0714757937986641
2020-01-13,135.44000244140625,136.83999633789062,135.27000427246094,136.1999969482422,477400.0,0.445520010304776,0.49055327448144986,0.3045084741682401,0.8868727050225033,0.6087966440773732,0.423061146116425,0.27186126951705236,0.7978280987852481,0,0,-0.021753626150054363,0.08338886260766677,-0.06651872659387448
2020-01-14,136.14999389648438,137.1199951171875,134.39999389648438,136.10000610351562,659000.0,0.444641774728963,0.48965775458511546,0.3008033802298694,0.8869590958492847,0.6261194636065591,0.4313505510813414,0.2968825632623513,0.7933536618072515,0,0,-0.0267987810445504,0.07753313549188814,-0.09801755612226445
2020-01-15,135.88999938964844,137.35000610351562,135.4199981689453,136.1199951171875,373400.0,0.4439224560673542,0.48853779177949036,0.30198694118406033,0.8870080672242492,0.6321579433813515,0.4608233246993646,0.31667339700321206,0.7958889497702013,0,0,-0.0249081501662098,0.07950041762664738,-0.11711977756476005
2020-01-16,137.02999877929688,138.74000549316406,136.92999267578125,138.67999267578125,447200.0,0.44321428775327937,0.4876680821413462,0.4385482970410125,0.8870721529700133,0.6320514796906768,0.5371429900147556,0.315137391277455,0.7989253203567871,0,0,-0.03327945152655155,0.07111378402736987,-0.1248163273084356
2020-01-17,139.24000549316406,139.5,136.75,137.0,538200.0,0.44228028767709465,0.4866154523797435,0.3664069874493454,0.8871449542900128,0.6300594114559949,0.5269486032482532,0.30368741372939445,0.7952710836624659,0,0,-0.04860113822562324,0.03461197033800398,-0.16664269873286477
2020-01-21,136.49000549316406,136.8800048828125,134.69000244140625,135.0399932861328,784800.0,0.43986861767997226,0.48517117211303346,0.2943983939778637,0.8872437531027323,0.6119120909712217,0.43837554502050746,0.3105064501362095,0.789942497713556,0,0,-0.029124127687328923,0.05510939994867701,-0.10284674428675296
2020-01-22,135.57000732421875,136.08999633789062,132.27000427246094,132.27999877929688,806300.0,0.438184630168668,0.4834497085434644,0.2119994884941956,0.8873346256383289,0.5710687313593458,0.3718537567558765,0.3331248187784678,0.7844679324095216,0,0,-0.024437227605347403,0.06272205556147521,-0.12418546435297442
2020-01-23,132.24000549316406,134.1699981689453,132.0,133.9600067138672,1126100.0,0.43676830204898637,0.4818281212380397,0.2943416480494071,0.8874704667010945,0.5864375411388185,0.390566280758796,0.35576887559506554,0.792113855749312,0,0,-0.001814374776072539,0.0892046258078403,-0.0952525417280821
2020-01-24,134.41000366210938,136.0800018310547,134.10000610351562,135.82000732421875,678700.0,0.4359960139187989,0.4804960632821504,0.37530913927301757,0.8875582975782496,0.5962194845873987,0.4737586063686313,0.35214037184961045,0.7967220505550271,0,0,-0.017990471344608388,0.07188704942806312,-0.1696028671395343
2020-01-27,133.83999633789062,134.08999633789062,131.08999633789062,132.6999969482422,1663600.0,0.4342172335636369,0.4789575181236894,0.2815723107314039,0.8877487727805483,0.5972316516597447,0.3913780337081688,0.36822404679698817,0.7854266433371287,0,0,-0.020247385154643808,0.07509936974081854,-0.11750845401130208
2020-01-28,125.04000091552734,131.30999755859375,124.52999877929688,126.0,2594700.0,0.4305453658377126,0.4766805629341628,0.14353963627805383,0.8879629357123876,0.5718922532310868,0.264529943758385,0.41063911371358874,0.7678093115817305,0,0,-0.003843271650031673,0.14318005130034897,-0.12991709314427316
2020-01-29,126.4800033569336,128.6300048828125,125.22000122070312,125.66000366210938,1033200.0,0.4267452499710947,0.4745876494576334,0.13798617294074017,0.8880464578608501,0.558834229999963,0.30341114208125314,0.45002453299328915,0.7607941548508261,1,0,-0.015476226806640625,0.13936499943808903,-0.22341271052284858
2020-01-30,124.43000030517578,126.19000244140624,123.11000061035156,125.12000274658205,732600.0,0.42269420874262303,0.47230508203953797,0.12883125747625868,0.8881037722285893,0.5626494760658491,0.3290336846725287,0.4932890394879509,0.7558199931966831,0,0,-0.010504533314940863,0.1560559637869093,-0.1490530225297239
2020-01-31,125.08000183105467,125.36000061035156,121.87999725341795,122.12000274658205,890100.0,0.41749727680094945,0.46987550591142263,0.08174566181799969,0.8881607050029451,0.5465310882287796,0.3473657170772299,0.5370555800317339,0.7497764478945363,0,0,-0.025575483594881352,0.15153445523398598,-0.23513425130378665
2020-02-03,121.19000244140624,123.01000213623048,121.19000244140624,121.7699966430664,822200.0,0.4124146518748763,0.4673482984105904,0.07661853600056373,0.8882119036244746,0.5399480856410841,0.36954264647714147,0.5796779080768828,0.7441939257650846,0,0,0.0,0.18711095914519305,-0.2297740301088688
2020-02-04,123.3499984741211,125.06999969482422,122.61000061035156,123.3000030517578,707900.0,0.4082465107261282,0.46507470970202985,0.14648746705664906,0.8882611025176904,0.5382207564145047,0.42065569075182535,0.5958471414553209,0.7490003809042708,1,0,-0.017738327110628595,0.14749116842892926,-0.26936023919346086
2020-02-05,124.87999725341795,126.0,123.8499984741211,125.2300033569336,707400.0,0.4049677576278439,0.46312543759837915,0.2279416855892274,0.8883167209448682,0.5457107143165789,0.4546394169720658,0.6010171778169954,0.7538034411747332,0,0,-0.029926964482415826,0.1332522295095074,-0.21532842469775412
2020-02-06,125.81999969482422,125.81999969482422,123.29000091552734,123.5999984741211,679900.0,0.401387894095335,0.46096631352354117,0.19400811084589348,0.8883649015466865,0.5418005680078452,0.4568706769607507,0.6083780756775266,0.749187098684081,0,0,-0.036971948648930816,0.1236923855988374,-0.20506268160020744
2020-02-07,123.36000061035156,123.69000244140624,121.54000091552734,123.58000183105467,602500.0,0.39792791700642766,0.45846379383518515,0.19359118161122757,0.8884075244043431,0.5511318802386639,0.4527223488689595,0.6228715369904487,0.7450962818718763,0,0,-0.017556619706590636,0.14522651431909597,-0.19991908891201438
2020-02-10,125.5,126.94000244140624,123.5199966430664,126.91000366210938,814700.0,0.395630562533374,0.4563989355082732,0.3272434086852971,0.8884779928386873,0.5688946923803769,0.49316894196822814,0.6036704526588957,0.7506278809704707,0,0,-0.034876173286402204,0.12793330089287006,-0.18441495855197826
2020-02-11,127.02999877929688,127.83999633789062,125.41000366210938,126.08999633789062,745100.0,0.3928118389106357,0.4542061440552488,0.3060252968126851,0.8885395172612173,0.5617915503902078,0.5058238181571609,0.5778735895604205,0.7455688475982323,0,0,-0.046016832159577394,0.11252067108371185,-0.17130247605737237
2020-02-12,126.72000122070312,128.8800048828125,125.91999816894533,126.70999908447266,517900.0,0.3901938534502634,0.4520739518281394,0.3298568420385052,0.8885837870134358,0.5548601349142149,0.5190435784155195,0.5448886692145944,0.7490852526223664,0,0,-0.043857553651423964,0.1157109743963587,-0.10048376982257025
2020-02-13,125.4800033569336,128.5,125.0500030517578,128.22000122070312,536000.0,0.38799129182106745,0.4502481222115708,0.38636744179218774,0.888633423840902,0.5642714180548682,0.5246138913104377,0.5198631094884919,0.7527245518943028,0,0,-0.0338568459200081,0.12493089981878155,-0.1158551054474336
2020-02-14,127.75,127.95999908447266,126.62000274658205,127.51000213623048,453800.0,0.3848770371921055,0.44835047233665054,0.3643189552490558,0.888673910524619,0.5596892274267623,0.5323026869948732,0.4966250897428254,0.7496433690405626,0,0,-0.05116204567259472,0.10294803324421464,-0.13991578747941505
2020-02-18,127.31999969482422,128.30999755859375,126.88999938964844,127.6999969482422,645500.0,0.3822841453314772,0.4465684086849913,0.3718739243764342,0.8887320626749854,0.5687544609932869,0.5455282367400929,0.4715507813290576,0.7540261445630159,0,0,-0.04807463846537115,0.09693351716637673,-0.1622617998178783
2020-02-19,127.93000030517578,130.41000366210938,127.66000366210938,129.75,592700.0,0.3808092661880989,0.4456470768181166,0.45000861869595665,0.888791191740245,0.5831247905137787,0.591694641052743,0.42859742063203254,0.7580504219482337,0,0,-0.05277993754769876,0.09060297549978509,-0.1895066368564647
2020-02-20,129.5,133.0800018310547,129.27000427246094,132.85000610351562,653100.0,0.3809681873565372,0.44506914142093507,0.548184297952193,0.888865906847584,0.6066100201890037,0.6557479579663579,0.4023695345410202,0.7624847994752891,0,0,-0.06404622395833344,0.07707129094412331,-0.17248552796468558
2020-02-21,132.16000366210938,133.42999267578125,130.67999267578125,133.36000061035156,601800.0,0.3808009023638899,0.44462923688041395,0.5627509110443004,0.8889361809610455,0.6008597812736698,0.6775163533578231,0.3805067526425788,0.7665708634712805,0,0,-0.08257433734820761,0.05525025216913698,-0.18712833623041666
2020-02-24,129.52000427246094,131.6300048828125,129.0,130.25999450683594,856800.0,0.3792507402941628,0.4437741147556726,0.44881060991523614,0.8890236227939387,0.5917085450936302,0.6380813586504683,0.3452382452752307,0.7607534164261402,0,0,-0.06246252094279098,0.07483500061385275,-0.12619977320057343
2020-02-25,131.24000549316406,131.24000549316406,125.0199966430664,126.79000091552734,941800.0,0.3776030009843702,0.44219965903994823,0.3473077071264744,0.8891042308910625,0.5827025319515338,0.5764736395200962,0.33158174634876714,0.7543588416979504,0,0,-0.07715341221844141,0.06341159876528675,-0.11116232126183362
2020-02-26,127.97000122070312,129.3800048828125,126.05999755859376,126.4499969482422,609300.0,0.3777284626017387,0.44029078556406537,0.3382610698888563,0.8891553775263136,0.5998244066070173,0.5646411046125354,0.3189007116313368,0.7502218546711017,0,0,-0.05347423874390537,0.09093776083319559,-0.05576149257648906
2020-02-27,124.33000183105467,128.0500030517578,122.0,122.8000030517578,910400.0,0.3769310787446903,0.43844475706170033,0.2503041389874111,0.8892160543356081,0.6014784601677379,0.4794152586923887,0.3298731608412283,0.7440404776987679,0,0,-0.02483194515958497,0.119968355358321,0.008382740879208058
2020-02-28,120.5199966430664,122.97000122070312,117.81999969482422,119.9499969482422,1175400.0,0.3754896527710307,0.43634062084038366,0.19408530617933728,0.8892785122650843,0.5941971398393381,0.3856698614120554,0.3574216136450913,0.7360598203028087,0,0,-0.021986945286183678,0.15456028408186515,0.0014658004943202555
2020-03-02,119.88999938964844,121.47000122070312,115.1500015258789,120.04000091552734,1189200.0,0.3749097368518833,0.4339637885305376,0.19761102145345166,0.8893421664146425,0.6183997910765316,0.3714045585460175,0.3919751714116263,0.7441341760755453,0,0,-0.03951644838986378,0.16348479457496923,0.025760767368910205
2020-03-03,119.5999984741211,121.8000030517578,114.25,116.12999725341795,947000.0,0.37333727408708844,0.4312458046424255,0.12948060663908478,0.8893753342138392,0.6153758250904436,0.35803680112409064,0.42688398369241676,0.7377042947126278,0,0,-0.04456846412293774,0.14395206828473303,0.006831053720178411
2020-03-04,118.12000274658205,122.55999755859376,115.08999633789062,122.4000015258789,1252900.0,0.37308634872523455,0.42885662799825347,0.3359249138296895,0.8894562835401197,0.6411421776478546,0.42801947279748587,0.4521674890319254,0.7462111567607792,0,0,-0.03332474673306808,0.15474032563778162,0.03616633985685002
2020-03-05,119.7699966430664,121.58000183105467,117.23999786376952,118.8000030517578,959400.0,0.3712936293720966,0.4266660814366567,0.2689982134264497,0.8895019258254265,0.6331154638906366,0.4297186284839071,0.4756450297043261,0.7396970826535109,0,0,-0.04509801122755149,0.13325167471129382,0.03545754831030418
2020-03-06,115.77999877929688,120.5,115.4499969482422,119.63999938964844,1134400.0,0.37018955990705665,0.4244890025112746,0.2928977144843372,0.8895603581328718,0.65463812015515,0.4330854410974423,0.5040443440299409,0.7473993608141167,0,0,-0.012878777272676481,0.17087544217413594,0.05791249752590559
2020-03-09,114.0,119.63999938964844,110.33000183105467,111.69000244140624,1284600.0,0.3668745628614945,0.4214702690973658,0.17186328438467463,0.8895783032688923,0.6298934121272327,0.3841607378887253,0.5454904370352937,0.7386772640888749,0,0,-0.03067534426335733,0.16792039819776916,0.048813075624237395
2020-03-10,114.58000183105467,118.04000091552734,111.77999877929688,117.87999725341795,1108700.0,0.36435694754586384,0.41909119189609195,0.3219520922643876,0.8896261460091924,0.6341869073304516,0.4326134046630818,0.5839760948259782,0.7462050459970764,0,0,-0.03805174954875299,0.16877061896937,0.07726741037493819
2020-03-11,114.7300033569336,115.58999633789062,107.18000030517578,107.8000030517578,1027700.0,0.35925759709848987,0.4155708322700334,0.1973413253034278,0.8896216262966156,0.6248346743019517,0.38744470561113775,0.6302217720866998,0.739227232822134,0,0,-0.06404821197549611,0.1586358140019845,0.07880890314377274
2020-03-12,101.08999633789062,104.55999755859376,96.61000061035156,98.33000183105467,1193200.0,0.3513450982021445,0.4109742775156093,0.1157329097071898,0.8895631265536085,0.6174044262080434,0.3197014208165564,0.6884069028431018,0.7311257180996068,0,1,-0.041558400748728096,0.29999995753583875,0.2433209890016407
2020-03-13,103.22000122070312,105.77999877929688,98.19000244140624,105.6999969482422,1397900.0,0.3450663974904988,0.4071643885400154,0.2487715316322069,0.889543178389333,0.6330933279421599,0.38017005361275413,0.732946583313021,0.7406170920776665,0,1,-0.0672226226712424,0.3072306609633071,0.28170442827647696
2020-03-16,95.16999816894533,100.05999755859376,94.23999786376952,95.66000366210938,907200.0,0.33618644322113284,0.4021032405764187,0.16714811592509127,0.8894873416357044,0.6226244374893375,0.3531570395455482,0.7793472444021664,0.7344574422651651,0,1,-0.008798489423147288,0.36196779197231743,0.43226115194477366
2020-03-17,97.33999633789062,97.58000183105467,87.16000366210938,93.12999725341795,1267400.0,0.32654813769243834,0.3968434608178964,0.1493048096470488,0.8893942864700005,0.6242278125267049,0.36078140956146965,0.829584550805708,0.7258521290240227,0,1,-0.10641848511462594,0.37727362488264005,0.47407489407695497
2020-03-18,88.75,93.83000183105467,79.77999877929688,90.5500030517578,1137900.0,0.31561896353431357,0.391490538613337,0.13134146930774826,0.8892969789960762,0.629319743410278,0.36829243160584124,0.8817715073443759,0.7181260867823502,0,1,-0.09631699221782075,0.479759411505206,0.5423600987487646
2020-03-19,89.05999755859375,101.23999786376952,86.51000213623047,98.33000183105467,1127800.0,0.30599459700359494,0.38715208986551414,0.2568886955496713,0.8892418822428644,0.6311616578245808,0.43326679369835097,0.8885462903812955,0.7257835526758016,0,1,-0.10248479808435222,0.49000545137282764,0.5106571389813601
2020-03-20,99.48999786376952,104.98999786376952,96.68000030517578,100.13999938964844,1193600.0,0.2967326784541227,0.3830784817985751,0.2836123393084806,0.8891937712476311,0.6180086853563909,0.4751059854738271,0.877004894888239,0.7338877832933078,0,1,-0.20044745975228703,0.3451641836672149,0.36519877315179433
2020-03-23,100.7699966430664,105.36000061035156,97.62999725341795,98.6500015258789,1101100.0,0.28791963903266243,0.3788881642064859,0.2693958267204616,0.889141703277995,0.6047899774032948,0.4827233244346836,0.8645508295929307,0.7264116033897086,0,1,-0.20960653077394853,0.3261433616115134,0.3570002780835851
2020-03-24,101.91000366210938,104.37999725341795,96.7699966430664,102.70999908447266,1313400.0,0.2812060024452146,0.37524772857431116,0.33141657425673765,0.8891047031301523,0.6242893966032275,0.4940832780001956,0.8547423302309236,0.7353292445534424,0,1,-0.22432847988357227,0.31951331501402175,0.40435883195788974
2020-03-25,103.43000030517578,108.3000030517578,99.79000091552734,105.29000091552734,1121700.0,0.2753064794903503,0.3717789903208078,0.36902378308010286,0.8890867237540027,0.6378440393374368,0.5199978837918751,0.8265466891341902,0.7429452930484631,0,1,-0.23025997212236596,0.29208443810745555,0.38243605061651315
2020-03-26,105.18000030517578,115.3499984741211,104.0199966430664,114.0500030517578,1043700.0,0.2728669314972763,0.36930452578206924,0.48118073290542074,0.8891129528631511,0.6629928963576618,0.5717309148119692,0.7715479852282926,0.7500317420225677,0,1,-0.24123849658104726,0.2683065070278614,0.41637385873381616
2020-03-27,109.94000244140624,113.91000366210938,105.5999984741211,110.8000030517578,926400.0,0.27031586301192684,0.3664631011192255,0.440499784275993,0.889122081700299,0.670434745380862,0.5692451113520817,0.7204777601728161,0.7437417292510716,0,1,-0.2644454437096529,0.20596220610108062,0.33783426346609857
2020-03-30,111.70999908447266,113.0999984741211,107.62999725341795,109.80999755859376,782000.0,0.2674636819652357,0.36322329298934247,0.4281065506424627,0.8891261489328267,0.6566176756947433,0.5747229100861487,0.673055408335588,0.738432154567015,0,-1,-0.28817689012391434,0.1960288176270408,0.259025304938215
2020-03-31,109.31999969482422,111.4800033569336,106.16999816894533,106.62999725341795,692700.0,0.26481502985846955,0.3598151531055787,0.3884114303357059,0.8891194097887697,0.65495734420371,0.562566316486289,0.6339372709717934,0.733728903437033,0,1,-0.2690101226872811,0.21956100097436143,0.2523449567484674
2020-04-01,103.77999877929688,104.75,101.41999816894533,103.7300033569336,666000.0,0.25960973196547005,0.3563015272976275,0.35362971993689096,0.8891038681904045,0.6388965509768327,0.5269890167022786,0.6123449274122561,0.729206938296903,0,1,-0.22507737614361326,0.27806428453728543,0.3126699540154207
2020-04-02,102.98999786376952,108.2699966430664,102.91000366210938,107.12000274658205,930900.0,0.25635328381648775,0.35347805748532785,0.4034080849185194,0.8890969619484622,0.6525669243802437,0.5612047697266843,0.5767000058682572,0.7355275048869135,0,1,-0.22375396060296399,0.293454100326866,0.34454831492474436
2020-04-03,104.69000244140624,108.41999816894533,104.69000244140624,107.3000030517578,745500.0,0.25291282515355723,0.35048625591914767,0.4060655823627518,0.8890920633073457,0.6448843816713203,0.5778114455227874,0.5429470026801024,0.7405892541541311,0,1,-0.23254297071892283,0.25149366832205255,0.34055260261560316
2020-04-06,110.5199966430664,113.91999816894533,109.0500030517578,112.69000244140624,952300.0,0.25319163063848,0.3478905929285793,0.48259646872651685,0.8891098812900099,0.6684416987632036,0.6393162787494144,0.4934981554618615,0.7470551211255212,0,-1,-0.28648645842947107,0.1931035252636763,0.2647716237157127
2020-04-07,115.98999786376952,119.87000274658205,115.1500015258789,116.76000213623048,1291000.0,0.2528793698567215,0.34610179717116313,0.534033230407738,0.889158654223576,0.6434895236331227,0.6998036345801422,0.46731060050092,0.7558206721704278,0,-1,-0.32132397107099386,0.11882160554575538,0.21643452383209147
2020-04-08,118.7300033569336,121.66999816894533,117.27999877929688,120.9000015258789,648800.0,0.25653172128378593,0.3455294722902001,0.5819139985520548,0.8891957419648976,0.6656274914277237,0.7111937388927781,0.44834872808041226,0.7602258538264584,0,-1,-0.33359030374281384,0.07982185272615916,0.157673824048366
2020-04-09,122.72000122070312,127.0,122.0,125.38999938964844,873100.0,0.2640761970251179,0.3454991722491549,0.629114990177461,0.8892640004183642,0.6824816067231532,0.7267110975304776,0.4452244530931211,0.7661539735919952,0,-1,-0.35516957733217935,0.035401147438205216,0.12067821467121823
2020-04-13,123.83000183105467,125.23999786376952,120.25,120.6999969482422,691700.0,0.2682582792989591,0.3450031565532234,0.5520974755659473,0.8893028540333904,0.6494570062262994,0.6792071033973563,0.434695473032765,0.7614575121994608,0,-1,-0.3513039577811366,0.02528110841674528,0.12185978828992904
2020-04-14,121.7300033569336,124.23999786376952,121.7300033569336,122.9800033569336,765600.0,0.27587524506196376,0.3450996663364018,0.5776858936305138,0.8893540174284787,0.6573312186572483,0.6707918768837512,0.42491856297672004,0.766655735189376,0,-1,-0.34755597049124576,0.04366194512271821,0.19502901003072615
2020-04-15,120.37000274658205,121.81999969482422,119.94000244140624,120.41999816894533,571100.0,0.2834838470007594,0.3449481686997021,0.5359137737136319,0.8893853211089419,0.6494076205620192,0.6419021132687898,0.40753373647696844,0.7627781161330273,0,-1,-0.3300536905132286,0.05391118126883802,0.17791508095762598
2020-04-16,119.3000030517578,123.16999816894533,117.87000274658205,122.31999969482422,784800.0,0.29234149632082357,0.3448381921364842,0.5591353563276283,0.8894353037076445,0.6481527861625792,0.6367876401241183,0.3820260108627128,0.7681067020819372,0,-1,-0.3281847273989794,0.0639428422631211,0.21275531893999447
2020-04-17,125.11000061035156,128.1199951171875,123.22000122070312,124.11000061035156,2128300.0,0.29952910138179306,0.3447125047579744,0.580949521162238,0.8895885669002345,0.6133880539824853,0.6580496626184317,0.37455504800245265,0.7825573002917551,0,-1,-0.37058536579584994,0.02460754181119656,0.16931006185036396
2020-04-20,120.77999877929688,124.48999786376952,120.51000213623048,122.66000366210938,856300.0,0.3058078020934388,0.34460701797761156,0.5543484485958751,0.8896443697476509,0.6179696695277123,0.6248049160656521,0.3554658587961368,0.7767432481153387,0,-1,-0.3303521053772385,0.05914105472398509,0.20755776633754516
2020-04-21,121.0199966430664,121.22000122070312,118.62000274658205,119.83999633789062,676400.0,0.31171568887251216,0.34418731232288674,0.5037332452291858,0.889679507727987,0.6310896346534765,0.5947502831981901,0.3296131850890588,0.7721506697057532,0,-1,-0.3362138972160237,0.057883566461316996,0.20438609935056226
2020-04-22,122.3499984741211,124.0,120.08999633789062,123.20999908447266,655300.0,0.31743120131342845,0.34377209559484184,0.5509829322981515,0.8897238644071447,0.6251778275930205,0.612034106361411,0.3153148633079247,0.7765999846551934,0,-1,-0.3552236398171899,0.04814750349956467,0.17139520646858591
2020-04-23,122.9800033569336,125.55999755859376,122.5999984741211,124.0199966430664,889600.0,0.32265322685484593,0.3435397989902555,0.562097768558867,0.8897874232686956,0.6189620261078593,0.6220966016702766,0.30727858908842376,0.7826401350886163,0,-1,-0.350620930919891,0.0417173265031025,0.17985550034394507
2020-04-24,124.98999786376952,127.55999755859376,124.0199966430664,127.31999969482422,843800.0,0.3263529747038392,0.34360825362381636,0.606311425496841,0.889860696098895,0.6176855639468402,0.6374531647840693,0.30639629657469913,0.7883693155469371,0,-1,-0.3645379802306276,0.025237843397353226,0.1716658723737969
2020-04-27,128.39999389648438,132.24000549316406,127.5,130.9199981689453,1392300.0,0.33196253969912987,0.34391124889721586,0.6503704567862285,0.8900049420174508,0.6242353564927083,0.6677919159447254,0.3194495206259429,0.7978226669952899,0,-1,-0.38187240994129523,0.030160317356926532,0.12189761474757413
2020-04-28,147.85000610351562,153.55999755859375,140.10000610351562,140.86000061035156,4579400.0,0.3406194508568278,0.3454093937155583,0.7470637927629579,0.8906909900365111,0.5576260494516656,0.7914768225787157,0.3697563913341828,0.8289155906630247,0,-1,-0.5199359018961948,0.04361435636219368,-0.01397801601473571
2020-04-29,141.99000549316406,145.8800048828125,141.58999633789062,142.69000244140625,1561300.0,0.3506731780895816,0.3470915811030731,0.7619003991762702,0.8909378117981358,0.554419004019623,0.7527370949516411,0.41646991413469125,0.8395164077400291,0,-1,-0.4416442314660581,0.08213823665551957,-0.031804706566208096
2020-04-30,141.77999877929688,143.38999938964844,139.14999389648438,139.25999450683594,1027000.0,0.3605791345014309,0.34815879837807867,0.6899609917911409,0.8910836226753632,0.5334014640359177,0.7054987018605806,0.44884124636440403,0.8325433473813001,0,-1,-0.3873431613806461,0.08255658124425483,-0.010231911346961053
2020-05-01,134.42999267578125,137.97999572753906,134.24000549316406,135.3000030517578,874200.0,0.36843587315163845,0.3484337385018606,0.6134737849336512,0.8911915341640023,0.5178716195286175,0.6457982534341801,0.4582201315043194,0.8266077589045709,1,-1,-0.27107564167505704,0.13736899064629401,0.039997181846401206
2020-05-04,132.13999938964844,135.49000549316406,132.05999755859375,135.39999389648438,850000.0,0.37627030472542716,0.3486626677693056,0.6146287476785166,0.8912968033910785,0.5265328975547491,0.6185956482625383,0.45831465552809203,0.8323790357350672,0,-1,-0.26141908313964746,0.15831483877166863,0.07124907000896918
2020-05-05,135.72999572753906,137.35000610351562,135.63999938964844,136.52000427246094,939700.0,0.38291423994164425,0.3493651698116335,0.6281744812295439,0.891418026760811,0.5189603120972406,0.6260875490040023,0.4623424712026588,0.8387593520146169,0,-1,-0.28774003575109647,0.13168391901617094,0.03293948977041269
2020-05-06,137.27000427246094,143.02999877929688,136.8800048828125,141.8000030517578,1068400.0,0.38989552953936374,0.3510496012344006,0.6874750360937099,0.8915820515157208,0.5368996154596054,0.6480670924911279,0.4772125145566187,0.8460135075036783,0,-1,-0.2745385451507353,0.11932312317850446,0.009595645455586945
2020-05-07,142.1699981689453,143.88999938964844,141.38999938964844,142.7100067138672,582300.0,0.39597627861196844,0.35287430926143065,0.6970118209699705,0.8916738745992839,0.5302688232176488,0.6515411136506781,0.49261088183179136,0.8499671716194407,0,-1,-0.28737658055709636,0.08032439453115542,-0.03892809699338373
2020-05-08,143.83999633789062,149.10000610351562,143.42999267578125,149.02000427246094,846800.0,0.4025644535820477,0.3558167334903078,0.7573230493103659,0.8918322324451259,0.5390067904006044,0.6694390453608785,0.5160702737574107,0.8557167212901045,0,-1,-0.2972461367337553,0.0681101588075157,-0.048630103811296975
2020-05-11,148.19000244140625,149.2899932861328,147.2100067138672,148.47000122070312,614300.0,0.41030688308953783,0.35901726543813667,0.7445555358109045,0.8919454907828935,0.5508983671102693,0.6625260877031218,0.5381759246975174,0.8515457855760176,0,-1,-0.31385050953930266,0.0360353976864023,-0.0793853274183598
2020-05-12,148.6999969482422,149.3800048828125,140.41000366210938,140.41000366210938,965000.0,0.41516646277682595,0.3613031993371982,0.5784042538947066,0.8920871289076032,0.534483956000642,0.618485745615542,0.5289188610069196,0.8449936889390425,0,-1,-0.31844816050761904,0.03273388947526909,-0.09220719558731487
2020-05-13,139.42999267578125,140.97999572753906,136.10000610351562,137.02999877929688,701200.0,0.41979742205156206,0.3636486100164608,0.5200892727811791,0.892178970936902,0.5318482309490943,0.5738124134496426,0.504158538673796,0.8402327250407554,0,-1,-0.27070716840308146,0.10063389013802569,-0.03254748199015205
2020-05-14,136.0,138.0,135.05999755859375,137.1199951171875,727800.0,0.4239237419521485,0.3653004965067553,0.5213264420736646,0.8922745632786865,0.5277365072904378,0.5582493187150877,0.47739682329955546,0.8451742959551497,0,-1,-0.24147994331654343,0.12814710439336877,0.030066373450263563
2020-05-15,136.86000061035156,140.7100067138672,135.8000030517578,138.72999572753906,1552100.0,0.42799987678036405,0.3675370522123385,0.5442383752176773,0.8924899119664459,0.5559847192103661,0.5689049507759832,0.45985117504512596,0.8557126474476359,0,-1,-0.23461201367059364,0.12179111393615345,0.004011107579808188
2020-05-18,141.50999450683594,142.64999389648438,140.44000244140625,141.1699981689453,630000.0,0.43316056477475967,0.3699531615604144,0.5782148244398336,0.8925844156392128,0.5511616485254607,0.5926349419627073,0.4486546251714336,0.8599901820396507,0,-1,-0.23397961835757888,0.08685939178880682,-0.01463273150590823
2020-05-19,141.80999755859375,141.97000122070312,138.77000427246094,138.92999267578125,532000.0,0.43848296046091867,0.37301004956683886,0.5335898668821712,0.8926586528243629,0.5437018227886943,0.5700205958838284,0.4313497298584834,0.8563780417175049,0,0,-0.1888502966530429,0.08323298259123145,-0.031876461417918424
2020-05-20,139.97000122070312,142.27000427246094,139.75,140.3800048828125,567000.0,0.4432700522536512,0.37553501388859406,0.5553529569132565,0.8927415708738234,0.5322009736240346,0.5741895329726375,0.41616767036629265,0.8602278228503182,0,0,-0.1633196835643514,0.09781902436002704,-0.010436889258506065
2020-05-21,140.3300018310547,140.6999969482422,137.05999755859375,137.13999938964844,490200.0,0.44692798098159975,0.3788275658367462,0.49067869365168115,0.8928058552381722,0.5248194645983374,0.5262990664461527,0.3904646216495937,0.8568994935534838,0,0,-0.15999428909567265,0.09424416061662984,-0.00448785340432507
2020-05-22,136.9600067138672,137.58999633789062,134.92999267578125,137.30999755859375,880900.0,0.44971324718038513,0.3832019242856573,0.49358259071796085,0.89292202677207,0.5242403401391792,0.48028173005939867,0.3578163110475887,0.8628805732711122,0,0,-0.13920084623192794,0.12104412220071482,-0.019469253606660818
2020-05-26,141.13999938964844,141.75999450683594,138.00999450683594,139.11000061035156,807600.0,0.4519966647825799,0.38695121489151146,0.5249570585618228,0.8930352334777437,0.5080188802776512,0.5276126591273476,0.3417357825256436,0.8683639652338284,1,0,-0.16947051967673715,0.09045224957960818,-0.05083384933104027
2020-05-27,139.92999267578125,145.38999938964844,139.19000244140625,145.27000427246094,994600.0,0.45322619799210545,0.3925184788501131,0.618387523474743,0.8932030338306433,0.5936505545497164,0.6138935801621589,0.33781643517968163,0.8751170380992538,0,0,-0.1585794682798503,0.097980050485301,0.0351521431024537
2020-05-28,145.47000122070312,146.0,142.2100067138672,142.25,783200.0,0.45310352289806194,0.3980307549551934,0.5533239900939385,0.8933241210451385,0.5935474843561139,0.6183713138168617,0.3359739110100842,0.86979931573026,0,0,-0.18999103505466927,0.05568937908694106,-0.020306992919951493
2020-05-29,143.52999877929688,145.13999938964844,140.80999755859375,144.9199981689453,922500.0,0.4546815629637408,0.4041321883460672,0.5921017193851278,0.8934781088943508,0.6243042201133678,0.6143585927898992,0.32752399440012137,0.8760628485257104,0,0,-0.17511420761135205,0.07050965749945079,-0.022987727750164763
2020-06-01,144.74000549316406,146.47999572753906,142.4199981689453,145.82000732421875,710100.0,0.4576145978563137,0.4094615451838642,0.6049475106476627,0.8935995533394315,0.6389430981325201,0.6329115139954485,0.3241098902292663,0.8808842410872814,0,0,-0.18023739357305094,0.060861110798162504,-0.005727310526785166
2020-06-02,146.6300048828125,147.3699951171875,144.49000549316406,146.5399932861328,589700.0,0.4607204907881835,0.41466858026794223,0.6155439662854366,0.8937023395361497,0.6294627609400295,0.6490553413346545,0.3239205691919531,0.8848881492601562,0,0,-0.19208613859106816,0.0475242924681315,0.0020572471396312023
2020-06-03,145.9199981689453,147.42999267578125,145.4499969482422,146.08999633789062,550400.0,0.4633886570666926,0.41999232487717025,0.6040679118519597,0.8937970958540488,0.6256735434372516,0.6425398756114347,0.3239554111942561,0.8811510777689737,0,0,-0.17626588654620198,0.052135933804300344,0.010372624144270223
2020-06-04,146.08999633789062,146.08999633789062,141.22000122070312,142.88999938964844,935900.0,0.4636925540242421,0.4245013485579507,0.5252206717266013,0.8939442620691277,0.6097178062644389,0.5733875153965061,0.3012742023654166,0.874796562491725,0,0,-0.16079128244646995,0.05113287294104524,0.022862594439153578
2020-06-05,144.11000061035156,146.9499969482422,143.72000122070312,145.13999938964844,456100.0,0.46437004931057196,0.4289733392357539,0.5650730218352051,0.894020712694002,0.6082216118750413,0.6102783701625708,0.2837920894259113,0.8778933617415948,0,0,-0.1405976909027866,0.06613476792363109,0.05780666626158812
2020-06-08,145.86000061035156,147.63999938964844,144.83999633789062,146.27999877929688,536700.0,0.4636061207503595,0.43259020864499104,0.584725818708239,0.8941134850973261,0.5944415253641923,0.6340034435565027,0.27050614971635245,0.8815374138297446,0,0,-0.12649855785834474,0.05305220463430263,0.05856414520976104
2020-06-09,145.74000549316406,146.0,143.82000732421875,143.9199981689453,387500.0,0.4623375549431143,0.4363069543183727,0.5250684387108231,0.8941762100708962,0.586218508988151,0.6044450516670624,0.2524085581843428,0.8789063905687831,0,0,-0.09351933311956286,0.05345906570062439,0.062209399238896436
2020-06-10,144.75999450683594,147.8300018310547,142.6300048828125,146.02000427246094,700400.0,0.46390165388370014,0.4403704629424135,0.56416081146451,0.8942963674685708,0.6063163282542127,0.6208838473330515,0.24400546770073792,0.883661922677112,0,0,-0.08824344851181745,0.03210123981903619,0.06913571660382524
2020-06-11,144.02999877929688,144.02999877929688,137.4600067138672,137.50999450683594,778100.0,0.4640354793252775,0.44383583471495075,0.3854084965399983,0.8943991132010854,0.6006457543487991,0.4848919812778094,0.21858981124669966,0.8783788279691013,0,0,-0.08197507786924947,0.03663885732760949,0.05690999394225465
2020-06-12,140.61000061035156,142.63999938964844,137.5399932861328,140.32000732421875,544600.0,0.4649276602804176,0.44794198685818726,0.4395355801521369,0.8944780900398909,0.596499540048412,0.4888764675424111,0.19498955882509264,0.8820765189830875,0,0,-0.062177320873449474,0.06377721345938211,0.07730350743548359
2020-06-15,137.32000732421875,141.25,136.35000610351562,140.0,457700.0,0.4652817444374549,0.45163179982766505,0.43344084162360774,0.8945437675484372,0.5952006685884522,0.46229177288844764,0.17897302794595468,0.8789688561533014,0,0,-0.03748581450306938,0.08594638632485473,0.004632225360297486
2020-06-16,144.63999938964844,145.1999969482422,140.02000427246094,141.77999877929688,715500.0,0.46545181595342716,0.45550116558346004,0.4685385345676665,0.8946523033764965,0.594936342212685,0.5409925674849264,0.16304645855019054,0.8838269132970897,0,0,-0.06935719081333705,0.03385718209402902,-0.04928567068917411
2020-06-17,142.60000610351562,142.60000610351562,140.0399932861328,140.19000244140625,597700.0,0.4658031135871397,0.45858723204139124,0.4353524828190094,0.894738535201164,0.5941027944236081,0.5025185541310788,0.14825750125412387,0.8797686872246337,0,0,-0.054097993326082415,0.04782055887763846,-0.053604218993867
2020-06-18,140.14999389648438,140.14999389648438,138.33999633789062,138.5800018310547,533300.0,0.46530126286343193,0.4610358854657644,0.40243526891430614,0.8948114756144082,0.5922535944424834,0.4571931857248601,0.1250059200191921,0.8761477202438059,0,0,-0.03723518888506243,0.06583929542469262,-0.030315999186720382
2020-06-19,140.2100067138672,141.1999969482422,134.47000122070312,136.64999389648438,1064600.0,0.4651646466442955,0.46280335903549524,0.36426722270882306,0.8949475061972075,0.593853255347283,0.42000421112954567,0.12231831124548634,0.8689193657570455,0,0,-0.04142015743484983,0.06617115058292912,-0.008370642565898909
2020-06-22,135.85000610351562,139.0500030517578,134.58999633789062,136.89999389648438,1135500.0,0.465050335374461,0.46409501750744114,0.37045633204110395,0.8950938202048552,0.5826814049453923,0.40409092109184996,0.11982267452704529,0.8766291126288438,0,0,-0.010098828718996406,0.09901207013259124,0.03534567718989036
2020-06-23,137.66000366210938,138.75999450683594,135.9600067138672,136.36000061035156,505700.0,0.46428362029092346,0.465852392490449,0.35897243584863026,0.8951576882819868,0.5822136817224759,0.41903598497116323,0.11750529757420711,0.8731955424015708,0,0,-0.02330169893081471,0.0856099469921459,0.022863329171439916
2020-06-24,134.74000549316406,135.97000122070312,133.47999572753906,135.00999450683594,1164200.0,0.4614230732929064,0.46720240529688245,0.33002785515793487,0.8952973838968935,0.5704465559499048,0.39580870975677385,0.12756030275963484,0.8652909300650253,0,0,-0.009240317981704,0.09599586593795394,0.04840122334397771
2020-06-25,135.35000610351562,135.35000610351562,132.10000610351562,134.86000061035156,654500.0,0.45936270092949655,0.4688228710127686,0.32674409003529514,0.8953754251210778,0.5913292602584314,0.4041709541586572,0.1431974304481559,0.8608470469055433,0,0,-0.024072291920843262,0.09243756933052216,0.03873784119941026
2020-06-26,133.92999267578125,141.69000244140625,133.92999267578125,140.1199951171875,2089300.0,0.4580244337510206,0.4708203971518334,0.46808363597431935,0.8956751508509909,0.5984128337523357,0.4954142779137455,0.1214696797630149,0.875032845354903,0,0,-0.013569528132755764,0.10306991763580418,0.042191920626237174
2020-06-29,140.86000061035156,141.27000427246094,136.6300048828125,137.41000366210938,907600.0,0.4556796786018042,0.4723129314539574,0.4040728934771993,0.8957938784031677,0.5799551936651112,0.4974561184817268,0.10129391126966972,0.8688704796474225,0,0,-0.06251780482514029,0.0497430878075171,-0.022195266334048575
2020-06-30,137.91000366210938,139.9600067138672,137.57000732421875,139.47999572753906,612500.0,0.453711312558927,0.4742004810298042,0.45377843015970765,0.8958798258667021,0.5819459714871633,0.5135177707417834,0.08255926909727776,0.8730291938341036,0,0,-0.042282202195995204,0.07219269270480878,0.0027653708892827803
2020-07-01,139.75999450683594,140.27999877929688,137.1699981689453,137.30999755859375,562000.0,0.4512634007416441,0.47616097502206706,0.4032480672406581,0.8959530277828253,0.5765399190917415,0.5020775437654355,0.06497781000831188,0.8692133613885284,0,0,-0.054918186391999704,0.0578578116677229,-0.02057639235086989
2020-07-02,138.6300048828125,140.07000732421875,137.9199981689453,138.52000427246094,525200.0,0.4500450221338866,0.47787907296684523,0.4333298092440928,0.8960243506382147,0.5775973004532982,0.5197659894352479,0.04865216942570072,0.8727793314960304,0,0,-0.04755661565364426,0.06700165400786864,-0.018789613844059194
2020-07-06,139.92999267578125,140.60000610351562,138.05999755859375,139.6999969482422,545800.0,0.4485283196152295,0.4796386919851053,0.46239812853221995,0.8961014228416967,0.581250302902722,0.5424401983391909,0.03489326842325499,0.8764851701949538,0,0,-0.056526034729716644,0.05703153993364432,-0.03696213513765681
2020-07-07,138.67999267578125,139.61000061035156,133.94000244140625,134.2899932861328,1017900.0,0.44518544031948154,0.4804208688372556,0.34051158810450377,0.8962196747246217,0.5657638181303247,0.44143828908567917,0.042810975989079264,0.8695738964469983,0,0,-0.04710083547606276,0.06549756159739537,-0.02970647091726077
2020-07-08,134.89999389648438,135.8300018310547,132.94000244140625,134.16000366210938,902000.0,0.4424643003181597,0.4807844641927453,0.3378991641436526,0.8963238647646118,0.5693728462169383,0.3997783986914921,0.055542203138057994,0.8634495532692247,0,0,-0.02085030853343475,0.09628422504289084,-0.0016382547598640992
2020-07-09,139.50999450683594,145.0,137.7899932861328,144.82000732421875,1726000.0,0.4421297345870992,0.48122885851612146,0.5608135608043955,0.8966079661638929,0.5937228411747901,0.699361869764231,0.06290477080556037,0.8751686401038559,0,0,-0.055232470192702485,0.06201555677631931,-0.0385360616265805
2020-07-10,144.4600067138672,144.86000061035156,141.32000732421875,142.52000427246094,596100.0,0.44352655278927205,0.48120978121986363,0.511072047281006,0.8966996974277174,0.6035224144736759,0.6953899414221704,0.06974144078252689,0.8711212776113161,0,0,-0.08534732761530911,0.0232702316444637,-0.063112822313191
2020-07-13,143.2100067138672,144.8000030517578,139.92999267578125,140.25999450683594,966700.0,0.44350982088662,0.4813220018183339,0.4645860229632027,0.8968383195906345,0.588424285823929,0.6467579200253526,0.06748649804722118,0.8645576384206799,0,0,-0.07795397331810452,0.032416467714632385,-0.049256273238951966
2020-07-14,141.0,143.97000122070312,140.1699981689453,143.91000366210938,648700.0,0.4445999513536842,0.4822882212396566,0.5288276207105579,0.8969422154289849,0.5953186229177431,0.664429811725405,0.06539262265015156,0.8689621411029657,0,0,-0.06345354516644167,0.048695295155753125,-0.05168972111749692
2020-07-15,147.60000610351562,149.22000122070312,144.63999938964844,146.92999267578125,926100.0,0.4460357978993427,0.48358212460303013,0.5766251264434349,0.8971033651140424,0.5992311363223297,0.7626495905641694,0.0875294536471116,0.8752501169532275,0,0,-0.10770620252635749,0.011257001431194007,-0.0958238356890036
2020-07-16,146.1999969482422,147.5800018310547,145.4499969482422,147.44000244140625,523200.0,0.44805713766503247,0.4848075733328428,0.5845304353016503,0.8971955994136395,0.6159889472393577,0.7237826512724586,0.108085082430003,0.8788025075858341,0,0,-0.09596400699372451,0.020554035411442108,-0.1186960002093631
2020-07-17,147.75,150.0,146.4499969482422,149.42999267578125,1816700.0,0.4510821746239038,0.4856638153347724,0.6154728429011977,0.8975323058785164,0.6437203091853531,0.71903485188273,0.13687066296772724,0.8911374236069666,0,0,-0.10614482933628408,0.015260444674057617,-0.11855667009016595
2020-07-20,150.39999389648438,153.83999633789062,150.39999389648438,152.3699951171875,691300.0,0.45546499718722816,0.48674786501460826,0.6582156140927314,0.8976697010825342,0.6518321193194653,0.7376102117799042,0.17680915650144433,0.8958311691045219,0,0,-0.1224652927118473,0.023020829887009597,-0.12092613900233676
2020-07-21,152.4600067138672,155.80999755859375,151.94000244140625,154.36000061035156,965500.0,0.4603329428258422,0.48734712259947516,0.6852561025689792,0.8978703502824198,0.6552664690103182,0.7273931656126812,0.2198379066750221,0.9023866606102209,0,0,-0.13362211237647362,0.021985895859287063,-0.14018508430038096
2020-07-22,153.94000244140625,155.6300048828125,153.1699981689453,154.83999633789062,504000.0,0.46548526699602893,0.48806196726377843,0.6917942145484581,0.8979761616858953,0.6645065410522415,0.7047591846743321,0.2597931746933444,0.9058086882838328,0,0,-0.14148740769327264,0.012114505764403942,-0.1381834785353342
2020-07-23,155.0,156.36000061035156,154.07000732421875,154.7100067138672,636200.0,0.47097773845239427,0.4896667221643725,0.68784013988887,0.8981093044606926,0.6551711267148995,0.6861521247593565,0.29921395793819816,0.9014890573196425,0,0,-0.1478945649579595,0.008783264289052163,-0.16998196813944272
2020-07-24,154.2100067138672,155.27999877929688,151.47999572753906,152.33999633789062,675700.0,0.47585125713765836,0.49138481925297567,0.6163398687714373,0.8982432928711769,0.6410595200079676,0.6465428177464393,0.31451387625809124,0.8969012317262703,0,0,-0.14291254379714124,0.013896928467340463,-0.17497256899667868
2020-07-27,152.8800048828125,154.2100067138672,149.88999938964844,151.24000549316406,1416900.0,0.4789515770228783,0.49296937526777335,0.5844874714265371,0.8985169249347961,0.6107677813724528,0.6222341136673991,0.31673587051711405,0.8872808527367055,0,0,-0.13640540421969533,0.02284361173161919,-0.20178552075702186
2020-07-28,144.75,145.33999633789062,136.3699951171875,137.97000122070312,3898700.0,0.4791077074137576,0.49288408822938207,0.31331622134875337,0.8990310126979774,0.5782547681091008,0.48736677286759345,0.31069075168615723,0.8608097033495812,0,0,-0.08364185028448802,0.07676540722471956,-0.14182753351732538
2020-07-29,138.3000030517578,140.80999755859375,136.57000732421875,137.74000549316406,1436500.0,0.47862258859270185,0.4924991723985575,0.30989521834450673,0.8992186325566377,0.5610173465733129,0.47082866235080845,0.3050774270574116,0.8510562455060425,0,0,-0.04493728269469527,0.13089800245565086,-0.13234762611200485
2020-07-30,136.52000427246094,137.14999389648438,134.64999389648438,135.0,830300.0,0.4779785486032078,0.4920581462684978,0.26935433894471883,0.8993165621051588,0.5595428795171452,0.4430552563295399,0.30661179320596466,0.8454187265032649,0,0,-0.03208942930646735,0.14403946236865273,-0.12000875380763501
2020-07-31,136.19000244140625,136.35000610351562,133.5399932861328,135.89999389648438,1263500.0,0.477248075339831,0.49155539675445886,0.29071498631045933,0.899470718266895,0.5781571897617074,0.44399123729652185,0.31187578995367704,0.8539975597683613,0,0,-0.030296269169560186,0.14940739384403937,-0.1077778003833912
2020-08-03,135.3000030517578,139.4199981689453,135.3000030517578,139.0500030517578,993100.0,0.47706685347632477,0.4917697385085011,0.36263853153730163,0.8996061632412292,0.589346169131009,0.47428067259470386,0.2995405279661424,0.8607404480276152,0,0,-0.023546704135098337,0.15496687641233628,-0.10161888011935775
2020-08-04,138.91000366210938,141.3300018310547,138.5800018310547,140.67999267578125,827700.0,0.47884842035481184,0.49214792137739366,0.39769177124573263,0.8997251825717548,0.6120178789222187,0.49473448945397647,0.27817364253665733,0.866360313713029,0,0,-0.04897517014838829,0.12549440176385232,-0.11060772776170084
2020-08-05,140.16000366210938,140.92999267578125,138.3699951171875,140.7899932861328,725400.0,0.4806968978269704,0.49233645116089547,0.4001170753556855,0.8998298126022225,0.6254385920022251,0.48732561558844867,0.2592620813235077,0.871285589257549,0,0,-0.0572931331974779,0.11515494591741685,-0.12013081039055463
2020-08-06,140.0,141.86000061035156,140.0,141.33999633789062,594100.0,0.4797266516763909,0.4918954233184852,0.4129099870841958,0.8999169713674519,0.601926392217847,0.5005812185637686,0.2365881406439401,0.8753193722751935,0,0,-0.05611189909235182,0.11620144463749292,-0.1360892433823033
2020-08-07,141.0,141.75,139.9600067138672,140.5800018310547,687100.0,0.47918576835496324,0.49170801512452195,0.39604325042862376,0.9000153435384634,0.60159949677304,0.4990931893585493,0.21573833196119954,0.8706541436749182,0,0,-0.057025596203677094,0.10867412627938375,-0.1643554829405784
2020-08-10,140.58999633789062,140.85000610351562,138.02999877929688,139.6199951171875,563000.0,0.479007333014782,0.4911132456101596,0.37440626848439773,0.900093442345658,0.6170857580788391,0.48711947507026654,0.20626329477619407,0.8668315214918955,0,0,-0.05441736944688573,0.11217814815092199,-0.1439749438052606
2020-08-11,139.86000061035156,140.7100067138672,137.14999389648438,137.75,595600.0,0.47728989020664175,0.49020762455857675,0.33333788780204443,0.9001709313644212,0.5996287787332499,0.48076832363333244,0.20183727500252016,0.8627875538680795,0,0,-0.04956308846119883,0.11817791560693743,-0.15033661794753642
2020-08-12,138.11000061035156,139.19000244140625,136.3000030517578,138.2899932861328,565400.0,0.47488101098707863,0.4892818046211976,0.34926160127824446,0.9002458668563552,0.6032675557242775,0.48027632838835954,0.20198199105368866,0.8666264714209766,0,0,-0.037531747142978675,0.132486388384755,-0.13938291795457122
2020-08-13,138.14999389648438,138.99000549316406,136.1699981689453,136.88999938964844,752100.0,0.47193961227029685,0.48824937545774155,0.3174299654065138,0.9003406854108068,0.5892331699179864,0.47975818787173186,0.20279046093676792,0.8615199098866047,0,0,-0.03767439227723618,0.13167985825401884,-0.13131822195652584
2020-08-14,136.39999389648438,136.88999938964844,135.07000732421875,136.0500030517578,641500.0,0.4682091977749096,0.48748178697516925,0.29856563821513926,0.9004190603860459,0.5690305516730533,0.4708923159581895,0.20936451068542752,0.8571642933139418,0,0,-0.02527570655639705,0.14581055448069902,-0.0951858514719787
2020-08-17,136.4600067138672,136.82000732421875,134.30999755859375,134.80999755859375,542700.0,0.46331337414034374,0.48632254798749003,0.2709771615501846,0.9004822601004207,0.5617449620322502,0.4662807147788667,0.21946020817881337,0.8534795028011062,0,0,-0.025872871690578458,0.146269705623702,-0.09151050568444545
2020-08-18,135.07000732421875,135.33999633789062,133.86000061035156,134.52999877929688,517700.0,0.4577846608638177,0.4850039559554648,0.2646734489490523,0.9005418667970649,0.5567799345970729,0.4568364705842507,0.2312424503333099,0.8499644557244616,0,0,-0.015800051341790994,0.15792592294113306,-0.09123960317413606
2020-08-19,134.92999267578125,135.97999572753906,134.36000061035156,134.67999267578125,370000.0,0.452163941266759,0.4839670370091537,0.27062220575279927,0.9005847113359683,0.5498841620478228,0.46061553107753495,0.2361750525158914,0.8524766585800894,1,0,-0.010332263452472042,0.15929538488829767,-0.08815872361980719
2020-08-20,133.75999450683594,135.36000061035156,133.27000427246094,134.33999633789062,617900.0,0.44648467064600356,0.4826562995285995,0.2619539937475325,0.9006552801550133,0.5549243020443496,0.448395277425943,0.24714849356971055,0.848281279811191,0,0,-0.003638181326268458,0.16780522224946376,-0.08360554736546819
2020-08-21,133.83999633789062,135.57000732421875,133.33999633789062,135.32000732421875,1280100.0,0.441739404355667,0.482410537856324,0.30429910056447285,0.9008071422953662,0.5781810503180502,0.45657981352718385,0.2551950633015082,0.8569728227179183,0,0,-0.004242906661959772,0.1676343969506955,-0.06304893421319542
2020-08-24,136.38999938964844,137.3800048828125,135.6699981689453,136.19000244140625,478200.0,0.4375433809567328,0.48194706623668987,0.34114613827810525,0.900865748926151,0.5840504595857354,0.5099429569935292,0.24483301873942118,0.860219675165381,0,0,-0.02305642143302709,0.14757611690676442,-0.08106710484000813
2020-08-25,135.66000366210938,136.30999755859375,133.41000366210938,133.75,423700.0,0.4363668214700201,0.481245687496251,0.2704510847561161,0.9009129323774955,0.6213090219587444,0.4550573125616924,0.2499140605545205,0.8573428634088148,0,0,-0.01754900761292445,0.15199351330614783,-0.05896179062149744
2020-08-26,133.22000122070312,135.6300048828125,133.14999389648438,133.80999755859375,681800.0,0.4352711137020721,0.4803512891894554,0.2731497006065319,0.9009890218436981,0.6268514345194777,0.45525921245314205,0.25622857526847853,0.8619721064006176,0,0,-0.0005234192464953271,0.17300934123101636,-0.03857946663259346
2020-08-27,133.33999633789062,133.9499969482422,127.9000015258789,128.75999450683594,1102300.0,0.4335313659446299,0.47906860685851843,0.1558815714284053,0.9010865181444415,0.6235904121431831,0.3571308004516227,0.28850305037576773,0.8544877788120812,0,0,-0.04065462156241063,0.17203501003264543,-0.04319556748191308
2020-08-28,129.5,131.33999633789062,129.3300018310547,130.27000427246094,521700.0,0.4319616939573941,0.47813605395920694,0.22090495507445362,0.9011362432869824,0.6083602381371487,0.3830405552956949,0.3184722058325363,0.8580299848385163,0,1,-0.012426208002332191,0.20860517052076724,-0.005824790556046367
2020-08-31,131.61000061035156,132.86000061035156,129.8000030517578,132.3300018310547,817200.0,0.4300881207583745,0.47765126186423795,0.30227704096464936,0.9012218014732919,0.6035719753239773,0.4326124321456531,0.3309083916508406,0.8635785582807298,0,0,-0.028479304235786762,0.1899900144950878,-0.038995944303723336
2020-09-01,131.24000549316406,132.25,129.1300048828125,131.10000610351562,571500.0,0.42741716795654056,0.477000383762991,0.2719581362640733,0.9012783992353269,0.5986881067751129,0.42349897736494946,0.3458771029417257,0.859698223329402,0,0,-0.025239960107832003,0.1898284196297233,-0.016096160004077313
2020-09-02,131.5500030517578,133.6999969482422,130.89999389648438,132.61000061035156,631800.0,0.42513654113190497,0.4765795565187276,0.32970325493097274,0.9013453082330817,0.5900511845522912,0.4688349775855188,0.34532133637526685,0.8639879794488227,0,0,-0.0278413528295101,0.18924482382559124,0.00549199990223202
2020-09-03,129.91000366210938,131.10000610351562,126.73999786376952,128.67999267578125,665900.0,0.4216068626717668,0.4758691999249291,0.23692921339203266,0.9014038442461184,0.5843310158015789,0.38825265543881443,0.36556241701680225,0.8594666932824374,0,0,-0.023904726519490015,0.19131283463101886,0.021039086594461753
2020-09-04,129.0,129.25,125.91999816894533,127.13999938964844,479100.0,0.4178597162737277,0.47500285676775095,0.20595643338229075,0.9014425750912277,0.5857485704297125,0.3783690335936532,0.3878394685123149,0.8562137300712719,0,0,-0.02393535907959651,0.19591240401595034,0.025489578535810724
2020-09-08,125.33999633789062,126.1999969482422,121.88999938964844,122.13999938964844,609100.0,0.4129861975884636,0.4729851308867145,0.12246788001891895,0.9014778875529289,0.5753344843903462,0.3306200269890668,0.4233862725646036,0.8520781009919127,0,0,-0.027135417373008744,0.15730690652833504,0.03091086954095336
2020-09-09,123.6999969482422,124.19000244140624,121.7699966430664,123.3000030517578,511000.0,0.4089574591821768,0.47140169817380567,0.1659802203241258,0.9015102110415406,0.5843778186682106,0.3595903905355184,0.45679092344579064,0.8555476568276581,0,0,-0.015801541794827994,0.1486818712367576,0.03053875368898768
2020-09-10,123.5199966430664,124.37000274658205,119.83999633789062,120.04000091552734,446300.0,0.4038692612094538,0.46922013032174376,0.11700939657646509,0.9015317895449745,0.5737960493713791,0.3624508652898226,0.4940838591716459,0.8525173970047752,0,0,-0.02984590603481999,0.1487429319818147,0.030900284620341303
2020-09-11,120.91999816894533,122.04000091552734,118.91000366210938,119.98999786376952,456600.0,0.39915744808883596,0.46727646959048647,0.11629423475162376,0.9015537562705561,0.5776617465897171,0.3747936303743757,0.5315775502542931,0.8494172028861816,0,0,-0.016744372638337394,0.17444187172359157,0.06197936008549181
2020-09-14,121.0,122.27999877929688,120.48999786376952,121.63999938964844,519700.0,0.3951398600300831,0.4653821853403571,0.1807377018205506,0.9015826672084729,0.5793463620560843,0.4155229568976505,0.5637064718504914,0.8529458294377215,0,0,-0.017418087966494505,0.17384782883349106,0.03808650534366007
2020-09-15,122.5199966430664,123.06999969482422,121.3499984741211,121.48999786376952,507500.0,0.3914261710559969,0.46333864834495536,0.17803090351286938,0.9016105438984207,0.5776673247405713,0.43956848330270926,0.5844862193972447,0.8495000376830428,0,0,-0.029677680031822178,0.1589937854679979,0.11295624739158626
2020-09-16,122.04000091552734,124.37000274658205,121.63999938964844,123.52999877929688,637300.0,0.38835931072184665,0.46213115532186194,0.2572692767180088,0.9016514735269338,0.582685500295818,0.46667881559629454,0.5893379045649785,0.8538271373584255,0,0,-0.025763415165483264,0.16314099961586134,0.10025516930894667
2020-09-17,121.29000091552734,124.58000183105467,120.12000274658205,123.26000213623048,710900.0,0.38517535472165404,0.46090795062730155,0.2512576354378234,0.9016962370406977,0.5914550016234102,0.4688447573562248,0.6007653883524653,0.8490003130068964,0,0,-0.019266552877331092,0.16651825385002486,0.09940910329507334
2020-09-18,122.66999816894533,123.08999633789062,120.11000061035156,120.83999633789062,1101600.0,0.3814114806751971,0.45821689944309335,0.1996587131738513,0.9017534049967079,0.5816148842331449,0.4603978706630436,0.6114220063418193,0.8415207382345732,0,0,-0.030504579276903615,0.154794754992515,0.08331984499813833
2020-09-21,119.29000091552734,119.29000091552734,116.79000091552734,117.7699966430664,793200.0,0.37651844143683905,0.45543943877478016,0.1438907387898552,0.9017834398844343,0.5617456638912449,0.42815781313179113,0.6349621691965589,0.8361351184911031,1,0,-0.020688514364147655,0.1784177908091174,0.09880830167046116
2020-09-22,118.66999816894533,120.41999816894533,117.16000366210938,120.3499984741211,619600.0,0.37210216144956193,0.4532051271044492,0.2422802939624754,0.9018141822199085,0.5750613774124628,0.4539877958541725,0.6440569207590435,0.8403420398136624,0,0,-0.015963295465786752,0.1871445119568104,0.14655680562806647
2020-09-23,121.22000122070312,122.11000061035156,118.4499969482422,118.87000274658205,653100.0,0.3679535365996736,0.45039512321601377,0.2133371750341327,0.9018421681163206,0.5720094438314745,0.46659247232157575,0.6346509912633786,0.8359076622866071,1,0,-0.03680930919270735,0.1493145114128707,0.10619026955820829
2020-09-24,117.88999938964844,119.70999908447266,117.6500015258789,118.91000366210938,718000.0,0.3637993365760183,0.4472507032797705,0.2148865143168256,0.9018730542986172,0.5801870087541665,0.45511630636165457,0.6300157125509087,0.8407826937740145,0,0,-0.009253793629215027,0.17750488446188187,0.1931522350749451
2020-09-25,118.4800033569336,120.61000061035156,118.0,119.98999786376952,476500.0,0.36135421340917745,0.4441702473380578,0.2577830723194017,0.901895890759686,0.5979167822346093,0.47143976325225895,0.6162433932952818,0.8440180036678162,0,0,-0.014212449662422882,0.1589437468994157,0.21772761721395642
2020-09-28,121.7699966430664,123.48999786376952,121.54000091552734,123.37000274658205,592000.0,0.359430455137787,0.4412457796720753,0.3771088950008167,0.9019333731977893,0.6073509461682811,0.5325927437887934,0.5765824758356141,0.8480375282368207,0,0,-0.04150342375364565,0.13009424550093662,0.2766897672198503
2020-09-29,122.98999786376952,125.02999877929688,122.4800033569336,124.01000213623048,731900.0,0.3571107935883145,0.438063204287141,0.397600754541678,0.9019818307168675,0.6007347311516618,0.563446390742144,0.5273709560996019,0.8530069370747503,0,0,-0.0502553036411758,0.11664105291950037,0.28305102554038253
2020-09-30,124.02999877929688,124.6500015258789,122.30999755859376,122.7699966430664,665500.0,0.35478834126128295,0.43451815513625563,0.36271409871949967,0.9020221156931679,0.5912805278445366,0.5609190758838577,0.4829452314181699,0.848488366803344,0,0,-0.0583823702850684,0.10765265602406854,0.28731557349439735
2020-10-01,123.37999725341795,123.86000061035156,122.19000244140624,123.06999969482422,450300.0,0.35212853667986593,0.43095290709957373,0.37331801772892137,0.90204998081729,0.5893073878268278,0.5737001791494964,0.44264412125294184,0.8515457855760176,1,0,-0.05367758017498316,0.11403443848008946,0.2748228295701844
2020-10-02,122.41000366210938,123.37999725341795,121.7699966430664,122.5,471100.0,0.35040552082507576,0.42733828086941367,0.3561243155971806,0.902077902681297,0.589809456869688,0.5720120458076824,0.4086992441835604,0.8483471402644331,0,0,-0.04566509109058187,0.12163810236307897,0.30104820950378186
2020-10-05,123.87000274658205,125.4499969482422,123.48999786376952,125.37000274658205,762700.0,0.349912036052694,0.42431169204785907,0.4568027812290756,0.9021330593301892,0.6039465415549099,0.6746579026249562,0.3745593424137831,0.8535256730157501,0,0,-0.05779593331473226,0.11028573172433025,0.3193469611965879
2020-10-06,126.37999725341795,128.1999969482422,125.08999633789062,125.41999816894533,512500.0,0.3508265177029018,0.4214141553734297,0.4584461127964403,0.9021702257155991,0.6062450393044305,0.7171859313094431,0.36292189964245214,0.857005413457667,0,0,-0.07649354811992347,0.07920555226634161,0.28483686928407786
2020-10-07,127.06999969482422,128.3800048828125,126.56999969482422,127.62999725341795,561000.0,0.35203374383600844,0.42025379394003654,0.5285088615718356,0.9022165409454411,0.6055784956486798,0.7354369599439352,0.3533220391669135,0.8608144561657946,1,0,-0.08196459041124639,0.06825072008418977,0.226120183343928
2020-10-08,128.08999633789062,128.9600067138672,127.41999816894533,128.05999755859375,650200.0,0.3542697628891573,0.41916749765642264,0.5414120717382933,0.902271474900383,0.6106483341795144,0.7231757610544162,0.34841847709631957,0.8652291434542517,0,0,-0.08853714381836411,0.0459139758399911,0.25158662776271157
2020-10-09,128.42999267578125,128.74000549316406,125.55999755859376,127.55999755859376,532400.0,0.35638032032493777,0.41833257612982816,0.5208306345726008,0.9023152301511422,0.6154054690580678,0.6790203499753111,0.3251251594849953,0.8616142872371269,0,0,-0.09089483040891078,0.04115261887342807,0.25519294516320445
2020-10-12,127.83000183105467,128.9600067138672,125.83999633789062,128.75,635600.0,0.35836262749290776,0.4175301995357062,0.5591730215174366,0.9023708913481133,0.6222644541857518,0.6751390679905208,0.3052487100908863,0.8659298443588485,0,0,-0.0865475158891892,0.04601752296593745,0.2694417981734431
2020-10-13,128.0800018310547,128.60000610351562,126.0500030517578,126.52999877929688,608300.0,0.35976780739217246,0.41612519716340085,0.4687083134274963,0.9024180004175949,0.6230423673574345,0.6398257882243923,0.28679200708207087,0.8617996470694474,0,0,-0.0876893274992415,0.04365044751213592,0.28551452044144415
2020-10-14,126.75,129.52999877929688,126.75,129.11000061035156,669300.0,0.36132354250854953,0.41482680572952274,0.5504291348019231,0.9024776690640456,0.6268296846243802,0.6571604109496548,0.2776418089906224,0.8663440183431547,0,0,-0.07871650344236258,0.05492766154502929,0.300324036723358
2020-10-15,127.5199966430664,132.64999389648438,127.41999816894533,132.27000427246094,824100.0,0.3638355805232962,0.41387068746344874,0.6321230169134938,0.9025629494862594,0.6338983129217703,0.6853842593323787,0.2915677717429085,0.871939440973757,0,0,-0.08310739429025121,0.03973353906875177,0.28680974543905685
2020-10-16,132.02000427246094,134.08999633789062,130.67999267578125,132.6999969482422,772700.0,0.36714221374464934,0.41290110156116006,0.6422417061864795,0.9026443861664729,0.645922222464249,0.6956720990540758,0.31296187201433046,0.8771858710995505,0,0,-0.11514328921893391,0.015649746719337384,0.23278137364166845
2020-10-19,132.94000244140625,134.17999267578125,132.00999450683594,132.27999877929688,491100.0,0.37118768192647106,0.41196967025138714,0.6237953636960905,0.9026951887534548,0.6425512142730561,0.6853467154086281,0.3333490978496897,0.8738514310390132,0,0,-0.12170310397352904,0.009344312455852136,0.23360965119005334
2020-10-20,133.52000427246094,133.82000732421875,128.72999572753906,129.27000427246094,706200.0,0.37367462846859095,0.41080818808463065,0.5032870533331874,0.9027585581572065,0.622939142896114,0.6355205604078503,0.31618188974644046,0.869056518453488,0,0,-0.12647417229604635,0.004989328767847004,0.23238577651987483
2020-10-21,129.60000610351562,130.61000061035156,127.12000274658205,127.43000030517578,831100.0,0.3760612027388521,0.40965007154266503,0.4403683058963809,0.9028261553670028,0.6198634266426505,0.5877015401632915,0.28579512019221187,0.8634135676607522,0,0,-0.09909495447210458,0.035429615695010255,0.2548928278736175
2020-10-22,127.47000122070312,127.7699966430664,125.19000244140624,127.33000183105467,805200.0,0.37840874441139355,0.40842013474234756,0.43700447322232094,0.9028912507222008,0.6261808729771248,0.5457663518501222,0.26297096637269857,0.8579464710679103,0,0,-0.08381072180490291,0.052656293172790546,0.3029114495101184
2020-10-23,130.60000610351562,131.1199951171875,127.37000274658205,128.36000061035156,844700.0,0.38074234708595905,0.4074628931743847,0.47261640898928714,0.9029634597193764,0.6151097264286126,0.5929406797915323,0.24616056417049761,0.863681762289934,0,0,-0.10845837579042697,0.028115813404413992,0.2982015288987656
2020-10-26,126.66999816894533,127.52999877929688,122.25,125.56999969482422,1691000.0,0.3813557183019423,0.4062868209256996,0.3783694605138712,0.9030864969284541,0.6136835388774409,0.48149776450829673,0.23491521957789283,0.8522003162659704,1,0,-0.07697099724554857,0.058507280080444944,0.3375662326661
2020-10-27,131.99000549316406,139.7899932861328,130.66000366210938,136.25999450683594,2650400.0,0.38477108336512883,0.4064495404510114,0.6430936448823741,0.9034076313221112,0.6214394776730394,0.7471371587351152,0.2451247993578888,0.8701958363972023,0,0,-0.12104805777317555,0.06211665056880821,0.3073185986435997
2020-10-28,134.9499969482422,136.38999938964844,133.05999755859375,134.22000122070312,1753000.0,0.3879634074437645,0.4064147523394616,0.5829731726854087,0.9036035616041705,0.6192581258996376,0.6971642754341075,0.2546051234393135,0.8582934266514848,0,0,-0.13327459830334712,0.03552030333927403,0.26757675167848366
2020-10-29,134.00999450683594,134.2899932861328,131.38999938964844,133.57000732421875,938300.0,0.3908908671625703,0.4062901891190161,0.5641417866180244,0.9037055919585743,0.6269048104528268,0.64549374531837,0.253511903721681,0.8519226160043617,0,0,-0.12829677719189628,0.043063617394792,0.28594847663354417
2020-10-30,132.4199981689453,133.57000732421875,131.35000610351562,132.94000244140625,1112300.0,0.39380159710584123,0.40613308096609796,0.5453597227038813,0.9038232994434997,0.6358611757143726,0.6228927979965575,0.25225499787059436,0.8443703910413488,0,0,-0.11701726732318564,0.05517702113542657,0.2903346309262748
2020-11-02,132.38999938964844,134.2899932861328,129.42999267578125,131.22999572753906,1056400.0,0.3954353952905409,0.4056740974169685,0.49504618631338737,0.9039268414069882,0.6192356523002183,0.5919328690053353,0.23940511685191698,0.8371977124016592,0,0,-0.11456292649198449,0.05566416248371853,0.3171355715951001
2020-11-03,131.75999450683594,136.8000030517578,131.4600067138672,135.92999267578125,660400.0,0.39836563940555453,0.4056449189654619,0.5959797690207682,0.9040055976052143,0.6337218130290522,0.6570190371588529,0.2386126727212666,0.8416816550120824,0,0,-0.10752109609339872,0.06119026930374084,0.3162386752352159
2020-11-04,136.2100067138672,136.75999450683594,133.67999267578125,134.0,615700.0,0.4001416311102746,0.4056729741150796,0.5406910314179313,0.9040736161579809,0.6237593845282472,0.64774697568792,0.23787683174280547,0.8375012136655687,0,0,-0.13654091214627964,0.026336987899385607,0.28168907047219294
2020-11-05,134.8699951171875,141.8000030517578,134.47999572753906,140.85000610351562,993800.0,0.4037075556448075,0.4064630080872261,0.6597746140721085,0.9042141757617445,0.6381888417935246,0.7198195443751282,0.25713958765170664,0.8442488547410361,0,0,-0.12589548594916045,0.051716477123659045,0.30119403440560866
2020-11-06,140.9499969482422,144.6199951171875,139.72999572753906,144.3699951171875,1016500.0,0.40839427516568133,0.4082147716978402,0.7074493704124933,0.9043740609941254,0.6514179465208773,0.7630704744632372,0.2842074502018943,0.8511506228565647,0,0,-0.13780614264545898,0.026056073907786,0.2367056790426256
2020-11-09,161.0,162.5,150.5500030517578,154.97000122070312,2187000.0,0.41570455532069456,0.41098662013758464,0.8130767908252275,0.9048226116378896,0.6323202097041493,0.885024560182773,0.34490727213772565,0.8659997786545592,0,-1,-0.2717323868099459,0.010389970566823288,0.10140610850450545
2020-11-10,154.9199981689453,158.6999969482422,153.1199951171875,157.91000366210938,1491200.0,0.42445347279892515,0.4138572232519349,0.8353744977423373,0.905147968795824,0.6570328157599146,0.8029566094802825,0.40127139250671184,0.8761246351364839,0,-1,-0.21391237829744722,0.048912704209503756,0.1351229417078225
2020-11-11,157.30999755859375,161.36000061035156,156.86000061035156,159.66000366210938,846200.0,0.4329709812141617,0.41706224327026836,0.8481513763131246,0.905339172481172,0.6525925750504172,0.7564801227834405,0.4571964208181014,0.8818701109646792,0,-1,-0.225064910970268,0.03286683757231522,0.11588881405458995
2020-11-12,161.0399932861328,161.0399932861328,156.5500030517578,157.1199951171875,467500.0,0.4398992949619514,0.4198127695223273,0.7805647829547854,0.9054394016526283,0.6346219327388547,0.7038580263753456,0.5072241060788955,0.8786959087079061,0,-1,-0.24596013868428834,0.009144473759107631,0.09645502193438932
2020-11-13,158.72999572753906,160.10000610351562,158.3300018310547,159.4600067138672,592400.0,0.4473601324611938,0.42326692111860315,0.8012341345648174,0.9055726361832693,0.6349843876730277,0.6820944470379862,0.5536783852496328,0.8827181491718896,0,-1,-0.23217920609232812,0.023994427123353018,0.10412424337303157
2020-11-16,163.0,166.6699981689453,162.14999389648438,162.99000549316406,808900.0,0.4559222507750343,0.42729003025870077,0.8302209707860414,0.905767394073918,0.6326064937010248,0.6832443121053589,0.6057987236713664,0.8882103677932878,0,-1,-0.25554997042688726,0.02301516376787006,0.0793929708332843
2020-11-17,161.10000610351562,162.4499969482422,159.27000427246094,162.08999633789062,624500.0,0.4650726445779971,0.4317732428251159,0.8053945921915701,0.9059151561787427,0.6503434691268781,0.6503271645407489,0.636396642219116,0.883970176757235,0,-1,-0.23835821089744688,0.0341738258648215,0.09104850504783268
2020-11-18,161.47999572753906,161.47999572753906,155.3300018310547,155.42999267578125,667800.0,0.4728791960287168,0.43537888948956577,0.641678987730249,0.9060530202603235,0.6509811535058792,0.6191603426198746,0.6426616918320389,0.8794359900896992,0,-1,-0.2420260140284089,0.032019264351066064,0.08865451724744958
2020-11-19,156.8300018310547,160.80999755859375,156.3000030517578,160.1999969482422,1244300.0,0.4820435309567724,0.4398856682789187,0.6947498474054467,0.9063365630699284,0.6574165915194544,0.6189755558156292,0.6484792379011818,0.8878844603958009,0,-1,-0.22247959506236833,0.06330822107427063,0.13137746336732029
2020-11-20,159.88999938964844,162.4600067138672,158.00999450683594,161.11000061035156,730300.0,0.4911744105879923,0.4445001795962373,0.7042932920174223,0.9065058889402787,0.6691204573732199,0.6184217279644502,0.6576666557564081,0.8928430056538144,0,-1,-0.2349563052851322,0.042322090564629496,0.11666668412886838
2020-11-23,161.22000122070312,162.4600067138672,160.0,162.1999969482422,662600.0,0.5013870547349502,0.4490518467962133,0.7160203829288182,0.9066627190447075,0.6706045252056669,0.6172425840565997,0.6661978294791185,0.8973418856866224,0,-1,-0.2418844334496219,0.03382780043197403,0.11718704494623056
2020-11-24,163.89999389648438,166.32000732421875,162.47999572753906,164.83999633789062,658000.0,0.5093553160045503,0.45391660956866237,0.7438543819099818,0.9068262426811425,0.6629238125268968,0.6269328904783767,0.6829202200072166,0.9018095329271713,0,-1,-0.2567817181265104,0.017077708536239012,0.16855741128900192
2020-11-25,166.91000366210938,167.0,163.3300018310547,164.75,581500.0,0.517867247118903,0.45854234277459277,0.741454899624517,0.9069704697129138,0.6697522833161105,0.6242921974084548,0.6999140963385981,0.897861300601367,0,-1,-0.2709294143064943,0.0005459617804537537,0.14219851348066448
2020-11-27,164.6300048828125,164.8000030517578,162.99000549316406,164.5500030517578,270700.0,0.5265046398506239,0.4631759313881693,0.7357585886157743,0.9070373504160424,0.6650346471907636,0.6154734360067636,0.7132990215699467,0.8960233186742902,0,-1,-0.25723826939491656,0.014385402835735963,0.17201818717991274
2020-11-30,163.6300048828125,164.61000061035156,160.85000610351562,162.80999755859375,993100.0,0.5348325583239115,0.46788583004295253,0.6853684595695215,0.9072748331239663,0.6575482491111456,0.6045221700167794,0.7107160376778107,0.8892804304150362,0,-1,-0.2514737412055639,0.020480067181326618,0.17064722765287557
2020-12-01,165.30999755859375,165.3300018310547,162.83999633789062,163.94000244140625,545100.0,0.5439522876075975,0.4730670557250157,0.7009925172877189,0.9074079072075846,0.6611383800200924,0.6146886355337435,0.7104388767140619,0.8929815162977462,0,-1,-0.26448005776240413,0.010380212927636918,0.17271663619469918
2020-12-02,163.89999389648438,165.13999938964844,163.25999450683594,164.25999450683594,323700.0,0.5518508475059669,0.477994661758632,0.7055474431351748,0.9074873796688155,0.6538940045777236,0.6169278129860901,0.7101815129620094,0.8951793543095482,0,-1,-0.2540563210700847,0.01890939403043865,0.19031360096619743
2020-12-03,163.4199981689453,164.2899932861328,161.02000427246094,162.5500030517578,585900.0,0.5598107449513581,0.48289645753405824,0.65141485420293,0.9076266729629175,0.6615749421662714,0.5967170424593972,0.6932526975826329,0.8912012471389744,0,-1,-0.25063922772280356,0.021794727570782307,0.20321445269148197
2020-12-04,162.6699981689453,166.32000732421875,162.07000732421875,166.07000732421875,412300.0,0.5668422196214484,0.48818878136887794,0.7056939708250087,0.907731209615768,0.6552263498130118,0.6296511916944966,0.684964193737026,0.8940006558886374,0,-1,-0.24866193423616925,0.02663796831597699,0.22134724732107597
2020-12-07,165.52000427246094,168.75,165.02000427246094,168.57000732421875,563700.0,0.5735893157599659,0.49364045910421855,0.7397589411352842,0.9078804465434333,0.6483451465091802,0.6871020960358584,0.6854358289423613,0.8978280308878736,0,-1,-0.2605527931842915,0.019449603089576172,0.21364481340854888
2020-12-08,167.80999755859375,171.5,167.64999389648438,170.0,556700.0,0.577779761858016,0.4988733053026618,0.758225939145342,0.9080313726018531,0.6601545251222362,0.7225015110434401,0.6941642557894996,0.9016078777249763,0,-1,-0.22767991466592513,0.021890029549023464,0.21658662976387938
2020-12-09,169.9199981689453,171.3800048828125,169.11000061035156,170.5800018310547,946000.0,0.5813122268414792,0.504099418539173,0.7657727566963776,0.9082902078368781,0.6466785056437468,0.718704185879989,0.7022692235761279,0.9080309693504461,0,-1,-0.23817650290096506,0.00929412841796875,0.21958824606502758
2020-12-10,168.63999938964844,172.0500030517578,167.0500030517578,171.41000366210938,414500.0,0.5845881912893214,0.5095578292364455,0.7768415272449064,0.9084051269085561,0.6484111164747489,0.695075867646319,0.6933191761002563,0.910845315522494,0,-1,-0.22986285785540933,0.019990641490827864,0.23402507762007602
2020-12-11,170.10000610351562,173.33999633789062,169.3000030517578,172.38999938964844,590400.0,0.5888455522352771,0.5150925491187499,0.7900130785898501,0.9085713748707572,0.6596994320368706,0.7102947230379459,0.689681763049305,0.9148539765115823,0,-1,-0.2372674438996269,0.018901990345684874,0.18155296921020167
2020-12-14,173.22999572753906,174.22000122070312,170.52000427246094,171.1999969482422,738600.0,0.5921187259055605,0.5205576919217796,0.7427971840322874,0.9087753203279897,0.6489302761617777,0.6911402420258289,0.6894643004463852,0.9098390764327534,0,-1,-0.2540750809608036,0.005742824390447267,0.1631185711209247
2020-12-15,172.80999755859375,175.58999633789062,168.47000122070312,174.5500030517578,937500.0,0.5953417166305899,0.5260767009887921,0.7907789653558192,0.9090482075225391,0.6689266348172782,0.680437713748742,0.6725560200667756,0.9162044552899183,0,-1,-0.24153032466015548,0.016238310916193148,0.13516355024611482
2020-12-16,174.6699981689453,175.33999633789062,173.07000732421875,173.25999450683594,607700.0,0.5984559733866688,0.5314453340086434,0.7409580781664186,0.9092214933409227,0.6520493106605045,0.6749927867757282,0.6568554739999953,0.9120783318429859,0,-1,-0.2348324536036224,0.005270685493328312,0.12420514211129345
2020-12-17,174.3800048828125,175.0,171.52000427246094,174.5,529500.0,0.6037727960261778,0.5367051137671657,0.7597519326086332,0.9093753885514614,0.6695127624541275,0.6569361501706125,0.629632694418468,0.9156734978215127,0,-1,-0.23028979810858294,0.006983674786105254,0.1143368243487515
2020-12-18,174.1199951171875,175.72999572753906,172.5500030517578,175.22999572753906,1526100.0,0.607963242124228,0.541998559191524,0.770784522088607,0.9098237011181066,0.671875900743148,0.6575619358341304,0.6081250139105705,0.9260353161403602,0,0,-0.19707736039913146,0.009226364529235314,0.11914045011416531
2020-12-21,172.63999938964844,174.86000061035156,170.0,174.2899932861328,581800.0,0.6116378963734774,0.5472426272785791,0.7311759444539518,0.9099920545616799,0.6745741909633859,0.6253116236379872,0.568196205896961,0.9220850468933217,0,0,-0.12606287094954813,0.01763394631758815,0.15088742273621453
2020-12-22,174.57000732421875,176.6699981689453,173.82000732421875,175.63999938964844,468000.0,0.6153850427715164,0.5525046510723537,0.7542573699968979,0.9101302808038755,0.6678714545720992,0.6533169923619191,0.5413011413121893,0.9252626440188184,0,0,-0.12307081894149052,0.012048831979005222,0.14097190321817846
2020-12-23,176.97999572753906,177.0800018310547,175.27999877929688,175.86000061035156,298500.0,0.6184574804065508,0.5580404934003718,0.7580442741576859,0.9102187212303566,0.6634874170885958,0.6544556481454099,0.5185840436615361,0.9272893806469398,0,0,-0.12326345918764757,0.000569381142468388,0.16402868172801705
2020-12-24,176.8000030517578,176.8000030517578,174.30999755859375,175.61000061035156,120500.0,0.621485308142981,0.5632587512292371,0.7460388615974193,0.9102542837632533,0.6658223153546253,0.6385773599106975,0.48957826499486135,0.9264712172844988,0,0,-0.12208575654604738,0.001592168647362063,0.16228814504196531
2020-12-28,176.97999572753906,177.67999267578125,175.66000366210938,176.44000244140625,331300.0,0.6248003051885431,0.5682155348581845,0.7620842955537616,0.9103532829948154,0.6611918450063853,0.647398291898987,0.4680284777562498,0.9287206573009028,0,0,-0.12328451580910813,0.003986088182958102,0.16952339940203898
2020-12-29,177.9600067138672,178.08999633789062,173.8800048828125,175.08999633789062,320900.0,0.6282240362030556,0.5729725659588432,0.6944281053220921,0.9104472096508366,0.6581426175888316,0.6264096759739326,0.4333973967401715,0.9265418305539543,0,0,-0.1282589241083675,0.000736735560104096,0.16045112880790827
2020-12-30,176.0,177.39999389648438,175.3800048828125,175.66000366210938,300000.0,0.631491636826689,0.5778406960684335,0.7075204298211677,0.9105357728443223,0.6555259455102932,0.6303484623609477,0.40123996436809883,0.9285787517882471,0,0,-0.11805356445982282,0.011936697593261278,0.19772685956528005
2020-12-31,176.32000732421875,176.3800048828125,175.0,175.94000244140625,366600.0,0.6347480871027882,0.5830780311935566,0.7141424052750731,0.9106444388306872,0.6574398874803936,0.6183780971795962,0.36812167181228583,0.9310678695365529,0,0,-0.11949222962296736,0.010076220976725787,0.18234087505148935
2021-01-04,176.0,176.8800048828125,173.41000366210938,175.85000610351562,436700.0,0.6384562009031076,0.588511753222178,0.7090352696160198,0.9107736785622987,0.6611098418719162,0.6062356955723549,0.3338690346668034,0.9281027911931673,0,0,-0.11196997087005797,0.01187902869665278,0.15994088325092512
2021-01-05,176.0,177.8699951171875,173.9499969482422,177.25,633500.0,0.6415732441825115,0.5941138052923294,0.7440359653588059,0.9109650915296873,0.6622926009773712,0.6288512223147253,0.30056693119490396,0.932404089866249,0,0,-0.10230312691927966,0.011885108133919145,0.13096387819139493
2021-01-06,177.57000732421875,180.7100067138672,175.5500030517578,178.5800018310547,601300.0,0.6443640855550639,0.5997495238844917,0.7744546988510869,0.9111503074709185,0.6553917219783684,0.6816764385675541,0.29034818423904574,0.9364867589935165,0,0,-0.09912557023536671,0.01771508823497003,0.11983069243653016
2021-01-07,178.1999969482422,180.88999938964844,178.05999755859375,180.10000610351562,1041800.0,0.6471800226544773,0.60586891383826,0.8060806005420104,0.9114781783772331,0.6611465405402861,0.7143456838084995,0.2820648693981993,0.9435603074664706,0,0,-0.0971552842806021,0.015063290479474417,0.08170005705170429
2021-01-08,193.72000122070312,200.57000732421875,189.0200042724609,191.2400054931641,1806500.0,0.6529401449939973,0.612038803575045,0.9422504706835934,0.9121366252771638,0.6374064253895639,1.0,0.3411636266801348,0.955825968165637,0,0,-0.1825096835271338,0.038034457919887375,-0.03858965415163609
2021-01-11,189.3500061035156,193.41000366210935,186.9499969482422,190.3500061035156,452700.0,0.6582207215591116,0.6183377463151307,0.9018340629221152,0.9122997186285694,0.6325507737832344,0.8033403289902517,0.38231432228598294,0.9527522540230892,0,0,-0.14902739584484434,0.05866973906306552,0.0007843227994979585
2021-01-12,190.02999877929688,193.42999267578125,189.8300018310547,192.97000122070312,406300.0,0.6639585389493297,0.6250036491793216,0.9250769643573465,0.9124508395634315,0.6323755705959534,0.7567297084641037,0.42056894290796454,0.9555109243480664,0,0,-0.15329651557727123,0.055371726855580124,5.2505944394361175e-05
2021-01-13,191.4600067138672,191.8999938964844,189.3600006103516,191.7100067138672,482500.0,0.669676842167805,0.6315988542308746,0.8687536577151328,0.9126275306935491,0.647347854558357,0.6988627575862976,0.4527303609571235,0.9522348760295788,0,0,-0.15774473881352932,0.04720941365353622,-0.007669642830314538
2021-01-14,193.80999755859372,198.07000732421875,192.5,193.42999267578125,519400.0,0.6749406868302672,0.6385789751132522,0.8866680910277182,0.9128216916584827,0.6301206820411186,0.702906750595134,0.49581710462349826,0.9557614656598844,0,0,-0.1710395500380573,0.03526164273581473,0.0016170129244033613
2021-01-15,192.57000732421875,195.8699951171875,190.2700042724609,195.1000061035156,513500.0,0.6810298018541978,0.6452190694316036,0.9030622748759255,0.913017440862896,0.645107115267822,0.6668455521171346,0.520830635370274,0.9592479958392489,0,0,-0.1631081230750007,0.0413586325953558,-0.002119648852991652
2021-01-19,195.3999938964844,198.6699981689453,195.1999969482422,196.8000030517578,739800.0,0.6872471650188219,0.6522665233580036,0.9187882760270828,0.9133050025934751,0.6376860284854331,0.6714013311174015,0.550213904679519,0.964271043603015,0,0,-0.17083539482095927,0.026499299159382168,-0.036032796306356585
2021-01-20,198.75,199.8000030517578,197.47000122070312,198.6499938964844,731800.0,0.6937767889652044,0.6587528725797018,0.9347880313417708,0.9135954128351408,0.619994835457651,0.6652742501008653,0.5798855722549247,0.9692397734671998,0,0,-0.17139225205534256,0.009248004552825609,-0.0646341515419479
2021-01-21,199.02999877929688,201.07000732421875,197.97000122070312,201.0,671700.0,0.7012236853393539,0.6651079256190227,0.9533150016419288,0.9138689494047937,0.623339916326302,0.6592056183138398,0.6101265115279805,0.9738004401107814,0,0,-0.16098664339352403,0.010269361226282817,-0.043241865601902976
2021-01-22,199.1999969482422,204.5500030517578,198.5200042724609,204.32000732421875,833900.0,0.7092198288591398,0.6706460128384681,0.9759480705213349,0.9142208117706404,0.634270235026813,0.6616885689783572,0.6450696355281549,0.9794624021683704,0,0,-0.15995021839046952,0.026616945788634952,-0.05452732067203033
2021-01-25,209.4600067138672,211.00999450683597,203.8500061035156,207.25,1197700.0,0.7179715328606955,0.6761829767560248,0.9929767062890554,0.9147416273908117,0.6350536838770968,0.6793486177449868,0.6877807396850801,0.9875944707094122,0,-1,-0.20756657273808923,0.007586079372585521,-0.08085358105066377
2021-01-26,208.4199981689453,210.55999755859372,204.22000122070312,208.55999755859372,1827100.0,0.7271581727380529,0.6816705633362783,1.0,0.9155462043023889,0.6464698094821041,0.6699858276035024,0.7274410506879394,1.0,0,0,-0.19276234956932298,0.012496966648447062,-0.0806755185558655
2021-01-27,203.5,208.5500030517578,196.3800048828125,201.22000122070312,3259400.0,0.7340669723141,0.6866194924137552,0.7228194047055548,0.9168724498500206,0.6363777465370436,0.6257252158406043,0.7157118809344474,0.9778695297631537,0,0,-0.16796125426428143,0.0360087964842159,-0.040372066875287355
2021-01-28,203.8999938964844,203.91000366210935,198.1999969482422,201.3500061035156,666200.0,0.7413884070708809,0.6913204132151789,0.72457410806223,0.9171436245359316,0.6398805511830019,0.614341489743952,0.7048205090204905,0.982392852850773,0,0,-0.17607589931838225,0.03533446261414707,-0.03836597343141681
2021-01-29,201.1699981689453,202.2700042724609,195.55999755859372,195.9499969482422,701400.0,0.7470453684881004,0.6950192031818412,0.5693764174284709,0.9174120760747847,0.6330033033467038,0.5858655157889471,0.6804333622701494,0.9776305310049966,0,0,-0.1548050520193209,0.04887010697596818,-0.012267202114874922
2021-02-01,195.57000732421875,198.63999938964844,194.1300048828125,196.3500061035156,904900.0,0.7527357894563897,0.6988638819813351,0.5764886822988006,0.9177598826554362,0.6304971800193913,0.5678814483301,0.6503417796785209,0.9837745644213685,0,0,-0.1304925119798433,0.07879554694096526,0.02801730196415918
2021-02-02,193.3000030517578,195.3600006103516,190.63999938964844,194.19000244140625,812600.0,0.7578490810288567,0.7032135534739452,0.5201087860769312,0.918064218366128,0.6344609800054426,0.5310251030477815,0.6053363342433238,0.978257223771414,0,0,-0.1186656599311439,0.09019603210881215,0.041151013903177144
2021-02-03,194.69000244140625,196.25999450683597,192.44000244140625,194.91000366210935,482700.0,0.7627727869136085,0.7071087312002806,0.5347924453838575,0.9182464900850097,0.6294855173301822,0.5316027209281148,0.5670195682250316,0.981534630037391,0,0,-0.1271435302075145,0.08404136083346522,0.02883768872919331
2021-02-04,195.27999877929688,199.16000366210935,194.58999633789065,199.0800018310547,737000.0,0.7684882993545248,0.7113697474611831,0.612767579688092,0.9185384343704525,0.6398315420622949,0.5595800243813256,0.5422491969119788,0.9865386665363036,0,0,-0.11220560620942127,0.08070389119076814,0.02549895401633147
2021-02-05,199.0800018310547,201.2700042724609,196.82000732421875,199.13999938964844,525500.0,0.7737967539155908,0.7155151766426491,0.6138189637635226,0.9187466678607957,0.6323622882825922,0.5710427032466924,0.526577789231183,0.9901066735650399,0,0,-0.12894312805326197,0.0599256206854239,0.019389193162793295
2021-02-08,200.0,205.8600006103516,200.0,205.7899932861328,451100.0,0.7778533703178294,0.7201106098075345,0.7151209232831398,0.9189387791362608,0.6588514811193799,0.6416504049485646,0.5262155063473255,0.9931695241276715,0,0,-0.13352413588122572,0.055287709855282245,0.006728916048998985
2021-02-09,204.97999572753903,206.2700042724609,203.2899932861328,205.33999633789065,487000.0,0.7820326618141116,0.7246656434884766,0.701683704665877,0.9191451472419078,0.6615681004966526,0.6482041017511124,0.5270641356619162,0.9898629219906696,0,0,-0.1534087812595162,0.02930171036505527,-0.03532722314424477
2021-02-10,205.3800048828125,207.92999267578125,203.83999633789065,206.75,634800.0,0.7858746010560083,0.7294013524014498,0.7212696938710353,0.919418063408541,0.6609886534481044,0.6545323509360632,0.5327140319850202,0.9941730473224331,0,0,-0.15569300570209377,0.027417890934210484,-0.019869494028532907
2021-02-11,207.25999450683597,208.3300018310547,203.4199981689453,206.2700042724609,541100.0,0.789934008235806,0.7342784603643997,0.7055391041787159,0.9196494612932037,0.6554726916937829,0.641261312169921,0.5352660574612004,0.9904991203895137,0,0,-0.16372426043398594,0.018137847642079808,0.015380933178090854
2021-02-12,207.55999755859372,210.8300018310547,206.50999450683597,210.6199951171875,427200.0,0.7947266752023052,0.7395169170790614,0.7646698344115762,0.9198404031037278,0.6679568537544137,0.6786106994107024,0.545211363367533,0.9933996962271465,0,0,-0.16555967028233445,0.016725635704574682,0.00591458377579544
2021-02-16,210.0,213.8000030517578,207.66000366210935,208.3500061035156,669300.0,0.7984208478775316,0.7444647245669997,0.6922381085384121,0.9201326804207329,0.6527504084137313,0.6733745656561069,0.5625995819922239,0.9888553249534393,0,0,-0.1737251789296273,0.018041986230431337,-0.011252469718598423
2021-02-17,204.5200042724609,206.44000244140625,200.8600006103516,204.13999938964844,748500.0,0.8004672791158485,0.7491319788464121,0.5743665691825578,0.9204453483500085,0.6559757418325687,0.5722802916841417,0.5388211170901182,0.9837732064738789,0,0,-0.14672429291425348,0.044540429601361634,0.01967838120767595
2021-02-18,202.4900054931641,204.27999877929688,198.5500030517578,199.02999877929688,758500.0,0.800573226561474,0.7528307688130744,0.4580720006509179,0.9207447620579,0.6450406732932418,0.5174185360578099,0.5055067445475533,0.9786231906198419,0,0,-0.13196826943251355,0.055403142903934145,0.042225899593221046
2021-02-19,199.63999938964844,200.1499938964844,198.0,198.80999755859372,1395700.0,0.7999626418688157,0.7562243186149096,0.45345881923880194,0.9212940156099493,0.6282258286207395,0.49141186414231985,0.4719116236225753,0.9691467540641671,0,0,-0.1084258753123172,0.07114507234565838,0.07858111583968573
2021-02-22,196.6100006103516,197.9499969482422,192.1000061035156,192.7899932861328,1244900.0,0.7967480107137612,0.7587818253006118,0.339818297744528,0.9217501437188541,0.5988503453708489,0.4303212613691625,0.4357002472341668,0.9606942099155967,0,0,-0.04858912419262208,0.08646447690006105,0.09426088085756809
2021-02-23,192.3699951171875,192.92999267578125,182.41000366210935,186.7700042724609,1185300.0,0.7910380755737287,0.7605986770638207,0.25188168475071093,0.922152329159568,0.5964172883662385,0.3564510721452766,0.4323165417021655,0.952646334118906,1,0,-0.051662388100692805,0.11115726272558438,0.09611494073655195
2021-02-24,186.3800048828125,189.83999633789065,185.16000366210935,189.5,965900.0,0.7857240437117787,0.7626287472791828,0.31121292983618964,0.9224916350461504,0.5989973474963972,0.3900182531924392,0.42917452942245005,0.959204541519584,0,0,-0.0212560964281593,0.1468115732810334,0.1347646709491274
2021-02-25,190.6499938964844,194.02999877929688,188.25999450683597,190.0399932861328,966600.0,0.7826069961781408,0.7646094401572421,0.32284568518873624,0.9228333358690238,0.604059382467151,0.4381726808755531,0.4076511622169755,0.9657675017364753,0,0,-0.04348279807058077,0.12216363670328975,0.1043271993269705
2021-02-26,190.0500030517578,192.25999450683597,184.52999877929688,189.97999572753903,752200.0,0.7794369749216901,0.7667169428595249,0.3218681882666823,0.9230989199619369,0.6081483820238293,0.43071948636026924,0.3987073661051592,0.9606602612283586,0,0,-0.04020206093222355,0.12497369416468525,0.09024413019559818
2021-03-01,193.0399932861328,196.72999572753903,192.50999450683597,194.1199951171875,652100.0,0.7789267603737733,0.7689130990811648,0.4125582279726301,0.9233411018845955,0.6160887908424422,0.4991111738502092,0.37214788846433655,0.9650878490179663,0,0,-0.055953204879889196,0.10927471435149463,0.07348145608913485
2021-03-02,194.75,195.3699951171875,191.38999938964844,192.16000366210935,428100.0,0.7777585647112697,0.771034069419662,0.37658706322559565,0.9234963086165048,0.6118500291180187,0.4858838109958517,0.3510492640203411,0.9621811624166305,0,0,-0.06356890917105769,0.09813519230853882,0.0750567055981175
2021-03-03,192.3600006103516,192.6699981689453,187.9900054931641,188.3699951171875,564400.0,0.7761359147469868,0.7725905685724921,0.31275082826412437,0.9236913479158405,0.5967914938389532,0.45422095496363973,0.3419219727399143,0.958349034601181,0,0,-0.051779749992814,0.11157369917158168,0.08956081591322677
2021-03-04,187.7400054931641,189.25999450683597,184.0,186.02999877929688,704300.0,0.773660120679518,0.7738025513784406,0.27692259853193135,0.9239273096121919,0.5916348089252352,0.4311050706630015,0.3445462436020663,0.9535670225168063,0,0,-0.02829538657544095,0.13834473766579145,0.11695067871924963
2021-03-05,189.2700042724609,191.13999938964844,183.00999450683597,190.44000244140625,620300.0,0.7712512414599548,0.7756149150711449,0.374155261435543,0.9241472346083907,0.5882611089365376,0.45970734636677435,0.3386084470002342,0.957778696655579,0,0,-0.0368757762477339,0.1318604469185581,0.10331667659421691
2021-03-08,189.1699981689453,192.55999755859372,188.22999572753903,188.2400054931641,545600.0,0.7682122633759905,0.7770288952968099,0.33795267668913076,0.9243352703838353,0.5786113879018804,0.48020322974348734,0.3268021753446214,0.9540742159041452,0,0,-0.03549671508177937,0.12933209707551097,0.0936777783511087
2021-03-09,190.25,194.91000366210935,188.55999755859372,192.94000244140625,717800.0,0.7646296154472738,0.7789456233241632,0.43113563891309026,0.9245975852382412,0.5757464558865846,0.5066993034470435,0.30563024308844333,0.9589478894440631,0,0,-0.041648938106174045,0.12510625990506055,0.10226306543907884
2021-03-10,195.6499938964844,195.6499938964844,191.25,191.6999969482422,440600.0,0.7608267088030969,0.7807512523425848,0.409060399421344,0.9247561174681097,0.5666428262611839,0.5175353511213037,0.28276990507780186,0.9559563311246317,0,0,-0.06862231816544055,0.09407074181407957,0.06639376311438082
2021-03-11,194.6300048828125,196.6499938964844,193.5399932861328,195.0800018310547,488800.0,0.7575730493045565,0.7828430442295757,0.47180580667045313,0.9249393003917455,0.5619806252618711,0.5456660515336681,0.25709709503068945,0.9592751547890395,1,0,-0.06374544295899222,0.09999999204027683,0.07829939877823025
2021-03-12,195.0,196.97000122070312,191.00999450683597,196.17999267578125,481900.0,0.7547598987284683,0.7852097762403485,0.4913335799231947,0.9251222087138881,0.5665380720066636,0.5483445616591364,0.24322531621976654,0.9625471292650585,0,0,-0.06453760621139414,0.09637073444380627,0.0806848746433549
2021-03-15,195.02999877929688,199.1199951171875,194.9199981689453,198.6999969482422,505800.0,0.7514365378586971,0.7877953380756684,0.5349814115397247,0.9253198077574659,0.5668618542097652,0.5999692747443985,0.2203050269977522,0.9659813784660761,0,0,-0.06432865525713463,0.09567746443686215,0.05255376666076594
2021-03-16,199.5,202.5200042724609,197.25,201.05999755859372,535100.0,0.7494040434912392,0.790614318961288,0.5734601164521733,0.9255344118792245,0.5797872561239499,0.6608088999212183,0.1991074978535193,0.9696145669743097,0,0,-0.08600904177337403,0.0719678071031008,-0.06441873803899446
2021-03-17,200.52999877929688,201.9600067138672,197.9199981689453,201.3800048828125,436800.0,0.7486345418843767,0.793479310703245,0.5786756813914302,0.9257101681297634,0.5828574463406764,0.6720698178050594,0.1794240779338744,0.9725803242914399,0,0,-0.09012232834583082,0.06600022099668901,-0.0495871945775671
2021-03-18,199.5,203.1499938964844,198.3600006103516,200.2899932861328,919800.0,0.7489858352638552,0.7960648725385644,0.5513605114663951,0.9260756768249382,0.5905845094762872,0.6752980060554038,0.1663432484709789,0.9663351237870983,0,0,-0.08486441515301235,0.07101004422002721,-0.06326350771804642
2021-03-19,201.3699951171875,203.4199981689453,200.0399932861328,200.25,631300.0,0.7493873158428215,0.7984966927019321,0.5503175814988682,0.9263263246857455,0.5870216930619097,0.6800979639386106,0.1554104777418929,0.9620487625364015,0,0,-0.09466269953882343,0.062060054676884906,-0.08822207180216979
2021-03-22,200.25,204.27999877929688,199.75999450683597,202.94000244140625,644100.0,0.7522171940673279,0.8010598107600277,0.6007021749129968,0.926589668153741,0.6077273789534475,0.6768279923509288,0.14926649086625035,0.9664220324264281,0,0,-0.08908862091331163,0.06766543346695537,-0.09498129474387498
2021-03-23,203.83999633789065,204.6100006103516,199.8000030517578,201.33999633789065,596100.0,0.7562793877704503,0.8021932377771668,0.5561598760594869,0.9268290663552113,0.6075295708461309,0.6569346279487981,0.14515074724372376,0.9623746699338883,0,0,-0.10559767624901192,0.049078577875462756,-0.11397452126621345
2021-03-24,202.0399932861328,202.0399932861328,197.6300048828125,197.7100067138672,578500.0,0.7585683826735292,0.8030191814504017,0.4644989361995935,0.9270519914801546,0.583929377163667,0.6076389026257447,0.12807885334032906,0.958446806820427,0,0,-0.09749672186881456,0.05840871153036698,-0.09908610962107046
2021-03-25,198.3000030517578,201.80999755859372,198.0,201.3000030517578,672900.0,0.761707735156469,0.8039539792411408,0.5368408888444448,0.9273219386421131,0.5986549575110192,0.6176363622568257,0.11222638043003394,0.9630156211489458,0,0,-0.08037023342295986,0.07839765046607955,-0.07091196093453771
2021-03-26,201.25999450683597,210.4499969482422,201.1699981689453,210.44000244140625,817200.0,0.7674120972498513,0.8060558705710297,0.6740032970206713,0.9276828195648054,0.6073057143774374,0.6985265711994676,0.13593962178541832,0.9685641945911594,0,0,-0.09364128444588225,0.06229512347149636,-0.09210130653284629
2021-03-29,210.1300048828125,215.91000366210935,208.55999755859372,208.77999877929688,769600.0,0.771499386679835,0.8077784574424878,0.6343433315585937,0.9280168614125835,0.5975964507250464,0.7187615227336147,0.17432330510442665,0.9633388126514536,0,0,-0.1317240111153361,0.02746625504771222,-0.13082112934760207
2021-03-30,207.1300048828125,209.38999938964844,204.69000244140625,207.6300048828125,674200.0,0.7758125078719285,0.8091845814043315,0.6068751582905462,0.9283059390179761,0.6049631843726293,0.6576439438873349,0.1878332199372881,0.9587611716642529,0,0,-0.11840215233852396,0.042053830973427,-0.15408563251766513
2021-03-31,208.6300048828125,211.3800048828125,207.5,208.6199951171875,638300.0,0.7814583189416142,0.8105110279878274,0.621692307640018,0.9285823322621928,0.6084262313004618,0.6702612972611796,0.20655439607837126,0.9630950610770832,0,0,-0.1262823320526427,0.035062363859239505,-0.14116455651550205
2021-04-01,210.44000244140625,211.72000122070312,206.67999267578125,211.1100006103516,456200.0,0.7884507610139846,0.8119092973982005,0.6580040658432145,0.9287848574869667,0.6170680745439846,0.6719451835257191,0.2192915931730444,0.9661925393006978,0,0,-0.13435911914172796,0.02621992785317845,-0.13982359721828083
2021-04-05,212.1100006103516,216.1499938964844,210.9600067138672,215.27999877929688,766400.0,0.7953762882384494,0.8135118074073673,0.7121443601783981,0.9291391635997709,0.6169993703391731,0.7075192594731987,0.24462990012191452,0.9713961940805711,0,0,-0.1406849361109136,0.019136910967990944,-0.14902186832888756
2021-04-06,214.0,215.4499969482422,213.1999969482422,215.3500061035156,437900.0,0.8029347051048743,0.8147496004715058,0.7130123335920443,0.929341674848997,0.6330743016270453,0.6899614990999768,0.2681583280030082,0.9743694201088938,0,0,-0.14673911425592506,0.009986965387753267,-0.1549609847617657
2021-04-07,214.94000244140625,215.2899932861328,209.1699981689453,210.8999938964844,647300.0,0.8079420492317155,0.8151592049709819,0.5949196570651624,0.9296281584365448,0.6236249859521751,0.641057721779328,0.26674773109082606,0.9699744230590347,0,0,-0.14827029036266662,0.0056187203194065765,-0.1596471042879217
2021-04-08,205.3699951171875,211.97000122070312,205.00999450683597,211.5500030517578,979000.0,0.8134763398091258,0.8154947451768539,0.6051716046379411,0.9300640795530305,0.6442945913058908,0.6061402404228889,0.24505230823186017,0.9766215760202769,0,0,-0.10602181724730844,0.051114267858101636,-0.09630155593348425
2021-04-09,211.69000244140625,211.94000244140625,209.0399932861328,210.4199981689453,396700.0,0.8177532149268245,0.81652717434031,0.5758406833320364,0.9302386654908833,0.6440482199118254,0.6103866176273978,0.22490655843424892,0.9739280871747971,0,0,-0.13557082259910644,0.021082445713730254,-0.13136378229275064
2021-04-12,209.5800018310547,210.4199981689453,205.80999755859372,207.1999969482422,570100.0,0.8208256525618587,0.8171836638139505,0.4970452574179409,0.9304813588069,0.6341435235626848,0.5713303174151843,0.20068608096669552,0.9700572578558959,0,0,-0.1262713028962474,0.0312232303136639,-0.11434273247771873
2021-04-13,208.17999267578125,208.6300048828125,205.00999450683597,207.0,427200.0,0.8231397389375643,0.8184237017695164,0.4922998047805345,0.930662791580252,0.6279638098564966,0.553068071321668,0.18170435258150916,0.967156682018263,0,0,-0.12147682692887615,0.038465257423213335,-0.11158298966077118
2021-04-14,206.33999633789065,209.9499969482422,205.5,209.32000732421875,595200.0,0.825442674965736,0.8198792030686632,0.5394445930468545,0.9309216262174499,0.631172857550575,0.5696466522665403,0.15757728271815494,0.9711979337471,0,0,-0.11270532285533666,0.04739129255359299,-0.10275357011435703
2021-04-15,211.27999877929688,211.27999877929688,208.27999877929688,209.57000732421875,453100.0,0.8277260925679306,0.8216051564210873,0.5444773631045816,0.9311191123880999,0.624777168660694,0.5892325463960684,0.1383307352644548,0.9742743637846268,0,0,-0.13505638870283956,0.023265788968009748,-0.11503917919206275
2021-04-16,210.6199951171875,211.83999633789065,208.97000122070312,209.7700042724609,632100.0,0.8303691716280468,0.8232727545828489,0.5487464716068443,0.9313950966059946,0.6230516447894822,0.5931364728266318,0.12322271430198403,0.9785661568252817,0,0,-0.13174595431319056,0.026387357856707174,-0.12019850914274981
2021-04-19,210.16000366210935,211.1000061035156,207.5,208.4900054931641,506800.0,0.8326665303553344,0.8243287508254178,0.5107620157161696,0.931613430804186,0.6285938035373799,0.5654742910298731,0.10206875472661495,0.9751251178868164,0,0,-0.1045431066783333,0.028555037004217847,-0.1475902468574801
2021-04-20,208.94000244140625,209.8999938964844,204.94000244140625,207.00999450683597,404600.0,0.8338012664667682,0.8252119263874262,0.46816073023369775,0.9317850404934543,0.6229782963776798,0.5208335072939554,0.09551941945732931,0.9723779901155002,0,0,-0.09775051247471304,0.03458195244430819,-0.13098948073791086
2021-04-21,206.80999755859372,210.1699981689453,206.3500061035156,209.5,434500.0,0.8360763202447541,0.8256282655611851,0.5294523232453051,0.9319740835711313,0.6314501135104964,0.5456867369963989,0.08782932880930946,0.975328131036501,0,0,-0.07632483199373256,0.04511857681143146,-0.10989807547310833
2021-04-22,209.0,210.4499969482422,207.4199981689453,208.4600067138672,447500.0,0.8390734792076735,0.8259783949928103,0.49838921085181787,0.9321666750793308,0.6385692111247834,0.5330204677728116,0.07892855224614351,0.9722897235286808,0,0,-0.08587114793873048,0.03412884914789691,-0.09661100474063979
2021-04-23,208.6100006103516,210.8300018310547,207.7700042724609,209.63999938964844,320400.0,0.8413987159309131,0.8263027124538953,0.527892396453523,0.932306212393,0.6313759222809702,0.5379827781787887,0.06815795616744652,0.9744651554069056,0,0,-0.08442869393011891,0.036169975262843726,-0.102177887200178
2021-04-26,209.1000061035156,211.5800018310547,208.7100067138672,210.7400054931641,755100.0,0.8414823584272366,0.8268043386660451,0.5549166348257197,0.9326386489972903,0.6228040218717583,0.5728567961575362,0.053079367708202374,0.9795920861536205,0,0,-0.06763980144941015,0.03362902028951694,-0.09769133298012857
2021-04-27,212.4900054931641,213.3800048828125,204.92999267578125,205.33999633789065,952300.0,0.840523266878425,0.8262118140431105,0.40093434543267803,0.9330349454121877,0.6204772508947309,0.4688851316358195,0.061081186556967954,0.9731262191822304,0,0,-0.07231662283342989,0.01736731663622849,-0.1174432919942333
2021-04-28,189.8500061035156,191.75999450683597,184.0,186.6999969482422,3111500.0,0.8346878658667902,0.8237822370588199,0.12764406679818802,0.9340718209218405,0.6014418814207534,0.0,0.1282022667588558,0.9519999511138904,0,0,-0.028489364993896787,0.12808019997084105,0.02162261255382092
2021-04-29,187.1000061035156,190.9900054931641,187.00999450683597,190.55999755859372,974700.0,0.829652639489763,0.8222582811261123,0.2131003976399084,0.9344129119757575,0.6190836923030565,0.23719591342683216,0.19052898408918015,0.9586179082041076,0,0,-0.016604210788364365,0.15559715194329743,0.030208888494047702
2021-04-30,189.00999450683597,189.16000366210935,185.3999938964844,186.75999450683597,750800.0,0.8228637242302006,0.8208813339034247,0.17414355339025495,0.9346629143990167,0.6096399819138709,0.31117683122443107,0.25112978589964896,0.9535201733284175,0,0,-0.026290903500329255,0.1424223327947062,0.014273726152135983
2021-05-03,183.2400054931641,187.4900054931641,183.2400054931641,183.6999969482422,900200.0,0.8140590465058322,0.8191856805920457,0.14518208947580824,0.9349503552637356,0.5889111479941722,0.35521062219691735,0.3109765721510591,0.9474080516780496,0,0,0.0,0.17621540678571668,0.03292993187713571
2021-05-04,181.19000244140625,182.3300018310547,178.16000366210938,181.22999572753903,741800.0,0.8045462004673891,0.8178884107477058,0.12295615472590626,0.9351790159921577,0.5880828988978585,0.3703970647475813,0.37406794298896495,0.9423714244393884,0,0,-0.01649427778787924,0.19031024515981998,0.03783340807675877
2021-05-05,182.3300018310547,183.0,178.58999633789062,180.7100067138672,542700.0,0.7961290664511282,0.8172083541949524,0.11824987818982641,0.9353449993453223,0.592526704387941,0.40497256285469574,0.42840148722298366,0.9386866339265527,0,0,-0.023009425962876934,0.18661365592191842,0.030679234617169246
2021-05-06,181.25,182.77999877929688,179.88999938964844,182.08999633789065,467100.0,0.7879154549934411,0.816376799149324,0.15280530161349243,0.9354906699707465,0.5820020006708453,0.43143147560397666,0.47885406401171515,0.9418581202883466,0,0,-0.01709919884394264,0.19312706878343708,0.012506194581766567
2021-05-07,182.00999450683597,185.2700042724609,181.1199951171875,184.27999877929688,420200.0,0.78062747978773,0.8157304091185815,0.20676423966730456,0.93562574853257,0.5860779840258291,0.45623002833414655,0.508917217884142,0.944711167963846,0,0,-0.021143340777394787,0.18748970331295642,0.01905651760387786
2021-05-10,184.27999877929688,184.7700042724609,182.5,182.72000122070312,431000.0,0.7738023227080069,0.814915688190134,0.18793743903924404,0.9357612973141239,0.5840107394035866,0.4650961520323267,0.5368330036228242,0.941784791123912,0,0,-0.033210305826608555,0.17294332172943336,0.004775368399401882
2021-05-11,180.58999633789065,183.13999938964844,177.85000610351562,182.6000061035156,470000.0,0.7669994705775856,0.8136229081286492,0.18644537768588942,0.9359088267671524,0.5896684087842192,0.46293001929117955,0.5724516489741502,0.93859361452352,0,0,-0.014995568170259915,0.19461469637164505,0.020030667894362125
2021-05-12,180.42999267578125,180.66000366210935,174.33999633789062,174.9600067138672,648000.0,0.7574197139454706,0.8116927141774317,0.10334300661692258,0.9360903061133511,0.5735000312219823,0.4489805716841014,0.6117449527753188,0.9341938646574476,0,0,-0.033351567000705455,0.19561883913877612,0.038554262374618474
2021-05-13,176.8300018310547,179.8800048828125,176.0500030517578,179.32000732421875,417400.0,0.7489858480265577,0.8106771191311566,0.2095538179641006,0.9362152056167922,0.5796220021907232,0.46496758459047494,0.648231592019261,0.9370279010680936,0,1,-0.014231855267565595,0.22473702878700932,0.0739025616118501
2021-05-14,179.77999877929688,182.17999267578125,179.5399932861328,181.2700042724609,280800.0,0.7410398917062593,0.8101429496988846,0.25333464012354734,0.9363016318342244,0.5858831432803635,0.48325015978891117,0.6656408332690877,0.9389344593433917,0,1,-0.03033684039266448,0.2028217356216639,0.06006024889898805
2021-05-17,179.77999877929688,181.47999572753903,179.00999450683594,180.6499938964844,304000.0,0.7332779437727923,0.8090443090809447,0.2451832915076544,0.9363943519235508,0.5914757723469418,0.48342425165724123,0.6830506790707287,0.9368703791593083,0,0,-0.030010494363036277,0.196778271794659,0.058862458859479
2021-05-18,181.1300048828125,181.3300018310547,179.63999938964844,180.63999938964844,412700.0,0.7259258444967345,0.8081914318476309,0.24504405823963415,0.9365201831873519,0.5939089116261503,0.4874308643601941,0.6992169644579667,0.9340682545146661,0,0,-0.03758654178982518,0.18909487715175113,0.03061167432126033
2021-05-19,178.44000244140625,181.22000122070312,176.5500030517578,180.55999755859372,395700.0,0.7178572130823928,0.8068021402906174,0.24384698109425051,0.9366406653585083,0.593939093569151,0.4822516589376057,0.7216780420544708,0.931381555406634,0,0,-0.022697110924318215,0.19342339769410166,0.05641055400706665
2021-05-20,180.3300018310547,185.67999267578125,179.4499969482422,185.05999755859372,412000.0,0.71133316218266,0.8060569955852692,0.356288377524149,0.9367742656896582,0.6019641322396977,0.517541664626247,0.7106392630103182,0.9341789272350628,0,0,-0.033174598882126365,0.18304166758217152,0.04242359196767073
2021-05-21,185.80999755859372,187.3600006103516,183.72000122070312,183.8999938964844,1030400.0,0.7041567074692245,0.8048023684039498,0.33553442989112114,0.9371029936411271,0.5849056660199081,0.5426475553907874,0.6897647188150465,0.9271827817690118,0,0,-0.0619799058252525,0.14897875115063458,0.020047588689135937
2021-05-24,185.6000061035156,187.52999877929688,185.4199981689453,185.5200042724609,875300.0,0.697125232799134,0.8036060981256437,0.37432735897181657,0.9373883526321641,0.566043164545982,0.581057639697471,0.6692893693389828,0.9331258389569334,0,0,-0.06122898390069075,0.15106035726642822,0.007123423611047727
2021-05-25,186.0800018310547,187.0,184.5200042724609,185.05999755859372,550300.0,0.6914710579052394,0.8020754092310038,0.36511106389413894,0.9375665726030559,0.5754150541264103,0.6096137769693228,0.6537035592566366,0.9293894464394956,0,0,-0.06328161504309959,0.14715395872708212,5.3872933407696853e-05
2021-05-26,185.1300048828125,186.25,183.94000244140625,185.07000732421875,210300.0,0.6910166078576945,0.8002810029573693,0.36537491513852305,0.9376346757187012,0.5914844300676708,0.6045121966559991,0.6414875354487372,0.9308173282247348,0,0,-0.05830546140316219,0.1526531955727249,0.03096290826289922
2021-05-27,185.75999450683597,188.3500061035156,185.1199951171875,187.1999969482422,467600.0,0.6900798212581849,0.7986897139806393,0.42146259325573454,0.9377904667806621,0.5807437003336334,0.6588998897062024,0.6150239261150054,0.9339922094552525,0,0,-0.06170636903330846,0.1492408779537672,0.0014049265431185704
2021-05-28,187.9900054931641,188.00999450683597,184.80999755859372,185.42999267578125,362900.0,0.6897090094527294,0.7970221158188779,0.38001038702135703,0.9379085157507524,0.5804944349026415,0.6408489153539219,0.5918810123365257,0.9315282137355031,0,0,-0.07291671676173946,0.1356303408309795,-0.013888921719558113
2021-06-01,177.9199981689453,181.50999450683597,176.74000549316406,179.1999969482422,751900.0,0.6884543847705771,0.7946598718786098,0.2599715295310683,0.9381323810190477,0.5929335097385499,0.4618979018201864,0.6001107713501537,0.9264230101486206,0,0,-0.019306487474840237,0.19123123612407159,0.054845486548269866
2021-06-02,179.77000427246094,182.5,179.4600067138672,181.6300048828125,527000.0,0.6885659095170866,0.7922684511991853,0.32425340245997003,0.938294877083404,0.5907992304763844,0.5155055437302445,0.600853295746981,0.9300012017835282,0,0,-0.0303013840794799,0.1875558101714647,0.0291852445123067
2021-06-03,180.63999938964844,185.1199951171875,180.08999633789062,184.05999755859372,489200.0,0.6894999053390374,0.790329279394608,0.3837806767156089,0.9384509158162359,0.5959854736911321,0.5638704492779676,0.5840976045534281,0.933322741342915,0,0,-0.03468591577598959,0.18025659094315327,0.027473464510357797
2021-06-04,185.82000732421875,189.72999572753903,184.72000122070312,188.75999450683597,569600.0,0.691359537412964,0.7893249036684191,0.48365247103964915,0.9386443446364107,0.5977768324845807,0.6725498896258186,0.5423815922668239,0.9371901757930923,0,0,-0.06237102650549354,0.14973377118415038,-0.015592798076958153
2021-06-07,188.32000732421875,189.25,186.47000122070312,187.30999755859372,365600.0,0.6922043176919412,0.7877549368793746,0.4524238060024295,0.938766130958722,0.5915591578830082,0.6577942809706109,0.5036452951435486,0.9347078477822341,0,0,-0.074062361692969,0.13276116914533073,-0.008688359271901265
2021-06-08,188.05999755859372,189.75999450683597,187.69000244140625,188.6199951171875,333800.0,0.6938492683512918,0.7853062825988262,0.4794619150387446,0.9388792299628711,0.5969101993180947,0.6648147959864055,0.4648282749288969,0.9369742621422572,0,0,-0.07324756499669084,0.13517702020309008,-0.005712413001846947
2021-06-09,189.6000061035156,189.72000122070312,187.63999938964844,187.7400054931641,430800.0,0.6952823283736254,0.7829451619604468,0.45903792272150745,0.93902349498012,0.5838834464892859,0.645395300866747,0.4290426546649373,0.9340492432498128,0,0,-0.08090345753717201,0.011451534615820515,0.001908602585467816
2021-06-10,193.7899932861328,196.8000030517578,191.69000244140625,194.2899932861328,746000.0,0.7006716346534558,0.7814481378754679,0.5827621038765121,0.9392947550180356,0.5929953539573354,0.7432997734803174,0.41063710609902115,0.9391143873857541,0,0,-0.10360070511956171,0.01603286288246433,-0.008575692783870645
2021-06-11,193.92999267578125,194.05999755859372,190.4199981689453,192.7400054931641,438700.0,0.704413203750611,0.7796660759361591,0.5455373010310826,0.9394512299296679,0.590012332608104,0.6929942716045712,0.3864089517913082,0.9361357295674734,0,0,-0.10082864282691205,0.014771786891514632,-0.006742485994451107
2021-06-14,192.91000366210935,192.91000366210935,189.9900054931641,191.72999572753903,353000.0,0.7073295067405319,0.7774912401898539,0.521313346505134,0.9395755409453178,0.5896791805301056,0.6620476223302892,0.36144968773143105,0.9337389522484555,0,0,-0.09634744627459993,0.020182625707076844,0.06049602225689959
2021-06-15,191.8999938964844,192.41000366210935,188.66000366210935,189.38999938964844,532600.0,0.709766268210281,0.7745858489639539,0.46676438619703,0.9397575678430404,0.5824282479199859,0.6266966303709793,0.3305628107319142,0.930122738083841,0,0,-0.09158711703904533,0.025556820865091163,0.057789610796215966
2021-06-16,189.1199951171875,190.2100067138672,187.0,188.13999938964844,561000.0,0.7118573093472016,0.771532325726145,0.43869037139259714,0.9399461581390675,0.5783630801637459,0.5860323056197034,0.29571009173944596,0.9263136953757135,0,0,-0.07804001703853805,0.04055128549195234,0.08854746463121611
2021-06-17,188.27999877929688,189.57000732421875,186.5800018310547,187.88999938964844,416200.0,0.7139009540621934,0.7689501303717914,0.432924157668392,0.9400855768241031,0.572640662687088,0.570061553315308,0.2656996926315377,0.9234878066500046,0,0,-0.07409377318289306,0.045285448602641554,0.09689590616923387
2021-06-18,187.1499938964844,187.8600006103516,183.1100006103516,183.50999450683597,1097100.0,0.7134688047097164,0.7658034638317703,0.3395120705894008,0.9404317905753156,0.551442045597727,0.4907814648458771,0.25593040671962286,0.9160387856961959,1,0,-0.06817817659378592,0.05135988709681727,0.10362446795439062
2021-06-21,183.91000366210935,186.5399932861328,183.00999450683597,185.47999572753903,361600.0,0.7139093178864022,0.7630046818319469,0.38862031974872147,0.9405489911121029,0.5697501903730939,0.4952447193751943,0.24735033856055058,0.9184939547572635,0,0,-0.05214978808068259,0.07024140251482759,0.15824747509897105
2021-06-22,185.22999572753903,185.7400054931641,184.0500030517578,185.16000366210935,427700.0,0.7138089477416609,0.7605313405950975,0.38173573830613483,0.940686984469492,0.5855589599068177,0.4970555496705286,0.23938313241284057,0.9155899840509067,0,0,-0.05871252771455355,0.062378734045339036,0.14475957904892875
2021-06-23,185.5,186.6000061035156,184.0399932861328,184.25,357400.0,0.7135831159795507,0.7579783219798999,0.3615280886387715,0.9408008413753842,0.5857619033018816,0.4977266074135753,0.22564904697897312,0.9131633318871193,0,0,-0.06027221560480628,0.06102831512349022,0.1397710324635758
2021-06-24,185.22999572753903,187.6300048828125,184.72999572753903,187.47000122070312,458300.0,0.7142522474416719,0.7555263012183855,0.44500641192936874,0.9409533009772145,0.592796887997227,0.5348199098907411,0.20537111982300302,0.9162750685593739,0,0,-0.04982356947506769,0.06279515508395538,0.14225241093007987
2021-06-25,188.0500030517578,190.6999969482422,187.2700042724609,189.75999450683597,689400.0,0.7149659888023965,0.7533032097243162,0.49780156133171694,0.9411895113618373,0.5958154852680958,0.5945939190505872,0.18942383862763099,0.9209559135557787,0,0,-0.0613431478376179,0.04667413422427449,0.11751212799834349
2021-06-28,190.2100067138672,192.2700042724609,188.72999572753903,190.5500030517578,293900.0,0.7163934757780801,0.7511463296847303,0.5154386600933206,0.9412912054080015,0.5997500230694502,0.6175446971717159,0.18371236866001225,0.9229514173916409,0,0,-0.07198568748702869,0.0347280592783387,0.09654296266734833
2021-06-29,191.1199951171875,191.42999267578125,189.3300018310547,190.4499969482422,208100.0,0.719530037483461,0.7491218691294113,0.5125524334418781,0.9413631101533281,0.5995833040794352,0.6108160025162365,0.17840886083293764,0.9215384730287864,0,0,-0.07646282777267728,0.029808490388884907,0.08632911017358023
2021-06-30,190.3000030517578,190.33999633789065,186.1100006103516,186.66000366210935,466600.0,0.7209324287322838,0.7468381809779527,0.41062365111382715,0.9415165307030972,0.5898463709694738,0.528244801095894,0.15526169002688536,0.9183703815357164,0,0,-0.07219742830311927,0.034129693379656385,0.08653187708907006
2021-07-01,187.83999633789065,188.9499969482422,186.7100067138672,188.6300048828125,288700.0,0.7222065718404131,0.7444961376358312,0.4608733362072872,0.9416139378898903,0.5885358691235303,0.531192060323481,0.1337678885641225,0.9203305787368509,0,0,-0.05946635930008722,0.04800174937361783,0.08855672589195561
2021-07-02,189.5500030517578,189.75999450683597,185.8600006103516,187.9900054931641,394700.0,0.721991894680071,0.7421989818481578,0.44392547652198944,0.941745974783741,0.5832017644642257,0.5231017746670934,0.11968456990194634,0.9176506693662663,0,0,-0.06791070999840156,0.03843503054831656,0.07506761011275147
2021-07-06,187.75,189.72000122070312,183.72000122070312,189.5200042724609,549700.0,0.7226080566736133,0.7399411039548891,0.48371915464236226,0.9419335130519425,0.5944248162358472,0.5156778028053702,0.12044430202681758,0.9213829880412354,0,0,-0.05856691411840134,0.048140873383223017,0.07590831350329319
2021-07-07,190.8300018310547,191.30999755859372,185.63999938964844,186.91000366210935,330900.0,0.7221313016767665,0.7372668868878618,0.4131100754556897,0.9420425826134343,0.5918857334752494,0.5273475576477934,0.10869966555182672,0.9191362639198105,0,0,-0.07434569449267386,0.03150063890944426,0.03846556100564693
2021-07-08,184.8500061035156,186.57000732421875,183.2100067138672,186.08999633789065,405900.0,0.7216712700741035,0.7351066403673101,0.3921504072231552,0.9421748844887611,0.6034770828125777,0.4471994255481695,0.11279386013283518,0.9163803094898123,0,0,-0.0433898691961537,0.06393449635710823,0.07008715739157753
2021-07-09,187.5200042724609,191.25999450683597,187.33999633789065,190.8600006103516,329400.0,0.720714969302851,0.7355734784679102,0.5144017298776287,0.9422891339488649,0.6077266218052688,0.6092104347687988,0.09899954070111541,0.9186168490050658,0,0,-0.05792895368606056,0.049868337696384595,0.06631198119583216
2021-07-12,191.0800018310547,192.19000244140625,184.3699951171875,186.0200042724609,619800.0,0.7188413961038314,0.7350639977042897,0.3971093237121711,0.9424908735133156,0.5995570507208755,0.5317190703054356,0.08941759846929828,0.9144085697350169,0,0,-0.0751335863566631,0.02996961753332873,0.06287331007872354
2021-07-13,186.22000122070312,186.97999572753903,184.3500061035156,185.38999938964844,310700.0,0.7170737703504373,0.7349102560323375,0.38343818204781444,0.9425911187997719,0.5972931736364504,0.46014425769936385,0.08063221411961971,0.9122989983100344,0,0,-0.050962237984114034,0.05687561331069698,0.10423609796959366
2021-07-14,187.2899932861328,190.66000366210935,186.8800048828125,188.08999633789065,315000.0,0.716711322369191,0.7354029043911277,0.44978919789000693,0.9426964701169785,0.6009090922924087,0.5932157979111804,0.07367455020420552,0.9144377656060417,0,0,-0.042235215481115244,0.0512973180696607,0.1003290693389699
2021-07-15,187.1199951171875,187.88999938964844,184.6100006103516,185.0,215400.0,0.715835873316703,0.7358259765268187,0.38058792905038785,0.9427655769263746,0.600881054426672,0.48043898355539283,0.05751213890013146,0.9129752561598196,0,0,-0.03737571862497126,0.0514647675210799,0.09149878807456938
2021-07-16,185.22000122070312,186.9900054931641,184.83999633789065,185.6300048828125,314200.0,0.7152057744523017,0.73637810166581,0.39652058675818,0.9428672368463752,0.6003385382631815,0.48651086920503794,0.04250418554634838,0.9151085916658689,0,0,-0.01194598223711978,0.0625946044921875,0.11000003299197635
2021-07-19,183.27999877929688,184.3300018310547,181.97999572753903,182.9499969482422,348800.0,0.7150496440614225,0.7364746114489884,0.338966163874314,0.9429759668725198,0.6148677864330476,0.385801176155341,0.044753096486081806,0.9127403312441311,0,0,-0.007003194621357295,0.07283307610208847,0.12163982781398612
2021-07-20,183.55999755859372,187.6000061035156,182.6199951171875,186.67999267578125,341600.0,0.715384209792483,0.7367439402003768,0.4320786625162518,0.9430880275330206,0.6160784398304492,0.48340690358710925,0.030586045460991224,0.9150597055562458,0,0,-0.008636249562232466,0.07236953109602827,0.10937420114462204
2021-07-21,187.30999755859372,188.0200042724609,185.94000244140625,186.9900054931641,214300.0,0.7158944243403997,0.7372231226353028,0.4393729534776586,0.9431586091684249,0.6138248552649784,0.5327606917645468,0.0198276406048091,0.9165147462912757,0,0,-0.02855154296214074,0.050835686016154784,0.08152990045985632
2021-07-22,188.07000732421875,190.6999969482422,187.2899932861328,189.9600067138672,472400.0,0.7174864055311714,0.7380490663085377,0.5067340586288379,0.9433203292406972,0.6234851978680801,0.6265403287946948,0.02444806102190808,0.919722218261542,0,0,-0.03256864761631526,0.0466869643888973,0.08182248967059408
2021-07-23,191.5500030517578,193.25,189.69000244140625,192.17999267578125,528400.0,0.7187995769827866,0.7399815034388324,0.5522658686179421,0.9435063209495819,0.6201242703352163,0.7082371941327112,0.04099616492982153,0.9233099155288764,0,0,-0.05037906393967379,0.013213278680373294,0.06348703480917171
2021-07-26,191.3600006103516,193.9499969482422,191.1999969482422,192.6199951171875,1049300.0,0.7195969608398349,0.7414740360286061,0.5611541112666896,0.9438775353683372,0.6153943040483273,0.7193497116113607,0.05956666618151468,0.9304343870326879,0,0,-0.048808436051078256,0.013476930151933506,0.05744611149381153
2021-07-27,206.57000732421875,211.9499969482422,199.2899932861328,204.57000732421875,1868300.0,0.7235058149296374,0.7440887763154322,0.7390237899584365,0.9446358999025456,0.6099645347494425,0.9503880766487356,0.12671865228499854,0.9431196535061186,0,0,-0.1276607424983033,0.02793058748002938,-0.022012281178724454
2021-07-28,204.66000366210935,206.16000366210935,201.97999572753903,202.97999572753903,748500.0,0.7269992473153806,0.7465946624847541,0.6970303119860947,0.9449342944287177,0.6030667208332683,0.8066129480651175,0.18907406795251933,0.9380375350265581,0,0,-0.11086673081369763,0.03563568961787777,-0.007088023152602664
2021-07-29,203.0399932861328,207.83999633789065,202.2400054931641,205.88999938964844,548300.0,0.7323606755992593,0.7494282325961275,0.7311157484371958,0.9451597982011187,0.6117983539577523,0.7559922562846295,0.24995981990773378,0.9417603480691005,0,0,-0.1037540545959155,0.04389596930561233,-0.000394061355548511
2021-07-30,205.2899932861328,207.4600067138672,202.2700042724609,206.50999450683597,457700.0,0.7373457147767988,0.7523403567839595,0.7382153240535597,0.9453492338743915,0.6132303905470511,0.7102642746186718,0.3064965895804329,0.9448680108988865,0,0,-0.11321578331971056,0.03234738783745036,-0.015153699191007742
2021-08-02,205.3999938964844,207.52999877929688,204.3600006103516,206.6199951171875,593500.0,0.7425398580680305,0.7547598326130014,0.7395441230563947,0.9455950928057696,0.61692152070153,0.6863824483243017,0.3591326199850422,0.9488977200740625,0,0,-0.11340854579399116,0.03171760798986881,-0.016221930820959362
2021-08-03,208.30999755859372,215.55999755859372,208.0,212.9499969482422,899900.0,0.749072268537738,0.7580198413410313,0.8077659895196369,0.9459926934692059,0.6129198580121036,0.7046989278423982,0.42146877470069943,0.955007804803196,0,0,-0.12743201264776552,0.03508856921561758,0.0
2021-08-04,211.33999633789065,213.52999877929688,210.5399932861328,212.0800018310547,421200.0,0.7560898020827354,0.7610004201624243,0.7816694832033438,0.9461771202830239,0.6162531662155567,0.6761229527615992,0.47935234693666695,0.952147967390249,0,0,-0.1378727449218401,0.01981686443380765,-0.013759064183003702
2021-08-05,212.5,214.58999633789065,211.05999755859372,211.3800048828125,326400.0,0.7631407951788025,0.7639540671360887,0.7600647018423031,0.9463190084954006,0.6067461963672192,0.6590810777631467,0.5346861104001451,0.9499317970873384,0,0,-0.14390797816370043,0.014428505904254707,-0.03734438938403288
2021-08-06,211.1999969482422,214.30999755859372,210.17999267578125,211.44000244140625,329100.0,0.7688786125690208,0.7669133237697963,0.7607957564786071,0.9464621320039396,0.6000833769391445,0.642537299282039,0.5792669877831488,0.9521662996813576,0,0,-0.13823446184941904,0.02062636252075349,-0.04456428210495921
2021-08-09,212.16000366210935,212.42999267578125,210.0,210.0800018310547,297900.0,0.7755866718555844,0.7694809316107472,0.7152951477997478,0.9465898904723223,0.6014478158361392,0.6257473424716038,0.6192140666583902,0.9501436368957049,0,0,-0.14273556368754642,0.016080182828349016,-0.07089484165759045
2021-08-10,210.27999877929688,211.8000030517578,207.1699981689453,208.52999877929688,313800.0,0.7820382306065274,0.7720732281203493,0.6646923781380634,0.946722315494063,0.6003476333738049,0.6087999079783852,0.6341052285909097,0.9480130172846346,0,0,-0.13471059979577002,0.02513327652930523,-0.05564547952930458
2021-08-11,209.0,209.52999877929688,206.3300018310547,207.57000732421875,272600.0,0.787469364515871,0.7752569276633479,0.6337547640901054,0.9468361898122383,0.601234957760016,0.5952817644454419,0.6416552615172263,0.9461621348564072,0,0,-0.1295737036907495,0.031458291838080646,-0.029875776933815493
2021-08-12,206.88999938964844,207.6000061035156,205.94000244140625,206.77999877929688,367500.0,0.7935417476371496,0.7780792750299337,0.6080124160488984,0.9469884095072879,0.6041119273816513,0.5842156799061649,0.645657141601152,0.9436669063443985,0,0,-0.12000772165123379,0.04176903147381491,-0.013200392139911714
2021-08-13,206.57000732421875,206.8999938964844,203.7700042724609,204.3699951171875,387700.0,0.798766559701892,0.7803584751108879,0.5329512700609557,0.9471448723018773,0.6014540104620487,0.5671372336937338,0.6329498103380621,0.9410345251359475,0,0,-0.11891871429463276,0.043476111265337056,-0.007544311957598168
2021-08-16,203.22000122070312,204.44000244140625,201.66000366210935,203.7100067138672,439900.0,0.8045545642915979,0.7820361744278979,0.5132240897455692,0.9473210910481896,0.6060565822175232,0.5453755634591344,0.6064412068601828,0.9380477196327295,0,0,-0.10392917747531819,0.06038066561979775,-0.007192842666851431
2021-08-17,202.33999633789065,202.6999969482422,201.00999450683597,202.0200042724609,260900.0,0.8088314436635309,0.783686940184829,0.46356756095176965,0.9474236546033262,0.6032506812422137,0.5207690360393611,0.5774157926096651,0.9362762771326396,0,0,-0.09994600137120141,0.06489617978989119,0.0005399862879885025
2021-08-18,201.07000732421875,202.05999755859372,197.8500061035156,198.1199951171875,352800.0,0.8119345458178417,0.7847530358702961,0.3639076968868803,0.9475562992295253,0.5979675933459581,0.4749051116694114,0.530440149051945,0.9338808577611112,0,0,-0.0944956499007561,0.07172552186877776,-0.011335553393184665
2021-08-19,196.67999267578125,199.97999572753903,195.7400054931641,197.9499969482422,290400.0,0.8141621989196646,0.785898807221761,0.35989720681134973,0.9476652481532298,0.5936155894721243,0.43835223527919137,0.4845035026597301,0.9319091180063158,0,0,-0.07419744251228758,0.09529580732951762,0.0237735050976618
2021-08-20,198.1100006103516,200.02999877929688,197.0,199.8600006103516,294200.0,0.816303427256073,0.7865238767771681,0.4162280344521687,0.947778065207392,0.5944760056842784,0.4391650744962719,0.44155073416855684,0.9339066587634123,0,0,-0.08148524946443952,0.08815356007711769,-0.006971482213123679
2021-08-23,201.5500030517578,204.4600067138672,201.5500030517578,203.0800018310547,293800.0,0.8192197345002279,0.7876842373543862,0.5001923663394836,0.9478948519041784,0.5941484579235442,0.4909734412313145,0.4167192582039475,0.9359014836255297,0,0,-0.09791857932779954,0.07009904164940882,-0.01135797190797849
2021-08-24,203.0800018310547,205.6699981689453,203.0800018310547,205.6100006103516,266400.0,0.8195096903326846,0.7892418598091051,0.5574465631323501,0.9480036809646814,0.6037717045206412,0.5240495233126339,0.39938143603995624,0.9377102696815817,0,0,-0.10389997002791573,0.06145359274677046,-0.026935203719633965
2021-08-25,205.8999938964844,208.5,205.6999969482422,205.88999938964844,311000.0,0.8203210153148259,0.7910934996838637,0.5635979866492207,0.9481310915093227,0.6058462076393818,0.5566644264731742,0.39572167143510906,0.9398218780277986,0,0,-0.11633674479810832,0.04698216834508865,-0.016633423271208272
2021-08-26,206.33999633789065,207.00999450683597,203.8600006103516,204.3300018310547,253200.0,0.8198860794390239,0.7929103514470726,0.5146529624211247,0.9482330785892469,0.5999747777504982,0.5264027132730693,0.3801402802937983,0.9381027165060555,0,0,-0.11831560873556625,0.04478119990303241,-0.027053242420427087
2021-08-27,204.8800048828125,206.4600067138672,204.0,205.57000732421875,276600.0,0.8196240058567532,0.7948944125184483,0.5450068702437334,0.9483459760918401,0.5963286163039093,0.5316505127130126,0.36567184566258104,0.9399807578840734,0,0,-0.11207365022297501,0.05226835305669754,-0.012626642235279279
2021-08-30,206.32000732421875,208.2100067138672,205.47999572753903,205.8600006103516,347900.0,0.8194121152197362,0.7974025435791978,0.5521953484801496,0.9484883933884775,0.5877319681361162,0.5531875990445427,0.36061847165857996,0.9423429075421083,0,0,-0.11528925116810602,0.04494814372313535,-0.041980856036073
2021-08-31,206.1199951171875,206.1199951171875,202.6999969482422,203.57000732421875,525800.0,0.8167969226640399,0.7994326155069105,0.4766888244292735,0.9486983191833177,0.5785717780697188,0.514204200517636,0.3370178415479811,0.9387728635921377,1,0,-0.0980277500046141,0.04585641899066202,-0.03570383184171136
2021-09-01,203.67999267578125,203.9499969482422,198.6999969482422,202.52999877929688,514600.0,0.814134329432181,0.8013818867543863,0.4446337270180154,0.9489013758137009,0.5823862973097722,0.47203813250358245,0.30791354544301275,0.9352788647015808,0,0,-0.08051283980918007,0.058358326155049,0.0
2021-09-02,203.3300018310547,203.5399932861328,200.2899932861328,203.3699951171875,1189800.0,0.8119010947752401,0.8035275440491845,0.4700346099544166,0.9493750182616115,0.6051244963084441,0.4932429849154319,0.2808881276312565,0.943357294316786,0,0,-0.06734804459517309,0.06038609490570547,0.004937540147273345
2021-09-03,203.27999877929688,204.97000122070312,202.5,203.6100006103516,454300.0,0.809718047317787,0.80533878444,0.47748318725824623,0.9495562664916243,0.6065290084529305,0.5309354917638887,0.24877895016153337,0.9464418720392501,0,0,-0.05939913517770334,0.06038254941305755,-0.006539813458166743
2021-09-07,204.1199951171875,204.1199951171875,201.5,202.3999938964844,395800.0,0.8075768189813786,0.8067572527361695,0.43556098213257743,0.9497120462632139,0.6091637567956049,0.5118351779040742,0.22334804245321213,0.9437544939574731,0,0,-0.04115706300723506,0.05618585731110012,-0.007465198217747202
2021-09-08,202.72999572753903,204.5800018310547,200.72999572753903,202.3300018310547,320600.0,0.8058482258257045,0.8080792112491606,0.43310604674208497,0.9498381066160623,0.6104490666977194,0.5149491696535783,0.20430417191532926,0.9415777041317589,0,0,-0.03453552591483727,0.06338933902150448,0.023567215495572297
2021-09-09,202.3300018310547,204.66000366210935,200.75999450683597,203.2100067138672,211000.0,0.8046326337412717,0.8095111471815448,0.46539276475672553,0.949921872007942,0.6124188463498892,0.5319782839001791,0.1860595059007927,0.9430103387332115,0,0,-0.03257053466244337,0.06538820544560695,0.03627735022717744
2021-09-10,204.3300018310547,205.22000122070312,202.3000030517578,202.9600067138672,325000.0,0.8035675990010687,0.8113403432790796,0.45540940539322405,0.9500505210945563,0.6093046168996896,0.5608144598006337,0.16501026644083341,0.9408036740627277,0,0,-0.042271522336918506,0.05526300554357834,0.01929037960450896
2021-09-13,203.9199981689453,205.08999633789065,200.75,202.1699981689453,297900.0,0.8029542277850854,0.8128598094289323,0.4233945429623076,0.9501673948607413,0.611627012886487,0.5331279570843659,0.155845946765353,0.9387810112770749,0,0,-0.04030347066017478,0.05735119730291726,0.021482067728241096
2021-09-14,203.32000732421875,203.58999633789065,199.75,202.0500030517578,303500.0,0.8024914096590976,0.8144376307694474,0.41842739676837803,0.9502862875296273,0.6090878365474488,0.5017574620447581,0.1537284653116475,0.9367203259617154,0,0,-0.037493208189675886,0.060543059530259805,0.002868806338816811
2021-09-15,201.69000244140625,209.5,201.0800018310547,208.30999755859372,591700.0,0.8042450942873984,0.8165462550612688,0.6281120858818096,0.9505342078466347,0.6154611464530337,0.6619214620849784,0.14801047465957315,0.9407378136094855,0,0,-0.029448140848174043,0.06384555160427242,0.07092304684293342
2021-09-16,208.47000122070312,210.47000122070312,205.8500061035156,208.41000366210935,522100.0,0.8071140051096246,0.8189589979283785,0.6306638527174193,0.9507531295438852,0.6216732374662142,0.7102364142930417,0.14792762459440997,0.9442827355308998,0,0,-0.061110824620687364,0.029379267384735522,0.02419467786088944
2021-09-17,206.8300018310547,208.3800048828125,203.88999938964844,204.5800018310547,732700.0,0.8089624868360172,0.821033957410539,0.47920456358603636,0.951047998931369,0.6128029983481225,0.6093379499799401,0.13413642155896274,0.939307894903012,0,0,-0.0532123993235496,0.035890771057545734,0.02072833352296095
2021-09-20,201.63999938964844,202.92999267578125,199.2700042724609,201.77999877929688,380300.0,0.809497792856561,0.8222594061403519,0.39183670532815884,0.9511963521260008,0.6107575157183984,0.43316504356911295,0.1289479886534972,0.9367257577516735,0,0,-0.02883954366838188,0.05274217024909089,0.06589107247477224
2021-09-21,202.8699951171875,203.8300018310547,197.1199951171875,197.1699981689453,333300.0,0.8078500514196514,0.8235106651283546,0.27877479723579535,0.9513196364954125,0.6048965555173211,0.3775763988763743,0.1344800514042477,0.9344627382603742,0,0,-0.03533546271760095,0.04425616011792024,0.09787887857806053
2021-09-22,198.5500030517578,200.52999877929688,197.66000366210935,198.58999633789065,315700.0,0.805892835724308,0.8249919766856912,0.3256446467187939,0.951438348214415,0.598665609004641,0.385552199579927,0.1396169668156589,0.936606258372595,0,0,-0.014251648753305623,0.06045543581499478,0.1188314291898771
2021-09-23,199.6000061035156,204.91000366210935,199.6000061035156,202.7700042724609,327800.0,0.805022963972704,0.8266393759616564,0.44557226873867073,0.9515675713776593,0.6043371743532655,0.5103903158517984,0.1168402742837045,0.9388319343079322,0,0,-0.019437034500891542,0.05473586443242988,0.11596756736987167
2021-09-24,202.1499938964844,204.66000366210935,202.07000732421875,204.1499938964844,145700.0,0.8049727767732162,0.828788399737421,0.4801569829343687,0.9516258789167756,0.6088754327357991,0.5575581964473026,0.09569048836117536,0.9398211990540538,0,0,-0.03161211356837201,0.041031746061607685,0.09631601503077594
2021-09-27,203.02999877929688,205.13999938964844,202.1100006103516,205.00999450683597,292000.0,0.8048166421281027,0.8309632337713755,0.5015080539282548,0.9517438168671221,0.6121257818850001,0.5789536088848182,0.07896151945715554,0.9418038023887654,0,0,-0.03570900565311417,0.03644380437835699,0.09860399453658335
2021-09-28,203.9600067138672,204.5399932861328,201.47000122070312,201.75,318800.0,0.8036707514149011,0.8330729813650857,0.4127706152347589,0.9518680216745287,0.6119619742297513,0.5249468610182575,0.0617372112284319,0.9396392340904569,0,0,-0.0400956121211398,0.03175452261484191,0.10536067227691327
2021-09-29,202.50999450683597,203.9900054931641,201.38999938964844,202.4499969482422,392400.0,0.8033584863789083,0.8348427006824193,0.43188170972701045,0.9520220712601181,0.6151330814145847,0.5287644370752047,0.04628440793259253,0.9423035270649119,0,0,-0.03355632720531289,0.03945480403403796,0.11375470734587965
2021-09-30,203.8000030517578,204.30999755859372,198.75999450683597,198.77999877929688,403700.0,0.802312965810448,0.836165780784949,0.3425247468044543,0.95217405751455,0.6042632564973031,0.4419257596856787,0.048880405945953026,0.9395625100572986,0,0,-0.039812287873999416,0.03294639797228817,0.1068411457153704
2021-10-01,199.8699951171875,201.9199981689453,195.3300018310547,201.38999938964844,265600.0,0.8017609321414865,0.8374484614035353,0.41437697883255653,0.9522770589570052,0.5898879506467997,0.4103579814266548,0.0695337710166824,0.9413658643233925,0,0,-0.02283928621598149,0.05332531526617368,0.14880773726081475
2021-10-04,199.91000366210935,200.8000030517578,196.3000030517578,196.72999572753903,202000.0,0.7998427490438633,0.837959065469045,0.31478387768834815,0.9523512784588858,0.587884430524986,0.3748623865486561,0.08871189572521679,0.9399943373589686,0,0,-0.022741952653732782,0.05243556080539205,0.1542281029481461
2021-10-05,197.27999877929688,200.41000366210935,196.97999572753903,199.27999877929688,211400.0,0.7989728772922591,0.8387064550658208,0.3808985937025584,0.9524312955128041,0.5912286959076721,0.43046846569604147,0.10652015438314164,0.9414296878554003,0,0,-0.00991204692009872,0.06704621932526104,0.1915315851821356
2021-10-06,197.2899932861328,198.02999877929688,193.5,197.6100006103516,526600.0,0.797656915063085,0.8379253989470337,0.3466189340984619,0.9526267431807548,0.5994717976167846,0.38195081436493755,0.14007909192355758,0.9378542121154717,0,0,-0.019018432905202092,0.06613813737106254,0.19801288115005083
2021-10-07,200.0,203.5500030517578,200.0,202.47999572753903,352600.0,0.7974533839960429,0.8378692886477987,0.460830243129966,0.9527650714821384,0.600938286383633,0.547042979464661,0.12972357638281526,0.9402482735395105,0,0,-0.032893072111348926,0.0529831546397691,0.19361365512202602
2021-10-08,203.22000122070312,203.4600067138672,199.94000244140625,200.7700042724609,140000.0,0.7968427993033846,0.8372947197315834,0.4236392328435139,0.9528189432926565,0.6027146827778386,0.5315074345757086,0.1204365480476269,0.9392977102968405,0,0,-0.048004748250699024,0.03580600628694076,0.14184117851992306
2021-10-11,200.1100006103516,204.83999633789065,200.0,202.3000030517578,327500.0,0.7968790453777794,0.83682227197094,0.45761701124164655,0.9529471349578879,0.6041944755627703,0.5620530750948083,0.10272789545150349,0.9415213493109434,0,0,-0.03292324784424118,0.05160133680274363,0.14230209422448337
2021-10-12,202.3500061035156,203.1999969482422,197.69000244140625,197.69000244140625,283100.0,0.7956634532933471,0.835820142848529,0.361961126170954,0.9530522370627775,0.5983387649250985,0.4817611739739477,0.09969770326211966,0.9395991746395158,0,0,-0.04374694003959728,0.0401383835625057,0.14137414934892203
2021-10-13,197.72999572753903,200.47999572753903,196.75,198.7700042724609,307800.0,0.793003650839047,0.8342288555841495,0.3873010074891837,0.9531679411041231,0.5915326316618693,0.4641367030256463,0.10202892916435405,0.9416890558259002,0,0,-0.02139711505538967,0.06444435902589524,0.17370636437144982
2021-10-14,200.9199981689453,203.92999267578125,199.75,203.67999267578125,197000.0,0.7916848978323139,0.8332862015295894,0.49090079457196156,0.9532462031648784,0.5935279018842484,0.593976666447367,0.08248870630100905,0.9430266341030858,0,0,-0.03732956688361522,0.048045494020653605,0.12743372383457807
2021-10-15,205.08999633789065,205.69000244140625,203.94000244140625,204.3300018310547,198800.0,0.7916151964610831,0.8324950459679044,0.5034036321489199,0.9533257355636878,0.6003075021540658,0.6744899658508381,0.07451564688791637,0.9443764339076772,0,0,-0.05690296914110589,0.026414007640781823,0.12755308287782197
2021-10-18,202.5200042724609,205.05999755859372,201.72000122070312,201.9499969482422,273900.0,0.7916625928830119,0.8314300718719758,0.4496034853056208,0.9534324563745479,0.5938661063641028,0.6077536516242462,0.059256820205174865,0.9425167248207679,0,0,-0.04414429692962506,0.03890763410659331,0.12264472830237642
2021-10-19,201.88999938964844,203.3999938964844,200.3999938964844,202.6000061035156,288300.0,0.793176508878344,0.8305906622748767,0.46364843553055757,0.9535455883151477,0.6017644443485172,0.5776036807463493,0.0526693688473496,0.9444742061269232,0,0,-0.0415449344710746,0.0424857735118147,0.10888836754377315
2021-10-20,203.13999938964844,207.6699981689453,202.7899932861328,207.5,484400.0,0.7956606667700219,0.8304750751954402,0.5595984135510331,0.9537459810352259,0.6113499966789497,0.6973805363157155,0.050087533463692574,0.9477631549465614,0,0,-0.047581436817543905,0.036179672311113,0.12008885043480018
2021-10-21,206.8300018310547,209.72999572753903,206.1000061035156,209.6699981689453,323500.0,0.7975844229142952,0.8307107374248175,0.596424177610374,0.95388284222446,0.6156026302218914,0.7478719649314365,0.05770565409071843,0.9499596350108738,0,0,-0.06424097267978163,0.017542165733245484,0.08120477515530873
2021-10-22,209.75999450683597,211.7100067138672,208.0,208.25,294100.0,0.798727527104172,0.8308757018415567,0.5598733034334535,0.9540054246273993,0.6097535008148656,0.7424636270114002,0.07372724907054742,0.9479627732275221,0,0,-0.07755041087821343,0.009300387389997326,0.07073020441916135
2021-10-25,206.05999755859372,209.13999938964844,203.8699951171875,208.27999877929688,578200.0,0.7996392222310549,0.8313144847925393,0.5604377985315634,0.9542464414155069,0.6118445947872548,0.6693539009562679,0.06351855144580407,0.951888599419749,0,0,-0.06031211312650046,0.02713089630383417,0.12552220595269373
2021-10-26,209.6300048828125,211.27999877929688,203.5,203.8999938964844,846100.0,0.8002386523219454,0.8313358052678745,0.4517994438353029,0.9545828489884712,0.6033391958641305,0.6353250405616083,0.06418944381481242,0.9461438025652986,0,0,-0.07744384951674885,0.009986565408322063,0.09592853775993546
2021-10-27,215.8000030517578,225.07000732421875,214.16000366210935,216.0200042724609,1509700.0,0.8040220447943793,0.8329068936464576,0.6470919878317725,0.9552624255207517,0.5875981309334769,0.8143575496019906,0.1088553970683219,0.9563942691900047,0,0,-0.10936735517058936,0.04546348479621396,0.05473273171246423
2021-10-28,216.2400054931641,219.8999938964844,212.6699981689453,213.50999450683597,403900.0,0.808128848396106,0.8346339685884201,0.5932070763993091,0.9554397300442984,0.5891465172953138,0.7180436492153219,0.14245403877410887,0.9536518942349018,0,0,-0.10526805408485532,0.04087585249705665,0.06119804165927625
2021-10-29,212.41000366210935,215.57000732421875,209.44000244140625,211.1499938964844,444500.0,0.8108499883974274,0.836115280145757,0.54478084142973,0.9556302454247879,0.5819902243364673,0.6520213295382433,0.1573374939426976,0.9506338559394247,1,0,-0.08856729965165122,0.059294665298228307,0.08252538789992517
2021-11-01,210.55999755859372,217.3699951171875,209.42999267578125,215.1199951171875,497500.0,0.8159772210949874,0.8378277658619664,0.6004563025906031,0.9558520234241982,0.588456290494897,0.6627838877655944,0.17634229344599753,0.9540117503196269,0,0,-0.08079563368094309,0.06871896843500983,0.08884684019845182
2021-11-02,213.17999267578125,222.63999938964844,211.97000122070312,222.6199951171875,835900.0,0.822484540092068,0.8400205556026403,0.686855637252014,0.9562518143480224,0.6014358604104981,0.7053477191093064,0.2076487048804221,0.9596872918521113,0,0,-0.09148379101189777,0.05527154573409304,0.10556901835878073
2021-11-03,220.67999267578125,223.2899932861328,217.4900054931641,221.97999572753903,505300.0,0.8292790283982805,0.8418576062516459,0.6731757166032898,0.9564919941075237,0.5988437375080289,0.701197733904704,0.23828086905326837,0.9562564375198176,0,0,-0.12209142607102143,0.019719767966604212,0.059518463258545935
2021-11-04,221.6999969482422,223.8699951171875,219.6100006103516,222.6300048828125,350700.0,0.8348969614720141,0.8437361796864833,0.6804741337225556,0.9566596436563045,0.5989545228995551,0.6884532804483408,0.26817870513271747,0.9586375984427058,0,0,-0.1270384606316292,0.015181594922242247,0.050905501708485366
2021-11-05,223.77999877929688,225.63999938964844,219.9600067138672,221.67999267578125,361400.0,0.8407267809285308,0.8456832060425314,0.657993532596478,0.9568308817168466,0.5977848391496315,0.6716939635378969,0.30041772378074993,0.9561837873291278,0,0,-0.1360104124115507,0.008354671740364132,0.029196423920582745
2021-11-08,222.88999938964844,225.22000122070312,220.8600006103516,223.16000366210935,383800.0,0.8465426635141886,0.8476571659586585,0.6766673055075914,0.9570151691769208,0.5984224416289678,0.6607898347141565,0.33035395538249446,0.958789688561533,0,0,-0.13257849314634754,0.012405269265873807,0.046328061222382554
2021-11-09,223.13999938964844,226.58999633789065,221.3500061035156,225.55999755859372,361400.0,0.8543129710176305,0.8498679114060517,0.7060512395953262,0.9571924405258211,0.6069956126483309,0.6603191533757915,0.36181771712013844,0.961243499675111,0,0,-0.13281949678817404,0.015459745884687829,0.034818086327985616
2021-11-10,224.8300018310547,229.22999572753903,223.9499969482422,225.4600067138672,502900.0,0.8617542900908959,0.8523244202380709,0.7033239161845988,0.9574388444454268,0.6028860552439107,0.6627944905385413,0.39774714419451607,0.9578289407126915,0,0,-0.13889875053273174,0.019506977939833327,0.044378412019780544
2021-11-11,226.72000122070312,227.7400054931641,224.92999267578125,225.42999267578125,248500.0,0.8678183093879657,0.8548942712580987,0.702445569185583,0.9575605444272596,0.5971952978363977,0.6498846044474018,0.43111018362072395,0.9561416909569523,0,0,-0.14734321046509527,0.0111327704785415,0.07362727583248414
2021-11-12,225.7899932861328,230.94000244140625,225.41000366210935,229.4499969482422,492600.0,0.8748219018078702,0.857820984671684,0.7535999199229068,0.9578103552751435,0.602951541783753,0.6604264788269771,0.4699066667608194,0.9594863156236612,0,0,-0.14323734345577097,0.022845270472418026,0.09280048843288582
2021-11-15,228.4600067138672,231.3000030517578,228.25999450683597,230.97000122070312,377100.0,0.8829128381715137,0.8608913403143235,0.7711845671692844,0.9580040418621877,0.6120192940917256,0.6632559104284593,0.5067737186887938,0.9620467256151671,0,0,-0.1523643808186811,0.012377408479683931,0.08420131759595431
2021-11-16,230.30999755859372,235.83999633789065,230.30999755859372,234.9600067138672,454900.0,0.8919349838337831,0.8645452444388881,0.813288124680568,0.9582455295597417,0.6150153487572811,0.6849395853084037,0.550717982873801,0.9651353771800998,0,0,-0.15937133551564547,0.02394249794376001,0.06533314395002948
2021-11-17,233.8600006103516,237.44000244140625,232.1699981689453,236.75,430200.0,0.9000900442677733,0.868407877232751,0.8303959396284056,0.9584771998981155,0.6127441158407186,0.6871865717570964,0.5945318613795711,0.9680563222300756,0,0,-0.1579417754083737,0.015236643380821667,0.04617809752077793
2021-11-18,236.2700042724609,239.1199951171875,234.07000732421875,238.25999450683597,636100.0,0.9080610920606984,0.8723412078392518,0.8444708643261535,0.9588238302759581,0.6145638057117715,0.6886969723877984,0.6382715333131388,0.9723752742205212,0,0,-0.16692715637787078,0.012037976112889507,0.027370626093090142
2021-11-19,238.27999877929688,238.27999877929688,230.9900054931641,231.94000244140625,526600.0,0.9146659946791955,0.8755933603034607,0.6580060966925491,0.9590962368275521,0.6122621216832486,0.6476725043601118,0.6546332008836201,0.9687997984805925,0,0,-0.17430537957183295,0.003525545023323353,0.006799274551066309
2021-11-22,232.41000366210935,235.1000061035156,228.6000061035156,228.67999267578125,476300.0,0.9203536248699258,0.8785683277524601,0.5792374884646677,0.95933581009621,0.5976886101483646,0.6126773598385163,0.6528785373195213,0.9655658465342803,0,0,-0.15374667278930437,0.028929858517067412,-0.0004311722965549636
2021-11-23,227.38999938964844,232.16000366210935,225.2100067138672,230.9499969482422,342700.0,0.9278953140879329,0.8818115023633093,0.6132634439580756,0.9595115275674998,0.6144531321340332,0.5922485214397933,0.6297420939888992,0.9678926895575874,0,0,-0.1339863581029991,0.051294368126772065,0.03633897946802687
2021-11-24,231.17999267578125,233.6499938964844,229.3800048828125,232.07000732421875,292900.0,0.9323701429717897,0.884477864878866,0.629725861036442,0.9596631107093977,0.6327296200116471,0.6108968180682288,0.6136222798066397,0.9698814036560021,0,0,-0.13609003286899793,0.03437974689900373,0.0033340735338199716
2021-11-26,229.55999755859372,231.9900054931641,225.47999572753903,226.25,283700.0,0.9359221263812298,0.8864798799446107,0.49765324412974654,0.9598027361130622,0.6343243924310304,0.562408034260609,0.5762942511676578,0.9679551551421058,0,0,-0.12565175482314983,0.04119445536638332,0.03352436132958666
2021-11-29,228.75999450683597,231.97999572753903,226.8800048828125,231.07000732421875,456900.0,0.9414759353846167,0.889452604214533,0.5729765282545799,0.9600371272060887,0.6426917413646527,0.5811255349591539,0.5416325102886029,0.9710573861819337,0,0,-0.12534806899602902,0.04579005794630512,0.0614365045536945
2021-11-30,230.1999969482422,230.3800048828125,223.66000366210935,227.5800018310547,706600.0,0.9449498535986172,0.8923478959975348,0.503327074635861,0.9603887923939728,0.6410233333670865,0.5313745490459366,0.4923835073701104,0.9662597577014295,0,0,-0.12896525774522016,0.03860301158180816,0.0409832558122335
2021-12-01,230.9199981689453,232.8999938964844,223.7100067138672,223.8800048828125,507200.0,0.9453011512323297,0.8953453089361085,0.43676752252230044,0.9606329878009164,0.6184788090743933,0.5161522566228152,0.45825665303347995,0.9628160028679851,0,0,-0.12360490665473749,0.0360312720022276,0.02399159271437415
2021-12-02,223.67999267578125,230.69000244140625,222.4900054931641,227.47000122070312,618100.0,0.9468317948760798,0.8985862403678806,0.4956029012324966,0.9609401243548258,0.6160151796520467,0.5089263349705456,0.4201279788138996,0.9670127395843731,0,0,-0.09013753901936997,0.06896552664222134,0.05561020160575783
2021-12-03,228.42999267578125,228.9600067138672,221.50999450683597,223.67999267578125,396200.0,0.9471245372318613,0.9009327717805067,0.4300470967471257,0.9611304254053884,0.6106924770041806,0.4607326031020837,0.3795413315439028,0.964322645607617,0,0,-0.10959683713015364,0.04699521863999226,-0.021673155358178053
2021-12-06,225.75,226.3999938964844,222.7700042724609,224.58999633789065,471200.0,0.9479358622140026,0.9032265610872139,0.4456497801048659,0.9613585600067899,0.6131466202811648,0.4531679793191544,0.34185373050747714,0.9675219698929463,0,0,-0.09947246391522749,0.05977286997039107,-0.013188470336361897
2021-12-07,228.0200042724609,233.52999877929688,227.9600067138672,232.1999969482422,462200.0,0.9504562619258414,0.9062778394335953,0.5604820758311567,0.9615975505360311,0.6169065091014395,0.586489995873144,0.33911880288087715,0.9706601865412466,0,0,-0.10917674283039351,0.04942335378120271,-0.0054766953398831374
2021-12-08,233.0,233.32000732421875,227.72999572753903,229.6100006103516,390900.0,0.9515854249906253,0.9094043053754697,0.5136669133870454,0.9617952340956589,0.6109804419064706,0.5586374484497143,0.3351948054471052,0.9680060781729631,0,0,-0.10150735415157025,0.026356568465208285,-0.05055988650930475
2021-12-09,229.72000122070312,233.8500061035156,226.82000732421875,226.9600067138672,565700.0,0.9520036332180093,0.912154833339879,0.4678849913768304,0.9620747386548784,0.6053850270081554,0.5301331028087771,0.3258753324753215,0.9641651236988317,0,0,-0.08836726837240004,0.04093895680282748,-0.01328340683615811
2021-12-10,228.02999877929688,230.4600067138672,227.57000732421875,229.4600067138672,275200.0,0.9531272232361434,0.9155977621913678,0.5060813977204079,0.9622136666354625,0.6095624899164059,0.5237697296192386,0.31722153614437953,0.966033659444423,0,0,-0.08195279147557044,0.04886321823153625,-0.03035776870739518
2021-12-13,229.5399932861328,232.3600006103516,224.1699981689453,230.02999877929688,332600.0,0.9532889309279067,0.9188117600630608,0.5148087367738485,0.9623823673470232,0.6081326872587483,0.5149502681096583,0.2881333501015496,0.9682919261195089,0,0,-0.08764054746772669,0.041750202870867996,-0.11788541358625343
2021-12-14,228.3300018310547,230.47000122070312,224.9900054931641,229.32000732421875,547500.0,0.9528289035794777,0.9224690306685916,0.5007890507108597,0.9626583184606988,0.6085163041186922,0.5025906009918082,0.26112289163320745,0.9645745448669245,0,0,-0.07112116114058768,0.04690689624567321,-0.11398513828563714
2021-12-15,230.72999572753903,236.4900054931641,229.72000122070312,235.88999938964844,340700.0,0.9530881906384236,0.9265774268470803,0.5987085766830245,0.9628397083679382,0.6080075698023144,0.6533740400527924,0.264345906851048,0.9668878084153364,0,0,-0.05773587044961102,0.03658642561347236,-0.13614163711657046
2021-12-16,235.88999938964844,238.6499938964844,232.8999938964844,233.92999267578125,506600.0,0.9523019571289091,0.9306532780930965,0.5585202802738357,0.9631050570553105,0.5970415593526529,0.6840924155103989,0.2755425911603919,0.9634481274243606,0,0,-0.0690152139616787,0.013692804849279271,-0.11984401350463317
2021-12-17,232.8699951171875,236.1999969482422,230.8699951171875,233.0,728700.0,0.9508354418097398,0.934078251237866,0.5393985994809246,0.9634836751545822,0.5873880818388546,0.6503655432635636,0.2730748655878118,0.9585004457462635,0,0,-0.05518740139154838,0.026717394928756657,-0.11503436603196329
2021-12-20,230.44000244140625,232.52999877929688,227.2400054931641,230.27999877929688,297300.0,0.9503726236837517,0.937389880482276,0.4845920140924457,0.9636345980811426,0.5947894437123458,0.5614379719406577,0.2502451781077406,0.9564818568030793,0,0,-0.041115887686929864,0.03725318744970493,-0.09124467710568669
2021-12-21,232.8800048828125,234.5800018310547,229.4600067138672,233.16000366210935,615900.0,0.9516216753192543,0.940853008219561,0.5322289547309554,0.9639548722039787,0.6073968549651414,0.630259349654001,0.23820599544339635,0.9606636560970824,0,0,-0.05006947559673818,0.027097404322793495,-0.1243703297788243
2021-12-22,233.44000244140625,234.1499938964844,229.3699951171875,230.91000366210935,672400.0,0.9516105249717204,0.9445809766377298,0.4866572491565514,0.9642978502749872,0.5995048070176086,0.5971713548394386,0.2265099750991648,0.9560982366372874,0,0,-0.051166614115596795,0.02436092205596539,-0.12986789459472667
2021-12-23,231.41000366210935,236.0,229.8500061035156,234.83999633789065,370000.0,0.9523828131019076,0.9486287727341283,0.5506067291675507,0.9644928309992505,0.6021373987813239,0.6506670514884211,0.2240669277760203,0.9586104394929152,0,0,-0.04287388592206714,0.033389594789319674,-0.12286176400347892
2021-12-27,235.57000732421875,243.4600067138672,234.1499938964844,243.32000732421875,330100.0,0.9571420247715714,0.9530771989013442,0.6600018461843573,0.9646788855215888,0.6112964903218856,0.7763739582586896,0.24873384041676364,0.9608517318243821,0,0,-0.05987060567465291,0.03359734079665122,-0.1383495401116301
2021-12-28,245.0,247.2899932861328,242.1000061035156,246.7100067138672,388300.0,0.9615025423855936,0.9578331084124643,0.6955848961807557,0.9649034065275642,0.6114272479302303,0.8032762505869939,0.2821080409050968,0.9634881868753017,0,0,-0.09653955608288348,0.009411446725305432,-0.1633651109792791
2021-12-29,246.2100067138672,249.0,245.8999938964844,247.77999877929688,261600.0,0.9671344123301864,0.9629761786458366,0.7065167582041523,0.9650558547577232,0.6103680990092114,0.7751814911156583,0.3173820710325388,0.965264382191605,0,0,-0.10011759367214541,0.011308796604138681,-0.18434603278607828
2021-12-30,247.77999877929688,248.0200042724609,245.25,245.3999938964844,200600.0,0.9731343033026754,0.9677792188904817,0.6529995774026631,0.9651706721059555,0.6156503275396876,0.7170870087652043,0.3458496320077461,0.9639023608596079,0,0,-0.10602148842473837,0.004923727608013297,-0.20970212168480976
2021-12-31,245.3999938964844,247.4199981689453,244.3800048828125,244.7100067138672,175700.0,0.9779409113942676,0.9719549481129928,0.6374810260900918,0.9652707022278678,0.6110393975783837,0.6811933511947054,0.36638958347996486,0.9627094039900571,0,0,-0.09735126317780518,0.014669951886935113,-0.2102689165774499
2022-01-03,244.7400054931641,244.82000732421875,240.17999267578125,242.75,324100.0,0.9832577340337767,0.9756672057158697,0.5931121001440754,0.9654524435329394,0.6144575655124829,0.6320678341427821,0.3593501517282719,0.9605088500832761,0,0,-0.09492873339458631,0.017408337991739773,-0.17608602188084477
2022-01-04,242.2400054931641,244.97000122070312,239.7100067138672,239.8999938964844,348100.0,0.9875262453272664,0.9792189869725121,0.5317905846847331,0.9656433106912595,0.608924655156881,0.6097208785039622,0.3500976505160981,0.9581453424777517,0,0,-0.08539654371298919,0.0278475571857298,-0.15723995126239068
2022-01-05,239.3600006103516,240.52999877929688,232.19000244140625,232.30999755859372,403300.0,0.9875569141007774,0.9819156478167634,0.39635270773244546,0.9658511415732648,0.5981205162692894,0.5330548203182556,0.3198288764461781,0.9554070413651174,0,0,-0.07440602983598994,0.040183408232215376,-0.16135893163286347
2022-01-06,231.75,237.22000122070312,230.4600067138672,235.6999969482422,378500.0,0.9892548384829407,0.9854842631905865,0.4529833176868079,0.9660517097885198,0.6038582614433728,0.5236298226629208,0.2986425073190737,0.9579769569890502,0,0,-0.04407905643656717,0.07425423004298026,-0.12939605645259392
2022-01-07,235.2100067138672,235.8300018310547,229.27999877929688,231.9499969482422,330800.0,0.9906460751299953,0.9872719365022888,0.3937217814837416,0.9662215965602644,0.6120839468354108,0.4955669739254075,0.2836460806799529,0.95573091184137,0,0,-0.05812478737553668,0.0585065484288529,-0.16088253677856984
2022-01-10,235.0399932861328,238.4499969482422,231.92999267578125,237.33999633789065,535600.0,0.9928430594583073,0.9899461535693164,0.47891926558365905,0.9665090994469924,0.6166652492479054,0.5344019254416097,0.25685696926624035,0.9593674952183274,0,0,-0.058331532473854524,0.0601854145183811,-0.17443411074545714
2022-01-11,238.1300048828125,242.77999877929688,236.1199951171875,242.66000366210935,576900.0,0.9963643740942365,0.9934822257230171,0.5505419765387705,0.9668319691585191,0.6237083883936585,0.5865137104722004,0.23810176627278454,0.9632844947518724,0,0,-0.07002616765998153,0.04579925543485877,-0.167270636300643
2022-01-12,243.22000122070312,245.58999633789065,239.3600006103516,239.6699981689453,354800.0,0.9992500083106464,0.9962372417579313,0.5007518803644109,0.967025896464362,0.6128353912601886,0.5927439672541224,0.2313329453451002,0.9608754959054489,0,0,-0.08946676990946206,0.023819330306057377,-0.16846618423255125
2022-01-13,240.82000732421875,241.7899932861328,235.8500061035156,236.3800048828125,269800.0,0.9993866245297829,0.9977813982887858,0.44911050195888125,0.9671694976301893,0.6042700602614562,0.5425916419885635,0.20876558343716947,0.9590436247420748,0,0,-0.08056916996248734,0.03413023214534807,-0.16677098312709118
2022-01-14,234.8600006103516,236.69000244140625,232.3000030517578,236.1300048828125,206200.0,1.0000000000000002,0.9993693207845495,0.44519205143201745,0.9672790108136277,0.6124384103661225,0.501422745698369,0.18888697191474949,0.9576435808803709,0,0,-0.05647688394851337,0.059818931794414845,-0.16232335360264405
2022-01-18,232.41000366210935,233.3999938964844,222.8800048828125,223.5,641600.0,0.9973513478932341,0.9994669521572666,0.28203966393585145,0.9675846190010694,0.6052769819137583,0.3985706053306713,0.2004760490926599,0.9532872853339635,0,0,-0.04082496586756356,0.07025789181736561,-0.12607463539940755
2022-01-19,225.1199951171875,227.05999755859372,222.1300048828125,222.8000030517578,542500.0,0.9952658840571975,0.9995926403919515,0.274647602900287,0.9678413000995613,0.5977784630906893,0.37844497338114313,0.213242756587095,0.9496038527686173,0,0,-0.013378032368568233,0.10684565943092841,-0.105100627446868
2022-01-20,225.3699951171875,234.1300048828125,225.3699951171875,226.7899932861328,714900.0,0.9934898902253606,1.0000000000000002,0.3414651646975174,0.9681917808488668,0.5848544925809426,0.44271951244403807,0.1960746356552859,0.9544578360699371,0,0,-0.014542146274667376,0.1060592664234529,-0.10587969485983591
2022-01-21,226.6999969482422,229.8500061035156,220.3500061035156,221.25999450683597,679100.0,0.9907994147433157,0.999517451084108,0.27926389829273734,0.9685083439559125,0.5795670649542215,0.3984397648428273,0.19477884631399686,0.9498469253692429,1,0,-0.027999431336086487,0.09832886684564912,-0.13408882473814512
2022-01-24,218.3000030517578,227.2400054931641,216.16000366210935,226.6699981689453,1089600.0,0.9885215744420048,0.9996532370493407,0.3638442073237792,0.9690415181237274,0.5923148041502462,0.41040207994585076,0.20437491034084562,0.9572450232921943,0,0,-0.009671876718691455,0.13875078057680099,-0.10715903146754631
2022-01-25,222.5399932861328,225.25999450683597,219.41000366210935,221.13999938964844,1268700.0,0.9823376665742167,0.9991718114353378,0.3029163647425712,0.9696316174259462,0.5780069863475854,0.4148112739667981,0.2132855412229194,0.9486308833923701,1,0,-0.02814659935395698,0.1167336080099387,-0.10120433832411829
2022-01-26,195.0,207.6499938964844,188.5,202.4900054931641,5232700.0,0.9700088876905943,0.996146345059497,0.15528598853323167,0.9716400076219766,0.6140330020131737,0.28164239673815394,0.27048857854885056,0.9131022242500905,0,1,-0.029393144695397267,0.24418920208483885,0.007099608069783879
2022-01-27,202.57000732421875,208.9900054931641,198.5,202.1100006103516,1869800.0,0.9572758417046805,0.9929076585191523,0.15290564497876824,0.9723532656608987,0.6031368257393162,0.3530730960497216,0.3190208562133078,0.9004067731704882,0,1,-0.06948494712097651,0.22929523144957736,-0.04019958727648067
2022-01-28,201.33999633789065,203.2100067138672,193.5,199.50999450683597,1490300.0,0.9444814581717453,0.9889294369335027,0.13616858054521802,0.97290454590445,0.6122388082003382,0.35976874321069646,0.3692519455497111,0.8902880274522664,0,1,-0.06352974270998553,0.23581219889258817,-0.060115748155918365
2022-01-31,199.19000244140625,207.83999633789065,198.5,207.6199951171875,1192200.0,0.9341405595027428,0.9856604503521129,0.25621178380137877,0.9733869373934777,0.6339709191372335,0.4156435248956722,0.399946410865769,0.898382752437346,0,1,-0.05358128783387827,0.24966166573117254,-0.024860943563893824
2022-02-01,206.75,207.5,202.3000030517578,205.9600067138672,787100.0,0.923883307584298,0.9820357263914052,0.24293089918872057,0.9736996185448051,0.6388506461671326,0.4345268092520065,0.428448414373537,0.8930385500923065,0,1,-0.08790097499857422,0.20349677773642524,-0.045708533457038014
2022-02-02,206.92999267578125,211.5200042724609,206.82000732421875,209.17999267578125,689300.0,0.9153184027471328,0.9794815844743185,0.2886413147085447,0.9739829091706805,0.644411404106021,0.46664657851517555,0.4408755854327574,0.8977187161149666,0,1,-0.08948335635561215,0.2042629925850852,-0.03146239811761847
2022-02-03,199.9499969482422,206.8699951171875,199.4600067138672,204.2400054931641,1018200.0,0.907492334997553,0.976738914486081,0.2459876093277401,0.9743795107299672,0.6561362801952011,0.4497368480545762,0.46311343088015877,0.8908054054457768,0,1,-0.05473753393800487,0.23448706745000664,0.01921791955835732
2022-02-04,203.38999938964844,206.2400054931641,201.69000244140625,203.16000366210935,637900.0,0.8984200063900298,0.9736203048080276,0.2368877620479612,0.9746249049613566,0.6487305712807855,0.46232884571266264,0.48376285879560277,0.8864742319279256,0,1,-0.07290442121608151,0.2233157039935456,0.013415616037357433
2022-02-07,204.0,206.8999938964844,201.97999572753903,203.0399932861328,341000.0,0.8903597387998972,0.9703625392590747,0.23582056260003814,0.9747558746584798,0.6464618658530636,0.4726434686231196,0.5004444467400074,0.8841589314582794,0,1,-0.07629454479524038,0.22150029134102045,0.027023062582214416
2022-02-08,202.0500030517578,204.77999877929688,200.9499969482422,203.0800018310547,468400.0,0.8808078644179684,0.9677623881980018,0.23651622725804877,0.9749358182423119,0.6413317757497952,0.4752160753293705,0.5175944386929344,0.8873392444787552,0,1,-0.0667356358343775,0.23123521720215093,0.013248633423738394
2022-02-09,204.7700042724609,206.69000244140625,203.44000244140625,205.25,731100.0,0.8703777502059922,0.9648648515235725,0.2753797473968107,0.9752234269220653,0.633262715717827,0.49183077875047143,0.525636215789156,0.8923032215267268,0,1,-0.08011623067640196,0.2177959194836658,0.019155009624653177
2022-02-10,201.5,205.0,199.1000061035156,200.72999572753903,915700.0,0.8595210639424231,0.961851727769707,0.22820032346912716,0.975565679705071,0.6317227454428337,0.4784078740543528,0.5407926842366376,0.8860858589459204,0,1,-0.06333739342265529,0.2266504471252663,0.04073081905165209
2022-02-11,200.44000244140625,202.6699981689453,194.8000030517578,195.82000732421875,629300.0,0.8482127141546341,0.9587028180506085,0.18253111974509312,0.975787490745828,0.6275502868334669,0.46008657793442803,0.561803179749972,0.8818130771701189,0,1,-0.05948290088947652,0.23404571677123626,0.05843668598220257
2022-02-14,197.6000061035156,198.75999450683597,192.4900054931641,193.8000030517578,624800.0,0.8364108774673464,0.9549243507055982,0.16490589380265852,0.9760022111429284,0.6187230394565352,0.44410597986102185,0.5848430233063351,0.8775708492128318,0,1,-0.04647127853717591,0.24507194586566497,0.09161467935660945
2022-02-15,195.92999267578125,201.77999877929688,195.92999267578125,201.6499938964844,551100.0,0.8303189759200909,0.9524521310582874,0.3040036600204097,0.9762101636765644,0.6373664585573919,0.48118868750093446,0.592878968008818,0.8813126735202277,0,1,-0.03833845489567374,0.2562435649128798,0.08694533456232983
2022-02-16,200.2700042724609,204.8000030517578,199.1000061035156,204.07000732421875,447800.0,0.8250969503786734,0.9501493656105708,0.34183565167384666,0.9763837561101149,0.6497913064127803,0.5075455572270677,0.5875986416617265,0.8843531179492821,0,1,-0.058368483157519746,0.22474581421854364,0.04304484472356142
2022-02-17,202.77999877929688,203.9499969482422,200.30999755859372,200.6499938964844,597400.0,0.8178089751729622,0.9466088053863653,0.3030390492143845,0.9766064882712181,0.6497457522268556,0.5006899364912948,0.5826954814822844,0.8802969287980603,0,1,-0.06997598013807757,0.20978093802181752,0.03131278071400393
2022-02-18,200.8000030517578,203.41000366210935,199.47999572753903,201.69000244140625,476600.0,0.8123527540452258,0.9434756064825587,0.32034158903601806,0.9767862644089104,0.6601276974039171,0.5031261114849521,0.5800439568743649,0.8835329176656068,0,1,-0.06130078956345945,0.2232244936386096,0.05581857607242331
2022-02-22,200.80999755859372,202.80999755859372,195.2400054931641,197.2899932861328,540600.0,0.8041614475368406,0.9401460198190787,0.27034907675884723,0.9769798962187072,0.6392196326233655,0.4535759541282625,0.5868985057718286,0.8798623856014112,0,1,-0.06103424765523491,0.22202388932146572,0.06291835136990938
2022-02-23,198.4600067138672,199.4199981689453,194.0800018310547,194.5800018310547,657000.0,0.7967563745379702,0.9362317647964855,0.24166422458511416,0.9772074895359549,0.6389527239187615,0.4043726962150346,0.5956883738800113,0.87540152809831,0,1,-0.05048409474788735,0.23888687327222974,0.0661969588069913
2022-02-24,190.7100067138672,198.8600006103516,189.83999633789065,198.42999267578125,725300.0,0.7956244206956271,0.9326855931998863,0.3102733174389648,0.9774706590369376,0.6089780250879169,0.4117193025360911,0.6122636640167395,0.8803261246690852,0,1,-0.011357830676690196,0.28204331949628286,0.11928251226572784
2022-02-25,198.55999755859372,202.55999755859372,196.55999755859372,202.33999633789065,376200.0,0.7956885447659738,0.9296578802202675,0.3742793171738119,0.977613445232519,0.6248724226680782,0.5238768069213646,0.6093374185779447,0.8828804238968884,0,1,-0.050697968703909364,0.2178601891004121,0.05871092871685305
2022-02-28,199.5,201.4900054931641,197.77999877929688,200.8500061035156,709500.0,0.7960621473489882,0.9257256712033051,0.3548151548457015,0.9778781145394796,0.6267524212390041,0.5112821667908587,0.6066201906704923,0.8780631051777859,0,0,-0.05436394286392559,0.18379956071216932,0.03948801837389311
2022-03-01,198.9499969482422,201.9900054931641,195.41000366210935,196.4900054931641,621600.0,0.7929590451946773,0.9215241334349544,0.30057491559692906,0.9780982654851799,0.6002425826189988,0.4715596441832233,0.6097490207293594,0.8738426043803312,0,0,-0.052028860496306825,0.17515562293007336,0.035499151934990654
2022-03-02,196.5399932861328,203.3600006103516,196.5399932861328,202.63999938964844,430000.0,0.7920334089427015,0.9181171159969046,0.39981886148789325,0.9782618805320887,0.6005550485820141,0.5432225128472578,0.6053772758559924,0.8767621914828175,0,0,-0.040918077568136285,0.19130749934244085,0.06397275674490269
2022-03-03,203.8300018310547,204.1100006103516,198.7899932861328,201.6300048828125,477100.0,0.7899284309349219,0.9149019965356728,0.3863064600876671,0.9784413037008838,0.6010559863422424,0.572844885294728,0.5972572372752247,0.8735228077465472,0,0,-0.07565141076405767,0.14952626896477203,-0.021219912478826587
2022-03-04,200.6100006103516,202.1100006103516,198.1699981689453,201.77999877929688,476800.0,0.7892425675701491,0.9113805136077253,0.3887687352051654,0.978620876745207,0.602787925220369,0.5539001596825911,0.5915334271015509,0.8767601545615833,0,0,-0.0600605084416376,0.14501812619683424,-0.016267414074622677
2022-03-07,201.0,201.72999572753903,195.38999938964844,196.2899932861328,464200.0,0.7873271709958505,0.9074954353242879,0.31476221678479055,0.9787847137951956,0.6009673928793732,0.4760489827213584,0.5941693730693678,0.8736083584383876,0,0,-0.06194865732788641,0.13004264868623033,0.007235636449101752
2022-03-08,196.8500061035156,198.88999938964844,192.5500030517578,194.58999633789065,600900.0,0.7849712654991003,0.9029785562358617,0.29368488747016686,0.9789923519764084,0.6006237876026645,0.42036231019215153,0.6040541443699569,0.8695284052060991,0,0,-0.042539132860144095,0.14473477698838677,0.03932957096518758
2022-03-09,199.55999755859372,200.8300018310547,197.75,199.6000061035156,526200.0,0.7840010236027546,0.8980722715337555,0.3819214252543972,0.979185446134147,0.6015338974635889,0.542160866561504,0.6013569058174141,0.8731011650510486,0,0,-0.05683744162977875,0.061462597969833714,0.018808796603059116
2022-03-10,196.75,199.4499969482422,195.8600006103516,196.57000732421875,545200.0,0.7815809940356575,0.8924455307949526,0.34109477603318206,0.9793783633083307,0.5944903704117123,0.48601512046073875,0.6042256495207846,0.8693994001945938,0,0,-0.03461925576558206,0.07399801513433302,0.018587207416933253
2022-03-11,198.1199951171875,199.17999267578125,194.42999267578125,194.42999267578125,387800.0,0.7798245186297974,0.886458561181626,0.313345146812151,0.9795119885180935,0.5948647410414438,0.4544156344134644,0.6108556573719861,0.866766340012398,0,0,-0.04212239136584035,0.0681691441012753,0.024825785730187795
2022-03-14,195.97000122070312,196.5200042724609,188.5800018310547,189.19000244140625,446100.0,0.7779760369034048,0.8801506423005314,0.25107966172253127,0.9796556337670655,0.5963769456262552,0.34679368531118615,0.6311201852551187,0.8637374381370047,0,0,-0.038008536069697424,0.0799773884561522,-0.010595060619216787
2022-03-15,190.3999938964844,194.5200042724609,189.7899932861328,194.22999572753903,352400.0,0.7780959212198892,0.8744857452568624,0.3409486251308932,0.9797767078957497,0.6078591890070946,0.396761778897065,0.6499372468608846,0.866130141613554,0,0,-0.009619916707773091,0.11163386068731382,-0.1130609393393984
2022-03-16,194.9600067138672,198.33999633789065,192.0399932861328,197.25999450683597,364600.0,0.7768719653112477,0.8693808296160059,0.39007258013064794,0.9799066919656766,0.6029617205102893,0.48437277682537794,0.6430608297766613,0.8686056798869645,0,0,-0.0328476807040773,0.08525973290872987,-0.09807961422436871
2022-03-17,196.88999938964844,201.1199951171875,196.25999450683597,200.4499969482422,313100.0,0.7758626865629481,0.8649537273488257,0.43896783044071774,0.9800225826718866,0.6011473639556981,0.5800350855405301,0.6209306108443536,0.8707315466818214,0,0,-0.04212713063979007,0.05074518293413555,-0.14944741229077468
2022-03-18,199.69000244140625,205.77999877929688,199.4199981689453,203.97000122070312,1425000.0,0.7767883228149239,0.8617733959991436,0.48941215169225005,0.9805713130777859,0.6199125291591481,0.6799418120351146,0.5773399749574557,0.8804069225447121,0,0,-0.05542529697927735,0.03596902751233182,-0.13694186762861363
2022-03-21,203.22999572753903,206.16000366210935,203.1000061035156,206.1300048828125,470300.0,0.7780262198486585,0.8584550337928016,0.518963543406469,0.9807566818071708,0.6267662301320379,0.7186449297946451,0.5351048739505069,0.8836001360663385,0,0,-0.07182425753203045,0.017992832999860087,-0.14712945201370067
2022-03-22,206.05999755859372,210.0800018310547,205.4600067138672,209.4900054931641,430900.0,0.7814276501681032,0.8559345601100767,0.5629072368689085,0.9809326913117108,0.6364694802202526,0.749040236721693,0.4895466881163564,0.8865258339325277,0,0,-0.08480083109432143,0.01950227612300494,-0.13651578481088356
2022-03-23,208.1199951171875,209.1499938964844,204.69000244140625,204.7400054931641,430500.0,0.7842603149159344,0.8522761696273577,0.48303932989517195,0.9810997280107153,0.6383997089831822,0.6840730117615007,0.4438027628242168,0.8836028519613175,0,0,-0.09327410746939155,0.009356086984928477,-0.17895837152764954
2022-03-24,205.0,208.7700042724609,204.3000030517578,208.66000366210935,245400.0,0.7871124980897426,0.8484606692793701,0.5353381916381558,0.9811990534170197,0.6311847864432822,0.6848274868126507,0.3995123737239503,0.885269053530969,0,0,-0.08019926603691307,0.02481196490553137,-0.16850639383787597
2022-03-25,208.58999633789065,210.4600067138672,207.13999938964844,209.8600006103516,327400.0,0.7892091165275472,0.8451153735129491,0.550810793738398,0.9813332332242327,0.6288035505649842,0.6934639718303295,0.3662935668121283,0.8874920135713272,0,0,-0.09589760450325147,0.008961997235487013,-0.20200322609377216
2022-03-28,209.8999938964844,212.2899932861328,207.94000244140625,212.1699981689453,337600.0,0.7923651924046708,0.8423985120705508,0.5805051503116238,0.9814749132548518,0.6263167083273256,0.6924245609341615,0.34369102427357023,0.8897842289336514,0,0,-0.10159149911094627,0.01138854180261791,-0.18712469693824477
2022-03-29,214.3800048828125,216.33999633789065,213.0500030517578,215.5399932861328,240800.0,0.797676433489062,0.8400878886466625,0.6215881798471254,0.9815794334747608,0.6355522696382888,0.7163673663687975,0.33900896368228517,0.8914191977110437,0,0,-0.12160061872279397,0.009237835094467337,-0.23735684142416422
2022-03-30,215.8600006103516,217.41000366210935,211.5,212.77999877929688,252700.0,0.8005035209360092,0.8388848836940739,0.5681284969086783,0.9816861147435437,0.6273199460916681,0.6775905894837015,0.32594890050354275,0.8897034310580244,0,0,-0.1265658329268029,0.007191254987653738,-0.24468779407982483
2022-03-31,212.91000366210935,214.8999938964844,208.30999755859372,208.9499969482422,489100.0,0.802544374873442,0.837330627720321,0.49928585117884383,0.9818845261406234,0.620044229470314,0.630173139950376,0.297158066781228,0.8863825704723824,0,0,-0.11434346259344902,0.021148604313451298,-0.2083842306244284
2022-04-01,209.94000244140625,209.94000244140625,206.2100067138672,209.1699981689453,252700.0,0.8046047472368518,0.8353533013232279,0.5025717783479092,0.9819872565517379,0.6158028497672509,0.6000478771970157,0.2658445071828084,0.8880983371254016,0,0,-0.1022254171922411,0.03575018583299357,-0.20497727904568414
2022-04-04,210.3000030517578,212.1699981689453,209.66000366210935,212.0,309100.0,0.8089847832768509,0.8343141391978399,0.5448716934312571,0.9821166462012249,0.6260348891488647,0.6219569542052328,0.2417122491298863,0.890197044970468,0,0,-0.1038389893906296,0.033991493390982536,-0.19706459617315666
2022-04-05,211.4499969482422,215.27999877929688,210.97999572753903,213.5,690700.0,0.8142569960177564,0.8328361941214693,0.5666051157831442,0.9824101387295393,0.6317182381942756,0.6350947533204712,0.23253584069254749,0.8948867166255549,0,0,-0.1078773354584316,0.028113239216354523,-0.23655657498341687
2022-04-06,212.1699981689453,213.6199951171875,208.07000732421875,211.5200042724609,525900.0,0.8175803568875273,0.8317566325121377,0.5259144379033752,0.9826290721715213,0.6320935942245545,0.6067316259816096,0.20939688970436113,0.8913159937018396,0,0,-0.11049178612595141,0.02454335125603763,-0.26632318787049913
2022-04-07,211.3800048828125,214.6100006103516,210.0,213.9199981689453,440200.0,0.8224176294983965,0.8330393131307241,0.5630973543047304,0.9828168086586814,0.6429797579819708,0.6206944271394058,0.1922914733905626,0.8943048361262919,0,0,-0.10779123766652782,0.02850793616441851,-0.2604954850158796
2022-04-08,213.9499969482422,213.9499969482422,209.8800048828125,210.2100067138672,260500.0,0.8268171839643728,0.8339483006632731,0.48788332509706156,0.982923746273085,0.6458727913443487,0.5996423650576659,0.17577226105798235,0.8925361095211809,0,0,-0.11859571491371887,0.01617430227881073,-0.25972325184256373
2022-04-11,209.00999450683597,209.8600006103516,206.9199981689453,207.4900054931641,416400.0,0.8319193251893056,0.8348438222719579,0.43752762502227704,0.9830898007282914,0.6479651163856595,0.5504772177412586,0.1556197421151612,0.8897088628479826,0,0,-0.09718848781347547,0.03996008223674752,-0.24456489587243285
2022-04-12,205.1699981689453,209.2400054931641,203.25999450683597,206.0800018310547,699200.0,0.835223171887334,0.8346710033037479,0.4122487064197301,0.9833643288781974,0.6420109178060616,0.5042028172295487,0.15325720388374356,0.8849614784245908,0,0,-0.07995564074741515,0.05899081964970737,-0.23075812624810954
2022-04-13,206.82000732421875,209.3699951171875,205.9499969482422,209.1100006103516,421700.0,0.8385270185853619,0.8350244975039889,0.46864127113611076,0.9835353250927327,0.644024242755206,0.525828054950928,0.1503274470645148,0.8878247107062617,0,0,-0.08850934263925958,0.05138779233208821,-0.21588705889879198
2022-04-14,208.8800048828125,210.0,199.4900054931641,199.52999877929688,438400.0,0.8382705180497412,0.8339415694136914,0.3165626842089868,0.9836950706852207,0.6327309027038407,0.3968005736638027,0.17190302742554267,0.8848480898092151,0,0,-0.09707810718046021,0.040791921736882175,-0.1988905909582827
2022-04-18,198.1699981689453,200.19000244140625,196.32000732421875,197.3300018310547,343100.0,0.8364192498000236,0.8331661246672981,0.2882297290135284,0.9838168335625784,0.6194565501363469,0.3036000847365947,0.20147719076697732,0.882518530890929,0,0,-0.048062929867995756,0.09642663063635705,-0.1760637753607683
2022-04-19,196.1300048828125,202.69000244140625,195.8699951171875,202.4600067138672,514800.0,0.835396034180865,0.8330875705908389,0.3818018148489497,0.9840107955925231,0.6197807477391576,0.3748854628433614,0.21440285750956342,0.8860138877289754,0,0,-0.03826079654234126,0.10783965226694646,-0.17351647076190096
2022-04-20,203.07000732421875,207.27999877929688,203.07000732421875,204.57000732421875,346300.0,0.8340243117055532,0.8332592696818608,0.4170094517946882,0.9841443700804818,0.61260763357438,0.47623629141802504,0.2029371000088018,0.888365173807094,0,0,-0.07156971753756043,0.07082878525316379,-0.17188581397678201
2022-04-21,206.0,207.72000122070312,202.75,203.22000122070312,361100.0,0.8336005261772852,0.8332749804971527,0.3960330247691801,0.984281541204301,0.614792526930628,0.47165287434951514,0.19018920529691155,0.8859133996147504,0,0,-0.08515421393780721,0.05577554506328911,-0.1930390774761873
2022-04-22,202.5,203.66000366210935,199.75,200.4600067138672,469600.0,0.8313143220517656,0.8327374445839144,0.3541220784550805,0.9844543432175351,0.6057082556974398,0.4264372945199695,0.18988049685805883,0.8827249389093373,0,0,-0.06849718573629851,0.0733687804967417,-0.17719709817208387
2022-04-25,200.17999267578125,203.0,195.3999938964844,203.0,487400.0,0.8294017162550262,0.8329921858219,0.4009520249479439,0.9846389479427632,0.610457725185868,0.4318398900568304,0.2041867693325409,0.8860342569413183,0,0,-0.057866858506515816,0.08595236161456328,-0.1701585563660608
2022-04-26,201.08999633789065,202.94000244140625,193.47999572753903,193.91000366210935,1040200.0,0.824310729631861,0.8327778440678577,0.2774654690077121,0.9849923238324937,0.5888788660461907,0.4006644088791078,0.22328758650885475,0.8789715720482805,0,0,-0.05566503966383173,0.08039412474984578,-0.17221670667526184
2022-04-27,172.7899932861328,175.86000061035156,167.1699981689453,169.00999450683594,2619800.0,0.8113379107587446,0.8299958944728647,0.08603386329008716,0.985602614216755,0.5609955692783957,0.18435417999087733,0.28705421612957815,0.8611838178829463,1,1,-0.028982491934662707,0.2301067997179118,-0.055695877412224
2022-04-28,169.69000244140625,177.99000549316406,169.69000244140625,175.91000366210938,1148300.0,0.8010583538909979,0.8271073373641455,0.18718459086686973,0.9859037137232779,0.5732132476734908,0.3016490531246836,0.33732723867522507,0.8689804733940744,0,1,-0.014910386097663656,0.28235017319507083,-0.0771552509836597
2022-04-29,175.6699981689453,177.1699981689453,166.80999755859375,167.41000366210938,840400.0,0.7894767759191703,0.8229933298132632,0.13652677605202052,0.9860934429834195,0.5672587980511412,0.33024092803993776,0.38748470959283554,0.8632743780430755,0,1,-0.05036666719290159,0.23728045377873377,-0.143766657720673
2022-05-02,166.41000366210938,172.8000030517578,166.02000427246094,172.24000549316406,945800.0,0.7791804914030056,0.8198051439121106,0.20144638588592712,0.9863263822102898,0.5781999287984776,0.3755938426551857,0.43502003966552216,0.8696961117210559,0,1,-0.002329606242859833,0.30464129313882227,-0.09330392470155538
2022-05-03,171.3300018310547,175.36000061035156,170.52999877929688,173.22000122070312,677000.0,0.7683684150380403,0.8166102233366754,0.214532951525103,0.9864958826589757,0.5749554662552042,0.4179126844411636,0.4674371326966612,0.87429276397311,0,1,-0.0308290605506541,0.26753367604185024,-0.1048536750035724
2022-05-04,172.5500030517578,178.32000732421875,171.75,177.9199981689453,758400.0,0.7584485153739811,0.8144365108922593,0.27672314336202464,0.9867009130078367,0.5842924527537594,0.45057708614064435,0.48444751091767313,0.8794421008534021,0,1,-0.03769771812307558,0.25897702513692106,-0.1351460772262795
2022-05-05,175.38999938964844,176.0800018310547,168.83999633789062,170.6300048828125,698900.0,0.7470481592656595,0.8117488279013676,0.22247454297071273,0.9868680348096902,0.5760808672147684,0.44670826987510526,0.5053422117444978,0.8746967533512446,0,1,-0.05266409180316059,0.23617358759502957,-0.13910746546039443
2022-05-06,168.1199951171875,172.1699981689453,167.44000244140625,170.5,750700.0,0.7349424256208219,0.8086145074080227,0.22153926811670144,0.9870470591583836,0.5745823621155691,0.45202321457316347,0.5271639137934676,0.8695996974492993,0,1,-0.01230727764538729,0.2888706976171857,-0.08960905379234956
2022-05-09,167.8000030517578,170.10000610351562,166.05999755859375,166.44000244140625,652400.0,0.722739108354568,0.804585788607882,0.19205619988554656,0.9871912807544877,0.5692685080773167,0.45291995672321306,0.5498476260660788,0.8651700727384573,0,1,-0.010439875538398095,0.2909677455152583,-0.09038125315020161
2022-05-10,168.67999267578125,173.0399932861328,166.24000549316406,170.6300048828125,818400.0,0.7124623380101462,0.8011944819851238,0.25236462289019035,0.9873867612072574,0.5776849426400976,0.47150226968550757,0.5565581787300873,0.870726793865608,0,1,-0.015981665250556207,0.2927782400356733,-0.09114394344163614
2022-05-11,169.3300018310547,171.80999755859375,163.67999267578125,164.02000427246094,712500.0,0.7007357799949732,0.7975506790158076,0.2022951572335724,0.9875367880572835,0.5672223510031462,0.46437793487867657,0.568063306895487,0.8658891059341627,0,1,-0.03311263548960117,0.28177929118665657,-0.06364648830555995
2022-05-12,163.27000427246094,165.77999877929688,160.2899932861328,163.1199951171875,523100.0,0.687913514211852,0.7931157204848063,0.1957601447895273,0.9876448907431715,0.5613970674526565,0.45623188280088667,0.5853167979305114,0.8623373942753008,0,1,-0.018168582543004304,0.31709543441079185,-0.03682482860376316
2022-05-13,164.07000732421875,168.99000549316406,163.1300048828125,168.57000732421875,420900.0,0.6792816987810149,0.7894057077733572,0.2753364932751293,0.9877416351963889,0.57497342630756,0.4781630705736645,0.585620650086432,0.8651951947670136,0,1,-0.023173210833965063,0.3139406141980829,-0.06676075879363516
2022-05-16,168.39999389648438,168.85000610351562,165.9499969482422,167.11000061035156,327600.0,0.6708561966863107,0.7855150198298766,0.2626129251167578,0.9878148801892025,0.5766541106411283,0.4839659160571823,0.5859027985169298,0.8629708767791658,0,1,-0.048110578738679244,0.27810406861195625,-0.09283972958715006
2022-05-17,170.0,171.4499969482422,167.72999572753906,169.0800018310547,927700.0,0.6615496682382347,0.7824614983044182,0.2918809848416194,0.9880300205379894,0.5641217984326462,0.4977020662031328,0.5732923252158156,0.8692697162093439,0,1,-0.058105479494957916,0.27095924010482003,-0.10149007630855461
2022-05-18,166.97999572753906,167.52000427246094,158.25,161.3000030517578,681800.0,0.6494857537144421,0.7787256753347787,0.2232232256216825,0.9881654573813737,0.5618417447715851,0.4566082460142723,0.583221652618373,0.8646404732175411,0,1,-0.051632337550256854,0.28170099578307667,-0.08067186682004872
2022-05-19,157.7100067138672,159.2899932861328,154.74000549316406,155.30999755859375,1017000.0,0.6361281819107771,0.7737554240696165,0.17798627453993926,0.9883414300812251,0.5538322203756527,0.40931676869334055,0.5988765183568353,0.8577353102332886,1,1,-0.01841290244582397,0.3527587899562927,-0.014755144685575771
2022-05-20,156.8699951171875,157.67999267578125,151.66000366210938,156.27999877929688,868000.0,0.6238105533746887,0.769234055198335,0.19341260506231828,0.9884951353671972,0.5668574801417331,0.3879665748941149,0.6186918359662013,0.8636288023378424,0,1,-0.03354575711143485,0.3675230360461511,-0.009529301080445288
2022-05-23,157.13999938964844,159.42999267578125,156.25,158.38999938964844,410800.0,0.6113730405221158,0.7651896255829023,0.22769005070677312,0.9885715484968597,0.5609654287265096,0.41616223231097504,0.6284917281499885,0.866418026481334,1,1,-0.03506524040403961,0.3382390646483302,0.009790112562373278
2022-05-24,157.67999267578125,158.0800018310547,154.38999938964844,157.60000610351562,327000.0,0.6012496140452483,0.7616445772881921,0.2206593754393577,0.9886312618905898,0.5812295864257583,0.40799169643563327,0.6411393770631236,0.8641977823359549,0,1,-0.038007380749224946,0.3303239315981595,0.0011364854805478136
2022-05-25,156.33999633789062,158.80999755859375,155.1999969482422,157.2899932861328,322800.0,0.5979820134216149,0.7574991481067261,0.21774836571816902,0.9886897721638243,0.6078719247520046,0.4331404047641336,0.6490508323158947,0.8620060550878558,0,1,-0.029695383848572402,0.34048224355311346,-0.023604067745148026
2022-05-26,157.88999938964844,163.16000366210938,156.91000366210938,162.3300018310547,365600.0,0.5941958344258562,0.7535792834240898,0.30605981547802674,0.9887638765956187,0.6026799691282768,0.4870084706983864,0.6346269412114245,0.864488383098714,0,1,-0.039608341238884896,0.33129889271185914,-0.0502893000174522
2022-05-27,163.25,167.3800048828125,159.35000610351562,167.2899932861328,314100.0,0.5941623748747862,0.7498580479678529,0.3829548458345553,0.9888341661542209,0.6205987492284544,0.5382174583044677,0.6026771695058085,0.8666210396310186,0,1,-0.07139774660972985,0.2739481347815506,-0.08538163280978946
2022-05-31,165.8800048828125,165.8800048828125,162.77000427246094,163.0399932861328,592800.0,0.5915973610101097,0.7452648579820444,0.3325280371123188,0.9889560643073375,0.5987668801945529,0.5319430500473786,0.5730095243505935,0.862596083272056,0,1,-0.0850021028835911,0.25010459690991493,-0.12570984292722856
2022-06-01,164.24000549316406,165.99000549316406,160.13999938964844,161.88999938964844,315500.0,0.588438494355427,0.7403002180892759,0.31928264390628913,0.9890193808838045,0.5952887775205437,0.5210905780445786,0.55350226867205,0.8604539211073247,0,1,-0.07715899379961925,0.266683007347972,-0.09758344159268671
2022-06-02,162.32000732421875,168.47000122070312,161.88999938964844,168.27000427246094,248500.0,0.5857480231276162,0.7356744848833454,0.4160180640711254,0.9890759942722193,0.587906064540828,0.5820674987161828,0.5240486120692748,0.8621411708630639,0,1,-0.06584720305330359,0.2804372973478888,-0.09290264130968649
2022-06-03,165.4600067138672,167.22999572753906,165.00999450683594,166.50999450683594,289800.0,0.5845993416368551,0.7313842901709366,0.39315330780281477,0.9891398360619542,0.5956722702557972,0.5898401904187677,0.49669878808098344,0.8601735049507371,0,1,-0.0820110697175297,0.22701608116910216,-0.08189227841091327
2022-06-06,168.7100067138672,169.02999877929688,165.88999938964844,166.49000549316406,332100.0,0.5834813331738393,0.7266519477389295,0.3928831816093541,0.9892129563696955,0.5884067524741019,0.6093265979251231,0.4627728522749832,0.857918633144375,0,1,-0.10239627418315625,0.20593354403555075,-0.10035437670488405
2022-06-07,165.0,167.07000732421875,164.61000061035156,166.07000732421875,237000.0,0.5833781765057728,0.7217378084853527,0.3868297731450354,0.9892647066131345,0.5982010801741608,0.5903880127671733,0.43622986223693916,0.8563094653692837,0,1,-0.08012490778876426,0.22788156159298123,-0.04907200372025194
2022-06-08,164.97999572753906,166.72999572753906,163.82000732421875,166.1300048828125,333500.0,0.5821235518236205,0.7165711728852178,0.3879032766186149,0.989337602599062,0.597478864315192,0.59039901299023,0.41468682781321486,0.8585738428080725,0,0,-0.08020709025095088,0.08032763899766657,-0.06665858720544116
2022-06-09,165.47000122070312,166.42999267578125,161.8800048828125,161.99000549316406,308900.0,0.581557577029566,0.7105617612070179,0.32586303476221845,0.9893996677036717,0.6036036913139827,0.5538036670567417,0.40223463916368807,0.8564764929104957,0,0,-0.08312765396193945,0.0773490984520224,-0.06657435281721344
2022-06-10,159.3800048828125,159.75,156.41000366210938,156.64999389648438,264200.0,0.5797537052017772,0.7042628184669322,0.2570201548508013,0.9894467397410337,0.5994669410269298,0.4536092752134577,0.4090342619061277,0.8546826442768285,0,0,-0.047657268713586824,0.11692080868659217,-0.0004321706392046779
2022-06-13,153.10000610351562,153.82000732421875,149.8000030517578,150.3800048828125,456600.0,0.5746822327503549,0.6976900589049537,0.19005538971077007,0.9895158943300494,0.587771322299629,0.3768824549216613,0.4323466787033621,0.8515824501582349,1,0,-0.02106609116077261,0.1609958646878002,0.07405037533797756
2022-06-14,151.00999450683594,151.6300048828125,148.1199951171875,150.7899932861328,365700.0,0.5701321251943836,0.69113861981831,0.19862941210104135,0.9895719077823674,0.5921427273452202,0.3872051195575548,0.4577206827682121,0.8540654571428378,0,0,-0.019217976431777244,0.18160667595844837,0.09828433501391738
2022-06-15,152.57000732421875,156.10000610351562,151.05999755859375,153.27000427246094,359500.0,0.5657242111584324,0.6845479045496121,0.25091823558357407,0.9896307542917214,0.5957285313845723,0.4467773781082869,0.4570968948650096,0.8565063677552652,0,0,-0.029511323066293213,0.17076729986410882,0.09808338712548344
2022-06-16,149.64999389648438,150.64999389648438,147.47000122070312,149.13999938964844,419200.0,0.5623339354407555,0.6773253867635749,0.2045496067126934,0.9896919946005714,0.6000668420337043,0.4065348548766359,0.46580059002156027,0.8536601098172135,0,0,-0.014223217948803464,0.17244083772312632,0.10373855752629023
2022-06-17,151.05999755859375,152.9600067138672,149.60000610351562,150.63999938964844,831000.0,0.5610319143366747,0.6704933961807555,0.23657748430229486,0.9898186563204457,0.6076707362606147,0.44154722513886696,0.46222555775487717,0.8593023816362045,0,0,-0.024071317906548154,0.14737827422215116,0.09615124310430928
2022-06-21,152.22000122070312,153.92999267578125,151.4199981689453,152.8300018310547,413200.0,0.5600700362645379,0.6636378402311738,0.2827423109887446,0.989885464526823,0.6006192613687517,0.4656384220907551,0.4540555935801579,0.8621079011495705,0,0,-0.03153212970821617,0.13821025059603378,0.12891661077821143
2022-06-22,150.99000549316406,154.0,150.49000549316406,152.38999938964844,435400.0,0.5583972033550015,0.6571492444056974,0.27680105375811304,0.9899550321447729,0.5988083072341608,0.4678656203295913,0.44934445577544413,0.8591516494648669,0,0,-0.023032154879852138,0.14427787429685318,0.13910877610495426
2022-06-23,153.00999450683594,153.6300048828125,151.6699981689453,153.50999450683594,204500.0,0.5572568856884494,0.6510915752673827,0.30193267695117476,0.989988675311461,0.597742331315528,0.4796115011694872,0.44496982781392413,0.8605401507729098,0,0,-0.036354047564286125,0.12336769556437745,0.12710814655526753
2022-06-24,155.2100067138672,158.5500030517578,154.8300018310547,158.47000122070312,420800.0,0.55758587837286,0.6457487525057215,0.4041794818029434,0.9900667650120926,0.6037441824008875,0.5282559869766493,0.4152026395568692,0.8633972722908778,0,0,-0.05042020565520503,0.1057910938408106,0.10188261318029018
2022-06-27,158.47000122070312,158.6199951171875,156.0,157.22999572753906,291700.0,0.5561639686980604,0.6399267473091343,0.38305932975239976,0.9901193494843389,0.5988586760533215,0.5301130490121752,0.3872210097840989,0.8614167058774004,0,0,-0.06941376863296772,0.08190822002620965,0.05641447827690364
2022-06-28,157.6199951171875,158.75,153.07000732421875,153.17999267578125,283800.0,0.552230023135631,0.6347253218850994,0.3183344551291163,0.9901656165226905,0.5889640162228481,0.5083345667736747,0.37284015611469346,0.8594897783897595,0,0,-0.06455507328304652,0.08796032695326432,0.08077346913523337
2022-06-29,152.74000549316406,153.57000732421875,151.3800048828125,152.75,282800.0,0.5493611165676391,0.6297225273998148,0.3117511075407192,0.9902111969448518,0.5985349450025387,0.48446756606113534,0.3657597623057276,0.8575696406395661,0,0,-0.034403998723353896,0.12214383307015457,0.1142446849246185
2022-06-30,151.30999755859375,154.8699951171875,150.3699951171875,153.0399932861328,599200.0,0.5468936863243792,0.6241765839165483,0.3185407776234881,0.9903084897834847,0.6026061579671449,0.49174347470870594,0.35188524917497255,0.8616380513181936,0,0,-0.02513909222841653,0.11600655463635434,0.13970537700746727
2022-07-01,152.6199951171875,153.7100067138672,149.6999969482422,153.33999633789062,328100.0,0.5427311182222809,0.6184275214240265,0.3259757771503896,0.9903621693227468,0.6031890092864314,0.49042987118219056,0.3417348163662799,0.8638657641747651,0,0,-0.033651294579291016,0.10722689742561764,0.1348667034443647
2022-07-05,151.41000366210938,155.4499969482422,148.30999755859375,155.3300018310547,454400.0,0.539614074942877,0.6130532770317818,0.3754263034180053,0.9904403395541564,0.6089446710353412,0.5054810973995335,0.32210684270094225,0.866951020870974,0,0,-0.025694551555383513,0.11490801837741771,0.14047211295524362
2022-07-06,155.7899932861328,156.60000610351562,153.0500030517578,155.38999938964844,578400.0,0.5365193323585409,0.6079954938368006,0.37693183800408825,0.9905399624007057,0.6155873835794813,0.5439958134132701,0.2972952394988031,0.8708782050106905,0,0,-0.05356332947500355,0.08523791500089345,0.0930921685663448
2022-07-07,155.6300048828125,159.74000549316406,155.6300048828125,158.6699981689453,398500.0,0.5344561692175722,0.6030207545011337,0.45624434145376314,0.9906141344640983,0.618090443538789,0.6145380980200796,0.2689525098370209,0.873583915383576,0,0,-0.052513055500101685,0.08623459649345386,0.11628799881849701
2022-07-08,157.13999938964844,159.5,155.35000610351562,157.86000061035156,581700.0,0.5321504466660756,0.5989752015838123,0.43699465211250754,0.9907203767034732,0.6168272288494931,0.6257971153818134,0.24109654161118318,0.8696343251102823,0,0,-0.06094408697634883,0.07493539753487899,0.0907543584966318
2022-07-11,156.47999572753906,157.32000732421875,152.4199981689453,152.6199951171875,493200.0,0.5295380363794702,0.5971359060433792,0.32699462907458854,0.990799455405318,0.6141145267492576,0.5549509440547644,0.22236336337353654,0.866285626601105,0,0,-0.0570758550107665,0.07950084253917616,0.06075010490054964
2022-07-12,152.89999389648438,153.11000061035156,148.1699981689453,149.97999572753906,540000.0,0.5276784043055436,0.5942260250346243,0.2806473225423316,0.990879961731742,0.6155127299647656,0.4464708660276361,0.22383315931484096,0.8626191683793779,0,0,-0.035578514280595365,0.10568736337874511,0.084458130009446
2022-07-13,145.4600067138672,150.4499969482422,145.16000366210938,149.38999938964844,520100.0,0.5274023853439458,0.5922038093707327,0.27056015475679596,0.9909561773335344,0.6263739437271723,0.3921733377705608,0.23651095566875005,0.859087825932859,0,0,-0.0020002871069740033,0.15715423881094168,0.1290838855971291
2022-07-14,145.42999267578125,146.0,142.42999267578125,144.85000610351562,823500.0,0.5257462843370615,0.5891300872471275,0.19945875124414092,0.9910609423926652,0.6281194793942522,0.306420277213851,0.25748032848823743,0.8534964771447253,0,0,-0.02008166552149994,0.15797580962538596,0.1472655471576662
2022-07-15,146.36000061035156,148.97000122070312,145.47999572753906,148.3300018310547,453300.0,0.5243689845608654,0.5863369166196977,0.2930724658229996,0.9911252868923849,0.6337721729522364,0.41472371284881937,0.25897630502821656,0.8565742651297417,0,0,-0.02713156899532176,0.15650671186540663,0.09533998603165106
2022-07-18,149.07000732421875,150.82000732421875,146.4199981689453,147.27999877929688,410300.0,0.5238504061887399,0.5828984775510642,0.2757254966735989,0.9911816865087101,0.629147877631377,0.43280090140897454,0.24998992550932395,0.8537884358549739,0,0,-0.04476514910314881,0.13456476241274648,0.07847366848216045
2022-07-19,149.49000549316406,151.94000244140625,148.55999755859375,151.67999267578125,527900.0,0.5241403620211966,0.5807718958401731,0.3828791005654534,0.9912640894263723,0.6421718261180647,0.4973525475403239,0.23548495459641208,0.8573727382535845,0,0,-0.0479359918244054,0.1326724161331236,0.0635524218354848
2022-07-20,149.49000549316406,154.16000366210938,148.88999938964844,152.0,996400.0,0.5239089529582026,0.578695814768474,0.3901651600906465,0.9914209147632739,0.6443658898010391,0.5227244279004711,0.21021680635514098,0.8641380326464156,0,0,-0.04654544540013078,0.11590191640259544,0.049907650520597556
2022-07-21,153.5,156.91000366210938,152.17999267578125,156.8300018310547,796500.0,0.525146849991937,0.5776173747486812,0.49166180036016416,0.9915625355602252,0.6568835179174607,0.6051632975784836,0.191415273943519,0.869546058523463,0,0,-0.07282899555407073,0.08703944557591488,0.011842125340511924
2022-07-22,156.80999755859375,157.42999267578125,152.67999267578125,153.91000366210938,604500.0,0.5252583747384465,0.5757410462052712,0.4308369117581843,0.9916624943219324,0.6488484641174037,0.5869891159021664,0.17640788070779642,0.865441662236363,0,0,-0.09169167069387257,0.06134027293802274,-0.004463412230245716
2022-07-25,154.4199981689453,154.58999633789062,151.6999969482422,154.41000366210938,1707200.0,0.5241264251503377,0.5746626061854783,0.4412799590806309,0.991948243386349,0.6674793570650295,0.5673148084270285,0.15697706909960543,0.8770331020069785,0,0,-0.07790270422893794,0.034630639362182435,0.003833385250161451
2022-07-26,165.8699951171875,166.72999572753906,157.36000061035156,159.30999755859375,2539400.0,0.524706341069485,0.5742350459792827,0.5353367629201643,0.9924255278510902,0.6424873633132527,0.7338920049014016,0.18420026751272014,0.8942749612815222,0,0,-0.15180365187154118,0.0055695912826572765,-0.057185425954506854
2022-07-27,160.5,165.91000366210938,159.3300018310547,164.6999969482422,1113200.0,0.5279181814469807,0.5738007510988046,0.61862511742017,0.9926599676388413,0.6591516134583627,0.7442917380516787,0.20947895175346962,0.901833297008238,0,0,-0.11342670015152473,0.03910611903215734,-0.01701090173496773
2022-07-28,165.0800018310547,167.1300048828125,162.9600067138672,165.7899932861328,578900.0,0.5315538030985103,0.5736526190868958,0.633827053997207,0.9927845025742984,0.6614692780446376,0.7366249402759981,0.23647094800221571,0.9057638760166783,0,0,-0.13752282680607042,0.01244689186243298,-0.0296296598253494
2022-07-29,165.39999389648438,167.72999572753906,164.77999877929688,167.36000061035156,537800.0,0.5355462996846361,0.5734595995205389,0.6557409655649545,0.9929037372324604,0.6664355823812779,0.7196316543131339,0.2633013603923825,0.9094153968160206,0,0,-0.13854877948550112,0.014053935251890599,-0.014053843215038674
2022-08-01,166.0,167.32000732421875,164.74000549316406,165.5500030517578,381900.0,0.5389505165274058,0.5739365370640375,0.6092101604318613,0.9929854616028596,0.659445377389482,0.6828208307445787,0.28794444135554864,0.9068223960847658,0,0,-0.1408341732687643,0.010336972521689025,-0.0593929398013604
2022-08-02,164.89999389648438,165.7899932861328,162.27999877929688,165.39999389648438,478700.0,0.5417580855483763,0.5750688424916379,0.6052852743307837,0.9930875740503978,0.6583054491140565,0.6480814491255433,0.2943240752344043,0.9035721487685793,0,0,-0.13572939176375654,0.0170945441189144,-0.06928421026435817
2022-08-03,165.55999755859375,171.94000244140625,165.1999969482422,171.63999938964844,644100.0,0.5462886746783708,0.5767925509526346,0.6956292715157129,0.9932419369274444,0.6651761756493993,0.6824819142599122,0.3200308372233672,0.9079454186586059,0,0,-0.13984284000208863,0.03857318693013633,-0.09026598081451677
2022-08-04,171.14999389648438,172.66000366210938,170.8000030517578,172.25,553200.0,0.5500748536741298,0.5783479285159259,0.7034069004752367,0.9933759020935707,0.6671949242313963,0.6827931070061339,0.34591335702531656,0.9117015014146418,0,0,-0.16732697111880332,0.008797540031429692,-0.12974824687056583
2022-08-05,170.27000427246094,173.19000244140625,170.10000610351562,172.3800048828125,425600.0,0.5541231105063935,0.5800065488243276,0.7051540457308395,0.9934791753261675,0.6685689594253225,0.6627261644730137,0.36520351224593517,0.9145912136723585,0,0,-0.16162561159175434,0.016952093869058417,-0.12621193319688861
2022-08-08,173.11000061035156,173.4199981689453,169.82000732421875,170.85000610351562,356200.0,0.5592057375595836,0.5815282615779582,0.6588035379623568,0.9935632856309847,0.6736977029355595,0.6448229655180334,0.38113657916937294,0.9121727091935082,0,0,-0.1779789248493595,0.0017983382632138383,-0.15245386956081455
2022-08-09,170.3000030517578,170.72000122070312,165.4499969482422,167.41000366210938,467200.0,0.5640653193739888,0.582098342423669,0.5630513208494667,0.9936667853122204,0.6741176723529276,0.610259200473738,0.3674990425651544,0.9090005438579696,0,0,-0.1631256036308861,0.018261603779499654,-0.14076676729637488
2022-08-10,170.50999450683594,171.63999938964844,169.41000366210938,170.32000732421875,582400.0,0.5699007203856234,0.582438372412396,0.6132579993893958,0.9938029382647572,0.6669723994436707,0.6246930827438875,0.3586378789505583,0.9129548869474766,0,0,-0.16773192292456868,0.017382495660072723,-0.14843790873383134
2022-08-11,170.77000427246094,172.47000122070312,169.82000732421875,170.24000549316406,364300.0,0.5769795914776428,0.583246362091262,0.6110210418874117,0.9938879600712988,0.657727621734603,0.6229407000197856,0.3538904563495501,0.9104813855953005,0,0,-0.16639273354851403,0.015558911358193428,-0.15652890157149754
2022-08-12,170.8800048828125,172.8800048828125,170.5500030517578,172.64999389648438,363800.0,0.5837601386587621,0.5844538551143554,0.6517708600464456,0.9939765565795428,0.6578116828543713,0.6294134783287563,0.35125429904825034,0.9129514920787528,0,0,-0.16711707759063513,0.014920072862866568,-0.15842340431424679
2022-08-15,171.9499969482422,173.66000366210938,170.50999450683594,173.25999450683594,220600.0,0.5910035039658694,0.5850138348048175,0.6618192472416085,0.9940308403900356,0.6648842911133711,0.6302326708375924,0.35227695290537997,0.9144493081597028,0,0,-0.17098178578656784,0.009904470166923116,-0.14931943058598524
2022-08-16,171.72999572753906,173.8000030517578,171.0399932861328,172.9499969482422,360500.0,0.5969336978213617,0.5857365357329418,0.65159705235253,0.994119064196329,0.659624766691779,0.6275485454869267,0.35387378415229587,0.9120016078098276,0,0,-0.1691100310556791,0.011947404997390084,-0.13188267095220887
2022-08-17,171.63999938964844,171.63999938964844,169.3800048828125,170.25,260900.0,0.6020218979212018,0.5861584845667436,0.5656853870941905,0.9941799251490434,0.6555355172511531,0.596625032450448,0.34232760160102726,0.9102301653097377,0,0,-0.16889278536737246,0.012489180111149627,-0.14356751817975127
2022-08-18,170.67999267578125,174.3800048828125,170.67999267578125,173.6999969482422,465900.0,0.6067253450904937,0.5870147265686732,0.6318598318586763,0.9942953810584186,0.6474318547167693,0.6256515728331312,0.3451591980216817,0.9133935039865944,0,0,-0.16593245227606462,0.021732817662444934,-0.15242288956383077
2022-08-19,171.66000366210938,172.55999755859375,169.9600067138672,171.5399932861328,423400.0,0.6116406828968024,0.5876218387050107,0.5677489565362487,0.9943964156871593,0.6539607707411985,0.5976631421647843,0.34209730644558267,0.9105187291512624,0,0,-0.16827870754101315,0.015659189801330915,-0.12032244975514343
2022-08-22,169.05999755859375,169.80999755859375,165.66000366210938,166.07000732421875,310900.0,0.6148915558720176,0.5880796989522512,0.4319727525185636,0.9944634037346783,0.6242014857220947,0.5046017842482428,0.3094049013971353,0.9084077997787904,0,0,-0.15524079471306154,0.031013218680409124,-0.0795149814824616
2022-08-23,166.1699981689453,167.41000366210938,165.63999938964844,165.7899932861328,251400.0,0.6166982142231316,0.589105395153775,0.4257672650704015,0.9945172663291336,0.6459347049272268,0.4714756206939238,0.2789221086067609,0.906700859784453,0,0,-0.14295179409980038,0.04943702265177106,-0.05955319415588497
2022-08-24,165.00999450683594,165.72000122070312,164.10000610351562,164.82000732421875,244300.0,0.6167316737742015,0.5907258608696613,0.4035641800322667,0.9945685997591683,0.633462411594217,0.4310385383536762,0.2515127702562995,0.905042126925994,0,0,-0.13619640958718435,0.056517345771316216,-0.07702508915379754
2022-08-25,165.6699981689453,167.42999267578125,164.97999572753906,167.42999267578125,267100.0,0.6171889145993052,0.5925932115597115,0.46681365690043886,0.9946276622721905,0.6344905690539814,0.47145463209108873,0.22632999820711333,0.9068556657982593,0,0,-0.12249727911788243,0.05284556684149191,-0.1304453285074013
2022-08-26,167.42999267578125,167.42999267578125,160.13999938964844,160.1699981689453,351600.0,0.6151843024820334,0.5933675330042161,0.3181130591931176,0.9946946128456308,0.6216654865706113,0.38566637273967774,0.21929136459466378,0.9044683941116681,0,0,-0.12548525011000036,0.04150995945206518,-0.1426864984454134
2022-08-29,158.77999877929688,162.3699951171875,158.2899932861328,160.7100067138672,338100.0,0.6138348849560233,0.5946659261504446,0.3313753082971592,0.9947597527282891,0.6251649813853483,0.36244206329679624,0.2214890270139058,0.9067640043427161,0,0,-0.06380721319558982,0.09739655542145248,-0.12324408889823768
2022-08-30,160.8699951171875,161.33999633789062,157.80999755859375,158.85000610351562,311600.0,0.6120087124331668,0.5955872580173194,0.2979634811662376,0.9948173287315342,0.6166277774844999,0.36204880249299987,0.22576494970899993,0.9046483221540307,0,0,-0.07454418036873459,0.08406452119486633,-0.13490132393797322
2022-08-31,160.19000244140625,160.72000122070312,156.10000610351562,157.05999755859375,448700.0,0.6079437279524851,0.5960619506693903,0.2670828418136486,0.9948968288578331,0.6021409036516411,0.3739016666650574,0.23760001569370323,0.9016017669612734,0,0,-0.05344668030816125,0.08932956812201344,-0.11828774203935029
2022-09-01,155.33999633789062,155.4499969482422,152.69000244140625,155.3000030517578,349500.0,0.6032179758338914,0.5963885130219027,0.23788785224291964,0.9949561423040906,0.6021784148458275,0.35628655012308,0.262415648972413,0.8992287537233222,0,0,-0.023175852834777216,0.12122761263776727,-0.09486816584805875
2022-09-02,156.47000122070312,158.82000732421875,155.1300048828125,156.11000061035156,709900.0,0.5986818094030129,0.5966802872628656,0.26196790903413814,0.9950790144269407,0.5930442735829783,0.41148812722113737,0.2613561756875884,0.9040487883374038,0,0,-0.030714772561023118,0.11532519839127366,-0.08911781111348775
2022-09-06,156.52999877929688,157.6199951171875,153.9199981689453,155.00999450683594,414600.0,0.5942655272886186,0.5962920032387242,0.24233065899206174,0.995148828694196,0.5927380045724816,0.4178104216934805,0.2656259936673616,0.9012337631916112,0,0,-0.024598016289008953,0.11434248948642949,-0.07757350946771155
2022-09-07,155.07000732421875,157.47000122070312,154.24000549316406,157.0399932861328,330700.0,0.5913743115170906,0.596270681051039,0.304730007746596,0.9952073386532675,0.5989206527224528,0.4422448708235478,0.26959082464857953,0.9034791293655465,0,0,-0.015353880182916476,0.1245725968833718,-0.08173675167232929
2022-09-08,156.08999633789062,158.2100067138672,155.10000610351562,157.7899932861328,429200.0,0.5878808748771134,0.5967880180784806,0.32721907959062957,0.9952846200628108,0.6060932952171085,0.46171448291935635,0.2676930381356152,0.9063932846780748,0,0,-0.021650496955189353,0.11646720152105959,-0.08360920902550027
2022-09-09,158.91000366210938,160.49000549316406,158.3699951171875,160.1999969482422,305600.0,0.5850816654261177,0.5976240611946135,0.39652729909170925,0.9953427445762854,0.61412711139083,0.4971227529500973,0.24957527806868154,0.9084682284420744,0,0,-0.03941949100298087,0.09804171290285928,-0.07155085255912794
2022-09-12,161.94000244140625,164.27000427246094,161.1999969482422,163.07000732421875,310500.0,0.5824107126242839,0.5987496353726325,0.46988191080641095,0.9954055529631066,0.610301295716513,0.5379661254361311,0.22804405303961148,0.9105764419195674,0,0,-0.057740325694191574,0.07765295055171191,-0.08339576070446458
2022-09-13,158.74000549316406,159.4600067138672,155.7899932861328,156.05999755859375,437600.0,0.5776152591344597,0.5990548755374594,0.3195136174566986,0.9954811085253584,0.6011247215747414,0.47341143505571726,0.21815082328503912,0.907605252812479,0,0,-0.03710064867863216,0.0959097239663006,-0.0323174344499968
2022-09-14,156.0500030517578,156.82000732421875,152.1199951171875,153.42999267578125,386400.0,0.5721729748775821,0.5988416553729556,0.27492638969133687,0.9955435215795833,0.5958442769141894,0.44353652005715793,0.22408892841530478,0.9049816982627099,0,0,-0.02518267330546872,0.11745483863776537,-0.08753046184676913
2022-09-15,152.44000244140625,153.30999755859375,150.1199951171875,150.6300048828125,586100.0,0.5667028126247529,0.5983074859406836,0.23153070477509652,0.9956312435568769,0.5900654845692681,0.416441338343285,0.23698056107903218,0.9010022331446466,0,0,-0.015120950498389489,0.14299682909956532,-0.08362121125930216
2022-09-16,149.75999450683594,149.9199981689453,146.14999389648438,148.8800048828125,816700.0,0.5597828627011721,0.5972088470350945,0.2060629969707951,0.9957474068492741,0.5912848788238113,0.38375209424502554,0.2619964836485468,0.8954570545711568,0,0,-0.023966012702184267,0.1634469201214625,-0.02987452601824531
2022-09-19,146.8300018310547,148.91000366210938,146.30999755859375,148.52999877929688,324000.0,0.553367550024624,0.5961618286458852,0.20091730284936093,0.9957929992081301,0.5936413705065976,0.38993126229887254,0.28522555460595334,0.8932571796381206,0,0,-0.004567490007174336,0.1850483755252639,-0.026329916982679103
2022-09-20,147.02999877929688,147.02999877929688,145.1300048828125,146.8300018310547,413500.0,0.5480033309631862,0.5955120721341769,0.17574268835385876,0.9958482100995306,0.6034686202473765,0.3824416409060007,0.31060790495008705,0.8904496232035204,0,0,-0.01279198755873961,0.18413792720860006,-0.016764327163726715
2022-09-21,147.27000427246094,149.75999450683594,145.85000610351562,146.25,480900.0,0.5425554736596587,0.5950934897813409,0.16716628988700466,0.9959112294038172,0.6005043952467898,0.41185409041931303,0.31548089149474,0.887184438464949,0,0,-0.0145746738606648,0.1846352943695038,-0.05346322962352059
2022-09-22,145.0500030517578,146.8300018310547,144.0500030517578,145.66000366210938,613000.0,0.5372135595475227,0.5946749074285052,0.1581480159379815,0.995990012316674,0.6026231143600586,0.40663448417880377,0.3266701842285459,0.8830223294095441,0,1,-0.006837606837606838,0.2005470210670406,-0.06687178652510684
2022-09-23,145.3699951171875,145.91000366210938,141.91000366210938,144.11000061035156,567900.0,0.5307118178513262,0.5945918635691911,0.13456798869702524,0.9960592660790358,0.5990344416117587,0.40520806316760405,0.3445225291099481,0.8791664375130278,0,0,-0.02375388828840305,0.19916249510002856,-0.051901670798600544
2022-09-26,143.67999267578125,145.5399932861328,142.27000427246094,143.91000366210938,674600.0,0.5261784421980067,0.5940958487294348,0.13149888021627348,0.9961409367957147,0.6050198833010644,0.42369132365463713,0.3610997064998216,0.8745860806308481,0,1,-0.012282208078380473,0.21303179569084005,-0.044826808880147194
2022-09-27,144.6999969482422,147.25999450683594,144.39999389648438,146.1699981689453,619500.0,0.5221246080648587,0.5939712837966387,0.21847313039743904,0.9962218123069119,0.6064585874945974,0.46054032160942376,0.3637716451266799,0.8787923229796627,0,1,-0.01938706980150957,0.20624006100546627,-0.05559029807811999
2022-09-28,146.58999633789062,149.0399932861328,146.4499969482422,148.8800048828125,520200.0,0.5193449170398403,0.5936570674908024,0.31088284031150637,0.9962956447619852,0.6164224929139785,0.49411047712748835,0.3538034227286794,0.8823243443999264,0,0,-0.03201746414727357,0.190121152719738,-0.08442222407109759
2022-09-29,147.25999450683594,148.94000244140625,145.49000549316406,146.80999755859375,397200.0,0.5164871608193822,0.593074642310766,0.267331364169489,0.9963485422859916,0.6193057652684404,0.4864741287239831,0.3489957670075179,0.8796274606857227,0,0,-0.0359349185200369,0.1821601926821769,-0.016926309316388236
2022-09-30,147.17999267578125,149.30999755859375,144.5399932861328,144.72999572753906,638200.0,0.5135401848017165,0.5917167723843362,0.22708787610974462,0.9964279206730223,0.6039677581544185,0.48099616163055353,0.348933149096193,0.8752942502466372,0,0,-0.035896663042777825,0.17287654318421342,0.0185955386671711
2022-10-03,146.9600067138672,151.4199981689453,146.32000732421875,150.75999450683594,422500.0,0.5120485737556861,0.5913632764717447,0.40271492492277383,0.9964911876132595,0.6149904359125414,0.5279308633234618,0.3334433500542615,0.8781629143182662,0,0,-0.0348925806732191,0.15788013210297283,0.020382761247334614
2022-10-04,152.1300048828125,155.47000122070312,151.75999450683594,155.4199981689453,413400.0,0.5121628850255207,0.5914766186597535,0.504622208203821,0.9965611923276431,0.6247607327868985,0.5946770661121867,0.29966818652805594,0.8809697917791217,0,0,-0.06778987525261364,0.10148572798120525,-0.0026532844909018605
2022-10-05,154.11000061035156,157.0,153.64999389648438,156.27999877929688,271500.0,0.5119509943885037,0.5911365903833767,0.5216254226319275,0.9966081431342845,0.6232616466120486,0.6156427074256113,0.276567288847395,0.8828132054961567,0,0,-0.07849695722541764,0.08570320565150524,-0.0375112720353872
2022-10-06,156.27999877929688,156.88999938964844,151.91000366210938,152.24000549316406,708500.0,0.5104036273505697,0.5897383226853541,0.42857048405290055,0.9967185818335486,0.607428743593686,0.5923220635054409,0.24475410554766355,0.8780026765145018,0,0,-0.09195031500788033,0.0713462630123943,-0.05739698803921044
2022-10-07,150.9499969482422,150.9499969482422,143.42999267578125,144.1699981689453,591200.0,0.5059343757675967,0.58731211389438,0.28801291713512567,0.996790619565665,0.5955381652626267,0.48580713285404115,0.25193872707961584,0.8739885837354555,0,0,-0.05937988018884254,0.10825009940162576,-0.01037836162667265
2022-10-10,144.1300048828125,144.6999969482422,140.7899932861328,143.5399932861328,622500.0,0.5004893007331603,0.5846390184168913,0.2787567648521291,0.9968647968809382,0.598701315754819,0.4323730478050133,0.26748753205062403,0.869761972174298,0,0,-0.02316717513421691,0.13969618953624055,0.060067895632294616
2022-10-11,140.6300048828125,142.4499969482422,137.9199981689453,139.0399932861328,688600.0,0.49574403018858965,0.5816640492555412,0.2167668526699129,0.9969337819588885,0.5991297772570284,0.37436554152224855,0.290721678855694,0.8650865589678512,0,0,-0.01887980242875626,0.1646927720173738,0.11481117805744784
2022-10-12,139.97999572753906,141.80999755859375,139.11000061035156,139.19000244140625,477500.0,0.4917738428059996,0.5787227483285531,0.22056060741834682,0.9969819058818054,0.5943826758991038,0.39165697982695485,0.312296243746116,0.8683286585991007,0,0,-0.014815863478606802,0.17469799854589352,0.11327676036050867
2022-10-13,136.5399932861328,143.1999969482422,135.10000610351562,141.39999389648438,529700.0,0.4892004651171142,0.5753291968143674,0.27684932771219084,0.9970402024536901,0.6062072561361098,0.4048937388054089,0.34385400480403183,0.871925182525117,0,0,-0.010345478535524618,0.19922415762584253,0.13456434124435593
2022-10-14,142.3300018310547,142.8300018310547,139.8699951171875,140.44000244140625,521300.0,0.4868473461436888,0.5717594598510058,0.2618843208181717,0.997095453813107,0.594490712849107,0.44038960986694814,0.3731576400720966,0.8683856923936608,0,0,-0.051131513717263474,0.155162683086592,0.06421500864916546
2022-10-17,143.42999267578125,144.3300018310547,142.22000122070312,142.6300048828125,386000.0,0.48520239548433813,0.5684208970465168,0.31813302533035825,0.9971399115640046,0.5865513247701989,0.48648037250150994,0.3896607987909102,0.8710065310484509,0,0,-0.05931348922997224,0.14839085185415363,0.04549996110334385
2022-10-18,145.75,146.50999450683594,142.9199981689453,144.4199981689453,346100.0,0.4845304732446582,0.5654549057385265,0.36202163521156694,0.9971823721800778,0.5800103456568516,0.5189938087991713,0.39017783655121996,0.87335645917908,1,0,-0.07466867792113314,0.12984648137449986,0.062118770995143034
2022-10-19,142.5,143.9199981689453,140.72999572753906,142.39999389648438,351700.0,0.483457070426012,0.5626482674748821,0.3241054595854985,0.9972225241747764,0.5868195008622489,0.481567247934887,0.3986024976591258,0.8709685085187441,0,0,-0.0512393989080911,0.15074092610771234,0.08676082909680582
2022-10-20,142.25999450683594,145.4600067138672,140.99000549316406,142.9600067138672,892200.0,0.48270429646756746,0.5595779118322428,0.33869107374771323,0.9973264512304568,0.5833588464732017,0.49997333520175014,0.3960891891843433,0.8770263122695309,0,0,-0.05028081959417191,0.15456468194531567,0.08202253114604012
2022-10-21,144.07000732421875,148.1300048828125,142.99000549316406,147.6199951171875,545600.0,0.4836829021881219,0.5570394807304482,0.44941275525919144,0.9974006709684243,0.5898522162227484,0.5549019117789089,0.3770456586712624,0.8807307930209647,0,0,-0.06274482931898905,0.14129823726626042,0.04735582467635113
2022-10-24,147.80999755859375,149.2100067138672,145.7899932861328,148.5800018310547,422300.0,0.48498492329220305,0.554338331815692,0.4699710553023245,0.9974598079107725,0.5943681163751435,0.58111861257992,0.3529629558138351,0.8835980991451041,0,0,-0.08609938948303279,0.07891891031445386,0.009822496925915176
2022-10-25,149.4499969482422,153.9499969482422,148.8800048828125,153.47000122070312,881000.0,0.4870202041829859,0.5521174869254009,0.5641126034897859,0.997601244513081,0.6040413209975265,0.6460967317912377,0.3241130718122468,0.8895798578364773,0,0,-0.09658090367399143,0.05081439600695837,-0.006865017229039679
2022-10-26,140.88999938964844,142.82000732421875,135.17999267578125,142.38999938964844,2176200.0,0.48521075505431294,0.5486880257101268,0.3538619747161621,0.9978490566277202,0.6292153065489194,0.452078729952319,0.3298891092391536,0.8748040312029174,0,0,-0.0377271990622213,0.10497165884024455,0.07219653184937874
2022-10-27,143.58999633789062,144.24000549316406,139.42999267578125,139.61000061035156,973500.0,0.4832033564137161,0.5452495866414933,0.3142210587621109,0.997948458558653,0.6154384661203047,0.4750800737319463,0.32865670810321224,0.8681942217976373,0,0,-0.059624905335818205,0.09417798805808734,0.04143555854037289
2022-10-28,140.47000122070312,145.4199981689453,139.80999755859375,145.25999450683594,695700.0,0.48335112298038635,0.5420580325470241,0.416536296085673,0.9980359688676649,0.6366549603811567,0.5153987677048663,0.3219783157578603,0.8729178421399623,0,0,-0.038464258245904874,0.11840125139338505,0.07671364091580714
2022-10-31,144.72999572753906,144.88999938964844,142.75,142.91000366210938,547400.0,0.4811625024762833,0.53884515797722,0.3809695757880093,0.9980994026266491,0.6233676577399214,0.5191735066904472,0.3157769514371762,0.8692011398611227,0,0,-0.06629485053140526,0.08446926019870882,
2022-11-01,143.50999450683594,145.25999450683594,142.05999755859375,144.5399932861328,514700.0,0.478129097438969,0.5364290469167938,0.409676824724311,0.9981625525517889,0.6213341458151852,0.533097232838473,0.3124281657710415,0.8726958177254244,0,0,-0.058848143501588235,0.09439510984171048,
2022-11-02,144.5,145.0500030517578,139.41000366210938,139.4199981689453,844100.0,0.4734284367930022,0.533469790283086,0.33373211860642993,0.9982479442370448,0.6043403817195343,0.4839239711289238,0.3183562758768451,0.8669646003458692,0,0,-0.06503386144398149,0.08648125488185733,
2022-11-03,137.8699951171875,138.5800018310547,135.10000610351562,135.27000427246094,575700.0,0.4686971073735245,0.530153671255821,0.28020471980835415,0.998296137567371,0.6059639516527835,0.36498054053310547,0.33680252898652907,0.8630557484972614,0,0,-0.019867946134350674,0.13721134079797712,
2022-11-04,135.99000549316406,138.19000244140625,134.8000030517578,137.80999755859375,603800.0,0.4669239043192465,0.5268296976770854,0.3284264833373124,0.9983531024339655,0.6220597430676441,0.4022249515937112,0.35478122948274216,0.867155391968148,0,0,-0.0087972381446026,0.15531894613174987,
2022-11-07,138.74000549316406,139.0,135.74000549316406,137.22000122070312,464100.0,0.4651618558667366,0.524254235284664,0.3202816168341498,0.9983957269000449,0.6170114996853597,0.42907277641967845,0.36639991625588375,0.864004274818697,0,0,-0.02859010602428208,0.13250123235124645,
2022-11-08,138.4499969482422,140.27000427246094,135.66000366210938,136.6999969482422,469800.0,0.46450945205303346,0.5215598176194896,0.312755717375629,0.998437839920184,0.61855184832949,0.44114547467340287,0.36915979322726344,0.8608144561657946,0,0,-0.026599576330084456,0.13518439649276925,
2022-11-09,136.1300048828125,136.16000366210938,133.67999267578125,134.25,349700.0,0.4631321522768375,0.518799190212182,0.2773798710104881,0.9984655872465266,0.6229927263183166,0.39610582738418354,0.37864225002879304,0.8584400849803538,0,0,-0.01792254763516112,0.15267004815727514,
2022-11-10,140.58999633789062,144.85000610351562,140.3699951171875,144.74000549316406,577600.0,0.4640633658296975,0.517416633329451,0.46869400386280013,0.9985368152028221,0.6273432512619976,0.5722400192553463,0.34158599460138017,0.8623618373301123,0,0,-0.05147116321869181,0.1222346641497905,
2022-11-11,145.0399932861328,150.42999267578125,144.10000610351562,149.91000366210938,667500.0,0.4667036541122546,0.5168117643721906,0.5395102461630787,0.9986335724718155,0.6423312992005528,0.6595163713485648,0.3227225246227756,0.8668939870764137,0,0,-0.07848556155325064,0.08263096766589557,
2022-11-14,149.9499969482422,153.25999450683594,148.94000244140625,149.91000366210938,739000.0,0.46873335770215346,0.5161159970041453,0.5395102461630787,0.9987406557007213,0.6394109563533168,0.6879976688361116,0.31449344517813005,0.8719116030502216,0,0,-0.10853181158698935,0.047028236138584936,
2022-11-15,152.4199981689453,153.72000122070312,149.72000122070312,151.72999572753906,457600.0,0.4707714251162613,0.5157479135781511,0.5643260606461226,0.9988104338927589,0.6404205514522007,0.6875950889500578,0.30834717215439966,0.8750185869062629,0,0,-0.12500837192562025,0.030551675799954034,
2022-11-16,151.3300018310547,151.66000366210938,147.58999633789062,148.27999877929688,386800.0,0.4724108027289619,0.5147648617519982,0.5003402581025804,0.9988638104879167,0.6357760652358341,0.6343279991712327,0.2924065440709448,0.8723923164615147,0,0,-0.11632511469233471,0.03664402369441712,
2022-11-17,146.13999938964844,148.47999572753906,145.32000732421875,147.30999755859375,280500.0,0.4736236040358353,0.5135887903594882,0.48287417755333584,0.9989013713617579,0.6388231882462654,0.5957347005582332,0.26719469044236666,0.870487795107451,0,0,-0.08403025908040995,0.052670607114168634,
2022-11-18,149.55999755859375,150.24000549316406,147.14999389648438,149.3699951171875,381100.0,0.4741115136344501,0.5123734410725738,0.5157449306838899,0.9989556844110635,0.6342018572974373,0.619568952223024,0.2507344156751583,0.8730753640487476,0,0,-0.10779991274180897,0.02980109607226271,
2022-11-21,148.52000427246094,152.97000122070312,148.52000427246094,152.7899932861328,571400.0,0.47528528234360384,0.5112198117449376,0.5670299102029864,0.9990452862554785,0.6386120812283645,0.6489962480358182,0.2456756975116017,0.8769550200263306,0,0,-0.09935068676300772,0.03635263341557436,
2022-11-22,153.6199951171875,157.33999633789062,153.11000061035156,157.11000061035156,791100.0,0.47630013413855316,0.5113376437158013,0.6246899590796972,0.9991836124823238,0.6384565812754066,0.7008480318682051,0.25543183917332857,0.8823263813211607,0,0,-0.13050594487601172,0.024347152196915186,
2022-11-23,157.49000549316406,158.5399932861328,155.2100067138672,155.72999572753906,366300.0,0.48001939828640644,0.5115957514347529,0.5951778543586779,0.9992455250232429,0.6012043461760362,0.684458996194701,0.26815474214227697,0.8798393004940892,0,0,-0.15154995051164194,0.006683137858122884,
2022-11-25,155.74000549316406,156.44000244140625,154.8300018310547,155.27000427246094,224400.0,0.4843854932013128,0.5121164549431607,0.5850571272889709,0.9992830154104247,0.6148363376558741,0.6569662244734681,0.27781061987404276,0.8783156834108382,0,0,-0.1416555154600942,0.01797975900460135,
2022-11-28,153.4199981689453,153.85000610351562,151.07000732421875,151.41000366210938,307900.0,0.4861001494861282,0.5124003729203024,0.5033826767181019,0.9993294717546061,0.5996735234728514,0.6112058617945142,0.2664176573391499,0.876225123250709,0,0,-0.12713341244278692,0.032974785704282965,
2022-11-29,151.64999389648438,152.60000610351562,149.6199951171875,149.82000732421875,451700.0,0.4880266964079604,0.5125451384512452,0.47198399428970106,0.9993946042123186,0.6009443948269313,0.5911333403446155,0.24858596182385853,0.8731581988456089,0,0,-0.11868437214231539,0.04550557574137799,
2022-11-30,149.02999877929688,154.63999938964844,147.8800048828125,154.61000061035156,1084700.0,0.49083426968316485,0.5134182145703554,0.5508126114633707,0.9995727015236288,0.6144586156159028,0.6047846268741379,0.24026461116210093,0.8805230270550668,0,0,-0.1024563166006084,0.0634761316374507,
2022-12-01,155.22999572753906,156.64999389648438,154.2100067138672,155.02999877929688,402000.0,0.4951864234729782,0.5144035112879359,0.5573105835410791,0.9996393878961848,0.6265619350757516,0.6303262646716996,0.240269583826575,0.8832525015090191,0,0,-0.13938298277398092,0.021408689900568673,
2022-12-02,151.94000244140625,154.50999450683594,151.35000610351562,153.94000244140625,289300.0,0.5003917213659779,0.5153326977062813,0.5329364345315721,0.9996860505656636,0.6385813597918891,0.6041975723222427,0.2250593304707116,0.8812882304654162,0,0,-0.1177837186957618,0.0425723466212653,
2022-12-05,152.44000244140625,152.44000244140625,149.39999389648438,150.83999633789062,364400.0,0.5040245564941823,0.5160879418545277,0.4665455867852637,0.9997400889391316,0.6302609088442181,0.5696042972477113,0.20128609376865672,0.8788140501394952,0,0,-0.12186572345135287,0.03962576814332834,
2022-12-06,150.55999755859375,150.85000610351562,147.72000122070312,149.25999450683594,368300.0,0.5073813726607892,0.516688321028933,0.4346081122560237,0.9997922602883201,0.630889253545078,0.5369870072960136,0.17699028799665575,0.8763133898375284,0,0,-0.11190669114708991,0.05290371202120288,
2022-12-07,148.89999389648438,150.3800048828125,147.27000427246094,148.42999267578125,484600.0,0.5106517598077476,0.5169419389650298,0.41774918134332184,0.9998592081864984,0.6331882310621428,0.5124182878125569,0.15659073154562111,0.8730230830704008,0,0,-0.10196972920299864,0.06458528570565461,
2022-12-08,149.8800048828125,152.5800018310547,148.6199951171875,151.97000122070312,406900.0,0.5155921933409173,0.5172887002033386,0.4903007957704596,0.9999214356417744,0.641216536522983,0.5433344054798216,0.13867411358284423,0.8757858272378466,0,0,-0.10914244429302962,0.0583439252889846,
2022-12-09,152.0,153.42999267578125,149.25999450683594,149.49000549316406,485800.0,0.5169165193943002,0.517589452297661,0.4375003475772775,0.9999906724457271,0.6244695184533892,0.5208147088915382,0.12621963011493934,0.8724873727857817,0,0,-0.12055015580090017,0.04303476497729908,
2022-12-12,149.57000732421875,151.3699951171875,149.52999877929688,151.17999267578125,62362.0,0.5172705992971036,0.5183132748153239,0.4720586371320943,0.9999999999999999,0.6157951883790063,0.5142135372746545,0.11465475260902766,0.8729107943924916,0,0,-0.10629482951730927,0.060003917534970225,
