Date,Open,High,Low,Close,Volume,MA20,MA50,RSI,VWAP,CMF,CCI,ADX,OBV,V_Pattern,Outcome,LR,HR,CR
2010-03-16,13.670000076293944,13.770000457763672,13.520000457763672,13.720000267028809,1619200.0,0.04587907660056649,0.029100751038280845,0.6722246317261223,0.04842977480871263,0.804409596310747,0.4998446991189886,0.906020608716473,0.10716919686179048,0,0,,,
2010-03-17,13.710000038146973,13.949999809265137,13.699999809265137,13.760000228881836,1922600.0,0.04672606105731936,0.029969933531228538,0.6794240618691103,0.049269007478094484,0.7710869814754506,0.5071510603642103,0.875936387270146,0.11349364298754913,0,0,-0.013848365647623047,0.01749269434745705,0.18002917047783043
2010-03-18,13.789999961853027,13.81999969482422,13.550000190734863,13.670000076293944,941400.0,0.047421961866248016,0.030779172286929085,0.6487321384747083,0.04964699675357065,0.6455365461991122,0.48848296432296295,0.8356856861665318,0.1103968815276567,0,0,-0.01962205665684761,0.011627895694091225,0.1380813653289213
2010-03-19,13.06999969482422,13.699999809265137,13.020000457763672,13.06999969482422,2504200.0,0.04777906863050346,0.031363622519229015,0.47472666475098413,0.0502303140125866,0.5646376324547424,0.43218760159307396,0.7618605253308932,0.10215924604023092,0,0,-0.0036575886453179803,0.06437455080684183,0.21214342033791733
2010-03-22,12.960000038146973,13.68000030517578,12.899999618530272,13.600000381469728,1204300.0,0.04823232001059624,0.032094185443588386,0.5842590960128614,0.05066699531461316,0.5348509310658381,0.4428763893960813,0.699871698873288,0.10612082435566374,0,0,-0.004590697859041377,0.07574596742417741,0.1522570633193062
2010-03-23,13.630000114440918,13.670000076293944,13.369999885559082,13.630000114440918,1387200.0,0.0487313540628848,0.032841607359819905,0.5898872249524224,0.05116968140731548,0.534827084372007,0.45996597956601465,0.642310645734083,0.11068405730357407,0,0,-0.05367650554666797,0.02352938866532862,0.06764706253592932
2010-03-24,13.529999732971191,13.5600004196167,13.300000190734863,13.539999961853027,1842900.0,0.049202918162559825,0.03362649400017721,0.5648534691135142,0.051777931231518026,0.5581399408663479,0.43672879060004954,0.5932932242123428,0.10462178654254181,0,0,-0.04622157807419515,0.03081438538279668,0.04475426303960701
2010-03-25,13.579999923706056,14.119999885559082,13.579999923706056,13.670000076293944,2537600.0,0.04970195221484837,0.03446570471382429,0.5919964519317417,0.052667041067956166,0.5213379786362334,0.48913717810698126,0.5596971428884523,0.11296929225809635,0,0,-0.05022158841149087,0.039881828905051445,0.016248173386161406
2010-03-26,13.699999809265137,13.800000190734863,13.40999984741211,13.729999542236328,1580200.0,0.050040745822901495,0.03530304196795771,0.6046525825067156,0.05322553679800174,0.4342865481271262,0.45033474781381283,0.5172245926030812,0.11816740406914587,0,0,-0.05852232525749569,0.03072421901608438,0.0819312274548813
2010-03-29,13.770000457763672,14.449999809265137,13.770000457763672,14.369999885559082,2639300.0,0.05080989925663945,0.036235914402596284,0.7198576157651039,0.05453001753698278,0.4816974711520599,0.5737472210332825,0.5084641787401676,0.1268494547607691,0,0,-0.06336495762851974,0.049526538541363074,0.04078656115171089
2010-03-30,14.43000030517578,14.529999732971191,14.050000190734863,14.510000228881836,2824900.0,0.051487486909365776,0.03720812502087431,0.740869457708535,0.055959965439901505,0.548489037957231,0.5956970685705938,0.5035272918059472,0.1361420418098982,0,0,-0.10647186491511801,0.006958902476812465,0.009046632948937003
2010-03-31,14.399999618530272,14.81999969482422,14.34000015258789,14.5,3065100.0,0.05197278620365761,0.0381672228517239,0.7374544030922933,0.05743609724566334,0.4990403461944221,0.6137338710134881,0.5100325616865466,0.1260593101860228,0,0,-0.10337697976146706,0.028945559591236115,-0.024121255842487324
2010-04-01,14.640000343322754,14.710000038146973,14.199999809265137,14.420000076293944,2680100.0,0.05253133812275876,0.03913568690826642,0.708940998092411,0.05862451122779827,0.540302466940037,0.5700040839638962,0.5060306507278975,0.1172430467606375,0,0,-0.12000004998568843,0.01241374837941149,-0.08206900234880118
2010-04-05,14.539999961853027,15.449999809265137,14.520000457763672,15.199999809265137,2070500.0,0.05315398587025802,0.04025962970391535,0.8212153077118091,0.059866297327053286,0.5133684020259491,0.6579693469412753,0.5271692881731447,0.12405401404628365,0,0,-0.1137309524719676,0.06310678520093231,-0.07697639742055583
2010-04-06,15.119999885559082,15.5,15.039999961853027,15.460000038146973,1760100.0,0.053707959391153554,0.04143976967507591,0.8501164521183128,0.06099244176721069,0.5230486622165116,0.6649623772265622,0.5482223369237367,0.12984391190644584,0,0,-0.1460526509793515,0.025000007842716516,-0.13947367843168257
2010-04-07,15.359999656677246,15.68000030517578,14.850000381469728,15.59000015258789,2337300.0,0.05437181184926307,0.04239137456110034,0.8639585965688513,0.06250977088400766,0.5738090669300584,0.6307055039449418,0.5542081549895561,0.13753252520600667,0,0,-0.15912031255349393,0.02069861886862508,-0.16558858082960412
2010-04-08,15.489999771118164,15.630000114440918,15.34000015258789,15.5600004196167,1529300.0,0.05504482110378378,0.04303014886669006,0.8529343310612553,0.06346619653795876,0.5939873360772918,0.6113672637055503,0.5597664146221029,0.1325018503593809,0,0,-0.16613214414612823,0.01218733368813187,-0.2238614327748313
2010-04-09,15.520000457763672,15.81999969482422,15.380000114440918,15.800000190734863,1608900.0,0.05582313089731286,0.043762584893271256,0.8798502285663438,0.06453141703825516,0.5966522164476765,0.5987765509748453,0.5716602942231672,0.13779437161795424,0,0,-0.16838051211941682,0.019280156103487996,-0.18573266487058007
2010-04-12,15.729999542236328,15.880000114440918,15.579999923706056,15.720000267028809,2105400.0,0.05661517588545875,0.04455496465709963,0.8487539978986328,0.06585559184798978,0.6098244061127615,0.5808811526994249,0.5848118846446564,0.1308685998124969,0,0,-0.1791139170596701,0.009493706986949933,-0.23544299167388008
2010-04-13,15.6899995803833,16.200000762939453,15.649999618530272,16.010000228881836,3042700.0,0.057718544529044236,0.04540541469866148,0.8824238416066036,0.06788202902948326,0.6507275784105244,0.58108835989951,0.607649012668438,0.1408776460139147,0,0,-0.17748091058909116,0.032442822766729267,-0.227735360234997
2010-04-14,16.09000015258789,16.420000076293945,15.970000267028809,16.15999984741211,2522000.0,0.058835647930626456,0.04627272391074143,0.8985773652763281,0.06957578882061805,0.6229985089019976,0.5798672762578898,0.6353990280946828,0.14917383509597196,0,0,-0.1992504989664459,0.0206121123665407,-0.27795126456259467
2010-04-15,16.190000534057617,16.299999237060547,15.899999618530272,15.979999542236328,1992200.0,0.05985202875478579,0.04711380772661035,0.8267193252509358,0.07080453838429573,0.6190221424023548,0.5543042348945304,0.6550437362389685,0.1426204378361486,0,-1,-0.20358916748716505,0.014232645074756028,-0.24628716172593335
2010-04-16,15.93000030517578,15.93000030517578,15.260000228881836,15.390000343322754,2842600.0,0.060639495344726096,0.047769441024072254,0.630166048654379,0.07218135469673836,0.5857817729819547,0.5064455503362355,0.6256554127895446,0.13326962614516685,0,0,-0.1896120634194632,0.030663315716815884,-0.23153947865643387
2010-04-19,15.289999961853027,15.56999969482422,14.920000076293944,15.149999618530272,2539900.0,0.061591780340487345,0.048423201040666344,0.5642319674313382,0.07325485099109758,0.6141141517514377,0.4766501840261081,0.5784794135256144,0.12491455451569927,0,0,-0.15529566536752568,0.07342430729257197,-0.2339181482235415
2010-04-20,15.239999771118164,15.550000190734863,15.0600004196167,15.539999961853027,2845700.0,0.06247996907123041,0.04910318645347149,0.6356943948577681,0.07462453939266311,0.6501477005041039,0.4856771750340114,0.5346731284948218,0.1342755637428247,0,0,-0.15445545950547687,0.0778878108836715,-0.22508250384648643
2010-04-21,15.520000457763672,15.68000030517578,15.34000015258789,15.619999885559082,1699400.0,0.0633910493563814,0.049850608369702995,0.6493924431297056,0.07544502462882713,0.6518215557394191,0.49602222697973447,0.500622640092989,0.1398657872662379,0,0,-0.16859722301575764,0.05791503350962398,-0.2271557718990227
2010-04-22,15.449999809265137,16.299999237060547,15.300000190734863,16.06999969482422,1398800.0,0.06454935746857385,0.05063736829092809,0.7201278467558437,0.07622279851446445,0.6354744805501696,0.5268632137777252,0.4958557482530947,0.14446717873649237,0,0,-0.1632522541240463,0.062099889509319904,-0.27016647233975083
2010-04-23,16.1200008392334,16.290000915527344,15.93000030517578,16.290000915527344,1193000.0,0.06574887072799668,0.051534649460954554,0.7506204574574483,0.07692349488966671,0.6941260621344454,0.5553363223205022,0.4914293486874786,0.14839158538791755,-1,-1,-0.2003734462882545,0.01866827895193861,-0.3316739874672831
2010-04-26,16.459999084472656,16.899999618530273,16.3799991607666,16.700000762939453,3419600.0,0.06710862443165491,0.05249374747045003,0.8015978801744913,0.07912704320222419,0.6895760627957992,0.6125076919426398,0.5083125088490672,0.15964045461274035,-1,-1,-0.21853893590325432,0.027010467116562062,-0.34438295811607816
2010-04-27,16.600000381469727,16.739999771118164,15.739999771118164,15.850000381469728,3288600.0,0.06778621208438124,0.053229930058766764,0.5833109778069641,0.08067718474932012,0.5963877812726172,0.5320841886091487,0.48624856514597986,0.14882251352818301,0,-1,-0.22155692179071487,0.017964025350603784,-0.3425149704018338
2010-04-28,15.9399995803833,16.15999984741211,15.619999885559082,15.9399995803833,2200600.0,0.06844090774607955,0.05398671820069122,0.5971890145911322,0.08171635238849134,0.5520243369392301,0.4945057702685035,0.45955397906553824,0.15606144837908517,0,0,-0.19179810023267255,0.06056782429288209,-0.29274443394165917
2010-04-29,15.960000038146973,16.270000457763672,15.859999656677246,16.18000030517578,3747200.0,0.06921006117981748,0.05478659090934475,0.6338214906427592,0.08357918049971336,0.6155363479066299,0.5199791931160764,0.4391873850964834,0.16838796690735044,0,0,-0.191969918454861,0.05897111700932034,-0.2741530740651374
2010-04-30,16.18000030517578,16.40999984741211,15.6899995803833,15.6899995803833,1856100.0,0.06979150421670649,0.055449717151631786,0.5257431624703116,0.08432170290211027,0.585277758067771,0.4805982074807786,0.4109353556260363,0.16228227437951281,0,-1,-0.20271944528927346,0.04449933867579554,-0.2700865144088516
2010-05-03,15.829999923706056,16.030000686645508,15.609999656677246,15.970000267028809,1624200.0,0.07014403301937641,0.05613906879012982,0.5713841756005492,0.0850344016436479,0.5894013082790805,0.4612540273771196,0.3802975742243416,0.16762512541324692,0,0,-0.1867431729468667,0.06819628575146701,-0.22179729989204455
2010-05-04,15.670000076293944,15.710000038146973,14.75,14.949999809265137,3449800.0,0.06991053995033167,0.056577406509016256,0.3915146906989896,0.08593568541520469,0.5189237999540424,0.29926975543273165,0.3648572947614827,0.1562769124492179,0,0,-0.1484032464578045,0.07701938144457961,-0.2191609230731196
2010-05-05,14.81999969482422,15.149999618530272,14.420000076293944,14.550000190734863,1858700.0,0.06943439745245106,0.05695392738843365,0.3362008821955025,0.08628809582851599,0.45737740369326085,0.23581199007541,0.36221953629921017,0.15016266714913074,0,0,-0.10167220892854796,0.13913043145438642,-0.17525083070137304
2010-05-06,14.4399995803833,14.800000190734863,13.119999885559082,14.140000343322754,3358100.0,0.06878427975233825,0.05725926520268913,0.2846628822591085,0.08668999277057732,0.45592518125917875,0.18002643207384839,0.3937149883089596,0.13911610388328755,0,0,-0.09072162732099255,0.16907216535388428,-0.1676975634637477
2010-05-07,14.149999618530272,14.31999969482422,13.359999656677246,13.800000190734863,4110400.0,0.06786862106898167,0.057487800287825255,0.24527898845354112,0.08694703511426655,0.4192229819817717,0.22151448396708312,0.4229607651751555,0.12559482886231682,0,0,-0.07284297793228697,0.19448372936558078,-0.20084859476362657
2010-05-10,14.1899995803833,14.899999618530272,13.859999656677246,14.81999969482422,3817200.0,0.06745657439949915,0.057830602826206515,0.4188506569538557,0.08776718294046565,0.4877469101683804,0.32975403190182573,0.42180469064955434,0.1381516143357621,0,0,-0.07753620869821454,0.1963768116442803,-0.2413043389623844
2010-05-11,13.9399995803833,14.739999771118164,13.399999618530272,14.329999923706056,4236400.0,0.06668742096576119,0.05813781392132976,0.35804717197774627,0.08833307936495838,0.5020504432016415,0.31208405233986114,0.43226547756178474,0.12421585881346732,0,0,-0.055330614825221475,0.19973010115383008,-0.19770576328181344
2010-05-12,14.479999542236328,14.699999809265137,14.229999542236328,14.5600004196167,2434100.0,0.06595489428104798,0.05842441946284528,0.39318694461641146,0.0887299795830141,0.5300334049303193,0.3590864251425562,0.44197906540885584,0.13222289840293425,0,0,-0.09490576859162467,0.16887648912618275,-0.2616887662222797
2010-05-13,14.5,14.93000030517578,13.899999618530272,14.050000190734863,2281600.0,0.0650712839485105,0.058538687094736294,0.3314544053549433,0.08892459513256207,0.521458819731686,0.35130167830473635,0.45911153094579155,0.12471751180118093,0,0,-0.09478022490862313,0.16483513388480073,-0.23763735840867917
2010-05-14,13.869999885559082,13.869999885559082,13.210000038146973,13.449999809265137,3505600.0,0.06418309478114737,0.05858551804455499,0.26754549327034927,0.08891495981650888,0.5373872252387623,0.30137461330714643,0.48968617326524283,0.11318574318656556,0,1,-0.05338078219348212,0.21565834105605888,-0.1943060146032311
2010-05-17,13.399999618530272,13.789999961853027,12.93000030517578,13.43000030517578,2289000.0,0.06339562862782716,0.05850871531543565,0.26549340251459164,0.08890236648291772,0.5600583985277969,0.313935223451417,0.5232994135609523,0.10565601407917893,0,1,-0.03494418736204959,0.2602230520173688,-0.20223043508750085
2010-05-18,13.380000114440918,13.65999984741211,12.93000030517578,13.0,2079400.0,0.0622327421174291,0.05827456056634213,0.22184658909746935,0.08876596979996326,0.47039225344993757,0.3193152682836134,0.5545117081212538,0.09881576999621704,0,1,-0.03350705875201755,0.26209973373811357,-0.2181682977361207
2010-05-19,12.989999771118164,13.06999969482422,12.609999656677246,12.800000190734863,1956700.0,0.06094166351361471,0.058023546646730526,0.2024485693540956,0.0885856829267076,0.4411166177307968,0.31167345907854943,0.5895732665190416,0.09237915097287784,0,1,-0.029230778033916768,0.30076921903170073,-0.19230769230769232
2010-05-20,12.369999885559082,12.56999969482422,11.979999542236328,12.0,3309900.0,0.0590782982327025,0.05763203987766281,0.13324565801212512,0.08792597645162298,0.36302555129895275,0.28842967953383414,0.632584118845746,0.08149114294643003,0,1,-0.03046877636807,0.3539062238647606,-0.164843720721547
2010-05-21,11.720000267028809,12.760000228881836,11.720000267028809,12.630000114440918,3621200.0,0.05740264247539906,0.05735667384270797,0.24690458316976915,0.08753319700563672,0.39398872218450437,0.3138154872127945,0.6763539841115302,0.09340318097337127,0,1,0.0,0.43166661262512207,-0.13416671752929688
2010-05-24,12.579999923706056,12.859999656677246,11.949999809265137,12.010000228881836,4447400.0,0.05525542261842059,0.056985772805893856,0.1924076161383917,0.08670394817166766,0.29944453649541913,0.31956713472194753,0.7110112374889397,0.07877333508774816,0,1,-0.06809181701383672,0.34204272808238584,-0.15281079079081375
2010-05-25,11.649999618530272,12.18000030517578,11.029999732971191,12.109999656677246,6765700.0,0.05354314054871251,0.056706660209203466,0.20988043345998064,0.08558872779423415,0.47240951722678687,0.3041826999454794,0.7562172462440491,0.10102929324495469,0,1,-0.05162363644824043,0.4371357119023795,-0.055786849585790756
2010-05-26,12.270000457763672,12.31999969482422,11.579999923706056,11.640000343322754,5081300.0,0.0515744747287919,0.05631702672100351,0.16953069226606593,0.08449243863468348,0.37756575768253575,0.3233214284208751,0.7902321773658978,0.08431421569433707,0,1,-0.10239477786514761,0.3823285955432459,-0.07349301144133584
2010-05-27,11.9399995803833,12.239999771118164,11.789999961853027,12.210000038146973,6074600.0,0.04975689212007543,0.05602667479639835,0.2678873538719674,0.08366448383386249,0.4418663090662631,0.3479931881495597,0.8218174705504717,0.10429678119705915,0,1,-0.07817867874326376,0.42611682919685306,-0.06185560928849262
2010-05-28,12.119999885559082,12.270000457763672,11.850000381469728,12.229999542236328,2995800.0,0.04817280258040374,0.055756928425400906,0.27123982685290005,0.08327813294158587,0.5289116895389574,0.35831577624367406,0.8492374304082382,0.11415154854520633,0,1,-0.08927110148914565,0.39148236838962525,-0.0696150225339728
2010-06-01,12.0600004196167,12.149999618530272,11.6899995803833,11.6899995803833,2952000.0,0.046213292683654164,0.05549842156096414,0.2181516925970478,0.08271577313521339,0.4453047644973805,0.34898422412190677,0.877403034498776,0.10444086251418608,0,1,-0.08421919257546971,0.39574810957258233,-0.051512685038557285
2010-06-02,11.739999771118164,11.869999885559082,11.479999542236328,11.829999923706056,3234700.0,0.044784865190012305,0.055166858350497686,0.24345274248097604,0.08216780588441036,0.5384964119820199,0.3504640860335461,0.9070411566002679,0.11508149805095479,0,1,-0.060735676957457393,0.44140291126023457,-0.13259198001477093
2010-06-03,12.0,12.0600004196167,11.579999923706056,11.989999771118164,1984900.0,0.04361282188320302,0.05485964725537444,0.27287088159478146,0.08187551683419503,0.591413033181784,0.3684054528665648,0.9212510164723062,0.12161088175792364,0,1,-0.08199495124974868,0.4142011538572538,-0.25443789081098106
2010-06-04,11.460000038146973,11.739999771118164,11.09000015258789,11.229999542236328,5470000.0,0.04228053813215832,0.05442692920044541,0.19638919977681385,0.08061575301962048,0.5134755210027298,0.33922126764427946,0.9435221840641808,0.10361716475599927,0,1,-0.035863245486591054,0.45371139985234354,-0.21934947161351356
2010-06-07,11.270000457763672,11.40999984741211,10.720000267028809,10.789999961853027,3691400.0,0.04090247170891782,0.05388743663709643,0.15834188045664987,0.07961080313774876,0.46061518088241993,0.32274403422582376,0.9701458323163266,0.09147420187832037,0,1,-0.04897597623813767,0.5013356536295505,-0.1967943123982422
2010-06-08,10.800000190734863,10.960000038146973,10.529999732971191,10.850000381469728,2350500.0,0.039084889536821446,0.05334794425239332,0.17017097367246053,0.07900097460697258,0.41828420328192606,0.3140887501855491,0.9977292225294339,0.09920623694468658,0,1,-0.025023212114757335,0.5505096942894884,-0.17979615763821097
2010-06-09,10.989999771118164,11.399999618530272,10.789999961853027,10.880000114440918,1853500.0,0.03750537839535534,0.052694184235799205,0.1764306144271256,0.07853368865398985,0.35829459318120477,0.3370446242406966,0.9943050950301109,0.10530337670027468,0,1,-0.042396315389314446,0.49953915997556475,-0.16497694920915348
2010-06-10,11.149999618530272,11.390000343322754,10.960000038146973,11.300000190734863,1736000.0,0.03601285463669528,0.05209287483298118,0.26241844181118434,0.0781824557614616,0.35880891657774744,0.35619640109286616,0.991125548066454,0.11101399694073916,0,1,-0.056985282999782366,0.48345589830466,-0.14430144102116046
2010-06-11,11.18000030517578,11.600000381469728,11.09000015258789,11.59000015258789,1251200.0,0.03488659443870186,0.0515477626056748,0.3176070898228337,0.07797203351382498,0.4161278471859637,0.38239398199908675,0.974534987982189,0.11512985410944258,0,1,-0.057522173560451695,0.4628318100847936,-0.13451331257586654
2010-06-14,11.770000457763672,12.06999969482422,11.59000015258789,11.8100004196167,2314900.0,0.03413575459778631,0.05105884755388003,0.3581308637646503,0.07764336415828715,0.4316444286207205,0.4356443101164673,0.9316119743201972,0.12274478198654583,0,1,-0.10698884456145628,0.3675582547710869,-0.18636762490500286
2010-06-15,11.859999656677246,12.479999542236328,11.859999656677246,12.350000381469728,1767700.0,0.033641298943703365,0.050524974833134326,0.4493939159916913,0.07749970132530198,0.44493694872843165,0.5045358400790863,0.8711119010838273,0.128559680257899,0,1,-0.11261641629553987,0.3259949402774603,-0.2116850051797999
2010-06-16,12.1899995803833,12.369999885559082,12.0,12.170000076293944,1769900.0,0.033261300625039986,0.04990867954066598,0.421806649762697,0.07732328630325741,0.47618901526681645,0.5108390093541597,0.8149332616500551,0.12273754502541159,0,1,-0.13441293895851353,0.23967610904597494,-0.23400804051671692
2010-06-17,12.220000267028809,12.3100004196167,11.960000038146973,12.199999809265137,1100100.0,0.03298660284538496,0.049273651796811826,0.4270096195104466,0.07721829314725775,0.4914153795054059,0.516978836649957,0.7644063927225921,0.12635635454530503,0,1,-0.13886610710459937,0.22267871989794027,-0.24568617140904794
2010-06-18,12.25,12.300000190734863,11.739999771118164,12.0,2909100.0,0.03298660284538496,0.04860677899278924,0.39431263011353757,0.0768826387197104,0.5499240408211973,0.4935607737796461,0.726507174276505,0.11678678925640223,0,1,-0.14098363064912312,0.21967215959630482,-0.21065571598390243
2010-06-21,12.25,12.369999885559082,11.130000114440918,11.3100004196167,4366000.0,0.03238226825408805,0.047765695176920295,0.2950676556546509,0.07607580543681053,0.4317082937418813,0.4251301617153226,0.7127243156306564,0.1024247109327456,0,1,-0.14333335558573404,0.2233333587646483,-0.22166665395100912
2010-06-22,11.399999618530272,11.399999618530272,10.789999961853027,10.859999656677246,4029900.0,0.03185576424918596,0.046855301398111296,0.24090364132110176,0.07516488442705299,0.4470773930041344,0.3322065884578176,0.7098854541533357,0.08916824289873189,0,1,-0.07692306395056393,0.3121132233136682,-0.14854105120876723
2010-06-23,10.869999885559082,11.050000190734863,10.68000030517578,11.010000228881836,2960600.0,0.03135215223531189,0.045918682401737174,0.27181340304525425,0.07455685028697567,0.37344458496391003,0.33191907848386165,0.7103357917867152,0.09890721886873138,0,1,-0.031307565684759696,0.37384903756607535,-0.12983424419771267
2010-06-24,10.869999885559082,11.010000228881836,10.670000076293944,10.729999542236328,2572700.0,0.030935527167623766,0.0449015141145082,0.23766468265127094,0.07396514764978429,0.4261566757433892,0.33149349351399365,0.7110466872452832,0.09044425072780803,0,1,-0.030881030474094795,0.36875570710401584,-0.16076289439542663
2010-06-25,10.770000457763672,11.079999923706056,10.59000015258789,11.039999961853027,3784700.0,0.03039986680293054,0.04397613462469478,0.3028203669614489,0.07323046780137948,0.38350335254653994,0.3569964383177674,0.714162642301116,0.10289412654813401,0,1,-0.022367263283448374,0.28890955825234954,-0.13513521200367587
2010-06-28,11.390000343322754,11.489999771118164,11.109999656677246,11.140000343322754,1826100.0,0.02990083318726207,0.04318000847777677,0.3234538527640596,0.07290068578067083,0.3029303353934879,0.41343612268677976,0.6896833375215876,0.10890113324232306,0,1,-0.0778986062792716,0.21739127054556995,-0.18297105658908186
2010-06-29,10.859999656677246,10.90999984741211,10.510000228881836,10.68000030517578,3732100.0,0.029438425883998268,0.042342671223643366,0.26082127452414516,0.07206989699346938,0.35156767932741684,0.33856302050122805,0.6867837932733734,0.09662428658366091,0,1,-0.0314182600546505,0.2513465084777278,-0.16517047955177652
2010-06-30,10.68000030517578,10.880000114440918,10.40999984741211,10.449999809265137,2037900.0,0.02880662134008781,0.041389193056751164,0.23208800391658835,0.07157884315052243,0.2649098526403689,0.332534382836152,0.6870255082582861,0.08992055790391289,0,1,-0.025280941015780826,0.22378270799207667,-0.19569289259055786
2010-07-01,10.5,10.600000381469728,10.100000381469728,10.489999771118164,3079800.0,0.02811987732757036,0.04042822194503383,0.24146573853496,0.07086073888793903,0.27138986722324865,0.3177510151954296,0.696002427162888,0.10005164558627609,0,1,-0.03827747615608812,0.2258372918423245,-0.19808609881398503
2010-07-02,10.619999885559082,10.699999809265137,10.15999984741211,10.260000228881836,3086200.0,0.027675783180508867,0.039339870771288796,0.21140302137429456,0.07008708775654232,0.295189021896488,0.3287634684916646,0.697615711481433,0.08989950492606785,0,1,-0.04957097382604854,0.21353668446070853,-0.19161108415044162
2010-07-06,10.619999885559082,10.619999885559082,9.979999542236328,10.109999656677246,3020300.0,0.0273644590884492,0.03818220945595781,0.19223077502837543,0.06930137228056521,0.31855262463026623,0.3231060881460713,0.7044494917972681,0.07996414414710767,0,1,-0.062378199712038694,0.21832355956606891,-0.1783625616844156
2010-07-07,10.1899995803833,10.6899995803833,10.1899995803833,10.649999618530272,3178000.0,0.02727289287081748,0.037048900255970046,0.32250361574807973,0.06865180043540248,0.3494893257120065,0.36248912782563286,0.7057526275384514,0.09041826345828056,0,1,-0.020771517831682233,0.2265084114360553,-0.1088031122799203
2010-07-08,10.8100004196167,11.109999656677246,10.649999618530272,10.979999542236328,3221600.0,0.02731867554301326,0.03613663319629329,0.3914249847385892,0.06810517064840826,0.40453256851504404,0.41494870884888824,0.6788528087655166,0.10101580618102271,0,0,-0.07793435747511449,0.15680743497060268,-0.19906111879522906
2010-07-09,10.90999984741211,11.40999984741211,10.75,11.380000114440918,2750200.0,0.027355301855417916,0.03528243677164178,0.46673720296572807,0.06774852692139677,0.4348447826841054,0.44890889463765193,0.636418106016948,0.11006266550436684,0,0,-0.08469948487687873,0.14298722771207442,-0.19216755415706477
2010-07-12,11.359999656677246,11.460000038146973,10.989999771118164,11.220000267028809,2208500.0,0.02718590505139136,0.03435331072009282,0.43767420772288357,0.06743401047450587,0.40944805264543593,0.45589472420732285,0.5941862939103104,0.10279774338393723,0,0,-0.12126538669272371,0.09841826663409536,-0.23725832883243198
2010-07-13,11.350000381469728,11.510000228881836,11.140000343322754,11.270000457763672,3373200.0,0.02693867722434988,0.033525339691652334,0.44745448782530417,0.06697693667477789,0.3929806406087016,0.47137926428444205,0.5520175728673027,0.11389397851938354,0,0,-0.12210345870127086,0.10071293528282929,-0.26024955497324587
2010-07-14,11.25,11.579999923706056,11.18000030517578,11.43000030517578,2740700.0,0.026517474195076246,0.03267488965009048,0.47933572200023955,0.06665176784679883,0.38604278764153765,0.4937269468466058,0.5085793219007892,0.12290958732873895,0,0,-0.11268858972306382,0.10913926284617022,-0.23336291105730744
2010-07-15,11.4399995803833,11.720000267028809,9.56999969482422,10.1899995803833,13164800.0,0.025610971871510763,0.03178322832266729,0.2789412899842353,0.06374598529786513,0.27567043161258464,0.3629195676924614,0.526566335313982,0.07960361190151154,0,0,-0.16360453505082578,0.09098862065489975,-0.25546798290962275
2010-07-16,9.75,9.949999809265137,8.779999732971191,8.989999771118164,14481800.0,0.024141339667258635,0.030741707920095077,0.1571312069863567,0.05934499071112698,0.0786191917757248,0.19092349946492448,0.5597000458132333,0.03196532837711147,0,1,-0.09519139420733143,0.26790968151675215,-0.07065753647476848
2010-07-19,9.0,9.100000381469728,8.539999961853027,8.829999923706055,4756800.0,0.02269002061920883,0.029747018467341582,0.14376853257521877,0.05791198514354445,0.08629795413287095,0.1835825360773251,0.5947490977593184,0.01631770259379266,0,1,-0.051167969950877815,0.38709673312967063,-0.04449384079133542
2010-07-20,8.670000076293945,9.0600004196167,8.4399995803833,9.0600004196167,6500200.0,0.02165990460043267,0.02885910370165394,0.19044656269936155,0.05613298231886327,0.2814550743553411,0.23430721946009903,0.6290795359361598,0.03770029112320926,0,1,-0.026047621505993244,0.4314835219549222,-0.003397478282038327
2010-07-21,9.119999885559082,9.140000343322754,8.800000190734863,8.859999656677246,3372600.0,0.020744245917076076,0.027742653850830162,0.1713405992128127,0.055179949076806956,0.3002157023969333,0.2808256249972516,0.6560882629942335,0.02660602970443593,0,1,-0.07505521784562455,0.3708608720814383,0.015452575809999454
2010-07-22,8.989999771118164,9.300000190734863,8.90999984741211,9.199999809265137,2300500.0,0.01991557461652553,0.026781682739112814,0.24117348793912452,0.05460172732961088,0.2758233683819692,0.3251795570557764,0.6712714371679238,0.03417358838138785,0,1,-0.062076773368762085,0.39390518130415075,0.07449208498723875
2010-07-23,9.130000114440918,9.609999656677246,9.109999656677246,9.579999923706056,2499500.0,0.019389071048243528,0.02584881012582832,0.3136839265666508,0.05405637821708781,0.35439043726886216,0.3664654177974301,0.666994431278626,0.042395763088208686,0,1,-0.07500005960464601,0.364130380135627,0.07608693736712718
2010-07-26,9.59000015258789,9.670000076293944,9.369999885559082,9.65999984741211,2584500.0,0.01875726650433307,0.02502645858269932,0.32863624639389843,0.053516110720995824,0.3390482391201716,0.3866902528091294,0.659531961484471,0.05089754765703383,0,1,-0.1200418143385233,0.3016700848292315,-0.045929074902059414
2010-07-27,9.729999542236328,9.789999961853027,9.4399995803833,9.609999656677246,3378800.0,0.018056787297198798,0.02430713516490067,0.32170925832279273,0.05280742910015618,0.36835078549339056,0.3980428921203045,0.6454343089182533,0.039782891165973125,0,1,-0.13354037083122886,0.2846790935236628,-0.036231825395853824
2010-07-28,9.609999656677246,9.619999885559082,9.199999809265137,9.359999656677246,1782800.0,0.0174524522692818,0.023544727180372926,0.28691061974253795,0.05240388692038328,0.37110233547421156,0.38531099855686884,0.6402478158273317,0.03391832102501686,0,1,-0.12174819126876896,0.287200866543645,-0.039542156921606675
2010-07-29,9.489999771118164,9.56999969482422,9.029999732971191,9.300000190734863,2091600.0,0.016925948700999796,0.02285162915878526,0.27854728968798514,0.051925423064138165,0.4054838483110279,0.3838364206379822,0.6408106916776186,0.02703794470303788,0,1,-0.11217951167186348,0.30769233120498896,-0.016025600858143894
2010-07-30,9.109999656677246,9.4399995803833,8.949999809265137,9.229999542236328,1618200.0,0.016349083625696315,0.022182883073894932,0.26837473347458174,0.051550023213771945,0.3751182109885375,0.382146154425669,0.6438719719532517,0.021714830836033486,0,1,-0.07204301747879895,0.3505376518303317,0.08064515963636092
2010-08-02,9.449999809265137,9.720000267028809,9.420000076293944,9.68000030517578,1519900.0,0.016083542642452514,0.02174829191674403,0.3713183236091073,0.05125249428614492,0.43728760147753015,0.41933527023403644,0.6279865341988489,0.026714584121449364,0,1,-0.10942581570671714,0.3163597205971758,0.030335833895756677
2010-08-03,9.539999961853027,9.850000381469728,9.380000114440918,9.59000015258789,1641900.0,0.015845471611822246,0.021178827574094408,0.35598441378840273,0.0509223761913738,0.47019718461481624,0.42176729352105796,0.6049541008671135,0.021313508445862595,0,1,-0.11363639946184398,0.22520663599671184,0.014462844928620057
2010-08-04,9.630000114440918,9.8100004196167,9.59000015258789,9.720000267028809,1070000.0,0.015419690620963086,0.020749856080900894,0.38548003814338117,0.05071926143104433,0.41987665822894915,0.43346425120048776,0.5835668413447881,0.02483330317932861,0,1,-0.12408764495551045,0.21793536176575531,0.0031282307084318332
2010-08-05,9.59000015258789,9.619999885559082,9.359999656677246,9.460000038146973,2499900.0,0.014723790248654514,0.020253448084280964,0.33834252538712384,0.05019986920928188,0.3796688666321962,0.41625438329131936,0.5735462051478355,0.016609812661392456,0,1,-0.11831281282012968,0.21913580822277204,0.006172784392394009
2010-08-06,9.300000190734863,9.539999961853027,8.880000114440918,9.100000381469728,3080200.0,0.01367993947188162,0.019777645641268757,0.27906588902251506,0.049485662121168394,0.3079606052186784,0.38650465233824244,0.5818368757713315,0.006477409167913946,0,1,-0.09090915506169699,0.2558139605217143,0.09725159329641558
2010-08-09,9.15999984741211,9.390000343322754,8.90999984741211,9.31999969482422,1307000.0,0.012810063460720805,0.019236279797052003,0.33305744332983644,0.049207333622212635,0.32773879039160636,0.392854178197262,0.5895353556360068,0.010776821987203738,0,1,-0.07912090514797565,0.2813187156375962,0.09010985279670744
2010-08-10,9.149999618530272,9.43000030517578,8.979999542236328,9.369999885559082,2615600.0,0.011940187449559991,0.018700533795438526,0.3453295426262062,0.048665362814307556,0.3871266154469208,0.40709199902353743,0.5935282913270588,0.019380910870244576,0,1,-0.0761802640982127,0.27575115157200747,0.08047210563928514
2010-08-11,9.100000381469728,9.220000267028809,8.979999542236328,9.020000457763672,2419200.0,0.010836818805974535,0.018200379415728968,0.2842098767262933,0.048107771688756684,0.3404050733352631,0.37465936759983176,0.597236017325893,0.011422885244823105,0,1,-0.07043765305735082,0.27961578629226974,0.03842045475710954
2010-08-12,8.829999923706055,8.880000114440918,8.550000190734863,8.59000015258789,2113000.0,0.010104292121261307,0.017593450348953557,0.21929083757182488,0.0475594241850541,0.4211489427890932,0.27185233546094334,0.6165077774607925,0.004472113028174806,0,1,-0.04323728642242737,0.32039913488422056,0.10643015403848277
2010-08-13,8.569999694824219,8.640000343322754,8.34000015258789,8.430000305175781,1359500.0,0.009847907934428704,0.01692657772357689,0.1971931196872353,0.04719365812375037,0.5988361513715181,0.25454453153992784,0.64102883782879,0.0,0,1,-0.026775266373777265,0.3667055315773884,0.14784638360932528
2010-08-16,8.390000343322754,8.630000114440918,8.170000076293945,8.609999656677246,1671900.0,0.00974718535700586,0.016435789390914377,0.24731714122118587,0.04676902351040657,0.6264188377298545,0.2705038259570385,0.6688581145761094,0.005499761509235349,-1,1,-0.0260973023801357,0.3950177702439144,0.17319098283431564
2010-08-17,8.760000228881836,8.850000381469727,8.539999961853027,8.789999961853027,1664600.0,0.00962357122517507,0.016061141792364717,0.29601925109757155,0.04637134094816897,0.5150016843394073,0.33597263967537855,0.6754361781230827,0.01097550946561621,0,1,-0.06852499141859227,0.34378631314478936,0.13937280570441257
2010-08-18,8.800000190734863,9.239999771118164,8.609999656677246,9.09000015258789,1597400.0,0.009728872200803526,0.01573145186276602,0.3720801704533633,0.046027299720674986,0.576383517721541,0.39381316440645797,0.6517492445363897,0.016230201154624254,0,1,-0.07167236827929487,0.332195687026872,0.12286688605154203
2010-08-19,9.06999969482422,9.119999885559082,8.619999885559082,8.6899995803833,1615300.0,0.009495379131758769,0.015321212642312454,0.30086141471627625,0.04563553598649123,0.529950509767298,0.3633147676750001,0.6297542347773175,0.010916626918205892,0,1,-0.09900985736221891,0.2915292109703807,0.09240925615922502
2010-08-20,8.670000076293945,8.829999923706055,8.399999618530273,8.800000190734863,1349200.0,0.009138272367503322,0.014852903144125393,0.3287112645354161,0.045321248204923725,0.5088335440314536,0.3483942453429725,0.6192435403415268,0.01535485781016135,0,1,-0.057537402087877415,0.3509781746848293,0.09896429208335047
2010-08-23,8.899999618530273,9.029999732971191,8.640000343322754,8.65999984741211,1212900.0,0.008680443025825019,0.014304044355083478,0.3035728161125919,0.04502826315515951,0.43765828487457353,0.37765148345325883,0.5944160475087481,0.011364989555749272,0,1,-0.0829544916379562,0.32045461220189414,0.0954545607251566
2010-08-24,8.470000267028809,8.779999732971191,8.399999618530273,8.430000305175781,1517100.0,0.008140204699546294,0.013670889892097068,0.26373925962420486,0.044639262751457354,0.4136462456014892,0.3409539734249234,0.5825103044345574,0.0063744469481405944,0,1,-0.034642054967762285,0.37528869021530137,0.10392605477922989
2010-08-25,8.34000015258789,8.649999618530273,8.289999961853027,8.619999885559082,1655400.0,0.007801411091493168,0.012972172027906098,0.31661468540990645,0.04424028307821448,0.45032427380351114,0.3492945603582275,0.576313386258763,0.011819931248869224,0,1,-0.020166081867110976,0.40094899075693907,0.13523123942813028
2010-08-26,8.640000343322754,8.760000228881836,8.34000015258789,8.520000457763672,1612600.0,0.007444304327237736,0.012288440232011366,0.2978357926583981,0.04384316302241498,0.44564039213916135,0.36216864324275827,0.561748434822728,0.006515238737479235,0,0,-0.05452439365065316,0.15197209783459503,0.11600928228262282
2010-08-27,8.619999885559082,9.039999961853027,8.399999618530273,9.029999732971191,1469200.0,0.00735273854622609,0.011694623774018503,0.4293867403885966,0.04353677793650407,0.4698781686465649,0.42031727239115496,0.5273290333680798,0.011348212964029013,0,0,-0.052816876183977644,0.14436624763204492,0.10328639285917365
2010-08-30,8.989999771118164,9.170000076293944,8.600000381469727,8.600000381469727,1166200.0,0.006858282892143144,0.011057722927942465,0.3454840058572327,0.04325979595393087,0.4235056870798244,0.4192743316245217,0.48639643754461287,0.00751196565732989,0,0,-0.09080838527936586,0.09523816564594664,0.046511637731328076
2010-08-31,8.569999694824219,8.779999732971191,8.40999984741211,8.640000343322754,1095700.0,0.006423345104872774,0.010557568369587017,0.3553928725514256,0.04300399002686628,0.43247595903163805,0.3842881441817736,0.4593842675620187,0.011116301254954851,0,0,-0.04651158148692013,0.14883728254285955,0.11046520009306086
2010-09-01,8.819999694824219,9.300000190734863,8.770000457763672,9.260000228881836,1485300.0,0.006212743590235964,0.010257850397934837,0.49258410379462136,0.04272366098783276,0.4541609427289141,0.5239319198554803,0.4226573984694119,0.016002236878896035,0,0,-0.07523143434046414,0.11921303769872237,0.05902780192317711
2010-09-02,9.18000030517578,9.739999771118164,9.050000190734863,9.649999618530272,1710300.0,0.006299730973041998,0.010003089916587701,0.5628998219542795,0.04244967498100788,0.49159222456722035,0.6283566480456129,0.4099086113193778,0.021628316255201566,0,0,-0.10907129631937318,0.07235421811375622,0.06371491771109127
2010-09-03,9.829999923706056,9.9399995803833,9.489999771118164,9.829999923706056,1262700.0,0.006633946182889511,0.009834498568698724,0.5929464163980691,0.04226454741524027,0.525589150685409,0.6636886618829579,0.4065734915036569,0.025782002993470287,0,0,-0.1720207163764567,0.011398928603688137,-0.0010362931893420123
2010-09-07,9.359999656677246,9.539999961853027,9.109999656677246,9.149999618530272,1573700.0,0.006556115159874587,0.009480456523756786,0.4516739877082687,0.04196127520512094,0.48072297273827536,0.542677155232,0.379978944179516,0.020605273113044623,0,0,-0.12105794401010059,0.05900304457859915,0.030518839579172525
2010-09-08,9.15999984741211,9.489999771118164,9.15999984741211,9.380000114440918,992800.0,0.0065606935580801995,0.009150766594158075,0.4931542814734696,0.041786826624845286,0.448453111101504,0.5580342664115188,0.355284007378528,0.023871116301254956,0,0,-0.10819670080786122,0.08524587600982651,0.040437147648593415
2010-09-09,9.56999969482422,9.56999969482422,9.100000381469728,9.229999542236328,986500.0,0.006656837300677357,0.008879146942292873,0.463963477662257,0.04160406994288757,0.47228199037813146,0.5403399870128209,0.3364247762590587,0.02062599713811082,0,0,-0.14925368885389617,0.03944561631608611,-0.003198265736159991
2010-09-10,9.239999771118164,9.479999542236328,9.239999771118164,9.34000015258789,913400.0,0.007000209306936081,0.008671217589410335,0.48513766298624017,0.0414424879033129,0.5017330718278346,0.5386940195084848,0.31891263307669443,0.02363065181993125,0,0,-0.11592629987985563,0.0758396364010582,0.042253560418732274
2010-09-13,9.470000267028809,9.90999984741211,9.40999984741211,9.859999656677246,1878000.0,0.007654904968634385,0.008553203574429707,0.5766113039407622,0.041179191344171695,0.5433358058719605,0.5933011419503323,0.32385839705053404,0.02980838500633234,0,0,-0.13918631365061213,0.0503211248047214,0.008565302184057098
2010-09-14,9.9399995803833,9.9399995803833,9.649999618530272,9.729999542236328,1226000.0,0.008167673778919665,0.008453921832188988,0.5479317784599587,0.04099762414184932,0.5011250894169491,0.581662330481144,0.3298039669344635,0.025775423937893713,0,0,-0.1795131405395843,0.0,-0.019269734989760576
2010-09-15,9.710000038146973,9.800000190734863,9.539999961853027,9.68000030517578,815800.0,0.00857514205019659,0.008373372719980038,0.5365989451506394,0.04087457990617377,0.48165787008437666,0.5499701245111053,0.32677833400545436,0.023091827168210004,0,0,-0.1582733848206406,0.023638186336796617,-0.0061665387913174136
2010-09-16,9.640000343322754,9.75,9.390000343322754,9.65999984741211,766500.0,0.008836104635234779,0.008187922201572967,0.5318104266934189,0.040758337719032756,0.4724377077561443,0.5275919233100194,0.3125871645155512,0.02057040411848879,0,0,-0.15185952693026436,0.030991655744074812,0.0
2010-09-17,9.770000457763672,9.970000267028809,9.5,9.649999618530272,1609600.0,0.009275620820710748,0.007938781562829136,0.5292547977080492,0.040514437939018155,0.4842467619953296,0.5361123094914156,0.31123879758282574,0.01527558019046366,0,0,-0.16563151208520596,0.020703914329638026,-0.028985578785544114
2010-09-20,9.670000076293944,10.329999923706056,9.640000343322754,10.220000267028809,2609200.0,0.00992573852082354,0.007721485984253679,0.6376212271116861,0.040222971912823036,0.4967780576528249,0.5818813751108298,0.3267736122046701,0.023858616095659466,0,0,-0.1554404206524159,0.06839376927484617,-0.007253854672677841
2010-09-21,10.239999771118164,10.239999771118164,9.90999984741211,9.979999542236328,1327700.0,0.010530073112120453,0.007489204337382024,0.5747382058018722,0.04005454102070022,0.5033669042779974,0.5677126199196401,0.3411987972106684,0.019491110051152158,0,-1,-0.20254399615842825,0.008806276931150955,-0.05185907232126469
2010-09-22,9.960000038146973,10.079999923706056,9.75,9.899999618530272,988500.0,0.011203081930021105,0.007232570575167116,0.554186965052567,0.03992447973734098,0.5275146280102222,0.538497263363135,0.3411978185388333,0.016239411832431452,0,0,-0.17935872183937218,0.03707413853008794,-0.028056086754934918
2010-09-23,9.779999732971191,10.100000381469728,9.4399995803833,9.460000038146973,1921900.0,0.01158765864689007,0.006863542640574871,0.44994967828281707,0.03961677470866104,0.46275968466108264,0.49096801479191554,0.317858362537316,0.009917268376124607,0,0,-0.16262623421355873,0.055555576962387464,0.003030372505202342
2010-09-24,9.630000114440918,10.0,9.550000190734863,9.789999961853027,2024400.0,0.012169101683779077,0.006788613192323295,0.5184097411995786,0.03933984903707993,0.4701874379005072,0.506718410946414,0.29618601053590704,0.016576588430730767,0,0,-0.1543340414650736,0.07399575120955862,0.019027516326632042
2010-09-27,9.779999732971191,9.9399995803833,9.619999885559082,9.84000015258789,1101200.0,0.012539943642651333,0.006947838493165243,0.5284239384996189,0.03919388789941952,0.4496456187880757,0.5056485807362958,0.2760616836774559,0.0201990164311913,0,0,-0.16445348957616435,0.05617979498242637,-0.008171595916013926
2010-09-28,9.899999618530272,9.949999809265137,9.609999656677246,9.850000381469728,1320300.0,0.013112230319749202,0.007138908854175605,0.5305429296282013,0.03902067930866726,0.48440998024280735,0.5021546341059634,0.2573748087374656,0.024542179970065296,0,0,-0.1636178487511323,0.04369921732802982,-0.015243863435390517
2010-09-29,9.93000030517578,10.010000228881836,9.859999656677246,9.960000038146973,1654000.0,0.013716564911046114,0.007307500202064582,0.5546744856092576,0.038817074658719475,0.4902006260621501,0.5395115955560245,0.24439947607487994,0.029983058931890325,0,0,-0.16649749033593905,0.04060909675524222,0.01421313545447311
2010-09-30,10.0600004196167,10.510000228881836,9.56999969482422,9.880000114440918,1876100.0,0.01400041905049225,0.007498570563074944,0.5316437112352692,0.03857804173517443,0.45157491356887347,0.5502969863980285,0.26280724346206547,0.023811575848286977,0,0,-0.17771088865306622,0.04518070356843671,0.002007982330598273
2010-10-01,10.050000190734863,10.0600004196167,9.579999923706056,9.90999984741211,1908200.0,0.014119454784117427,0.007631570467705892,0.5389768234150826,0.03834063497344398,0.4404216990168996,0.49638974607370606,0.2799001703215948,0.030088652773894307,0,0,-0.17813767292465557,0.04655870777517727,-0.004048579088026745
2010-10-04,9.829999923706056,9.880000114440918,9.43000030517578,9.529999732971191,1307200.0,0.013982105894289915,0.007622204242012973,0.4316720575833817,0.03814675797564637,0.4125345599998793,0.4107769151032167,0.28127324507298246,0.025788582049046858,0,0,-0.15539858582895777,0.06861758987346042,0.03531789978393611
2010-10-05,9.670000076293944,9.789999961853027,9.520000457763672,9.739999771118164,943500.0,0.014252225275739328,0.007637190131663293,0.48696084987381905,0.038020378891183815,0.4506559933879638,0.4264709073783051,0.2825482430564138,0.028892251517294694,0,0,-0.14480589224640725,0.08814272572135776,0.03567682708443159
2010-10-06,9.6899995803833,9.8100004196167,9.289999961853027,9.369999885559082,1196100.0,0.014247646877533729,0.007592232462712345,0.39400929794766004,0.03783219395617349,0.42709141650505456,0.3376665149919712,0.2621621834094931,0.024957647329725816,0,0,-0.14373713053686774,0.08418898026364102,0.027720786869451383
2010-10-07,9.43000030517578,9.59000015258789,9.3100004196167,9.479999542236328,711000.0,0.014362104212953294,0.007614711297187826,0.42389461070620593,0.0377258494759784,0.4391508315956523,0.3142939175204137,0.24323227088020966,0.027296501587197156,0,0,-0.11632872635012327,0.11526146605087348,0.10458906661745984
2010-10-08,9.5,9.68000030517578,9.31999969482422,9.640000343322754,854100.0,0.014499453102780807,0.0076784014175246135,0.46653689912722696,0.03760735957160466,0.4557523012272912,0.3431218081234127,0.23273888302293672,0.030106087271172224,0,0,-0.11603380111664403,0.10654011367637443,0.10654011367637443
2010-10-11,9.699999809265137,9.75,9.5,9.5,901900.0,0.01433463469695985,0.007728978929078825,0.4294698811815637,0.037474558244907474,0.40686875800251077,0.368745239729273,0.22845282463585842,0.027139262158917085,0,0,-0.13381741866291105,0.08402493680176623,0.11410791932509144
2010-10-12,9.43000030517578,9.550000190734863,9.31999969482422,9.40999984741211,939500.0,0.014188129447341213,0.0076784014175246135,0.4058561320517998,0.03733131539706819,0.4138902650629762,0.3151405223234095,0.20633976338489163,0.024048750801822397,0,0,-0.10736846923828107,0.11368420249537436,0.10736836885151128
2010-10-13,9.470000267028809,9.699999809265137,9.449999809265137,9.520000457763672,1417500.0,0.014114876822531902,0.007665288808742052,0.4389045854111441,0.03712627766298482,0.3999335939815508,0.37595239020102944,0.1981500160008305,0.02871165644171779,0,0,-0.07438892886461068,0.11052072037376737,0.15515409796191365
2010-10-14,9.539999961853027,9.630000114440918,9.300000190734863,9.329999923706056,1632600.0,0.013963793174707681,0.007592232462712345,0.38674558037144535,0.03687179671118185,0.3649830455281916,0.32851604556873876,0.17602380212611873,0.023341173374562083,0,0,-0.05147056171815239,0.10189077945240664,0.1428570999246275
2010-10-15,9.619999885559082,9.8100004196167,9.460000038146973,9.770000457763672,3377100.0,0.014018733079934745,0.007650302919091731,0.5105565248649107,0.03644528845466516,0.42978822993974236,0.4324680476788712,0.1701305817249208,0.034450237668382705,0,0,-0.05573413808590899,0.09539124872460111,0.11897102526838314
2010-10-18,9.779999732971191,9.920000076293944,9.729999542236328,9.81999969482422,2599000.0,0.013835601081291365,0.007785175925944562,0.523190501550732,0.036129333617091974,0.3908717691254868,0.4976558088846884,0.1729528623569307,0.042999720390137997,0,0,-0.06960074919557509,0.07471857335795251,0.10030710849474864
2010-10-19,9.729999542236328,9.859999656677246,9.529999732971191,9.65999984741211,1269000.0,0.013689095831672757,0.007848866046281336,0.47518164124011986,0.035963505785713,0.40094115783532824,0.44544029660739803,0.15598583040632513,0.03882530962680307,0,0,-0.06415470268279645,0.0794298076258209,0.11914461432321732
2010-10-20,9.75,9.84000015258789,9.470000267028809,9.529999732971191,1383300.0,0.013519699027646187,0.007878837825581977,0.437575933485414,0.0357724326623568,0.3837649083132157,0.41682489556967545,0.13469800760777267,0.034274905837267056,0,0,-0.06728774625233612,0.07867497317667538,0.15734994635335076
2010-10-21,9.619999885559082,9.75,9.43000030517578,9.539999961853027,1232200.0,0.013556325340050857,0.00797624610830902,0.44068430153413496,0.035603920153639335,0.4126431658965197,0.4001621647867647,0.11116347097729001,0.03832826197799306,0,0,-0.03987409497255509,0.09338933559920219,0.18887725510708603
2010-10-22,9.5600004196167,9.699999809265137,9.5,9.630000114440918,598300.0,0.013483072715241545,0.008171062852408983,0.4695601239883668,0.035525777016848004,0.4135485899840797,0.42207920288788087,0.08930997267755608,0.04029638645372456,0,0,-0.028301934889235325,0.09958069319327449,0.21488461690332752
2010-10-25,9.710000038146973,9.869999885559082,9.529999732971191,9.550000190734863,1171500.0,0.013350302223619631,0.008380865486159295,0.44301527921991624,0.03536747242504257,0.38413617098727265,0.4465041269305054,0.085353861316107,0.036442704649747526,0,0,-0.04361371456934079,0.08307374675263006,0.19314637949879532
2010-10-26,9.470000267028809,9.829999923706056,9.449999809265137,9.75,920500.0,0.013304519114803778,0.00859441468164511,0.5084985891902677,0.03525509321161169,0.38391788560144213,0.4656526571128686,0.07298537107958158,0.039470714978864785,0,0,-0.018848199118405504,0.10890051739077508,0.21047112409040195
2010-10-27,9.630000114440918,9.720000267028809,9.489999771118164,9.649999618530272,1299400.0,0.013162591826770653,0.008755513084708927,0.4731453303552493,0.03508909811777683,0.38304610004539547,0.441443902793716,0.06150034443137947,0.03519630257076596,0,0,-0.03487181052183493,0.09025642199394031,0.18256407517653245
2010-10-28,9.720000267028809,9.75,9.56999969482422,9.640000343322754,726200.0,0.013052712889556686,0.008858541210039261,0.46952328883461136,0.034996260576466987,0.39275039017377755,0.48178319302389716,0.054049922985495824,0.032807447490912675,0,0,-0.04455961887812714,0.08186528425721815,0.1782382778597927
2010-10-29,9.5600004196167,9.59000015258789,9.420000076293944,9.489999771118164,1153200.0,0.012860424531122197,0.009008400285188303,0.4154135986606816,0.03483868742646029,0.37406386275242465,0.3644860535706671,0.042029453058435085,0.029013964045461273,0,0,-0.02800834524354457,0.09854769454683307,0.22199163002423855
2010-11-01,9.520000457763672,9.699999809265137,9.470000267028809,9.600000381469728,1899300.0,0.012892472881941341,0.009158259360337345,0.45742951620045036,0.0345936613990232,0.39386627903584986,0.4446349364993697,0.03095037071709167,0.03526176417375286,0,0,-0.024236090775326184,0.10432031559485663,0.22128550879279701
2010-11-02,9.729999542236328,9.779999732971191,9.609999656677246,9.710000038146973,1072900.0,0.01287873812394462,0.009354949385305095,0.49796402836596176,0.03446334482344027,0.3856377435116496,0.5406706118456779,0.02927622088615542,0.038791098537804894,0,0,-0.045833287802009265,0.08125006829698607,0.16770839024748838
2010-11-03,9.75,9.770000457763672,9.59000015258789,9.68000030517578,903700.0,0.013020665411977717,0.009589104134398618,0.48560068174267856,0.03435235210605969,0.40247383516110985,0.5162735912999228,0.025139920036626795,0.035818352275530846,0,0,-0.04737384514313119,0.07826984818703174,0.15962926721374768
2010-11-04,9.859999656677246,10.010000228881836,9.6899995803833,9.8100004196167,3105800.0,0.013171749496422039,0.009812019555577353,0.5346630997528199,0.03399861862542891,0.38358989055271725,0.6332852025459584,0.0454233279733626,0.04603496768038948,0,0,-0.05888426413782723,0.06714881732566086,0.19008265439868474
2010-11-05,9.329999923706056,9.829999923706056,9.029999732971191,9.8100004196167,3550100.0,0.013249580519436949,0.010053667249496037,0.5346630997528199,0.03359964502125329,0.4386542865253884,0.3897259374583642,0.055759910368791854,0.057713120281583576,0,0,-0.03058105789016743,0.12028544900122287,0.24770644253150048
2010-11-08,9.729999542236328,9.829999923706056,9.56999969482422,9.699999809265137,2002500.0,0.013341146300448595,0.010179174209301839,0.4828935538307598,0.03336377564420434,0.4569914715305676,0.5080760417155704,0.0653581654502619,0.051125840885540876,0,0,-0.07135573693405484,0.07951076995733547,0.20183490430350134
2010-11-09,9.710000038146973,9.93000030517578,9.699999809265137,9.75,1507200.0,0.013496808346478428,0.010394596507009538,0.5044137631034374,0.03319201647506215,0.44382352462141794,0.5776851936723448,0.06398383222391196,0.05608381716804552,0,0,-0.07010312562339086,0.08247424808923481,0.21237118145600903
2010-11-10,9.739999771118164,10.119999885559082,9.6899995803833,10.06999969482422,2433000.0,0.013748614135105433,0.010662469418493317,0.6238928207423589,0.03296355363590814,0.49446735563924105,0.6778571622985772,0.04543674812199808,0.06408723827694535,0,0,-0.07282051673302284,0.07897440592447917,0.21128209431966147
2010-11-11,9.899999618530272,10.18000030517578,9.890000343322754,10.079999923706056,1389200.0,0.014091986141364143,0.010816074876731988,0.6272119935995855,0.032834914813044236,0.5303913520092435,0.6934963887346207,0.033587002492703105,0.06865705028043224,0,0,-0.08639522462014004,0.02780543149265661,0.196623689763201
2010-11-12,9.949999809265137,10.199999809265137,9.949999809265137,10.010000228881836,1518400.0,0.014201865078578124,0.010883511558804293,0.5893767745567937,0.03268878071328857,0.46137010004308443,0.636469431395793,0.024430360341144014,0.06366223128669879,0,0,-0.09126984952949227,0.024801587489306637,0.20138886392221647
2010-11-15,10.06999969482422,10.239999771118164,10.050000190734863,10.18000030517578,2282000.0,0.014366683921019155,0.01094907496000884,0.6493885054481522,0.03249379193851493,0.48124515064056517,0.6469565356400908,0.019768027440804636,0.07116893369956742,0,0,-0.10389609770960036,0.01698302421646731,0.1908091712027327
2010-11-16,10.039999961853027,10.130000114440918,9.90999984741211,10.010000228881836,2325900.0,0.014526924365254601,0.011110173541718574,0.5601662183319875,0.03227348403417474,0.48241911987152164,0.5597838790173325,0.007395618752433997,0.06351782101679304,0,0,-0.09921416489234537,0.019646346097205083,0.17485262078687705
2010-11-17,10.0,10.079999923706056,9.869999885559082,9.960000038146973,1508700.0,0.014723791121894689,0.011218821331006282,0.5353233861429133,0.03212720040564482,0.49704046622301107,0.5284714218185739,0.0,0.05855491044260596,0,0,-0.09690312136358084,0.02397600056248682,0.14185814623628276
2010-11-18,10.0600004196167,10.56999969482422,10.0600004196167,10.40999984741211,3869800.0,0.01512210259676039,0.011439863471317271,0.6832624474966562,0.03185761460907316,0.5341815184474915,0.6378207161690641,0.021611386481688866,0.07128472507771509,0,0,-0.10341372316270957,0.051204746310664184,0.1626505902966318
2010-11-19,10.4399995803833,10.5600004196167,10.420000076293944,10.510000228881836,1740400.0,0.015524992469831703,0.011659032330760474,0.7094988404595245,0.03174780915071951,0.5406422099578891,0.6441410562248133,0.04167910250039994,0.07700981924044803,0,0,-0.13544667320649678,0.012488003491492589,0.09221902518909485
2010-11-22,10.600000381469728,10.81999969482422,10.399999618530272,10.800000190734863,1888400.0,0.016097279146929572,0.011835116802120516,0.7768253565462312,0.03166126869175506,0.5963964880801869,0.649737528969737,0.07788876442941467,0.0832217635158473,0,0,-0.14938159983899163,0.02093237950175554,0.09609888232276205
2010-11-23,10.649999618530272,10.670000076293944,10.420000076293944,10.449999809265137,1420200.0,0.016417759598780363,0.011969989987619237,0.6169373366665404,0.031567828415184795,0.5636161201946897,0.5862039571263827,0.11151202193492843,0.07854997615092353,0,0,-0.14999998675452345,0.015740747527003662,0.07314814332417852
2010-11-24,10.600000381469728,10.93000030517578,10.579999923706056,10.93000030517578,1172500.0,0.017003781470495055,0.012204144736712774,0.7237367009585739,0.0315235620819328,0.5771172971308421,0.6265333964132012,0.1581216306193084,0.08240694748268886,0,0,-0.15023929924922574,0.03157894064394795,0.06124396184974109
2010-11-26,10.8100004196167,10.93000030517578,10.739999771118164,10.899999618530272,390300.0,0.017580646109178436,0.012436426204938539,0.7115088849675512,0.0315081948342551,0.5858277832131363,0.6061842980389563,0.20140198154051842,0.08112304478692084,0,0,-0.16285458709480624,0.01097894622219321,0.04117107014645227
2010-11-29,10.880000114440918,10.890000343322754,10.529999732971191,10.729999542236328,1170600.0,0.018148354388070692,0.012638735893863676,0.6428231980693533,0.0314507842238253,0.5926099121623817,0.5601873914982078,0.21531604564756313,0.07727232355795326,0,0,-0.1697248115793215,0.004587173622452236,0.03027522341790238
2010-11-30,10.550000190734863,10.869999885559082,10.489999771118164,10.760000228881836,1237100.0,0.018679436354558307,0.012739890738326251,0.6500671069409053,0.031392519713342004,0.5981634364142568,0.5447130618558357,0.22354367073028164,0.08134179838484185,0,0,-0.14165894898508785,0.035414737246271796,0.0894687864960422
2010-12-01,11.020000457763672,11.229999542236328,10.890000343322754,10.899999618530272,1293700.0,0.019224253079042644,0.012912228647950746,0.6838298126967886,0.031342257371730076,0.5695578165677815,0.5798496493291725,0.2544869111094445,0.08559746048454744,0,0,-0.18494430134406034,0.01951664312320178,0.06040888519551813
2010-12-02,10.899999618530272,11.31999969482422,10.869999885559082,11.270000457763672,1017900.0,0.01995220180217036,0.013168862410165641,0.760843106661307,0.03132442026757898,0.5856545134322038,0.5865172874580485,0.28815681474176785,0.08894587082024374,0,0,-0.17155962853246653,0.0385321184397051,0.08532113190121228
2010-12-03,11.220000267028809,11.649999618530272,11.199999809265137,11.420000076293944,2999100.0,0.020689306885089173,0.013536017063890127,0.7877965169332787,0.031297842648023766,0.6000859037631946,0.6073902981530612,0.3352155069472538,0.09881149361009227,-1,0,-0.19432124623819078,0.03815433309989312,0.039928996538339916
2010-12-06,11.34000015258789,11.619999885559082,11.260000228881836,11.609999656677246,1134100.0,0.021513399350814033,0.013876946321403627,0.8197218676525241,0.03130009752821411,0.5532923008068011,0.6025507022470887,0.37891286399520524,0.10254214707478741,-1,-1,-0.20227674292331074,0.027145312072798435,-0.009632277549621546
2010-12-07,11.84000015258789,11.859999656677246,11.420000076293944,11.56999969482422,1569000.0,0.02236954016735805,0.014201016408399048,0.8008634584140327,0.03129965040754362,0.5431421133808796,0.6012788977680245,0.42951212192573957,0.0973808779749667,0,-1,-0.24203277370474227,0.0017226102222882647,-0.06201552870974597
2010-12-08,11.600000381469728,11.699999809265137,11.40999984741211,11.479999542236328,1027600.0,0.023161584718883854,0.014506354044008615,0.7577126335612784,0.03129413613387322,0.5496558951729644,0.5754125370343537,0.47516944715956494,0.094000559219724,0,-1,-0.22212625032723324,0.022471848060966422,-0.05617982621860967
2010-12-09,11.600000381469728,11.600000381469728,11.279999732971191,11.40999984741211,795400.0,0.023775076106591977,0.014777973517227927,0.7241038528126135,0.0312867426588227,0.5086605749924493,0.5486307490078147,0.5002950234998251,0.09138406881692132,0,-1,-0.223867661234932,0.02264802139154697,-0.05574916104901536
2010-12-10,11.460000038146973,11.5,11.359999656677246,11.4399995803833,804200.0,0.02439772385409124,0.01507019854405496,0.731137609802737,0.03128064793591673,0.5022307745520878,0.538765763763567,0.5236259158157812,0.09402950706426093,0,-1,-0.21297110759619572,0.03505693460819782,-0.07186675773796808
2010-12-13,11.5,11.850000381469728,11.5,11.699999809265137,1723500.0,0.02517145524941472,0.015405508137611046,0.7881030326993849,0.03129279804541274,0.5232898322283482,0.5618020408894133,0.5618993684845199,0.09969900820737183,0,-1,-0.2159091221702694,0.03146850261205903,-0.06993008916771823
2010-12-14,11.770000457763672,11.890000343322754,11.579999923706056,11.619999885559082,1691800.0,0.025830729309318623,0.015797014906678772,0.746903190114459,0.031297077000492224,0.4806754677951418,0.5518409717215645,0.5990984045086369,0.0941337850951496,0,-1,-0.23418809995387313,0.010256400642336343,-0.11538464986988066
2010-12-15,11.56999969482422,11.59000015258789,11.260000228881836,11.34000015258789,822700.0,0.02643964229882116,0.016096733056976842,0.6162749858257632,0.03128627879362195,0.4763575073189602,0.5011416682976206,0.5940768978336117,0.0914274905837267,0,-1,-0.218588639145311,0.02753878241394982,-0.11273661607952379
2010-12-16,11.420000076293944,11.449999809265137,11.170000076293944,11.300000190734863,670600.0,0.027053133686529285,0.01645826804674394,0.5990337979664926,0.03127600431255256,0.47976566916817215,0.4801998421393269,0.5796838969631097,0.08922153324890211,0,-1,-0.2107584048645125,0.041446231102699946,-0.0899471291039532
2010-12-17,11.279999732971191,11.699999809265137,11.100000381469728,11.699999809265137,2088400.0,0.02764373351982949,0.016874126931154906,0.7022136580838748,0.031290602705423276,0.49291441973246897,0.5086833607467008,0.5811288212511985,0.09609138308195858,0,0,-0.19911504088688672,0.053982353987189875,-0.04955747402566768
2010-12-20,11.68000030517578,11.81999969482422,11.600000381469728,11.760000228881836,864700.0,0.028216020196927358,0.017271253364180006,0.7156881379771561,0.03129949396784859,0.4907957059475168,0.5451056496923624,0.5888589975010639,0.09893583776048948,0,0,-0.18034193544863703,0.017948721501745417,-0.07863248643520514
2010-12-21,11.779999732971191,11.81999969482422,11.56999969482422,11.710000038146973,683200.0,0.02863264482799538,0.017685238967723213,0.6921141528982824,0.031304605682613285,0.45772470773459445,0.534657072736286,0.5925355288031604,0.09668843237553248,0,0,-0.17772109795159519,0.009353793215191253,-0.11479586747625196
2010-12-22,11.699999809265137,11.800000190734863,11.56999969482422,11.770000457763672,542300.0,0.029236979855912393,0.01812732324834518,0.7072251853230952,0.031310455913447166,0.4878194670920408,0.5349583618523794,0.5959494507265357,0.09847234329511999,0,0,-0.1716481829491014,0.01622549388886966,-0.10418448019252656
2010-12-23,11.75,11.850000381469728,11.649999618530272,11.800000190734863,478200.0,0.029635291330778107,0.018554421460670906,0.7150007579082341,0.031316398773824305,0.4688418326715565,0.5447916680164155,0.602221252882998,0.10004539548347834,0,0,-0.15972812585583557,0.011894676115361368,-0.08071365950020014
2010-12-27,11.6899995803833,11.880000114440918,11.6899995803833,11.880000114440918,413600.0,0.030083964312665287,0.019032097184550886,0.7360455156299864,0.03132335973905259,0.4718215511493102,0.5542220117622219,0.6099581851427736,0.10140594417671343,0,0,-0.1542372597801522,0.01694921692429208,-0.06355932100652725
2010-12-28,11.869999885559082,12.010000228881836,11.84000015258789,11.979999542236328,665400.0,0.030656250989763156,0.01944608260944819,0.7616915528919729,0.03133821078701726,0.4779309191011729,0.5861327586898423,0.6252375377366999,0.10359479596703892,0,0,-0.16835016672843875,0.011784540570212143,-0.04040400148253006
2010-12-29,12.0,12.09000015258789,11.880000114440918,11.979999542236328,455800.0,0.031214802472244216,0.019850701987298464,0.7616915528919729,0.03134836309146538,0.46689904604516486,0.5908997386374171,0.6441381556952186,0.10509416273293969,0,0,-0.1777963435583994,0.007512533892058074,-0.04090148496171769
2010-12-30,11.979999542236328,12.079999923706056,11.8100004196167,11.81999969482422,532000.0,0.03163600550151785,0.020255321365148737,0.6649997163126168,0.03135549970976853,0.4816397509637761,0.5562992847364954,0.650843272113564,0.10334413394957154,0,0,-0.17612685620214713,0.009182021248310373,-0.03171946371340718
2010-12-31,11.81999969482422,11.829999923706056,11.390000343322754,11.420000076293944,852400.0,0.03170467972812155,0.020609363410090675,0.4753085730478458,0.03134814137611064,0.45057555688976714,0.4109103230482628,0.6047972332197749,0.10054014046283656,0,0,-0.14890011172996861,0.02284267891156535,-0.020304549688208193
2011-01-03,11.579999923706056,11.859999656677246,11.479999542236328,11.68000030517578,1997200.0,0.03182371546174673,0.02101023640485132,0.5644290994601312,0.03135946389927918,0.4540678368810382,0.4599520599094529,0.5646312856616724,0.10710998536160134,0,0,-0.10332752165433631,0.04465851361424344,-0.011383547598285816
2011-01-04,11.65999984741211,11.739999771118164,11.300000190734863,11.399999618530272,1646700.0,0.031727571282529496,0.0213417994366719,0.45832150161949425,0.031343529477911525,0.4140286369035986,0.3739884861344312,0.510784274329299,0.10169311995263079,0,0,-0.10787672910620487,0.036815093659307054,-0.01541098462951387
2011-01-05,11.40999984741211,11.630000114440918,11.350000381469728,11.609999656677246,979400.0,0.03174588443873183,0.021727686363136337,0.5263819575751268,0.03134532207275326,0.4412469512643466,0.39967485827790294,0.4607834780920948,0.10491488346847809,0,0,-0.08684208809173628,0.05964915157281815,0.0035087687010102093
2011-01-06,11.59000015258789,11.630000114440918,11.350000381469728,11.4399995803833,1002000.0,0.031727571282529496,0.022044263505306583,0.4662240630992557,0.031337869462900736,0.4447776996235642,0.377725465514542,0.41435416730040536,0.10161877662461553,0,0,-0.09474594435815376,0.0430663234096166,-0.02239450788719882
2011-01-07,11.449999809265137,11.520000457763672,11.130000114440918,11.239999771118164,1261500.0,0.03164974025951457,0.02234210837473688,0.40160166349422,0.03131481049641538,0.4366297756562365,0.31167190346530693,0.3931404380739603,0.09746903731969275,0,0,-0.08391609032863334,0.0559440880068031,-0.06031465084723212
2011-01-10,11.199999809265137,11.260000228881836,11.109999656677246,11.260000228881836,1236900.0,0.03156733127491414,0.022645572908124606,0.40891832369543624,0.0312936436456599,0.4594423279768346,0.2922024855064601,0.3752859077152794,0.1015378542410237,0,0,-0.0631672644666203,0.07918152681903622,-0.07206401089292935
2011-01-11,11.329999923706056,11.4399995803833,11.18000030517578,11.210000038146973,939100.0,0.03134299500228059,0.022967769892898143,0.39216088370039515,0.0312750927861466,0.4397490939963831,0.33366577216906673,0.3376555364631387,0.09844865869504432,0,0,-0.074600367274709,0.06749557845766628,-0.07726464190715904
2011-01-12,11.31999969482422,11.609999656677246,11.3100004196167,11.510000228881836,1036700.0,0.03129263393187921,0.02332555832092971,0.5010787387160069,0.031271494867079974,0.47229564192950935,0.4079179152094025,0.3128467915892453,0.10185891215316041,0,0,-0.04014271255431004,0.06868871143116893,-0.06601246820695703
2011-01-13,11.539999961853027,11.81999969482422,11.529999732971191,11.670000076293944,1043800.0,0.031443717579703434,0.023692712974654195,0.5514236207243471,0.03127689516533544,0.4801807929211891,0.47298529704574105,0.3080431084052751,0.10529252125857333,0,0,-0.05821025742577539,0.047784550807806046,-0.07906167066171407
2011-01-14,11.6899995803833,11.960000038146973,11.670000076293944,11.829999923706056,1206500.0,0.031686367008539315,0.024095459071636724,0.5981924306860822,0.0312935039629193,0.4836922471107405,0.5191069850506576,0.31425953100842224,0.10926133653514038,0,0,-0.05055691474347781,0.034275969973396825,-0.08483288471687478
2011-01-18,11.770000457763672,11.770000457763672,11.56999969482422,11.670000076293944,542200.0,0.03167263225054259,0.02444388127397537,0.5346372288888744,0.03129627937013152,0.441231467462423,0.46030198917353893,0.30811064299532903,0.10747775456833171,0,0,-0.056635678834733964,0.027049847581399687,-0.08284027914039359
2011-01-19,11.6899995803833,11.789999961853027,11.220000267028809,11.229999542236328,881600.0,0.031429982385086624,0.024709880904591378,0.3902865098459689,0.031279951806173045,0.4159445508889976,0.37070663147227517,0.27611012296330834,0.10457770687017878,0,0,-0.05055691474347781,0.034275969973396825,-0.04284490117662327
2011-01-20,11.109999656677246,11.220000267028809,10.949999809265137,11.119999885559082,1165800.0,0.03115986300363721,0.024975880713853302,0.3596328180248092,0.03125156690112263,0.4204227508567969,0.28408546104881793,0.2673919639020038,0.10074277537459497,0,0,-0.014247538195379767,0.0872662988297405,-0.024933191841914434
2011-01-21,11.210000038146973,11.210000038146973,10.829999923706056,10.949999809265137,1126500.0,0.03078444264655937,0.02520066923725392,0.3142828669544949,0.03121400776812061,0.4038349237941486,0.2787837041433593,0.26757503029852003,0.09703712232109081,0,0,-0.03417267251363923,0.07913670175336283,-0.07104316276828003
2011-01-24,10.869999885559082,11.020000457763672,10.75,10.960000038146973,1444500.0,0.03039986592969038,0.025367387482921028,0.31819479237154236,0.03116683375720425,0.4152897498937372,0.2792069542226419,0.2731289761537053,0.10178884521126992,0,0,-0.01095889384925344,0.11141555144106288,-0.02739727816990663
2011-01-25,10.859999656677246,10.93000030517578,10.59000015258789,10.640000343322754,1383300.0,0.029832157650798122,0.02547228888911912,0.2379771695451821,0.03109832587474992,0.38702771976615014,0.26053538767672246,0.28855585057852984,0.0972384414217339,0,0,-0.02463499116328514,0.11222632222897355,-0.03010948198517054
2011-01-26,10.710000038146973,10.859999656677246,10.479999542236328,10.699999809265137,1536100.0,0.02924613621570353,0.025601542232014565,0.2629874222430235,0.031027529477485438,0.3832052748360514,0.2803317954351976,0.3095070330399307,0.10229148505732001,0,0,-0.021616587264020513,0.12969925469099744,-0.039473690107305386
2011-01-27,10.710000038146973,10.850000381469728,10.40999984741211,10.420000076293944,1806000.0,0.028531922687192623,0.025646499900965486,0.1991133434231328,0.030918024197442995,0.3485966086016222,0.27974140279695525,0.33309935772067684,0.09635059787167552,0,0,-0.028037401503044228,0.12897197561124954,-0.03364482832658748
2011-01-28,10.390000343322754,10.510000228881836,10.140000343322754,10.260000228881836,1564200.0,0.02781770915868173,0.025693330850784207,0.16661012444183554,0.03081052971615783,0.3474379225417593,0.25947223986476853,0.3694116929693712,0.09120511850523857,0,0,-0.02399232228114502,0.1631477732070969,-0.010556680378709379
2011-01-31,10.279999732971191,10.5,10.18000030517578,10.399999618530272,978000.0,0.02735072302059223,0.025775753243860944,0.22752994575006746,0.03075082768236498,0.36986202154068903,0.2987035973852389,0.4031302899860159,0.09442227668218227,0,0,-0.013645164378684915,0.17641329232347963,-0.021442427723850875
2011-02-01,10.510000228881836,10.739999771118164,10.380000114440918,10.720000267028809,1027300.0,0.02691120683511626,0.02583382370024033,0.35094257051583655,0.030705618275158553,0.38629077099914483,0.35596325968584475,0.4054021641540109,0.09780160857908847,0,0,-0.03557691337794207,0.15192307515962586,-0.04903848534505131
2011-02-02,10.65999984741211,10.859999656677246,10.630000114440918,10.760000228881836,927800.0,0.026618196335879016,0.025880654650059023,0.3652225481597098,0.030666873616419732,0.4070133550117735,0.3866736784132049,0.39455638189019887,0.10085363246106022,0,0,-0.048507415217955055,0.1333955475331462,-0.0615671484115585
2011-02-03,10.760000228881836,10.760000228881836,10.260000228881836,10.43000030517578,2840800.0,0.026077958009600277,0.025811344865764863,0.2802407571052744,0.03050003798181483,0.3714625668564483,0.3512344693027843,0.4074136898983524,0.09150874192009736,0,0,-0.0576208059824095,0.12360593823558556,-0.04832717906156676
2011-02-04,10.460000038146973,10.489999771118164,10.15999984741211,10.479999542236328,2075600.0,0.025638441824124295,0.025816964529722236,0.2993580933013914,0.030384568802334366,0.41838139115347933,0.3441834404981381,0.4246607589301476,0.09833648579746376,0,0,-0.03068069851018338,0.1562799680487111,-0.007670174627545845
2011-02-07,10.520000457763672,10.9399995803833,10.460000038146973,10.800000190734863,1748100.0,0.025436997105898695,0.02579261241437901,0.41235789317841565,0.030316985009139263,0.44437074579896046,0.4083774286785098,0.39843804678060707,0.10408690932416652,0,0,-0.03625955448847565,0.1498091377291412,-0.04484735568304378
2011-02-08,10.8100004196167,10.989999771118164,10.739999771118164,10.9399995803833,961300.0,0.025290491419659986,0.02580010535920417,0.4563959760113464,0.030286964546351047,0.430949336038339,0.4375737149976617,0.37004600071508703,0.10724913238704584,0,0,-0.06203704300567763,0.11851849170051695,-0.06388893721034902
2011-02-09,10.920000076293944,11.420000076293944,10.899999618530272,11.390000343322754,1396300.0,0.025372900840880508,0.025923739216788103,0.57724313888781,0.03027601316058931,0.4707502373176506,0.4993323847623311,0.34539909891147463,0.11184230003782956,0,0,-0.07129796735731328,0.10694699462254954,-0.07312616283544977
2011-02-10,11.34000015258789,11.550000190734863,11.300000190734863,11.510000228881836,2500700.0,0.025372900840880508,0.02606423206624421,0.6050819058144954,0.0302719749819092,0.4982978554757331,0.5382826268522352,0.33039765993251585,0.12006842217799635,0,0,-0.10535555514435271,0.06496924923729099,-0.11150135377372417
2011-02-11,11.460000038146973,11.65999984741211,11.359999656677246,11.600000381469728,813800.0,0.02534085292668145,0.026195358868653304,0.6258347756379161,0.030274432923693695,0.5089572435084736,0.5571824852523014,0.3229824565877825,0.12274543989210349,0,0,-0.11468285565381374,0.04344048566961441,-0.12858388066725715
2011-02-14,11.609999656677246,11.640000343322754,11.380000114440918,11.579999923706056,735300.0,0.025226395591261885,0.0262534291463868,0.6183204064810937,0.03027589298101868,0.5144695701608697,0.5639165365155993,0.3160969106248159,0.12032665010937679,0,0,-0.1267240745700943,0.03017244568619413,-0.13965515795559197
2011-02-15,11.529999732971191,11.609999656677246,11.420000076293944,11.449999809265137,1330000.0,0.025125673013839014,0.0262590488103442,0.5689732399208342,0.030269668383183013,0.4959676410140369,0.5612646184190333,0.30970318937348956,0.11595157815095643,0,0,-0.1200344903977843,0.037133014508532416,-0.13212433014261465
2011-02-16,11.43000030517578,11.529999732971191,11.3100004196167,11.479999542236328,1314800.0,0.025240130349258608,0.02623469669500096,0.577450397711913,0.030265558197407616,0.5278443004247796,0.550119913081226,0.29318483584228605,0.12027664928699484,0,0,-0.11266375400366212,0.046288187056765434,-0.12489085842766989
2011-02-17,11.479999542236328,11.5,11.40999984741211,11.449999809265137,1388000.0,0.02539121399708283,0.026212217860525494,0.5651778516063538,0.030259115622956967,0.5185635153162691,0.5433930578543656,0.2778463647061686,0.11571078471685389,0,0,-0.1167246735492935,0.041811891554931147,-0.1306620261160565
2011-02-18,11.449999809265137,11.449999809265137,11.270000457763672,11.329999923706056,869600.0,0.025565189199314983,0.02618411936209264,0.516037569404486,0.03024978133181877,0.5211081828943717,0.5171143134276313,0.2498736458902977,0.11285021135216039,0,0,-0.11441043561261499,0.04454150544781257,-0.1318777514441503
2011-02-22,11.229999542236328,11.279999732971191,10.710000038146973,10.760000228881836,1351600.0,0.02547362341830335,0.026062358964022356,0.3326989068184051,0.030196189287558572,0.48213281516979356,0.44159168253581055,0.2533016976203615,0.10840408559351304,0,0,-0.09620469605060987,0.0644307591197106,-0.09796996153148815
2011-02-23,10.789999961853027,10.970000267028809,10.15999984741211,10.390000343322754,2609800.0,0.025359166082883786,0.02586566911770051,0.24709728341232995,0.03004454814397456,0.4790577788160151,0.3735795099660071,0.283508039247821,0.09981907597164427,0,0,-0.0604088851955183,0.10873606425708507,-0.05111525827467557
2011-02-24,10.420000076293944,10.550000190734863,10.25,10.460000038146973,1645000.0,0.025249287145669805,0.025633387649474745,0.27312115269134507,0.029955449013074842,0.4875047012403985,0.3631622182039609,0.31155678504474765,0.10523034918337472,0,0,-0.02694896282184769,0.14821943320172523,0.0057747318536850575
2011-02-25,10.470000267028809,10.649999618530272,10.359999656677246,10.579999923706056,1699100.0,0.025322539770479116,0.025438570905374755,0.31763819864821363,0.029874184458303088,0.5404232189201522,0.3818896054281604,0.32814919428734174,0.11081958584845145,0,0,-0.031548749761239524,0.1424473963369242,-0.016252397291966113
2011-02-28,10.640000343322754,10.710000038146973,10.550000190734863,10.630000114440918,2220600.0,0.025491936574505672,0.025305571000743807,0.336264615344704,0.02977422793131712,0.5515972199267096,0.39411344910447726,0.33784562482040975,0.11812431125511932,-1,0,-0.047258979546840635,0.12476367715906726,-0.05293009675377536
2011-03-01,10.550000190734863,11.199999809265137,10.329999923706056,10.699999809265137,4900700.0,0.025629285464333185,0.025193176649720553,0.3629190108612579,0.029573253345572814,0.5292519127439003,0.4087979066508193,0.30688052305857855,0.13424530008717248,0,0,-0.03857006989634197,0.11665096498292761,-0.055503306325121474
2011-03-02,10.649999618530272,11.020000457763672,10.619999885559082,10.789999961853027,1756100.0,0.02566133337853224,0.025022712020963803,0.397243516068428,0.02950985303905662,0.5053301157338492,0.41834194736897945,0.27812721427973514,0.1400220398361815,0,0,-0.04766348451388841,0.10654209006019127,-0.07102797091168486
2011-03-03,10.869999885559082,11.199999809265137,10.869999885559082,11.1899995803833,1613400.0,0.025858199698552242,0.02491593733389795,0.5292028093307947,0.02948383234010038,0.5336846517595853,0.4657002224258136,0.24926640034345965,0.14532936396980212,0,0,-0.06765519414431594,0.07321593740926725,-0.0945319284240464
2011-03-04,11.220000267028809,11.239999771118164,10.770000457763672,10.829999923706056,1681200.0,0.026041331260575534,0.024751092369098587,0.41705600174827306,0.029427019833376866,0.5267127904366675,0.43520047331115724,0.21903658520202607,0.13979900985213572,0,0,-0.09651474210949527,0.03932078613788734,-0.12064347024966411
2011-03-07,10.850000381469728,10.869999885559082,10.3100004196167,10.420000076293944,1922600.0,0.02601386174458209,0.024498205168619225,0.3152638481052741,0.029323680510574157,0.4633368105895503,0.35166340382670924,0.21973572579622952,0.13347456372637706,0,0,-0.06555863740985239,0.07479219498140097,-0.10341651404648697
2011-03-08,10.449999809265137,10.609999656677246,10.260000228881836,10.56999969482422,1360100.0,0.025908560768953634,0.02426779680261533,0.3629382165723035,0.029260968784702912,0.46986006876853326,0.34688371022987824,0.22312306367683316,0.13794865047122484,0,0,-0.029750428375489954,0.11612284350167974,-0.061420286464725686
2011-03-09,10.600000381469728,10.630000114440918,10.470000267028809,10.529999732971191,1017400.0,0.025720850808724743,0.024014909602135953,0.353017942944333,0.0292122450780547,0.4529616666442365,0.36583516645174297,0.22456194115066602,0.13460188489942268,0,0,-0.043519399378244186,0.10028377450771618,-0.07379382300525972
2011-03-10,10.359999656677246,10.5,10.25,10.289999961853027,1527900.0,0.025217238358230587,0.023698332459965707,0.29549997291899643,0.02912146030756796,0.406724014396723,0.34101455828896227,0.23841100882983596,0.12957581539170052,0,0,-0.020892622880667084,0.12345681136765323,-0.04083564695211404
2011-03-11,10.18000030517578,10.390000343322754,10.18000030517578,10.350000381469728,1606700.0,0.024686156391742972,0.023392994824356125,0.3168344650636382,0.029031169545364777,0.39237281863829343,0.34355368816101,0.25505485697403996,0.13486109968913962,0,0,-0.003887265500613506,0.1438289162024264,0.004859012365977188
2011-03-14,10.199999809265137,10.369999885559082,10.09000015258789,10.279999732971191,1045500.0,0.02408182136382596,0.023104516180618734,0.2994078238078529,0.02896910559383664,0.3900368652419439,0.3404629721338338,0.27538966370485196,0.1314218983864866,0,0,-0.010627985760675484,0.1410628004189164,0.03285025507792394
2011-03-15,9.90999984741211,10.130000114440918,9.880000114440918,10.0600004196167,1244900.0,0.023385920991517387,0.022849755877917488,0.24715637195965423,0.028882179824951115,0.3931238384328492,0.3086032193945361,0.304973656141227,0.1273267652428494,0,0,-0.0029182620379816578,0.17023346745692997,0.08560312619644152
2011-03-16,10.010000228881836,10.0600004196167,9.899999618530272,10.0,1586300.0,0.022722068533407885,0.022535051837969097,0.2335143566835517,0.028767306133842874,0.41968877434178065,0.3103151543912648,0.33244450626071814,0.12210858731229131,0,0,-0.012922476045569705,0.1640158598117773,0.11431407262049499
2011-03-17,10.229999542236328,10.380000114440918,9.979999542236328,10.0,767400.0,0.022044481317301648,0.02227279859044272,0.2335143566835517,0.02871194193924509,0.3910654055980502,0.3416902407203084,0.32551254852654515,0.12463297093702198,0,0,-0.034999942779541014,0.14300003051757812,0.08600006103515626
2011-03-18,10.140000343322754,10.239999771118164,9.960000038146973,10.239999771118164,1932200.0,0.021490507796406114,0.022016165006873714,0.33557205371737153,0.02859549750311996,0.43348604005959596,0.3499186335156619,0.3203630183559936,0.13098899652954818,0,0,-0.026000022888183594,0.15199995040893555,0.07899999618530255
2011-03-21,10.359999656677246,10.5,10.300000190734863,10.380000114440918,901200.0,0.021055570009135743,0.02181760187968411,0.38942704167996445,0.028547504400354695,0.4357150020195981,0.4197856339345347,0.2923329417576142,0.13395351897235153,0,0,-0.046874956344253337,0.12695314646407543,0.055664127074125096
2011-03-22,10.350000381469728,10.380000114440918,9.949999809265137,10.050000190734863,1036700.0,0.02073051115907934,0.02159468663715125,0.2968649540380124,0.028476020402809277,0.44710003146613897,0.35275905434198895,0.28927220916620905,0.13054326551423542,0,0,-0.0452794086557797,0.12620418607894587,0.04816955630900113
2011-03-23,10.0,10.15999984741211,9.90999984741211,10.119999885559082,1295600.0,0.020606897027248577,0.021381137441665435,0.3242148556304978,0.02839136318708796,0.48794031805967053,0.3466165871129854,0.2888124875617468,0.13480517771673875,0,0,-0.011940286893696821,0.16517411103558685,0.0865671511490257
2011-03-24,10.18000030517578,10.199999809265137,10.06999969482422,10.119999885559082,809500.0,0.02045123498121873,0.021176954471872525,0.3242148556304978,0.02833864410965875,0.47076397670976156,0.37292299968585746,0.28465094044908645,0.13746805046135627,0,0,-0.02964428795725109,0.14624501570876913,0.056324081153162064
2011-03-25,10.1899995803833,10.489999771118164,10.050000190734863,10.06999969482422,1496800.0,0.020217741912173987,0.020907208100875083,0.3092189108077362,0.02823794056784762,0.42522947064289984,0.39668172766855087,0.25572286985400977,0.13254428526784978,0,0,-0.03063235864110455,0.14525694502491568,0.05039528010366779
2011-03-28,10.100000381469728,10.239999771118164,9.960000038146973,9.979999542236328,1359400.0,0.01992015257811104,0.020590630780058947,0.28212945001212686,0.028141055755564026,0.40153884765707953,0.3663607966859259,0.23544117441486945,0.12807250119245384,0,0,-0.021847097685800936,0.15292949439159914,0.05958286454604325
2011-03-29,9.960000038146973,10.029999732971191,9.81999969482422,9.989999771118164,2334400.0,0.01959509372805464,0.020245954960809928,0.28707959795948956,0.027976751642436792,0.4458090497629036,0.34400800036684287,0.22652707494937996,0.13575157486142864,0,0,-0.014028091156743753,0.16533063068262827,0.06913823767858443
2011-03-30,10.050000190734863,10.149999618530272,9.949999809265137,10.0,1119800.0,0.019233408565593593,0.019933124201729283,0.29235166603601337,0.027898891479014587,0.4397810816200444,0.37236045644435645,0.20770050649462096,0.1394351880787513,0,0,-0.023023073191211812,0.14814810572019405,0.06406400443558803
2011-03-31,9.960000038146973,10.140000343322754,9.869999885559082,10.0,2032500.0,0.018688591841109256,0.01970271601437129,0.29235166603601337,0.027758263338081457,0.4074354320634198,0.36540427952783805,0.19622127745921053,0.14612115330844255,0,0,-0.014000034332275212,0.15399999618530275,0.05
2011-04-01,10.0,10.199999809265137,9.90999984741211,9.979999542236328,1709900.0,0.018299436726034665,0.01948916681888546,0.28466985422803026,0.027639029353698608,0.4149078728864228,0.37776428982114874,0.1799851817260683,0.14049638974325235,0,0,-0.018000030517577946,0.14499998092651367,0.014999961853027165
2011-04-04,9.979999542236328,10.039999961853027,9.800000190734863,9.9399995803833,827900.0,0.018079678414986644,0.019299969738742873,0.26878987863044357,0.027579965678111773,0.44144635906207147,0.33617064826226956,0.17366038922141175,0.13777298968733037,0,0,-0.018036007991752916,0.1302605461285981,-0.0060119708110667755
2011-04-05,9.899999618530272,10.260000228881836,9.859999656677246,10.119999885559082,843500.0,0.017873655298555446,0.019142617718768698,0.379061146733193,0.02752708642575269,0.42525883964147,0.41535202249707165,0.14742843069757838,0.1405477063767496,0,0,-0.010060305031879314,0.13480887416055806,0.09255534357461938
2011-04-06,10.18000030517578,10.300000190734863,10.029999732971191,10.239999771118164,902900.0,0.017740884806933546,0.01906768809187122,0.4435021442729111,0.02747572539715909,0.4406289149984762,0.4944382705906137,0.12548895311972952,0.14351782101679303,0,0,-0.037549418847638946,0.10474303141593609,0.10474303141593609
2011-04-07,10.289999961853027,10.56999969482422,10.270000457763672,10.479999542236328,1375200.0,0.01782787218973958,0.019026476806009912,0.5531474818550505,0.027413242779002533,0.4729370255717245,0.6487218372334599,0.1267558730670672,0.14804157963124392,0,0,-0.0478515412178235,0.09277342094719605,0.06933594277506938
2011-04-08,10.550000190734863,10.56999969482422,10.279999732971191,10.300000190734863,740200.0,0.017804980635331646,0.01900399797153443,0.4652167867893754,0.027373483008330424,0.4397408935890147,0.6039673417197614,0.12793229873245215,0.14560667116235465,0,0,-0.0715648886221189,0.06583965749258627,0.03148854371377539
2011-04-11,10.289999961853027,10.329999923706056,10.029999732971191,10.079999923706056,885500.0,0.01771341485432,0.018970279630498285,0.3739644550698651,0.02731692874882452,0.4201467306061931,0.46255156945640263,0.10526216083165402,0.1426937943058274,0,0,-0.04757279243149262,0.09223298948282428,0.06407765390196765
2011-04-12,10.020000457763672,10.18000030517578,9.949999809265137,9.960000038146973,1175100.0,0.017667631745504134,0.01888785723742155,0.3299168689610742,0.02723553457998107,0.3871956221737387,0.38685459696300195,0.08945113064889154,0.13882827020181254,0,0,-0.021825423481543278,0.12103167882822186,0.097222177545019
2011-04-13,10.020000457763672,10.020000457763672,9.8100004196167,9.890000343322754,1340700.0,0.017617270675102756,0.018732378498315133,0.3050996722015791,0.02713865660630227,0.37264241397086734,0.31432776848421023,0.08637153622967103,0.1344180002960575,0,0,-0.022088380139177084,0.122489890429907,0.10040160604116292
2011-04-14,9.829999923706056,9.949999809265137,9.760000228881836,9.850000381469728,2119600.0,0.017548596448499043,0.018561913869558383,0.29078565936425615,0.026982368572837867,0.384416686058906,0.30454567452150777,0.08754979177684019,0.1274455171960065,0,0,-0.00707782531792134,0.1425682303807068,0.12234580345226216
2011-04-15,9.81999969482422,9.920000076293944,9.779999732971191,9.869999885559082,1187600.0,0.017379199644472487,0.01845701246336029,0.3024388350110099,0.0268963430888019,0.35203054432794606,0.32216070581695916,0.08864388621349728,0.13135216039737496,0,0,-0.006091316103424557,0.10659900000716446,0.17360405806317544
2011-04-18,9.739999771118164,9.829999923706056,9.699999809265137,9.729999542236328,752200.0,0.017081610310409542,0.018316519613904167,0.2503208039151996,0.02683714269953069,0.3474600906286176,0.2776265480668082,0.09661360915955436,0.12887777759502622,0,0,-0.004052681085797354,0.09017227493841458,0.1276595991379248
2011-04-19,9.760000228881836,9.869999885559082,9.710000038146973,9.8100004196167,1400300.0,0.016971731373195575,0.01813106909549711,0.29920398211201726,0.02673246951387942,0.3658520859607209,0.31896767898624273,0.09912490477223868,0.1334841033569631,0,0,-0.006166538791317231,0.08941417538434154,0.1346351004700352
2011-04-20,9.960000038146973,9.970000267028809,9.789999961853027,9.81999969482422,1622300.0,0.016834382483368063,0.017921266461746826,0.3054053719938201,0.026612504316953722,0.32595010587987855,0.36116781614041893,0.0894128819900159,0.13882070428789947,0,0,-0.02650358998577849,0.06218140984555453,0.08868499983133302
2011-04-21,9.899999618530272,10.039999961853027,9.779999732971191,9.93000030517578,1878000.0,0.01674739510056203,0.017647773707659742,0.3729144955216257,0.02648385638618389,0.33562262635933676,0.3948289289019685,0.07225854747372457,0.14499843747430055,0,0,-0.020366579987833183,0.06822811579587752,0.053971558362150736
2011-04-25,9.90999984741211,10.239999771118164,9.84000015258789,10.229999542236328,1622400.0,0.01682064772537134,0.017407999115962913,0.523318532396382,0.026395611807564,0.39462547398249137,0.49136214507131976,0.07016610470679863,0.15033536735801575,0,0,-0.021148039445428323,0.066465239388573,0.029204426278000382
2011-04-26,10.279999732971191,10.56999969482422,10.239999771118164,10.539999961853027,1500000.0,0.01707703234882403,0.017209435810127405,0.6376319230493271,0.026335672167525748,0.44326871966457626,0.6308163107312815,0.09526864575845645,0.15526965904044474,0,0,-0.05669598725898514,0.028347993629492745,-0.0009774463005824965
2011-04-27,10.539999961853027,10.789999961853027,10.470000267028809,10.789999961853027,1676100.0,0.017443295909490675,0.017061450015846136,0.7098604438643007,0.026288128448571535,0.4479652313646612,0.6676398282242537,0.1327644055372496,0.16078323656639087,0,0,-0.07969640945237831,0.023719165171234756,-0.022770376848841083
2011-04-28,11.020000457763672,11.25,10.989999771118164,11.15999984741211,1927800.0,0.01797437787597829,0.017007126121202268,0.7935154834810624,0.026266182559650353,0.4714090443185869,0.7191313027858024,0.19019623153221654,0.1671247882366486,0,0,-0.12233555636378741,0.0213159910147793,-0.009267875979913786
2011-04-29,11.140000343322754,11.199999809265137,10.899999618530272,11.09000015258789,1617800.0,0.018473411928266847,0.01693406995381848,0.7575396316880526,0.02624272468656208,0.4817110729583979,0.6434127422793021,0.2332359935479269,0.16180299018075955,0,0,-0.12903230768336782,0.009856600195451965,-0.05107532762473207
2011-05-02,11.109999656677246,11.149999618530272,10.90999984741211,10.93000030517578,1122200.0,0.01890835015215729,0.01683666167109142,0.6783620593534543,0.0262183859814627,0.4806796915369065,0.5951588875474415,0.27320148684822937,0.158111482096745,0,0,-0.12714155347266437,0.012624016356761216,-0.023444478956733468
2011-05-03,10.920000076293944,11.029999732971191,10.789999961853027,10.93000030517578,1263100.0,0.01936160153225007,0.016761732222839845,0.6783620593534543,0.02619108849887053,0.482154588436926,0.5606799078416247,0.29595824611453597,0.16226648464612903,0,0,-0.11161941747166186,0.03019212392425906,-0.0036596487407309615
2011-05-04,10.93000030517578,11.029999732971191,10.609999656677246,10.850000381469728,1263500.0,0.01969581717871767,0.01677859139335794,0.6376827818335242,0.026159323153802316,0.48067961720562036,0.5335978931347798,0.29719125930419327,0.15811016628562968,0,0,-0.11253435147007176,0.029277189925849156,-0.03202199192107838
2011-05-05,10.800000190734863,10.960000038146973,10.68000030517578,10.869999885559082,1372600.0,0.019984249716369404,0.016868506731259808,0.6440354870054776,0.026126185935015755,0.48044789575900054,0.525397159798227,0.2983362001231608,0.16262537212783104,0,0,-0.10138252007330545,0.041474635340444134,-0.011981576946572427
2011-05-06,11.010000228881836,11.100000381469728,10.739999771118164,10.75,2760700.0,0.02010786384820018,0.016922830625903676,0.5810604165650869,0.026045084306337396,0.41625247850198693,0.5225008017594235,0.30919512607353455,0.1535439727627099,0,0,-0.120515219264818,0.02207909601149182,-0.004599833602692959
2011-05-09,10.770000457763672,10.779999732971191,10.649999618530272,10.699999809265137,1449000.0,0.02029099541022346,0.016945309460379143,0.5554708103127061,0.025999537686452245,0.4224276257545829,0.4946227102267195,0.3088056018688878,0.1487774469974835,0,0,-0.09953494404637536,0.044651120208030526,0.03255808630654978
2011-05-10,10.699999809265137,10.800000190734863,10.68000030517578,10.699999809265137,1647400.0,0.020574849549669594,0.01695842206916169,0.5554708103127061,0.025947990062259785,0.4121001783803598,0.4925687448378351,0.3099786707423044,0.15419661507590585,0,0,-0.09345794559118584,0.05140188790084069,0.03177571576155396
2011-05-11,10.720000267028809,10.859999656677246,10.640000343322754,10.649999618530272,1441100.0,0.0208907516033148,0.01694905584346877,0.5276062537014361,0.02589989115959279,0.40727780323611845,0.4869733465970671,0.3157952929955207,0.1494560765802069,0,0,-0.09532714728466189,0.04953268620736463,0.020560683857582376
2011-05-12,10.640000343322754,10.770000457763672,10.5600004196167,10.6899995803833,1363800.0,0.02125701472736137,0.016930323392082933,0.5463087023954384,0.025856984609626155,0.4203697791786547,0.4761634990832913,0.31085455377543,0.15394233457787135,0,0,-0.08826296410584658,0.05727696511987553,0.028168943455976158
2011-05-13,10.68000030517578,10.68000030517578,10.399999618530272,10.460000038146973,1335800.0,0.02153629046860188,0.016793577104362356,0.42410328609492076,0.025801489544299006,0.40711833933348257,0.4452406339755816,0.2870823984551146,0.1495481833582789,0,0,-0.09167451210278756,0.05332083416263171,0.03367630222716433
2011-05-16,10.369999885559082,10.4399995803833,10.109999656677246,10.149999618530272,1239100.0,0.021664482562018195,0.01666619686368878,0.2989490970879871,0.02573318839922739,0.3811338738131982,0.38940017781729064,0.2680255484397363,0.14547212947581373,0,0,-0.06405354434517176,0.08413002975445621,0.07648185351981934
2011-05-17,10.09000015258789,10.130000114440918,9.899999618530272,9.920000076293944,1910300.0,0.021751470381444316,0.016572534964051366,0.226478154941406,0.025608961370036154,0.3572840893833294,0.33648095591707555,0.26711366035176753,0.13918814454185102,0,0,-0.03842368058918472,0.11428570354764982,0.11231521502396966
2011-05-18,9.920000076293944,10.829999923706056,9.90999984741211,10.81999969482422,2772300.0,0.022213877684708117,0.016619365913870088,0.5602068788076636,0.025539681445032048,0.40530657013712124,0.4317214893383454,0.2580049929948782,0.14830770242931626,0,0,-0.022177446102500203,0.1340725719230979,0.1562500180255983
2011-05-19,10.880000114440918,11.3100004196167,10.869999885559082,11.239999771118164,3206700.0,0.02286399538482091,0.016752365818501036,0.6547421400625801,0.025519221363038136,0.4717489723084937,0.565183441531317,0.2746128947705397,0.15885623118801295,0,0,-0.10905733257462456,0.039741249288710534,0.07578555618781284
2011-05-20,11.15999984741211,11.199999809265137,10.859999656677246,11.0,1504800.0,0.02335387264069827,0.016885365723131984,0.5765713455990554,0.02549390211233321,0.4604754382196964,0.5333659493064361,0.2891916366643349,0.15390614977220018,0,0,-0.12989324447305844,0.013345246909170326,0.04715300211420437
2011-05-23,10.789999961853027,11.010000228881836,10.6899995803833,10.880000114440918,1923600.0,0.0236514619747612,0.0169846472867268,0.5395893460839697,0.0254516352704805,0.43647177485669564,0.482410611624993,0.2883653473672846,0.14757841411865327,0,0,-0.09909092296253551,0.04727276888760654,0.06545456972989169
2011-05-24,10.899999618530272,11.010000228881836,10.699999809265137,10.949999809265137,1764300.0,0.02383917193499009,0.017110154246532602,0.5569655013332403,0.025418441740675424,0.4335046889656734,0.4856130223160177,0.2875980787343092,0.15338212799552622,0,0,-0.11029409895615598,0.03768389676230219,0.12500005478368045
2011-05-25,10.880000114440918,11.31999969482422,10.829999923706056,11.0,3916200.0,0.023935316114207336,0.017286238539246754,0.5697291206068809,0.02535382194316166,0.3750523093843778,0.5299216458038183,0.30348458855277566,0.16626457672001183,0,0,-0.10776258682464507,0.0401826107805961,0.10502279804217192
2011-05-26,10.93000030517578,11.119999885559082,10.93000030517578,11.020000457763672,1790600.0,0.023871220285809236,0.017477308900257088,0.5750744486163875,0.025326059140266144,0.36107620620496034,0.5248591075418518,0.3182363476699231,0.17215480517771672,0,0,-0.11181822690096753,0.0354544899680401,0.06090909784490444
2011-05-27,11.09000015258789,11.100000381469728,10.979999542236328,11.039999961853027,1913400.0,0.023848328731401303,0.01767212564435708,0.5807314482823784,0.025298193293944726,0.3523047372635186,0.5309323021230877,0.3319344097072741,0.17844898764782316,0,0,-0.12613432718539394,0.020871100969355544,0.040834826730711114
2011-05-31,11.199999809265137,11.59000015258789,11.199999809265137,11.529999732971191,3407100.0,0.024123026074436227,0.017913773338275762,0.7004283167980814,0.025320394182282158,0.41927576687016005,0.6365911109018463,0.36785413749701884,0.18965673777529235,0,0,-0.1358695656868671,0.035326118176661085,0.04528985522895569
2011-06-01,11.479999542236328,11.5,10.920000076293944,11.0,1835000.0,0.024155073988635284,0.018029914072388645,0.5196105907515088,0.025290748056629064,0.38797882962361124,0.5406145810758012,0.37515419107956666,0.18362045428378757,0,0,-0.15351253643379228,0.009540382731927106,-0.010407622579203564
2011-06-02,11.039999961853027,11.300000190734863,11.0,11.06999969482422,1336800.0,0.02425579612943804,0.01822098425475309,0.5369673469741677,0.025273233731000877,0.3698130977073139,0.5276971263504662,0.3819328122633611,0.18801789503116828,0,0,-0.11454547535289418,0.05000001733953303,0.03636360168457031
2011-06-03,10.890000343322754,11.06999969482422,10.800000190734863,10.829999923706056,1155200.0,0.024237482973235705,0.018353984159384065,0.466207697035786,0.02524635779275508,0.34157837387942536,0.4657901100900027,0.37050851234930976,0.1842178325301403,0,0,-0.10027106060992426,0.06323395018632401,0.019873470588924486
2011-06-06,10.8100004196167,10.859999656677246,10.380000114440918,10.43000030517578,1475900.0,0.024090977723617082,0.01841205461576345,0.3654275999994169,0.025187085676681042,0.3708338014526856,0.3807505516503417,0.3305737948142066,0.179362818467409,0,0,-0.08956604560130706,0.07202213651579356,0.052631551139398644
2011-06-07,10.5,10.619999885559082,10.199999809265137,10.199999809265137,1426800.0,0.023862063052777938,0.01843640673110669,0.3154041967488713,0.025116113945042762,0.348623043069583,0.3381678284242094,0.30481511862456995,0.17466932021908255,0,0,-0.05752640114228802,0.10450624359492965,0.06903166308360661
2011-06-08,10.130000114440918,10.390000343322754,10.0600004196167,10.270000457763672,1774000.0,0.023665196732757923,0.01849073080439645,0.33706405817021445,0.02503351232523765,0.3807898461857393,0.3308588362202911,0.28927887006462616,0.1805049425155019,0,0,-0.02254906864819018,0.14313726131845478,0.1441176759330466
2011-06-09,10.329999923706056,10.5,10.140000343322754,10.300000190734863,1359300.0,0.023504956725142565,0.018548801260775835,0.3467101015165338,0.02497221522505072,0.4043556736838147,0.35749923751907065,0.26665605835410316,0.18497639763811904,0,0,-0.04186955073120015,0.12268745596104906,0.1324244981556105
2011-06-10,10.699999809265137,11.140000343322754,10.670000076293944,10.920000076293944,3297600.0,0.02361025770077102,0.01872113917040033,0.5170326603622941,0.02491031648068448,0.40203338447825715,0.4764661552545404,0.2595839863655252,0.19582394447277093,0,0,-0.07766991999228189,0.08640779872250236,0.07572812801234925
2011-06-13,10.90999984741211,10.90999984741211,10.489999771118164,10.56999969482422,1628200.0,0.023660618771172412,0.018827913678820307,0.43000938424127955,0.02485608580872789,0.3970597894914275,0.4230962105168282,0.24115034484444614,0.19046793532788367,0,0,-0.09249086280451878,0.06227108978249764,0.055860861363527206
2011-06-14,10.699999809265137,10.90999984741211,10.68000030517578,10.850000381469728,1029600.0,0.023981099659643276,0.018990885541397773,0.49585335979632006,0.02483397917612029,0.42615720460424883,0.4499950838393223,0.22403339200344413,0.19385483313870294,0,0,-0.07568592373059374,0.08420060255617204,0.03878901222796371
2011-06-15,10.720000267028809,11.0,10.670000076293944,10.880000114440918,2534900.0,0.024420615845119245,0.019166970012757814,0.5027403660631535,0.024782988463773692,0.47229812290880563,0.44889350628305225,0.21340932383220806,0.2021934571292291,0,0,-0.07557609397866773,0.08018431843052459,0.028571378345001557
2011-06-16,10.850000381469728,10.899999618530272,10.5,10.579999923706056,1592000.0,0.024310736907905278,0.01925313896757007,0.4276022876292569,0.02473127689987681,0.39773697688395626,0.3915305627499416,0.1913129533815326,0.1969565288902778,0,0,-0.08731624567526704,0.06801468413000913,0.022977940934777882
2011-06-17,10.670000076293944,10.770000457763672,10.510000228881836,10.670000076293944,1697300.0,0.02404977432286709,0.019333688258424936,0.4506807514479019,0.024682732454203327,0.36124767915952327,0.39580638109905986,0.17079489510590545,0.2025398444053356,0,0,-0.07277887176902259,0.08695652957733493,0.04347826478866755
2011-06-20,10.619999885559082,11.0,10.529999732971191,10.960000038146973,1870900.0,0.024031461166664755,0.01942360377497271,0.5211629986234638,0.024651943963123146,0.39821075724225347,0.4511802339252151,0.16667788141560846,0.20869422194443987,0,0,-0.06747893738337171,0.09090911528519154,0.007497649778259552
2011-06-21,11.020000457763672,11.270000457763672,10.979999542236328,11.119999885559082,1576400.0,0.024141340103878736,0.01957720923321138,0.5571529111124801,0.02463654271022231,0.38977234854451737,0.5316081381590699,0.17822541363602606,0.2138798335498939,0,0,-0.10218985723861009,0.05200727124455281,-0.03284677090315307
2011-06-22,11.079999923706056,11.25,11.0,11.039999961853027,1578200.0,0.02418254481448899,0.01975704008766105,0.5338002421230176,0.024615985306547405,0.3459672799876085,0.5181526887178991,0.18894812212641382,0.20868830079442094,0,0,-0.10611513644961316,0.045863330407416886,-0.11960431091669817
2011-06-23,10.90999984741211,11.0,10.6899995803833,10.9399995803833,1350500.0,0.024155074861875445,0.019940617325200347,0.5043157553806864,0.02459290673901149,0.3871706867260813,0.46000087998915345,0.17360426899262088,0.20424579351634073,0,0,-0.0914855282945411,0.061594230754113646,-0.13858693281321227
2011-06-24,10.979999542236328,11.029999732971191,10.800000190734863,10.9399995803833,1459600.0,0.024118448112850716,0.020137307171522192,0.5043157553806864,0.024568058387550218,0.3955379168052053,0.4752611082584932,0.16133104323903125,0.20904718827612295,0,0,-0.09872028931725214,0.0557587416589453,-0.20109688241761853
2011-06-27,10.90999984741211,11.079999923706056,10.789999961853027,11.039999961853027,947400.0,0.024118448112850716,0.020360222414055038,0.5322349791874215,0.024555867677643395,0.4094864677498817,0.4903758480449504,0.1533576333065899,0.2121636869027451,0,0,-0.09232177949009124,0.062157251486106214,-0.10877510292752746
2011-06-28,11.0600004196167,11.300000190734863,11.039999961853027,11.170000076293944,1314000.0,0.023953629707029744,0.020603743388841494,0.5677954588377602,0.024546004609476924,0.36152890128514525,0.558099380797182,0.16032399183155083,0.2164861264165529,0,0,-0.10507253669335387,0.04800722235530087,-0.18115942091582277
2011-06-29,11.25,11.270000457763672,11.039999961853027,11.229999542236328,932800.0,0.024058930246038127,0.020884729087753726,0.5841133102633818,0.024541312479330446,0.40091419443458787,0.5598508450421249,0.1667927533190145,0.21955459793746607,0,0,-0.11996420263521473,0.030438688474986843,-0.16472695971532866
2011-06-30,11.279999732971191,11.520000457763672,11.229999542236328,11.470000267028809,1326600.0,0.024242062244681478,0.021195686565966584,0.6458368976133949,0.024547654961296406,0.43308131608051537,0.6165888087449445,0.18806000315060134,0.22391848550140625,0,0,-0.10863752120078386,0.027604668945068016,-0.17809439728629967
2011-07-01,11.479999542236328,11.789999961853027,11.350000381469728,11.699999809265137,1543100.0,0.024640373719547193,0.02154785533004075,0.6979175327053359,0.024569460420204192,0.4698882662004763,0.6399248996283696,0.22180030222869435,0.22899455583151038,0,0,-0.12380114119975219,0.02702706298166476,-0.1673931192607536
2011-07-05,11.699999809265137,11.789999961853027,11.479999542236328,11.6899995803833,936100.0,0.025217238358230587,0.02187754508099357,0.6936337082529069,0.024582263719622077,0.5003976985414287,0.6209955722199321,0.25313057994406646,0.22591522886889587,0,0,-0.14017089028922333,0.007692320859408922,-0.16666665308156223
2011-07-06,11.68000030517578,11.68000030517578,11.460000038146973,11.510000228881836,1158800.0,0.025816994987941988,0.022117319672690386,0.6173423242548087,0.02458959639878855,0.5165559047175257,0.5783972106507222,0.27997640173414984,0.22210332406783007,0,0,-0.13857997807609523,0.009409722893560712,-0.1967493818044643
2011-07-07,12.0,12.4399995803833,11.84000015258789,12.260000228881836,4549000.0,0.02672807527309297,0.022439516657463937,0.7693866261208006,0.02475590522115123,0.5437147846598082,0.6752161692356258,0.33646090462526806,0.23706738597674304,-1,0,-0.1685490479413975,0.03822759093255426,-0.29713292860865465
2011-07-08,12.029999732971191,12.119999885559082,11.850000381469728,12.029999732971191,1438900.0,0.027520119824618786,0.0226717981256897,0.68607648527878,0.024794757548466995,0.5565372585617403,0.6118883756962692,0.3889108001670208,0.23233408444217832,-1,0,-0.16068509596872696,0.03344207502102984,-0.2928221929499355
2011-07-11,11.81999969482422,11.90999984741211,11.579999923706056,11.600000381469728,1346800.0,0.027831443916678453,0.022754220697412328,0.5525514803290142,0.024807694446595252,0.5281942031488769,0.5387558795429013,0.41025580393293576,0.22790374841691474,0,0,-0.14630085737939028,0.05153781374240742,-0.2942643425128916
2011-07-12,11.520000457763672,11.779999732971191,11.479999542236328,11.539999961853027,1107200.0,0.028275538500360034,0.022838516371356823,0.5355686574919307,0.0248156270971141,0.5351805273641004,0.5117957554605368,0.420697945185388,0.2242615832497245,0,0,-0.1258620681150348,0.07931026658320371,-0.2586206811503482
2011-07-13,11.649999618530272,11.890000343322754,11.619999885559082,11.699999809265137,1107800.0,0.028664693178814524,0.02298275560390256,0.5722031739380544,0.024830649667873794,0.5159924846008703,0.5266472899633698,0.43566945940016505,0.2279057221335877,0,0,-0.13778156015333812,0.06845753591546594,-0.26169839809985745
2011-07-14,11.699999809265137,11.779999732971191,11.300000190734863,11.359999656677246,745200.0,0.02888445105324247,0.023063304716111524,0.4761947588956371,0.02483057871028621,0.4905729623989611,0.47602725493595216,0.42098676901358373,0.225454366025757,0,0,-0.14017089028922333,0.06324784471638745,-0.28205130295144276
2011-07-15,11.4399995803833,11.609999656677246,11.380000114440918,11.4399995803833,758000.0,0.029278184129902574,0.023173825607621115,0.4961895283193972,0.024832933925192535,0.502623079709114,0.46969105434904634,0.407352842226044,0.22794782808927777,0,0,-0.12147880303459849,0.08802817167447838,-0.25792248592008127
2011-07-18,11.399999618530272,11.40999984741211,10.979999542236328,11.109999656677246,756700.0,0.029479628848128173,0.02321878327657205,0.4106772360119988,0.024825295125478652,0.48857708528977767,0.3983078462368159,0.3639488014471474,0.22545864241188177,0,0,-0.1171328014042353,0.09090909090909106,-0.21153847596669761
2011-07-19,11.25,11.4399995803833,11.18000030517578,11.380000114440918,752600.0,0.02967191720656269,0.023336797291552705,0.48009712559252826,0.024825830277821204,0.46525250428756953,0.4276480611345472,0.32572191624141206,0.2279343410253458,0,0,-0.10711067661177617,0.10711067661177617,-0.19351932357964524
2011-07-20,11.43000030517578,11.479999542236328,11.210000038146973,11.220000267028809,794500.0,0.02971770031537853,0.023434205752925652,0.43935760338262764,0.02482132119872671,0.45140076267892953,0.4173956221797777,0.29312071091488695,0.22532081119755257,0,0,-0.12038663196677711,0.08875213225401106,-0.19156417251783828
2011-07-21,11.31999969482422,11.65999984741211,11.3100004196167,11.600000381469728,1078600.0,0.02997408493883122,0.02360279727946052,0.5305621463853036,0.024831547961483624,0.48763136131230916,0.4675298152302786,0.27557661659230004,0.22886889586999784,0,0,-0.10516928016205339,0.09982173430515165,-0.19518712373108
2011-07-22,11.600000381469728,11.710000038146973,11.43000030517578,11.6899995803833,1224000.0,0.030317456945089943,0.02379761402356051,0.550461883652254,0.024847501184321774,0.49213312762979106,0.48438302448154885,0.26272134360032595,0.2328952778828599,0,0,-0.09568970464214126,0.07241372166292498,-0.26293104227884756
2011-07-25,11.510000228881836,11.739999771118164,11.460000038146973,11.479999542236328,805500.0,0.030564684772131423,0.02394559981784178,0.49242243528426677,0.024851249041937473,0.471644206372414,0.46255817935544835,0.2529232188922171,0.23024556324939555,0,0,-0.0872541055925536,0.07955512274457852,-0.2634730568232463
2011-07-26,11.510000228881836,11.609999656677246,11.420000076293944,11.520000457763672,886500.0,0.030784443083179444,0.024144163123677273,0.5023724485890052,0.02485677240363865,0.45864440530466016,0.4384244334673845,0.23991809862251084,0.23316172963371107,0,0,-0.08797911752225435,0.08101039970253335,-0.2299651958704239
2011-07-27,11.420000076293944,11.420000076293944,11.050000190734863,11.109999656677246,891300.0,0.030756973130565912,0.024323993978126943,0.39642519918413255,0.02484782258212087,0.4463999840697085,0.3151147834944342,0.22075107146421274,0.23022977351601176,0,0,-0.0798611145604537,0.08854162010053994,-0.2482638492214473
2011-07-28,11.140000343322754,11.199999809265137,10.970000267028809,11.029999732971191,1172500.0,0.030665407349554266,0.02453192333100948,0.37764995820164216,0.02483236707604619,0.4226300354959137,0.2745351836619233,0.20888030771623273,0.22637280218424644,0,0,-0.057605793258337847,0.11701163611460882,-0.27182723232116524
2011-07-29,10.850000381469728,11.220000267028809,10.84000015258789,11.100000381469728,1056700.0,0.03049601054552771,0.024584374123431466,0.3984006925724133,0.024821402919351754,0.4128740581771156,0.29151088420597754,0.20722679029461727,0.22984884619812826,0,0,-0.030825037245608828,0.1441522427385652,-0.24206710253244215
2011-08-01,11.3100004196167,11.399999618530272,11.010000228881836,11.130000114440918,1228600.0,0.030235047960489522,0.02456376856982377,0.4076319511907308,0.024810147883751577,0.3847274623302618,0.34795816921520484,0.18903735428859936,0.23389036003881641,0,0,-0.07027032971527065,0.10180172269660595,-0.2675675824288176
2011-08-02,11.020000457763672,11.15999984741211,10.579999923706056,10.699999809265137,2757900.0,0.029781797017016817,0.024507571394312144,0.30264700449882787,0.02473836790699685,0.3451036912566736,0.27119729423639977,0.20050938351842984,0.22481817135150248,0,0,-0.039532841826903926,0.1275830285731276,-0.2362983007546023
2011-08-03,10.729999542236328,10.829999923706056,10.270000457763672,10.65999984741211,1380900.0,0.02939264190194224,0.024466360108450838,0.2938360061838391,0.024700450402627472,0.3689846594672416,0.25517984097825674,0.22707034898602785,0.22027566242865837,0,0,-0.04299056940864081,0.1598130905260655,-0.19999994652293457
2011-08-04,10.470000267028809,10.479999542236328,9.65999984741211,9.75,2657700.0,0.02824349014954089,0.02424157158505022,0.1376744436499316,0.024533218845197047,0.2898147737994419,0.1711187103020912,0.2752988036927746,0.21153308442573068,0,0,-0.07598503107045917,0.18480294010817852,-0.18292681399414196
2011-08-05,9.869999885559082,9.949999809265137,9.0,9.380000114440918,4069500.0,0.027030242568741425,0.02393810705166252,0.09270059815350201,0.024220745635057606,0.26351510870590367,0.1551525922036628,0.33772193301722825,0.19814635109130083,0,1,-0.08923075749323918,0.26358971228966344,-0.15589738503480569
2011-08-08,9.140000343322754,9.300000190734863,8.369999885559082,8.779999732971191,4593000.0,0.025739163528306977,0.023518501605516037,0.03318083947551603,0.023765318138158076,0.2765332462465363,0.16996648799344233,0.40791175159756027,0.18303754995970328,0,1,-0.08208960003936702,0.3518122811086169,-0.1119403174759393
2011-08-09,10.420000076293944,10.520000457763672,8.949999809265137,9.720000267028809,4340000.0,0.02490591426617092,0.023271234247639952,0.27546006778684773,0.023496846074477107,0.28835386903063404,0.31387581527462066,0.4015759511377273,0.19731410056086449,0,1,-0.23348522244671324,0.23006828764512732,-0.2756264407624309
2011-08-10,9.460000038146973,9.600000381469728,8.979999542236328,9.0600004196167,2992300.0,0.023697245083577068,0.022808544592056182,0.19866403621527667,0.02323773411216612,0.2523919540680394,0.2916604424241258,0.3956927078535966,0.1874708465599763,0,1,-0.11213993031309656,0.3065843066223751,-0.13271604181214205
2011-08-11,9.15999984741211,9.59000015258789,9.06999969482422,9.40999984741211,2483400.0,0.022804477954628408,0.02251069972262587,0.2708605595789044,0.02305738970743121,0.27929130031458266,0.3277705812110679,0.3902296962326181,0.19564005986940575,0,1,-0.08719645974215637,0.3620308588363132,-0.09161146636471894
2011-08-12,9.520000457763672,9.59000015258789,9.18000030517578,9.279999732971191,2205900.0,0.02181556664646249,0.022175390129069786,0.2551533400769723,0.02288720834386815,0.2636901049626537,0.3431862840949831,0.3851568997274238,0.18838369052122567,0,1,-0.12221047724255353,0.3103080945769274,-0.11583423700986105
2011-08-15,9.369999885559082,9.630000114440918,9.289999961853027,9.5600004196167,965100.0,0.02110593151615721,0.02193748899688662,0.3129038995434207,0.02282333535481923,0.28131503255604207,0.3662191386949868,0.37812685321213974,0.19155841378970048,0,1,-0.10775862379037252,0.3308189421511214,-0.09159476856183751
2011-08-16,9.420000076293944,9.789999961853027,9.31999969482422,9.75,1818300.0,0.020359669636827185,0.021810108756213045,0.350866590764626,0.022716535533990223,0.3037521982656545,0.38386921548241637,0.3621721122410268,0.1975397621671409,0,1,-0.10983265111372877,0.3158995158506951,-0.12238493984719447
2011-08-17,9.789999961853027,9.829999923706056,9.239999771118164,9.380000114440918,786300.0,0.019517263578279903,0.021656503297974375,0.29820747075255527,0.022659461906726075,0.3103093193149685,0.38049500406777104,0.3508566992485686,0.19495320646721162,0,1,-0.14564103346604568,0.2717948326697716,-0.16205127422626203
2011-08-18,9.010000228881836,9.0600004196167,8.460000038146973,8.579999923706055,2748900.0,0.01813461875683381,0.02133992597715824,0.2036015508484627,0.02237764833309469,0.2623642855141003,0.331408973258155,0.36896194112119535,0.18591062352999227,0,1,-0.06823031295462839,0.33155646255155863,-0.10660980680164987
2011-08-19,8.399999618530273,8.760000228881836,8.220000267028809,8.4399995803833,1494400.0,0.016646673396379347,0.020991503596173675,0.1890591887542975,0.022217354027769476,0.2354067907854865,0.3236937540165032,0.39286387355417324,0.18099475320317768,0,1,-0.020978945582987338,0.4090909394047783,-0.12470859024926913
2011-08-22,8.729999542236328,8.859999656677246,8.260000228881836,8.279999732971191,976000.0,0.015181619590332818,0.020496968701775628,0.17228774220974913,0.022107098307796724,0.2309235723002442,0.33058581674837884,0.4086181549569045,0.17778417408181055,0,1,-0.06042645741273343,0.3744076964685009,-0.1244075552252598
2011-08-23,8.350000381469727,8.600000381469727,7.940000057220459,8.520000457763672,2228800.0,0.013808131565297935,0.020112955056178952,0.2273097968333161,0.021876425502741048,0.2643046520735861,0.32681722746035224,0.4329344666450385,0.18511587361634235,0,1,-0.04951694897001443,0.42753624106491794,-0.06400968923922472
2011-08-24,8.5,8.710000038146973,8.430000305175781,8.630000114440918,1464800.0,0.012672715007513394,0.019697096171768,0.2523679968954138,0.02173156154277861,0.2893127509076957,0.3526072751025082,0.44813823058680496,0.18993437392062368,0,1,-0.06572768928307425,0.38497647379612054,-0.035211288100518164
2011-08-25,8.710000038146973,8.829999923706055,8.34000015258789,8.399999618530273,1231200.0,0.011468623786505067,0.019232533056670567,0.22265182705284314,0.021599593218173063,0.2818119887450099,0.35136520700225,0.45415357915057936,0.185884307307686,0,1,-0.08922363507713546,0.3511007755261757,-0.07647738570799156
2011-08-26,8.319999694824219,8.569999694824219,8.109999656677246,8.510000228881836,1189500.0,0.01028284572169906,0.018844772849338387,0.24951031185143435,0.0214773699644904,0.29177223926804186,0.34664574168194606,0.46771282228741967,0.18979720061185215,0,1,-0.04523805415008428,0.40714288471507504,0.02261911222453854
2011-08-29,8.640000343322754,9.010000228881836,8.630000114440918,8.979999542236328,1535400.0,0.009298512375118681,0.018528195528522223,0.35632886116144213,0.021347082807337936,0.32766792332127304,0.4056503964381408,0.45211378748835623,0.19484794157798646,0,1,-0.0822562006198995,0.3642772437625107,-0.0011751149956373043
2011-08-30,8.899999618530273,9.1899995803833,8.880000114440918,9.100000381469728,1030900.0,0.008565985690405453,0.018179773326183576,0.38165043720902625,0.021264494682618318,0.3693280016887355,0.4370762907926547,0.4272829639216675,0.1982391157749305,0,1,-0.1069041882234597,0.31625838500662473,-0.005567844054488153
2011-08-31,9.18000030517578,9.369999885559082,9.119999885559082,9.25,1197300.0,0.007920446388498273,0.017829477842977157,0.4134505206622806,0.021175526299025194,0.3592718854350825,0.4764831526384368,0.39420370008294797,0.2021776673958453,0,1,-0.13626375779943098,0.28131861083822535,-0.020879178691520967
2011-09-01,9.25,9.479999542236328,9.109999656677246,9.130000114440918,1403200.0,0.0076365922490521515,0.017471689414945604,0.39075318217875,0.021065328848408338,0.3760008724589844,0.4840092617027261,0.3574426017251307,0.1975618020033224,0,1,-0.14162161543562607,0.2691891644452069,-0.01729728080130912
2011-09-02,8.960000038146973,9.020000457763672,8.539999961853027,8.550000190734863,1155200.0,0.007256593930388758,0.01702398564901214,0.29276971477979863,0.020950014652064752,0.3700402758530913,0.39746259057788635,0.34902911778816276,0.19376173950229444,0,1,-0.11171960220604818,0.30449065696878436,-0.035049254196401966
2011-09-06,8.289999961853027,8.4399995803833,8.079999923706055,8.430000305175781,1440500.0,0.007096353922773399,0.016553803048603224,0.2746409481362527,0.020800269372808433,0.40874657526140784,0.3411292360307683,0.35782642063535003,0.18902317472326846,0,1,-0.04093566044733459,0.38830404921182443,0.08187132089466918
2011-09-07,8.609999656677246,8.899999618530273,8.510000228881836,8.869999885559082,944000.0,0.006707198807698822,0.01614731038988519,0.3761536437533217,0.020717798468623816,0.4266730483940394,0.41956506292395374,0.3410748696291244,0.19212848895541043,0,1,-0.07947800417580368,0.33333337104287375,-0.005931107384402912
2011-09-08,8.8100004196167,8.949999809265137,8.529999732971191,8.5600004196167,706900.0,0.006478284136859663,0.015658395338090422,0.3250801085873849,0.02064805980852813,0.45949199693482795,0.40921317860128287,0.32296936959745054,0.18980312176187109,0,1,-0.09808346940484808,0.2919954038703263,-0.024802736174437033
2011-09-09,8.430000305175781,8.5600004196167,8.029999732971191,8.119999885559082,1740800.0,0.005887684303559487,0.015075818386658252,0.2604901547773144,0.020448561197081716,0.420583041075051,0.33762136927166253,0.32477243680816853,0.18407671178802282,0,1,-0.0572430168148594,0.3469625195985074,0.047897176088043746
2011-09-12,7.96999979019165,8.1899995803833,7.900000095367432,8.180000305175781,859700.0,0.005384072289685404,0.014459523094189908,0.2747922004606469,0.020352250586207488,0.45982879542174754,0.3194882819046647,0.3308581026796839,0.18690471882761228,0,1,-0.008620652193445086,0.4224137779162613,0.15640394074205963
2011-09-13,8.220000267028809,8.390000343322754,8.170000076293945,8.34000015258789,978400.0,0.0048255203705842575,0.013830115192939016,0.31356367387204565,0.0202486513198728,0.45913678021914744,0.36298161527611794,0.3252136742135057,0.1901231928156713,0,1,-0.03911982392701151,0.3594131382272757,0.0770171260314372
2011-09-14,8.449999809265137,8.550000190734863,8.170000076293945,8.390000343322754,1229500.0,0.004202872623084997,0.013211946798248816,0.32589723248463476,0.020121072072243007,0.4324072737489718,0.3829253258118275,0.31115509526894963,0.19416766723136894,0,1,-0.06594720669483932,0.2853717111386873,0.06594726386955749
2011-09-15,8.489999771118164,8.640000343322754,8.34000015258789,8.59000015258789,692000.0,0.0038411874606239516,0.012664961290074661,0.3753555306181988,0.020054518387577602,0.45018680947426687,0.4267042639815541,0.29312270121926026,0.19644402046086284,0,1,-0.07032177015586039,0.24195477992573616,0.12753284919113303
2011-09-16,8.680000305175781,8.949999809265137,8.5,8.520000457763672,2230400.0,0.003813717944630507,0.01196437032366185,0.36150580237864205,0.019835041794767916,0.44240390852002554,0.4641517963557028,0.25995031134389773,0.18910705768186975,0,1,-0.09080328241593344,0.2142025750760386,0.13271238293342685
2011-09-19,8.319999694824219,8.4399995803833,8.140000343322754,8.350000381469727,1010900.0,0.003772513670640326,0.011275018863809702,0.3278545787722563,0.019729665080559233,0.45625201708628305,0.372204223677702,0.245650934526215,0.18578167404069146,0,1,-0.04929572498720599,0.2582160381147337,0.1255869238273948
2011-09-20,8.399999618530273,8.510000228881836,8.09000015258789,8.09000015258789,848700.0,0.0036855262878342926,0.010617512285480066,0.27937558285093333,0.019633326074580237,0.4575173598000119,0.35750802814419963,0.22856897359497153,0.18298985180677313,0,1,-0.05988017967908575,0.2538923044767869,0.07904200849512484
2011-09-21,8.100000381469727,8.1899995803833,7.840000152587891,8.0,1631300.0,0.0034474548205839367,0.009954386043193028,0.2631835683992081,0.019443344748584168,0.4203446524903837,0.3127006938326491,0.22388441344510518,0.1776236451257422,0,1,-0.03213847020740353,0.21384419154589565,0.1569838665186055
2011-09-22,7.71999979019165,8.319999694824219,7.659999847412109,8.170000076293945,2788800.0,0.0032368533059471127,0.00929313308177375,0.31452418826352524,0.019137519350441945,0.4385089189691565,0.3362515448417526,0.22715453206892122,0.18679748022171416,0,1,-0.007499992847442627,0.26375001668930076,0.23124998807907127
2011-09-23,8.100000381469727,8.460000038146973,8.029999732971191,8.329999923706055,1181300.0,0.0032048053917480696,0.0087255420199919,0.36116485114572483,0.01901545386956488,0.46690643862580833,0.39246210817317556,0.22155563462431388,0.1906833993980164,0,1,-0.05385563402065586,0.2117502479903388,0.09669522086606701
2011-09-26,8.40999984741211,8.4399995803833,8.010000228881836,8.430000305175781,2172900.0,0.0031681790793434,0.008161697519945554,0.38990889442777144,0.01879969265307646,0.491154943605753,0.3987693820414111,0.21729751556220228,0.19783121432918305,0,0,-0.09003601523039649,0.17046819799515467,0.036014428989501336
2011-09-27,8.710000038146973,8.850000381469727,8.449999809265137,8.520000457763672,1894700.0,0.0029575780013266773,0.007676529029886317,0.41596547302743847,0.018618627899519458,0.4398272383713443,0.47143972115354693,0.1888052777059402,0.2040638826296485,0,0,-0.12455517825903197,0.1328588191000937,0.0
2011-09-28,8.550000190734863,8.680000305175781,8.229999542236328,8.25,1077200.0,0.0025684228862520864,0.0070902055167186145,0.34973996370606963,0.018505551322762714,0.411082972803291,0.4267030645401442,0.1737334472758525,0.20052040329610685,0,0,-0.10446012858036408,0.1502347023707986,-0.051643252396386424
2011-09-29,8.489999771118164,8.550000190734863,8.0600004196167,8.210000038146973,1235200.0,0.002092280388371448,0.006526360838026379,0.3403004826148931,0.018374463491666382,0.4003712068989022,0.4031933197627532,0.16810576421234374,0.19645717857201597,0,0,-0.10060605135830966,0.11999997225674716,-0.038787841796875
2011-09-30,8.069999694824219,8.15999984741211,7.980000019073486,8.010000228881836,1551500.0,0.001579511578086168,0.005853868370046422,0.2938841203106032,0.018199186817296598,0.40478664734939973,0.3319939415983922,0.16679053403453276,0.19135347620849028,0,0,-0.04993907984251945,0.17174175893552754,0.035322772290568884
2011-10-03,7.949999809265137,8.109999656677246,7.320000171661377,7.329999923706055,2756100.0,0.001020959658985035,0.005037136669520714,0.16966383504256527,0.017822197888740177,0.3726775352380453,0.18938436245580587,0.1930167443929377,0.18228720867119524,0,0,-0.07865163790285,0.19101119716007464,0.06117350276113114
2011-10-04,7.239999771118164,7.710000038146973,7.139999866485596,7.679999828338623,2998600.0,0.0006775874344162741,0.004325306285870162,0.2785547038467925,0.01745231415914411,0.3995657941858652,0.22375879013978697,0.2235661535464949,0.19215118669714962,0,1,-0.013642551933616982,0.3055934235242963,0.12687589561468537
2011-10-05,7.679999828338623,7.920000076293945,7.570000171661377,7.820000171661377,1045400.0,0.00019686675664007391,0.0036322081749595447,0.3187273433604273,0.017329197038413346,0.3924346172994489,0.3205709305920815,0.23774615414730377,0.19559005904702378,0,1,-0.07031249660455303,0.23437496798578578,0.04687501843242637
2011-10-06,7.760000228881836,8.229999542236328,7.650000095367432,8.199999809265137,1009400.0,3.204791419905706e-05,0.0030870959476531484,0.41847578785487016,0.01722427925354364,0.42315366438183416,0.40181911163362083,0.23165100479938672,0.19891050839651966,0,1,-0.07928393206985311,0.2199487564703051,0.10485929371149974
2011-10-07,8.1899995803833,8.460000038146973,7.909999847412109,8.050000190734863,1261200.0,0.0,0.002528871111564218,0.3860563240335455,0.017086803634086045,0.43393865922138364,0.4366920728792793,0.21291544252216915,0.1947617559499334,0,0,-0.12804874857573972,0.1573170721779119,0.12073179851466363
2011-10-10,8.25,8.640000343322754,8.170000076293945,8.510000228881836,978800.0,0.000151083647824235,0.002043702442859077,0.49345674899132896,0.016996398209619235,0.4265566453846991,0.5185542964669998,0.18578213810934446,0.1979815457491077,0,0,-0.1378882120763124,0.15279497057055905,0.06956526786933881
2011-10-11,8.4399995803833,8.819999694824219,8.420000076293945,8.630000114440918,767000.0,0.00028385413944612137,0.001575392944672016,0.5187577556697697,0.01692896926875881,0.4164859207919049,0.5606477237154134,0.1650980796481994,0.20050461356272306,0,0,-0.15276141938112703,0.12220915791792843,0.01292604082174225
2011-10-12,8.729999542236328,9.109999656677246,8.699999809265137,8.850000381469727,1199800.0,0.0004944556540829453,0.0012288440232011422,0.5637935382133517,0.016833096894780852,0.4059942052696058,0.611944924607276,0.15996852971127756,0.2044513890031086,0,0,-0.1842409796832011,0.08690614021487619,-0.05561987669422229
2011-10-13,8.779999732971191,9.010000228881836,8.710000038146973,8.989999771118164,642300.0,0.0006775872161062374,0.0009160132641204966,0.5914037769298089,0.01678507018246217,0.4079323372394636,0.6015906300025201,0.15520537619842145,0.20656425270152468,0,0,-0.18531071138928468,0.07909602023642932,-0.07909602023642932
2011-10-14,9.0600004196167,9.34000015258789,8.899999618530273,9.09000015258789,946800.0,0.0009385498011444393,0.0007923795851824678,0.6110833641760695,0.0167177583730605,0.4466242208138364,0.6321784704453238,0.16602909205827748,0.20967877761147385,0,-1,-0.21357070100262043,0.03114568855393479,-0.060066738109144896
2011-10-17,8.979999542236328,8.979999542236328,8.579999923706055,8.640000343322754,887700.0,0.0010713202927663396,0.0006537600165941182,0.489862440851222,0.01664065356117811,0.42576891598747457,0.5369128085204457,0.15617414281866926,0.2067586637938124,0,-1,-0.2024202029553202,0.0396040268766191,-0.07480740815035866
2011-10-18,8.65999984741211,9.109999656677246,8.449999809265137,8.989999771118164,1207200.0,0.0014833665256287765,0.0006930980215876653,0.5623082762942836,0.016550976080871138,0.45864366224979314,0.5463270767996936,0.1470231185247473,0.21072978173983123,0,0,-0.17592591672767863,0.0787037358975692,-0.0023147573257692833
2011-10-19,8.90999984741211,9.100000381469728,8.539999961853027,8.5600004196167,1047200.0,0.0017397511490814394,0.0004758024430122215,0.46149043594662675,0.016457502124616497,0.44171600178640164,0.5162941159870605,0.1385257388232483,0.20728498823993816,0,0,-0.19688543114460652,0.047830958411948704,-0.027808677015005678
2011-10-20,8.59000015258789,8.649999618530273,8.180000305175781,8.59000015258789,698800.0,0.0019320395075159424,0.00038776020733219396,0.4680371183996619,0.016395991800949306,0.4213683696007744,0.463918086557473,0.12016521534406843,0.2095837102583924,0,0,-0.1693925484839197,0.08761681813487383,0.026869104084299458
2011-10-21,8.789999961853027,8.979999542236328,8.65999984741211,8.84000015258789,724200.0,0.002165532576560686,0.00028098569891223113,0.5220252696793997,0.016338727280968968,0.41371350874681895,0.5243805260722404,0.1098855450651468,0.2119659862826691,0,0,-0.1920838260835583,0.06402796053142862,0.008148974805679146
2011-10-24,8.890000343322754,9.350000381469728,8.890000343322754,9.239999771118164,666200.0,0.0025363740988128686,0.00027349275408707074,0.5986317607457357,0.016295511873030133,0.3786563001606506,0.5705536729495597,0.11813465418323027,0.21415746969522523,0,0,-0.19796385142876377,0.052036202512090506,-0.022624520303984763
2011-10-25,9.130000114440918,9.199999809265137,8.800000190734863,8.850000381469727,788300.0,0.0026874577466371036,0.00014049284945610863,0.5049622716168484,0.016233652299780632,0.39167522869636273,0.5273794551427352,0.1200296134588732,0.2115643349397194,0,-1,-0.21536799753778624,0.023809553298526475,-0.04653683071723122
2011-10-26,9.039999961853027,9.039999961853027,8.579999923706055,9.0,808500.0,0.003030829752895814,0.0,0.5342507914015473,0.016174584693032457,0.4252091257163089,0.5082680418446742,0.10808367234721034,0.21422391815654862,0,-1,-0.2146892670587543,0.035028294492030175,-0.08135595886937551
2011-10-27,9.34000015258789,9.579999923706056,9.15999984741211,9.5600004196167,1396500.0,0.0036488995388095496,3.3718341036145794e-05,0.630908944759126,0.01610024537410737,0.46063634744147247,0.5827162669254822,0.12196062499537486,0.21881774371289,0,-1,-0.24444447623358834,0.02666664123535176,-0.08555560641818577
2011-10-28,9.5600004196167,9.880000114440918,9.449999809265137,9.81999969482422,1340800.0,0.004477570402740022,0.00026599980926191036,0.6695330731668845,0.016041303236890292,0.5013191201206132,0.6102697082896196,0.14636746321168936,0.22322834257142385,0,-1,-0.2531381220617281,0.033472769955908525,-0.11192474911433486
2011-10-31,9.710000038146973,9.859999656677246,9.31999969482422,9.390000343322754,1196800.0,0.005420699038710147,0.00044395756148971066,0.5669211043088408,0.015970848996345433,0.5379123945758834,0.5769144671292497,0.16065425663210947,0.21929143571440318,-1,-1,-0.26171081991132183,0.017311617268536823,-0.13645623159175432
2011-11-01,8.930000305175781,9.300000190734863,8.890000343322754,9.0600004196167,1455500.0,0.006052503800930642,0.0005900702535491242,0.4972789961170888,0.015868658091272136,0.4783108546660111,0.49861303581790667,0.14868343820260221,0.21450352801855294,0,0,-0.19062836775752176,0.10117143498729297,-0.08839189492642235
2011-11-02,9.25,9.460000038146973,9.029999732971191,9.369999885559082,848600.0,0.006762139149545987,0.000749295375745182,0.5510488155894244,0.01581840996681866,0.4792327513968896,0.5327675126203296,0.14477673231856858,0.21729502129969241,0,-1,-0.23289183617981243,0.06953643325190612,-0.11258282676843684
2011-11-03,9.5,9.75,9.18000030517578,9.56999969482422,1284600.0,0.007389365295250833,0.0009253796684593335,0.5838562769080737,0.015751478061985902,0.4704553765877097,0.5650937838350929,0.15346620493725205,0.2215207486965246,0,-1,-0.2518676800788018,0.0405549753556101,-0.12806828430324319
2011-11-04,9.369999885559082,9.369999885559082,8.010000228881836,8.890000343322754,4763700.0,0.007773942012119825,0.0010171684658748653,0.4481728692842659,0.015392784375644175,0.5115300160501111,0.3897196269771771,0.14851509359740833,0.20585042517146662,0,-1,-0.23301986313328157,0.05329156166615776,-0.13166147012139265
2011-11-07,8.859999656677246,8.90999984741211,8.510000228881836,8.710000038146973,1783000.0,0.007865507793131457,0.0010546331900006534,0.4168537527596956,0.015248434260427657,0.5026382196612047,0.37251377228530963,0.14391763306755345,0.1999851971249527,0,0,-0.19347578445073244,0.11473570510374506,-0.06974126677337664
2011-11-08,8.75,8.770000457763672,8.470000267028809,8.710000038146973,1123700.0,0.007902134105536113,0.0010040558570923175,0.4168537527596956,0.015157760572465151,0.5155664785152275,0.35688982223791554,0.14120196382072298,0.20368163950064969,0,0,-0.18484502025983082,0.1297359482769098,-0.051664731032638765
2011-11-09,8.399999618530273,8.460000038146973,8.100000381469727,8.109999656677246,2114500.0,0.007563340060862914,0.0008186051600393568,0.31715729910030466,0.014944069127312554,0.48150794190519425,0.27502930902897194,0.15256324110344177,0.19672593299231894,0,0,-0.14466127973895382,0.16991968879778677,-0.010332858613020315
2011-11-10,8.289999961853027,8.300000190734863,8.010000228881836,8.170000076293945,1370600.0,0.007187920140405132,0.0006162954711142338,0.33041511469928897,0.014808929692016914,0.4730728544753141,0.2855824039938706,0.166331062993059,0.20123455977894372,0,0,-0.14180026437123167,0.19605428112179857,0.04438960196266418
2011-11-11,8.289999961853027,8.539999961853027,8.140000343322754,8.359999656677246,1026600.0,0.006853704493937532,0.00047205605992259314,0.37280293951292076,0.014714681561045662,0.47778504415231854,0.3364787528903045,0.1656614560834469,0.20461158900639811,0,0,-0.14075888428743955,0.1946144599436947,0.04406360505697183
2011-11-14,8.359999656677246,8.680000305175781,8.34000015258789,8.4399995803833,1824900.0,0.0067621382763058124,0.0004514503276689813,0.39070287819553706,0.014552686868244957,0.4751409405594604,0.3689808986931948,0.15743721784312525,0.21061464826724122,0,0,-0.14593299525045075,0.18181824404138902,0.004784684628674455
2011-11-15,8.390000343322754,8.489999771118164,8.100000381469727,8.170000076293945,1871600.0,0.006386718355848031,0.00040274609698251473,0.34123261758272205,0.014369952989164714,0.43512883352540693,0.3374407297991838,0.15998892776290613,0.20445796805868516,0,0,-0.09715642327367709,0.17654026601865022,-0.0011848613008321712
2011-11-16,8.079999923706055,8.369999885559082,8.0,8.039999961853027,1189900.0,0.006148646888597675,0.00024726735787608534,0.31829475921604156,0.014248892530759338,0.4359375046834881,0.32997844871038745,0.16650056596894758,0.20054375894340368,0,1,-0.05263155744469448,0.22031825874246194,0.02815183522188861
2011-11-17,8.130000114440918,8.890000343322754,8.130000114440918,8.579999923706055,3183800.0,0.006144068490392077,0.0002510137409657137,0.44204956035058185,0.013985074604916048,0.4372814813570101,0.3959940986831476,0.14412819261216114,0.21101695751574862,0,1,-0.027363217421969215,0.21766169257501675,0.13184073022036163
2011-11-18,8.579999923706055,9.25,8.479999542236328,9.18000030517578,2158600.0,0.006299730536421896,0.00044957704680120836,0.5513415345324136,0.013851250184064912,0.4713493657648715,0.46849550162345033,0.13208181927671203,0.21811773219954275,0,0,-0.06759905930809483,0.15151517509260534,0.10023306111007246
2011-11-21,8.739999771118164,8.90999984741211,8.640000343322754,8.8100004196167,1294100.0,0.006102864216401896,0.0005675910617818497,0.4781836955665466,0.013755095552313357,0.471103967195113,0.44080738729681307,0.12089590117950932,0.21386075428872184,0,0,-0.08060999417406822,0.12418303980665554,0.08496739223480584
2011-11-22,8.770000457763672,8.789999961853027,8.539999961853027,8.550000190734863,1056600.0,0.005965515326574383,0.0006069290667753968,0.4307223706831669,0.013667489784079945,0.4633607100127018,0.4158587465635368,0.10509397001867549,0.21038503922761886,0,0,-0.08740072884096102,0.12599314458665364,0.10102149231079822
2011-11-23,8.460000038146973,8.539999961853027,8.25,8.25,1056600.0,0.005622143320315673,0.0005807036705644114,0.3793009320352384,0.013569367807366672,0.42829881982488505,0.3741244359920805,0.09105125461895591,0.2069093241665159,0,0,-0.053801172852071734,0.16608187656331477,0.14970756776803965
2011-11-25,8.1899995803833,8.369999885559082,8.0600004196167,8.079999923706055,596300.0,0.004944555667589348,0.00048516849005922347,0.3513580837313498,0.01351066698507708,0.3920501319039615,0.3510390377767596,0.08716913526615994,0.20494777874636094,0,1,-0.02303025216767282,0.20484854958274148,0.2266667683919271
2011-11-28,8.359999656677246,8.600000381469727,8.329999923706055,8.520000457763672,910700.0,0.004349377872703633,0.00048516849005922347,0.44019620622162503,0.013434697583112776,0.3799406861837348,0.4124077107119678,0.07074582647808458,0.207943551703153,0,0,-0.044554413375801745,0.18811887031138647,0.2252476071390547
2011-11-29,8.5600004196167,8.680000305175781,8.279999732971191,8.300000190734863,769700.0,0.0038503438204150753,0.000475802264366304,0.40137442726507644,0.013364896509153568,0.38388071621902486,0.4059845258203455,0.051524909786782036,0.20541160216450927,0,0,-0.06572774524987385,0.15492953332196088,0.21596233568707285
2011-11-30,8.720000267028809,8.970000267028809,8.609999656677246,8.640000343322754,1996200.0,0.003658055461980586,0.0005788303896966523,0.46663113654729693,0.013207272233015488,0.3551114450578189,0.48568521344439247,0.04880369893002648,0.21197815753548577,0,0,-0.08674701813049734,0.13975901454881842,0.17710834693659708
2011-12-01,8.640000343322754,8.880000114440918,8.619999885559082,8.65999984741211,1137500.0,0.0033329966119241827,0.0007024640686346811,0.47041111681354786,0.013118528772347426,0.32906909680689694,0.49286995591627847,0.04627686027732486,0.21571999539466108,0,0,-0.07407411086706321,0.14351848632465303,0.152777736385665
2011-12-02,8.8100004196167,9.06999969482422,8.770000457763672,8.819999694824219,741000.0,0.0029896246056654724,0.0008242244667049647,0.5014483171709254,0.013064821792412307,0.30940272481208286,0.5621209587055016,0.05374125645671962,0.218157535485781,0,0,-0.09353353740055247,0.1235565489234933,0.15588908216884484
2011-12-05,8.989999771118164,9.289999961853027,8.800000190734863,8.859999656677246,1622200.0,0.0029758894110486628,0.0009235060302997533,0.5093631640619916,0.012949728633210034,0.25601119219550983,0.5820135358268139,0.071295076210805,0.22349380746393854,0,0,-0.11224487589258296,0.1009070718953683,0.19161004450480276
2011-12-06,8.899999618530273,8.970000267028809,8.65999984741211,8.6899995803833,975500.0,0.0029667326146374517,0.0009722100823403301,0.47018958240889885,0.012875160618680326,0.240016314002543,0.5169937546185616,0.07775827507936933,0.22028487310646555,0,0,-0.10158009632110969,0.1106095410705888,0.19977432577322143
2011-12-07,8.680000305175781,8.75,8.40999984741211,8.699999809265137,1201200.0,0.0029621542164318393,0.0010059282447306,0.47246210552680645,0.012783961587500503,0.24354768195262638,0.4722441378137597,0.06725879118446942,0.2242362538857547,0,0,-0.07825090195755655,0.13808974306212876,0.20483312070455575
2011-12-08,8.609999656677246,8.739999771118164,8.300000190734863,8.319999694824219,914500.0,0.0030582983956490978,0.0010190408535131479,0.3866848949326114,0.012703076705672223,0.26724777813010975,0.4178597121706254,0.05062148485688239,0.22122798072336716,0,0,-0.07011490460351756,0.14597706731110205,0.22068966878013324
2011-12-09,8.359999656677246,8.649999618530273,8.329999923706055,8.569999694824219,710100.0,0.003241429957672376,0.0010864773569395636,0.4470339180503896,0.012646311015901412,0.271583824730825,0.4309303129654374,0.03517255755269444,0.22356387440582903,0,0,-0.043269191091581165,0.18269236941309597,0.26562501432804037
2011-12-12,8.5,8.569999694824219,8.260000228881836,8.489999771118164,1148900.0,0.003300947824484965,0.0011763926948414466,0.42873679431808065,0.01255158905843079,0.28079941089827676,0.4026558911840703,0.020521648491547695,0.21978453592986727,0,0,-0.05834305925377931,0.15869308110928018,0.22053680404028533
2011-12-13,8.5600004196167,8.569999694824219,8.34000015258789,8.369999885559082,1292800.0,0.0032688999102859218,0.0013712094389414231,0.40101587943044914,0.01244012104629838,0.27664941822212186,0.3997348861320426,0.006917232934768591,0.21553183440517112,0,0,-0.06596000408878046,0.14016485423610012,0.21672547096797362
2011-12-14,8.260000228881836,8.300000190734863,8.050000190734863,8.100000381469727,1562700.0,0.0032368519960868647,0.001449885538251483,0.34191714847801347,0.012291773221863866,0.2819789302680461,0.31078909278816375,0.013909423210056643,0.21039128933041662,0,0,-0.031063349156123552,0.17801670149230092,0.2305853498076301
2011-12-15,8.199999809265137,8.300000190734863,8.100000381469727,8.229999542236328,731900.0,0.0033238393788928983,0.0015266881780478525,0.37849852284843444,0.012225628785939469,0.3054049281974901,0.32757068562495345,0.02040217132282418,0.21279889471866312,0,0,-0.02469133331433834,0.1913580392268598,0.2567901019442475
2011-12-16,8.300000190734863,8.319999694824219,8.140000343322754,8.300000190734863,1522900.0,0.0031956472854766105,0.0015454206294336914,0.39832990244988264,0.012091873009734855,0.3175632648254412,0.35266862814689937,0.02465352558295625,0.21780851658744385,0,0,-0.03645203006333881,0.13001212081883895,0.2685297887084028
2011-12-19,8.329999923706055,8.399999618530273,8.100000381469727,8.109999656677246,867800.0,0.0027057695929791764,0.001556659957348494,0.3531182541527287,0.012010389278353129,0.2651871097516418,0.3438399727155877,0.021304844303009413,0.21495386437276928,0,0,-0.03975902603887015,0.11566265254049066,0.26385547996761183
2011-12-20,8.300000190734863,8.329999923706055,8.130000114440918,8.239999771118164,1396300.0,0.0024448065713208733,0.0015060824457942545,0.3923736403560757,0.011885609663980556,0.26120444027673334,0.3608384186451901,0.01819535454305879,0.219547032023553,0,0,-0.03699139376508637,0.12207149359162582,0.3181257747134244
2011-12-21,8.210000038146973,8.3100004196167,8.149999618530273,8.300000190734863,797900.0,0.002330349235901308,0.0014442656063252401,0.4105738699841306,0.01181605837066213,0.29516311734571626,0.37429836714865833,0.015307971194533199,0.2221717462458264,0,0,-0.025485442230597993,0.13106795554673895,0.31917478003570726
2011-12-22,8.300000190734863,8.380000114440918,8.260000228881836,8.3100004196167,752800.0,0.0023578191885148536,0.0013431107618626648,0.4137549870175514,0.011750797494402776,0.3140947273368111,0.39677071795584584,0.005266321885600556,0.2246481027648481,0,0,-0.036144600462750344,0.11927707811661047,0.27951802909763684
2011-12-23,8.359999656677246,8.670000076293945,8.359999656677246,8.649999618530273,759300.0,0.0026187817735530555,0.0012794206415258774,0.514979017936357,0.011693601291596356,0.3381000632272689,0.47394150734556495,0.011842564974153175,0.22714584121449366,0,0,-0.043321256137054585,0.11191338847353244,0.27436829982141847
2011-12-27,8.640000343322754,8.699999809265137,8.420000076293945,8.649999618530273,685800.0,0.0026782992037455433,0.001196998069803265,0.514979017936357,0.011642022591854317,0.33952009013923634,0.4816037506298663,0.020432380737947092,0.2294017993717002,0,0,-0.07398848225978266,0.0751444678838859,0.2208092406525029
2011-12-28,8.640000343322754,8.670000076293945,8.359999656677246,8.399999618530273,671600.0,0.0027240818759413227,0.001152040222206413,0.43569064054725526,0.01158605303018062,0.3434734741321335,0.44166014828702205,0.02168335744616623,0.22719255250908732,0,0,-0.07398848225978266,0.0751444678838859,0.24046242953007999
2011-12-29,8.420000076293945,8.460000038146973,8.319999694824219,8.380000114440918,691900.0,0.0026050461423161447,0.0010377727689613037,0.42958107178639526,0.011528021143066947,0.3752855681476913,0.41483972909537403,0.018296785910037222,0.22491652823237224,0,0,-0.050000011353266184,0.10357141965100514,0.28809526026113874
2011-12-30,8.359999656677246,8.390000343322754,8.25,8.3100004196167,669800.0,0.0024448061347008,0.0009909418191425962,0.40744393240803745,0.011470382764413423,0.38935141372485876,0.3941685394103093,0.007153937798621668,0.22271320251977827,0,0,-0.03699277586025007,0.11097855518798252,0.26968976110003484
2012-01-03,8.550000190734863,9.279999732971191,8.539999961853027,9.1899995803833,2612100.0,0.0026142029387273558,0.0011033359915199464,0.6419440378179725,0.011321825832050825,0.43958554530031135,0.64822256663306,0.058936937692247116,0.2313057780555601,0,0,-0.06016846868258794,0.08904930610729099,0.24548734763446894
2012-01-04,9.140000343322754,9.470000267028809,9.079999923706056,9.4399995803833,1104000.0,0.00287974392197117,0.0012157301638973106,0.6884987794243053,0.011268335612221902,0.4834833712299935,0.7308963171987781,0.11524930372426018,0.23493741673382784,0,0,-0.11860720373856953,0.035908589638073835,0.16648528866498336
2012-01-05,9.380000114440918,9.630000114440918,9.119999885559082,9.520000457763672,1463600.0,0.0032597426772546234,0.0012681809563192953,0.7028169518185149,0.0112014496637593,0.5163992359037131,0.6994880516208896,0.17394924692123093,0.23975196960476322,0,0,-0.14088982868917158,0.026483052024653696,0.11970340727441384
2012-01-06,9.510000228881836,9.81999969482422,9.270000457763672,9.65999984741211,1524100.0,0.0036992588627305922,0.0014199131336902204,0.7277612056524992,0.011138993121712404,0.5121183059320507,0.6704209542216404,0.23549996362245207,0.2447655389068899,0,0,-0.15336134117055902,0.032562967545823635,0.09558821466967389
2012-01-09,9.6899995803833,9.850000381469728,9.579999923706056,9.739999771118164,842000.0,0.004349376562843385,0.00155853270227857,0.7419231653917154,0.011106774768399053,0.5321915947976721,0.6377943206834943,0.29374272091864506,0.24753532130462672,0,0,-0.1697721962270827,0.01656323018776148,0.08902697970351983
2012-01-10,9.869999885559082,10.130000114440918,9.8100004196167,10.0600004196167,730600.0,0.005031542613775308,0.001652194601915985,0.794455445732751,0.011086491138304289,0.5333284146445801,0.6296804589373074,0.35735215341074095,0.24993865030674844,0,0,-0.18685828928056336,0.02669406930098804,0.06468173811554342
2012-01-11,10.039999961853027,10.229999542236328,9.979999542236328,10.18000030517578,896900.0,0.005805274445718878,0.0017196312839882905,0.8124592924632753,0.01106514076467957,0.5329670502206654,0.6081812135344428,0.41951168994311466,0.25288902778006217,0,0,-0.197813090269631,0.018886637421287506,-0.003976139183357152
2012-01-12,10.260000228881836,10.449999809265137,10.130000114440918,10.399999618530272,700200.0,0.006734667887072193,0.001908828185484962,0.8437662211870539,0.011053516683262488,0.5621824538350286,0.5993625580944782,0.4835920249891921,0.25519235513742,-1,-1,-0.21709233515674362,0.018664005372052886,-0.039292785875577926
2012-01-13,10.210000038146973,10.399999618530272,10.109999656677246,10.1899995803833,663500.0,0.007691530844418953,0.0021205039214571425,0.7581625050665318,0.011037984601707851,0.5751985468114121,0.5705489781757964,0.540580176088882,0.2530097534498923,-1,-1,-0.20769230063850336,0.02307690191550996,-0.05865381529345186
2012-01-17,9.899999618530272,10.1899995803833,9.890000343322754,9.960000038146973,1151100.0,0.008483575832564857,0.0022310249916126235,0.6724040558868887,0.011002487124083526,0.5582523418785282,0.5372917121001051,0.5668234052473442,0.24922317801279625,0,0,-0.1815504910674216,0.05397450572948665,-0.05691854245240648
2012-01-18,9.970000267028809,10.170000076293944,9.829999923706056,10.15999984741211,913100.0,0.009335138250903263,0.0023415460617681183,0.710388565281381,0.010980319612627354,0.5516425395706662,0.5314691423549851,0.5843088870652826,0.2522268458362802,0,0,-0.19277109125906744,0.04819272493955036,-0.06425706233649997
2012-01-19,10.020000457763672,10.739999771118164,9.770000457763672,10.68000030517578,1724500.0,0.010511759955918132,0.0026768556553242034,0.7928292666849815,0.0109676293064912,0.5988347613552464,0.5531838652107789,0.6221354215254922,0.2578996365071794,-1,0,-0.19389766698968944,0.07086607521336585,-0.07086616907894959
2012-01-20,10.65999984741211,10.90999984741211,10.510000228881836,10.670000076293944,2171800.0,0.011624285395914813,0.003044010309048703,0.7891131984627741,0.010951011425471946,0.5871646207899196,0.569704083181077,0.6623121162581143,0.2507554400565799,-1,-1,-0.24438198334248912,0.023408239031495543,-0.12921349016929684
2012-01-23,10.6899995803833,10.789999961853027,10.369999885559082,10.460000038146973,687600.0,0.012613196704080731,0.0033718269577796417,0.7113744130304706,0.010941101298668876,0.564981190263993,0.5460497501951732,0.6847203254289611,0.24849356074935441,0,-1,-0.24742262144063637,0.020618581579731555,-0.15276468126631504
2012-01-24,10.390000343322754,10.609999656677246,10.34000015258789,10.529999732971191,856400.0,0.013629577528240067,0.003825150566316382,0.7238493096321773,0.010930713434795625,0.5746258894232742,0.5346272423567169,0.7023208396402749,0.25131071234724256,-1,-1,-0.22370938279675479,0.04971314552513857,-0.10994269292644444
2012-01-25,10.5,10.609999656677246,10.470000267028809,10.56999969482422,911400.0,0.014508609899192018,0.004274727613117604,0.7312193951406284,0.010920854682552661,0.5691215729386335,0.533611011444153,0.7186641742650663,0.2543087879734864,-1,-1,-0.2326685537886366,0.038936358766309485,-0.1196581444286807
2012-01-26,10.600000381469728,10.619999885559082,10.3100004196167,10.390000343322754,777300.0,0.01530523328554352,0.004654995054270528,0.6607900026846666,0.010907953723486519,0.5525109001763061,0.5166970827327518,0.7156686968385808,0.2517518380236517,0,-1,-0.24124884241799135,0.029328237927402925,-0.11447493595855746
2012-01-27,10.350000381469728,10.510000228881836,10.3100004196167,10.399999618530272,680800.0,0.0162208919689001,0.005022149707995013,0.6630299265216834,0.010896890995630681,0.5612575971631129,0.5088913105477166,0.7128871820854155,0.2539913485419168,0,-1,-0.2213667097915916,0.05389792564369555,-0.10202121122141461
2012-01-30,10.270000457763672,10.3100004196167,10.079999923706056,10.1899995803833,499700.0,0.017049562832830573,0.005400543689634302,0.5819457711009612,0.01088540450167752,0.5628254082751488,0.47656155590867944,0.6852227206715731,0.2523475715061103,-1,-1,-0.2086538611431805,0.06153840510802656,-0.08365392991777328
2012-01-31,10.300000190734863,10.479999542236328,10.15999984741211,10.279999732971191,659400.0,0.017951486321570356,0.0058201489571348825,0.6055082872815316,0.010872173922621464,0.5614191258580143,0.4872937090558039,0.6700125109002757,0.25451668612970607,-1,-1,-0.2158979293287059,0.05986257917532718,-0.10598625791753272
2012-02-01,10.40999984741211,10.600000381469728,10.31999969482422,10.510000228881836,1007200.0,0.018555821349487356,0.006181683946901995,0.6620568609989751,0.010859441671280112,0.5285425542983093,0.5160224069009045,0.6628109796782777,0.2578298985180677,0,-1,-0.22470812509201613,0.048638133559122845,-0.10311279119420884
2012-02-02,10.5,10.640000343322754,10.300000190734863,10.520000457763672,799800.0,0.019050277440190402,0.006432697866513598,0.664445634958058,0.01084960718560829,0.5143324248718063,0.5141509423216757,0.6584215271058713,0.26046086284313885,-1,-1,-0.22549950846302003,0.039010450854740794,-0.11037105824454604
2012-02-03,10.729999542236328,11.0,10.6899995803833,10.880000114440918,857000.0,0.01967292518768965,0.006820458073845778,0.7432757331521233,0.010848980662015228,0.5013459867121797,0.6050546215113187,0.6726431263169148,0.26327998815769993,-1,-1,-0.2452471303650977,0.025665441636403524,-0.11977178900953855
2012-02-06,10.850000381469728,10.9399995803833,10.81999969482422,10.84000015258789,501500.0,0.020213163950588475,0.007249429567039306,0.7255839069855184,0.010847971659573075,0.4815900563572403,0.6010048613510551,0.6858488970128842,0.26163028997187454,-1,-1,-0.23897062078324552,0.013786729499311184,-0.14613971836980963
2012-02-07,10.789999961853027,10.9399995803833,10.5,10.619999885559082,889400.0,0.020616053823659775,0.007693386949883127,0.6320339686679138,0.010839919779590257,0.4702003037602347,0.5415279016816713,0.6629512014410661,0.25870458395697293,-1,-1,-0.23431733635599994,0.019372696973333367,-0.14022135449199952
2012-02-08,10.630000114440918,10.789999961853027,10.5,10.640000343322754,851300.0,0.020881594806903575,0.008172935954630867,0.6371623258498862,0.010832771608051406,0.46124790588986647,0.5201070750203742,0.6416890555529495,0.26150495896314085,0,-1,-0.22410547458453428,0.034839914269886425,-0.13559327208804478
2012-02-09,10.65999984741211,10.760000228881836,10.5,10.550000190734863,973400.0,0.021050991610930145,0.0085532032171379,0.5986504650919562,0.010821814194184098,0.43812748355418574,0.4997778309101195,0.6219456343711272,0.25830293261402326,0,-1,-0.22650373774889307,0.03195490052791787,-0.11936085179605818
2012-02-10,10.399999618530272,10.75,10.359999656677246,10.720000267028809,708700.0,0.021197497297168855,0.00900652682567464,0.6459428632219457,0.010817697885157462,0.4405323983655418,0.497554264127101,0.588337363137891,0.2606342209575815,0,-1,-0.20379142935167216,0.0568720730447622,-0.056871982649093704
2012-02-13,10.84000015258789,10.960000038146973,10.75,10.84000015258789,1133100.0,0.0214950866312318,0.009418639148350075,0.6772555833889458,0.010815466176908428,0.4432885953398687,0.5755338269072727,0.5723468649753738,0.26436158489448836,0,-1,-0.2416044858276616,0.014925358528601555,-0.09701491939806427
2012-02-14,10.800000190734863,10.890000343322754,10.5600004196167,10.619999885559082,1060300.0,0.021797253926880256,0.00978579380207456,0.5810215124987615,0.01080595072617102,0.44205204548460914,0.5086966299537223,0.5379725101326112,0.26087369858056875,0,-1,-0.20848710305066684,0.018450166646666485,-0.11808115451599974
2012-02-15,10.68000030517578,10.8100004196167,10.5,10.59000015258789,541600.0,0.021994120683520357,0.010117357012541031,0.5684725429537207,0.010800581027283873,0.4199614303722792,0.476360702846538,0.5002117956191852,0.25909209033043307,0,0,-0.1506591712534178,0.030131798330746817,-0.12241056541842175
2012-02-16,10.550000190734863,10.699999809265137,10.470000267028809,10.670000076293944,687600.0,0.021989542285314745,0.010456413167832662,0.5937734287274774,0.010795522888682574,0.39957004523905065,0.4623302243292955,0.46214815253822333,0.2613539696376585,0,0,-0.13503307691892058,0.04249289922391264,-0.10859306474358876
2012-02-17,10.6899995803833,10.800000190734863,10.470000267028809,10.510000228881836,828900.0,0.021916289660505434,0.010797342603992038,0.5240762020897884,0.010785218636715999,0.3956339307494493,0.45505312718736035,0.4354975624141351,0.25862728005394825,0,0,-0.13308332825362484,0.029053459925032443,-0.12558567847536511
2012-02-21,10.510000228881836,10.619999885559082,10.3100004196167,10.420000076293944,1176600.0,0.0218979765043031,0.01111953958876559,0.4869376848530277,0.010767260236074438,0.3966773371846541,0.38398914399054834,0.394234816200345,0.254756821658251,0,0,-0.08848718220006382,0.04662224171714365,-0.12369173762360336
2012-02-22,10.43000030517578,10.770000457763672,10.279999732971191,10.550000190734863,1514900.0,0.021907133300714324,0.011537271754044301,0.5345063394711063,0.010750446641279499,0.3927264502463822,0.42508736931722685,0.36925678930428146,0.2597401273047254,0,0,-0.0633397161784713,0.05470246551350803,-0.13627639787877924
2012-02-23,10.550000190734863,10.65999984741211,10.43000030517578,10.5,1040100.0,0.021875085386515267,0.011898806743811413,0.5124732525970221,0.010737286554260539,0.3765099583814754,0.42406382564995443,0.3460629071865082,0.2563186894521291,0,0,-0.07393362264165611,0.042654009585737444,-0.13838862670629734
2012-02-24,10.039999961853027,10.130000114440918,9.449999809265137,10.0,3405900.0,0.0216965317860775,0.012181665723591403,0.3329369373688039,0.010640652528555894,0.42692768462270325,0.16243351181533877,0.3605150383782481,0.24511488675800588,0,0,-0.05619049072265625,0.09142857506161645,-0.11904761904761904
2012-02-27,9.93000030517578,9.960000038146973,9.59000015258789,9.859999656677246,1924100.0,0.02144930395903602,0.01246077814163589,0.29350253467266363,0.01057787860525955,0.44628606167096535,0.20486116478611435,0.3739348744848638,0.2387855063405648,0,0,-0.04800004959106428,0.10699996948242205,-0.1400000572204588
2012-02-28,9.829999923706056,9.869999885559082,9.539999961853027,9.600000381469728,1341600.0,0.021179185014206695,0.012741763840548107,0.22785737084734747,0.010523286395029141,0.42936979358610605,0.20845265169828625,0.3889548461685672,0.2343722758598003,0,0,-0.0385395667010578,0.1186612694759693,-0.12474640822156291
2012-02-29,9.619999885559082,9.649999618530272,9.300000190734863,9.31999969482422,1220800.0,0.020739668828730726,0.012945946810341002,0.16799410021008593,0.01046300441257858,0.41073712288123315,0.21400417839749766,0.4145245226158815,0.2303564203358608,0,0,-0.0333333002196431,0.1437500062088169,-0.09791661906573695
2012-03-01,9.359999656677246,9.460000038146973,9.25,9.329999923706056,1054400.0,0.020199430065831914,0.01313889027357322,0.17256405907666472,0.010411392121172869,0.3983192497766829,0.259779349663862,0.44055826548744753,0.23382489843582951,0,0,-0.011802538656555261,0.1759657078351101,-0.09549349987025116
2012-03-02,9.3100004196167,9.520000457763672,9.119999885559082,9.300000190734863,970400.0,0.019640878146730767,0.013361805694751969,0.16603587064218633,0.010363078183191765,0.391563507657382,0.2931828598784223,0.4706344888230059,0.2306327406700768,0,0,-0.020364473270236137,0.1811360765490768,-0.09110400733337734
2012-03-05,9.270000457763672,9.369999885559082,9.149999618530272,9.279999732971191,558800.0,0.018908351025397466,0.013556622438851945,0.161460411571147,0.010334950538903542,0.38969465836992023,0.31294901981382817,0.4985624104917387,0.22879455254198258,0,0,-0.016129093454646172,0.18602145233930664,-0.06236568446075923
2012-03-06,9.140000343322754,9.210000038146973,9.0,9.0600004196167,849200.0,0.018093414919463716,0.01369898856917584,0.11345758468252609,0.01028641986946216,0.38909263177540193,0.31285732347932327,0.5313877716013726,0.22600108554417012,0,1,-0.015086244326639629,0.2004310032541054,-0.06034487453992664
2012-03-07,9.079999923706056,9.25,9.050000190734863,9.239999771118164,1376500.0,0.017461610375553258,0.013873199581022205,0.2064978660243807,0.010215678593726185,0.4225000885406777,0.33936075356074596,0.5566762089727955,0.23052912054474578,0,1,-0.008830013245125326,0.21192052840712483,-0.06953643325190631
2012-03-08,9.3100004196167,9.390000343322754,9.220000267028809,9.239999771118164,2214600.0,0.016820649035231602,0.013983720651177686,0.2064978660243807,0.010102284526379068,0.38866448000936843,0.3614055860660348,0.5623636416640196,0.23781410878468395,0,0,-0.033549829793901066,0.1829003920179522,-0.09740266174223916
2012-03-09,9.25,9.5,9.220000267028809,9.390000343322754,1068600.0,0.016289567068743988,0.01412234039841194,0.2825285249838919,0.010052746026897263,0.40549918736092544,0.37823048266839354,0.5544676101723194,0.24132929817924637,0,0,-0.02705627772648166,0.1893939440853716,-0.08225110905926632
2012-03-12,9.399999618530272,9.460000038146973,9.220000267028809,9.289999961853027,521000.0,0.015634870970425582,0.014289058644079047,0.2527383286803343,0.010027010583378737,0.3888931540881443,0.37868360085353125,0.5471355809300265,0.23961545420154937,0,0,-0.04259846686956855,0.17039407060378772,-0.08093708705218042
2012-03-13,9.390000343322754,9.460000038146973,9.279999732971191,9.399999618530272,982200.0,0.014975596473901592,0.01448012882644352,0.30785282867197605,0.009981928468958068,0.39884078700486136,0.3902956136192279,0.5403272680621829,0.24284642839520384,0,0,-0.04198066145577923,0.17330459238840598,-0.05920346533835266
2012-03-14,9.359999656677246,9.390000343322754,9.119999885559082,9.220000267028809,986900.0,0.014334635570200024,0.01465059345520027,0.2523235155850053,0.009931202289931274,0.40735730629488015,0.37812432030966153,0.5456667308595229,0.2395999934209444,0,0,-0.03829783737092678,0.1744681287103259,-0.05106378316123571
2012-03-15,9.239999771118164,9.380000114440918,9.149999618530272,9.350000381469728,591300.0,0.01376692729130774,0.014680565413146787,0.3163284070731023,0.009903245650281944,0.42086107048997307,0.3893057140018393,0.5506248034570531,0.24154509120215792,0,0,-0.026030343185174894,0.19088939022872772,-0.029284110224474448
2012-03-16,9.390000343322754,9.43000030517578,9.300000190734863,9.34000015258789,1119100.0,0.01315801430180523,0.014661833140406838,0.31296177896231536,0.009850079803662148,0.4017766606173822,0.40334119605130747,0.5476789084561571,0.23786378065428707,0,0,-0.04171126496376139,0.17219246962470924,-0.03529410804731774
2012-03-19,9.34000015258789,9.550000190734863,9.34000015258789,9.470000267028809,637300.0,0.012681871803924591,0.014652466914713905,0.3771406806660441,0.009822425360311138,0.41762917305833874,0.42572921696256166,0.527557041580816,0.23996019671376173,0,0,-0.036402585335470763,0.17344752238684052,-0.056745152495992324
2012-03-20,9.399999618530272,9.43000030517578,9.210000038146973,9.260000228881836,440300.0,0.012150789837437004,0.014577537466462342,0.30272489673777325,0.009800475600715286,0.41969145271037483,0.3986239598527086,0.5203888787921971,0.2385118176285794,0,0,-0.04223860689032173,0.1647307682818205,-0.06969375172142218
2012-03-21,9.289999961853027,9.40999984741211,9.199999809265137,9.270000457763672,771800.0,0.011564768402342385,0.014489495409428219,0.3078446398281949,0.009762286359521699,0.4113179530056641,0.3992106262203624,0.5146006055327834,0.24105067517557854,0,0,-0.031317489706805916,0.18034557613564997,-0.09395246912041776
2012-03-22,9.199999809265137,9.279999732971191,9.149999618530272,9.1899995803833,734600.0,0.010965011772630984,0.014326523546850739,0.27989088632489845,0.009724175473828756,0.41384839632974607,0.36197704672595393,0.5137001218897246,0.23863418806230366,0,0,-0.021574951390389185,0.18985977799039125,-0.0981661059843832
2012-03-23,9.229999542236328,9.4399995803833,9.199999809265137,9.390000343322754,867200.0,0.010685736031390461,0.01417853775256947,0.38307405239718173,0.009684619205844347,0.3813629371573714,0.4439597703060453,0.4885834660077763,0.24148686656030527,0,0,-0.025027154813725812,0.18824815831367958,-0.10228505150204749
2012-03-26,9.489999771118164,9.800000190734863,9.489999771118164,9.800000190734863,1165800.0,0.010658266515397002,0.014066143580192106,0.5456401747978414,0.009646308108265889,0.38709157100442454,0.6993312919353956,0.4547229409566301,0.24532179805588908,0,0,-0.05218314730591078,0.15654954348048863,-0.13631519554537627
2012-03-27,9.789999961853027,10.0,9.760000228881836,9.800000190734863,1238900.0,0.010749832296408648,0.013993087412808303,0.5456401747978414,0.00960569398791039,0.3876569678109468,0.7670384741081357,0.4406249854655339,0.2493971940327966,0,0,-0.0806122394364758,0.11224493470007187,-0.1510203585134164
2012-03-28,9.8100004196167,9.850000381469728,9.470000267028809,9.520000457763672,619100.0,0.010841398514040382,0.013910665019731566,0.43230022966534853,0.009580095215134254,0.400366429392277,0.590801630814641,0.39731912343280235,0.2473606473790687,0,0,-0.0826531024338644,0.10204081434053666,-0.07755104225409679
2012-03-29,9.420000076293944,9.449999809265137,9.199999809265137,9.380000114440918,923700.0,0.010864290068448301,0.01376455250631807,0.38308874856922026,0.009537980386582101,0.41373410889143974,0.43681385461961747,0.3744907724643259,0.24432211056102895,0,0,-0.04411765295152151,0.14495798824416165,-0.03256306772169201
2012-03-30,9.479999542236328,9.479999542236328,9.289999961853027,9.399999618530272,677100.0,0.010910072740644094,0.013524777914621242,0.3916005021305464,0.009507575504163479,0.4178807561586313,0.4612019173363918,0.35038263266851183,0.2465494498264774,0,0,-0.05117265846269532,0.14072501411448138,-0.040511637114116296
2012-04-02,9.380000114440918,9.460000038146973,9.270000457763672,9.350000381469728,1302100.0,0.010942121091463225,0.013277510556745156,0.37307321392385706,0.009447221963330588,0.41163498894138245,0.44134630003434655,0.3296625316670882,0.24226615569335022,0,0,-0.040425545730004245,0.14787238295016933,-0.011702091610770191
2012-04-03,9.31999969482422,9.40999984741211,9.210000038146973,9.210000038146973,1151900.0,0.011010795318066938,0.013043355807651646,0.32281235434217725,0.009389013708191118,0.3956143918472135,0.3841353187262017,0.3155663268378314,0.23847694863402358,0,0,-0.034224564895035836,0.15508028917444017,0.019251368752081825
2012-04-04,9.119999885559082,9.149999618530272,8.84000015258789,9.010000228881836,1774400.0,0.010905494779058583,0.012758623725649773,0.258744686908972,0.009288742493139823,0.3739178694580816,0.2302599621286757,0.32941775942099655,0.23264001052648892,0,0,-0.030401708122851062,0.1672095499972301,0.014115104658248584
2012-04-05,8.970000267028809,9.09000015258789,8.899999618530273,9.09000015258789,1003300.0,0.010836820552454857,0.01248138458847306,0.299409111274328,0.009234660680245477,0.4287490983452689,0.2677342378380031,0.34227980396250696,0.23594039375647624,0,0,-0.014428425209601943,0.12874581775189015,0.01775802922837059
2012-04-09,8.90999984741211,8.960000038146973,8.720000267028809,8.789999961853027,1063800.0,0.010562122772799845,0.01218166643817499,0.21191519305143502,0.009167681118310234,0.4150813050340161,0.2149789680526474,0.3654660514618076,0.23244099409529762,0,0,-0.020902043695698792,0.11991200597258202,0.027502749813356812
2012-04-10,8.75,8.819999694824219,8.5,8.529999732971191,1176700.0,0.010214172368335536,0.011831370954968584,0.15072242846880157,0.009084418503223946,0.40005644033405413,0.19643694988754515,0.3989298909784363,0.2285702067468215,0,0,-0.02844141081740088,0.1422070540870044,0.07281005075088019
2012-04-11,8.65999984741211,8.710000038146973,8.520000457763672,8.600000381469727,1088400.0,0.009847909244288966,0.011533526264184163,0.1865567754426235,0.009009902529140357,0.38990586580983483,0.2500538315917329,0.4300034562438771,0.23215052879159195,0,0,-0.018757309779701227,0.15709263710857566,0.08558036562286842
2012-04-12,8.630000114440918,8.819999694824219,8.59000015258789,8.680000305175781,797700.0,0.009600681417247472,0.011233808292531969,0.2274589731951685,0.0089573369402014,0.391582230385487,0.3067362492862923,0.44420133622734675,0.2347745851083077,0,0,-0.015116291706338408,0.15930230520814828,0.09302327386619752
2012-04-13,8.619999885559082,8.649999618530273,8.460000038146973,8.470000267028809,712300.0,0.009197791544176173,0.01085166774915719,0.17445033265311644,0.008905914593558384,0.36973845872259614,0.29582104506570955,0.4652703934570191,0.23243145446471158,0,0,-0.01843316149616992,0.1589861827099292,0.08870972703820411
2012-04-16,8.529999732971191,8.609999656677246,8.350000381469727,8.460000038146973,873600.0,0.00879490167110486,0.010465780644046851,0.1720209987241862,0.008842681902999028,0.3757571399153557,0.3100809270462853,0.4911052476560473,0.22955772298886493,0,0,-0.021251398562777947,0.17355374506315924,0.12632828981880098
2012-04-17,8.5600004196167,8.75,8.5600004196167,8.6899995803833,591100.0,0.00843779447022934,0.010055541423593287,0.28998181574156423,0.008804093812297908,0.3770996764577224,0.3604536293483525,0.49636269276624206,0.2315021628645208,0,0,-0.02482269943263142,0.17021271558985826,0.08156023372009749
2012-04-18,8.609999656677246,8.649999618530273,8.479999542236328,8.579999923706055,789100.0,0.008126470378169659,0.00963218959435716,0.25764060643836495,0.008750013532930923,0.38481392385795876,0.35320999810006887,0.5064696097699597,0.22890639648678432,0,0,-0.029919365680343497,0.15995401731209788,0.08515543849541155
2012-04-19,8.5600004196167,8.619999885559082,8.399999618530273,8.449999809265137,538400.0,0.007751050021091804,0.009225696935639141,0.2213201654170276,0.008711038123770276,0.3840736436805803,0.34939659479631185,0.520978518285673,0.22713531472557114,0,0,-0.02447552913919666,0.1678321204181673,0.01864800102970151
2012-04-20,8.5600004196167,8.600000381469727,8.319999694824219,8.40999984741211,894800.0,0.007393943256836344,0.008807964770360416,0.21031783221700984,0.00864526912302116,0.3833207074919549,0.35212404287700616,0.5394632301426032,0.22419184526061284,0,0,-0.028402453279268464,0.1704141553712688,0.011834252077232498
2012-04-23,8.300000190734863,8.489999771118164,8.140000343322754,8.489999771118164,1615200.0,0.0069818965873538336,0.008422077665250091,0.2541938781517096,0.008530760720572683,0.4058752654055914,0.350445193705647,0.567000234335099,0.22950509054425236,0,1,-0.01902495247504004,0.20214029014379278,0.05112953142725472
2012-04-24,8.479999542236328,8.649999618530273,8.369999885559082,8.640000343322754,1040800.0,0.006450814620866219,0.008032444177050124,0.33198523590419815,0.008461893276625665,0.4018223888734207,0.38603896581763786,0.569992842037911,0.2329288310663004,0,0,-0.04004702097521907,0.17903421657730884,0.05653716240883087
2012-04-25,8.75,8.9399995803833,8.729999542236328,8.84000015258789,1255400.0,0.00601129843539025,0.007657796578500478,0.4238191949988447,0.008386604149777932,0.4198306338598122,0.44688261407745195,0.5386589951732559,0.23705850425171465,0,0,-0.07060180930995816,0.14467592017702138,-0.0046296250305059876
2012-04-26,8.829999923706055,8.949999809265137,8.800000190734863,8.880000114440918,546600.0,0.0057182874995329175,0.0073318532106372986,0.44113417555246215,0.008354542428122391,0.4298464352475961,0.46613210468243793,0.5084916692691173,0.2388565601407918,0,0,-0.07805424982728139,0.1323529475224534,-0.007918517377369783
2012-04-27,8.930000305175781,8.989999771118164,8.770000457763672,8.970000267028809,500900.0,0.005530577539304027,0.0070283886772496,0.48007953307473283,0.008326552936916753,0.4299155426175587,0.4830291287089301,0.4759951310077552,0.24050428460994422,0,0,-0.08896395852161151,0.12049545957596934,-0.04954960905260298
2012-04-30,8.970000267028809,9.149999618530272,8.890000343322754,9.0600004196167,953500.0,0.005374915929894281,0.006726797424729647,0.5178259810913932,0.008275938175611619,0.4337069795725066,0.5279618432919632,0.4286676628755242,0.2436408493560749,0,0,-0.09253064648803862,0.11482716859632434,-0.04459315053477525
2012-05-01,9.029999732971191,9.199999809265137,8.8100004196167,8.8100004196167,1562400.0,0.005127688102852815,0.006408347001691628,0.4088252780903585,0.008181444134503224,0.4061207567569862,0.5131727042739065,0.3926283925065647,0.2385012911396569,0,0,-0.09823392366753231,0.10706404217471839,-0.06401764865818767
2012-05-02,8.75,8.829999923706055,8.649999618530273,8.739999771118164,884900.0,0.004912508190010378,0.006093642961743237,0.3814787049060986,0.008126190986737059,0.4295408736296622,0.4577839742845785,0.3739174810651856,0.23559038799980261,0,0,-0.06923945830002419,0.14188421571657364,0.0034051908674593025
2012-05-03,8.699999809265137,8.720000267028809,8.329999923706055,8.420000076293945,845600.0,0.004642388808560979,0.0056946432478503645,0.2728958970858334,0.00806534667012071,0.4167920039250457,0.3685274599197058,0.38067190252502975,0.232808763302028,0,0,-0.06407316711757059,0.14874144448273205,0.021739192109075902
2012-05-04,8.369999885559082,8.369999885559082,8.210000038146973,8.289999961853027,764500.0,0.004276125247894308,0.005280657644307157,0.23564976038327412,0.008007439526597937,0.3963931817544095,0.300889335070856,0.39457950286422133,0.23029391930788334,0,0,-0.02731585987556929,0.19358671017475346,0.07007127639452215
2012-05-07,8.25,8.350000381469727,8.170000076293945,8.289999961853027,562000.0,0.004047210577055177,0.004960333940401393,0.23564976038327412,0.00796492650240016,0.409214032848108,0.30777638301545296,0.4100078815979222,0.23214263392490006,0,1,-0.013268957440701647,0.21109770905340633,0.11097709053406316
2012-05-08,8.210000038146973,8.270000457763672,8.100000381469727,8.210000038146973,599800.0,0.0039007053274365405,0.004651249743056293,0.21192715213336122,0.007918166158655371,0.4322392973490413,0.3009033360258465,0.4287855329971438,0.23016957515748612,0,1,-0.013268957440701647,0.21592279494449074,0.11700847665769916
2012-05-09,8.09000015258789,8.319999694824219,8.010000228881836,8.3100004196167,735600.0,0.0037679348358146403,0.004409602049137595,0.2685859697381918,0.007863100139081813,0.4497245174017069,0.3245783757529158,0.45183399806313834,0.2325893517985493,0,1,-0.009744205034633711,0.2143727430821153,0.14981723952755857
2012-05-10,8.65999984741211,9.350000381469728,8.649999618530273,9.050000190734863,4586600.0,0.00393733163984121,0.0043590247162292595,0.5615957245721566,0.007622864115767125,0.46657222240357876,0.574737356522773,0.43024965811003996,0.24767709995230183,-1,0,-0.07821896338246573,0.09867625191552534,0.0637785446701142
2012-05-11,9.020000457763672,9.899999618530272,9.010000228881836,9.109999656677246,4707100.0,0.004230342139078469,0.004317813430367953,0.5787332300078681,0.0073869465393877065,0.4053328381477091,0.6300271863319461,0.4368638525930629,0.2631612362045428,0,0,-0.11160223288346954,0.09723747427845562,-0.024309421258801596
2012-05-14,9.0,9.1899995803833,8.90999984741211,9.100000381469728,1811500.0,0.004523353074935801,0.004280348706242151,0.5746007972125589,0.007296194803324441,0.4212195170394259,0.5459405541218015,0.4353073187141628,0.2572022566160628,0,0,-0.10867176821379307,0.09879249752447683,-0.017563101365743326
2012-05-15,9.079999923706056,9.34000015258789,9.029999732971191,9.270000457763672,1143300.0,0.004788894494799689,0.004278475604020296,0.6251383395999065,0.0072448417097975,0.42953933451417914,0.5639598785502147,0.44056515018781933,0.2609631737364101,0,0,-0.11758237911759366,0.09010985279670705,0.009890126243417945
2012-05-16,9.34000015258789,9.649999618530272,9.260000228881836,9.5,1442900.0,0.005210097524073323,0.004360897997097032,0.6858392517636395,0.007190013524711658,0.4334780362601042,0.5977534020469725,0.45808475434905455,0.26570963338212794,0,0,-0.1434735553429421,0.06040986389308953,-0.02804748824624735
2012-05-17,9.5,9.510000228881836,9.1899995803833,9.25,1662200.0,0.005576361084739981,0.0043627712779647915,0.5793825580838995,0.0071147676893209,0.4183268367482003,0.5535746219303866,0.46850308150762027,0.260241780292439,0,0,-0.15684208117033305,0.04210522300318649,-0.03368417840254953
2012-05-18,9.260000228881836,9.470000267028809,9.100000381469728,9.130000114440918,828300.0,0.005905998333001983,0.004342165724357083,0.5329415248761888,0.007074428416842082,0.4107144271199995,0.5295600954315766,0.4705445791299507,0.25751706442540173,0,0,-0.13513513513513514,0.06918912320523629,0.032432453052417654
2012-05-21,9.170000076293944,9.270000457763672,9.100000381469728,9.15999984741211,972400.0,0.0062127440268560374,0.004299081157628004,0.5424705837092558,0.007028014151580719,0.372059616371862,0.5128899189665171,0.472440255493543,0.260715801246731,0,0,-0.12705365091697385,0.0799561372492962,0.06133619484370363
2012-05-22,9.25,9.670000076293944,9.220000267028809,9.390000343322754,1863600.0,0.006556116033114762,0.004317813609013843,0.6119394631369659,0.006951921956590279,0.34314773932517295,0.5552075959242768,0.4919512626449027,0.26684616523298077,0,0,-0.13537115630722307,0.07096065822685686,0.021834040676500757
2012-05-23,9.31999969482422,9.390000343322754,9.109999656677246,9.390000343322754,756000.0,0.006807922258361854,0.004315940506791988,0.6119394631369659,0.006921132086740278,0.35730293174780015,0.5209501031913921,0.5001242239709025,0.26933304824092497,0,0,-0.13951005516990503,0.06176782774225244,-0.014909412622971295
2012-05-24,9.420000076293944,9.5600004196167,9.300000190734863,9.43000030517578,596700.0,0.007059728483608918,0.004355278511785521,0.6242296959283826,0.00689756346898901,0.35656202475698584,0.5379529523584761,0.5150450579963466,0.2712959094721953,0,0,-0.15015972266867497,0.05111816024348249,-0.034078773495654614
2012-05-25,9.4399995803833,9.520000457763672,9.34000015258789,9.390000343322754,532100.0,0.007252016842043407,0.004362771456610681,0.6042857175116886,0.006875944010871771,0.3434212733030887,0.5274924986566167,0.5289001181628303,0.2695455517360483,0,0,-0.15164361667269416,0.04878049027151079,-0.049840858763973414
2012-05-29,9.510000228881836,9.609999656677246,9.40999984741211,9.600000381469728,703800.0,0.007499244669084901,0.004411475687297162,0.6703213466951078,0.006851721894558016,0.35033480037410625,0.5411119138044185,0.5458129836314973,0.27186072139344397,0,0,-0.15974440310501722,0.04153347980714026,-0.08732700942675035
2012-05-30,9.470000267028809,9.56999969482422,9.239999771118164,9.25,636500.0,0.0077006893873105,0.004370264401435842,0.5120891212852189,0.006823307446930271,0.36994427676134856,0.503483485388724,0.544173431715069,0.2697669369561999,0,0,-0.15208333126372767,0.044791597334877566,-0.08229165942304692
2012-05-31,9.289999961853027,9.399999618530272,9.119999885559082,9.350000381469728,1151500.0,0.007979965565171124,0.0043871235719539214,0.5455398246077344,0.006775366167340202,0.38499495763223407,0.48899802740579645,0.5310589162025889,0.27355482820441124,0,0,-0.13837834951039907,0.06594590882997235,-0.032432453052417654
2012-06-01,9.149999618530272,9.229999542236328,8.6899995803833,8.720000267028809,909500.0,0.008117314454998609,0.004284095446623587,0.33911784902756825,0.0067207957245735694,0.37781543092808384,0.4095188580758642,0.48358710489612683,0.2705630026809651,0,0,-0.12192506343718876,0.08021390047067649,-0.020320809907114993
2012-06-04,8.779999732971191,8.850000381469727,8.59000015258789,8.65999984741211,550400.0,0.008286711259025178,0.0041848138830287845,0.323545843074738,0.00668685125200591,0.3726505149846493,0.3648379301225267,0.43691958736935116,0.2687524465862925,0,0,-0.08830269271903585,0.1284403499153448,0.0527522963372236
2012-06-05,8.579999923706055,8.819999694824219,8.569999694824219,8.729999542236328,553100.0,0.008488155977250791,0.004061180025444838,0.3500645086109556,0.0066539090654541,0.3719904653072406,0.35372323071480843,0.39503262282755464,0.27057188440599356,0,0,-0.06581982735190847,0.1524249097092855,0.07274828239508371
2012-06-06,8.779999732971191,8.979999542236328,8.779999732971191,8.960000038146973,742500.0,0.008831527983509516,0.0039038280054706637,0.4323555389430246,0.006614733647645921,0.3804808838260052,0.381093468393075,0.360784272431586,0.2730143587887959,0,0,-0.08820155148508838,0.1282932353135238,0.04123718547863092
2012-06-07,9.0600004196167,9.09000015258789,8.699999809265137,8.710000038146973,785800.0,0.009014659545532794,0.003699645035677754,0.3590504283500445,0.00656759606940438,0.35133236432960385,0.33579118314668627,0.3368624126247109,0.2704294478527607,0,0,-0.11718752078845024,0.09374991019389478,-0.001116096968667435
2012-06-08,8.680000305175781,8.850000381469727,8.619999885559082,8.760000228881836,726400.0,0.008881889053910894,0.0035572789053538723,0.3771152582396847,0.006525145124266385,0.34122104957443977,0.32152712170865516,0.3078037997538688,0.2728189608381717,0,0,-0.07692308534552957,0.1400688068899299,0.013777254309244718
2012-06-11,8.869999885559082,8.949999809265137,8.479999542236328,8.489999771118164,750300.0,0.008598034914464772,0.0033905606596867643,0.3032307871130321,0.006475450393251703,0.4008124973659364,0.31527225379134155,0.27371345868101915,0.27035082813862066,0,0,-0.0981734742245572,0.11757987512092374,-0.025114185077697238
2012-06-12,8.5600004196167,8.600000381469727,8.399999618530273,8.569999694824219,673300.0,0.008355385049008804,0.003235081920580321,0.3339428366144038,0.006432486605640941,0.3972408758008055,0.3088082019919874,0.24849344358259345,0.27256566719847364,0,0,-0.06478212079650342,0.15783265430372204,0.020023454323042863
2012-06-13,8.529999732971191,8.699999809265137,8.390000343322754,8.449999809265137,903200.0,0.007979964691930935,0.003066490394045454,0.3013089657258924,0.006371783003925158,0.37323824231229685,0.32616784685308015,0.2164618624722211,0.26959456570009377,0,0,-0.06067672375804225,0.15985996900168858,0.02450408933780948
2012-06-14,8.489999771118164,8.800000190734863,8.430000305175781,8.779999732971191,802500.0,0.007650327443668947,0.002985941103190587,0.4222707358935386,0.006325642576796242,0.381020479827113,0.368658281798139,0.1952552750369061,0.27223441175019325,0,0,-0.05680468083680014,0.1668638910341857,0.042603623488468495
2012-06-15,8.770000457763672,8.970000267028809,8.600000381469727,8.890000343322754,2552200.0,0.00748550903784799,0.0029634622687151196,0.4581799743926914,0.006187521978657906,0.4315939961137628,0.4056252863138321,0.18916237931830565,0.28062994457145674,0,0,-0.08656039316582627,0.12870150286259782,0.028473804966210277
2012-06-18,8.84000015258789,9.029999732971191,8.8100004196167,8.960000038146973,800800.0,0.007407678014833066,0.0029391101533718794,0.4809508781316656,0.0061459488206973,0.4516244656587611,0.433469696981261,0.18809270402029055,0.28326419842431616,0,0,-0.09336331739620961,0.11923503093433992,0.00899886621108427
2012-06-19,8.970000267028809,9.270000457763672,8.949999809265137,9.170000076293944,1209900.0,0.007412256413038679,0.0030102932185338133,0.5459105099650924,0.006090620018746218,0.4666642016052356,0.47922832109942587,0.20399906355887526,0.2872441980953634,-1,0,-0.10714286094417376,0.10379457003817126,-0.015625038250748437
2012-06-20,9.18000030517578,9.329999923706056,9.119999885559082,9.18000030517578,849800.0,0.007316112233821434,0.0031320537952499866,0.5489303429919551,0.006052080838854668,0.4685214794100722,0.5026206209462664,0.22266070180421577,0.29003963880984884,-1,0,-0.12758997454303175,0.07851682741157402,-0.050163580623750655
2012-06-21,9.210000038146973,9.359999656677246,9.149999618530272,9.31999969482422,848500.0,0.0072840638830023036,0.003266926802102818,0.5913350156709706,0.006017099293643691,0.4638301828021003,0.5192388642654671,0.24198741742033725,0.29283080313820953,0,0,-0.08932458252336815,0.07516335048423366,-0.02069712135806543
2012-06-22,9.34000015258789,9.470000267028809,9.18000030517578,9.1899995803833,911200.0,0.0071741845091682355,0.0033624618039621024,0.5378235248001405,0.005976171671557784,0.4465814940926446,0.5243307417811827,0.2672269563725298,0.28983338541752335,0,0,-0.10193131334464643,0.060085781575011404,-0.0472103592773686
2012-06-25,9.079999923706056,9.109999656677246,8.789999961853027,8.800000190734863,593200.0,0.0069040651277188225,0.0034242786434311168,0.40193416791956105,0.005942882223638979,0.44008274502651673,0.4346427762442082,0.24809414566866134,0.28788203753351205,0,0,-0.07508156821423094,0.06420023716293566,0.005440717412173818
2012-06-26,8.800000190734863,8.90999984741211,8.630000114440918,8.84000015258789,706200.0,0.006556114723254514,0.0034954617085930645,0.41622350773217465,0.005904115750442751,0.4343832772847334,0.4104621551895036,0.21620937176169808,0.29020510205759964,0,0,-0.0465908907415457,0.0988636212161751,0.04886356161153183
2012-06-27,8.930000305175781,9.170000076293944,8.850000381469727,9.170000076293944,977000.0,0.006519488410849844,0.0035853772251408372,0.5239586931127355,0.005859868445165062,0.46640418963477165,0.5065497888435823,0.20668380018220667,0.29341897070675504,0,0,-0.06108596748100095,0.08371037990327737,0.02941168220810554
2012-06-28,9.050000190734863,9.100000381469728,8.899999618530273,9.079999923706056,1775700.0,0.006395874279019068,0.0036790391247782522,0.4925316035261674,0.005775056764816711,0.48023580981697356,0.5024021235321641,0.19783862657267892,0.28757775621309556,-1,0,-0.07197381046029919,0.06761176449298932,-0.03598690523014959
2012-06-29,9.279999732971191,9.31999969482422,9.029999732971191,9.18000030517578,1371800.0,0.006606475793655878,0.0038157855911447464,0.5239840246603691,0.005713676065126572,0.49763470944293153,0.5451412154801512,0.20520499461198993,0.2920903304330663,-1,0,-0.0980175547496237,0.042951580021993126,-0.05947136193726124
2012-07-02,9.199999809265137,9.56999969482422,9.170000076293944,9.5600004196167,1068200.0,0.007018522463138416,0.004031208067498321,0.6282745423913111,0.005677650863539607,0.5234321367765831,0.6062720305847261,0.2272088511429302,0.29560420401651344,-1,0,-0.08823523300818374,0.051198284466702666,-0.05337687961098401
2012-07-03,9.5600004196167,9.760000228881836,9.539999961853027,9.729999542236328,505300.0,0.007476351804816692,0.004263489535724085,0.6679439408352124,0.005663101375012025,0.52775508081608,0.6405634330377081,0.2577243411059485,0.29726640240793434,-1,0,-0.12238493984719465,0.02092048122244283,-0.07845187940170306
2012-07-05,9.670000076293944,9.760000228881836,9.43000030517578,9.449999809265137,849600.0,0.007700688077450252,0.004415221713094983,0.5638384182314785,0.005631844298873645,0.5004978738843917,0.5819386826936448,0.27448150658959103,0.2944716195990066,0,0,-0.13155188008128071,0.009249759180071544,-0.08530318219473287
2012-07-06,9.329999923706056,9.420000076293944,9.100000381469728,9.18000030517578,804400.0,0.00791586799029266,0.00447891183343177,0.47717346138701466,0.005596069745703147,0.5074777900260781,0.49771404015870513,0.25944601993915634,0.29182552344610935,0,0,-0.09947085707469448,0.045502678714785895,-0.05185182867810765
2012-07-09,9.149999618530272,9.229999542236328,9.0600004196167,9.100000381469728,954100.0,0.008071530036322508,0.00452012311929309,0.45309063600672095,0.0055515214798596,0.4939973834033866,0.46771577672321973,0.24210736233070412,0.2886869849833056,0,0,-0.08278858931834918,0.06644886602102176,-0.04248359223131507
2012-07-10,9.1899995803833,9.239999771118164,8.90999984741211,8.970000267028809,724800.0,0.008291288347370529,0.00452012311929309,0.41437830175756574,0.00551503597809927,0.4992254262328748,0.43817032785431775,0.21351157941061927,0.28630273524235594,0,0,-0.08791200038733846,0.06263743127519245,-0.05054945262240513
2012-07-11,9.050000190734863,9.050000190734863,8.609999656677246,8.6899995803833,1304300.0,0.008346227815977506,0.004450813156353012,0.3383754663831049,0.005439063717147363,0.47276741855487747,0.3562053438618491,0.20276988814199798,0.2820122041480946,0,0,-0.0735785761164448,0.07915273322306718,-0.049052454956432394
2012-07-12,8.600000381469727,8.770000457763672,8.380000114440918,8.680000305175781,1446400.0,0.008451528791605961,0.0044264610410097854,0.33577692331589204,0.00535461905338791,0.49985755310071966,0.2992362359240859,0.20712064503011468,0.2772542311551177,0,0,-0.02531648764695392,0.13348675528485396,-0.011507524315129566
2012-07-13,8.729999542236328,9.010000228881836,8.710000038146973,8.989999771118164,1308500.0,0.00854767297082322,0.004473291990828479,0.4410263537787271,0.005289989164687758,0.5083620752003627,0.3828751249719479,0.19160989187096977,0.2815585782660899,0,0,-0.04032251330529443,0.11866366940463477,-0.01267277106103955
2012-07-16,8.949999809265137,9.020000457763672,8.859999656677246,8.960000038146973,595500.0,0.008579720885022277,0.0045744468352910544,0.4318995934217924,0.005260119357428039,0.4819374872259267,0.39333793419677937,0.17641736352732917,0.27959966446816553,0,0,-0.063403749648074,0.09010016020455944,-0.02669630447480125
2012-07-17,9.020000457763672,9.260000228881836,8.720000267028809,9.239999771118164,1368300.0,0.008707912978438564,0.004752404408872965,0.5180294239355218,0.005202517201697343,0.5017759972061042,0.43308003687935454,0.1548905769307546,0.28410072534087727,0,0,-0.07142860944173758,0.08258925981781627,-0.035714357939301396
2012-07-18,9.199999809265137,9.350000381469728,9.079999923706056,9.210000038146973,779500.0,0.008726226134640885,0.00492474231849746,0.50776466567558,0.005169102909837464,0.4919642688561167,0.4796245868048573,0.14129471561928508,0.28153653842990833,0,0,-0.08874455791517706,0.06060610752038272,-0.03463200246221375
2012-07-19,9.239999771118164,9.380000114440918,9.119999885559082,9.140000343322754,381900.0,0.008707912978438564,0.0050989535089897425,0.4830814312844919,0.0051519899797108915,0.492798923502512,0.47954045715756566,0.13084583505746183,0.280280267767562,0,0,-0.09337672672260658,0.056460418632994336,-0.06623231858313612
2012-07-20,9.029999732971191,9.18000030517578,8.960000038146973,9.050000190734863,849100.0,0.008584299283227861,0.005237573077578092,0.4513114869781868,0.005111814585401053,0.4789805918928455,0.43164536458384484,0.1076719201886161,0.2774871297225283,0,0,-0.07111592933419658,0.07986876022865227,-0.05579860569481275
2012-07-23,8.869999885559082,8.890000343322754,8.65999984741211,8.800000190734863,653000.0,0.008405746119410182,0.005190742127759385,0.3700953088297494,0.0050763261058384135,0.4991155067018609,0.3431936592946141,0.10705814904101685,0.27533906807677755,0,0,-0.054143619976915816,0.09834257730004374,-0.01436465322663843
2012-07-24,8.84000015258789,8.869999885559082,8.5600004196167,8.649999618530273,792000.0,0.008337071456186396,0.00510457317294713,0.326413573010672,0.005029970981225096,0.503669646584364,0.32096197342381444,0.11305996773504656,0.272733762068455,0,0,-0.05227273047462961,0.10454546094925922,-0.013636350336153933
2012-07-25,8.710000038146973,8.819999694824219,8.640000343322754,8.729999542236328,495900.0,0.008286709949164917,0.0050352632100070654,0.35851399752575885,0.005002106193456979,0.4964904357434887,0.3357499651840006,0.11863308509378845,0.27436503889866604,0,0,-0.03815028187968003,0.12138731064051415,0.0
2012-07-26,8.899999618530273,8.920000076293945,8.710000038146973,8.739999771118164,685300.0,0.008089843192524843,0.004935981467766359,0.36265764103296105,0.0049638355417759294,0.4666739212513152,0.36510544668148165,0.11415130586934213,0.2766193522919784,0,0,-0.05956466567650579,0.0985109570957961,-0.016036586138534255
2012-07-27,8.819999694824219,8.90999984741211,8.720000267028809,8.850000381469727,1158000.0,0.00798454265351646,0.00481422106969609,0.408835157239668,0.004902883833096672,0.4464658767083355,0.38238969768372433,0.10998965373235625,0.2804286254708136,0,0,-0.05034320273523403,0.10755155133572239,-0.003432463816569797
2012-07-30,8.869999885559082,9.039999961853027,8.850000381469727,9.020000457763672,594300.0,0.00791129002870715,0.004771136681612886,0.4754357298080062,0.00487451212796286,0.4550433849885498,0.4275263565715109,0.09322067610241913,0.28238359183539197,0,0,-0.05536720338952002,0.10056500621019757,-0.005649738822560335
2012-07-31,8.979999542236328,8.989999771118164,8.850000381469727,8.920000076293945,532700.0,0.007618279092849817,0.004731798676619353,0.43685924019000455,0.004847601393140832,0.43441087359833275,0.4181442149673194,0.07764948258890614,0.280631260382572,0,0,-0.06651878019351763,0.08647457284485474,-0.019955581193628016
2012-08-01,8.949999809265137,9.0,8.829999923706055,8.829999923706055,689100.0,0.00720623285998738,0.004669981837150325,0.4029910519596208,0.004811076488590582,0.41292861591683805,0.4149361119463558,0.06517855900218678,0.27836444678366423,0,0,-0.06390131053239188,0.090807221153437,0.01793720247125666
2012-08-02,8.75,8.880000114440918,8.630000114440918,8.720000267028809,694000.0,0.006872017650139867,0.004544474877344523,0.36292354764149226,0.004772183044898903,0.4241578606889028,0.3638160487411112,0.07232084848110593,0.27608151449859375,0,0,-0.041902592158096955,0.11438281286620068,0.04643259920211048
2012-08-03,8.880000114440918,9.100000381469728,8.859999656677246,9.020000457763672,801500.0,0.006798765025330555,0.004475165093050348,0.4850189685275288,0.004734113310657928,0.43776728450227004,0.48437259864303855,0.05540651666187235,0.27871807102090496,0,0,-0.05733944778540316,0.10091744122626764,0.008027487692734894
2012-08-06,9.0600004196167,9.0600004196167,8.869999885559082,8.899999618530273,970600.0,0.006707198807698822,0.004375883350809642,0.4393846528535478,0.004684803244235869,0.4345347746471216,0.46578175547974215,0.03970035140115552,0.2755252553495946,0,0,-0.0753880566148412,0.07760529642353119,-0.007760603652551301
2012-08-07,8.970000267028809,9.34000015258789,8.880000114440918,9.130000114440918,2328200.0,0.006780451432508133,0.004327179120123176,0.5223083997916018,0.004581949290800691,0.44802866613506087,0.5514468414454895,0.04588600446031996,0.28318393394628205,0,0,-0.06629215481756638,0.08876404446222731,0.0033707566580935986
2012-08-08,8.550000190734863,9.369999885559082,8.5,9.229999542236328,1933400.0,0.007027679259549613,0.004257869157183097,0.5552803316535391,0.004502302669606939,0.4915622459871672,0.5031921971909715,0.039758169113631225,0.28954390697215415,0,0,-0.01861994240559277,0.13253012299891606,0.040525726278344
2012-08-09,9.220000267028809,9.270000457763672,9.119999885559082,9.1899995803833,815500.0,0.007261171891974283,0.004246629650622433,0.5380481389085725,0.004467877791817065,0.47462178735622884,0.5737881679852872,0.034068036291706016,0.2868612970608069,0,0,-0.09100760501060304,0.05850487417491152,-0.055254632088342276
2012-08-10,9.140000343322754,9.149999618530272,8.640000343322754,8.720000267028809,958300.0,0.007137558196763594,0.0041286156356417775,0.36807205521510544,0.004414861946332671,0.4381937123703424,0.3887551257437966,0.061957138210895046,0.2837089425812924,0,0,-0.0826986141004957,0.06746462610101912,-0.03917308234921023
2012-08-13,8.720000267028809,8.789999961853027,8.59000015258789,8.739999771118164,1024600.0,0.007036835619340737,0.004132362018731406,0.37586348338479514,0.004358855730480171,0.44558273880053884,0.33731303678028257,0.0907315790138648,0.2870793927531703,0,0,-0.038990841992684926,0.11926604701898588,-0.013761454344538678
2012-08-14,8.8100004196167,8.84000015258789,8.65999984741211,8.710000038146973,963200.0,0.0067941861905048695,0.004141728244424325,0.36597608908716606,0.004305493276070327,0.4111198533838124,0.3604348680594832,0.11220868729134742,0.28391091958749315,0,0,-0.04919912087374901,0.10869563319720742,-0.04347827510209444
2012-08-15,8.6899995803833,8.859999656677246,8.609999656677246,8.8100004196167,621200.0,0.006611054628481577,0.004156714312720536,0.40835618167982246,0.004272865825956151,0.41928496887637967,0.377845252387937,0.13538609282744735,0.2859543742495765,0,0,-0.03559121292591111,0.12284737586822958,-0.021813958616666396
2012-08-16,8.770000457763672,8.890000343322754,8.680000305175781,8.84000015258789,632600.0,0.006473705738654079,0.0041342354782450685,0.42115080138041117,0.004240208439672655,0.4325921998097794,0.40556615404220075,0.1534415276989161,0.2880353295284461,0,0,-0.04426791427323472,0.07377974887299171,-0.01816127054093682
2012-08-17,8.8100004196167,8.9399995803833,8.640000343322754,8.84000015258789,1999400.0,0.00637756155943682,0.004158587593588309,0.42115080138041117,0.004137240468428227,0.4492815468460658,0.412257026744678,0.1642569004898854,0.29461241138834515,0,0,-0.04864256761917585,0.06447960237391541,-0.02941179008981368
2012-08-20,8.800000190734863,8.850000381469727,8.640000343322754,8.760000228881836,610500.0,0.006359248403234485,0.004158587593588309,0.3874376105156634,0.004104513181155789,0.4481685217296977,0.3800707962617688,0.17429974665292836,0.2926041546735966,0,0,-0.04751132002763498,0.06561084996545628,-0.02941179008981368
2012-08-21,8.8100004196167,9.050000190734863,8.699999809265137,8.729999542236328,451500.0,0.006395874715639155,0.004203545262539257,0.37470680893492825,0.0040799554057842635,0.4473152308455595,0.4203361670195762,0.1598773354526658,0.2911189328771855,0,0,-0.049086791545742726,0.06506845661315422,-0.06050235990840372
2012-08-22,8.729999542236328,8.75,8.479999542236328,8.609999656677246,913900.0,0.006340935247032178,0.004211038207364404,0.3249018352392722,0.004027254404381064,0.4466270783566161,0.2977697752642131,0.16543035112208548,0.28811263343147087,0,0,-0.04009157458738563,0.07445596864694473,-0.04467347194711684
2012-08-23,8.569999694824219,8.649999618530273,8.460000038146973,8.5,624200.0,0.006231056309818198,0.004220404433057323,0.2825158396906722,0.0039893984836735785,0.4492320435446858,0.2747176755285914,0.17220025719196558,0.2860593101860228,0,0,-0.012775802678684072,0.09407670753953234,0.015098736309484053
2012-08-24,8.449999809265137,8.649999618530273,8.420000076293945,8.619999885559082,490700.0,0.006125755334189742,0.0041904326537566955,0.3514509783603521,0.003961307800086911,0.4479319457763542,0.30813590725493784,0.18183797907382582,0.28767348147173477,0,0,-0.0035293803495519303,0.10941180060891544,0.058823529411764705
2012-08-27,8.640000343322754,8.789999961853027,8.569999694824219,8.710000038146973,395900.0,0.0059838280461566445,0.004156714312720536,0.40005759102521055,0.003939653532520848,0.44058784757067704,0.37832723308867333,0.17339226817154924,0.2889758055231172,0,0,-0.025522073079997456,0.08584684233672338,0.006960494981316502
2012-08-28,8.670000076293945,8.8100004196167,8.640000343322754,8.699999809265137,434600.0,0.0058831054687337875,0.004108010082034069,0.3953775192776312,0.003915779719131485,0.4379889160893083,0.39660208903146366,0.16313005698775307,0.2875461767463281,0,0,-0.028702640517230902,0.08151550344861114,0.020665936209809225
2012-08-29,8.6899995803833,8.890000343322754,8.609999656677246,8.880000114440918,448400.0,0.005905997023141721,0.004053686187390215,0.48933365087166336,0.003893410970372657,0.4604650465931445,0.4384838207068401,0.14384748259325164,0.28902120100659545,0,0,-0.0310344264377819,0.07931040795228471,0.002298903241626767
2012-08-30,8.84000015258789,8.84000015258789,8.600000381469727,8.630000114440918,352500.0,0.005864792312531467,0.003950658062059881,0.37386258675120543,0.0038733906159870712,0.4590406759614145,0.38561090244677326,0.12708403970728732,0.2878616424612247,0,0,-0.04729730527941422,0.059684653844687484,-0.03153150105435783
2012-08-31,8.720000267028809,8.770000457763672,8.520000457763672,8.520000457763672,548300.0,0.005635877641692322,0.0038007991655567286,0.3302612136457954,0.0038406004216194334,0.4424607867646827,0.3482484486647321,0.12073352130242704,0.2860579943749074,0,0,-0.03476247818732484,0.07531861065014397,-0.022016284071616852
2012-09-04,8.520000457763672,8.760000228881836,8.470000267028809,8.739999771118164,885800.0,0.0055626250168830105,0.003716503491612233,0.43848983218493276,0.003793103308124768,0.4714887235223445,0.38247994701214133,0.12047286893006126,0.2889718580897712,0,0,-0.011737133344705787,0.0997651856956024,0.00938966190232495
2012-09-05,8.770000457763672,8.800000190734863,8.65999984741211,8.720000267028809,574400.0,0.005374915056654106,0.00370151760196194,0.4297549468561175,0.0037620260487602475,0.4657042073571521,0.4294905753052591,0.11430224166974362,0.2870823533281798,0,0,-0.04004581128552464,0.06864982191168277,-0.008009227726739348
2012-09-06,8.800000190734863,8.869999885559082,8.6899995803833,8.710000038146973,1165800.0,0.005136844026023851,0.0036771654866187,0.425137090010001,0.0036987287393186463,0.420610823646556,0.46070876008662365,0.09833420918283264,0.2832474218325959,0,0,-0.043577993440864486,0.06536693547813806,0.008027487692734894
2012-09-07,8.770000457763672,8.9399995803833,8.760000228881836,8.760000228881836,954900.0,0.004939977706003823,0.0036003627574993508,0.4511445307069173,0.003648303914733031,0.40230155183446,0.5449091133641708,0.08023125739910525,0.2863885919176302,0,0,-0.04018374052087698,0.06888627154622359,0.01722154051358482
2012-09-10,8.789999961853027,8.859999656677246,8.630000114440918,8.789999961853027,917300.0,0.00497202562020288,0.0035460388628554967,0.4670493895803536,0.003600708143760678,0.42297081695418126,0.4919603035192336,0.07424250482417655,0.28940607575782495,0,0,-0.04223742875476048,0.06621003522280597,0.028538812039724235
2012-09-11,8.770000457763672,8.880000114440918,8.680000305175781,8.819999694824219,687700.0,0.005008651932607536,0.0034786021807831774,0.48344662035297914,0.0035656478480753373,0.4181477075588399,0.5191749621512765,0.06567092354033854,0.2916682840178292,0,0,-0.03981801854251006,0.06825932086453887,0.02616604587423021
2012-09-12,8.84000015258789,8.890000343322754,8.739999771118164,8.800000190734863,696200.0,0.005049856643217804,0.0033362360504593097,0.47129003057777785,0.0035298142028061252,0.42402051738837415,0.5286152788576142,0.0561308302179605,0.28937811477162456,0,0,-0.04761905791679462,0.06009067475163379,0.014739242510088188
2012-09-13,8.819999694824219,9.220000267028809,8.789999961853027,9.109999656677246,1488600.0,0.005187205096425215,0.0032200953163464274,0.6238006676098651,0.0034660767580491636,0.4312233006461529,0.692602186086037,0.07077434575909247,0.294274905837267,0,0,-0.045454501120513115,0.06250002031976483,0.026136419423354335
2012-09-14,9.170000076293944,9.289999961853027,9.079999923706056,9.15999984741211,1407500.0,0.005333710346043852,0.0031657714217025595,0.6440778705133402,0.003407908658165093,0.4176725890557541,0.7300813943308004,0.0914117060002948,0.2989049161992796,0,0,-0.08232711616517788,0.021953876707179354,-0.01756310136574313
2012-09-17,9.119999885559082,9.149999618530272,8.899999618530273,8.949999809265137,647000.0,0.0053840714164452436,0.0031226868549734804,0.5168067429098047,0.0033774786480991748,0.396229327738318,0.5885968865112275,0.08442559241280512,0.2967765917202585,0,0,-0.07641919442421183,0.02729257687385554,0.0032750800732453266
2012-09-18,8.930000305175781,9.010000228881836,8.90999984741211,8.989999771118164,551800.0,0.005489371955453598,0.0031020811227198825,0.535524338173491,0.0033521616932524756,0.4011874694916783,0.5537175715972975,0.07793848693870747,0.2985917531538348,0,0,-0.05698326701123258,0.049161965336335364,0.05251389087941008
2012-09-19,8.75,9.210000038146973,8.75,9.0,1303900.0,0.0056129860872843745,0.0031077007866772838,0.5403918386697436,0.0032927966108797224,0.4110988463707714,0.5510848840354022,0.09351722392509643,0.30288096843698087,0,0,-0.03670744517327276,0.06896550626741198,0.05450498148980693
2012-09-20,8.920000076293945,8.979999542236328,8.760000228881836,8.920000076293945,1029600.0,0.0057549133753175,0.003150785353406349,0.4914228123945711,0.003243756855102309,0.42130236673107885,0.492887713132273,0.10798319398388617,0.2994940706261616,0,0,-0.05555555555555555,0.04111109839545356,0.027777777777777582
2012-09-21,9.029999732971191,9.079999923706056,8.640000343322754,8.710000038146973,2518000.0,0.00585105755453473,0.0031564050173637503,0.37966348145868367,0.0031097195423916424,0.3937438834273101,0.44497157997600795,0.10337178398153568,0.2912110396552575,0,0,-0.06838561115020605,0.029148007472872134,0.04372201120930801
2012-09-24,8.65999984741211,8.920000076293945,8.65999984741211,8.779999732971191,720600.0,0.005924310179344056,0.0031170670123702032,0.41992501900434676,0.0030728538185511023,0.3852426965891636,0.4236597238509544,0.09908976040792444,0.29358147337949636,0,0,-0.027554508618489435,0.072330667242448,0.06429396293502632
2012-09-25,8.84000015258789,8.90999984741211,8.569999694824219,8.600000381469727,904600.0,0.005873949108942664,0.0030496305089437875,0.33524989396479543,0.003022187443056601,0.3679010652916357,0.3660903610455856,0.08180711935672341,0.2906057665422128,0,0,-0.04783600103274894,0.051252827215389304,0.0011389782671954382
2012-09-26,8.600000381469727,8.6899995803833,8.40999984741211,8.430000305175781,1678600.0,0.0057503354137319745,0.00289789833157289,0.2675175588230475,0.0029205920178618228,0.34124682353142904,0.2704030290375281,0.07828870635557794,0.285083965196796,0,0,-0.022093084375555155,0.0802325057880266,0.012790657185813674
2012-09-27,8.489999771118164,8.539999961853027,8.369999885559082,8.5,2360200.0,0.005576360211499806,0.002764898426941914,0.3103736720537623,0.0027827643056897444,0.35818617036661216,0.2764391031073803,0.07981022566254126,0.2928479086827086,0,0,-0.014234861354086251,0.09489918882253015,0.00830375396968334
2012-09-28,8.4399995803833,8.65999984741211,8.420000076293945,8.609999656677246,1153400.0,0.005567203415088595,0.002665616684701208,0.37463832520486695,0.002719076569554113,0.3772408635676228,0.33326343894890353,0.06367791784977533,0.2966420500337177,0,0,-0.008235258214613971,0.10000004487879136,0.018823623657226562
2012-10-01,8.649999618530273,8.75,8.520000457763672,8.550000190734863,1059800.0,0.0055809381730853175,0.002571954785063807,0.34766015390383587,0.0026589430076984777,0.372462249974724,0.35460666740513214,0.052825622997616783,0.29315580848369216,0,0,-0.032520295486196144,0.07433221473202027,-0.02090584885934012
2012-10-02,8.569999694824219,8.649999618530273,8.529999732971191,8.539999961853027,956000.0,0.005489372392073685,0.0025232505543773404,0.3430466256432555,0.0026045369343525304,0.34073904709110386,0.3432056734416974,0.04274849206346959,0.29001101991809075,0,0,-0.023391790035497878,0.08421055566864559,0.003508852160964605
2012-10-03,8.569999694824219,8.59000015258789,8.15999984741211,8.279999732971191,1981600.0,0.005287927237227985,0.0024539407700831517,0.2362968676483843,0.0024780787518668967,0.32460505625243075,0.26778492729054093,0.061348625086628084,0.2834924916528232,0,0,-0.04800935002851531,0.08430916513406886,-0.0011708753222698922
2012-10-04,8.300000190734863,8.40999984741211,8.199999809265137,8.34000015258789,914900.0,0.005118530433201429,0.0023808846026993485,0.27515503289619847,0.0024213323975197376,0.349240955116659,0.29029822464438204,0.07862017717956088,0.2865020806263261,0,0,-0.016908254569775964,0.11956519360453083,0.05072464853126664
2012-10-05,8.359999656677246,8.699999809265137,8.359999656677246,8.699999809265137,999800.0,0.005091060480587883,0.002373391657874188,0.46669883470095386,0.00236917599617259,0.38898338280223915,0.39425274925675363,0.06047080847855174,0.28979095050905446,0,0,-0.023980792039083723,0.11151082591853471,0.04196647183047376
2012-10-08,8.680000305175781,8.970000267028809,8.600000381469727,8.949999809265137,958500.0,0.005164313105397195,0.0023921239306141373,0.5653779266217833,0.0023257468941549897,0.39906652026359835,0.48176928575152916,0.06979861815266486,0.2929439628941265,0,0,-0.059770168869416884,0.07011490460351756,0.004597696865513612
2012-10-09,8.930000305175781,9.029999732971191,8.699999809265137,8.699999809265137,903400.0,0.005109373636790218,0.0023321801933669783,0.4576460204546594,0.0022787741466118727,0.3751060527468202,0.47097086696943746,0.08356337535724906,0.28997220349018893,0,0,-0.08603357253332665,0.04022342618427439,-0.01005588318501655
2012-10-10,8.729999542236328,8.989999771118164,8.609999656677246,8.850000381469727,1489600.0,0.0051322651911981515,0.0023190675845844305,0.5138800923815453,0.002207520980799682,0.38590714766140277,0.47312123816537005,0.0852087760712163,0.29487228408361976,0,0,-0.06551720773800396,0.06436786573493049,0.024137935948381446
2012-10-11,8.899999618530273,8.949999809265137,8.619999885559082,8.710000038146973,717200.0,0.0049491336291748594,0.0022965887501089632,0.45729765738661354,0.002170571629922069,0.3644981180218297,0.4591945961254193,0.08673664816275728,0.29251303475386103,0,0,-0.08361578974251657,0.044067833504204464,-0.007909569695701398
2012-10-12,8.6899995803833,8.720000267028809,8.449999809265137,8.5600004196167,940400.0,0.004674436286139935,0.0022666169708083356,0.40112490838887116,0.0021183902442655222,0.36777101926462097,0.39879547347609307,0.06756182143754941,0.28941956282175696,0,0,-0.06084956723880191,0.06888638103810789,0.018369781904210587
2012-10-15,8.5600004196167,8.640000343322754,8.489999771118164,8.529999732971191,635300.0,0.004482147927705446,0.00217482817339279,0.39010817937875875,0.0020826738933269473,0.3696359279317893,0.3959391694672488,0.04975662519271351,0.28732972581785887,0,0,-0.04672903651826002,0.08528031617421535,0.031541996595070905
2012-10-16,8.579999923706055,8.630000114440918,8.449999809265137,8.600000381469727,609200.0,0.004303594763887766,0.0021186311765270527,0.4214391077489624,0.002049611420534836,0.37116202119421177,0.4045053500696502,0.035331801582662276,0.2893337061464827,0,0,-0.049237994072908346,0.08323564599921314,0.023446637224626532
2012-10-17,8.619999885559082,8.739999771118164,8.5600004196167,8.699999809265137,996200.0,0.004166245874060268,0.0020380818856721994,0.4652133491186542,0.001998303787571376,0.3801092170510372,0.4618731071086973,0.028437313634285255,0.2926107337291731,0,0,-0.05348837415613688,0.07790698215985932,0.017441926226863143
2012-10-18,8.720000267028809,8.920000076293945,8.699999809265137,8.869999885559082,883800.0,0.004143354319652334,0.0019706453822457837,0.5338956095799028,0.0019569015492633124,0.3803952526666393,0.5494257470627562,0.041322123312683035,0.29551801838846037,0,0,-0.06436786573493049,0.06551720773800396,0.005747148486326996
2012-10-19,8.75,8.930000305175781,8.630000114440918,8.920000076293945,1300600.0,0.004239498498869579,0.0019200680493374617,0.5530767210550662,0.001897838478503222,0.43998169673865123,0.5465392354746116,0.043714493112263886,0.2997963782299051,0,0,-0.06651636529876939,0.06087936514319253,0.0
2012-10-22,8.869999885559082,9.09000015258789,8.850000381469727,9.039999961853027,1316900.0,0.004358534232494757,0.001980011607938703,0.5979417544847075,0.0018424134947744308,0.4567273352495002,0.6135933758443155,0.06184376388285928,0.3041283573742989,0,0,-0.07959641615182153,0.0470852099441288,-0.01793720247125666
2012-10-23,8.930000305175781,9.0600004196167,8.800000190734863,9.0,945300.0,0.004541665794518035,0.0020287158386251697,0.5765372843726356,0.0018016937964543955,0.48222263324531983,0.57530753361721,0.07161107481689949,0.3010187667560321,0,0,-0.0851770421474467,0.039822971039421666,-0.026548752854561396
2012-10-24,9.029999732971191,9.06999969482422,8.880000114440918,8.970000267028809,617900.0,0.004788893621559515,0.0020774200693116363,0.5599850595350008,0.0017746171129132127,0.5108146437715131,0.5664500391161591,0.08172120842435898,0.2989861675356502,0,0,-0.09666665395100911,0.028888914320203993,-0.028888808356391057
2012-10-25,9.020000457763672,9.09000015258789,8.970000267028809,9.050000190734863,920300.0,0.005040699846806593,0.0021223777382625847,0.5935417925885019,0.0017363148820548346,0.491646856095603,0.5752555446704591,0.09329943746151259,0.3020135199592099,0,0,-0.09587520454293431,0.030100278266634785,-0.01337801958317523
2012-10-26,9.06999969482422,9.079999923706056,8.9399995803833,9.010000228881836,795100.0,0.005223831845449972,0.0021542227984309714,0.5694687144948527,0.0017024223986402687,0.4779674877041085,0.5526239719708905,0.09909594111780773,0.2993980164147436,0,0,-0.10055246720809392,0.015469650869850872,-0.005524777459312815
2012-10-31,9.020000457763672,9.149999618530272,8.920000076293945,9.149999618530272,774600.0,0.005498529188484896,0.0022122930761644677,0.6287004405541858,0.0016723487298849204,0.5096429435670509,0.563867613883765,0.11280839153345418,0.30194608463954997,0,0,-0.09544956587179697,0.02108763324713924,0.0
2012-11-01,9.18000030517578,9.479999542236328,9.09000015258789,9.399999618530272,1648600.0,0.0058922622651449985,0.0023321801933669783,0.7163955237911593,0.001619481891419694,0.5456080155742402,0.6310435721864927,0.15631935979175815,0.3073692001513183,-1,0,-0.11147546451236998,0.03278680323144498,-0.014207663372755155
2012-11-02,9.43000030517578,9.449999809265137,9.210000038146973,9.239999771118164,974800.0,0.0063317784506209535,0.0024277153738721524,0.6209452395099478,0.001584133723597947,0.5485457590883751,0.6092567086751413,0.1967224017458976,0.30416256846329703,-1,0,-0.1351064371598602,0.0053190679882566035,-0.014893654149386206
2012-11-05,9.220000267028809,9.229999542236328,9.109999656677246,9.170000076293944,1119800.0,0.006711776769284333,0.00253261678007026,0.581958470149826,0.001541513178901277,0.5423453845573117,0.5510154770992992,0.21674156325047705,0.30047895524597446,0,0,-0.11471866297334604,0.028138450394794342,0.02597400184666031
2012-11-06,9.350000381469728,9.640000343322754,9.25,9.420000076293944,1617300.0,0.007041414017546335,0.002704954689694755,0.670121380487408,0.0014908643444861425,0.517802005570389,0.6208211146673349,0.26539196675466753,0.3057991085379693,0,0,-0.12977104952637664,0.031624859262839734,0.01853872136091073
2012-11-07,9.270000457763672,9.369999885559082,9.140000343322754,9.220000267028809,1309500.0,0.007165028149377126,0.002817349040718009,0.5658176282888099,0.0014429982156958232,0.4923178420481873,0.5433570101750409,0.29402601607050705,0.3014914718992089,0,0,-0.11783445874325976,0.039278119167982954,0.02016980667138712
2012-11-08,9.18000030517578,9.260000228881836,8.819999694824219,8.850000381469727,1441300.0,0.007233702812600912,0.0028435744369290222,0.4133648580962538,0.0013762836544353174,0.4853775086536352,0.4540419190146582,0.2805704967465718,0.2967502754979523,0,0,-0.11062911369007697,0.04989154282261336,0.019522705671186743
2012-11-09,8.800000190734863,8.880000114440918,8.710000038146973,8.710000038146973,695100.0,0.00716960654758271,0.0028454477177967674,0.3657042619695329,0.0013415871007964042,0.46327478370982794,0.38508328721817564,0.256541618781605,0.29446372473231464,0,0,-0.07231641985720101,0.09491526738763724,0.05988697289560746
2012-11-12,8.75,8.8100004196167,8.5,8.5600004196167,798600.0,0.0071009323209790115,0.002785504159195526,0.3181184103920066,0.001298600178096243,0.45995128784189016,0.3438501996406549,0.23332550273814634,0.29183670784058946,0,0,-0.06773824913936642,0.10218143965842036,0.05510901723697887
2012-11-13,8.5,8.720000267028809,8.5,8.600000381469727,583400.0,0.007119245477181346,0.0027798844952381246,0.3361823984908836,0.0012678532015076294,0.46241366765410036,0.3371386099277343,0.21176768069779178,0.2937558183522755,0,0,-0.03971964204683009,0.1331776036728046,0.07359814060255948
2012-11-14,8.630000114440918,8.699999809265137,8.390000343322754,8.470000267028809,1192100.0,0.007091775961187888,0.002770518269545205,0.2943903416664264,0.0012010204984696515,0.45671372563129325,0.3110472349909651,0.2018123453866792,0.28983437227585984,0,0,-0.05465119141639925,0.11744188186992016,0.040697606077965756
2012-11-15,8.449999809265137,8.630000114440918,8.40999984741211,8.600000381469727,1504100.0,0.007091775961187888,0.0027442930519801095,0.35530434840052794,0.0011220630816985988,0.4706970658371998,0.32023155487751676,0.1925681054549318,0.2947821510222207,0,0,-0.03423848320075159,0.1404959263921083,0.10153489766692086
2012-11-16,8.5600004196167,8.640000343322754,8.5,8.5600004196167,733200.0,0.007027680132789774,0.002714321272679482,0.3412728019920246,0.0010828738285362793,0.4573150628712654,0.3313640726388489,0.18274027397578224,0.2923702692478495,0,0,-0.041860534230585576,0.12558138090704182,0.13139524542363876
2012-11-19,8.670000076293945,8.729999542236328,8.579999923706055,8.720000267028809,424200.0,0.006959005906186075,0.002716194553547255,0.41510134406205024,0.0010620158325936324,0.4549885495146999,0.3708637982683071,0.16235208555439345,0.2937656869356404,0,0,-0.03621500051638788,0.11331778264938956,0.1390186357533598
2012-11-20,8.670000076293945,8.729999542236328,8.600000381469727,8.710000038146973,419200.0,0.00686286172696883,0.0027068283278543215,0.41105980978136736,0.0010413080984914558,0.4362086685162898,0.37667986878459675,0.14342019630596103,0.29238671688679085,0,0,-0.03211006013725692,0.11123855932625099,0.1513761071562428
2012-11-21,8.760000228881836,8.770000457763672,8.600000381469727,8.720000267028809,581100.0,0.006716356477350208,0.0026937157190717737,0.4159225777346831,0.0010127810420194616,0.42545493869919343,0.38796579823602384,0.12054445075652798,0.29429826148456384,0,0,-0.04247989482647562,0.10103330775967889,0.12858781637816832
2012-11-23,8.760000228881836,8.869999885559082,8.680000305175781,8.84000015258789,278400.0,0.0066431038525408825,0.0026974622808073057,0.47381433022480024,0.001000005511687052,0.41897887226589103,0.41803437475543836,0.10864394839678498,0.2952140660208227,0,0,-0.04243117823724026,0.10091744122626764,0.13188068615990034
2012-11-26,8.789999961853027,8.949999809265137,8.739999771118164,8.9399995803833,579300.0,0.006629368657924087,0.0027236874983724013,0.5190062835700815,0.0009749692082304806,0.43029644878418855,0.44101082840680894,0.10719011662575906,0.2971196894685768,0,0,-0.04524882484455325,0.09615388764681082,0.1300904523393717
2012-11-27,8.960000038146973,9.039999961853027,8.819999694824219,8.829999923706055,387000.0,0.006528646080501216,0.0026712368845963064,0.463762440843527,0.0009571356551179022,0.41690629663277895,0.4484910200840272,0.11602411814544661,0.29584664221451007,0,0,-0.06375835811837702,0.07606267752717571,0.10850115352994438
2012-11-28,8.789999961853027,8.859999656677246,8.609999656677246,8.850000381469727,477200.0,0.006455393455691905,0.00261316660686281,0.4735363569920408,0.000935413482460401,0.42583235909058964,0.41657293576225995,0.09485317105509705,0.29741640487508014,0,0,-0.04530007044013528,0.09626278469014657,0.12344282695422773
2012-11-29,8.9399995803833,9.210000038146973,8.75,8.829999923706055,1108800.0,0.006308888206073282,0.002590687772387343,0.46283450011219773,0.0008844263494894866,0.3953809039387469,0.4640919733995782,0.11026602961498838,0.2937689764634287,0,0,-0.06214680376874832,0.07909612799623444,0.107344714349231
2012-11-30,8.84000015258789,8.930000305175781,8.729999542236328,8.779999732971191,1013200.0,0.006025034066627161,0.002551349767393782,0.4354523502069585,0.0008365883971144794,0.3653133111100565,0.43595740585247217,0.12196732551330275,0.29043602690833725,0,0,-0.05096260624612401,0.09060024888415784,0.11778029114823901
2012-12-03,8.819999694824219,8.880000114440918,8.630000114440918,8.770000457763672,984200.0,0.0058098545904048254,0.0025082653793106063,0.42981248220421975,0.000789941238595937,0.3825791897425034,0.4243866711167637,0.11983562983668228,0.2871984736591062,0,0,-0.04897487068099843,0.09339415415005295,0.11161737194939617
2012-12-04,8.800000190734863,8.800000190734863,8.65999984741211,8.770000457763672,625500.0,0.005626723028381533,0.0024801668808777516,0.42981248220421986,0.0007603362298270744,0.38984621098620015,0.42353888254408495,0.11785619813696324,0.28925607329067915,0,0,-0.04675026522366434,0.09578108423520978,0.14367162635281466
2012-12-05,8.770000457763672,8.829999923706055,8.699999809265137,8.75,478400.0,0.005319977334527465,0.002487659825702898,0.4170593884350424,0.0007374638645110676,0.39181732809119807,0.4448967531584126,0.11925454007969305,0.2876823631967631,0,0,-0.04332954328463251,0.09920180617424161,0.14139107256493358
2012-12-06,8.729999542236328,8.770000457763672,8.630000114440918,8.710000038146973,705800.0,0.005086484265482721,0.0024745472169203503,0.3910627439767066,0.0007030132245698928,0.40197034945387805,0.4242056231034486,0.11051256956284505,0.2853606144837908,0,0,-0.03885705130440848,0.10400009155273438,0.14742867606026785
2012-12-07,8.739999771118164,8.800000190734863,8.609999656677246,8.6899995803833,380800.0,0.005013231204053323,0.0024914062087925265,0.37783661007141256,0.0006842437390566225,0.4260558690344775,0.429703209464216,0.10603030226806037,0.2841079623020115,0,0,-0.04018363102899269,0.10332957155716183,0.16188287499848059
2012-12-10,8.699999809265137,8.770000457763672,8.680000305175781,8.770000457763672,353200.0,0.005040701156666855,0.002555096329129314,0.4415895305559505,0.0006675865445920914,0.44736961894126304,0.46156166294179685,0.10186819692290311,0.28526982351683416,0,0,-0.03567312783790828,0.10817037738178525,0.17951674280148702
2012-12-11,8.8100004196167,8.979999542236328,8.779999732971191,8.899999618530273,1223700.0,0.005196362766076601,0.00263002577738089,0.5323841554594049,0.000614120930202855,0.4622972296215624,0.562472717212499,0.12225226731055544,0.28929521867135977,0,0,-0.04789054211760489,0.09464080734126924,0.1698973424567084
2012-12-12,8.970000267028809,9.0600004196167,8.949999809265137,9.020000457763672,973100.0,0.00538865112451109,0.002706828685146115,0.6035657513124965,0.0005747408336023718,0.4687714716644248,0.6289181537949766,0.14903714719085442,0.29249625816214087,0,0,-0.06516853354672779,0.07528091067543076,0.14157295833857497
2012-12-13,9.029999732971191,9.06999969482422,8.949999809265137,9.020000457763672,819100.0,0.005640457349758168,0.0027948709208261285,0.6035657513124965,0.0005416439878918045,0.48327507974129824,0.6086203478694543,0.17489359068837346,0.29519071037352584,0,0,-0.07095336553975215,0.06762755869114445,0.1341463388846621
2012-12-14,8.970000267028809,9.09000015258789,8.9399995803833,9.050000190734863,510000.0,0.005846480466189394,0.0028904061013313026,0.6214819672404799,0.0005214602306020666,0.4658732810443644,0.595558411319496,0.20097070204301748,0.29686836954555174,0,0,-0.06430154038482766,0.07427938384606894,0.13082032057834508
2012-12-17,9.079999923706056,9.289999961853027,8.979999542236328,9.289999961853027,727100.0,0.006180695676036907,0.0030796031814738917,0.7407913164547636,0.0004972738973856861,0.4827860252867063,0.6559691441378331,0.24363204791562315,0.2992601852004144,0,0,-0.07624304594929233,0.061878498101028793,0.13038677130458304
2012-12-18,9.289999961853027,9.479999542236328,9.210000038146973,9.460000038146973,639600.0,0.006519489284090019,0.003289405815224175,0.8035485610299044,0.0004788621269774529,0.4863888615647775,0.7007993148498786,0.2969559251084302,0.3013641671738022,0,0,-0.0968783231674799,0.03767496048513587,0.12055972983402269
2012-12-19,9.479999542236328,9.6899995803833,9.43000030517578,9.520000457763672,512900.0,0.006890331242962275,0.003443011452108749,0.8231945081692348,0.0004649153514006965,0.4772796063359464,0.7012919619752208,0.3585439865779447,0.303051365976414,0,0,-0.11522190216894371,0.022198735443991344,0.08139539689838096
2012-12-20,9.539999961853027,9.600000381469728,9.420000076293944,9.460000038146973,460000.0,0.0072291248510154005,0.003538546632613923,0.7676610962494536,0.000451697427853448,0.4672188288180692,0.6328720267516162,0.4138062904516387,0.30153818319380254,0,0,-0.12079827344886683,0.01575626169302828,0.075630276513447
2012-12-21,9.40999984741211,9.449999809265137,9.199999809265137,9.359999656677246,1592800.0,0.007467195881645655,0.003662180311551952,0.6807014552510685,0.00040185970839862195,0.4724135294119299,0.560009779026663,0.4264074053333404,0.2962986233326206,0,0,-0.10782235729135929,0.029598280321575753,0.09196616089332467
2012-12-24,9.31999969482422,9.4399995803833,9.170000076293944,9.329999923706056,253700.0,0.007645749482083422,0.0037520956494538488,0.6555738426523301,0.00039373590152991245,0.4627123356849455,0.5397231674619123,0.43335329329532674,0.29546407013273246,0,0,-0.09935890871940607,0.03952990375326877,0.1185898131480919
2012-12-26,9.380000114440918,9.449999809265137,9.210000038146973,9.229999542236328,321800.0,0.007828881044106714,0.003849503932180892,0.5751419426455125,0.0003825985546366262,0.4644130739910346,0.5248838589518638,0.4406891000468293,0.29440550009046196,0,0,-0.1061093010947118,0.03322609522800993,0.11789918936660282
2012-12-27,9.210000038146973,9.300000190734863,8.869999885559082,9.130000114440918,475900.0,0.007957073137523016,0.003956278440600869,0.5024906983860343,0.0003649003972321374,0.45751208531452947,0.46472253545765946,0.3996102384690369,0.29284001381601665,0,0,-0.0888407080706682,0.052004286678440016,0.1440953401590105
2012-12-28,9.0600004196167,9.130000114440918,8.9399995803833,8.979999542236328,475200.0,0.008025747364126729,0.0040405741145453505,0.40773958942333366,0.000345388031456062,0.4666209897996771,0.43906842614481484,0.3614655812896583,0.29127683021102324,0,0,-0.07119392815521264,0.06900319308541214,0.17415106012963474
2012-12-31,8.979999542236328,9.329999923706056,8.960000038146973,9.3100004196167,1154700.0,0.008268397229582683,0.004173574019176299,0.5837190539338333,0.0003079451646992859,0.49786009179745355,0.4878471390565895,0.34721129776356857,0.295075247948157,0,0,-0.053452067561775375,0.07906459625165618,0.1815144986115436
2013-01-02,9.369999885559082,9.760000228881836,9.369999885559082,9.6899995803833,2640600.0,0.008689599822236244,0.00435902453758337,0.7174778593436243,0.0002486201240135544,0.5298739756060566,0.5885834093575154,0.36696660386475194,0.30376157502590506,0,0,-0.08485498670746057,0.04189047537538248,0.13748653869812483
2013-01-03,9.729999542236328,9.90999984741211,9.619999885559082,9.859999656677246,1008300.0,0.009188633437904714,0.004544475055990427,0.7633736616540124,0.0002304791933773198,0.5360380950210109,0.6157580255120858,0.39412068780530035,0.3070784058948338,0,0,-0.11661498552117615,0.018575883691489395,0.08875135682075479
2013-01-04,9.949999809265137,10.119999885559082,9.93000030517578,9.989999771118164,1123600.0,0.00975634171679697,0.004744911464047791,0.7951821358623011,0.00021408183048399199,0.5298661201180328,0.6401802927360398,0.4302673159463218,0.3107745193177519,0,0,-0.1369167824342857,0.017241387648408317,0.055780954349465936
2013-01-07,9.989999771118164,10.0,9.81999969482422,9.880000114440918,1011400.0,0.010292002081490198,0.004902263484021993,0.728528483900556,0.0001964710693655447,0.5209617265194315,0.5936238130618363,0.4497258812726794,0.3074474909126794,0,0,-0.13813815275858177,0.013013024766703,0.03703702643004851
2013-01-08,9.880000114440918,9.960000038146973,9.8100004196167,9.90999984741211,1005600.0,0.010850554000591331,0.005072728112778729,0.7369946965169228,0.0001797709275624948,0.5289993313178011,0.5767488744432574,0.4664990007802599,0.31075544005657985,0,0,-0.1285425549648931,0.024291474528160467,0.03744938069568224
2013-01-09,9.979999542236328,10.050000190734863,9.93000030517578,9.9399995803833,1093600.0,0.011386213928664457,0.005254432069450282,0.7457839934458131,0.00016248877856028798,0.5032889191483046,0.5767505710659068,0.4875122461317894,0.31435286764584947,0,0,-0.13824418836059243,0.014127179160281571,0.032290681475852887
2013-01-10,10.0,10.010000228881836,9.84000015258789,9.93000030517578,481400.0,0.01185777846495957,0.005419277034249617,0.738866088573208,0.00015476715134143948,0.49888869176929335,0.552269475544747,0.4946370337191018,0.3127692889685686,0,0,-0.13983907464804476,0.01207242360411193,0.03219312961096532
2013-01-11,9.979999542236328,10.010000228881836,9.850000381469728,9.880000114440918,712200.0,0.012251511541619672,0.005582248718181221,0.7031410851221062,0.0001424365765615998,0.4844425392269022,0.5388279945777472,0.5012529079073205,0.31042648727775124,0,0,-0.13796574455742985,0.014098724976854432,0.014098724976854432
2013-01-14,9.899999618530272,9.90999984741211,9.800000190734863,9.890000343322754,898000.0,0.012649823016485373,0.00572086846541546,0.7068747402263923,0.00012714183852746697,0.49328552301876605,0.5203626456563623,0.5000725356637685,0.31338048323163203,0,0,-0.1305667962460366,0.02226723324701698,0.04453446649403378
2013-01-15,9.81999969482422,9.920000076293944,9.800000190734863,9.880000114440918,447000.0,0.013029821335148753,0.005810783981963247,0.6989671658614225,0.00011942203978981825,0.4914759729038472,0.5130605048620279,0.4998156905762838,0.31191006431026824,0,0,-0.12234580345226251,0.030333688606735694,0.07785646420968396
2013-01-16,9.880000114440918,9.899999618530272,9.760000228881836,9.800000190734863,524900.0,0.013263314404193496,0.00591568538816134,0.635688323030002,0.00010928296559387096,0.4721190273103918,0.49651271161883753,0.4932115151664472,0.3101833911741969,0,0,-0.1285425549648931,0.024291474528160467,0.08299591956741798
2013-01-17,9.880000114440918,10.0600004196167,9.880000114440918,10.0600004196167,722100.0,0.013538012183848522,0.006082403633828462,0.7400672033723535,0.00010018135765460512,0.4757228947272152,0.531220177144509,0.5011392854400811,0.3125587591901182,0,0,-0.1295918809230594,0.02448977208643987,0.08775506529992813
2013-01-18,10.050000190734863,10.109999656677246,9.989999771118164,10.010000228881836,355700.0,0.013762348456482068,0.006192924703983943,0.7024344852954933,9.524448820780185e-05,0.4741102489195497,0.5312190940796431,0.5125576106158616,0.31138867415582494,0,0,-0.14314120019812915,0.006958219871216053,0.08846912052935559
2013-01-22,10.039999961853027,10.0600004196167,9.970000267028809,10.020000457763672,544000.0,0.014018733079934745,0.006342783779132985,0.7063669295545724,8.783979039184153e-05,0.48053511185615283,0.5203865475269119,0.5196250255132597,0.3131781772726525,0,0,-0.14285717007775922,0.007992000187495605,0.10389609770960036
2013-01-23,10.029999732971191,10.1899995803833,10.029999732971191,10.149999618530272,720200.0,0.014380418242395804,0.006586304575273524,0.7556266355157372,8.045348383972639e-05,0.4787889813058287,0.5396561764109316,0.5370230968426619,0.31554729518577607,0,0,-0.1347304756607478,0.015968047914422866,0.1057884601986612
2013-01-24,10.15999984741211,10.3100004196167,10.15999984741211,10.260000228881836,517100.0,0.01480619966987505,0.006876656499878703,0.7927811737638574,7.661697116212451e-05,0.4813382733214741,0.5650346143064869,0.5620609976837971,0.3172483100050988,0,0,-0.13596060751781025,0.014778382053408397,0.10837442589273787
2013-01-25,10.329999923706056,10.350000381469728,10.25,10.300000190734863,478600.0,0.01529607736237247,0.0072025998677418684,0.805719737305204,7.356069442510105e-05,0.486790590903252,0.578438905694378,0.5881317637480692,0.3188226780045724,0,0,-0.14230019547534548,0.001949362311647003,0.1267056687850132
2013-01-28,10.300000190734863,10.3100004196167,10.18000030517578,10.229999542236328,551200.0,0.015799689376246553,0.00750793750335145,0.74472258313334,6.905349359875856e-05,0.48217907213807537,0.5651350622251746,0.5987242073433461,0.3170094902876692,0,0,-0.1388349785140884,0.004854387360093607,0.13106790318409609
2013-01-29,10.229999542236328,10.260000228881836,10.15999984741211,10.239999771118164,738500.0,0.01637655445155002,0.007839500535172003,0.7486426895803701,6.32107362926182e-05,0.4967815405936954,0.5572425082693495,0.6046626205408094,0.31943880655931844,0,0,-0.13294229887912032,0.01173028783999021,0.14271750767134536
2013-01-30,10.220000267028809,10.270000457763672,10.09000015258789,10.149999618530272,556400.0,0.016761130731798926,0.008129852281131278,0.6696217024552726,5.752956474958104e-05,0.472071554096023,0.5316969143985452,0.5965698907410857,0.31760851329791606,0,0,-0.1318359776996667,0.012695323959633673,0.16210936372226545
2013-01-31,10.100000381469728,10.270000457763672,10.079999923706056,10.260000228881836,587800.0,0.0170220937534572,0.008448302704169297,0.7184606018594822,5.319055927094363e-05,0.44834932225057006,0.5381788707209548,0.5871012579014363,0.3195420977318706,0,0,-0.12118231942246628,0.024630542797616402,0.18719208767865878
2013-02-01,10.3100004196167,10.449999809265137,10.199999809265137,10.40999984741211,775200.0,0.017273899978704294,0.008764879846339543,0.7760076485304342,5.045272005566037e-05,0.44563559095370575,0.5912027775990178,0.5963750190608299,0.32209213967334993,0,0,-0.1403509261144093,0.013645164378684915,0.1608186726824367
2013-02-04,10.3100004196167,10.359999656677246,10.149999618530272,10.25,733000.0,0.01739293571232947,0.009053358490076949,0.6487194118003898,4.4865500113067114e-05,0.4533425440732153,0.5315562038677892,0.595049126350806,0.3196809158045363,0,0,-0.13832858358932604,0.013448548674401841,0.15465895103518995
2013-02-05,10.270000457763672,10.380000114440918,10.199999809265137,10.260000228881836,350200.0,0.017566910914561626,0.009341837133814326,0.6531624566040571,4.22881744100434e-05,0.4578236093241016,0.533656645891209,0.5958635259023919,0.320832908435994,0,0,-0.13658542167849658,0.017560912341606325,0.1502438987173685
2013-02-06,10.220000267028809,10.470000267028809,10.210000038146973,10.279999732971191,807200.0,0.017736307718588182,0.009611583326165879,0.6624958988172682,3.6766082299244385e-05,0.4434337913620498,0.5419874426538768,0.6055825670030179,0.32348821526669846,0,0,-0.13157898161341985,0.02436647119132138,0.17543861116765613
2013-02-07,10.300000190734863,10.470000267028809,10.260000228881836,10.43000030517578,738300.0,0.017960644427841815,0.00989069592285624,0.7277483007490056,3.455184288336799e-05,0.4712555146949789,0.5599053885471317,0.614607390882171,0.32591687363279,0,0,-0.13910509166545215,0.016536972831691973,0.17606999153289327
2013-02-08,10.420000076293944,10.489999771118164,10.369999885559082,10.479999542236328,368400.0,0.018212450216468806,0.01019978012020134,0.7475205326663442,3.3918544397770756e-05,0.47692156566282906,0.574142996405425,0.6250712598420878,0.32712873566999456,0,0,-0.1486097934211651,0.006711379940179283,0.17641419930494262
2013-02-11,10.489999771118164,10.56999969482422,10.4399995803833,10.539999961853027,376300.0,0.018514617512117262,0.0105163572623716,0.770782932700436,3.3848663061886164e-05,0.4900914807257412,0.5928894227532918,0.6428837844041284,0.32836658497672655,0,0,-0.14790078801893808,0.0076335808397359215,0.19465649341218497
2013-02-12,10.520000457763672,10.720000267028809,10.520000457763672,10.649999618530272,568500.0,0.018862567479961498,0.010857286519885087,0.8104349964500378,3.5339403287537596e-05,0.4819401721905919,0.6294107738583286,0.6723883074026895,0.33023668152436714,0,0,-0.14800763048033608,0.0189753140407009,0.19829214482711757
2013-02-13,10.6899995803833,10.6899995803833,10.56999969482422,10.609999656677246,810800.0,0.019196782689809025,0.011200089058266346,0.7725576935829958,3.663577335655255e-05,0.47341575658667556,0.6106785413211036,0.6997853644727816,0.32756953239362485,0,0,-0.1239436377563347,0.0028169659831075175,0.1577465131785259
2013-02-14,10.59000015258789,10.670000076293944,10.5,10.649999618530272,2063100.0,0.01958593736826353,0.011552257643694622,0.7880681371925199,4.202787800006158e-05,0.5100659305048598,0.5879569172212091,0.7070859220302996,0.33435615717363776,0,0,-0.09142321379985656,0.012252603077051404,0.14891611449880712
2013-02-15,10.6899995803833,10.760000228881836,10.5,10.59000015258789,852300.0,0.01982858679709941,0.011893186901208122,0.7291979316614513,4.294876979621387e-05,0.49005248254740114,0.5742460444009504,0.7225631866283886,0.33155249263968156,0,0,-0.08732388589792336,0.006572831080363497,0.13051646883669837
2013-02-19,10.609999656677246,10.630000114440918,10.470000267028809,10.5,652000.0,0.020052923069732942,0.01222100354993906,0.6465396484201645,4.2160000638225004e-05,0.48658853692912424,0.5270978569286743,0.729253313368748,0.32940772052171907,0,0,-0.08026434518867262,0.014164359777457985,0.11425873661118742
2013-02-20,10.489999771118164,10.56999969482422,10.34000015258789,10.359999656677246,1229300.0,0.020208584679142688,0.01253008774728416,0.5344322940039191,3.630274472710138e-05,0.4647124257407539,0.4701759873610538,0.7050609039619262,0.3253639040115791,0,0,-0.06952376592726935,0.025714329310825894,0.1438095456077939
2013-02-21,10.34000015258789,10.40999984741211,10.170000076293944,10.25,711100.0,0.020254367787958555,0.012822312952757084,0.45853801798798266,3.093395551689859e-05,0.45257167354417716,0.3924385967592201,0.6507420634865326,0.32302472080132894,0,0,-0.05598455047556223,0.04054054924830486,0.16795365142668686
2013-02-22,10.329999923706056,10.329999923706056,10.239999771118164,10.300000190734863,480400.0,0.02027268094416089,0.013108918315626703,0.49071044050721624,2.7920198057640455e-05,0.45232301774380423,0.39729874223414247,0.600303140187953,0.32460500995082153,0,0,-0.0556097263243142,0.0419512492854419,0.21560975981921668
2013-02-25,10.369999885559082,10.420000076293944,10.300000190734863,10.31999969482422,1272800.0,0.020281837303952,0.013374918124888627,0.5037331566231276,2.0592428214061265e-05,0.43507066359944124,0.42520316876532027,0.5669445088262233,0.32879192091975196,0,0,-0.059223266541874216,0.037864110301043495,0.2165048985063703
2013-02-26,10.380000114440918,10.40999984741211,10.119999885559082,10.119999885559082,1007300.0,0.02023147623355062,0.013580974196903378,0.373290609009586,9.700727372108364e-06,0.4171768493825894,0.35787637714911147,0.518038190024035,0.3254783795786115,0,0,-0.06007751006717858,0.03682171760445875,0.23449613835818672
2013-02-27,10.0,10.539999961853027,9.670000076293944,10.34000015258789,1857500.0,0.020277259342366488,0.013828241554779463,0.508760122841345,0.0,0.428570410890835,0.34267837372315507,0.52073782661223,0.3315886774453527,0,0,-0.032608688481998487,0.07509883769527825,0.2727272984281619
2013-02-28,10.31999969482422,10.75,10.3100004196167,10.59000015258789,1923700.0,0.02047870449721219,0.014116720198516869,0.624623054441203,2.129869562494946e-06,0.44300829692721017,0.5229957918756222,0.4944728398554285,0.33791674205167843,0,0,-0.0628626314253579,0.04255324251107407,0.22727276081147504
2013-03-01,10.510000228881836,10.789999961853027,10.399999618530272,10.699999809265137,2636500.0,0.020680149215437788,0.01438084672691102,0.6670916475404765,1.2345633913057874e-05,0.46117932659803235,0.5523486138809004,0.4650700346896857,0.3465895820654945,0,0,-0.07932012658022677,0.026440012175331984,0.16430592502805189
2013-03-04,10.699999809265137,10.859999656677246,10.59000015258789,10.739999771118164,2051600.0,0.020831232863262023,0.014620621139961945,0.6820844566287023,2.2328569250440466e-05,0.4550964337863434,0.5821804194234,0.42898414137197866,0.353338377275942,0,0,-0.09626165900295772,0.014953257034038955,0.15607477626755575
2013-03-05,10.81999969482422,11.329999923706056,10.800000190734863,10.9399995803833,9096400.0,0.02114713491690723,0.014886620770577966,0.7503825300638202,0.00011160846923763401,0.36856722403937203,0.672866460040109,0.41793612998026447,0.38326123784930677,0,0,-0.10707631685643398,0.04748605584269382,0.12011173085143567
2013-03-06,11.010000228881836,11.199999809265137,11.0,11.079999923706056,1201700.0,0.021522554837364996,0.015190085303965664,0.7911868377743915,0.00012749972033937462,0.3660540618299264,0.6627671909507911,0.4076772622593872,0.38721426339249,0,0,-0.12248630749407609,0.029250430264916777,0.09232177949009107
2013-03-07,11.109999656677246,11.220000267028809,11.050000190734863,11.09000015258789,780200.0,0.021893396796237252,0.015514155569606974,0.7940263000921349,0.00013799479419468463,0.36523080070249647,0.6368539148201408,0.39981361579638014,0.3897807529729107,0,0,-0.12996386194032114,0.01985561990466371,0.09115525594191605
2013-03-08,11.170000076293944,11.279999732971191,11.050000190734863,11.260000228881836,994400.0,0.022273395114900632,0.015875690559374087,0.839929396211826,0.00015556219173501473,0.37264012211080944,0.6284550780339239,0.3976162515928889,0.3930518594055823,0,0,-0.13525698641671974,0.014427398125398259,0.10820557193456073
2013-03-11,11.399999618530272,11.739999771118164,11.369999885559082,11.630000114440918,1919300.0,0.022799899119802722,0.0163252677848212,0.9158539147478734,0.00020704775935292963,0.38221838402581565,0.6735001843837873,0.42647136167445127,0.39936545008963964,0,0,-0.15364116403824657,0.030195394820312166,0.09325045909338621
2013-03-12,11.489999771118164,11.84000015258789,11.359999656677246,11.649999618530272,1978600.0,0.023308089531882403,0.016797323666097874,0.9193200992421927,0.000260937657557081,0.3864795231871488,0.6310632195794326,0.4584852941272414,0.40587410977154226,0,0,-0.15649180369003912,0.03009461547942142,0.08254514434225542
2013-03-13,11.630000114440918,11.75,11.579999923706056,11.6899995803833,884800.0,0.023784232029763014,0.017304971169278482,0.9265134484982988,0.0002858581810972205,0.3883029797094783,0.6047378607935276,0.4882125171191179,0.40878468395861767,0,0,-0.1682403521309507,0.01802575493761824,0.09442055483381918
2013-03-14,11.789999961853027,11.949999809265137,11.789999961853027,11.880000114440918,1454000.0,0.024365675503272108,0.01778639327624809,0.9583361517780303,0.0003335780122094012,0.39749334749073456,0.6043981034145267,0.5260334381483083,0.41356765736278556,0,0,-0.18135157926922454,0.013686899328944473,0.06415740178969351
2013-03-15,11.890000343322754,12.149999618530272,11.890000343322754,12.0,2369100.0,0.02498374528918583,0.018219111331177124,0.9761622322350331,0.00041812063686674783,0.35800646106276707,0.5967046293914002,0.5699246574656209,0.42136087764601393,0,0,-0.1868687075457394,0.021885460665229423,0.07407408299358686
2013-03-18,11.84000015258789,12.06999969482422,11.779999732971191,11.960000038146973,1008000.0,0.02561097143489069,0.018612491381112622,0.9444185561071136,0.0004529966029134802,0.36828533471611535,0.5684229503817877,0.5950676320067338,0.41804503363542167,0,0,-0.18083333969116225,0.025833288828531753,0.06583333015441895
2013-03-19,11.979999542236328,12.09000015258789,11.84000015258789,11.920000076293944,1249200.0,0.026261089135003482,0.018974026370879707,0.9119612566608849,0.000494905167080395,0.3674271158410521,0.5567970850465803,0.6194391562540487,0.4139357555222948,0,0,-0.19314376743934236,0.014214053156498364,0.028428106312997175
2013-03-20,12.0,12.050000190734863,11.789999961853027,11.8100004196167,1319500.0,0.02692494202973307,0.019335561360646805,0.8251006322847424,0.0005355006671784457,0.36537397812696826,0.5389508926315765,0.6346063937706559,0.40959522360565137,0,0,-0.19546979100611536,0.012583860534412693,0.04446306456199068
2013-03-21,11.760000228881836,12.140000343322754,11.649999618530272,12.020000457763672,1276400.0,0.027735300174081295,0.019730814691450063,0.8744878095208947,0.0005812908766831271,0.3834338250334836,0.535611537036816,0.6286445443175492,0.4137939768746196,0,0,-0.17696867725054025,0.03302280912713917,0.07874676701591926
2013-03-22,12.09000015258789,12.18000030517578,12.0,12.109999656677246,1517700.0,0.028563971038011754,0.020137307350168096,0.8932256341437695,0.0006389753695476008,0.3870350010398314,0.544014990398109,0.6259840801970167,0.41878649319890127,0,-1,-0.20133111348850893,0.007487533208017317,0.0715473896776581
2013-03-25,12.130000114440918,12.359999656677246,12.109999656677246,12.260000228881836,1235500.0,0.029452160205374903,0.020573771788186757,0.9220599295791004,0.000690384932253707,0.4093114400315723,0.5517408647548687,0.6356563541861913,0.4228507047813286,0,-1,-0.2031379114689382,0.01899253086349266,0.09083397679444932
2013-03-26,12.260000228881836,12.529999732971191,12.25,12.529999732971191,1466700.0,0.030555528848960387,0.021070179784806672,0.9651755232832248,0.0007610041529362288,0.4596121337923158,0.5676004337233147,0.6545915981646673,0.42767545518840766,0,-1,-0.2112561259571943,0.022022797638559306,0.13458397942303793
2013-03-27,12.420000076293944,12.649999618530272,12.300000190734863,12.609999656677246,1203200.0,0.03159480122752767,0.02157970039020915,0.9763219503716306,0.0008211724688034772,0.4580812554816723,0.5743017472051895,0.6785281036451027,0.43163341502327335,0,-1,-0.2194732688432311,0.018355909588019536,0.10853948010059185
2013-03-28,12.640000343322754,12.68000030517578,12.34000015258789,12.369999885559082,1209700.0,0.032409737333461405,0.022046136607528438,0.812253784077943,0.0008744342471659894,0.42715932120118216,0.5592914336394483,0.7023179686843486,0.4276540732577838,0,-1,-0.23552738682717855,0.003172082707539551,0.11340201351585712
2013-04-01,12.369999885559082,12.390000343322754,12.079999923706056,12.170000076293944,1685000.0,0.03308274658798213,0.022490093990372273,0.6973530390447176,0.0009402037842883848,0.383928672090042,0.5172340952296512,0.6869060954987909,0.42211121893452197,0,-1,-0.21826999468424876,0.0250606647117755,0.12206954267191483
2013-04-02,12.260000228881836,12.350000381469728,12.039999961853027,12.079999923706056,1068300.0,0.03369623797569027,0.022868487972011547,0.6498464230741786,0.0009794590740474507,0.3631788377159582,0.5038307897004466,0.6674132195807982,0.41859701639829605,0,-1,-0.21281841712006047,0.03451109890394048,0.1454395639271321
2013-04-03,12.119999885559082,12.119999885559082,11.760000228881836,11.81999969482422,1029400.0,0.03409912784876158,0.023207543948657275,0.5273923484545266,0.0010106829737331346,0.4364646277211889,0.4474763059634788,0.6169314262887475,0.4152107764930344,0,-1,-0.20281455502803483,0.046357650923303434,0.14652321762769088
2013-04-04,11.859999656677246,12.039999961853027,11.770000457763672,12.0,630000.0,0.034520330878035216,0.02357844498547139,0.5874271248391755,0.0010325356161092758,0.45036488426168053,0.4462404091866454,0.5700554753747002,0.4172831789996546,0,0,-0.18527915710033957,0.0693739991260404,0.15482233256802713
2013-04-05,11.789999961853027,12.100000381469728,11.789999961853027,12.079999923706056,711900.0,0.03497358182150791,0.023939979975238487,0.6125654324407552,0.0010585923010060228,0.471369338396707,0.44914602955091504,0.5322769098993834,0.41962499383213536,0,0,-0.17666665712992366,0.07416669527689601,0.17416667938232422
2013-04-08,12.09000015258789,12.539999961853027,12.09000015258789,12.539999961853027,588500.0,0.0355596032566025,0.02436707818756423,0.7319695060694033,0.0010867128181419883,0.46663276129864895,0.5558322544973614,0.5312335158215229,0.42156088093554167,0,-1,-0.2003311334087748,0.048841072542563486,0.13493378516022753
2013-04-09,12.529999732971191,12.710000038146973,12.470000267028809,12.600000381469728,1514200.0,0.036003697840284066,0.0247979229616255,0.7450109384112243,0.0011611578882068652,0.4533782751253321,0.5969885955582426,0.5403476926765474,0.4265418839125643,0,-1,-0.2280701487541813,0.014354091365498117,0.10925038993035502
2013-04-10,12.65999984741211,13.010000228881836,12.579999923706056,12.800000190734863,1657300.0,0.036530201845186155,0.025279345247241,0.7864659096173175,0.0012504959280049133,0.4457810642284348,0.6269594769398298,0.5639211870363303,0.43199361831609073,0,-1,-0.23730156195196853,0.027777807212169364,0.07222220792551787
2013-04-11,12.75,12.90999984741211,12.720000267028809,12.760000228881836,934900.0,0.03702007953768359,0.025751401307163593,0.7660247258168912,0.0012998789010040812,0.42948541629586384,0.6027335059850724,0.5858108603704144,0.4289182387868221,0,0,-0.19062496437691206,0.020312517578713333,0.08046872793929684
2013-04-12,12.720000267028809,12.8100004196167,12.65999984741211,12.670000076293944,1074800.0,0.037381764700144635,0.026223457367086173,0.7195616322042339,0.001354210876023998,0.40685122370572674,0.563802998987159,0.5984456852583389,0.42538265431997235,0,0,-0.18181822937959613,0.022727269330028856,0.1081504772482163
2013-04-15,12.630000114440918,12.75,12.25,12.25,1171800.0,0.03749622203556423,0.02659623168476806,0.5366027800087895,0.0014013967011725081,0.3904369645162104,0.4839995204787323,0.5655634828061176,0.4215279856576588,0,0,-0.16101025647742068,0.029992116192004828,0.14680344478903176
2013-04-16,12.34000015258789,12.479999542236328,12.220000267028809,12.369999885559082,804400.0,0.037683931995793105,0.026963386338492545,0.5719348875745669,0.0014360780937653361,0.3880061325021737,0.46425356184275285,0.5322112250474529,0.42417408181055605,0,0,-0.12571428260024714,0.05469388377909758,0.12816324039381377
2013-04-17,12.25,12.31999969482422,12.039999961853027,12.109999656677246,1179600.0,0.03777091937859915,0.027311808540831192,0.4772491637371479,0.0014794247214772738,0.38515787612294294,0.4068036844469761,0.484826582692601,0.4202937548314939,0,0,-0.10105093060342452,0.06143898430986012,0.14066287689698892
2013-04-18,12.15999984741211,12.15999984741211,11.989999771118164,12.020000457763672,1087200.0,0.03786706355781638,0.027641498470429904,0.4470443629629721,0.0015169351657866592,0.3935553225934124,0.3742218502893925,0.4364482563603405,0.41671738022006943,0,0,-0.09165975954963891,0.07018995917155546,0.1197357432182611
2013-04-19,12.039999961853027,12.260000228881836,11.949999809265137,12.119999885559082,1086800.0,0.037912846230012176,0.027986174289678922,0.4811143121873237,0.001556995659106497,0.3824531239335833,0.3847995995404768,0.40018872547468504,0.4202924390203786,0,0,-0.08236270660694751,0.08069885441662268,0.14975042613848238
2013-04-22,12.119999885559082,12.420000076293944,12.0,12.369999885559082,944600.0,0.038031881963637354,0.02834958238166789,0.5593081060924779,0.0015974658771819583,0.3902287224656003,0.4272324828557635,0.37954085035535673,0.4233997269691936,0,0,-0.06270629010379548,0.07343237225465528,0.13448845955708752
2013-04-23,12.449999809265137,12.609999656677246,12.3100004196167,12.449999809265137,1892800.0,0.03811886934644339,0.028718610316260135,0.5824961955774017,0.001682032310609649,0.3826389794546421,0.483361486464487,0.37424210665863317,0.42962614516686126,0,0,-0.08811642382150485,0.045270850832460546,0.08326594523041411
2013-04-24,12.43000030517578,12.609999656677246,12.359999656677246,12.449999809265137,1234500.0,0.03808224303403872,0.0290763987442917,0.5824961955774017,0.0017370505499438305,0.3457906004961992,0.48760658085552994,0.3693218446545327,0.4336870672215003,1,0,-0.0682731240555653,0.04658633996720447,0.10120476261130906
2013-04-25,12.449999809265137,12.770000457763672,12.390000343322754,12.729999542236328,1332300.0,0.03813718250264572,0.029466032232491668,0.6617544995943134,0.001805291126896924,0.34830414658400466,0.5317497806482148,0.3760056348002629,0.4380697050938338,0,0,-0.06425704441694166,0.044979954071963424,0.1317269372247127
2013-04-26,12.699999809265137,12.800000190734863,12.529999732971191,12.539999961853027,2011100.0,0.038215013525660646,0.029827567222258766,0.5807657602590387,0.0018988397092770115,0.33069888450995555,0.5249318371953755,0.3842591426222917,0.43145413575881175,1,0,-0.08248234316514418,0.02435195842609121,0.10761979063813938
2013-04-29,12.550000190734863,12.890000343322754,12.369999885559082,12.770000457763672,1005100.0,0.03848971130531566,0.03022469383392977,0.6431689331552632,0.0019510359757646811,0.3560692432879043,0.5313208396411474,0.3727391699694647,0.4347604401388181,0,0,-0.07177038077690705,0.03668261878359677,0.10287081066804125
2013-04-30,12.729999542236328,12.829999923706056,12.609999656677246,12.630000114440918,871000.0,0.03874151753056272,0.030606834377304576,0.5857990187018003,0.001993273484329705,0.35769532162881745,0.5273513944755965,0.36204205250612514,0.43189526143522095,0,0,-0.08457320947466825,0.021926442960718776,0.26938139473332817
2013-05-01,12.550000190734863,12.6899995803833,12.31999969482422,12.31999969482422,1266200.0,0.03897043220140187,0.030947763634818062,0.47373305326063153,0.0020451569716847806,0.34590433058896497,0.4510911181958288,0.32263469619224244,0.42773006134969327,0,0,-0.07125895202293363,0.03642122200941367,0.23832147281140997
2013-05-02,12.369999885559082,12.619999885559082,12.3100004196167,12.529999732971191,750500.0,0.03921308163023775,0.031354256293536095,0.5361717805261069,0.0020796384727318484,0.34328949046781704,0.4573901182165047,0.2870126600999119,0.4301988519548019,0,0,-0.05844158156361733,0.051948081101952114,0.2540584571406985
2013-05-03,12.649999618530272,12.979999542236328,12.649999618530272,12.6899995803833,1481500.0,0.039492357371478284,0.03181132628516248,0.5799891691956541,0.00215326161885121,0.3078637182382725,0.5505280211573995,0.28163283623640967,0.4350722873731475,1,0,-0.07102948193259008,0.028731094814333145,0.20830013295879493
2013-05-06,12.720000267028809,12.949999809265137,12.6899995803833,12.949999809265137,1481100.0,0.03968006733170716,0.03230773428178241,0.6443244727922174,0.0022359031695211584,0.32601181817798136,0.5667416588673707,0.2766372855060148,0.43994440698037796,0,0,-0.0756501237108769,0.022852637623512664,0.2190701201652224
2013-05-07,13.0,13.300000190734863,13.0,13.229999542236328,2084000.0,0.03996849943273882,0.03285284650908879,0.7041815304469216,0.0023657922101130158,0.34604409861178503,0.637658398355796,0.29595414232415035,0.44679978289116595,0,0,-0.09575287948892482,0.023166038235786442,0.17220073938849517
2013-05-08,13.229999542236328,13.90999984741211,13.079999923706056,13.90999984741211,2433900.0,0.04047668984481849,0.033562803701194535,0.8136888113249104,0.002556394594178557,0.39474585011827934,0.7142724358477515,0.3421903605028816,0.4548061645750753,0,0,-0.11111106305495846,0.051398361957980664,0.1232048504035996
2013-05-09,13.93000030517578,14.0600004196167,13.649999618530272,13.779999732971191,1990000.0,0.0409436755462879,0.034207197492095734,0.7662470764088806,0.0027055396981922053,0.39094803114748616,0.6998053764706211,0.39046420293075995,0.4482600042763861,0,0,-0.15600288282516853,0.009345802722284404,0.07907975843724123
2013-05-10,13.81999969482422,14.130000114440918,13.760000228881836,14.06999969482422,1166700.0,0.0415846364499895,0.03485908422782209,0.8074611138995574,0.002800808270880195,0.4259145085507553,0.6649079483415349,0.4377381492180425,0.4520978963469794,0,0,-0.14949198155740567,0.022496402440049707,0.08998554055306317
2013-05-13,14.0,14.100000381469728,13.859999656677246,13.880000114440918,900800.0,0.04233089832931952,0.035454773966682715,0.7394375742059968,0.0028701797952003227,0.4344769373595623,0.6151523176803071,0.48163538505623343,0.44913468971529136,0,0,-0.15920396728524228,0.009239525036289782,0.10447763318499302
2013-05-14,13.989999771118164,14.149999618530272,13.93000030517578,14.029999732971191,1634400.0,0.04309089496664628,0.03607106925915103,0.7628140486711216,0.003001614275154274,0.42893979966497653,0.5950603641477608,0.5243189382746205,0.454511093932466,0,0,-0.16066278990273278,0.011527366433206426,0.1008645937076047
2013-05-15,13.989999771118164,14.100000381469728,13.800000190734863,13.890000343322754,1273800.0,0.043905831509200105,0.03662367460992848,0.7123540246679806,0.0030995912730824027,0.43057208805547914,0.5608871850153965,0.5476276768493948,0.4503208934357473,0,0,-0.1582323133005758,0.011404123339795942,0.11689240018078348
2013-05-16,13.81999969482422,13.949999809265137,13.640000343322754,13.6899995803833,583400.0,0.04467040610811239,0.03711258966172325,0.6434895963343901,0.0031416355049352362,0.4368396428098109,0.5291921598032044,0.5505294777955683,0.4484017829240612,0,0,-0.14614828529842774,0.023758093272091947,0.12095034295541934
2013-05-17,13.789999961853027,13.880000114440918,13.630000114440918,13.880000114440918,1609500.0,0.045476185854255,0.037635223054554176,0.6804277592205833,0.0032646662932347414,0.46742520706070123,0.5237393778507925,0.5520647149379878,0.45369627789930755,0,0,-0.13440469021083587,0.026296542564770833,0.13951788940512386
2013-05-20,13.880000114440918,13.979999542236328,13.65999984741211,13.720000267028809,1055800.0,0.04609425564016874,0.03809603960791608,0.6258498189504121,0.003341211059785576,0.43937624154131155,0.5146983228049798,0.5595022230771822,0.45022319446043524,0,0,-0.1390490121947323,0.019452413678905014,0.14048989864462144
2013-05-21,13.710000038146973,13.949999809265137,13.600000381469728,13.899999618530272,1001900.0,0.04675810809827825,0.038521264539374045,0.6628469207161094,0.003417992384984414,0.45649212352507,0.510967469231634,0.558853548396169,0.45351897235151895,0,0,-0.1282798975675953,0.03206993963700446,0.15962095756267528
2013-05-22,13.899999618530272,14.0600004196167,13.4399995803833,13.56999969482422,1927400.0,0.04727087690856353,0.038880926248273384,0.556184431467939,0.0035503613379604393,0.44076599236551234,0.49078356145158913,0.5390591338957909,0.4471787364923765,0,0,-0.14028775991227832,0.01798561200438608,0.14748203215789898
2013-05-23,13.390000343322754,13.84000015258789,13.369999885559082,13.779999732971191,1687900.0,0.047751597804649756,0.03927243301734111,0.6024503313831479,0.003674307714401137,0.444936732847794,0.4830280117087103,0.5127310504984823,0.4527311304462244,0,0,-0.10611647505097975,0.05600584320553755,0.181282247123797
2013-05-24,13.75,14.140000343322754,13.5600004196167,14.100000381469728,1064800.0,0.04846581176978075,0.03968829190175206,0.6656252140111806,0.00376035221856047,0.5014601068864653,0.5132618360390651,0.5101332611012228,0.4562338196351914,0,0,-0.13062410926090445,0.029027549077029282,0.15747460945894057
2013-05-28,14.289999961853027,14.649999618530272,14.279999732971191,14.489999771118164,1930900.0,0.049253277923100955,0.040154728119071365,0.7309457072499986,0.003933722519889493,0.4957616312670895,0.5812070609285267,0.534272079290115,0.46258556884159274,0,0,-0.1659574531404359,0.025531889853730585,0.11063832463911556
2013-05-29,14.359999656677246,14.4399995803833,13.899999618530272,13.90999984741211,1256300.0,0.049839299358195546,0.04052000949192809,0.5652341995855528,0.004029135813055029,0.4856539900584629,0.5230941104675675,0.5202237393394287,0.458452935081169,0,0,-0.16632159320083512,0.020013800305991782,0.11663213299366995
2013-05-30,13.9399995803833,14.079999923706056,13.800000190734863,13.989999771118164,1207100.0,0.050603874393727905,0.040907769699260285,0.5803103405130274,0.004122903658859534,0.5201631345243474,0.5006796387699609,0.49873606043307844,0.4624237240744091,0,0,-0.14306253004656894,0.05104241883072796,0.16966209076675964
2013-05-31,13.93000030517578,14.140000343322754,13.609999656677246,13.609999656677246,1414000.0,0.051098330047810864,0.041244952395038254,0.4866611508719686,0.004219930824453266,0.4850151828425803,0.4568141029028917,0.46347168178488823,0.4577723317817727,0,0,-0.14152970180873628,0.051465284141097994,0.18298781328269986
2013-06-03,13.6899995803833,13.84000015258789,13.479999542236328,13.84000015258789,1317800.0,0.05162483405271295,0.04158588165255174,0.5337434668955238,0.0043172619462479855,0.5346276220984943,0.4219005967048192,0.42086063568132165,0.46210727150117603,0,0,-0.12417337421123038,0.07053637489814206,0.2005878445831753
2013-06-04,13.81999969482422,14.09000015258789,13.65999984741211,13.75,1230700.0,0.05199109761337961,0.04189309274767497,0.5115892759270954,0.0044053914635127644,0.48996648703179835,0.44271351753571153,0.3977493653791985,0.4580588496521324,0,0,-0.1091039926704894,0.05997109209213791,0.1979768598922898
2013-06-05,13.6899995803833,13.850000381469728,13.380000114440918,13.479999542236328,1576300.0,0.052105554948799176,0.0421216276541652,0.44747561204496555,0.004508084363260778,0.44895746313394813,0.30843771475238047,0.35576376055869435,0.45287356699945724,0,0,-0.10036357532848011,0.06981818459250698,0.19854549061168325
2013-06-06,13.449999809265137,13.6899995803833,13.390000343322754,13.6899995803833,1116000.0,0.05200483237137632,0.042338923232740674,0.4950127755634043,0.004586109089807167,0.42216227950125457,0.3204263362253432,0.31677712751108317,0.4565446800111844,0,0,-0.08456969053125887,0.08902076038691432,0.22403557912794547
2013-06-07,13.779999732971191,14.109999656677246,13.619999885559082,14.09000015258789,668700.0,0.05214675965940943,0.04261616254856326,0.5760397003340351,0.00463903646049757,0.4494507862363073,0.4807501985586601,0.3072087450650463,0.4587443872432112,0,0,-0.10737760105273388,0.0635500301114488,0.1935719980592135
2013-06-10,14.100000381469728,14.260000228881836,14.020000457763672,14.06999969482422,1309000.0,0.05214675965940943,0.04293461297160128,0.5707487464602258,0.004741876298224257,0.4178979949855202,0.5535564731851113,0.3064681105797333,0.45443839536834485,0,0,-0.12704045013968734,0.03903472186687846,0.16039745950369938
2013-06-11,13.890000343322754,13.9399995803833,13.600000381469728,13.84000015258789,1167300.0,0.05212844650320711,0.043247443730681914,0.510184793467542,0.004827159012343485,0.4429328360243204,0.4153294129273563,0.2755919005365232,0.4505985295810786,0,0,-0.11229566154768804,0.05401558576345176,0.17697220124033242
2013-06-12,13.949999809265137,16.309999465942383,13.850000381469728,16.170000076293945,10272800.0,0.05310820145158188,0.04401359809829927,0.8124466184617912,0.006124101791343373,0.6310445923524394,0.8772370834059717,0.3246843396766654,0.4843911906445829,0,0,-0.11849706441959684,0.17052020452730693,0.19219658755488106
2013-06-13,15.9399995803833,15.960000038146973,15.210000038146973,15.5600004196167,4224000.0,0.05387277648711425,0.04471418924335799,0.6920422077583003,0.006592198484717482,0.6356786705744429,0.7434720852458983,0.3702701760210831,0.47049622526686297,0,-1,-0.22448974295852772,0.022881872839414574,0.047619016725807845
2013-06-14,15.609999656677246,15.720000267028809,15.3100004196167,15.5,1721900.0,0.05470144778766481,0.04536982254081988,0.6808057691911346,0.0067797829758927675,0.6411522437586374,0.6565519995454301,0.4125998811980423,0.4648319873682133,0,0,-0.19023135978937783,0.0449871330583409,0.06041128245717981
2013-06-17,15.579999923706056,15.770000457763672,15.199999809265137,15.260000228881836,1891200.0,0.05533325233157527,0.0459655122796805,0.6351941573171213,0.00697482598377186,0.5780720365956435,0.5998609014333722,0.4451653218958384,0.4586108324150068,0,0,-0.18645163505308102,0.047096744660408155,0.05483873428836934
2013-06-18,15.31999969482422,15.670000076293944,15.289999961853027,15.5,1236400.0,0.05614818843750899,0.04651999073267983,0.6626757854871588,0.007108845420930154,0.5941344887906945,0.5796029881923049,0.4754046596866491,0.46267800457244357,0,0,-0.15203143250504503,0.06487547550913135,0.06946261140521959
2013-06-19,15.470000267028809,15.670000076293944,15.1899995803833,15.229999542236328,1339600.0,0.05675710142701154,0.047012652167564215,0.6101286817928588,0.007245479533343424,0.5568872708525607,0.5486524965313425,0.4967545762275513,0.45827135314725564,0,0,-0.15419357053695176,0.05419349670410156,0.07935487070391255
2013-06-20,15.050000190734863,15.170000076293944,14.770000457763672,14.859999656677246,1020700.0,0.057347701260311745,0.04739853909402865,0.5423373658729671,0.007340752912451121,0.5682272352474651,0.49846439985598634,0.49022114055260574,0.4549137321337522,0,0,-0.11030862479783732,0.08273140598023321,0.10177283239151469
2013-06-21,14.9399995803833,15.119999885559082,14.699999809265137,15.029999732971191,1956300.0,0.0579199879374096,0.04782376402548662,0.5661532529127237,0.007530553048042954,0.5653999134737281,0.4939920587696988,0.48002397340847164,0.46134903534597604,0,0,-0.10565274098904501,0.09219380331166302,0.1137281035954742
2013-06-24,14.890000343322754,15.140000343322754,14.670000076293944,15.0600004196167,1854900.0,0.05835950412288557,0.04827146797006597,0.5704880231747891,0.007711271309656542,0.5716115507530803,0.48940717572270875,0.4687022201700313,0.46745078044046773,0,0,-0.10113110344435063,0.09447765454743076,0.09514300578226137
2013-06-25,15.25,15.6899995803833,15.149999618530272,15.470000267028809,1477200.0,0.058808177104772735,0.04887465065375175,0.6281251306556825,0.007868647272379625,0.5718682534252858,0.527343282507047,0.47797125526406287,0.47231007088932386,0,0,-0.12483400146470693,0.07038508873888608,0.20385123567628394
2013-06-26,15.5600004196167,15.739999771118164,15.350000381469728,15.390000343322754,1429000.0,0.05948576475749906,0.04944036861331176,0.6109356388863908,0.008017951778151455,0.5733707210464646,0.5245042737292438,0.48820356092585665,0.4676093356798632,0,0,-0.1415643501135008,0.048480868350348746,0.20685195565802902
2013-06-27,15.5,15.729999542236328,15.4399995803833,15.630000114440918,1395300.0,0.060236605035034696,0.050099748472509156,0.6448552875374821,0.00817104985204814,0.5734098480401454,0.5270712741371141,0.4977049876118081,0.47219921380285856,0,0,-0.1384015638027623,0.05263154307165539,0.19688113184221803
2013-06-28,15.640000343322754,15.670000076293944,15.460000038146973,15.5,1086900.0,0.061101902647989925,0.050751635208235515,0.614743734765637,0.00828687394917832,0.5884788435234083,0.5168031454378096,0.5065277409630486,0.4686238260497705,0,0,-0.14523355349603395,0.042866226341265426,0.1586692564141004
2013-07-01,15.529999732971191,15.859999656677246,15.529999732971191,15.699999809265137,1248300.0,0.06195346506632832,0.051422254395347713,0.6446808581993344,0.008425338495368861,0.5624548046444594,0.5277671574640441,0.5218393223285054,0.4727301435878879,0,0,-0.13935482886529738,0.05032256341749622,0.17161295490880166
2013-07-02,15.65999984741211,15.970000267028809,15.649999618530272,15.829999923706056,619000.0,0.06290575006208957,0.05207039474798443,0.6639003255390394,0.008495731496216186,0.5785757808799558,0.5351333771406523,0.5400542938535902,0.474766361288837,0,0,-0.14585987195373185,0.0414012500908876,0.10573247564197316
2013-07-03,15.710000038146973,15.970000267028809,15.710000038146973,15.899999618530272,408800.0,0.06401369710388063,0.05271666181975339,0.6744561378911372,0.008542834529811805,0.6008230282901572,0.5365329071787196,0.556968195984026,0.4761111202486883,0,0,-0.14782060416081538,0.03790268039716709,0.06822494520439173
2013-07-05,15.989999771118164,16.190000534057617,15.880000114440918,15.949999809265137,922400.0,0.06504839152086242,0.053372295117215265,0.6823014213005739,0.008650056887074709,0.5678483284285614,0.5554959876843769,0.5808651932921942,0.4791453806806033,0,0,-0.1647798709696613,0.020125767452930175,0.07610069313530816
2013-07-08,16.059999465942383,16.1200008392334,15.829999923706056,15.850000381469728,773500.0,0.06585417126700502,0.05395674552816111,0.6523342192153401,0.008738102955549054,0.5418049752233443,0.5477696577985395,0.5982005701536881,0.476600930936364,0,0,-0.16802503972098418,0.01567398137865672,0.06081512428230028
2013-07-09,15.899999618530272,16.040000915527344,15.739999771118164,15.920000076293944,1393200.0,0.06670115572375793,0.05458989999114751,0.6649022981322681,0.008898641718886935,0.5629952625959855,0.5460122403209927,0.6054075531157908,0.48118390105100406,0,0,-0.15899050116336216,0.02586749763687343,0.08832804951645415
2013-07-10,15.880000114440918,15.989999771118164,15.829999923706056,15.850000381469728,752000.0,0.06762139280532009,0.05516685727862229,0.6421034165106286,0.008983964694585067,0.541755707837,0.5457515071815336,0.6120997515806006,0.4787101761542131,0,0,-0.1570351751268321,0.027010009386982708,0.09673366548196197
2013-07-11,16.079999923706055,16.229999542236328,15.9399995803833,16.049999237060547,1013200.0,0.06756645290009303,0.05580750450778797,0.6806842508184003,0.009103357359101394,0.3516924689503469,0.5772615211122695,0.6290802305487513,0.4820431257093044,0,0,-0.1703469870210043,0.014511011779231319,0.0908517665236857
2013-07-12,16.059999465942383,16.43000030517578,16.059999465942383,16.299999237060547,979500.0,0.06790524607152607,0.056553053143151746,0.7250106010084453,0.00922414398350796,0.3633383667941136,0.5977979772380281,0.6528060773269855,0.48526521817793056,0,0,-0.1669781606788593,0.023053012886071745,0.09657328461612141
2013-07-15,16.309999465942383,16.540000915527344,16.309999465942383,16.489999771118164,516800.0,0.06835849701499874,0.05729485539542588,0.7561008756269033,0.009290021141672988,0.3718389854940583,0.6089712498028399,0.6789544159579399,0.4869652461389168,0,0,-0.1797545698554183,0.01411051903990384,0.07423319315685405
2013-07-16,16.540000915527344,16.739999771118164,16.25,16.420000076293945,815200.0,0.06888957898148637,0.057993573259616835,0.7299517685483571,0.009392544181371532,0.39712148449066664,0.5923178783936279,0.7102687175047047,0.484283623085906,0,0,-0.1916313429319199,0.012128493533463442,0.021831334627030057
2013-07-17,16.469999313354492,16.65999984741211,16.469999313354492,16.559999465942383,578000.0,0.0693748778391581,0.058669812110686406,0.7542878772582832,0.00946698757310055,0.393856842015921,0.5893341212780592,0.7393462832267006,0.48618497014753526,0,0,-0.1881850904114611,0.016443389555976906,0.04567600465987804
2013-07-18,16.6200008392334,16.770000457763672,16.389999389648438,16.420000076293945,912100.0,0.06991969500026254,0.059267375130414815,0.6998088581338298,0.009581450713504525,0.4009374160795869,0.5702183496744931,0.7702450031437389,0.4831845918518396,0,0,-0.19504834541531998,0.009057948270998775,0.03864730738456077
2013-07-19,16.420000076293945,16.510000228881836,16.329999923706055,16.469999313354492,564800.0,0.07065680008318137,0.05974692395651664,0.7097683480703555,0.009652888987747354,0.4187309532247255,0.5477220179097165,0.7911128625197077,0.4850425171466636,0,0,-0.17174175893552746,0.021315492073293762,0.026796621925286066
2013-07-22,16.450000762939453,16.5,16.31999969482422,16.43000030517578,656100.0,0.07129776142350303,0.06024333213178247,0.693103478369052,0.009735208683683938,0.3989668600317172,0.5347179058963542,0.8091338470977556,0.4828842579647691,0,0,-0.1730419247290944,0.019429247611731898,0.04189427173500291
2013-07-23,16.450000762939453,16.610000610351562,16.280000686645508,16.360000610351562,1120200.0,0.07189293965500884,0.06067230380362186,0.6631547805309782,0.00987380740076177,0.3623592032686289,0.5260076574021728,0.8306035047531677,0.4791993289363312,0,0,-0.173463197110953,0.01947654831895605,0.048691370797390124
2013-07-24,16.479999542236328,16.579999923706055,16.299999237060547,16.3799991607666,666500.0,0.07230956384945678,0.06114061312316303,0.6681942395495815,0.009956462301594415,0.3509896325142015,0.5184542438213925,0.8505396154331935,0.48139179920722375,0,0,-0.16075788891490042,0.017726216669200472,0.04400985292430578
2013-07-25,16.3799991607666,16.709999084472656,16.209999084472656,16.610000610351562,1154300.0,0.07286811576855795,0.0616239086896463,0.7236768840332158,0.010105389294954081,0.3881653556990077,0.5292494425686302,0.8747154142089477,0.4851889011332423,0,0,-0.1043955538513366,0.023809604211165163,0.047008577363543344
2013-07-26,16.510000228881836,16.739999771118164,16.360000610351562,16.709999084472656,555500.0,0.07336257098602078,0.06215216156778873,0.7459141915633513,0.010178217792282729,0.3888720408990186,0.5416255178491154,0.8984447741095465,0.4870162338196352,0,0,-0.11077664569387077,0.015653234155801325,0.039133027973833154
2013-07-29,16.68000030517578,16.68000030517578,16.43000030517578,16.549999237060547,666900.0,0.07384329144548696,0.0626879075694022,0.6696800289609424,0.01026317469655208,0.40200962303377263,0.5248578919139876,0.9204791797315308,0.4848224477376273,0,0,-0.12028727342957066,0.005386005835962073,0.04009575780985685
2013-07-30,16.639999389648438,16.639999389648438,16.360000610351562,16.43000030517578,695400.0,0.07417750709195453,0.06316558329328216,0.6158116344109661,0.01034979901223404,0.39417116981146116,0.500944373516786,0.9283596822911895,0.4825349101136531,0,0,-0.11903319662656289,0.007855049795055092,0.061631450440165374
2013-07-31,16.479999542236328,16.6299991607666,16.350000381469727,16.3799991607666,703800.0,0.07442931288058152,0.06366386439212394,0.5935491806647742,0.010436589246797134,0.38135474084812504,0.4898977275413642,0.9338447638046137,0.4802197404562575,0,0,-0.11016429898496095,0.017650694469919615,0.06329889812599228
2013-08-01,16.489999771118164,16.790000915527344,16.479999542236328,16.700000762939453,882200.0,0.07479557687786828,0.06418837124446854,0.6822291244891284,0.010551584780093826,0.3850405000270298,0.5495677301987459,0.9481175312397572,0.48312176187108336,0,0,-0.11111109817291606,0.018315089119646775,0.05921852033288475
2013-08-02,16.68000030517578,16.8799991607666,16.579999923706055,16.600000381469727,808900.0,0.07509316621193121,0.06475596248489628,0.6370149880485294,0.010655080690008256,0.3810715580287772,0.5577299272291953,0.9660194164855387,0.4804608628431388,0,0,-0.1203592896440112,0.011975978829573268,0.028143670172609332
2013-08-05,16.6299991607666,16.770000457763672,16.389999389648438,16.6299991607666,1587500.0,0.07545027253956657,0.06528983520564201,0.6454333953175321,0.01085890386744709,0.403122614626684,0.5257637200788667,0.9492916232913662,0.4856829882070428,0,0,-0.11807223129106484,0.015060240617769526,0.039759140939387566
2013-08-06,16.639999389648438,16.639999389648438,16.149999618530273,16.31999969482422,1322600.0,0.07563340410158986,0.06570569391140706,0.5130374811397536,0.011019180126205896,0.38922561118482896,0.4069397278642565,0.8996981969420312,0.4813322587542558,0,0,-0.08959710440836129,0.014431736814778088,0.03367416726106443
2013-08-07,17.440000534057617,18.46999931335449,17.360000610351562,18.31999969482422,5220600.0,0.07676424226116879,0.06642314404833795,0.8568731163037678,0.011881483523385361,0.4781489522571328,1.0000000000000002,0.9282795166833957,0.4985055675257817,0,0,-0.12806373723467157,0.06311267148022857,-0.025735299273758293
2013-08-08,18.3799991607666,18.899999618530277,18.21999931335449,18.76000022888184,2488800.0,0.07800496023120185,0.06733166454627922,0.8937102157977336,0.01231460931262296,0.5128871876268134,0.848684466439596,0.9624405501932702,0.5066925442852678,0,0,-0.16048032911342852,0.028384304935910362,-0.0693230661337751
2013-08-09,18.649999618530277,18.93000030517578,18.479999542236328,18.530000686645508,1172500.0,0.07902592032680697,0.06818211476648699,0.8274791569253567,0.012512119820594414,0.4884253232329051,0.7042235739840979,0.9946606470605501,0.5028355729535025,0,0,-0.1700426194810041,0.014925409553803256,-0.08422174330646219
2013-08-12,18.479999542236328,18.5,18.059999465942383,18.1200008392334,2011700.0,0.0797721826427571,0.06902694532273736,0.719035416007546,0.012831903339184436,0.45274022849427226,0.5998880072208832,0.9905350622368605,0.4962180299018075,0,0,-0.15920127900433317,0.024284983608433796,-0.06907710371642699
2013-08-13,18.149999618530277,18.38999938964844,18.149999618530277,18.190000534057617,1529500.0,0.08058254078710533,0.06984180392104118,0.7275774574426616,0.013076781535090398,0.4370826836608057,0.5724619791423654,0.9867041620434347,0.501249362653991,0,0,-0.13796908853265663,0.04304639351653053,-0.034768163994922774
2013-08-14,17.5,17.8700008392334,16.799999237060547,17.31999969482422,1908400.0,0.08093049119156967,0.07051054982728562,0.5339958401774614,0.013344802691852342,0.4366133049287502,0.47739439622103536,0.90572956013682,0.494971627822826,0,0,-0.09840571244083052,0.07861463788845713,0.017042301090753827
2013-08-15,17.209999084472656,17.40999984741211,16.790000915527344,16.790000915527344,1626900.0,0.0810998884322163,0.07113059186013539,0.44244923948200476,0.013553636084543241,0.4191520375621211,0.44251508729674,0.8301123047083871,0.48961989506406356,0,0,-0.08487294106556918,0.09930723158252235,0.06928410993552457
2013-08-16,16.709999084472656,17.280000686645508,16.65999984741211,17.200000762939453,1165500.0,0.08143410451530397,0.0717880986171109,0.5070266451682232,0.01371349677074768,0.43035388500246335,0.4444024372379197,0.758775580135034,0.49345383970131085,0,0,-0.05777243957488053,0.13222162594702866,0.10958904420822657
2013-08-19,16.8799991607666,17.440000534057617,16.8799991607666,17.030000686645508,1088400.0,0.081708802294959,0.07233883068702059,0.47795519628097904,0.01385845360404131,0.41711534503909,0.44802707447404844,0.6951615404747558,0.4898735176565404,0,0,-0.06627903134195055,0.11918610776031371,0.1296512413179599
2013-08-20,17.049999237060547,17.6299991607666,17.020000457763672,17.299999237060547,1129900.0,0.08213916124740367,0.07294388647292825,0.5206309390499755,0.014015424624504613,0.4269651733958019,0.46466594908658687,0.6445398672327554,0.49359035510452476,0,0,-0.07163824217054687,0.11039348163911017,0.11920144479133105
2013-08-21,17.290000915527344,17.59000015258789,17.219999313354492,17.420000076293945,964200.0,0.08261530418190438,0.07361450566004042,0.5393395564684905,0.01415172295577144,0.43436234675371915,0.469846563270196,0.5975340277937553,0.49676211779799007,0,0,-0.07803476269825677,0.094797656761463,0.09248546501051488
2013-08-22,17.520000457763672,17.780000686645508,17.3700008392334,17.520000457763672,1153600.0,0.08303192881297239,0.07386739286051978,0.5552828098973679,0.014317085322420264,0.4139880992000922,0.4807708273681967,0.5626643958345132,0.5005569170545568,0,0,-0.08381176724609407,0.0809414374992404,0.08323759180483883
2013-08-23,17.520000457763672,17.770000457763672,17.520000457763672,17.610000610351562,893600.0,0.08344397591907501,0.07425140668476236,0.5700262442539443,0.014446758456281683,0.3993900371744625,0.48437199010648063,0.5302854518723599,0.5034964390861691,0,0,-0.07819639289029284,0.08047944124266808,0.08162101985231983
2013-08-26,17.59000015258789,17.68000030517578,17.450000762939453,17.520000457763672,664900.0,0.08388807093937667,0.07462980084504754,0.5495107531959671,0.01454181903025381,0.39464262920847587,0.4701883176597106,0.4957262956799235,0.5013092320597378,0,0,-0.08177174810608194,0.07609313493153474,0.06643952502796598
2013-08-27,17.34000015258789,17.459999084472656,16.780000686645508,16.899999618530273,990200.0,0.08410325041559899,0.07493701176152485,0.42318322339131276,0.014669722351959569,0.3886850277597016,0.4053044581047063,0.46473914525921495,0.498051941643777,0,0,-0.0679224031372836,0.09075343099567733,0.07077624079448451
2013-08-28,16.940000534057617,17.25,16.770000457763672,17.219999313354492,674000.0,0.084487827132468,0.07525920856765252,0.48350260198768125,0.01476141674216458,0.41191888943396326,0.4033617259243704,0.43643645162376027,0.5002690833730817,0,0,-0.04674561735854329,0.11775146840454347,0.09999992099739212
2013-08-29,17.170000076293945,17.40999984741211,17.100000381469727,17.260000228881836,566400.0,0.08474421131930057,0.07563947600880548,0.49092180460485746,0.014838901289878359,0.4047685294766128,0.4213892398672834,0.4005184911255512,0.502132271912367,0,0,-0.05923347842253622,0.1022067537201884,0.09698026381446039
2013-08-30,17.219999313354492,17.270000457763672,16.790000915527344,16.860000610351562,599100.0,0.08486324705292575,0.07601412378600099,0.41297343489188276,0.014915529283834439,0.4103939286809887,0.3790731646772278,0.38258019253537673,0.5001615158144048,0,0,-0.06199302900551219,0.0990730573085322,0.10312865950412693
2013-09-03,17.06999969482422,17.5,17.010000228881836,17.139999389648438,681900.0,0.0850967401219705,0.07640937693815834,0.468354896007956,0.015006856868847562,0.3953925033897402,0.40683961902779603,0.3520187233474296,0.502404644813237,0,0,-0.0545670250883082,0.11032031690494572,0.1126927372329823
2013-09-04,17.149999618530273,17.350000381469727,17.09000015258789,17.25,1298800.0,0.08552252154944975,0.07681961597996602,0.4895293487269511,0.015183690290813845,0.40971817463676513,0.39895252269941406,0.323640216244336,0.5066770835046629,0,0,-0.05834305925377931,0.10385068553272672,0.12077011485043428
2013-09-05,17.299999237060547,17.399999618530273,17.149999618530273,17.200000762939453,587200.0,0.08500975317578457,0.07714368624560734,0.4787032100835732,0.015262886407870824,0.3250986718058336,0.40626253099983806,0.2940898257675525,0.5047454727873814,0,0,-0.06666664455247961,0.09449281554291214,0.116521752398947
2013-09-06,17.270000457763672,17.34000015258789,16.700000762939453,17.149999618530273,566500.0,0.08427264765624567,0.07747337599656014,0.467373621735659,0.015338606774749408,0.3000120533240256,0.3764182812646375,0.2903547557155195,0.5028819552953173,1,0,-0.06511632497404564,0.09651161475462737,0.13081394768586502
2013-09-09,17.229999542236328,17.260000228881836,17.059999465942383,17.15999984741211,765800.0,0.08364542107392073,0.07775998135942976,0.4697056107827082,0.015441035791565416,0.31855334696682364,0.4002537437329384,0.2868864763814889,0.5054010756755868,0,0,-0.06297375788505172,0.09912541112261204,0.12244900455861873
2013-09-10,17.239999771118164,17.530000686645508,17.239999771118164,17.350000381469727,614400.0,0.08329289227125078,0.07810653045954653,0.5143913723843823,0.015525687326400917,0.3452842888542651,0.47321696982756006,0.2650455403238041,0.5074221615487097,0,0,-0.06351982297670433,0.09848488048282153,0.12296040962201818
2013-09-11,17.350000381469727,17.68000030517578,17.309999465942383,17.65999984741211,971800.0,0.08305024240579484,0.07847368511327103,0.5810640293549058,0.015666016189126886,0.38363791490361454,0.567612068544171,0.23517899687622107,0.510618924653366,0,0,-0.06916430758244171,0.09106627602115432,0.10259358732913702
2013-09-12,17.670000076293945,17.889999389648438,17.489999771118164,17.520000457763672,582300.0,0.08314180862342654,0.0787902624340872,0.54198777249919,0.015748225063911492,0.3746625707754728,0.5810990513405551,0.21328630883287175,0.508703432622247,0,0,-0.08607024184014431,0.07134769194612853,0.09626278469014657
2013-09-13,17.59000015258789,17.670000076293945,17.399999618530273,17.459999084472656,650300.0,0.08344855344404045,0.07908248746091422,0.5251056929583425,0.015839100394053285,0.40039479461001926,0.5251485352159111,0.18709774460634782,0.5065642527015247,0,0,-0.0821918091571457,0.07648402497581522,0.1061644156251912
2013-09-16,17.68000030517578,17.700000762939453,17.139999389648438,17.149999618530273,833200.0,0.08342566145301245,0.07930727598431482,0.44237009947816175,0.015949771089097342,0.36647804222223695,0.45321525382986216,0.1719731422108795,0.5038234181483248,0,0,-0.08762890990104072,0.07159221452145648,0.09163805643567428
2013-09-17,17.1299991607666,17.450000762939453,17.1299991607666,17.290000915527344,544500.0,0.08354469718663762,0.07957702235531226,0.47822678801876317,0.01602368724738168,0.3767522194832313,0.43331287808979596,0.15852873639005927,0.5056145660290465,0,0,-0.05714283172213344,0.10495633728553032,0.12069980456070979
2013-09-18,17.329999923706055,17.3700008392334,16.90999984741211,17.200000762939453,1223900.0,0.08349891495106193,0.07981679694700909,0.45398015366049815,0.016187219598656377,0.3851267945153493,0.3851207111228647,0.15903331801565668,0.5015885129689632,0,0,-0.0387507253219547,0.09253905707042738,0.09543085778835822
2013-09-19,17.200000762939453,17.299999237060547,17.010000228881836,17.020000457763672,610700.0,0.08331578338903864,0.0800359658064523,0.406601704590536,0.016266315349297233,0.3719770130925493,0.3721794884972858,0.15950185809656858,0.49957959834865706,0,0,-0.03139540067293918,0.1005813642731882,0.13023253905573384
2013-09-20,17.149999618530273,17.229999542236328,17.06999969482422,17.110000610351562,1196300.0,0.08312807342880973,0.0802345292909337,0.43303867222701875,0.01642340043630114,0.3661086367571555,0.38761437346092215,0.15993693102884393,0.5035148604417835,0,0,-0.028789645002309662,0.10458288124390505,0.13983554665708584
2013-09-23,17.100000381469727,17.15999984741211,16.889999389648438,17.06999969482422,527000.0,0.08288084516514818,0.08037876870212536,0.4217397439786723,0.01649205605537085,0.37476738223793166,0.35179276782776986,0.1715701803286046,0.5017812792973568,0,0,-0.025715985877371422,0.08182346981818765,0.14728231255813456
2013-09-24,17.1200008392334,17.219999313354492,16.969999313354492,17.200000762939453,1034000.0,0.08273433991552956,0.08051176878540221,0.46230825404673404,0.016629535693560515,0.3977168442368599,0.39809939238277087,0.1767222714490438,0.5051826510304446,0,0,-0.026947920330705432,0.07439944775160821,0.13356759344220698
2013-09-25,17.170000076293945,17.549999237060547,17.079999923706055,17.520000457763672,1433400.0,0.08301819449159578,0.08071782503606288,0.5520282194389577,0.01682975164774958,0.43616698485957855,0.5158022107733238,0.15346321233677235,0.5098978601621736,0,0,-0.02965117478254563,0.04186042333822812,0.049418624637576056
2013-09-26,17.65999984741211,17.850000381469727,17.450000762939453,17.809999465942383,748800.0,0.0832883138730452,0.0809519797851564,0.6209601149493189,0.016938897069364633,0.43635583485202367,0.6335848302878684,0.14523318049284573,0.5123610585700422,0,0,-0.05707762407944847,0.013127827410210367,0.007990832533705746
2013-09-27,17.770000457763672,18.5,17.75,18.40999984741211,1950600.0,0.08381481744132718,0.08132475410283828,0.7323297403781147,0.017248056040323978,0.4661252206137105,0.7375283343039272,0.17103965995283044,0.5187776114738729,0,0,-0.062324572916141234,0.04098818439788771,0.027512621325743548
2013-09-30,18.229999542236328,18.790000915527344,18.010000228881836,18.549999237060547,1994300.0,0.0845885484000306,0.08171438759103826,0.753973255322485,0.017569300858077175,0.49034831983070426,0.7160734791400476,0.20637763431221384,0.5253379167420517,0,0,-0.08310694144367126,0.030418325797527637,-0.017381841253475135
2013-10-01,18.57999992370605,19.1200008392334,18.5,19.11000061035156,1619600.0,0.08549047276201055,0.08221641543026147,0.8283790428288621,0.01784914030958945,0.528723060483441,0.7188108297482109,0.25049511767839827,0.5306656359479596,0,0,-0.101347667821495,0.02911056268123688,-0.033962220306076325
2013-10-02,19.040000915527344,19.09000015258789,18.799999237060547,19.07999992370605,1191700.0,0.0863283004223522,0.08272593603566393,0.8178671878724407,0.01805386173503226,0.5451875312680116,0.6639594243152974,0.29146135223271247,0.5267455056826592,0,0,-0.12244898366567046,0.004186285774513273,-0.05285192028380869
2013-10-03,19.100000381469727,19.229999542236328,18.729999542236328,18.88999938964844,1544800.0,0.0871020313810556,0.08319611881471876,0.7511090890584734,0.01831238875507879,0.5410436340827208,0.6145901969206182,0.3342411442959758,0.521663843155315,0,0,-0.12578614403181315,0.0068133732330409175,-0.062369000986163235
2013-10-04,18.850000381469727,19.020000457763672,18.81999969482422,18.96999931335449,645500.0,0.0879352806431917,0.08363820273804891,0.7632190073502202,0.018421361838381667,0.5429264432399956,0.5833388426585716,0.37396523692614886,0.5237872333426536,0,0,-0.113816817787112,0.020116419960015345,-0.06511379470506269
2013-10-07,18.86000061035156,18.959999084472656,18.670000076293945,18.950000762939453,1131200.0,0.08875479558395111,0.08405780836284128,0.7557292287633887,0.018611602234777258,0.5643397989807691,0.555283436781589,0.39666631033034866,0.5200661195085445,0,0,-0.1138639918606381,0.01950442515958857,-0.0716921802624498
2013-10-08,19.0,19.280000686645508,18.71999931335449,18.76000022888184,2280500.0,0.0894003348858583,0.08447179414503038,0.6847836930969451,0.018984871694552208,0.5276124588330969,0.5462393837052592,0.43012020565122194,0.5125643513873583,0,0,-0.12137198651509604,0.01477576123337713,-0.09393143086973685
2013-10-09,18.76000022888184,18.850000381469727,17.920000076293945,18.57999992370605,2355800.0,0.08982153791513192,0.0848745402420129,0.6216490564829803,0.019360088152184374,0.5300761738934675,0.49437722250468047,0.40250314081159094,0.5048148818237141,0,0,-0.10980807253780984,0.027718574169477084,-0.0778252118341426
2013-10-10,18.84000015258789,19.09000015258789,18.520000457763672,18.6299991607666,2154400.0,0.09032972789059152,0.08529601879038122,0.6327500030893772,0.019704446974232015,0.5132428528705266,0.5154769870138745,0.38778119482575774,0.5119018404907976,0,0,-0.11517757795671635,0.0236814066665428,-0.06081814169834718
2013-10-11,18.530000686645508,18.8799991607666,18.350000381469727,18.84000015258789,886200.0,0.09096153287112207,0.085696891606496,0.6781247549638374,0.01984978502859608,0.5358866598891945,0.5043783910450726,0.36384093847772886,0.5148170200167765,0,0,-0.09822866377578261,0.04025765076680435,-0.04616213897436239
2013-10-14,18.700000762939453,19.020000457763672,18.559999465942383,19.0,848600.0,0.09180851732787496,0.08614646865329718,0.7103334011996799,0.019991697013776233,0.5679751968714143,0.5143102427619478,0.3482830680289504,0.517608513297916,0,0,-0.10615711166675744,0.030785558333787225,-0.05997882478573206
2013-10-15,18.93000030517578,19.07999992370605,18.809999465942383,18.96999931335449,1015700.0,0.09257766988837277,0.08658480637218365,0.6981566175120945,0.02016067755111206,0.5717993133804066,0.5178981119111294,0.33672277232539854,0.5142673399233539,0,0,-0.11736839695980675,0.01842107270893298,-0.05157892327559622
2013-10-16,19.100000381469727,19.459999084472656,19.07999992370605,19.21999931335449,1014400.0,0.09350248449490037,0.08712804531862227,0.7481901539126666,0.020334629174608765,0.5598802695563984,0.541829229543831,0.3429873372694647,0.5176042369117912,0,0,-0.12651553534009477,0.018977264946419794,-0.05060627446335565
2013-10-17,19.190000534057617,19.31999969482422,19.07999992370605,19.309999465942383,1185800.0,0.09455091323325879,0.08731349583702934,0.7650427559707756,0.020539940858589123,0.5935407177172454,0.5370906921620582,0.3488044332889548,0.5215049589631408,0,0,-0.12955254214749404,0.01404779188662291,-0.0426638774255556
2013-10-18,19.3700008392334,19.549999237060547,19.26000022888184,19.520000457763672,1063400.0,0.09565428187684427,0.08745586196735321,0.8023974447171255,0.02072854166197441,0.6228495157819176,0.5569345809604934,0.3639076000289108,0.5250030428132041,0,0,-0.12843094345802614,0.00932151231514102,-0.05334027525283729
2013-10-21,19.600000381469727,19.600000381469727,19.31999969482422,19.32999992370605,1024800.0,0.09668897629382603,0.08760572086385633,0.719154901958544,0.02090587172609909,0.5999302675435361,0.5545488795667182,0.37999096312644637,0.5216319347357686,0,0,-0.13883201476788096,0.0,-0.06557380413054316
2013-10-22,19.440000534057617,19.59000015258789,19.239999771118164,19.350000381469727,1144700.0,0.09767330920378633,0.08783612905121434,0.7233267290637185,0.021104136247799332,0.5736262360584365,0.553753274020525,0.38819701160929426,0.5253974571950196,0,0,-0.1319193561548799,0.008277281326622652,-0.06466632203484993
2013-10-23,19.25,19.459999084472656,19.11000061035156,19.1299991607666,1029700.0,0.09841041385008509,0.08801221316528259,0.629932580900271,0.021277380115878042,0.5296599334524119,0.525439170045278,0.3849548634576602,0.5220102304314215,0,0,-0.12196385342770256,0.01808787465476744,-0.06408267424664413
2013-10-24,19.1200008392334,19.399999618530277,19.1200008392334,19.3700008392334,578400.0,0.09912462825183616,0.08839622716817107,0.6862140419407262,0.021377543395041443,0.5267204783519355,0.5360168374388679,0.38194429731685714,0.5239128933041661,0,0,-0.11657091204470275,0.025091456523466622,-0.045478352190295376
2013-10-25,19.51000022888184,19.559999465942383,19.309999465942383,19.450000762939453,691700.0,0.09960077118633684,0.08889450844565873,0.7038343680067984,0.021498399553964043,0.49826736374001435,0.5596302767499914,0.38780775907230275,0.5261882596753236,0,0,-0.13526074990800532,0.004646368027284452,-0.044914858107348965
2013-10-28,19.5,19.56999969482422,19.239999771118164,19.280000686645508,596600.0,0.09993498726942454,0.08928414193385871,0.6322611036377896,0.02160038563924921,0.47348304260299473,0.5287769729686274,0.3866993012111523,0.5242257273968322,0,0,-0.134190257479307,0.005141407585971407,-0.03753210866846281
2013-10-29,19.299999237060547,19.3700008392334,19.07999992370605,19.200000762939453,1390400.0,0.0999761919800348,0.08969063459257674,0.5997722689759204,0.021835371500099954,0.4367421179662739,0.48378276454368213,0.3711021614093218,0.5196519679599992,0,0,-0.12499998763389157,0.015560224778258363,-0.051348534017630905
2013-10-30,19.200000762939453,19.290000915527344,18.979999542236328,18.979999542236328,927100.0,0.09993040887121893,0.09000533863252512,0.5156686688570229,0.021987466586937343,0.3953342743337558,0.4453245912655103,0.34789397723919097,0.5166022467474793,0,0,-0.12031256674478186,0.020833312637276943,-0.03593752638747171
2013-10-31,19.020000457763672,19.790000915527344,18.96999931335449,19.440000534057617,1121800.0,0.1001822155330861,0.0903837327928103,0.6367295161054876,0.022182202695087694,0.4099791286563394,0.5266731779707241,0.3557863644255686,0.5202924390203786,0,0,-0.1122234520277689,0.040569045117740093,-0.01738671926580944
2013-11-01,19.440000534057617,19.770000457763672,19.21999931335449,19.530000686645508,1243400.0,0.10043860059315884,0.09076025367222772,0.6570287137066743,0.022400066803425267,0.4066347700799928,0.5460775882233209,0.363115009670062,0.5243826378723334,0,0,-0.13117289477136296,0.018004134354654398,-0.034979438605696606
2013-11-04,19.600000381469727,19.649999618530277,19.3700008392334,19.6200008392334,612700.0,0.10074534628701293,0.09113677455164511,0.6773353811260453,0.02250845292038245,0.3950093501512059,0.5491391667259835,0.3699201802542345,0.5263981315482162,0,0,-0.13466466849197872,0.00972864963530382,-0.04454689240376215
2013-11-05,19.540000915527344,19.63999938964844,19.149999618530277,19.399999618530277,1468500.0,0.1010383567862502,0.09148894313707341,0.5914381374931735,0.022761004980057675,0.435361276582826,0.5039285727312921,0.35540706899962987,0.5215674599911182,0,0,-0.12538230818533477,0.01274209935302776,-0.02548419870605552
2013-11-06,18.989999771118164,19.190000534057617,17.920000076293945,18.020000457763672,3305200.0,0.1007819725994176,0.0916987459494696,0.2603400539904541,0.02323109140838836,0.3586576282259873,0.2170553789441052,0.36133139799131714,0.5106949127452753,0,0,-0.07938139373506749,0.041237173203088284,0.004639183214309021
2013-11-07,18.0,18.06999969482422,17.15999984741211,17.799999237060547,2981700.0,0.10040197428075423,0.0918073937387573,0.22690380888391692,0.023639475005260757,0.4102030875991218,0.13170724003611356,0.39125768413351086,0.500886527738943,0,0,-0.04661487964757448,0.0993341215347276,0.07769143079722321
2013-11-08,17.799999237060547,18.3799991607666,17.760000228881836,18.26000022888184,1341100.0,0.1001364332975104,0.09199471753803216,0.34425215472677617,0.023835612804665174,0.4116167784641607,0.2588402135886373,0.40000182272286894,0.5052981134558134,0,0,-0.0359550234314575,0.11179785189672971,0.09831461095551099
2013-11-11,18.280000686645508,18.31999969482422,17.8799991607666,17.90999984741211,951200.0,0.09963739924522186,0.09219140738435398,0.2872971838250973,0.023967491814324227,0.37916133820432,0.27618908550101817,0.4081213799844157,0.5021691146235958,0,0,-0.061336299298720344,0.08269442551777567,0.08050379490299209
2013-11-12,17.809999465942383,18.040000915527344,17.799999237060547,17.950000762939453,779800.0,0.09917041398037252,0.0923431399190167,0.2973020391209501,0.02407613440831119,0.37930088898026265,0.29490550045250175,0.4184249969493817,0.5047342883929011,0,0,-0.036292552990959105,0.1105528456981567,0.11166945935451743
2013-11-13,17.90999984741211,18.049999237060547,17.81999969482422,18.030000686645508,1053800.0,0.09862559769250825,0.09248925261107611,0.3181288081405875,0.024224538769588022,0.40242807302478856,0.32528936003811687,0.4272961117466448,0.508200792776197,0,0,-0.04178272802909796,0.10473543109796334,0.10640667221338501
2013-11-14,18.030000686645508,18.059999465942383,17.829999923706055,17.90999984741211,897300.0,0.09798463678880667,0.09262225233706116,0.2963267635305301,0.024348468719096628,0.37477546720946003,0.33992376974042904,0.4347881468302148,0.5052490994917679,0,0,-0.04825295652250264,0.09761509494480695,0.09927892068825768
2013-11-15,17.969999313354492,18.0,17.559999465942383,17.6200008392334,1767700.0,0.09711476121426596,0.09271029475138708,0.24625097638690596,0.024581396733235616,0.33148954559511845,0.33505600194348295,0.4521815676426106,0.4994342012204148,0,0,-0.04522610121961687,0.10161929746949892,0.09994421724051505
2013-11-18,17.6200008392334,17.829999923706055,17.469999313354492,17.5,1199700.0,0.09627693355392428,0.09277398487172385,0.2265734789479822,0.02473613499814381,0.3305106286585592,0.3376665179680193,0.47164297777028436,0.49548775473280804,0,0,-0.026106751981363842,0.12315550357194856,0.13847891660004838
2013-11-19,17.549999237060547,17.59000015258789,17.170000076293945,17.219999313354492,1264700.0,0.095301756567135,0.0927496325777347,0.18292562764788478,0.024891554644488778,0.31956373128564103,0.327040659387389,0.500087394098738,0.49132748893896283,1,0,-0.022285679408482143,0.1280000959123884,0.15942862374441966
2013-11-20,17.239999771118164,17.440000534057617,17.219999313354492,17.299999237060547,811800.0,0.09446392890679334,0.09268219589566239,0.20871436693084233,0.024992535479683498,0.3336053138446686,0.33877752528058047,0.5265000664037307,0.4939979275974934,0,0,-0.004645756498028021,0.14808369605634056,0.18931477113089273
2013-11-21,17.360000610351562,17.719999313354492,17.309999465942383,17.709999084472656,666000.0,0.09370393139622643,0.09271778716027455,0.33054941338437205,0.02508101558952358,0.3372457054530719,0.36898111430075975,0.5270341942432482,0.49618875310449184,0,0,-0.011560738251999795,0.14046245158035417,0.20057800383718852
2013-11-22,17.709999084472656,17.780000686645508,17.549999237060547,17.670000076293945,957200.0,0.09288899485367258,0.09275712534391399,0.32265254062192006,0.025207238984944924,0.3364041123159847,0.3819607472852348,0.5226408813668137,0.49304001710554446,0,0,-0.03105585914698109,0.11744787908421413,0.17504237954408872
2013-11-25,17.690000534057617,17.709999084472656,17.40999984741211,17.56999969482422,910900.0,0.09210610622531781,0.09283580135390106,0.3023513725984869,0.025325296983800427,0.3468280784713731,0.37686422422798077,0.5249772957809511,0.4900435862431948,0,0,-0.029994379420323614,0.1188455219243086,0.16751551056549183
2013-11-26,17.6299991607666,18.11000061035156,17.6299991607666,17.950000762939453,1411100.0,0.09153381954821993,0.09295943503283911,0.4099028056714181,0.025519099052382477,0.3612654374336424,0.41467595239521626,0.4960671582991136,0.4946854389052451,0,0,-0.02675010367205327,0.12293692613990408,0.17245308703893075
2013-11-27,18.0,18.13999938964844,17.899999618530273,18.13999938964844,1026700.0,0.09114924283135095,0.09313551914690736,0.45786932185895235,0.025663945308008695,0.4009895665644996,0.4375004009215018,0.46708326211126266,0.4980627970854784,0,0,-0.04679666389330749,0.0997214952337538,0.11643454394180408
2013-11-29,18.26000022888184,18.459999084472656,18.030000686645508,18.3700008392334,386900.0,0.0906593655754736,0.09338840634738672,0.5123722242334495,0.025720334013574098,0.40222528288363135,0.476592900643842,0.42010390029450423,0.49933551538676624,0,0,-0.06063949385232303,0.08434403187017726,0.12348400476774064
2013-12-02,18.3700008392334,18.3700008392334,18.040000915527344,18.34000015258789,1291600.0,0.09011454841436917,0.09361881453474473,0.5042267466069289,0.02590755312115839,0.42049342144828317,0.4872648863003537,0.37648020717894287,0.49508676129541607,0,0,-0.06586831445522046,0.07729994618515236,0.13772447815535638
2013-12-03,18.26000022888184,18.36000061035156,18.0,18.31999969482422,2482300.0,0.0895193697462433,0.09385296928383825,0.4984794906198864,0.026265402234712354,0.4499592623608327,0.506274159849696,0.33723163142534135,0.4869211664665537,0,0,-0.05997821005004261,0.08342424612409893,0.13304255800201364
2013-12-04,18.309999465942383,18.420000076293945,18.020000457763672,18.190000534057617,1055000.0,0.08896539666196787,0.09403841980224532,0.4604564075049793,0.026414269160643156,0.446132448403741,0.5299705696826409,0.3011405414556106,0.48345071464991196,0,0,-0.06277290598728406,0.08078610667243036,0.13864634049338695
2013-12-05,18.149999618530277,18.299999237060547,17.799999237060547,18.010000228881836,1309800.0,0.08896081826376226,0.09413020842101495,0.4100845926293596,0.0265938891729679,0.4984893194761147,0.49168694455799505,0.27861296508838646,0.47914209115281503,0,0,-0.0544254943403968,0.0901594969129577,0.15283125920971996
2013-12-06,18.13999938964844,18.40999984741211,18.1299991607666,18.25,1158300.0,0.08916684181681356,0.09421263099273759,0.47989979560303997,0.026758240877655104,0.4704762006360707,0.5451471352782834,0.24911975887449422,0.4829523511899867,0,0,-0.054414188216652545,0.09161585257688497,0.15935595795445387
2013-12-09,18.299999237060547,18.649999618530277,18.280000686645508,18.63999938964844,983900.0,0.08934081658242563,0.09425571538082077,0.5765807150254342,0.0269056094608503,0.4726872069277035,0.6010685216031609,0.22950213809067455,0.48618891758088123,0,0,-0.0624657199807363,0.08164392758722175,0.16219183516829
2013-12-10,18.63999938964844,18.86000061035156,18.530000686645508,18.770000457763672,1234700.0,0.0897345500957058,0.09429692684532796,0.6053087080934172,0.027093592800007837,0.5008001726274289,0.6218809396025198,0.22473468044575184,0.49025049754107797,0,0,-0.07939911967262382,0.061695362850577445,0.12124465144225847
2013-12-11,18.780000686645508,18.86000061035156,18.229999542236328,18.309999465942383,1241600.0,0.0898993680649067,0.09414706759153306,0.47244959283260046,0.027270469986555357,0.4780036918515239,0.5496989591480339,0.19755104462294149,0.4861662198391421,0,0,-0.0863079808057933,0.05380928099360159,0.09909422789777281
2013-12-12,18.290000915527344,18.65999984741211,18.270000457763672,18.51000022888184,724200.0,0.09011912593933463,0.09404029308311308,0.520044748923366,0.027376501316024593,0.4637019535741595,0.5407549196986583,0.17230909707318898,0.48854849586341875,0,0,-0.0617149700204579,0.08192244913988575,0.1578372186751833
2013-12-13,18.57999992370605,18.790000915527344,18.5,18.690000534057617,648000.0,0.09047623314021017,0.09400282853763321,0.5606437585377847,0.027473702761613816,0.4733431329203833,0.5619081907773524,0.15807038130098666,0.49068010987022814,0,0,-0.07671529220611586,0.06428960126109663,0.1199351315993259
2013-12-16,18.790000915527344,18.850000381469727,18.57999992370605,18.76000022888184,868100.0,0.09099815831028654,0.09396349071128555,0.5762572479158296,0.027605042967249804,0.5053647135105992,0.5619049292751449,0.14905498459825162,0.49353574894323915,0,0,-0.08721246771207875,0.04601384047238583,0.1268057177187376
2013-12-17,18.76000022888184,18.770000457763672,18.57999992370605,18.729999542236328,961800.0,0.09156128819097323,0.09392227924677833,0.566677541076587,0.027749781839876253,0.537012454492555,0.5468205212238105,0.14068354480285478,0.4903718811164657,0,0,-0.085287865775527,0.0469082702574707,0.13379531973659453
2013-12-18,18.690000534057617,19.100000381469727,18.57999992370605,19.040000915527344,893700.0,0.09239453832634947,0.09397473003920033,0.6366722922707554,0.02788982926494915,0.5705811360029218,0.5805725083949127,0.15523655232365896,0.4933117321008569,0,0,-0.08168717159844781,0.026695142136682663,0.11105178721524445
2013-12-19,19.040000915527344,19.479999542236328,19.040000915527344,19.07999992370605,989200.0,0.0932094748689033,0.09406839193883774,0.6452072724756202,0.028045461123999305,0.5586271880481514,0.6195213263602802,0.1888088994665802,0.4965657329890294,0,0,-0.09873954714897475,0.023109170459658976,0.09663855865357221
2013-12-20,19.15999984741211,19.5,19.07999992370605,19.399999618530277,2016400.0,0.09398320670084687,0.09421263135002937,0.7093819988186304,0.028375366325819606,0.5672212993760624,0.6206622460815179,0.22093851999929898,0.5031987368213293,0,0,-0.1042976823414804,0.01781971456747521,0.09643606708309115
2013-12-23,19.489999771118164,19.549999237060547,19.36000061035156,19.549999237060547,731800.0,0.09484392547897635,0.09434563107601444,0.7365210577675086,0.028497136936073142,0.5812538900466775,0.6272980358821564,0.25326547336806726,0.505606013256797,0,0,-0.11958761548676666,0.0030927560372255463,0.08402067526631846
2013-12-24,19.600000381469727,19.8799991607666,19.440000534057617,19.75,423200.0,0.0958419935835535,0.09448612392547058,0.7706975954492364,0.028569246281106575,0.5835391740911468,0.634557165543213,0.298206295447883,0.5069981414167996,0,0,-0.12429669565251326,0.014322188758252577,0.09002559066833285
2013-12-26,19.86000061035156,19.93000030517578,19.6299991607666,19.809999465942383,411700.0,0.09669355556527179,0.09464347594544474,0.7807042619428547,0.02863986544293934,0.5756498243634264,0.6227957950913309,0.3419893929624606,0.5083524400072369,0,0,-0.13620255868646144,0.0035442883455302433,0.07645570779148554
2013-12-27,19.809999465942383,19.940000534057617,19.729999542236328,19.81999969482422,505200.0,0.09746270899900977,0.09475587029646802,0.7824521021195477,0.028726572983660825,0.5533078432981816,0.5984493585369058,0.3830753785234831,0.510014309445879,0,0,-0.13326600004140132,0.006562396346286327,0.08732970702796851
2013-12-30,19.850000381469727,19.90999984741211,19.71999931335449,19.81999969482422,591300.0,0.09812656102049921,0.0948514054769732,0.7824521021195477,0.028827982564032184,0.5493670922255813,0.5740575934536497,0.4199588291256255,0.5119594072270925,0,0,-0.13521697005250888,0.004540875578892829,0.08627644353189391
2013-12-31,19.799999237060547,19.90999984741211,19.690000534057617,19.76000022888184,992900.0,0.09877667872061197,0.09489636314592413,0.7526628517730681,0.02899685942023955,0.5205404938263977,0.554144729804451,0.45019830304033076,0.5086932350861033,0,0,-0.13269420793449344,0.0070636376969082475,0.09788095680769499
2014-01-02,19.90999984741211,20.31999969482422,19.75,20.059999465942383,1523100.0,0.0995733016703434,0.09503310943364472,0.8117167384072178,0.02926486668438233,0.4840031029059177,0.5688551038022219,0.4966426732468097,0.5137035148604417,0,0,-0.13866395442209023,0.020748979891854487,0.08805666755888641
2014-01-03,20.040000915527344,20.38999938964844,20.030000686645508,20.34000015258789,1599200.0,0.1005576345803037,0.09521855995205179,0.8574165622964464,0.029554865602201164,0.5107033718946007,0.5773384883699735,0.5424066094432531,0.5189641276994686,0,0,-0.14057834881604137,0.017447581427672536,0.08773670829459923
2014-01-06,20.32999992370605,20.549999237060547,20.15999984741211,20.5,1178700.0,0.10169762953629383,0.0954751937142667,0.8806470004943497,0.029772079798989493,0.5327843633887945,0.5805892596743343,0.5906875245553602,0.5228414941035214,0,0,-0.1484759309295988,0.010816092020850102,0.06833821923406355
2014-01-07,20.600000381469727,20.899999618530277,20.600000381469727,20.82999992370605,1407200.0,0.10287882920289423,0.09574868628970785,0.9226438235652196,0.030040468989635527,0.5514077129731737,0.6043087205738932,0.6461599455065519,0.5274705176071974,0,0,-0.15560978214915205,0.014634109124904898,0.06780484827553354
2014-01-08,20.76000022888184,20.940000534057617,20.600000381469727,20.809999465942383,1933400.0,0.10387231890926574,0.0960034464137632,0.9125407361188315,0.03040759760306877,0.541733700514277,0.5884055615629116,0.698757356546345,0.5211105445813253,0,0,-0.1608257510196717,0.008641397303651658,0.0508881166502561
2014-01-09,20.8700008392334,20.8700008392334,20.450000762939453,20.649999618530277,1182700.0,0.10473303768739528,0.0962600798186863,0.8319875455223446,0.030627836606384407,0.5291778082076197,0.5619903310430532,0.7277830652603283,0.5172200200661194,0,0,-0.15569446235543538,0.0033637528409734057,0.047092723084409205
2014-01-10,20.63999938964844,20.670000076293945,20.43000030517578,20.65999984741211,1015700.0,0.10580893681498729,0.0965335723941275,0.8336697500497753,0.030816905585501764,0.5669405389750797,0.5472125961258807,0.7521153282125694,0.5205611934406815,0,0,-0.13753027627368186,0.014527900724025685,0.14769981601705492
2014-01-13,20.56999969482422,20.68000030517578,19.979999542236328,20.09000015258789,824500.0,0.10653230713990938,0.0967415019256559,0.5907285616557956,0.03096059303751747,0.5520476727284562,0.5039452163139259,0.7240463364889274,0.5178489777792398,0,0,-0.1340755313757006,0.017909043657604144,0.1340755313757006
2014-01-14,20.15999984741211,20.530000686645508,20.13999938964844,20.5,1083300.0,0.10736097800383987,0.09694006505284554,0.6790140269197444,0.031158207228726698,0.5665956753015504,0.5136974606842597,0.6979822727455456,0.5214125232322899,0,0,-0.11747140828406412,0.03882532009563137,0.142359412077115
2014-01-15,20.600000381469727,21.059999465942383,20.489999771118164,20.899999618530277,1957400.0,0.10834073251559456,0.09719669845776864,0.7481184914476812,0.031530508092402376,0.5781673268227805,0.5574249072445133,0.7011089415602736,0.527851444925081,0,0,-0.13658542167849658,0.022438979730373475,0.10195122695550686
2014-01-16,20.809999465942383,20.940000534057617,20.690000534057617,20.700000762939453,925800.0,0.1092426568775745,0.09739900814669376,0.6796378800638941,0.03170248436435441,0.5495289144613126,0.5442051867857263,0.7040122768882351,0.5248060000986858,0,0,-0.14401915233592258,0.011961722706365313,0.07799048315149486
2014-01-17,20.88999938964844,21.09000015258789,20.65999984741211,20.850000381469727,1286800.0,0.11007132774150499,0.09767062779855896,0.7062698933928117,0.03194509519086636,0.5325094475532467,0.5491511727170918,0.7133433008493797,0.5290389644566522,0,0,-0.14927536418839757,0.009661872249663094,0.07777780439670548
2014-01-21,20.96999931335449,21.25,20.790000915527344,20.93000030517578,1148300.0,0.11091831219825785,0.09821574002586538,0.720386436926301,0.03216310959458962,0.5398291320079089,0.5598834896244989,0.7286485612020699,0.532816329215941,0,0,-0.13621103600131895,0.013429289281661585,0.09448446928825727
2014-01-22,21.040000915527344,21.06999969482422,20.700000762939453,21.01000022888184,1108900.0,0.11165541771779677,0.0988170496073293,0.734726535752121,0.032375129219158805,0.5335883669042234,0.5422090175586,0.7328118994908337,0.5364640865803714,0,0,-0.1342571109564738,0.010033400927410669,0.09651211280276539
2014-01-23,20.950000762939453,21.26000022888184,20.809999465942383,21.26000022888184,997800.0,0.11243830634615157,0.09937902100515374,0.777348269364932,0.03257070530858436,0.5389966064112395,0.5632411389744842,0.7450096615284199,0.5397463774075231,0,0,-0.1294622175664719,0.014754853049275034,0.10090427933315604
2014-01-24,21.190000534057617,21.190000534057617,20.649999618530277,20.899999618530277,1512800.0,0.11296480991443356,0.09993911912211044,0.6460721247626985,0.03285567743338297,0.5331982063260043,0.5226699725029798,0.7388015660525387,0.5347699797694041,0,0,-0.13922864345975453,0.0032925538132933456,0.08466600271317198
2014-01-27,20.96999931335449,21.0,20.51000022888184,20.63999938964844,1248900.0,0.11334480823309695,0.10044301988490963,0.5642787160595126,0.033083921058471855,0.5196052004043643,0.4821225547567029,0.7186302364315862,0.5306616885146137,0,0,-0.12918655047232414,0.013875642144520967,0.08995220585786033
2014-01-28,20.709999084472656,21.229999542236328,20.65999984741211,21.18000030517578,1476300.0,0.11396745641721628,0.10103308978116697,0.6691545163658504,0.03336938122573674,0.5458224862576011,0.5378771601186495,0.7121338105574524,0.5355180183884602,0,0,-0.107073602220213,0.026647343055883267,0.12160854181714126
2014-01-29,20.959999084472656,21.149999618530277,20.649999618530277,20.799999237060547,1323100.0,0.11441612896248335,0.10157445544673784,0.5633192960242256,0.0336145670318862,0.5344293242993673,0.5001123991237466,0.7050411351799637,0.5311656441717791,0,0,-0.1123701192858341,0.014164359777458153,0.09537301362880726
2014-01-30,20.959999084472656,21.440000534057617,20.920000076293945,21.15999984741211,1259700.0,0.11505708986618496,0.10223758151037897,0.6283142133858786,0.03385677311302748,0.539800015079806,0.5757661787307822,0.7126108627725563,0.535309462326683,0,0,-0.11442304077232968,0.023076993614966818,0.11057698215253488
2014-01-31,20.84000015258789,21.36000061035156,20.71999931335449,21.270000457763672,1248700.0,0.11561106382370057,0.10294379231939509,0.6469275656702923,0.03409923934710979,0.5553314205811686,0.5582482256286867,0.6988644239604611,0.5394170956759157,0,0,-0.10680530459258203,0.02835540575597439,0.10160678799783737
2014-02-03,21.18000030517578,21.40999984741211,20.549999237060547,20.770000457763672,2561300.0,0.11580793058034067,0.10360879202119579,0.5191394777987056,0.034569493548019525,0.5064164548907447,0.4855809556135008,0.6699730952615768,0.5309916281517788,0,0,-0.10061115860800678,0.012223799872412996,0.09214852102916853
2014-02-04,20.81999969482422,21.01000022888184,20.709999084472656,20.8799991607666,1723600.0,0.11598190534595273,0.10427941120830796,0.5406162536048336,0.03488886781610823,0.49326860558966207,0.4631312637939391,0.6431454328983273,0.5366614582476685,0,0,-0.08377466214584356,0.029850786016793116,0.10303318933478992
2014-02-05,20.81999969482422,21.020000457763672,20.690000534057617,21.0,1787600.0,0.11605973636896763,0.1048957066794222,0.5641976377692318,0.03522364820033069,0.5099489244351352,0.4755251435039939,0.6162136665871232,0.5425418181220085,0,0,-0.06992333061085508,0.029693527976685768,0.09770119719930306
2014-02-06,21.0,21.239999771118164,20.979999542236328,21.1200008392334,1873000.0,0.11620166409362084,0.10554197392983707,0.5877974808470685,0.035578091098847464,0.5036295728707862,0.5505493673196572,0.6054861886692917,0.5487031036694682,0,0,-0.07428568885439918,0.020952406383696057,0.06952376592726935
2014-02-07,21.479999542236328,21.700000762939453,21.01000022888184,21.36000061035156,1807500.0,0.11652672338029732,0.1062519313005887,0.6331806325386611,0.035928016115651995,0.5053073862394776,0.6254508537684238,0.6188595715780649,0.5546489251467951,0,0,-0.08759471155100942,0.010416724051186661,0.01941287079167535
2014-02-10,21.399999618530277,21.420000076293945,21.149999618530277,21.3700008392334,686400.0,0.1168517826669738,0.10689257870840026,0.635061895075129,0.036060819655008125,0.4951644114059903,0.5931149019051254,0.6312777128504974,0.5569068570206747,0,0,-0.08005613462594913,0.014044996996104417,0.02294006353542418
2014-02-11,21.32999992370605,21.59000015258789,21.32999992370605,21.540000915527344,608300.0,0.11751563556170339,0.1075294799117681,0.6674492637494546,0.03618048613042102,0.5142703900726866,0.6343444125287042,0.6503002417900781,0.558907876774289,0,0,-0.07674306622569442,0.017314030168595677,0.015442204527208445
2014-02-12,21.56999969482422,21.700000762939453,21.43000030517578,21.559999465942383,870700.0,0.11800093441937515,0.1081270425742047,0.6712928494458924,0.03635195478137604,0.4949778134600827,0.6346740472503307,0.6725505957049027,0.5617720686195496,0,0,-0.08727943736582591,0.006035332525056752,-0.0009285263191077364
2014-02-13,21.3700008392334,21.809999465942383,21.34000015258789,21.739999771118164,803300.0,0.11838551113624413,0.10876394342028074,0.7058985433186965,0.036512872665353746,0.4889903354595162,0.623327030720636,0.6976655970522918,0.5644145462918797,0,0,-0.07513918735445518,0.020408100074586533,0.013914621729673312
2014-02-14,21.729999542236328,21.809999465942383,21.399999618530277,21.649999618530277,499900.0,0.11882044848689441,0.10938773165757422,0.6723514996628694,0.03661202616501935,0.5085386545922707,0.5961774240542294,0.7209866697320102,0.5627701113505156,0,0,-0.0804967809762765,0.0036798493352486364,0.0009199842674443221
2014-02-18,21.649999618530277,21.96999931335449,21.59000015258789,21.799999237060547,685600.0,0.11925538583754469,0.11006397032999791,0.7027780024789486,0.03674996527194507,0.513048075366161,0.611215942240495,0.7492083385028232,0.5650254116021645,0,0,-0.0771362635436073,0.014780586626446093,0.030484981941856972
2014-02-19,21.729999542236328,21.850000381469727,21.489999771118164,21.71999931335449,808900.0,0.11961707056338564,0.11075894145380745,0.6712883715353435,0.03691125696407255,0.5267522101351734,0.564464012797418,0.7620329356109559,0.5623645125742199,0,0,-0.08027523216720833,0.011009164198049827,0.012385342532703594
2014-02-20,21.729999542236328,22.040000915527344,21.649999618530277,21.989999771118164,577700.0,0.12006574310865273,0.11145953242022029,0.7265721510616993,0.03702946286656772,0.5202523597207992,0.5901973863981343,0.7823613717058384,0.5642648727775127,0,0,-0.0805709049412362,0.014272623530904627,-0.00644564429439734
2014-02-21,22.059999465942383,22.11000061035156,21.75,21.81999969482422,1183400.0,0.12032212729548533,0.11205522215908088,0.6599519986307056,0.03726730322498395,0.4852616259964816,0.5712576019995141,0.804156524533286,0.5603720455928551,0,0,-0.09458844681016972,0.002273812866285157,-0.03910862719209569
2014-02-24,21.84000015258789,22.09000015258789,21.709999084472656,21.850000381469727,2227000.0,0.12075706551937579,0.1126321794465557,0.6666683496597977,0.037715218831953556,0.4756247855197793,0.5562998892752381,0.8187242244611346,0.567697823977368,0,0,-0.08524292558962598,0.012373989988080219,-0.06966088354823494
2014-02-25,24.799999237060547,24.799999237060547,23.280000686645508,23.690000534057617,3645200.0,0.12215344553543869,0.11363998168673763,0.908818299498214,0.038579085882936515,0.45341263661685594,0.8271062765546218,0.8837101179000302,0.5796888106712281,0,-1,-0.22059494785693018,0.0,-0.19725397669089073
2014-02-26,23.76000022888184,23.76000022888184,23.07999992370605,23.34000015258789,1912500.0,0.12314235684360461,0.11454475562294335,0.8078587756542946,0.03901736889440449,0.4195134827054469,0.6837884759740601,0.9297578615408373,0.5733975887761311,0,0,-0.15280712358064966,0.04390033705079772,-0.1262135797261648
2014-02-27,23.31999969482422,23.43000030517578,22.96999931335449,23.020000457763672,1584700.0,0.12415873854100412,0.11535586765951165,0.7237500861810408,0.03936962913362729,0.40505862400369097,0.6136751590127874,0.9646571669312964,0.5681846740900344,0,0,-0.12125106706103728,0.06341043412856315,-0.12896316234805566
2014-02-28,23.0,23.09000015258789,22.61000061035156,22.690000534057617,1625800.0,0.12485921774813838,0.11609205024782841,0.6442160800746697,0.0397196234020078,0.38499193007370613,0.5549342685219829,0.9724256074512252,0.562836559811839,0,0,-0.10816679937460162,0.07819284106284556,-0.1285837978111062
2014-03-03,22.459999084472656,22.56999969482422,22.18000030517578,22.440000534057617,1802100.0,0.1253948781128316,0.11678702172892973,0.5879857239605115,0.04009777571386314,0.37895752692103485,0.5030564324726576,0.9535632365271041,0.5569085017845687,0,0,-0.08594089068723797,0.10312913607364434,-0.1004847388996137
2014-03-04,22.57999992370605,22.75,22.420000076293945,22.5,1880000.0,0.1261869226643574,0.11743516190292057,0.597444589048239,0.0404935621567864,0.3846987105368106,0.5100370006464596,0.9405873300240992,0.5630928140265464,0,0,-0.09224597350978372,0.09893044832976543,-0.1229946596789482
2014-03-05,22.5,22.989999771118164,22.479999542236328,22.940000534057617,2903700.0,0.1271300517369476,0.11815823188245474,0.6630957826409698,0.04112820536048806,0.42748783220542846,0.5240277374875911,0.9344127929969301,0.5726446158653925,0,0,-0.08844443427191824,0.10222218831380209,-0.09288889567057292
2014-03-06,23.01000022888184,23.170000076293945,22.96999931335449,23.059999465942383,679900.0,0.12807317993629766,0.11884383695921726,0.6797773642405939,0.04127807226644087,0.3941660115782432,0.5381611816000375,0.9329475367805136,0.5748811658086481,0,0,-0.10897994515250349,0.07802959749374047,-0.10592851999144967
2014-03-07,23.1200008392334,23.200000762939453,22.920000076293945,23.06999969482422,565600.0,0.1289659466286262,0.11950321681841465,0.6812246630382407,0.04140275549790895,0.3920576752535481,0.5276505932654849,0.9282735762317347,0.5767417227257027,0,0,-0.11318302995654025,0.07285335805442494,-0.09843887729122741
2014-03-10,23.0,23.09000015258789,22.780000686645508,22.989999771118164,611500.0,0.12971220807133618,0.12011014588519008,0.6587376119109906,0.041536488860676735,0.39593667312732855,0.509390284377269,0.9144533279323839,0.5747301764831658,0,0,-0.10793237122048141,0.0780233749835887,-0.0710879675484511
2014-03-11,23.0,23.11000061035156,22.729999542236328,22.850000381469727,873100.0,0.1303897952874424,0.1206796104064856,0.6190602850554913,0.04172483899377516,0.3806096369214093,0.4976257593472601,0.8981650363939875,0.5718580897712133,0,0,-0.10656810732192071,0.07829487842456817,-0.062200970831337694
2014-03-12,22.76000022888184,23.21999931335449,22.6200008392334,23.21999931335449,648800.0,0.13115894784794022,0.12131651125256164,0.6814758063910723,0.04186939612940421,0.38618983735129897,0.5049044907909612,0.8830401942511905,0.5739923354002532,0,0,-0.09671776607992967,0.0892778544473483,-0.05733039142549574
2014-03-13,23.290000915527344,23.38999938964844,22.920000076293945,22.979999542236328,999400.0,0.13180906554805302,0.12190845442968672,0.6142455854158835,0.04208710638080171,0.371714034537554,0.5079486506406536,0.8748095098509792,0.5707047813286402,0,0,-0.11800179842774342,0.06503007606312718,-0.10163654953229298
2014-03-14,22.8700008392334,23.38999938964844,22.8700008392334,23.26000022888184,1001400.0,0.13250496635698164,0.12256408772714862,0.6615675897726064,0.04231049019264849,0.37042667009602015,0.5115518127428351,0.8631148245146056,0.5739989144558298,0,0,-0.10095742595245838,0.08398600680038691,-0.10879025456049723
2014-03-17,23.32999992370605,23.38999938964844,22.950000762939453,22.989999771118164,1327100.0,0.13311845774468978,0.12311294651619055,0.5885345504420044,0.04259903419638528,0.34611909987268963,0.49922762391670394,0.8522554738451162,0.5696333821279955,0,0,-0.11951851501676211,0.06319859410530891,-0.11306961027029311
2014-03-18,23.020000457763672,23.290000915527344,22.96999931335449,23.13999938964844,956500.0,0.13373194913239791,0.12363745301124333,0.6156249891312686,0.04280951434652175,0.34586718624852725,0.4987916532419886,0.8421717910805901,0.572779815457491,0,0,-0.10134841004362179,0.07742491505080608,-0.09308400688570286
2014-03-19,23.18000030517578,23.18000030517578,22.739999771118164,22.959999084472656,972600.0,0.13429965741129019,0.12409826938595934,0.5669737681911153,0.043019831223316485,0.341298751773346,0.46502366254763966,0.8119482658974893,0.5695804207306041,0,0,-0.10760587021588482,0.0700085987301047,-0.0933448532577911
2014-03-20,22.959999084472656,23.06999969482422,22.799999237060547,22.86000061035156,332200.0,0.13469796932277595,0.12447853682711228,0.5402782487438776,0.04309095375764499,0.32881260438671234,0.4467419990769796,0.7838835639417525,0.5684876395993355,0,0,-0.08623691729915435,0.08013938266366231,-0.0849302671318292
2014-03-21,22.979999542236328,22.979999542236328,22.38999938964844,22.459999084472656,986000.0,0.13499097982201322,0.12478762102445738,0.4419791375074351,0.04329413036936586,0.32822617020410827,0.36132221994090863,0.7245962658688692,0.5652441652000855,1,0,-0.08617669557114646,0.07961503264352841,-0.07042863779600617
2014-03-24,22.1200008392334,22.399999618530277,21.68000030517578,21.88999938964844,1095200.0,0.13500929254159547,0.12501990249268313,0.3292880681373619,0.04350726052404419,0.33086332807517194,0.19624304033962736,0.6880598714365527,0.5616414743663547,0,0,-0.04318794569202434,0.11932317484731869,-0.05298310697084151
2014-03-25,22.030000686645508,22.190000534057617,21.739999771118164,21.88999938964844,656000.0,0.13418519920263047,0.12525031068004117,0.3292880681373619,0.04363477657006515,0.36054848098575265,0.22755201798771482,0.6541332194636873,0.5637994045954703,0,0,-0.031978107924044985,0.12654173721562292,0.04568296152958733
2014-03-26,22.06999969482422,22.149999618530277,21.63999938964844,21.65999984741211,1095200.0,0.1334160457688925,0.1255444089877359,0.2876155232391727,0.04384249045113009,0.34917693230353597,0.248649981765958,0.6276014747408618,0.5601967137617394,0,0,-0.033348541004598546,0.12471446406377322,0.005481993722217536
2014-03-27,21.739999771118164,21.75,21.290000915527344,21.549999237060547,1023700.0,0.1327430360777517,0.12574109883405776,0.26825435557708766,0.04403417400455312,0.37710690644604994,0.24674277858648813,0.6189204749553456,0.5568292241648711,0,0,-0.020775570579913243,0.14127421456597955,0.02169895275463941
2014-03-28,21.59000015258789,21.81999969482422,21.59000015258789,21.670000076293945,936000.0,0.1322760499396622,0.1258853382452494,0.30363277804646904,0.04421141318046001,0.3933519114852245,0.3041207136758962,0.6054100249868368,0.5599082221747068,0,0,-0.0139210787787233,0.1489558792629686,0.07331786448460074
2014-03-31,21.729999542236328,21.979999542236328,21.68000030517578,21.75,733000.0,0.1319601474493969,0.12608202809157126,0.3274328815967731,0.044351210707948174,0.3731901607066168,0.3340739102718986,0.5805298631513967,0.5623194460435204,0,0,-0.02030450508351978,0.14167049764723663,0.047992658600175105
2014-04-01,21.799999237060547,22.34000015258789,21.799999237060547,22.309999465942383,1449100.0,0.1318731596299708,0.12635552066701244,0.4732056444950419,0.04464305319124412,0.41907014696309663,0.38853023205859655,0.5326805723685959,0.5670863007615257,0,0,-0.023448198691181754,0.13793103448275862,0.02712644379714456
2014-04-02,22.32999992370605,22.32999992370605,21.96999931335449,22.0,608000.0,0.13144279980428597,0.12655595707506978,0.4043056432701535,0.04476165825311634,0.36130729199121836,0.38883648570290474,0.4882490880702806,0.5650862678662477,0,0,-0.046615823983605705,0.11071265676743314,0.0004482397633897512
2014-04-03,21.96999931335449,22.06999969482422,21.3799991607666,21.59000015258789,1076000.0,0.13076979098638533,0.12666460486435754,0.32511743432452267,0.04496271949958225,0.3541291838410068,0.34854010809254155,0.4775349749487831,0.561546735966052,0,0,-0.03090901808305204,0.1286363601684572,0.014999996532093557
2014-04-04,21.770000457763672,21.770000457763672,20.989999771118164,21.200000762939453,1453400.0,0.1299136506064614,0.12665336553644274,0.26068643622983934,0.045222806855179876,0.3396693819557093,0.3216467595209026,0.48315865226520666,0.5567657362785572,0,0,-0.03612786851008951,0.1403426937416526,0.04492817538207488
2014-04-07,21.15999984741211,21.15999984741211,20.0,20.31999969482422,2758000.0,0.12869124622925074,0.12654471774715503,0.14873840762647128,0.04566777396274718,0.310120717914497,0.2574218289007701,0.5167692656286378,0.5476932186384644,1,0,-0.05471697196539494,0.17169807823835848,0.08726416579681393
2014-04-08,20.309999465942383,20.61000061035156,20.209999084472656,20.489999771118164,858000.0,0.12761076870345311,0.12651661924872215,0.19143461824748875,0.04580871889518845,0.32363856128652313,0.2740737057957301,0.5479791208946809,0.5505156334808138,0,0,-0.015255879458568294,0.16978350466305464,0.16633863774004715
2014-04-09,20.6299991607666,20.81999969482422,20.450000762939453,20.770000457763672,1045600.0,0.12648908734028538,0.1264398165196028,0.2592648202064123,0.045985964847540695,0.32596062554999133,0.3129533846264318,0.5626393476403875,0.5539551637362456,0,0,-0.03074666509536138,0.13665208275677693,0.17032707259402488
2014-04-10,20.75,20.75,20.229999542236328,20.309999465942383,1306400.0,0.12526668296307472,0.12634802790083316,0.20086575522218414,0.04619541274614625,0.3227035729714951,0.3041959655175659,0.5823948640901688,0.5496577246336288,0,0,-0.03610977291623774,0.12710637127894858,0.16851227360910942
2014-04-11,20.09000015258789,20.34000015258789,19.93000030517578,20.040000915527344,1336400.0,0.12379247279723707,0.12613822544572878,0.16991521595690606,0.04640230490249103,0.2999319384198513,0.2925616144937748,0.6085311193548866,0.5452615996973634,1,0,-0.007877885357919943,0.16248150289685054,0.21713441474024606
2014-04-14,20.239999771118164,20.290000915527344,19.989999771118164,20.18000030517578,1081800.0,0.12250597259162832,0.12593404247593587,0.20495831682971694,0.046572461283260314,0.32787368804538664,0.3163026768993225,0.6328004992435527,0.5488202108587312,0,0,-0.01546903451996301,0.15718560252607583,0.1716567054341921
2014-04-15,20.280000686645508,20.34000015258789,19.61000061035156,19.81999969482422,1384800.0,0.12098597931697477,0.12575608472370808,0.16231714601243658,0.04678027229430648,0.3147018730458664,0.31557306795555373,0.6647366564858783,0.5442648727775128,0,0,-0.03320119257491323,0.15411291654962356,0.17938547458576148
2014-04-16,20.020000457763672,20.5,19.899999618530277,20.40999984741211,1115500.0,0.11981851484499118,0.12566804266667392,0.2994102546499946,0.04696015058651576,0.3305779809516614,0.35689472436407593,0.6823381967375344,0.5479343410253458,0,0,-0.02068616820005199,0.1700302211793075,0.1866800662240692
2014-04-17,20.31999969482422,20.690000534057617,20.21999931335449,20.57999992370605,565400.0,0.11877466363159822,0.12558936665668685,0.3349277959285346,0.047053086661239696,0.3404448936004622,0.38484965120752507,0.6847942754416161,0.5497942400368426,0,0,-0.03478682458504204,0.15041644869063944,0.1680548912699129
2014-04-21,20.670000076293945,20.86000061035156,20.43000030517578,20.850000381469727,969000.0,0.11803755898529947,0.1255387891451326,0.38964382290683686,0.04721727005074394,0.37452014120433985,0.41062137954230066,0.6750787486070529,0.5529817924636918,0,0,-0.051506291053061454,0.1321671197005854,0.140913490246896
2014-04-22,20.940000534057617,21.450000762939453,20.8799991607666,21.36000061035156,832300.0,0.1177949099930837,0.1255387891451326,0.48217370611670174,0.047366338573254896,0.3953765131144817,0.46484674336288245,0.630293060022252,0.5557196664418822,0,0,-0.06378896399868103,0.11750593816622858,0.1458033070771781
2014-04-23,21.290000915527344,21.63999938964844,21.290000915527344,21.56999969482422,1842100.0,0.11764840474346502,0.12557625369061254,0.5168276198276104,0.0477031783794144,0.4222942669794457,0.49605961544755434,0.5788299223112816,0.5617793055806838,0,0,-0.07865169743308047,0.09831453249600511,0.13249062934645095
2014-04-24,21.63999938964844,21.65999984741211,21.3700008392334,21.450000762939453,1336700.0,0.11755226100086788,0.1255593945200944,0.49368882059439423,0.04794401402583509,0.43063213574581155,0.4983342809998081,0.5299880976496361,0.557382193786082,0,0,-0.09411213759933366,0.0811312018896281,0.11033848408844987
2014-04-25,21.350000381469727,21.459999084472656,20.850000381469727,20.93000030517578,920000.0,0.11726840729804183,0.1254413806837597,0.40111993724008554,0.04810030761534956,0.41411852043269615,0.45671158450493277,0.5078704005032915,0.5543558282208588,0,0,-0.0811188675631414,0.09510484548342545,0.12494173472507238
2014-04-28,21.020000457763672,21.049999237060547,20.09000015258789,20.3700008392334,1175900.0,0.11667322950315609,0.12518474727883655,0.31774808353262685,0.04828711771191335,0.40994874527013675,0.39779019642825225,0.5129781997053033,0.5504876724946134,0,0,-0.06736740692084146,0.1132345388116737,0.1356904018718807
2014-04-29,20.530000686645508,20.88999938964844,20.270000457763672,20.700000762939453,799600.0,0.11619250904368994,0.12500678988390057,0.38072987732798724,0.04841907083744135,0.4241902915048656,0.4158782020542394,0.5177211561071713,0.5531179789141268,0,0,-0.04516445942024674,0.1354933782607397,0.1512027391660119
2014-04-30,20.59000015258789,20.899999618530277,20.420000076293945,20.8799991607666,1138100.0,0.11553781294537158,0.12483445197427608,0.41373663275750816,0.04861059772278914,0.41921248677603845,0.4371838224719402,0.5214963830108246,0.5568617904899751,0,0,-0.047342971309976375,0.12512077570668187,0.12077294240857765
2014-05-01,20.850000381469727,21.25,20.709999084472656,21.020000457763672,1116500.0,0.11508914040010448,0.12470332552915879,0.4394222020885059,0.04880122859740643,0.4328769412982959,0.48846650313252515,0.5036041395070128,0.5605345482655965,0,0,-0.05938696460525344,0.10632181046854916,0.1273946338278709
2014-05-02,21.030000686645508,21.280000686645508,20.989999771118164,21.01000022888184,840500.0,0.11482359941686068,0.12451974829161945,0.4376026146382843,0.048944396227736886,0.4267057377331161,0.5163292113191271,0.4852175530925363,0.5577697001595421,0,0,-0.06755471195860399,0.09276873516292404,0.11703135256422238
2014-05-05,20.920000076293945,21.479999542236328,20.790000915527344,21.3700008392334,1295600.0,0.11490143043987561,0.12443545279632086,0.505211926974163,0.0491737462095308,0.458287237447339,0.5408724098234778,0.4681442942790938,0.5620316123620454,0,0,-0.06235123520567925,0.07044262380358374,0.13469775787130814
2014-05-06,21.25,21.350000381469727,20.8799991607666,20.93000030517578,1606300.0,0.11518070661773622,0.12426311488669638,0.42246869982765356,0.04944401290976713,0.4577142684412451,0.5043033349015278,0.4522905539523258,0.5567476438757216,0,0,-0.07674306622569475,0.05100608843153382,0.11932611777810405
2014-05-07,21.61000061035156,23.15999984741211,21.600000381469727,23.030000686645508,3692200.0,0.1163435935647544,0.12413948120775832,0.6953217763487155,0.05021162199184981,0.5132938661366356,0.7051396729713377,0.4537162292763081,0.5688932383756311,0,0,-0.09555661590245748,0.07405634087244858,0.11132345388116752
2014-05-08,22.88999938964844,23.030000686645508,22.13999938964844,22.190000534057617,2121000.0,0.11699371126486716,0.12392405891005064,0.5665772729573229,0.050616900944064014,0.4595024346031178,0.6407389681822293,0.4550400706485774,0.5619161499366765,0,0,-0.1424228693661684,0.011723857998850798,0.02952671666962181
2014-05-09,22.1299991607666,22.3799991607666,21.940000534057617,22.209999084472656,996800.0,0.1178635868394079,0.12377232637538794,0.5687105309758586,0.050807376590283226,0.4824970940416207,0.5861703683423699,0.44572775643621104,0.56519515123604,0,0,-0.11356460071045528,0.04641733491915171,0.059936903636606344
2014-05-12,22.36000061035156,23.299999237060547,22.26000022888184,23.170000076293945,1177200.0,0.1192965922946353,0.12386224171328981,0.6624983278950602,0.05105359647094282,0.5130395104135724,0.6376349099394549,0.46271486424472247,0.5690675833484102,0,0,-0.12381810505893115,0.04232321771531072,0.056280956844968706
2014-05-13,23.11000061035156,23.290000915527344,22.76000022888184,22.770000457763672,1033000.0,0.12048237035944126,0.12392405855275886,0.6034290677793124,0.05126147156905103,0.4869641380314683,0.6081588316149484,0.47848860720976877,0.5656695011431109,0,0,-0.15105740131528853,0.008200199658323795,0.04315925751865386
2014-05-14,22.68000030517578,22.790000915527344,22.239999771118164,22.38999938964844,1346300.0,0.12165899162783606,0.12390345282050523,0.5500994317906918,0.05152223525165811,0.4864784290496947,0.5473461463057911,0.46691191936625326,0.5612408098817414,0,0,-0.13482651001781046,0.027228762381222106,0.0676328053236217
2014-05-15,22.31999969482422,22.450000762939453,21.959999084472656,22.34000015258789,1229200.0,0.1225426023969936,0.123791058469482,0.5430512560702667,0.05175876304720245,0.48437335250922314,0.5163376421197867,0.44348691358383546,0.5571973223243802,0,0,-0.12103613927410702,0.04376952072135432,0.08128627710752248
2014-05-16,22.290000915527344,22.420000076293945,22.0,22.299999237060547,905100.0,0.12333006855031384,0.12364869233915811,0.537072489087748,0.051932004148572464,0.4861453149552995,0.5068109578783055,0.42173512250016204,0.5542199707232026,0,0,-0.11996420263521487,0.04521030951811358,0.10743059991663674
2014-05-19,22.31999969482422,23.25,22.26000022888184,22.739999771118164,1190700.0,0.12419536572664894,0.1235868754996891,0.5894192358523471,0.0521695800626813,0.466626614934387,0.5431639127490644,0.4269150865562726,0.5581368114607148,0,0,-0.12152462677975749,0.04394616931679796,0.11748883089104317
2014-05-20,22.739999771118164,23.1200008392334,22.5,23.01000022888184,5613900.0,0.12495078396577011,0.12359062206142464,0.6197489097900758,0.05331368879957277,0.5286870557767749,0.5428729321204688,0.431725053179804,0.5766038915113735,0,0,-0.1376428844446157,0.02462618608526251,0.09234830266519682
2014-05-21,23.020000457763672,24.0,23.01000022888184,23.690000534057617,2284400.0,0.1259213825543538,0.1237479740813988,0.6887940035266841,0.053806369709328394,0.5235737847116106,0.5839975887167596,0.45744353900560436,0.584118488790934,0,0,-0.1481964282265381,0.042590157865632965,0.09213380750964859
2014-05-22,23.63999938964844,24.299999237060547,23.63999938964844,24.1200008392334,2801100.0,0.12714378693156445,0.1239165657865796,0.7272221686916057,0.05443134417079121,0.5616439083941078,0.5998846575529285,0.48736477508425774,0.5933327850787019,0,0,-0.1701139167769628,0.027859849410440736,0.0552976506441064
2014-05-23,24.049999237060547,24.32999992370605,23.86000061035156,24.25,770500.0,0.12866378020621796,0.12415446709740864,0.7385348316475876,0.054604767136893884,0.5857754372141729,0.5956577202976234,0.5157558102347177,0.5958673662395763,0,0,-0.18407953864939017,0.011608651612899507,0.0037313494799511224
2014-05-27,24.299999237060547,24.709999084472656,24.25,24.5,1097700.0,0.13055461500312365,0.1243867485656344,0.7603490826795095,0.05485672997400226,0.5976778448863559,0.6065895406181783,0.5496763529435522,0.5994782808927778,0,0,-0.19340200522511292,0.01690721020256121,0.0
2014-05-28,23.700000762939453,23.86000061035156,23.3700008392334,23.68000030517578,1784100.0,0.13191894623174732,0.12451600208717574,0.611708211172171,0.055237928129145464,0.6010082741504521,0.5345869556472688,0.5380688373305842,0.5936094343656968,0,0,-0.1669387817382814,0.04122442128706952,0.03755102352220185
2014-05-29,23.71999931335449,23.93000030517578,23.57999992370605,23.899999618530277,1210100.0,0.13330159105319342,0.12465836821749961,0.6350484370082421,0.055501019991918754,0.6001826777551499,0.5391673874562692,0.5291198288691683,0.5975900919423016,0,0,-0.16131755260109804,0.041807422228021744,0.01646964915417788
2014-05-30,23.940000534057617,23.940000534057617,23.38999938964844,23.71999931335449,1945500.0,0.13453772975178072,0.1248007343478235,0.6040785246998293,0.05591658113429637,0.6047305535740172,0.5218195596210177,0.5122447501962473,0.5911903156301912,0,0,-0.16108788464099905,0.03221751308389309,0.0062761347667125034
2014-06-02,23.75,23.950000762939453,23.56999969482422,23.75,953700.0,0.1357921820431904,0.1249674524148447,0.6076709503424217,0.05612046560631717,0.6184416796066038,0.5203370926492352,0.49688059098794485,0.5943275382818796,0,0,-0.15430016666785945,0.040472137953738115,0.006745356325623019
2014-06-03,23.670000076293945,23.850000381469727,23.3700008392334,23.56999969482422,962300.0,0.13679940607093857,0.12517538194637312,0.5743019058419896,0.05632268894080911,0.5972376935673123,0.4976251551486502,0.4730487192286306,0.591162025691212,0,0,-0.15073683889288653,0.043789431923314144,0.010105253520764803
2014-06-04,23.56999969482422,24.1200008392334,23.3700008392334,23.979999542236328,1064100.0,0.13819578521376127,0.12556688871544086,0.6270476073143207,0.05655422117718051,0.6365055670929911,0.5120972528134725,0.4600514767125056,0.5946624122107271,0,0,-0.14764529432728452,0.04836654240172825,0.014425123334327064
2014-06-05,24.15999984741211,24.299999237060547,23.739999771118164,24.1200008392334,802100.0,0.13869481926604985,0.12598462105936548,0.6443012208061515,0.05673065361514762,0.579772550907334,0.5283643466216386,0.45385795055948414,0.5973009424497113,0,0,-0.16972476115588192,0.022935748438686378,-0.002085039116555696
2014-06-06,24.239999771118164,24.299999237060547,23.93000030517578,24.020000457763672,1036200.0,0.13953264692639153,0.12642670533998746,0.6233469105001076,0.0569563765995475,0.6072321732215346,0.5250406358939427,0.4481068191316783,0.5938923337554893,0,0,-0.17205636294091323,0.019485874668378745,-0.019071271495332016
2014-06-09,24.209999084472656,24.270000457763672,23.959999084472656,24.030000686645508,1118000.0,0.14036589706176777,0.1268912686337308,0.6247498243204627,0.05719980493811794,0.5901610416445057,0.5211271707874305,0.4427664828058589,0.5975700258227931,0,0,-0.1715236824882371,0.020815986281065683,-0.00749368835956745
2014-06-10,23.8700008392334,24.049999237060547,23.729999542236328,23.86000061035156,714000.0,0.14068179955203303,0.12730150785418431,0.5860929448077419,0.05735281757847188,0.5694883246835475,0.49282020366357554,0.42410185050156296,0.5952213029819569,0,0,-0.14981274567629954,0.034956230596617524,0.005409869207321647
2014-06-11,23.57999992370605,23.799999237060547,23.530000686645508,23.61000061035156,713600.0,0.14106637626890203,0.1276499302351689,0.5311125987259738,0.05750226771185696,0.5837875059592146,0.46031958781360355,0.39545401261014484,0.592873895952236,0,0,-0.13243921905187017,0.047359561268257466,0.026403987621579635
2014-06-12,23.600000381469727,23.600000381469727,22.8799991607666,23.09000015258789,1150600.0,0.1413868571573729,0.1277960429272283,0.4298284601560348,0.05773176135923841,0.5864823403415276,0.3882940417589102,0.36794806234051886,0.5890889652790341,0,0,-0.12240581204093572,0.047013920978734,0.017365516171666373
2014-06-13,23.149999618530277,23.709999084472656,23.149999618530277,23.51000022888184,2513800.0,0.1419225175220661,0.12807890190700827,0.5049112931369959,0.05825175983641989,0.5873143963517269,0.41339417434222375,0.33693077334977745,0.5973581802332275,0,0,-0.1022086915291089,0.06756169145228598,0.03508009790340325
2014-06-16,23.459999084472656,23.690000534057617,23.3700008392334,23.489999771118164,1293500.0,0.14246733468317052,0.1284348170541721,0.5009783603670409,0.05851822138178331,0.5728528617721942,0.4052212256705068,0.3081290050012317,0.5931031760390796,0,0,-0.1135686151829655,0.05316886379543227,0.012760575988452537
2014-06-17,23.420000076293945,23.770000457763672,23.309999465942383,23.75,1537600.0,0.14292974242305442,0.12891249259940618,0.5465708269614913,0.05884187756606646,0.6021300518641756,0.41152422127794663,0.277010749290148,0.5981611539663481,0,0,-0.10813115965417633,0.05491694426343985,0.018305675153921574
2014-06-18,23.739999771118164,23.809999465942383,23.309999465942383,23.799999237060547,1416500.0,0.1432914271488954,0.12956437933513248,0.5552875601168672,0.059140823519938046,0.5561391982373532,0.4037973478359753,0.245847030546754,0.6028207700784551,0,0,-0.09010523745888158,0.04084207635176809,-0.022315818385074012
2014-06-19,23.8700008392334,23.96999931335449,23.59000015258789,23.940000534057617,1785000.0,0.14340588448431496,0.13021064658554737,0.5802346088237318,0.05952145554299215,0.5693426413721802,0.45740279943815676,0.2200744542461685,0.6086925771805457,0,0,-0.08109245239682406,0.03529404504901165,-0.09537817355174132
2014-06-20,23.979999542236328,23.979999542236328,23.43000030517578,23.56999969482422,20953100.0,0.1431540778224478,0.13073515308060013,0.4944779408892208,0.0637855150506017,0.33432130093603885,0.40874602395442305,0.1933221687176086,0.5397667724798104,0,0,-0.08521298925104699,0.030492879112421628,-0.10066832889095328
2014-06-23,23.61000061035156,23.739999771118164,23.43000030517578,23.459999084472656,1419800.0,0.14279239222336668,0.1313252229768575,0.4704695669435105,0.06406767807261377,0.30070863081186744,0.37775058933817146,0.168480760726803,0.535096300926002,0,0,-0.07000430832594494,0.04666943098699522,-0.08909632620533561
2014-06-24,23.459999084472656,24.020000457763672,23.38999938964844,23.61000061035156,2689200.0,0.14238492438870984,0.13199396888310194,0.5020424415537609,0.06460818945056113,0.2822784101998628,0.4316964120550761,0.15582866863409367,0.5439424990542607,1,0,-0.0639386214210382,0.05328218451753183,-0.09548166489915783
2014-06-25,23.51000022888184,24.1299991607666,23.51000022888184,24.11000061035156,1672200.0,0.1425817911453499,0.13273015147141864,0.5960761993550482,0.06495872827008714,0.3044602017414499,0.5233907521536757,0.1503348333232722,0.5494432474218326,0,0,-0.06565019501649659,0.05082587143452634,-0.10207538268150122
2014-06-26,24.059999465942383,24.420000076293945,23.93000030517578,24.21999931335449,2926000.0,0.14272829639496853,0.1335543761167695,0.6147961575469826,0.0655762893000183,0.2950012433050208,0.6047428583224446,0.16054761325229838,0.5590684057303573,0,0,-0.0871008016718215,0.026959751226683835,-0.1240149189309608
2014-06-27,24.059999465942383,24.32999992370605,23.979999542236328,24.13999938964844,13637800.0,0.142920584753403,0.1342530938023146,0.5935334009961833,0.0684064526718724,0.2633228998478272,0.5706512735555552,0.17003090890067984,0.5142064836592707,1,0,-0.08505365501007817,0.0268373095358378,-0.12345168686563628
2014-06-30,24.18000030517578,24.700000762939453,24.1200008392334,24.690000534057617,2155700.0,0.14335094457908787,0.1350229947316675,0.6842677063796362,0.06887108604507636,0.30666118771867507,0.6396145334224317,0.19652717403309777,0.5212977187124788,0,0,-0.07953604493947353,0.021955210965089986,-0.1358740998167553
2014-07-01,24.780000686645508,25.239999771118164,24.75,24.940000534057617,2624100.0,0.14397817116141282,0.13578914909928486,0.719571786788673,0.06944693769988775,0.29794518260795855,0.7000687038457811,0.24117335114551403,0.52992976858172,0,0,-0.09234510479254358,0.018630987222463976,-0.1393276816382587
2014-07-02,25.01000022888184,25.280000686645508,24.809999465942383,24.84000015258789,943500.0,0.144371904674693,0.13644103583501122,0.6909732754810255,0.06965184122623946,0.26765328612436634,0.647245718671889,0.2839388006236976,0.5268260991134722,0,0,-0.08540501293119648,0.010826000480431447,-0.14875705342327405
2014-07-03,24.90999984741211,25.13999938964844,24.799999237060547,25.13999938964844,1282100.0,0.14483888993954233,0.13710978174125565,0.734169939933467,0.06993686104400032,0.2878961968090511,0.6193347496083169,0.32276766547756425,0.5310436026908337,0,0,-0.08172305451592429,0.014895363806785277,-0.13888891874986659
2014-07-07,25.01000022888184,25.239999771118164,24.90999984741211,24.950000762939453,1346500.0,0.1452646713670216,0.13776541503871753,0.6787446898174613,0.07023111194463555,0.2779749681186011,0.5926140510789859,0.36244550074297216,0.5266142535239066,0,0,-0.08472558153650074,0.01073987527123182,-0.12887827564754273
2014-07-08,24.88999938964844,24.950000762939453,24.100000381469727,24.13999938964844,2004900.0,0.1453150320008029,0.13836672426288965,0.485769397082355,0.07063909005973817,0.25351344312082613,0.49605918887680517,0.33845920707274363,0.520019079261172,1,0,-0.08056112895465234,0.015631314030914653,-0.12785565247145758
2014-07-09,24.239999771118164,24.440000534057617,24.09000015258789,24.299999237060547,1506300.0,0.1455164762824084,0.1391029064939146,0.5150175791081938,0.07094931233052476,0.26236018091854685,0.4761946317709358,0.31557814876643825,0.5249740949686672,0,0,-0.05633805487728178,0.04308206055602927,-0.1027340350016654
2014-07-10,23.850000381469727,24.649999618530277,23.850000381469727,24.6200008392334,2121300.0,0.1459788840222923,0.1398372158013636,0.5706129965866289,0.07139747032044175,0.30816619825979913,0.484912558469495,0.2798826524213174,0.5319521702659583,0,0,-0.03991774696123247,0.05884775103181285,-0.09711936973036055
2014-07-11,24.56999969482422,24.56999969482422,24.06999969482422,24.11000061035156,1326600.0,0.14644587016038182,0.140442271944563,0.46598580703941694,0.0716650005252627,0.29525708621522473,0.4616597582191256,0.24673683438656224,0.5275882827020181,0,0,-0.06864339871851277,0.028838382112882033,-0.11575955663364923
2014-07-14,24.25,24.34000015258789,24.059999465942383,24.09000015258789,1028000.0,0.14671141114362565,0.14101735595117004,0.4621216555152242,0.0718716555063042,0.2642319493573533,0.4427391227924079,0.21531694830668396,0.5242066481356601,0,0,-0.05682292843431918,0.04272089011077337,-0.10700953373673243
2014-07-15,24.25,24.25,23.729999542236328,23.90999984741211,719700.0,0.14690369950206011,0.1415605948976087,0.42661080224795933,0.07201385813842409,0.26630450389093513,0.4037794481332525,0.20506029456709274,0.5218391749864306,0,0,-0.05687010504589909,0.04275635866008324,-0.10294726137516906
2014-07-16,24.01000022888184,24.15999984741211,23.75,23.90999984741211,1766200.0,0.14697695212686945,0.14203639716197497,0.4266108022479592,0.07236232287052868,0.2298782598255775,0.3948933505408419,0.19553625895175802,0.5276491389661013,0,0,-0.0472606054088931,0.05311587059257662,-0.08950227533690525
2014-07-17,23.790000915527344,24.170000076293945,23.670000076293945,23.90999984741211,2392700.0,0.1470273136338909,0.1425946219980639,0.4266108022479592,0.07283323748951953,0.2002844363988622,0.38618270596104465,0.19151079706186175,0.5355199921051332,0,0,-0.03805946300996049,0.06231701299150923,-0.07737350034613073
2014-07-18,24.0,24.26000022888184,23.959999084472656,24.11000061035156,1588000.0,0.1471051446569058,0.1427969316869891,0.4744304440361522,0.07315072951203522,0.16972262449877945,0.41889176042800974,0.180522640122115,0.5407437622329314,1,0,-0.04684236078548622,0.0535341152159835,-0.08531998864684821
2014-07-21,24.0,24.11000061035156,23.670000076293945,23.780000686645508,978300.0,0.14720128927274312,0.1430947765564194,0.3990788073547251,0.07334025249787995,0.36891156431782257,0.36550992850552344,0.18786939593233065,0.5375256171976512,0,0,-0.04645378726172779,0.053090031283364765,-0.053504806423500695
2014-07-22,23.8799991607666,24.209999084472656,23.84000015258789,24.030000686645508,923800.0,0.14746225273102148,0.14343570617122464,0.45901051427914286,0.07352314656695852,0.392699353675431,0.39218617085578705,0.1863348452928814,0.5405644829684698,0,0,-0.042052143445125506,0.05887306498965436,-0.05592934757369299
2014-07-23,24.1299991607666,24.200000762939453,23.950000762939453,24.0,826000.0,0.1476408058948392,0.14359118491033107,0.4518704535383963,0.07368606723404647,0.39911231178249695,0.3909005850758338,0.1849099054133928,0.5378473330153456,0,0,-0.052018308958878975,0.047856907741080965,-0.06783183995797643
2014-07-24,24.040000915527344,24.36000061035156,23.989999771118164,24.209999084472656,1245500.0,0.1476865881304149,0.14386093092403673,0.5023204987275793,0.07393610233215958,0.37209761442422945,0.4168629994830863,0.1697574561278845,0.5419444398756558,0,0,-0.04833340644836426,0.0516666571299235,-0.05541674296061198
2014-07-25,24.1299991607666,24.270000457763672,23.86000061035156,24.01000022888184,690400.0,0.14759044438781774,0.1441643956360703,0.45132629753354103,0.0740720784512473,0.35740491781563727,0.3879719591183738,0.16484622152076617,0.5396733498906231,0,0,-0.0404791234736088,0.04750109745425278,-0.05121849723296552
2014-07-28,23.959999084472656,24.020000457763672,23.6299991607666,23.959999084472656,784500.0,0.14750803496659723,0.14446785999081213,0.4386939792730167,0.0742257542810893,0.3922146738301643,0.354892326614523,0.17509094154015525,0.5370927153407128,0,0,-0.027072037165096867,0.05497715908328106,-0.04623068273309313
2014-07-29,23.96999931335449,24.1200008392334,23.709999084472656,23.76000022888184,1048500.0,0.147082253539118,0.14474135292354512,0.3888424387189814,0.07442718523616082,0.3337787000380706,0.36025057640904196,0.1754018333157925,0.5336436454546949,0,0,-0.0275459045338537,0.0546745168341834,-0.01460761633951429
2014-07-30,23.88999938964844,23.90999984741211,23.600000381469727,23.850000381469727,737300.0,0.14658321948682942,0.14494928245507355,0.4149954310277393,0.07456986500790186,0.35494347124311704,0.3469417461191135,0.1828637891549153,0.5360690142929981,0,0,-0.024410770964599163,0.058501737525550566,-0.0164141155678261
2014-07-31,23.68000030517578,23.739999771118164,23.15999984741211,23.209999084472656,1299800.0,0.1458369571708793,0.14498674700055342,0.27573582101069893,0.07480628216256668,0.3498066766795743,0.2545010143566752,0.21393966393764213,0.5317932860737841,0,0,-0.021802953855199373,0.06708596879993545,-0.010482180125843421
2014-08-01,22.200000762939453,22.3799991607666,21.489999771118164,21.600000381469727,5310300.0,0.14421624175542302,0.14459524023148573,0.07789404590969473,0.07561663580580857,0.2424605762933438,0.0,0.28986173636048757,0.5143249066596489,0,0,-0.030590306756895794,0.1327014237482911,0.053856098634499396
2014-08-04,21.59000015258789,21.790000915527344,21.459999084472656,21.56999969482422,2649100.0,0.14266877809153589,0.14411756432895984,0.07532095520372611,0.07601760551917258,0.24524673207687048,0.11869148117909178,0.3608843903180062,0.5056106185957006,0,0,-0.006018567862006155,0.1708333550411974,0.1300925655701857
2014-08-05,21.51000022888184,21.68000030517578,21.34000015258789,21.51000022888184,1844700.0,0.14146468730714765,0.14360429716182183,0.069898305061048,0.07629413029200888,0.2821733841173235,0.2124799484783419,0.42899606645885296,0.49954242668464943,0,0,-0.00788132029203231,0.174779810435894,0.1256374187674616
2014-08-06,21.3799991607666,21.559999465942383,21.15999984741211,21.21999931335449,1464500.0,0.14005457296970808,0.1429898749715754,0.044062648960703554,0.07650572522126686,0.25520530676855957,0.25559029325220556,0.49544429968436204,0.4947249132387046,0,0,-0.010227768991796449,0.18131108713993915,0.14411903061290088
2014-08-07,21.21999931335449,21.36000061035156,21.01000022888184,21.100000381469727,1561900.0,0.13844301347742285,0.14250657958373797,0.03369580959630214,0.07672768272846431,0.19988581801279975,0.2848386358533928,0.5597513994373773,0.4895869997861807,1,0,-0.00989628139810963,0.19132900587493978,0.15362866797220898
2014-08-08,21.049999237060547,21.1299991607666,20.81999969482422,21.06999969482422,1427500.0,0.13705121185956554,0.14197645324608194,0.03101246004149305,0.07692943249829792,0.2403309602813054,0.3062623752804105,0.62266913073681,0.4848911988684024,0,1,-0.010900452041617804,0.20047399872560187,0.1364929391491616
2014-08-11,21.15999984741211,21.209999084472656,20.979999542236328,21.06999969482422,902300.0,0.13566856703811944,0.141480045249462,0.03101246004149305,0.07705678290633544,0.25276503585807797,0.33223039766069107,0.6738695732023492,0.4878593397917729,0,0,-0.016136694708705223,0.19553872325140395,0.12387283569789045
2014-08-12,21.0,21.32999992370605,20.8799991607666,20.899999618530277,1936200.0,0.13429050061487896,0.1409461723500704,0.014416060766356598,0.07732380393555643,0.22140041972322697,0.3450081429606349,0.7104807696534121,0.48149015608809353,1,1,-0.00854296667218262,0.20313245128792654,0.14475554253613823
2014-08-13,20.950000762939453,21.36000061035156,20.81999969482422,21.34000015258789,1391400.0,0.13311387934648417,0.1405284403634376,0.16320804688098195,0.07752610872617538,0.25547709416498554,0.3632161332105611,0.7459437856918123,0.4860672050527146,0,1,-0.006220146913302971,0.20717703362381915,0.1311004699104796
2014-08-14,21.31999969482422,21.459999084472656,21.13999938964844,21.299999237060547,1171600.0,0.13191894448526698,0.14002641252421438,0.1576974145967665,0.0776953774835587,0.25742304767600444,0.37759165121728416,0.7692304847327904,0.48221319429595877,0,0,-0.02343017790181999,0.18369259832543014,0.13495787476674306
2014-08-15,21.440000534057617,21.559999465942383,21.200000762939453,21.459999084472656,974400.0,0.13070569603122736,0.1395281308894349,0.20955518037499665,0.07783872421733856,0.26622775420722233,0.38905908092758534,0.7812076722708532,0.48541851017286464,0,0,-0.02910802166389937,0.17840372643999006,0.13474173871758469
2014-08-18,21.540000915527344,21.84000015258789,21.540000915527344,21.770000457763672,785000.0,0.12978545894966517,0.13910665234106656,0.3028086106021176,0.07795837072508993,0.28468520568492944,0.40996899591403924,0.7671206881858672,0.48800078948666914,0,0,-0.033550850485547346,0.15890027925860484,0.11556382330093981
2014-08-19,21.790000915527344,21.899999618530277,21.65999984741211,21.700000762939453,692800.0,0.12871871661848436,0.13867018790304786,0.28955860106023923,0.07806302162066198,0.2747870267475446,0.41627202549355014,0.748923296766252,0.48572180463494463,0,0,-0.04455678458000219,0.1313733873617349,0.08130447924652283
2014-08-20,21.61000061035156,21.81999969482422,21.520000457763672,21.76000022888184,808100.0,0.12769317899791377,0.13827680785311242,0.3080077379953331,0.07818583541378266,0.29472161654918255,0.41735905398252743,0.7384443152399134,0.4883800720406586,0,0,-0.03640557086415179,0.140092115267139,0.08986169525492126
2014-08-21,21.76000022888184,21.770000457763672,21.46999931335449,21.489999771118164,1032000.0,0.1264478835029153,0.1378796812414414,0.25461744570347855,0.0783376165836358,0.27174626580439754,0.41335215952195925,0.7310027335703664,0.4849852793631474,0,0,-0.04319855350047134,0.12913600351036275,0.10937496028183177
2014-08-22,21.440000534057617,21.850000381469727,21.36000061035156,21.71999931335449,734800.0,0.12539945389131668,0.1376230474792265,0.32636614820466314,0.0784485440203549,0.2825247875540997,0.4238076485389978,0.7291626185569267,0.4874024243819799,0,0,-0.028850667558715317,0.13587715716117985,0.12331315247810211
2014-08-25,21.799999237060547,21.90999984741211,21.59000015258789,21.670000076293945,590500.0,0.12435102515295826,0.13727837165997747,0.3156283694799975,0.07853710120829127,0.2654794670419335,0.43989674795207423,0.7212978251870688,0.48545995822299703,0,0,-0.045119685691416105,0.11786378702677958,0.09069987490708044
2014-08-26,21.700000762939453,21.86000061035156,21.61000061035156,21.770000457763672,788400.0,0.1234399448678073,0.1369561748538498,0.34770937175661354,0.07865662645792704,0.28608596909803297,0.45853183823566873,0.7139948027722007,0.48805342193128176,0,0,-0.04060918620290722,0.12275033862699576,0.13751728342153172
2014-08-27,21.739999771118164,21.93000030517578,21.65999984741211,21.8700008392334,848300.0,0.12253344298086191,0.13660400626842156,0.37977452629504316,0.07878659891503759,0.28648012354004254,0.4998486295134852,0.699379238857536,0.49084392835408475,0,0,-0.0422599934289782,0.12034914029131513,0.09095082685357557
2014-08-28,21.84000015258789,22.170000076293945,21.729999542236328,21.940000534057617,1028300.0,0.121952000380593,0.13625558424472878,0.4024094872360354,0.07894524114853468,0.3074007082028343,0.5667451993235957,0.6610029974549831,0.4942265497787792,0,0,-0.04663925096581869,0.11522635395801846,0.04343853344693119
2014-08-29,21.780000686645508,22.18000030517578,21.780000686645508,21.959999084472656,772800.0,0.12211681834979385,0.13588468285062288,0.40912679120511086,0.07906461287338207,0.38710815251725994,0.569037645408681,0.6243846063745662,0.4967686968535666,0,0,-0.04375574149741121,0.11759343030557812,-0.002734793611234358
2014-09-02,22.3700008392334,22.75,22.3700008392334,22.709999084472656,2181300.0,0.12263874351987025,0.13572358426891318,0.6103799759590387,0.07942959745869022,0.4400743511149552,0.683096697431645,0.5864032513363007,0.5039441438181549,0,0,-0.07058293301592827,0.09061930118773263,-0.025956358193834572
2014-09-03,22.739999771118164,22.8700008392334,22.399999618530277,22.549999237060547,1392400.0,0.12311488558113082,0.13555311964015637,0.560908472261399,0.07965820729168138,0.4298345081301144,0.6425383063905908,0.5586990431733274,0.4993638053257454,0,0,-0.08454426040055163,0.0713342538327545,-0.03434613465831498
2014-09-04,22.6299991607666,22.729999542236328,22.440000534057617,22.5,950700.0,0.12370090745284548,0.135345190108628,0.5454551223931227,0.0798132565850535,0.4393465937610161,0.6095875810932102,0.5329737070219951,0.496236451257422,0,0,-0.08026605442042228,0.07671847042645256,-0.03281595548358083
2014-09-05,22.489999771118164,22.770000457763672,22.450000762939453,22.709999084472656,1195800.0,0.12443801209914424,0.13508293650380981,0.5955374424102166,0.0800124229336629,0.46996619495460423,0.6036857553692442,0.5118089445863365,0.5001700685866544,0,0,-0.07422222561306424,0.07911114162868924,0.0004444546169704861
2014-09-08,22.61000061035156,22.88999938964844,22.61000061035156,22.88999938964844,988600.0,0.1252712613612803,0.13483379586506594,0.6354850472041941,0.08017997769408858,0.47227743820407053,0.6011263230482813,0.5002808562384589,0.5034220957581539,0,0,-0.07881994661775238,0.06649054556388163,0.016732680585021212
2014-09-09,22.82999992370605,22.93000030517578,22.63999938964844,22.850000381469727,1942600.0,0.12608619790383413,0.13459214834979316,0.6212016259264483,0.0805073158099831,0.49397087634331843,0.5800814191289431,0.49226633700840944,0.4970318590766295,0,0,-0.08781128363816454,0.05635652904869562,0.027086101169307385
2014-09-10,22.88999938964844,23.690000534057617,22.88999938964844,23.6200008392334,2091600.0,0.1273314942720728,0.13439171194173577,0.7629864029292789,0.08088698361847102,0.5649217291309931,0.6288961264944372,0.5227943903464731,0.5039122353986085,0,0,-0.09059079476002524,0.04463896895996731,0.017505536945342244
2014-09-11,23.649999618530277,23.790000915527344,23.43000030517578,23.5,1907400.0,0.12832040558023872,0.13412196557073836,0.7217974605799297,0.0812284438181714,0.5150283007349123,0.6170787274922538,0.5547787674126974,0.4976377900952318,0,0,-0.11981370970171006,0.005927235056000556,-0.006350534005109939
2014-09-12,23.420000076293945,23.549999237060547,23.239999771118164,23.43000030517578,1018400.0,0.12929558256702797,0.13385783904234416,0.6975254274477718,0.08140921280952979,0.519703926087346,0.5773398035807094,0.565152345686927,0.4942877349956414,0,0,-0.11063831410509475,0.01574471656312334,0.005106418690782912
2014-09-15,23.51000022888184,23.6200008392334,23.34000015258789,23.450000762939453,965500.0,0.13020666372541911,0.13354126207881978,0.7012515623138958,0.08158073318017023,0.5066925728534298,0.5692907322932367,0.5778926366636363,0.49746377407523146,0,0,-0.11481009385490229,0.011950519974327571,0.011096893960534746
2014-09-16,23.57999992370605,24.549999237060547,23.57999992370605,24.399999618530277,3273400.0,0.13141075450980738,0.1334382337748436,0.8390170379906216,0.08221475837374648,0.5441505840263487,0.6218271241423189,0.6201392013158298,0.5082317143374069,0,0,-0.11769723407616073,0.04136457491666651,0.02899787987429261
2014-09-17,24.399999618530277,24.540000915527344,24.1200008392334,24.21999931335449,1731400.0,0.13256448378717417,0.13345321966449392,0.7794727839893248,0.08254376013121156,0.5351014327165938,0.6114740829159516,0.6593681542071523,0.5025362259247684,0,0,-0.14672131064245064,0.006147525445711669,0.014344278153345526
2014-09-18,24.34000015258789,24.6299991607666,24.26000022888184,24.479999542236328,1408400.0,0.13380977928217264,0.13348693800553008,0.8118586225293555,0.0828172443445736,0.5306608127826851,0.6012427481526963,0.6981235998790873,0.5071691968617905,0,0,-0.1453344573722925,0.011973534946337117,0.02146987912906129
2014-09-19,24.63999938964844,24.75,24.239999771118164,24.479999542236328,2753600.0,0.13517868890900195,0.13346071243067315,0.8118586225293555,0.08335067656117601,0.5455521211158721,0.5822728524010918,0.7372047032138236,0.5162272405796148,0,0,-0.15604574208563293,0.004493489068975286,0.05555558152707867
2014-09-22,24.450000762939453,24.540000915527344,23.8700008392334,23.93000030517578,1908000.0,0.13619049220819585,0.13342699408963699,0.6389034486123298,0.08370120734910574,0.5066946425584673,0.538259109489573,0.7385701671481277,0.5099508215595651,0,0,-0.14828436013049132,0.012254871024116896,0.06658493428295596
2014-09-23,23.8700008392334,24.07999992370605,23.739999771118164,23.770000457763672,1427900.0,0.13715193400036832,0.13336705053103576,0.5953302117871179,0.08395909970214899,0.48878926292911423,0.5098339210731897,0.7288398817588904,0.5052537048306716,0,0,-0.12745512350660104,0.03677388840552033,0.07939822792728196
2014-09-24,23.76000022888184,24.11000061035156,23.739999771118164,24.049999237060547,1484200.0,0.13819578434052113,0.13339327574860083,0.6449025129921662,0.08423387923000464,0.5046902368036938,0.5124527218444666,0.7210840879698153,0.5101360219740456,0,0,-0.12368533771304023,0.041649127137261384,0.07951196269460452
2014-09-25,23.93000030517578,24.030000686645508,23.6299991607666,23.690000534057617,1319500.0,0.1390290336026572,0.13335206464138544,0.5503251209835327,0.08446959989180997,0.47632901766786984,0.49034646475257143,0.704083350535712,0.5057954900574022,0,0,-0.1160083577561203,0.0340956224880297,0.07983368553855358
2014-09-26,23.690000534057617,24.280000686645508,23.59000015258789,24.200000762939453,2258000.0,0.14006372801963898,0.1334063887146752,0.6379425690275412,0.08489196561474233,0.5125427554421559,0.5093802014758777,0.6998193016362915,0.513223243803352,0,0,-0.10510762832353882,0.04474459442997853,0.09708734424695277
2014-09-29,23.940000534057617,24.520000457763672,23.8700008392334,24.309999465942383,1558700.0,0.141139627147231,0.13344385326015507,0.6550528778085006,0.0851858425482771,0.5253277559623258,0.5261584680626937,0.7056814498157791,0.5183506307669533,0,0,-0.10661156373421034,0.03347105125644617,0.08925618922789426
2014-09-30,24.26000022888184,24.299999237060547,24.0,24.020000457763672,1836200.0,0.1417393842135625,0.13348881092910603,0.5805363184133837,0.08552223647556689,0.4579599081195681,0.5051155027286899,0.711124873125303,0.5123103998421027,0,0,-0.11929245916245688,0.02015630530163673,0.07651175035842213
2014-10-01,24.030000686645508,24.030000686645508,23.479999542236328,23.559999465942383,2018000.0,0.14220179195344637,0.1334007685147801,0.4771156199710094,0.0858752185826071,0.4391061218799412,0.44606127945674295,0.6721021823117883,0.5056721327653415,0,0,-0.11115736991715833,0.029974991658327642,0.08368027437868636
2014-10-02,23.59000015258789,23.690000534057617,23.059999465942383,23.559999465942383,921100.0,0.1426870908111181,0.13331834594305747,0.4771156199710094,0.08603606772244715,0.4614358495494162,0.39961807889959633,0.610612088061959,0.5087021168111318,0,0,-0.09465193517767057,0.04923598784834311,0.10696097261829332
2014-10-03,23.729999542236328,24.229999542236328,23.61000061035156,24.13999938964844,2122100.0,0.14334178690943652,0.1333052333342749,0.5848855321392219,0.08642707512456976,0.4768603120291407,0.4800249744337661,0.5791437519221292,0.5156828237306534,0,0,-0.10059418444855092,0.04329373857746276,0.09762314077018514
2014-10-06,24.229999542236328,24.43000030517578,23.989999771118164,24.09000015258789,1319200.0,0.14389118246874655,0.13332021922392528,0.5730188484865232,0.08666854594203732,0.44213042621002757,0.506114912263524,0.5585517325542053,0.5113432786723465,0,0,-0.10936203216229182,0.021541030278014635,0.07332230747788138
2014-10-07,24.020000457763672,24.26000022888184,23.76000022888184,23.770000457763672,1082600.0,0.14431238549802017,0.13328462795931312,0.49920426637607074,0.08686052012426171,0.403294384816143,0.44669862110108616,0.5252232203159344,0.5077820358887482,0,0,-0.10004150403266877,0.030303011108860755,0.09049399299989597
2014-10-08,23.71999931335449,24.700000762939453,23.670000076293945,24.68000030517578,2482800.0,0.14479768435569193,0.13345696586893763,0.6458047589800615,0.08733846954792851,0.41672971883635007,0.542738315436617,0.5129110560318191,0.5159492754815046,0,0,-0.0866638378742458,0.04333195905804437,0.0896087937356158
2014-10-09,24.6200008392334,24.690000534057617,23.68000030517578,23.71999931335449,1658300.0,0.14489840649649469,0.1334326135749485,0.46701542232617665,0.08762981166097117,0.40938356139967674,0.4550563697095388,0.5014783320537117,0.5104942515501899,0,0,-0.11709891658271139,0.005267388944859077,0.0709076166272574
2014-10-10,23.649999618530277,23.81999969482422,22.739999771118164,22.790000915527344,2426900.0,0.14460539599725744,0.1333539379222532,0.34099895002630354,0.08801677717366568,0.35993377426662676,0.21870009932207607,0.46128119792995487,0.5025108965607987,0,0,-0.07883638220984052,0.04637438504690077,0.10075891088460036
2014-10-13,22.63999938964844,22.739999771118164,21.68000030517578,21.71999931335449,2880700.0,0.14381335057249145,0.13337641657808275,0.2329049141366304,0.08842233291083107,0.30999084871812344,0.08429460427870272,0.4596962523468772,0.4930347538610832,0,0,-0.04212369661725598,0.0925844899336519,0.16893375282168727
2014-10-14,21.90999984741211,22.200000762939453,21.65999984741211,21.799999237060547,2199600.0,0.14262299410947984,0.13341950096616595,0.24609249075080408,0.08873411076991572,0.24248781219774518,0.17443324819943107,0.45878649323025494,0.5002703991841971,1,0,-0.011510129277319456,0.13075507561557442,0.21454880270400928
2014-10-15,21.350000381469727,22.11000061035156,21.13999938964844,21.959999084472656,1780000.0,0.1415882996924981,0.13350379646146454,0.27331918785282794,0.08899068469480398,0.2859248434992444,0.2295372884234064,0.47185142048288603,0.5061257586473461,0,0,-0.009633073356455836,0.15596329071196427,0.2486238654118762
2014-10-16,21.459999084472656,22.200000762939453,21.40999984741211,21.88999938964844,2493400.0,0.1404025216276921,0.13362930342127038,0.2658552677843561,0.08934627800658645,0.29141632857638694,0.2830692734868451,0.47926594978444154,0.4979236500600338,0,0,-0.01457193570879876,0.1498178985742134,0.24316941599344902
2014-10-17,22.21999931335449,22.700000762939453,22.09000015258789,22.5,965200.0,0.1394960197407467,0.1338915566687967,0.36942357730611075,0.0894936325595711,0.3014654941193045,0.3549848939756606,0.46151911170185894,0.5010987022812875,0,0,-0.04933759496662063,0.11557792403785644,0.19917774015166773
2014-10-20,22.530000686645508,23.229999542236328,22.489999771118164,22.989999771118164,1479700.0,0.13906565991506184,0.13425121837769605,0.4422425979918432,0.08973149328488239,0.34388087201245165,0.4040670753258119,0.4227594728659359,0.5059662165496143,0,0,-0.06177783542209186,0.09866663614908854,0.1773333231608073
2014-10-21,23.270000457763672,23.600000381469727,23.170000076293945,23.450000762939453,1889500.0,0.13891915466544325,0.13469704922005354,0.5040428779192344,0.09004934920601088,0.3794036624708149,0.4512568695116719,0.38338307828448187,0.5121817793055806,0,0,-0.09264902519882165,0.06437579630146928,0.14354063809979956
2014-10-22,23.530000686645508,23.63999938964844,23.280000686645508,23.290000915527344,1563700.0,0.13857120513421906,0.1351447533432788,0.48062986945710084,0.09030766969321918,0.3289880255533429,0.4537179996130391,0.3482843189849972,0.5070379447030379,0,0,-0.10191902853897734,0.05202555538004876,0.13646050112919916
2014-10-23,23.549999237060547,23.76000022888184,23.399999618530277,23.5,1631800.0,0.13848421731479293,0.13554937272112905,0.509596327124543,0.09058254332182752,0.333021838790697,0.4691253011328684,0.3202534050782441,0.5124057961479629,0,0,-0.1034778768860146,0.051524290071599685,0.16358957593474804
2014-10-24,23.459999084472656,23.649999618530277,23.3799991607666,23.540000915527344,1308500.0,0.1381820500191445,0.13596897834592148,0.5152554431214623,0.09080348089071039,0.30268532553370586,0.46920127600648154,0.2933213638663314,0.5167101432589352,0,0,-0.09872339126911554,0.05489365597988697,0.1297872827408163
2014-10-27,23.5,23.899999618530277,23.43000030517578,23.770000457763672,1032800.0,0.13793482262872309,0.13640169657949636,0.5483528128443751,0.09098164302987971,0.30085408814026343,0.49012933344822956,0.2783606031821683,0.5201075675586769,1,0,-0.10025490733073279,0.05310110243774379,0.11384877659065902
2014-10-28,23.90999984741211,24.309999465942383,23.86000061035156,24.26000022888184,1199200.0,0.13804470156593704,0.1368681327968157,0.6135168139953764,0.09119814758660233,0.3521730274808003,0.5340652651995142,0.27944195881794837,0.5240523692823894,0,0,-0.11653346253339851,0.035338667918011456,0.0799326706748002
2014-10-29,24.229999542236328,24.780000686645508,24.100000381469727,24.75,1238300.0,0.13858951872704148,0.13743947024168718,0.6706786828736396,0.09143161876997347,0.4042219045598045,0.5645735333453756,0.29526312244169217,0.528125791542624,0,0,-0.12737016172445054,0.02267111043776481,0.05564717101125705
2014-10-30,24.57999992370605,24.96999931335449,24.5,24.86000061035156,1195800.0,0.13918469739516737,0.1380201740908975,0.682885415743893,0.09165898529732736,0.4061556266661681,0.5722643139690318,0.31543595626748394,0.5320594088718564,0,0,-0.13898992056798423,0.015757551096906564,0.02181821880918575
2014-10-31,25.25,26.920000076293945,25.25,26.0,5227800.0,0.14003626025012586,0.13886500446850197,0.7890947395156657,0.09274938467317306,0.3647159914049637,0.6543398735159593,0.3726305763236681,0.549256402243458,0,0,-0.16532584511040513,0.06717618806487748,-0.0020112323343921194
2014-11-03,26.0,26.489999771118164,25.8799991607666,26.07999992370605,1529000.0,0.14094734053527685,0.13968173634767356,0.7954013129754568,0.09306916154197675,0.3686438341028167,0.6327704790247483,0.425739866375839,0.5542860902317471,0,0,-0.1869231003981369,0.0353846183189979,-0.04461537874661959
2014-11-04,25.8799991607666,25.959999084472656,25.51000022888184,25.770000457763672,849000.0,0.14186299921863343,0.14044976399615872,0.7310090679589852,0.09324208329327266,0.3924597087451125,0.5826572303814752,0.45689691000429095,0.5514932811394924,0,0,-0.18174845801320813,0.03987733583472942,-0.010736149544324319
2014-11-05,26.0,26.01000022888184,25.549999237060547,25.649999618530277,571100.0,0.14230709336569494,0.14117658018013662,0.7063598707781796,0.09335716521199716,0.3373775278087185,0.5681912192353511,0.4867635521288209,0.5496146318196022,1,0,-0.1885914056663277,0.035700429179339764,-0.005432649870452903
2014-11-06,25.600000381469727,25.88999938964844,25.600000381469727,25.850000381469727,850700.0,0.14328227035248417,0.14192212881550037,0.7271176669153828,0.0935313015955253,0.3809480527053207,0.5553726761207081,0.5144968626730273,0.5524130331090972,0,0,-0.17387918355364249,0.05146197717175068,0.02690060601635025
2014-11-07,25.84000015258789,26.09000015258789,25.690000534057617,25.989999771118164,1127300.0,0.14474732372191065,0.14268079005964668,0.7416643216671718,0.09376444529881461,0.43718213802890804,0.548612739840455,0.5443558180695709,0.556121317784832,0,0,-0.18181820864918016,0.04177949353069411,0.009671179741227765
2014-11-10,26.059999465942383,26.21999931335449,25.8700008392334,26.100000381469727,761800.0,0.14675261672747605,0.14345631083160287,0.7533028292936542,0.09392323476059339,0.4961994335212191,0.5446015783552031,0.5747485991502364,0.5586272800539482,0,0,-0.1893035829019659,0.03308967364083062,0.013081960584152263
2014-11-11,26.100000381469727,26.15999984741211,25.850000381469727,26.1200008392334,630600.0,0.14873044021704804,0.14409508531583848,0.7555140479314494,0.09405478712058346,0.52724479894706,0.5341369882207561,0.6017222949571261,0.5607016562772413,0,0,-0.19003834939951755,0.031417612369323784,0.01992338889515334
2014-11-12,25.959999084472656,26.229999542236328,25.899999618530277,26.040000915527344,823200.0,0.15059838476940604,0.1447488456897244,0.7339814279214937,0.09422528182319523,0.49971156813466483,0.5275000774858332,0.6283704846282747,0.5579937170019243,0,0,-0.18453290734908256,0.03675348242636061,0.021822418983872462
2014-11-13,26.149999618530277,26.559999465942383,26.06999969482422,26.11000061035156,768900.0,0.15253042515016216,0.14542508471943988,0.7429724718143432,0.09438528966321041,0.47572195136927714,0.5308007206160869,0.6604223015539081,0.5605230349183374,0,0,-0.19239631538931445,0.029569909012734565,0.030722009073822457
2014-11-14,26.149999618530277,26.34000015258789,26.01000022888184,26.030000686645508,722500.0,0.154146563040653,0.1460470000331574,0.7193185420041247,0.09453455423290441,0.45605705568621346,0.5172327759587009,0.6859247253878877,0.5581463510913008,0,0,-0.1918805098340585,0.029490633464726704,0.016468797208886176
2014-11-17,25.82999992370605,26.239999771118164,25.799999237060547,26.0,815400.0,0.15552462946389348,0.1466295771632355,0.7100689380455872,0.09470246140058491,0.44397959159345274,0.504928699980392,0.6947226756807383,0.5554640701327324,0,0,-0.18017673493430905,0.041874764649818486,0.01075684515018703
2014-11-18,25.989999771118164,26.489999771118164,25.979999542236328,26.200000762939453,1274500.0,0.15678366015350884,0.1472571119622645,0.7406954223348986,0.09496885436804625,0.42880858032047825,0.5147112013110835,0.7096749202220369,0.5596565732989028,0,0,-0.18653847621037395,0.03576924250676082,0.00653846447284405
2014-11-19,26.200000762939453,26.200000762939453,25.799999237060547,25.850000381469727,729800.0,0.15795570302369802,0.1476748439488973,0.633225090157288,0.09511697245184564,0.44770649315080097,0.49066957617694157,0.7108955698380397,0.5572558759190118,0,0,-0.19312981778414712,0.027480889022451823,-0.024427529708410084
2014-11-20,25.670000076293945,26.43000030517578,25.57999992370605,26.3700008392334,1106900.0,0.15926967361854039,0.14821246341002442,0.7151387529103078,0.09535098348671028,0.48177994215261866,0.5030237558045593,0.7188340497788455,0.5608970542278655,0,0,-0.17524180347373544,0.04835589870613882,-0.03288202587722357
2014-11-21,26.770000457763672,26.81999969482422,25.90999984741211,26.040000915527344,1024200.0,0.16041424697273612,0.14870137864046507,0.6255834822694216,0.09556163402206835,0.46197890999953306,0.5172090181888124,0.7365830443790866,0.557527919867103,0,-1,-0.21350022331963264,0.005688267491713667,-0.06295031454615496
2014-11-24,26.11000061035156,26.61000061035156,26.11000061035156,26.489999771118164,1040300.0,0.16165954246773465,0.14927084280446884,0.6927401075603257,0.095783140133131,0.463594994117771,0.5425548155597871,0.7530642536507393,0.5609500156252569,0,0,-0.19086025522140304,0.031105969180645968,-0.010752714162868816
2014-11-25,26.51000022888184,26.71999931335449,26.350000381469727,26.56999969482422,727600.0,0.16271712800250426,0.14967733546318684,0.7038690758671214,0.09593888254572097,0.44743003769254824,0.5802400769317826,0.7712990107149122,0.5633434760440138,0,-1,-0.20271804022770387,0.015477533067370026,-0.04605508961478555
2014-11-26,26.59000015258789,26.799999237060547,26.440000534057617,26.770000457763672,620100.0,0.16364194348227204,0.15015501136571274,0.731573396284981,0.09607357803155214,0.4349812879394305,0.6263495101377747,0.7903924321980167,0.56538331222553,0,0,-0.1949567318280713,0.012420019853080314,-0.059841933415513714
2014-11-28,26.76000022888184,27.0,26.75,26.799999237060547,250700.0,0.16453013177639503,0.15058960252286363,0.7357653394917255,0.09612813308837598,0.4189905643830329,0.6698325481056611,0.81342414647891,0.5662079968420533,0,0,-0.1744490099528401,0.00896525091573382,-0.0556593106327739
2014-12-01,26.729999542236328,26.81999969482422,26.440000534057617,26.57999992370605,651000.0,0.16479567275963883,0.15098298257279913,0.6688623303669534,0.0962673490282927,0.4263273627964983,0.5716318793839571,0.8090408710353527,0.564066514251879,0,0,-0.15820895118738862,0.01007464423320953,-0.07649251102312318
2014-12-02,26.56999969482422,26.690000534057617,26.3700008392334,26.520000457763672,563100.0,0.16499711791448451,0.15146815124150426,0.6508335738161944,0.09638712676260308,0.43631389334723286,0.5347444121919908,0.7994459938832159,0.5622141811542952,0,0,-0.12791571212526215,0.016177588653500125,-0.07938301792355178
2014-12-03,26.59000015258789,26.63999938964844,26.420000076293945,26.56999969482422,509900.0,0.16536338103853107,0.15199265773655707,0.6600422316820124,0.09649594798929573,0.4373985616975036,0.5298156966192997,0.7905364650990889,0.5638915113735423,0,0,-0.1248114407544585,0.015460024145364704,-0.0588235082584886
2014-12-04,26.46999931335449,26.780000686645508,26.350000381469727,26.729999542236328,594000.0,0.16585783669261406,0.15249468557578028,0.6895705483302172,0.09662421849774205,0.4532299150031599,0.5386674359625008,0.787765150863408,0.5658454908797842,0,0,-0.11629658216329648,0.019947335067104062,-0.06097098044755848
2014-12-05,26.81999969482422,27.38999938964844,26.649999618530277,27.36000061035156,985600.0,0.1665491591033371,0.15318216393341055,0.7859977511038515,0.09684716854770431,0.45911921455176063,0.6405581635630118,0.804962444652187,0.5690876494679188,0,0,-0.12869437310023293,0.02132434360590094,-0.07631870718722943
2014-12-08,27.13999938964844,27.420000076293945,26.280000686645508,26.51000022888184,1450200.0,0.16678723057058745,0.15361488180969368,0.5562453215048914,0.09715434913869564,0.43007168738327045,0.5331278371861604,0.792007872816407,0.5643171762693465,0,0,-0.13559937871744765,0.010233942997046828,-0.0661549497647885
2014-12-09,26.11000061035156,26.51000022888184,25.75,26.18000030517578,1390100.0,0.16682385688299212,0.15396517747154598,0.48680259748188515,0.09744074686886395,0.42892260540325866,0.3846377686802478,0.7461923941384512,0.5597444036908501,0,0,-0.0848736318586936,0.049415294403324136,-0.02414188198685145
2014-12-10,26.1299991607666,26.239999771118164,25.739999771118164,25.809999465942383,860800.0,0.16668192915833893,0.15430048688645615,0.41671645763668397,0.09761260519169418,0.4068088971389694,0.33377628745077315,0.7030657870769197,0.5569127781706935,0,0,-0.07754005942068475,0.04927428955271291,-0.016424690329057707
2014-12-11,25.86000061035156,26.040000915527344,25.5,25.57999992370605,1147400.0,0.16647132720708202,0.15467888104674132,0.37643212853611907,0.09783706712367451,0.39292822571777797,0.29260418202110006,0.6490564582912717,0.5531383739864142,0,0,-0.05269277948440679,0.060441669826490525,-0.017435132593987407
2014-12-12,25.3799991607666,25.56999969482422,25.06999969482422,25.1200008392334,870600.0,0.16601807626360932,0.15497110643086015,0.30349251029293545,0.09800057079199881,0.3918483336544477,0.23438894293988027,0.5997362209237178,0.5502745110939324,0,0,-0.012118822004182002,0.07974984056340008,-0.03244722150827136
2014-12-15,25.299999237060547,25.479999542236328,24.920000076293945,25.200000762939453,1104400.0,0.16563807794494592,0.1551696699153416,0.3215592317689969,0.09820922097454288,0.4047574756290743,0.2582320488983371,0.5608763622104573,0.5539074655833155,0,0,-0.0151273546206696,0.08439493504802349,-0.024681485317326387
2014-12-16,25.030000686645508,25.299999237060547,24.809999465942383,24.84000015258789,866300.0,0.16510699597845832,0.1553101627647977,0.26724788871701866,0.09836756133175906,0.3908079866588564,0.2561095967062841,0.5298576976974891,0.5510577476603233,0,0,-0.00873020690644864,0.09484124274961554,-0.050000007568843555
2014-12-17,25.030000686645508,25.6299991607666,24.799999237060547,25.600000381469727,753500.0,0.1648322981988033,0.15565296530317896,0.42446084326761446,0.09851461844762027,0.40857706450242604,0.3306941024834388,0.482224085678233,0.5535364068487968,0,0,-0.009259317559263333,0.09621575583603374,-0.047504037758745586
2014-12-18,26.040000915527344,26.059999465942383,25.68000030517578,25.86000061035156,1112200.0,0.1648368765970089,0.1558740074434899,0.4699035176497326,0.09873623335219528,0.4185154932924697,0.404304474103635,0.44983643435230786,0.5571950196549285,0,0,-0.048437564843333294,0.053906216414180155,-0.07460944243357416
2014-12-19,25.899999618530277,26.309999465942383,25.700000762939453,26.290000915527344,2031500.0,0.16480025028460424,0.1563554299077513,0.5390068903612774,0.09915473528356827,0.4377831197810334,0.4366079710528912,0.4305235094977699,0.5638776953568315,0,0,-0.04253675001961943,0.05877805189050243,-0.05839134544634908
2014-12-22,26.200000762939453,26.40999984741211,26.0,26.09000015258789,570400.0,0.16482314140239213,0.1569735983024415,0.5016986512647248,0.09927019592462016,0.4461514352633253,0.44636676811298004,0.41677598503650864,0.5620013487063932,0,0,-0.05325224332921344,0.04640544963366429,-0.06618492270341157
2014-12-23,26.190000534057617,26.450000762939453,26.149999618530277,26.399999618530277,576400.0,0.16478193669178184,0.15785027374021438,0.5508360782237598,0.0993897420208032,0.4429656669349314,0.470041752463417,0.40573919392232155,0.5638974325235612,0,0,-0.053277167070433874,0.047144481987069796,-0.06937529178632373
2014-12-24,26.51000022888184,26.90999984741211,26.40999984741211,26.6200008392334,470400.0,0.16480482868280985,0.15875317475284412,0.5840134447525462,0.0994889525869535,0.4386367171519169,0.5123155747817203,0.41381428693268724,0.5654448263951709,0,0,-0.06477276577765688,0.03446969168792612,-0.08030306325252219
2014-12-26,26.739999771118164,26.739999771118164,26.530000686645508,26.530000686645508,344300.0,0.1646949497455959,0.1596092448156552,0.5649125117305636,0.09956102557211644,0.42113000528258143,0.506769528418138,0.4213125875851697,0.564312241977664,0,0,-0.07287755345215403,0.025544713889474237,-0.07475581173480804
2014-12-29,26.729999542236328,27.01000022888184,26.51000022888184,26.950000762939453,764500.0,0.16476362484543977,0.16055710349723584,0.6283002910108759,0.09972624850209866,0.43600150833857176,0.5381644217208738,0.4381853584445187,0.5668270859718086,0,0,-0.07274784226248783,0.026008311956242994,-0.08066337483080639
2014-12-30,26.940000534057617,27.059999465942383,26.549999237060547,26.57999992370605,522500.0,0.16476362484543977,0.16132138458398548,0.5494395242080603,0.09983591109333778,0.4301111789503782,0.5235084139610789,0.45563518023259536,0.5651083077024293,0,0,-0.07940635385583786,0.017810743178026327,-0.08385900426354334
2014-12-31,26.61000061035156,26.780000686645508,26.100000381469727,26.11000061035156,595100.0,0.16457591488521087,0.16190583499493133,0.46111890492599583,0.09995613492943117,0.4190832077420038,0.4702780070775583,0.43992138062377,0.5631507097156203,0,0,-0.06809636487909529,0.030474020627064325,-0.05906695633298219
2015-01-02,26.21999931335449,26.3799991607666,25.770000457763672,26.15999984741211,547100.0,0.164388204924982,0.162413482319466,0.4699741758462639,0.10006704323817978,0.41841332409937904,0.44144588352966074,0.40568724234934156,0.5649504103685915,0,0,-0.05438529464189171,0.045959430673613424,-0.0340865327017874
2015-01-05,25.959999084472656,26.07999992370605,25.530000686645508,25.559999465942383,615000.0,0.16385254456028878,0.1628387070722781,0.368489172981735,0.10018557225608182,0.39800496372215954,0.392773673768761,0.3636965570779304,0.5629273507787956,0,0,-0.044342502071033574,0.0558104357927097,-0.025229352112454244
2015-01-06,25.56999969482422,25.56999969482422,24.709999084472656,24.81999969482422,982700.0,0.16268965761327062,0.1630859744301542,0.26914018555702857,0.10036285720312915,0.3647219233140732,0.31112183099421864,0.35968946487395875,0.559694731821247,1,0,-0.03364634696090182,0.07237873318169563,-0.005868529799076936
2015-01-07,25.01000022888184,25.15999984741211,24.770000457763672,25.11000061035156,828700.0,0.16204869670956903,0.163380072737849,0.3250367226585953,0.10051616008051478,0.39483825723018307,0.32406126351618103,0.35596859354169935,0.5624207634993996,0,0,-0.012087072848423253,0.09709910866415802,0.03344077090698487
2015-01-08,25.38999938964844,25.940000534057617,25.31999969482422,25.82999992370605,870800.0,0.16188845626533363,0.1637659596643134,0.4462880054326589,0.10068739486142331,0.40254188000628194,0.42117571015622957,0.31827009011596513,0.5652852842974391,0,0,-0.02708085578044374,0.08084431052576875,0.01194747658769475
2015-01-09,25.82999992370605,25.82999992370605,25.25,25.290000915527344,501800.0,0.16165038567132342,0.1639589033061915,0.37239296222216156,0.10078154949397095,0.4063478256232115,0.39311800965078647,0.2821266830559713,0.5636345992532772,0,0,-0.043360466223055984,0.06155633593822184,-0.0038714820660121435
2015-01-12,25.18000030517578,25.31999969482422,24.989999771118164,25.0,555000.0,0.16138484468807962,0.16400573425601023,0.33602312099565346,0.10088298648812954,0.41216407555874013,0.35527771088729826,0.2597382732497584,0.5618089113307784,0,0,-0.01858446831508644,0.088572546066729,0.0363780167255388
2015-01-13,25.290000915527344,25.65999984741211,24.950000762939453,25.270000457763672,599600.0,0.16145351891468335,0.16408253698512953,0.3812737911478864,0.1009951617853459,0.42512271967723825,0.37875982808567227,0.23020560322215683,0.5637813121926347,0,0,-0.0232000732421875,0.08519996643066406,0.022399978637695314
2015-01-14,24.96999931335449,25.030000686645508,24.440000534057617,24.68000030517578,586700.0,0.161215447447433,0.16383526962725348,0.3078009157899608,0.10109917848663252,0.4228986505929348,0.3146316256604976,0.2169926347321668,0.5618513462392473,0,0,-0.020973437661099867,0.09695293702247425,0.0245350545311494
2015-01-15,24.75,24.979999542236328,24.32999992370605,24.459999084472656,694800.0,0.16104147180858075,0.16353180491521985,0.282608846970678,0.10121977022752371,0.4298793121611321,0.30650761374377167,0.2088911924253335,0.5595657823319462,0,0,-0.01701783108186868,0.10818476674548519,0.0822528631095594
2015-01-16,24.46999931335449,25.059999465942383,24.38999938964844,25.030000686645508,561600.0,0.1607805092235425,0.16339318534663155,0.3794144949309395,0.10132242196674818,0.4260625830052074,0.34188277604433615,0.1973497646825924,0.5614131811378477,0,0,-0.005723605678191129,0.1206051052067346,0.07031894051848084
2015-01-20,25.11000061035156,25.1200008392334,24.420000076293945,24.850000381469727,812000.0,0.16031810148365863,0.1632433264501284,0.35628572476544784,0.10146833960947227,0.43102621539939967,0.35064682963317406,0.18350742885395938,0.5587420845737594,0,0,-0.03116263145217047,0.0922892290280624,0.0415500990670607
2015-01-21,24.770000457763672,25.049999237060547,24.59000015258789,24.780000686645508,468600.0,0.1596267790729356,0.163042890042071,0.34706483058351445,0.10155195267161188,0.39077366363768345,0.3616905153947865,0.17065383129880007,0.5572006118521685,0,0,-0.01770625864399272,0.10663982204629416,0.05794762996393231
2015-01-22,24.950000762939453,25.32999992370605,24.61000061035156,25.32999992370605,878400.0,0.15927882866847123,0.16291925636313298,0.4393158001497459,0.10171647945109374,0.4151387985940392,0.39566940978374177,0.14474619389113652,0.560090133061399,0,0,-0.025020210736617702,0.08514925926293677,0.03268762887399406
2015-01-23,25.36000061035156,25.56999969482422,25.170000076293945,25.46999931335449,546800.0,0.15885304724099203,0.16280124216950642,0.46124991955548866,0.10182007048783193,0.412884735744353,0.4316830246018864,0.13270127621197514,0.5618888468560338,0,0,-0.040663272394309884,0.06711404898188787,0.004737423302258425
2015-01-26,25.43000030517578,25.709999084472656,25.38999938964844,25.700000762939453,628900.0,0.15843184421171838,0.16272256615951936,0.4971375176911359,0.10194150562544668,0.4264025377553712,0.46003384036536726,0.12823075838327985,0.5639576308820868,0,0,-0.043188080531002426,0.06399682782527429,-0.006674522217391931
2015-01-27,25.299999237060547,25.6200008392334,25.299999237060547,25.40999984741211,956200.0,0.15791907496481303,0.1626045519658928,0.4486823726111281,0.10212144964795972,0.42732738445103646,0.44836587222970226,0.11864802108444472,0.5608121844109277,0,0,-0.03774316282329758,0.06848249714528548,0.002723797669056765
2015-01-28,25.68000030517578,25.700000762939453,24.5,24.549999237060547,1667100.0,0.15682028384619298,0.16231232658177397,0.32718600897347305,0.10241131967532474,0.3844437284297124,0.3824714436009856,0.12151872685498527,0.5553282126350761,1,0,-0.05312870482394833,0.05430929433504692,-0.009445091403359727
2015-01-29,24.559999465942383,24.770000457763672,24.13999938964844,24.68000030517578,1010400.0,0.1559504082716522,0.16205943938129458,0.3500393856360854,0.10258889639722857,0.40849092290888106,0.3282797893730886,0.13784455990611383,0.5586519515123604,0,0,-0.017107946612882657,0.1018329970546807,0.0211812820335521
2015-01-30,24.38999938964844,24.549999237060547,23.739999771118164,23.770000457763672,1395500.0,0.15487908754226581,0.16164170739466177,0.24470691528578925,0.10281312546461918,0.39396328291523136,0.25232958914325815,0.16630564840896844,0.5540614154838073,0,0,-0.02633709929063339,0.10818476674548505,0.04619129995545384
2015-02-02,23.850000381469727,24.149999618530277,23.530000686645508,23.850000381469727,1638200.0,0.1538215020074962,0.1612014963949076,0.2593987923160108,0.10307805948825915,0.3919377463064808,0.2438728675541554,0.1991246628167863,0.5594503199065773,1,0,-0.013462334398891508,0.13504413221095324,0.06520821233532183
2015-02-03,23.940000534057617,24.15999984741211,23.920000076293945,24.1299991607666,1357600.0,0.1531668059091778,0.16087929923148814,0.31096639541503246,0.10330345200578156,0.42377933862030626,0.3020569791028528,0.228962656238541,0.5639161828319544,0,0,-0.017190769008568193,0.13081756318582077,0.07463307131348487
2015-02-04,24.020000457763672,24.51000022888184,24.020000457763672,24.38999938964844,1080000.0,0.1529699391525377,0.16050839783738224,0.35721639402779193,0.1034870926630318,0.4498512591305746,0.35439468604846236,0.23499969605099857,0.5674688728433033,0,0,-0.020306663413186665,0.1259842152469487,0.06174885300206661
2015-02-05,24.440000534057617,24.559999465942383,24.229999542236328,24.459999084472656,651800.0,0.1526723493818547,0.1602124258915279,0.3697473200875844,0.10359856283464275,0.4425430678461407,0.37906712521708735,0.237630696468007,0.5696129870557081,0,0,-0.037310367781244386,0.10742103310575485,0.043460413795347035
2015-02-06,24.459999084472656,24.63999938964844,24.280000686645508,24.3799991607666,652000.0,0.15200849648712508,0.15981717256072464,0.35793219433185786,0.10370914120630531,0.4252288298889823,0.3880615739790909,0.23514338066382806,0.5674682149377457,0,0,-0.038021195120056916,0.10629601303297764,0.039656633565407086
2015-02-09,24.13999938964844,24.51000022888184,24.07999992370605,24.38999938964844,790000.0,0.15159644938102249,0.15940880662113882,0.35996482389923934,0.1038431493885612,0.4411211574059952,0.3778901921464891,0.24147622725533335,0.5700669418904916,0,0,-0.02502045627567415,0.11977031077970413,0.05496309264621616
2015-02-10,24.600000381469727,24.8700008392334,24.32999992370605,24.75,597200.0,0.15148199204560292,0.15903041246085364,0.4319085356724929,0.10394787158079777,0.45846695172907204,0.43677824309233976,0.2253584482283963,0.572031447885656,0,0,-0.043870427289897596,0.10086097359710162,0.014760094793430774
2015-02-11,24.770000457763672,24.920000076293945,24.420000076293945,24.59000015258789,715900.0,0.15117066795354325,0.15861642703595635,0.40358924120692186,0.10407145967183407,0.45501111779036546,0.4409679565443761,0.20749550657733995,0.569676474942022,0,0,-0.05010100085325916,0.09252521245166509,0.006464640299479167
2015-02-12,24.739999771118164,24.88999938964844,24.38999938964844,24.68000030517578,511600.0,0.15117066795354325,0.1582605118887926,0.4221643252125432,0.10416046870600099,0.4588994223714914,0.44349688543455074,0.1924815711141245,0.5713593973585092,0,0,-0.04920695717626151,0.08296058978725344,0.01057341306500452
2015-02-13,24.65999984741211,25.100000381469727,24.56999969482422,25.040000915527344,977100.0,0.15143620981002723,0.15798327275161583,0.49325980925835733,0.10433604089086873,0.4827435309515629,0.48794633716070224,0.16564010023246678,0.5745735949604434,0,0,-0.04578602701757759,0.06969202966313504,0.02390600264555744
2015-02-17,25.049999237060547,25.32999992370605,24.950000762939453,25.32999992370605,762600.0,0.15157355826323463,0.1577509912833901,0.5452734079994492,0.1044765313595249,0.48785270061200636,0.5360725997169005,0.1512502507351553,0.5770821888517903,0,0,-0.06070281528913546,0.041134211221485986,0.007188510327256529
2015-02-18,25.31999969482422,25.530000686645508,25.170000076293945,25.299999237060547,582000.0,0.15177958094304578,0.15748311819326039,0.5385248085317816,0.10458339059711053,0.4807921074378399,0.5468307663828355,0.14844750531307876,0.5751676836790078,0,0,-0.07066715410857431,0.02447693806162024,-0.00039479782518581216
2015-02-19,25.290000915527344,25.450000762939453,25.1200008392334,25.420000076293945,412600.0,0.15207259144228302,0.15711970992262558,0.5609408612272968,0.10465990958482574,0.4893126033039192,0.5357050721509727,0.14245078439531267,0.5765249428444547,0,0,-0.06956522853580606,0.02569168530163928,0.015810262078756764
2015-02-20,25.299999237060547,25.850000381469727,25.21999931335449,25.84000015258789,498400.0,0.15230608451132777,0.15699420296281974,0.6334505222126202,0.10475568951339331,0.48126484693757887,0.5706933208325773,0.15683207432261181,0.5781644434941363,0,0,-0.06963015519680094,0.0251770769109446,0.023996876810414874
2015-02-23,25.81999969482422,26.040000915527344,25.56999969482422,25.690000534057617,462700.0,0.15240680752537072,0.1569024143440501,0.5951342393760188,0.1048434383221068,0.47110253480643677,0.5812700157736124,0.17848828832708225,0.5766423789864964,0,0,-0.08862225211517138,0.00851397907910197,-0.003095972261364041
2015-02-24,25.799999237060547,25.940000534057617,25.540000915527344,25.729999542236328,572300.0,0.15242054184674736,0.1568874284543998,0.6023210065537603,0.10495228332864076,0.45853308025175116,0.5741730158622894,0.19628650392274016,0.5785249757397325,0,0,-0.08836117178766377,0.00934222162232434,-0.0027247837045164367
2015-02-25,25.75,26.170000076293945,25.739999771118164,26.100000381469727,518700.0,0.1527364443370126,0.15698483691577275,0.665673285481368,0.10505398582235392,0.471720928546963,0.5976880544189789,0.22293307412551483,0.5802312538035165,0,0,-0.08628058114460194,0.016323361203505134,0.006995736819983498
2015-02-26,26.149999618530277,26.239999771118164,25.780000686645508,25.850000381469727,800100.0,0.1533316230051385,0.1571215832034933,0.5978069951987457,0.10520751399349221,0.49147493662609176,0.5714200977768443,0.25064734524259524,0.5775993026201088,0,0,-0.1003830993713278,0.0034482816579491193,-0.01340997610552606
2015-02-27,25.61000061035156,26.31999969482422,25.34000015258789,25.59000015258789,1745400.0,0.15374824763620654,0.15719463937087713,0.5323580563701947,0.10553463761651583,0.45941986056750983,0.5355878492057092,0.2424850789899154,0.5718577608184344,0,0,-0.08046421249560502,0.02746611504816899,0.013152810350889563
2015-03-02,25.75,26.790000915527344,25.59000015258789,26.780000686645508,1505900.0,0.15512631405944702,0.157558047641512,0.7118522839962084,0.10584535303725229,0.5157982831317733,0.5874978290961332,0.2562450999219095,0.5768114607148144,0,0,-0.08675261039926122,0.04064091087635924,0.010941800897847655
2015-03-03,26.540000915527344,26.71999931335449,25.82999992370605,26.190000534057617,953100.0,0.15619763478883347,0.15766856871166746,0.58691458645047,0.10603266630290281,0.5110224125035138,0.5622436048505416,0.2690222622159039,0.573676211779799,0,0,-0.11239731709128914,0.009335324629945529,-0.01344289025844146
2015-03-04,26.18000030517578,26.239999771118164,25.940000534057617,26.149999618530277,790200.0,0.15712245026860125,0.1577228924276654,0.578997570345372,0.1061873105683796,0.4967472236769028,0.5393217078512209,0.2808867700603274,0.5710768269214954,0,0,-0.10118364125591367,0.023291355399489757,0.0022909303061815207
2015-03-05,26.26000022888184,26.32999992370605,26.06999969482422,26.209999084472656,649000.0,0.15795569953073732,0.15770790618072333,0.5879996411475306,0.10631485324004014,0.48655905508122455,0.5410008537374082,0.29611652568483354,0.573211730456093,0,0,-0.10439768956255792,0.02026771297808884,-0.021414893847476864
2015-03-06,26.06999969482422,26.209999084472656,25.549999237060547,25.76000022888184,891000.0,0.1585508781988632,0.1576460893412543,0.49662290624325167,0.10648334144105298,0.4747510934867171,0.4933931567593056,0.27210752994320236,0.5702807611967301,0,0,-0.09690954204128373,0.02747047866665774,-0.006104534643303234
2015-03-09,25.51000022888184,25.68000030517578,25.40999984741211,25.479999542236328,666500.0,0.1590544906493574,0.15747375143162978,0.4453011226910887,0.10660626233350073,0.4741182176372381,0.44820961865566733,0.24110652478409528,0.5680882909258376,0,0,-0.07686333558399495,0.0496894672077829,0.017857107157821493
2015-03-10,25.15999984741211,25.420000076293945,24.940000534057617,25.26000022888184,945900.0,0.15945280256084315,0.1572189909502827,0.4068096023164779,0.10677720818878184,0.4734316762632178,0.3937991966164268,0.23227620404138177,0.5649767265908978,0,0,-0.06397171075551518,0.06397178561221326,0.03257456587980799
2015-03-11,25.71999931335449,25.8799991607666,25.06999969482422,25.3700008392334,1214300.0,0.1597366571369094,0.15700169537170722,0.42866281346564095,0.1069985611401959,0.4602853669965431,0.42068488865318215,0.20456186726372855,0.5689712001842135,0,0,-0.08669828214035306,0.04235952464281588,0.010292962253601242
2015-03-12,25.3799991607666,25.61000061035156,25.25,25.440000534057617,979100.0,0.160125812251984,0.15671883639192724,0.4429631477028366,0.10717793628803718,0.4660490737952681,0.408996296663012,0.17882712597019346,0.5721919768417243,0,0,-0.0729207100088135,0.05557752101372607,0.024044169892506587
2015-03-13,25.399999618530277,25.450000762939453,24.84000015258789,25.07999992370605,1108300.0,0.16030894381400726,0.15643785069301497,0.3749907658510726,0.10737433582587919,0.4595824731314061,0.3396150974993476,0.1696587132415291,0.5685461931939669,0,0,-0.07350624577941033,0.05463841461544832,0.00707548354548185
2015-03-16,25.239999771118164,25.540000915527344,25.07999992370605,25.530000686645508,807000.0,0.16053328008664078,0.15632920290372726,0.46701030608384153,0.10752303985788386,0.45990859910180915,0.3823983607107235,0.15585918490754125,0.5712008421191137,0,0,-0.06818178188494871,0.06180227867321848,0.01076556852412373
2015-03-17,25.43000030517578,25.46999931335449,25.200000762939453,25.399999618530277,710900.0,0.16056532800083984,0.1561868367734034,0.4417303126289108,0.10765244447012257,0.4513628652719871,0.3732498963619083,0.14304533716883833,0.5688623168144212,0,0,-0.0591461099988024,0.05327068444079461,0.007833875840647264
2015-03-18,25.36000061035156,25.86000061035156,25.200000762939453,25.71999931335449,973900.0,0.16075761635927435,0.15621680855270403,0.5037568296600179,0.10783457405915053,0.46605043347853087,0.42155199592947423,0.12841300128858185,0.572065987927433,0,0,-0.052755912311522456,0.0562992254587494,-0.011811068854911075
2015-03-19,25.59000015258789,25.770000457763672,25.43000030517578,25.51000022888184,610900.0,0.16079882106988458,0.15634606207424534,0.4605971080198654,0.10794666188420005,0.452611199558867,0.4120373669211149,0.11482583225691517,0.570056415401569,0,0,-0.05870918620506371,0.04665632950916844,0.05793156340966596
2015-03-20,25.63999938964844,25.68000030517578,25.3799991607666,25.5,1220500.0,0.1606431590238548,0.15641911824162913,0.4585092999248893,0.1081701865537727,0.43783665494739454,0.402341584300843,0.09895428959707242,0.566041546735966,0,0,-0.06115246773601335,0.045080420053344304,0.08271268488514807
2015-03-23,25.46999931335449,25.63999938964844,25.32999992370605,25.43000030517578,471900.0,0.1605241232902296,0.15634418879337758,0.4431351644944641,0.10825600373692679,0.4390358185995584,0.39467289559224494,0.08084012220637282,0.5644892185726739,0,0,-0.05450977998621324,0.05176476871266098,0.05568627750172363
2015-03-24,25.450000762939453,25.57999992370605,25.209999084472656,25.479999542236328,528900.0,0.16040966595481002,0.1563797800579897,0.4549717530227778,0.10835256025626155,0.44455844597400895,0.3898637513105894,0.0655442257890802,0.5662290498198983,0,0,-0.044042501997353406,0.05269367426295939,0.04640182397429947
2015-03-25,25.46999931335449,25.46999931335449,24.950000762939453,24.959999084472656,864800.0,0.15988773991149344,0.15637228693451866,0.3443544931204896,0.10850310916037104,0.4205392397463668,0.3327381603971033,0.06769253416856036,0.5633842661885886,0,0,-0.04238618301055347,0.05180540132996412,0.04277865667858748
2015-03-26,24.790000915527344,25.040000915527344,24.61000061035156,24.93000030517578,618400.0,0.15946653688221982,0.15630859681418185,0.33855064929523204,0.10861038180114041,0.437996053889752,0.2862527472405334,0.08790881489006008,0.5613500222043125,0,0,-0.016025702746429157,0.08012820806729029,0.08253203291276906
2015-03-27,24.950000762939453,25.030000686645508,24.61000061035156,25.0,715900.0,0.1591964175007704,0.15636854037278314,0.35797610711037364,0.10873528358434759,0.4678535134471514,0.30608129328357814,0.10668107556002415,0.5637049951479465,0,0,-0.015242722160590643,0.0738066638613672,0.0673886232355304
2015-03-30,25.18000030517578,25.3799991607666,25.020000457763672,25.25,847100.0,0.15849593829363615,0.15651652634571028,0.4252398660290583,0.10888634722572899,0.44253047279287805,0.3826345483772312,0.09741688254773495,0.5664915541374035,0,0,-0.022799987792968893,0.0644000244140625,0.056399993896484375
2015-03-31,25.1200008392334,25.40999984741211,25.040000915527344,25.229999542236328,869600.0,0.15805642167154008,0.15655399089119015,0.4203705973366144,0.10904100459264082,0.44670965528056505,0.390672540696643,0.08668852103912028,0.56363098077271,0,0,-0.020198028866607504,0.06613861688292853,0.06059401106126252
2015-04-01,25.13999938964844,25.3799991607666,24.979999542236328,25.309999465942383,808400.0,0.1576718449546711,0.1566401596673565,0.4426934749946464,0.10918568598573153,0.4509667728300766,0.3973603612849981,0.08062522718977361,0.5662902350367605,0,0,-0.021006690008441603,0.06539839698041669,0.07372178533883132
2015-04-02,25.21999931335449,25.690000534057617,25.09000015258789,25.690000534057617,908400.0,0.15743377436066094,0.1568106242961133,0.5395972951197942,0.10935364136844111,0.4684211661308814,0.498875825171824,0.06810935335734869,0.5692784420796394,0,0,-0.02410109505627432,0.06203088246941606,0.0766495683521496
2015-04-06,25.530000686645508,25.950000762939453,25.459999084472656,25.90999984741211,2284600.0,0.15750244858726462,0.15691927208540102,0.5885028858402032,0.10978336856837562,0.5138746543393611,0.6049419323722851,0.07235065525376755,0.5767936972647576,0,0,-0.03581160206961814,0.049046329415658625,0.07629424070561058
2015-04-07,25.8700008392334,26.1200008392334,25.700000762939453,25.739999771118164,734900.0,0.1576214843208898,0.1569698495969552,0.5378605219785665,0.10991938618808733,0.5083034958064359,0.6161475024208116,0.08572399421247223,0.5743762232931462,0,0,-0.04862988175616251,0.03550752920540194,0.05326125700091179
2015-04-08,25.690000534057617,25.8799991607666,25.479999542236328,25.729999542236328,794200.0,0.15783666379711214,0.15697546908226673,0.5348474361871434,0.11006613442069713,0.5059297858736029,0.5516974860426557,0.08144408260721087,0.5717636803236895,0,0,-0.041958039367113106,0.042735057935159484,0.05827505879324407
2015-04-09,25.81999969482422,26.06999969482422,25.690000534057617,25.93000030517578,1116800.0,0.15809304798394475,0.1570728775436397,0.5835687285895144,0.11027584898013054,0.5183059320589075,0.596154611037896,0.08841441557764107,0.5754374249576473,0,0,-0.04702678219975952,0.037699231945606836,0.056354480712650104
2015-04-10,25.96999931335449,26.100000381469727,25.780000686645508,25.799999237060547,575700.0,0.15825786595314562,0.15730703229273318,0.5412574221693832,0.11038266481389047,0.5069580173836978,0.575924997340993,0.09659528392455269,0.5735436438099311,0,0,-0.052448850250551904,0.03162366342159965,0.05360591132425162
2015-04-13,25.76000022888184,26.149999618530277,25.68000030517578,25.950000762939453,1029300.0,0.1586561778646314,0.15754493360356225,0.5789499692143479,0.110575943365682,0.5148772357855136,0.5710723945994975,0.09601261040444714,0.5769295547624138,0,0,-0.04457362994330471,0.03992250841488221,0.09922478843584825
2015-04-14,26.0,26.11000061035156,25.850000381469727,26.030000686645508,597500.0,0.15888509253547056,0.1579682854327984,0.5987324386228512,0.11068880629974581,0.5038553260258187,0.5718468482598855,0.09547155642149202,0.5788950476159147,0,0,-0.05356452211105795,0.027745637463824552,0.10944123580311577
2015-04-15,26.09000015258789,26.32999992370605,26.09000015258789,26.18000030517578,654800.0,0.1592421997363461,0.15840474987081704,0.6351111391673615,0.11081397683812588,0.49356780715120074,0.5981260653457056,0.10916557149856182,0.5810490304116843,0,0,-0.05685745306167564,0.009220121582297559,0.08874373434525162
2015-04-16,26.1299991607666,26.239999771118164,26.0,26.239999771118164,510900.0,0.15948027120359645,0.1588000032016203,0.6494765753906631,0.11091206842649104,0.4925547507764201,0.5705856260407292,0.11365111241375409,0.5827296501587197,0,0,-0.058059531424624895,0.007639448457145719,0.0943468751684776
2015-04-17,26.020000457763672,26.059999465942383,25.600000381469727,25.700000762939453,504200.0,0.15956725902302257,0.1590453976359204,0.4650321767368063,0.11100448561824916,0.4933362355723417,0.48834254061380195,0.09625188351803843,0.5810710702478659,0,0,-0.05373475075118222,0.011814004140487432,0.1002286274278627
2015-04-20,25.81999969482422,25.90999984741211,25.530000686645508,25.90999984741211,510400.0,0.15975496898325148,0.15931701728778563,0.5212650682932086,0.11109969627284738,0.5086764608411999,0.48433343350839236,0.08496481919048976,0.582750045231007,0,0,-0.04708167504094134,0.01984436629345457,0.10544750627903604
2015-04-21,26.0,26.09000015258789,25.770000457763672,25.96999931335449,679300.0,0.16000219637367286,0.15961486215721593,0.5368937683572373,0.11122698363040556,0.5155336948313247,0.5104244752484801,0.06818291358223055,0.5849846214575897,0,0,-0.053647217207038085,0.012736392344634133,0.11462753110170829
2015-04-22,26.0,26.100000381469727,25.780000686645508,25.989999771118164,433000.0,0.1602356894427176,0.159914580307514,0.5423321218827688,0.11130820985818307,0.5133440267114666,0.5079403099207789,0.05334875858212296,0.5864089869899175,0,0,-0.05352327402387204,0.012706966978484134,0.10358107836661916
2015-04-23,25.90999984741211,26.06999969482422,25.82999992370605,25.979999542236328,604200.0,0.1607026755808071,0.16014498849487196,0.5386992535476012,0.11142139379637428,0.5333218347434967,0.5048735984707391,0.039574186082023094,0.5844214543002352,0,0,-0.05001920925390684,0.01616006463996487,0.11927666059138096
2015-04-24,26.059999465942383,26.299999237060547,25.899999618530277,25.989999771118164,456400.0,0.16118797443847885,0.1604072417423984,0.5418161209527667,0.11150691575218408,0.5220778358753743,0.5258179342624983,0.044546394711306336,0.5859227947828088,0,0,-0.055812120136242684,0.010392627502734243,0.10469596876940478
2015-04-27,26.01000022888184,26.06999969482422,25.51000022888184,25.57999992370605,898300.0,0.16145351542172265,0.1605758330902874,0.39929396236601866,0.11166926823793788,0.49590374556679223,0.42484594074328447,0.03631603096363875,0.5829678119705916,0,0,-0.053866857670620466,0.012312416223251254,0.0996537197151525
2015-04-28,25.540000915527344,25.71999931335449,25.290000915527344,25.51000022888184,765700.0,0.16157255115534783,0.1606638751473215,0.3782196031076228,0.11180668347263373,0.4914815978863565,0.3455538155315332,0.04322647569694876,0.580449020543101,0,0,-0.036356540576605506,0.03088346405531387,0.13252538701170144
2015-04-29,25.38999938964844,25.799999237060547,25.3700008392334,25.6299991607666,489200.0,0.1617556827173711,0.1607200721441872,0.4223201849676118,0.11189535214436902,0.4930855730945555,0.3624405778824061,0.043005613326019876,0.5820582575371305,0,0,-0.030576196483674874,0.036848315390972164,0.14974518465504752
2015-04-30,25.540000915527344,25.709999084472656,24.989999771118164,25.059999465942383,967600.0,0.16164122538195153,0.1606751144752363,0.2692369944438511,0.11206184064645314,0.4665543530252852,0.22846509902452625,0.06559292993812288,0.5788753104491849,0,0,-0.0362856159043264,0.030823216310830275,0.13226685527316426
2015-05-01,26.729999542236328,27.239999771118164,26.46999931335449,27.07999992370605,1991100.0,0.16227760788744752,0.16098607195344916,0.6909891162029105,0.11246770816788665,0.47174364323324613,0.7879679862117359,0.08905072824005433,0.5854250892284412,0,0,-0.08459692645907431,0.02035116678972592,0.08300079680898892
2015-05-04,27.25,27.780000686645508,27.209999084472656,27.75,1423800.0,0.1631200139459948,0.16134386038148069,0.7624796227061718,0.11277254143433108,0.4587786391032328,0.8096833462452471,0.12743001514566565,0.5901087188934028,0,0,-0.09748889944927083,0.01957166499773661,0.052806510679638055
2015-05-05,27.75,27.790000915527344,26.86000061035156,26.88999938964844,1201800.0,0.1636465175142768,0.16156864872623544,0.5929635450957093,0.11301312046783518,0.4480161377240414,0.6503764357669981,0.14401029967360068,0.5861553643974406,0,0,-0.11315313115850238,0.0014414744334177929,0.03459456160261824
2015-05-06,26.96999931335449,27.09000015258789,26.559999465942383,26.6299991607666,701900.0,0.16405856374713923,0.16173724007412438,0.5489303641617336,0.11315059929575505,0.4334780488761669,0.5541463705046991,0.1444228615107338,0.5838464448428428,0,0,-0.08776492214839668,0.030494667935489893,0.07326148253694267
2015-05-07,26.649999618530277,26.790000915527344,26.43000030517578,26.559999465942383,496600.0,0.1643469958481709,0.16182340885029078,0.5369695748912297,0.11324725570307498,0.424697916902159,0.5168883019397988,0.13852017599875943,0.58221286534318,0,0,-0.07660529750163132,0.04280891223896867,0.07810739726835852
2015-05-08,26.899999618530277,26.989999771118164,26.68000030517578,26.850000381469727,671100.0,0.16482771718087721,0.16201073264956561,0.5769273418038797,0.11338087680710807,0.43626035493667475,0.5404457840788627,0.1407101205024407,0.5844204674418987,0,0,-0.0862198439090769,0.03350908565108619,0.07906628101263828
2015-05-11,26.81999969482422,26.899999618530277,26.61000061035156,26.6299991607666,444200.0,0.1651390403996967,0.16220554921501967,0.5365297962455493,0.11346772288930174,0.42535768976225097,0.5132115977144169,0.13906052456773077,0.582959259198342,0,0,-0.06852886876894607,0.03612667437325484,0.08715084243361201
2015-05-12,26.489999771118164,26.790000915527344,26.25,26.59000015258789,490500.0,0.16539542458652928,0.16216995759311575,0.5290549061462265,0.11356326419081153,0.4232707910356389,0.485380211139038,0.11939024144327737,0.5813457458181878,0,0,-0.05670297696090379,0.04881716805776108,0.09125048373098892
2015-05-13,26.670000076293945,26.82999992370605,26.520000457763672,26.649999618530277,677900.0,0.16561060406275163,0.1622561263692821,0.538786117908236,0.11369587087799188,0.4243759688130474,0.4968300149806662,0.10296703437250387,0.5835757167058668,0,0,-0.06355774818952517,0.042121129477481166,0.08762692404419885
2015-05-14,26.86000061035156,27.01000022888184,26.649999618530277,27.0,365100.0,0.16595855446721597,0.16241535167012405,0.5940647019479138,0.11376927103226026,0.4209991990026284,0.5173072301447497,0.09609399388994361,0.58477672330137,0,0,-0.07016888803004508,0.034896822457330806,0.06454031286959352
2015-05-15,26.989999771118164,27.25,26.950000762939453,27.15999984741211,529000.0,0.166626984886911,0.16259330942235184,0.6180549319993207,0.11387691018838647,0.431095528043066,0.5367249219700752,0.10034620231779795,0.5865168835013733,0,0,-0.07407407407407407,0.029629672015154804,0.021851857503255075
2015-05-18,27.13999938964844,27.5,27.13999938964844,27.489999771118164,447500.0,0.1673503552118331,0.16291737950934732,0.6651689631085749,0.11397025329258331,0.4293111823372183,0.5575244214503774,0.11461782501304724,0.5879889471866313,0,0,-0.0791605165909136,0.023932309629259328,0.012886612055819733
2015-05-19,27.540000915527344,27.709999084472656,27.21999931335449,27.25,602000.0,0.16793637708354778,0.16324894271981377,0.6087125086309858,0.11409347252373297,0.4151175028760736,0.5509218506826926,0.13601884770370637,0.5860086514580831,1,0,-0.09276104640380133,0.009094216154292503,0.001818815477513303
2015-05-20,27.26000022888184,27.280000686645508,26.940000534057617,27.190000534057617,847500.0,0.1684857726428578,0.16361047770958081,0.59463084907246,0.11426600805949155,0.42047516529453466,0.5147070300015447,0.13875061562067637,0.5832207766575107,0,0,-0.08330276909224497,0.019449566482403827,0.011376127190546028
2015-05-21,27.1200008392334,27.309999465942383,26.88999938964844,27.270000457763672,848700.0,0.16907637291277808,0.16396639285674464,0.6080705116543311,0.11443970742584075,0.43137293249303416,0.512293297333649,0.13830030735018056,0.5860125988914291,0,0,-0.0783376618712177,0.024641414605884888,-0.0011033720506157987
2015-05-22,27.200000762939453,27.440000534057617,27.170000076293945,27.36000061035156,392700.0,0.16970359949510302,0.16432605456564398,0.6235845382780487,0.11452058539576859,0.43972945468170493,0.5283084830008098,0.14384626692210584,0.587304396453889,0,0,-0.08104147248710844,0.021635502115289466,-0.010267718443172692
2015-05-26,27.25,28.350000381469727,27.170000076293945,28.31999969482422,2130600.0,0.17095805178651272,0.16493298363241937,0.757425678729481,0.11499105557542466,0.4945435422690449,0.6016542099370422,0.18200744149807035,0.5943130643596112,0,0,-0.08260234570414347,0.04020469140828693,-0.031067264711541285
2015-05-27,28.420000076293945,28.96999931335449,28.270000457763672,28.84000015258789,1650000.0,0.17248262345937185,0.16555302530797733,0.8105235838129418,0.11536820084981586,0.5152684520231341,0.6785722118282471,0.23325827385151743,0.599740785210283,0,0,-0.12111583129016242,0.019420877224128698,-0.06638415187236713
2015-05-28,28.86000061035156,28.86000061035156,28.38999938964844,28.399999618530277,978400.0,0.17375081094539835,0.16611499670580182,0.7034233620977676,0.11558475617607034,0.4941406521212809,0.6407848118499585,0.28084833246543256,0.596522311222224,0,0,-0.13418865529673477,0.0038141020256915363,-0.06761445050701467
2015-05-29,28.440000534057617,28.670000076293945,28.40999984741211,28.600000381469727,1047700.0,0.1753715272340948,0.1666544894477967,0.7262895511455864,0.11581970363107102,0.5198198882005115,0.618517746642014,0.3250391011783536,0.5999687494860112,0,0,-0.12147890173521042,0.018661929099149027,-0.036267630298609535
2015-06-01,28.530000686645508,29.0,28.459999084472656,28.649999618530277,1243000.0,0.17609031916081133,0.16724268606318632,0.732095853602683,0.11609909436210492,0.4886731766709719,0.6046317702989593,0.3742451212363023,0.6040576325268507,0,0,-0.12377625413672902,0.016433542205789978,-0.03146858440120958
2015-06-02,28.600000381469727,28.799999237060547,28.450000762939453,28.530000686645508,411700.0,0.17644742636168684,0.16781027730361403,0.7010974084401456,0.11619077703679509,0.45822810330581387,0.5701519584363627,0.41919189943261875,0.6027033339364134,0,0,-0.12600351338283028,0.013961592455713726,-0.054101262305311454
2015-06-03,28.65999984741211,29.100000381469727,28.46999931335449,28.96999931335449,1009700.0,0.17739971135744811,0.1684734033672552,0.7551256035838086,0.1164224446225347,0.49314303458517045,0.5721659899984215,0.4681491919607396,0.6060247701442457,0,0,-0.12863652253649685,0.015422380773498378,-0.04696810796836489
2015-06-04,28.950000762939453,29.06999969482422,28.6200008392334,28.690000534057617,473400.0,0.1783428404300383,0.16907471294871912,0.6837160734400771,0.11652889736946814,0.49701365129256747,0.5508499625179678,0.513609535022566,0.6044675076892712,0,0,-0.13669316830103692,0.0051777570619798785,-0.0755954637889161
2015-06-05,28.549999237060547,29.040000915527344,28.38999938964844,29.01000022888184,954100.0,0.17946452266644622,0.16983337455015723,0.7242450680778402,0.11674807938685738,0.5174261931015229,0.5403916472247476,0.5371853953368371,0.6076060461520748,0,0,-0.12408502613014394,0.019170482194877575,-0.06239104129865098
2015-06-08,29.0,29.11000061035156,28.739999771118164,28.780000686645508,1188000.0,0.18034813343560377,0.17055457124882367,0.6667629918545678,0.11701640601885172,0.4971742351666204,0.5356265905920514,0.5612470973369112,0.603698087139591,0,0,-0.13822820397255808,0.00379181694187111,-0.09548433077935342
2015-06-09,28.780000686645508,28.850000381469727,28.479999542236328,28.600000381469727,603000.0,0.18125005779758366,0.1712289369976714,0.6231283235000762,0.11715077397376389,0.5006524295127452,0.5093692262577978,0.5630591937175984,0.6017145018832546,0,0,-0.13168870135871746,0.01146629311441183,-0.0875608199319119
2015-06-10,28.770000457763672,29.07999992370605,28.690000534057617,28.93000030517578,998300.0,0.18232137852697014,0.17191828863616943,0.6712620278759401,0.11737820839478846,0.502750903245392,0.5251114617750022,0.5731139339920079,0.6049984374743005,0,0,-0.132167854413548,0.011888117064787772,-0.09020978633894239
2015-06-11,28.96999931335449,29.209999084472656,28.82999992370605,29.209999084472656,594000.0,0.18349342139715932,0.17266383727153317,0.7088009917750221,0.11751602995590898,0.517051048920984,0.5358943128567357,0.5869712620558469,0.6069524169805424,0,0,-0.13757343588842874,0.008295878623797662,-0.10646387456674218
2015-06-12,28.3700008392334,29.09000015258789,28.3700008392334,28.93000030517578,689700.0,0.18437703216631687,0.1733419495821164,0.6385687594797916,0.117672924996996,0.5178307794092369,0.503454951254608,0.5662950347737767,0.6046836296649616,0,0,-0.07257791529203918,0.028757215733217226,-0.09756934169110328
2015-06-15,28.739999771118164,28.88999938964844,28.420000076293945,28.809999465942383,571700.0,0.185132450405438,0.17392639963577045,0.609368295640707,0.11780181815498059,0.5211952730609748,0.4898118193119194,0.5470956808689971,0.6028030066283985,0,0,-0.08606981489290498,0.01624608739704735,-0.09263741019374654
2015-06-16,28.71999931335449,28.82999992370605,28.520000457763672,28.68000030517578,825800.0,0.18567726756654238,0.17444528664551173,0.5775317136843763,0.11798618520100485,0.5131439293810395,0.4824649940132793,0.5292677093859874,0.6000865145808318,0,0,-0.08573409785287875,0.017007975709871802,-0.0871225364599197
2015-06-17,28.81999969482422,29.020000457763672,28.51000022888184,28.709999084472656,798900.0,0.18634569798623743,0.17500163820073295,0.5830062011987354,0.11816477255385238,0.5203813810927663,0.4890197262931709,0.5217962846415354,0.6027145183308935,0,0,-0.08960947236672169,0.013598304933701679,-0.09414221850979411
2015-06-18,28.75,29.049999237060547,28.75,28.940000534057617,682000.0,0.18714689933417447,0.17560294778219687,0.6248174646334548,0.1183195655355943,0.5159703786956152,0.5188684221110631,0.5162826411307933,0.6049579762825046,0,0,-0.08707767606137212,0.016022260506495082,-0.08812263209070674
2015-06-19,28.959999084472656,28.959999084472656,28.670000076293945,28.729999542236328,760100.0,0.18781532975386953,0.17612745427724963,0.5681158332938092,0.118489460994401,0.49294216642557703,0.4885237691075954,0.5043417773173597,0.6024576062106284,0,0,-0.09364198460478373,0.008638562383777124,-0.09364198460478373
2015-06-22,28.96999931335449,29.040000915527344,28.899999618530277,29.0,678900.0,0.18856616959478503,0.1767268905778458,0.6184934128503125,0.11864395989184923,0.4956048572801969,0.5606799816039323,0.4975568474473297,0.6046908666260957,0,0,-0.0946745338215472,0.008353629479364974,-0.09537068620868068
2015-06-23,29.07999992370605,29.170000076293945,28.93000030517578,29.15999984741211,601900.0,0.188950746311654,0.17732819980201792,0.6466947368521915,0.11878235047271668,0.46570661522070306,0.6156969575247694,0.49814424471559665,0.6066708334018651,0,0,-0.0975862042657259,0.004482729681607073,-0.12206893131650715
2015-06-24,29.1299991607666,29.170000076293945,28.8799991607666,28.920000076293945,554600.0,0.1889873726240587,0.17786956546758875,0.5792229166121083,0.11890771064498346,0.43645434863795785,0.5480855833791575,0.49383022561309814,0.6048464612904817,0,0,-0.0895061288292346,0.002743481622931302,-0.13340190020589685
2015-06-25,29.059999465942383,29.1299991607666,28.799999237060547,29.0,709600.0,0.1892620704037137,0.17839781852437708,0.5950079611541376,0.119068888975492,0.4585608286286978,0.5312197645132861,0.48193442625039434,0.6071807102090494,0,0,-0.08333332783728484,0.005186708787502038,-0.133471600719912
2015-06-26,29.06999969482422,29.11000061035156,28.540000915527344,28.57999992370605,2604200.0,0.18925291360730248,0.1788361562432635,0.48452576518430335,0.11964234373028831,0.40321250060753056,0.3932688426469513,0.4472964583006768,0.5986141219427951,0,0,-0.07517242431640613,0.004827565160290948,-0.11413791261870274
2015-06-29,28.190000534057617,28.40999984741211,27.559999465942383,27.57999992370605,959400.0,0.18876303635142513,0.1791883248286918,0.2964098354256718,0.11983826672516545,0.39211228357446726,0.035929318039206515,0.44499836021123534,0.5954581489827134,0,0,-0.0454863942575057,0.035689242587050814,-0.09272217024508096
2015-06-30,27.84000015258789,27.84000015258789,27.290000915527344,27.489999771118164,979200.0,0.18828689341692442,0.17948429641725433,0.2829002565948747,0.12003666160777021,0.391226552446207,0.08386145366820341,0.4536747039194124,0.5922370433724239,0,0,-0.03444527793935518,0.04967363798674995,-0.07396667589450882
2015-07-01,27.76000022888184,27.90999984741211,27.459999084472656,27.59000015258789,990100.0,0.18765508930963407,0.17978776112928796,0.3075610723224971,0.12023860449858043,0.3706704808855584,0.2136323932716387,0.45647946965355374,0.5954940048356058,1,0,-0.03164790274561763,0.05274641206487859,-0.05529285087010566
2015-07-02,27.71999931335449,27.86000061035156,27.3700008392334,27.56999969482422,822500.0,0.18714232006272866,0.1800837327178505,0.30412774558377875,0.12040595169824714,0.3742294544365547,0.26361336435038485,0.4628641463646342,0.5927883682297406,0,0,-0.030083360605860494,0.054005065707779944,-0.05146792564119462
2015-07-06,27.299999237060547,27.600000381469727,27.040000915527344,27.09000015258789,1605000.0,0.18626328769177677,0.18029166224937893,0.2272432262102444,0.12072012065416671,0.3298163332872887,0.26118748384826707,0.48166435495572607,0.5875086761295415,1,0,-0.009430479666708637,0.06927819617534048,-0.026840760947019017
2015-07-07,27.170000076293945,27.25,26.3799991607666,26.920000076293945,1000100.0,0.18541172483681825,0.1804658734398712,0.2028840251817719,0.12091298068076772,0.3536559789718716,0.2611193611898548,0.519075570403847,0.5842188193884768,0,0,-0.029162086049374772,0.0753045033845757,-0.034330022146084736
2015-07-08,26.809999465942383,26.809999465942383,26.270000457763672,26.399999618530277,984600.0,0.18440449993582994,0.18061947889810986,0.13660111354062876,0.12109470447478299,0.34758345096842513,0.26812740700402166,0.5566143347381041,0.5809799503281303,0,0,-0.02005939846390417,0.08915303163924357,-0.03974738825377911
2015-07-09,26.790000915527344,26.790000915527344,26.440000534057617,26.540000915527344,749100.0,0.1833102880886557,0.18081242253998797,0.17651073008278761,0.1212344693799478,0.33637214271786214,0.3050132970613427,0.5914717587627716,0.5834441355943354,0,0,-0.01969698732111652,0.09166659863308123,-0.05340915814904239
2015-07-10,26.82999992370605,27.020000457763672,26.670000076293945,26.90999984741211,782200.0,0.18225728095209168,0.1810521971316848,0.2753840120123169,0.12138478899304816,0.3302020578562817,0.34330638473703184,0.6045008215676166,0.5860172042303327,0,0,-0.021100205223231517,0.08967592609893907,-0.09231351463541457
2015-07-13,27.13999938964844,27.459999084472656,27.1200008392334,27.40999984741211,664000.0,0.181561380143163,0.18149240813143902,0.38955409539844377,0.12151745178161044,0.33194125797253154,0.3882983676009424,0.5846356726094646,0.5882014506817546,0,0,-0.03232994934291817,0.07692306601864525,-0.11742846025010309
2015-07-14,27.489999771118164,27.739999771118164,27.18000030517578,27.6299991607666,551200.0,0.18102114138026423,0.1815954360781234,0.4344267310365092,0.12162939104248632,0.3310787273375292,0.40805386475949024,0.5487876323645644,0.5900146383986579,0,0,-0.044509278370889055,0.06275079616670937,-0.129514748515977
2015-07-15,27.68000030517578,27.68000030517578,27.01000022888184,27.049999237060547,675900.0,0.18027487906431408,0.18146430927571433,0.33633261914910506,0.12176048870605094,0.3184357089972064,0.39040583558377184,0.5232850632362396,0.5877912465665553,1,0,-0.05103148354105808,0.055374550335470396,-0.12377850814958379
2015-07-16,27.280000686645508,27.31999969482422,27.01000022888184,27.31999969482422,526900.0,0.1796384965588181,0.1815448585665692,0.3914694321738783,0.12186482952655014,0.3326519706550642,0.39247707547776256,0.4996041061885091,0.5895244987582032,0,0,-0.03733827199144831,0.07134929583224921,-0.08983365522045919
2015-07-17,27.26000022888184,27.350000381469727,26.6200008392334,26.76000022888184,974000.0,0.17864042845424097,0.18156921086055833,0.3066317984288316,0.12204910792529611,0.3167467927777885,0.37030694090688693,0.4948738983833238,0.5863204986924127,1,0,-0.03623718089959289,0.07137624002097791,-0.09004396117498276
2015-07-20,26.8799991607666,26.8799991607666,26.450000762939453,26.76000022888184,572600.0,0.17773850496550123,0.18160667576333,0.30663179842883137,0.12215735710222558,0.3309503046304837,0.355134017468781,0.4972184754358267,0.5882040823039852,0,0,-0.022795168078681975,0.08707025051484513,-0.08445434612119346
2015-07-21,26.780000686645508,27.049999237060547,26.21999931335449,26.229999542236328,524900.0,0.1764703174794747,0.1814905348505712,0.23480067297987994,0.12225222415796638,0.3146197925237604,0.3411977414710016,0.5080076707440324,0.5864774091679139,0,0,-0.02092680749257298,0.09080711423927687,-0.10426012300687948
2015-07-22,26.09000015258789,26.5,26.06999969482422,26.26000022888184,716300.0,0.17514261256325567,0.18142122524492293,0.24184616346047616,0.1223819345712493,0.3017085389131777,0.32360510193741526,0.5233623730759167,0.5888336979226632,0,0,-0.000762503168612967,0.11894773108405321,-0.06671750021124087
2015-07-23,26.399999618530277,26.690000534057617,26.149999618530277,26.190000534057617,660800.0,0.17389273867005156,0.1813462957966714,0.23227575592121896,0.1225007950216273,0.2984290769944729,0.33612253015991506,0.5229190791731253,0.5866599779601638,0,0,-0.012566638264652817,0.10700683326163209,-0.06359482337160124
2015-07-24,26.15999984741211,26.36000061035156,25.75,25.88999938964844,600900.0,0.1724688891379952,0.18120392966634752,0.19219844460653868,0.12260602224004957,0.28875924194703206,0.30468529850431525,0.5372296654203959,0.5846833007121827,1,0,-0.01565482394240288,0.11492936874772551,-0.0557464320237056
2015-07-27,25.709999084472656,25.71999931335449,25.299999237060547,25.520000457763672,943500.0,0.17106793159696687,0.18092669052917076,0.14754169196645478,0.1227657153224318,0.33518960817595306,0.25373714592965435,0.5641161471240754,0.5815796312439349,0,0,-0.015836224684348157,0.1336423744067254,-0.011201197953471595
2015-07-28,25.61000061035156,26.09000015258789,25.26000022888184,26.059999465942383,883500.0,0.1703720307880382,0.18072063427851015,0.28136020633020087,0.12292248965223218,0.3704424206843096,0.309941549152136,0.5632322778362302,0.5844859290448855,0,0,-0.013714748244185187,0.13949840917261294,-0.023510986312979782
2015-07-29,26.06999969482422,26.26000022888184,25.709999084472656,26.209999084472656,549700.0,0.16978600891632353,0.18048085968681327,0.3150671215514258,0.12302123552220484,0.3850164082522256,0.35496282060529594,0.5515009423483577,0.5862941824701063,0,0,-0.031082098332387207,0.11895627187257213,-0.04566387407692851
2015-07-30,26.11000061035156,26.399999618530277,25.8700008392334,26.1200008392334,642400.0,0.1691130000984229,0.18026918395084113,0.30108433578518123,0.12313567054435015,0.3927765736768984,0.37188958073665945,0.5317827957254462,0.5841809898189114,0,0,-0.0324303857749189,0.11674931601791597,-0.04120564522819329
2015-07-31,26.170000076293945,26.32999992370605,26.01000022888184,26.21999931335449,482700.0,0.16849493031250917,0.18008747963687782,0.3253383471709381,0.12322235358636685,0.3989150586708774,0.38606802246117566,0.5134730881470282,0.5857688448823171,0,0,-0.034839196714161115,0.11485451392076018,-0.04287905066033182
2015-08-03,26.25,26.520000457763672,26.040000915527344,26.25,559600.0,0.1681103535956402,0.17989640927586747,0.33289964022078666,0.12332305236936669,0.4242981080552358,0.40387025806551885,0.48396972075894623,0.587609664632642,0,0,-0.03775742933043973,0.11136537577278721,-0.034706326134365084
2015-08-04,26.280000686645508,26.51000022888184,26.020000457763672,26.229999542236328,702200.0,0.16779445110537491,0.17968473318260347,0.32906859233327956,0.12344911401413827,0.41735033013509826,0.4052722264876771,0.4575987382185686,0.5852997582197075,0,0,-0.038857160295758794,0.11009521484375,-0.02361907958984375
2015-08-05,26.459999084472656,26.459999084472656,25.51000022888184,25.540000915527344,761900.0,0.16740071846533489,0.1791639732492863,0.21378672422231948,0.12357767981763917,0.41321804239092486,0.3501854050818179,0.45662213533936896,0.5827934669978124,0,0,-0.04574909937221092,0.10331685242531417,-0.027449459623326636
2015-08-06,25.57999992370605,25.57999992370605,24.670000076293945,25.239999771118164,920200.0,0.16680553979720902,0.17848960750043852,0.17330680619884115,0.1237285676188562,0.424474078894209,0.2767425261232743,0.4830757252358299,0.5797664435270317,0,0,-0.03563037646012224,0.1389976158889754,-0.0019576834482470866
2015-08-07,25.11000061035156,25.43000030517578,24.920000076293945,25.200000762939453,745300.0,0.1660226520420944,0.17789017155713416,0.16801856127444004,0.12385021381343153,0.4200527623947649,0.29546196943658154,0.5076397729968292,0.5773147584664221,0,0,-0.01743266790996968,0.15847860682539122,0.019017414682609843
2015-08-10,25.440000534057617,25.8700008392334,25.290000915527344,25.76000022888184,1167300.0,0.16526723380297326,0.1773581719386103,0.3196464408480806,0.12405062543319512,0.425254038438357,0.36185432259993916,0.5017024418864713,0.5811546242536884,0,0,-0.0305555727956992,0.11785711204113697,-0.009523800152860364
2015-08-11,25.25,26.049999237060547,25.06999969482422,25.540000915527344,2313700.0,0.16431037128224657,0.17677559516582403,0.28400348854958934,0.12443932710734468,0.41652998555653986,0.35707457802504317,0.5036959760725763,0.5735436438099311,0,0,-0.022515524788534937,0.10326086272428467,-0.005822966506114214
2015-08-12,25.209999084472656,25.8799991607666,25.170000076293945,25.799999237060547,1221500.0,0.1637380846051487,0.17626420092226203,0.3476233795865755,0.12464905705132917,0.4478699168681229,0.37437850992520283,0.5055471149596737,0.5775618020033224,0,0,-0.021143265028248773,0.1057165491837534,-0.02036016177661528
2015-08-13,25.959999084472656,26.309999465942383,25.8700008392334,26.239999771118164,838800.0,0.16324362895106576,0.17575280703599178,0.44354890101131383,0.12479860209497873,0.44878503615892434,0.4715480475110134,0.48073397180164373,0.5803210579121366,0,0,-0.049999963035878114,0.07364347217303926,-0.06124030893134506
2015-08-14,26.25,26.350000381469727,26.030000686645508,26.299999237060547,878500.0,0.16303302699980884,0.17530510291276657,0.455863409902154,0.12495589916576977,0.47327205144426615,0.4976670512893217,0.45537951090077294,0.5832109080741459,0,0,-0.060213412251822064,0.05678352835803667,-0.08536584568052027
2015-08-17,26.200000762939453,26.6200008392334,26.059999465942383,26.559999465942383,1385100.0,0.1629414607821771,0.17484615946162652,0.5084521652486069,0.12520915081232242,0.4902546520926329,0.5408235458262649,0.41652866736895905,0.5877672330137008,0,0,-0.05817493273876271,0.05855509706664276,-0.09961980666301455
2015-08-18,26.459999084472656,26.540000915527344,26.1200008392334,26.239999771118164,729900.0,0.16294603918038272,0.17437035683996838,0.44040573099150626,0.12533887781939934,0.49430947849659845,0.5213123028066798,0.38045288408941763,0.5853662066810309,0,0,-0.06739454232572589,0.04819279790599543,-0.09111439072310418
2015-08-19,26.13999938964844,26.13999938964844,25.63999938964844,25.739999771118164,707500.0,0.16270796771313237,0.173834610659709,0.3487044428213597,0.12545910402273186,0.48737209885905863,0.4282269328940259,0.36970045668416857,0.5830388657708185,0,0,-0.056021315784175206,0.060975624825683535,-0.07812497160601896
2015-08-20,25.40999984741211,25.489999771118164,24.93000030517578,25.3799991607666,2123200.0,0.16233712531764002,0.17316961095790834,0.2919752897927347,0.12580767023487827,0.5250260905279648,0.32004913798779017,0.38519326804839243,0.5760545403707297,0,0,-0.028749020112598778,0.09052058836148302,-0.03146851100019244
2015-08-21,25.190000534057617,25.239999771118164,24.36000061035156,24.3799991607666,2109200.0,0.16164580290691696,0.17226483702170264,0.16958365280362903,0.12612090290370603,0.49070093771963696,0.24105213292019764,0.41513619061706514,0.5691162683596769,0,0,-0.03270291375695176,0.10047278650042021,0.0023640452295653476
2015-08-24,23.149999618530277,24.309999465942383,22.63999938964844,23.979999542236328,2422800.0,0.16094074530157712,0.17133758407237548,0.13132085285002104,0.12646506611821967,0.5195791600263024,0.15934793460436525,0.4732108775255474,0.5611464004342176,0,0,-0.020918795998260385,0.18826908575018833,0.09351930948031305
2015-08-25,24.61000061035156,24.649999618530277,23.920000076293945,23.940000534057617,1428500.0,0.15997014758623362,0.17042531736999056,0.1275739037202332,0.12666672131860224,0.47546225445019497,0.2725673977581949,0.5104260483655878,0.5564473099886511,0,0,-0.08215184563424723,0.12802334251162042,0.043786457760817354
2015-08-26,24.440000534057617,24.450000762939453,23.729999542236328,24.26000022888184,2415900.0,0.15907738089390505,0.16959734616290412,0.20382367012819874,0.1270189064640827,0.48951326282269586,0.29967427148383463,0.5480112702214965,0.5643944801723711,0,0,-0.07518801605072863,0.1215538756263716,0.061821199215549114
2015-08-27,24.6299991607666,25.01000022888184,24.38999938964844,24.850000381469727,1270600.0,0.15849593742039597,0.16887427654066173,0.32724263379920393,0.12721522544207714,0.5027526500726354,0.3734743955237554,0.5566387485984667,0.5685741541801674,0,0,-0.08202801947005096,0.11211876319213422,0.0539984072931476
2015-08-28,24.700000762939453,25.040000915527344,24.6299991607666,24.799999237060547,839500.0,0.15784581972028316,0.16809875576870553,0.320353197238169,0.12734415838957147,0.49677159408154126,0.38817627973972113,0.5632959442086347,0.5658125956019013,0,0,-0.08289743829650499,0.09456734157128836,0.036619711607355915
2015-08-31,24.75,24.90999984741211,24.51000022888184,24.6200008392334,704200.0,0.15709955827757324,0.16732885519664442,0.29502961003937767,0.1274502957760545,0.4917509624119144,0.3808931234838341,0.5721609768368614,0.5634961101333903,0,0,-0.08508067238963551,0.09274190757326642,0.026612897891779803
2015-09-01,24.21999931335449,24.440000534057617,23.850000381469727,23.989999771118164,974200.0,0.15607402065700268,0.16639036291940257,0.21582408723412583,0.12758765350396617,0.4833833728118086,0.33311600189712065,0.5939357104784271,0.5602914521620421,0,0,-0.06417546181347915,0.10032498523586719,0.0528026441955906
2015-09-02,24.209999084472656,24.34000015258789,23.729999542236328,24.34000015258789,853200.0,0.15552462509769263,0.16548746226406458,0.28972121065960166,0.1277123884421799,0.515242759551176,0.3495725244360447,0.6164153014263674,0.5630980772710077,0,0,-0.06544392287632932,0.1033764682470178,0.06961234231875557
2015-09-03,24.440000534057617,24.959999084472656,24.399999618530277,24.729999542236328,988000.0,0.1552911320286479,0.1647025754450614,0.365058829443736,0.12786256276023666,0.5141011699481891,0.40794153001906525,0.6076732338123074,0.5663481307258342,0,0,-0.07395238837818148,0.08956451485247827,0.05957267241169907
2015-09-04,24.3700008392334,24.8700008392334,24.3700008392334,24.700000762939453,870200.0,0.15506221735780876,0.16389708325109636,0.36061111125761247,0.12799431157066826,0.5182771739508703,0.40659679441400765,0.6002976321534599,0.5634855836444678,0,0,-0.06995557952317348,0.09098261389601842,0.0655074388140595
2015-09-08,25.13999938964844,25.440000534057617,24.899999618530277,25.420000076293945,876000.0,0.1549065553117789,0.1633051400739713,0.48649380075573356,0.12813641485268917,0.5200375196481348,0.4657338940727067,0.5687919509033745,0.5663672099870063,0,0,-0.10121457177244575,0.059919085176936164,0.028744978538081268
2015-09-09,25.700000762939453,25.809999465942383,24.920000076293945,25.01000022888184,1436800.0,0.15466390544632297,0.16282371796700168,0.4213402594924469,0.12836026834864211,0.49865300292937653,0.4670570864948445,0.5253327835105019,0.561640816460797,0,0,-0.12037770905219991,0.03619197771568515,-0.005114125402244593
2015-09-10,25.049999237060547,25.18000030517578,24.75,24.8799991607666,822300.0,0.15424270241704932,0.16233480273656098,0.40151542847441,0.12848661427260843,0.4728046431741913,0.4395122616050996,0.4904742530691106,0.5589358377604894,0,0,-0.09636144843489486,0.06277495353077987,0.03838468544725051
2015-09-11,24.770000457763672,25.040000915527344,24.559999465942383,25.030000686645508,644800.0,0.15368872933277386,0.16185525391045918,0.4283695386644827,0.1285870836882264,0.4737403779545124,0.43907401661472084,0.46423725329702287,0.5610569252783763,0,0,-0.08561097829432569,0.07435693102381617,0.07998391632810858
2015-09-14,25.030000686645508,25.09000015258789,24.940000534057617,25.049999237060547,592400.0,0.15311644265567598,0.16138319785053656,0.43207906546165054,0.1286795112748052,0.46708139347411226,0.46560997570904383,0.43770611233614204,0.5630056415401569,0,0,-0.09548546669725928,0.06352377582778966,0.07990411286992409
2015-09-15,25.1299991607666,25.350000381469727,25.059999465942383,25.34000015258789,500600.0,0.15255789117319496,0.16105538120180563,0.48574553372749163,0.12875977686967305,0.4544307565751864,0.5103795057637079,0.4017722476987104,0.5646523791509728,0,0,-0.09940119149521962,0.05948110674041038,0.06027945209067512
2015-09-16,25.420000076293945,25.739999771118164,25.34000015258789,25.65999984741211,389400.0,0.15229235018995116,0.16081935317184437,0.5405987810337941,0.12882407599215018,0.4655411932083387,0.575182552884816,0.36469622321082323,0.5659333212717313,0,0,-0.10970799802310151,0.047355988781116916,0.0761641789089996
2015-09-17,25.68000030517578,25.979999542236328,25.600000381469727,25.739999771118164,846000.0,0.15229235018995116,0.16069571949290629,0.5539718094453541,0.12896471109860652,0.46964547771666093,0.6083579887528241,0.33923780372727846,0.5687162617806213,0,0,-0.11847236685911101,0.036632912690855654,0.05339044972842953
2015-09-18,25.40999984741211,25.84000015258789,25.299999237060547,25.530000686645508,1574400.0,0.152361025289795,0.1605065224127637,0.5085213038991321,0.12922110529459202,0.43869411170979156,0.5664243004912378,0.30291748286070314,0.5635372292307439,0,0,-0.1076146263556605,0.047008585958846175,0.07264960589982804
2015-09-21,25.670000076293945,25.940000534057617,25.459999084472656,25.59000015258789,970600.0,0.15291499924731064,0.16025925505488764,0.5198716674608718,0.12937985135451618,0.470583989696963,0.5660489841901509,0.2732215587810842,0.5667300449020543,0,0,-0.11868392499615042,0.03721115305086495,0.048178594169789125
2015-09-22,25.270000457763672,25.530000686645508,24.90999984741211,25.200000762939453,721600.0,0.1534735516030319,0.15984526962999035,0.43686926297153694,0.12949351106295748,0.4398456685208683,0.4930036576213653,0.2550085333144726,0.5643563216500271,0,0,-0.102774562424114,0.052754997007422935,0.04806563246979659
2015-09-23,25.290000915527344,25.399999618530277,24.979999542236328,25.100000381469727,688600.0,0.1540046335695195,0.15937134064649178,0.41685128228554214,0.12960085435010243,0.4612979299772138,0.4783773032897584,0.23809643823833332,0.5620911528150133,0,0,-0.10515878752575852,0.052777773152373385,0.042857138532089396
2015-09-24,24.93000030517578,24.93000030517578,24.479999542236328,24.690000534057617,1025400.0,0.15420150032615956,0.1589292567231616,0.3401628659267574,0.12975420259249798,0.4367128590608137,0.3899531859394598,0.24032734570294678,0.5587180710209049,0,0,-0.0912350948495583,0.06733069754474082,0.04980079605587665
2015-09-25,24.86000061035156,24.86000061035156,24.190000534057617,24.3799991607666,897800.0,0.15398631997669707,0.15837852465325192,0.2889564233963319,0.12988413055822817,0.4163117657729707,0.35431575894716916,0.2516352217355426,0.5557647329725818,0,0,-0.08991499281827992,0.07128392834394956,0.06520853253049073
2015-09-28,24.350000381469727,24.5,23.959999084472656,24.01000022888184,1224000.0,0.15362463525085612,0.15786338420524615,0.23414504361224797,0.13005423357581658,0.3989485397582565,0.3143347583155073,0.2690911070655294,0.5517383509597197,0,0,-0.0701395016687735,0.09310912780574084,0.09064803775830668
2015-09-29,23.950000762939453,24.01000022888184,23.34000015258789,23.57999992370605,1265400.0,0.1531484923163554,0.15726769446638555,0.17854265773825412,0.1302216534476836,0.398095455803521,0.2624379697926338,0.3017844498110202,0.5475757824964226,0,0,-0.05456065642661677,0.10787172544348236,0.10578921216016166
2015-09-30,23.84000015258789,24.11000061035156,23.6200008392334,24.040000915527344,888700.0,0.15317138430738342,0.15685745560322378,0.2899288048318771,0.1303452804427691,0.4214089659967652,0.30728948498349123,0.3266557027117914,0.5504991858418723,0,0,-0.05089061776175131,0.09754025634021551,0.11280745784642221
2015-10-01,24.030000686645508,24.299999237060547,23.790000915527344,24.09000015258789,868700.0,0.15305692697196382,0.15645096294450572,0.30141085510266596,0.13046667540614637,0.40717880548286617,0.3284242095952915,0.33928028360431345,0.5533567986315564,0,0,-0.05782035125045566,0.08111475795873717,0.09234605777076337
2015-10-02,23.729999542236328,24.600000381469727,23.459999084472656,24.600000381469727,682800.0,0.15299740954177132,0.15615311807507543,0.4109160711214349,0.1305672724849125,0.4174741942625369,0.35935469972757894,0.36038398072332817,0.555602888205398,0,0,-0.04524699649994783,0.09339975034239639,0.09173935150780303
2015-10-05,24.75,25.309999465942383,24.63999938964844,25.25,1391900.0,0.15324921533039831,0.15603323095787291,0.5242679968281884,0.13078577110912393,0.4350437140411491,0.4705459202091692,0.3447213035847006,0.5601815819339133,0,0,-0.08577238120455252,0.049999980616375984,0.04593492452210644
2015-10-06,25.280000686645508,25.68000030517578,25.280000686645508,25.43000030517578,1170900.0,0.15325379372860393,0.15601637178735484,0.5520850217016288,0.13097251991239445,0.412600818638651,0.5217974641018003,0.31474707497075943,0.5640332900212174,0,0,-0.07683170431911356,0.027722726954091892,0.01267325524056312
2015-10-07,25.559999465942383,25.93000030517578,25.26000022888184,25.65999984741211,924300.0,0.15355138262604678,0.1559414423391033,0.5868586535862417,0.13112298699099317,0.43955156350742314,0.5372157582465417,0.2786662458711385,0.5670738005559302,0,0,-0.08729843832926162,0.01651592887352276,0.009044492600267434
2015-10-08,25.84000015258789,26.09000015258789,25.489999771118164,25.920000076293945,965800.0,0.1540275255605475,0.15588711862310534,0.6245167003499434,0.13128384299898294,0.4546704870930837,0.5523678974750647,0.25130301640128866,0.5702508264938567,0,0,-0.09742790393087757,0.009742790393087756,-0.0031176899525242737
2015-10-09,25.90999984741211,26.09000015258789,25.739999771118164,25.940000534057617,585200.0,0.15444415019161553,0.15585340028206912,0.6274325705109886,0.13138141064236714,0.4438066152857026,0.551731677351183,0.22589430332214244,0.5721758581555617,0,0,-0.09915122250229864,0.006944456197760852,-0.007330267496078924
2015-10-12,25.959999084472656,25.959999084472656,25.59000015258789,25.61000061035156,611000.0,0.15470053525168828,0.15573913300746994,0.552294886819807,0.13148018599185418,0.42710634697568434,0.5210695939772642,0.19558662740154453,0.5701659566769189,0,0,-0.10100226977423801,0.005011606223544638,-0.027756333790709742
2015-10-13,25.530000686645508,25.81999969482422,25.209999084472656,25.40999984741211,777900.0,0.15473258316588734,0.1555817809874957,0.509530231761232,0.13160351652066277,0.41218539265630305,0.4924448335043405,0.1830365531157273,0.5676070330104113,0,0,-0.08551349011574874,0.02186643704006907,-0.0062475534400197345
2015-10-14,25.46999931335449,25.850000381469727,25.34000015258789,25.520000457763672,652600.0,0.15466848733748922,0.15544878126151068,0.5298312220973165,0.13170798774715303,0.4035326038358948,0.502430642978129,0.169912379693212,0.5697537788450467,0,0,-0.08382523311913867,0.024399875755864917,0.003541918659124285
2015-10-15,25.6299991607666,25.899999618530277,25.36000061035156,25.8799991607666,469800.0,0.15473258316588734,0.15551247102455562,0.592845589323191,0.13178569594534262,0.4169033996447366,0.5187784979530152,0.1551437514756343,0.5712991989999835,0,0,-0.08973350184568862,0.018025116911051933,-0.0007836422435861937
2015-10-16,25.8799991607666,26.049999237060547,25.739999771118164,25.88999938964844,384200.0,0.1548974011350882,0.15563423142262595,0.5945507697223813,0.13184927623585152,0.42139354804650303,0.5350033925895847,0.1335602011618196,0.572563035576243,0,0,-0.09814525079387493,0.00811441262098822,-0.01893353118268208
2015-10-19,25.81999969482422,25.989999771118164,25.6299991607666,25.989999771118164,287400.0,0.1550805326971115,0.15578221703826128,0.6123321496634536,0.13189725340957847,0.43628156937312595,0.5302681692600799,0.11901421821154756,0.5735084458625964,0,0,-0.0957898648397768,0.010428754891034325,-0.008883721423658607
2015-10-20,25.979999542236328,26.350000381469727,25.729999542236328,25.850000381469727,477400.0,0.15537812159455436,0.15579907620877942,0.574387719313391,0.13197591413590004,0.4312790426484835,0.5334567519812582,0.10552242027366304,0.5719380252964686,0,0,-0.10157750722961462,0.014236277125503027,-0.030396268377678518
2015-10-21,26.18000030517578,26.31999969482422,25.51000022888184,25.56999969482422,375200.0,0.15559330107077668,0.1558046956940909,0.5025613121512531,0.13203613153663946,0.43078084075638645,0.5097655047404255,0.08578621064179498,0.5707037944703037,0,0,-0.10986460776316707,0.006576405175444713,-0.04719540435974882
2015-10-22,25.790000915527344,26.11000061035156,25.600000381469727,26.01000022888184,461200.0,0.15619763566207362,0.15584403387773033,0.5891911951683049,0.1321131680934058,0.4378703870247318,0.5146406508119439,0.0674597302693461,0.5722209246862612,0,0,-0.09581543966288639,0.021900644216892022,-0.025420474526265776
2015-10-23,26.21999931335449,26.799999237060547,26.1200008392334,26.76000022888184,930100.0,0.15728726998428247,0.1559414423391033,0.7030220457176267,0.1322788908792601,0.46245719259138446,0.5709022505846221,0.07877490351628375,0.575280514482146,0,0,-0.11072661035845012,0.02229911259524015,-0.04421374888160499
2015-10-26,26.76000022888184,27.26000022888184,26.709999084472656,27.030000686645508,782500.0,0.15866991480572856,0.15607818898411563,0.736637154078078,0.13242136680282934,0.485338043909499,0.6117163601323671,0.10602119731840098,0.5778545699764798,0,0,-0.12780269234089064,0.018684603726585706,-0.07286998304412709
2015-10-27,27.049999237060547,27.170000076293945,26.61000061035156,26.63999938964844,916900.0,0.1600708723467569,0.15609317487376595,0.6399384750097076,0.13258281140130296,0.4759891318765698,0.5930919763522847,0.12539234379548375,0.5748384019474004,0,0,-0.13725486460330077,0.0077691818899969945,-0.0932296887310134
2015-10-28,26.68000030517578,27.3700008392334,26.57999992370605,27.350000381469727,750700.0,0.1615862872232048,0.15630110440529438,0.7282027234362897,0.13272287374454023,0.4775730211208427,0.6244567279191373,0.1505368309562683,0.5773078504580667,0,0,-0.12537538397563633,0.025900921541527216,-0.07770269302740924
2015-10-29,27.3799991607666,27.520000457763672,26.989999771118164,27.049999237060547,1101800.0,0.16294146165541729,0.15654649848230273,0.6607095252398322,0.13292330271113656,0.45712663984438284,0.6178566124009086,0.1791117292943019,0.5736834487409331,0,0,-0.14771476971956118,0.005118877332518229,-0.09798897113152916
2015-10-30,29.06999969482422,29.68000030517578,27.229999542236328,27.280000686645508,2692800.0,0.16416844443083356,0.1569024139867583,0.6890050457206953,0.13342150444146939,0.3907295753637672,0.6700318999358152,0.2522602089395384,0.5825414891692297,0,-1,-0.2118299335988814,0.02255085499284656,-0.15970424460883134
2015-11-02,27.280000686645508,27.36000061035156,26.459999084472656,26.899999618530277,1645300.0,0.1649238626699547,0.15737447004668087,0.6062056497828826,0.13371590886543283,0.3667550179343046,0.5240286171221822,0.28420484968619636,0.5771292290991628,0,0,-0.14442816843426187,0.08797652339155385,-0.08724343871737227
2015-11-03,26.75,26.809999465942383,26.15999984741211,26.5,1873000.0,0.16541373992583205,0.15784652610660344,0.5277452474911322,0.13403928708995755,0.3744642921380567,0.47175129610219707,0.30146872848783096,0.5709679435517031,0,0,-0.1267657953817629,0.10892194597495189,-0.04758366932331749
2015-11-04,26.5,26.61000061035156,25.96999931335449,26.3700008392334,1398900.0,0.16573879921250853,0.15830172299600798,0.5034204494714775,0.13427770839957842,0.3779285646354107,0.4477247377465427,0.3097677006488208,0.5663662231286698,0,0,-0.11924527726083431,0.12000001151606722,-0.057735874967755146
2015-11-05,26.479999542236328,26.6200008392334,26.0,26.18000030517578,992100.0,0.1658578349461337,0.15866138470490732,0.4679217082981687,0.13444378614263813,0.3609606162738975,0.4387993891472685,0.3177222405009084,0.5631026826099113,1,0,-0.1190746791701551,0.12135004403103691,-0.06825935456105486
2015-11-06,26.18000030517578,26.5,26.13999938964844,26.46999931335449,763000.0,0.1661004839383495,0.15896484905964914,0.5183912895605454,0.1345747026733371,0.3721883820617097,0.44901172093888747,0.3251085989349897,0.5656125923123735,0,0,-0.10847976010246352,0.13368983801379294,-0.053093940926105906
2015-11-09,26.46999931335449,26.65999984741211,26.100000381469727,26.559999465942383,1691900.0,0.16653542128899979,0.15929453898924784,0.5337585241196952,0.134866921117277,0.40538178470593633,0.4537423821148913,0.3364047234979886,0.5711781443773746,0,0,-0.11824704351947109,0.12126940215679574,-0.0547789532755776
2015-11-10,26.459999084472656,26.790000915527344,26.290000915527344,26.489999771118164,1034800.0,0.16702987694308272,0.15964483429380832,0.5185939162516656,0.13504433029886753,0.40661867484004094,0.45890425072551044,0.3505280600168466,0.5677741410220563,0,0,-0.11295180950010446,0.12123498815698772,-0.05459333150402113
2015-11-11,26.530000686645508,26.6299991607666,26.350000381469727,26.5,662200.0,0.1674785494883498,0.16011501707286319,0.5205318967868238,0.13515786413653952,0.4114828757677987,0.4478824415258968,0.3636425867843575,0.5699524663234592,0,0,-0.11589285121550094,0.11891278390891845,-0.06153269468474696
2015-11-12,26.299999237060547,26.5,25.88999938964844,26.25,1516500.0,0.16764794672899647,0.16047280550089477,0.46323404468784524,0.13541194938814521,0.4081986779489072,0.39648110601935016,0.3514591705218995,0.5649638974325235,0,0,-0.10716981707878832,0.12754721011755601,-0.052830174284161126
2015-11-13,26.1299991607666,26.309999465942383,25.920000076293945,25.940000534057617,964200.0,0.1676708387200245,0.16069946748380898,0.39821264162785186,0.13556885732578544,0.3908575153878649,0.36739260015145936,0.34014599827818853,0.5617921347390582,0,0,-0.05676189604259659,0.13523813883463542,-0.03657139369419643
2015-11-16,25.600000381469727,25.979999542236328,25.450000762939453,25.8799991607666,1574900.0,0.167620477213003,0.16092050926682816,0.38604144310397137,0.13582342471029268,0.4049513565842977,0.3203352508275842,0.3068743721914205,0.5566114574252865,0,0,-0.015034745141389751,0.15728603853917686,-0.03161139853284158
2015-11-17,25.979999542236328,25.979999542236328,25.43000030517578,25.600000381469727,1545300.0,0.16750601987758343,0.16095422760786432,0.33083087138253897,0.13606640229093692,0.3989042347340732,0.3100866417876248,0.2750603628590118,0.5515281501340482,0,0,-0.029752723444093937,0.1429675766198848,-0.05448222152764333
2015-11-18,25.559999465942383,25.84000015258789,25.450000762939453,25.790000915527344,2083900.0,0.1676067428916264,0.16110034029992376,0.37996879778656845,0.13639936092617838,0.43690808129013736,0.3161964176880019,0.24551878276463235,0.5583831970920574,0,0,-0.013671889697434162,0.16093753038439854,-0.06210938003496273
2015-11-19,25.82999992370605,25.989999771118164,25.690000534057617,25.76000022888184,1433100.0,0.1674922855562068,0.16126518544336899,0.37361089297770955,0.13662730717671245,0.41566838236107806,0.337691509053418,0.22530421922030952,0.5536689748186647,0,0,-0.024040357395261353,0.14928267719260788,-0.0744474605713554
2015-11-20,25.790000915527344,25.90999984741211,25.65999984741211,25.71999931335449,921300.0,0.16701614262170608,0.16139443860761854,0.36468863457605194,0.13677313338203195,0.38924203939792235,0.34298244138110645,0.20484366770187346,0.5506383328673169,0,0,-0.022515598831571268,0.1510092917346721,-0.07841616614191131
2015-11-23,25.63999938964844,25.739999771118164,25.21999931335449,25.239999771118164,1119300.0,0.16619662768094667,0.16143003022952246,0.2676874830283461,0.13694216748691512,0.3656318976467751,0.30518714874548547,0.1889172768639535,0.5469563644138883,0,0,-0.01671851931008869,0.15707624507710105,-0.09836698471384644
2015-11-24,25.0,25.43000030517578,24.8700008392334,25.3700008392334,946500.0,0.16561518508067774,0.16143565007212574,0.306421925460592,0.13708678337300295,0.3973970663605057,0.3003111966990766,0.18966072408977874,0.550069902465501,0,0,-0.005150521471690268,0.1854199820766659,-0.08676705839607848
2015-11-25,25.309999465942383,25.6299991607666,25.309999465942383,25.559999465942383,458000.0,0.1647956701399183,0.1614169176207399,0.3613167540030333,0.1371580012180304,0.38814484204151034,0.34870952602749855,0.1789545997159092,0.551576506192536,0,0,-0.01734326417634757,0.17225071717283577,-0.09972403214840901
2015-11-27,25.459999084472656,25.690000534057617,25.270000457763672,25.61000061035156,430200.0,0.1641363965166345,0.1613925656840426,0.37567927673032864,0.13722518559410962,0.4108889872159822,0.3608828992435641,0.16560497195496354,0.5529916610470567,0,0,-0.023082873926715278,0.16510177264776935,-0.09115805838770384
2015-11-30,25.61000061035156,25.780000686645508,25.290000915527344,25.38999938964844,906400.0,0.1632710984670592,0.16136634010918566,0.32586820598067767,0.1373636971425699,0.45249666843701286,0.3613508464887867,0.14795742857187943,0.5500100330597543,0,0,-0.028894953279269064,0.1589222802743366,-0.1378368060334478
2015-12-01,25.489999771118164,25.690000534057617,25.31999969482422,25.59000015258789,961700.0,0.1626713422739679,0.16136634010918566,0.385757843799309,0.13751336915045637,0.462223862044194,0.3755762499232854,0.13157042400187274,0.5531735719337488,0,0,-0.024419021141746877,0.16502562563140075,-0.11736902772243772
2015-12-02,25.520000457763672,25.65999984741211,25.049999237060547,25.190000534057617,1007200.0,0.16207158608087655,0.1613644668283179,0.29905990871501376,0.13766402008470113,0.44938797382116513,0.34195559190845715,0.13096180002890084,0.5498603595453873,0,0,-0.02540053203026416,0.16256349443559548,-0.11801486673528848
2015-12-03,25.299999237060547,25.3700008392334,24.709999084472656,24.959999084472656,1046400.0,0.1614260459057292,0.16133824125346102,0.25565213288975963,0.1378168241966874,0.43711974924945185,0.30190495804516876,0.14645524046950542,0.5464181976677247,0,0,-0.023421998415212145,0.17387856193942294,-0.11591901605345423
2015-12-04,24.96999931335449,25.21999931335449,24.850000381469727,25.13999938964844,702700.0,0.1609499029712285,0.16142253674875962,0.3110010754934621,0.13792121847819827,0.4536874819228518,0.32331522791436634,0.16084200659292397,0.5487297488445533,0,0,-0.01041667621869328,0.18870196973490008,-0.1370192388517148
2015-12-07,25.01000022888184,25.170000076293945,24.899999618530277,25.06999969482422,990200.0,0.1603089420675269,0.16155179027030092,0.29662921600030157,0.13806718071385765,0.4459794460177817,0.328607283580297,0.17420114656466973,0.5454724584285925,0,0,-0.01193322003550687,0.18575975297027433,-0.1424025461663355
2015-12-08,24.93000030517578,25.059999465942383,24.57999992370605,24.809999465942383,691800.0,0.1595077407195899,0.16170164916680407,0.2453790268291497,0.13816642049133604,0.4232796251995377,0.29919486201516643,0.2015151843044537,0.5431967631046563,0,0,-0.013960924839659604,0.18946948774716788,-0.11208613881724602
2015-12-09,24.71999931335449,24.940000534057617,24.399999618530277,24.530000686645508,665500.0,0.15861039562905574,0.16187960691903186,0.1960649653949006,0.13825907702673468,0.4204716662778802,0.2753317013003249,0.23436862277309095,0.541007582361552,0,0,-0.012898012967049323,0.1999194316239334,-0.11729141112666172
2015-12-10,24.56999969482422,24.84000015258789,24.440000534057617,24.61000061035156,609700.0,0.15774509845272058,0.16198638142745186,0.22376199461540702,0.13834463117338158,0.41765052600617636,0.2955590943923954,0.26487538706539704,0.5430132074540699,0,1,-0.006930292357736961,0.2083163663804348,-0.090501396298904
2015-12-11,24.38999938964844,24.86000061035156,24.209999084472656,24.700000762939453,1272800.0,0.1570354633224153,0.16210064905934285,0.25535201291491927,0.1385247574149463,0.42522865654032455,0.3066836884239006,0.30268432205672186,0.5472001184230003,0,1,-0.00731411217844799,0.2149533028984257,-0.09711496669541526
2015-12-14,24.65999984741211,24.81999969482422,24.3799991607666,24.75,1608300.0,0.1564906461613109,0.16212874755777573,0.2733003954027703,0.13875322993231531,0.465116990964066,0.33195887131963214,0.33779261883438066,0.5524906659649007,0,0,-0.01821865380727625,0.10931176840247728,-0.11821862291904023
2015-12-15,24.940000534057617,25.34000015258789,24.84000015258789,24.899999618530277,1016900.0,0.1560419736160438,0.16206318415657117,0.3269309399513415,0.13889974999027216,0.4294665135406688,0.40871234769357,0.32548527268606803,0.5558357867728088,0,0,-0.029495008064038826,0.07555551239938448,-0.09050504125729956
2015-12-16,25.11000061035156,25.530000686645508,24.82999992370605,25.46999931335449,1026900.0,0.15598245531261112,0.16207067692275046,0.4944691963233444,0.13905617263066217,0.458762053272301,0.4624752085739147,0.30065170148140846,0.5592138028585996,0,0,-0.03614464014726862,0.06746989280777133,-0.10642576572197229
2015-12-17,25.450000762939453,25.5,24.93000030517578,24.96999931335449,656400.0,0.1556070345189132,0.1619414234012091,0.37442693939641625,0.1391512525023722,0.4157838331334201,0.43808606964655683,0.2775919567913675,0.5570545568183687,0,0,-0.04868479434220622,0.05261092221095187,-0.1491951804810906
2015-12-18,24.8700008392334,25.149999618530277,24.51000022888184,24.68000030517578,3237400.0,0.15511257886483024,0.1617091419329833,0.316386214827194,0.13960552980072694,0.40046982101244305,0.3672402773479259,0.2796382781637311,0.5464050395565716,0,0,-0.026431789063276392,0.07689227589474094,-0.13175815001996355
2015-12-21,24.8700008392334,24.959999084472656,24.46999931335449,24.790000915527344,928400.0,0.15468679831059115,0.16149371963527565,0.34693550253275873,0.13973704103624507,0.41598883860091523,0.36481495626547694,0.2835558362238495,0.5494590371552163,0,0,-0.02674237222850964,0.0777957881909463,-0.1422204289092224
2015-12-22,24.899999618530277,25.18000030517578,24.81999969482422,25.020000457763672,761300.0,0.1545860761697884,0.16138319856512018,0.40860879115381044,0.13984736217359084,0.43871541558074395,0.43539411244134846,0.2701326018128976,0.5519633546604384,0,0,-0.027833824468535433,0.07624046902770604,-0.1952400150802873
2015-12-23,25.1299991607666,25.209999084472656,24.770000457763672,25.01000022888184,1261700.0,0.15442125732734735,0.16130826911686857,0.4062608261332241,0.14002983388464274,0.42592722256481796,0.43543111119058003,0.260596029456272,0.5478129574499581,0,0,-0.036770585909740486,0.05995203727242747,-0.22941645348120074
2015-12-24,25.049999237060547,25.1299991607666,24.770000457763672,24.899999618530277,504200.0,0.1541190900316989,0.16119212820410983,0.3795958086632837,0.14010187837998445,0.4178416548914357,0.42405511611079366,0.25174064083940545,0.5461543775391042,0,0,-0.033586571167554355,0.057976839251083864,-0.22750893940968905
2015-12-28,24.82999992370605,24.950000762939453,24.61000061035156,24.899999618530277,639900.0,0.15379403074502243,0.16100855096657052,0.3795958086632837,0.14019326250048286,0.42161065746428017,0.3979434082104048,0.2534480313746254,0.5482593463708284,0,0,-0.024899632479190796,0.05943773353052319,-0.21445784073883775
2015-12-29,25.030000686645508,25.25,24.920000076293945,25.170000076293945,468300.0,0.15369330860421965,0.1608736779597177,0.4606268312506645,0.14026195661917806,0.43742247737781814,0.5005251677709647,0.230388555173011,0.5497998322340828,0,0,-0.03293179175643908,0.03855418068995618,-0.22409638591132694
2015-12-30,25.09000015258789,25.239999771118164,24.76000022888184,24.780000686645508,677400.0,0.15332246708196748,0.16064701633409517,0.3609893908912516,0.1403574004262539,0.41581371385411875,0.4471998847582422,0.21940204609651048,0.5475715061102978,0,0,-0.034962298984816155,0.03575683813278678,-0.22566548621211246
2015-12-31,24.68000030517578,24.93000030517578,24.56999969482422,24.56999969482422,711200.0,0.15303861250590126,0.1604072417423984,0.3144093041624376,0.14045535363541695,0.41243203659988426,0.3642067972005158,0.2207170788311239,0.5452319939472688,0,0,-0.018966957533476547,0.05286519086532433,-0.18280873935111802
2016-01-04,24.13999938964844,24.270000457763672,23.68000030517578,23.96999931335449,1355700.0,0.15258536156242858,0.1601075235921003,0.20518886458069902,0.14062999018602174,0.4171224027848095,0.16309321343249922,0.2606604267574011,0.5407723811246895,0,0,-0.018721981692558207,0.07529509175612378,-0.15547414498458145
2016-01-05,23.96999931335449,24.149999618530277,23.649999618530277,23.90999984741211,1290800.0,0.1520222316817419,0.15971414354216484,0.1957220626500386,0.14079492299264446,0.41006330913629657,0.2017762222408334,0.29875499159840213,0.5365262586555699,0,0,-0.013350008510260119,0.08093452605886316,-0.18314557844824894
2016-01-06,23.549999237060547,23.850000381469727,23.459999084472656,23.770000457763672,1312700.0,0.15142705388685618,0.1591540454252081,0.17344683674492262,0.1409597596719872,0.4205837937945705,0.2101195561009186,0.3404767292752822,0.532208095527887,0,0,-0.0037641218386553757,0.09326647694756571,-0.14680043261953876
2016-01-07,23.36000061035156,23.670000076293945,23.100000381469727,23.11000061035156,1034300.0,0.15064874452994717,0.15841973611775917,0.0857603786810835,0.14107952377382704,0.40087864473159235,0.20104687620348796,0.38994649440198453,0.5288057369364627,0,0,-0.010938166759559824,0.10180900419392029,-0.11653346253339851
2016-01-08,23.25,23.32999992370605,22.739999771118164,22.809999465942383,960300.0,0.14986127750338682,0.15770228598082825,0.05382579844290031,0.14118640827322626,0.3930029209347926,0.22511131351681832,0.4449753132802376,0.5256468034013717,0,0,-0.022068377992746302,0.10947644395613974,-0.12591950543301353
2016-01-11,22.88999938964844,22.899999618530277,22.270000457763672,22.780000686645508,1023200.0,0.14902344984304514,0.15684621627530898,0.05070446408575319,0.14129973767285897,0.4077407140920755,0.24829832789769016,0.505917092657147,0.5222809585683974,0,0,-0.027181014747961297,0.126698876135974,-0.08636560102931622
2016-01-12,22.940000534057617,23.200000762939453,22.809999465942383,23.1299991607666,1084700.0,0.14830465704308846,0.15611190696785998,0.16802593766811624,0.14142529255547365,0.4087394097208625,0.31804586793782996,0.5390294000562392,0.5258491093603512,0,0,-0.029411767168502526,0.12467076676836122,-0.09833185705000158
2016-01-13,23.15999984741211,23.170000076293945,21.799999237060547,22.07999992370605,1676900.0,0.1470822526658778,0.1551378230687142,0.05408206613705685,0.14159348767226226,0.3662863236451244,0.28687461435515854,0.5901633132193331,0.5203329002121745,0,0,-0.05879812622987089,0.10938178895124766,-0.05706873077035035
2016-01-14,22.1299991607666,22.670000076293945,21.63999938964844,22.51000022888184,1367900.0,0.14598804081870353,0.1543154717042311,0.16731557395237762,0.14173905310132734,0.40117085549902176,0.30487103247002106,0.6402041128471696,0.5248326452737709,0,0,-0.02219201869616292,0.15987322005628926,-0.006340552089319894
2016-01-15,21.989999771118164,22.520000457763672,21.940000534057617,22.5,1507200.0,0.14462828798828548,0.15356617650713184,0.16618502724631284,0.14189900238006992,0.4124020329711149,0.3241874020456822,0.6866705696444464,0.5198746689912662,0,0,-0.015548661835225085,0.15726347754476186,0.017325605761124876
2016-01-19,22.68000030517578,22.81999969482422,22.270000457763672,22.3799991607666,1206600.0,0.14344250992347946,0.15281875423360852,0.1520585216561367,0.14202477961919313,0.4091552776683156,0.3487041113767801,0.7084178855443843,0.5159055247619204,0,0,-0.04622226291232623,0.12666668362087674,-0.016888936360677082
2016-01-20,22.040000915527344,22.100000381469727,21.309999465942383,21.549999237060547,2009200.0,0.1420095035950119,0.15195144484288264,0.06905413851174663,0.1422096754918198,0.42397926227503,0.30886572136097235,0.7465497819327216,0.5092962055296962,0,0,-0.032618475288627116,0.1559428016975233,0.020554025992952696
2016-01-21,21.649999618530277,21.700000762939453,21.25,21.43000030517578,1443500.0,0.14047119672753597,0.15100733308032932,0.05883274665223798,0.1423397797979956,0.4123309976655012,0.31454433873550064,0.7828981887947521,0.5045477721673054,0,0,-0.018561467874318012,0.1800464596510338,0.03248263516110132
2016-01-22,21.75,22.209999084472656,21.670000076293945,22.1200008392334,795100.0,0.13914349181131694,0.15017561566879917,0.22950776156186548,0.14241932714185052,0.4213883891551712,0.3575324964319694,0.7855589613181855,0.5071632757117716,0,0,-0.023331777549216358,0.17638827031339616,0.03593095878667352
2016-01-25,22.049999237060547,22.200000762939453,21.75,21.809999465942383,798600.0,0.13767843756865034,0.1492989402310263,0.19442266759691323,0.14249557305332183,0.40714916060307993,0.3597021044894735,0.7880296786613736,0.5045362588200464,0,0,-0.03616632941720413,0.1573237485331653,0.00587708242237751
2016-01-26,21.86000061035156,22.36000061035156,21.850000381469727,22.350000381469727,842400.0,0.13651097309666674,0.14852154653549415,0.3076537151728913,0.14258253333504856,0.42645252066321937,0.38281602970463874,0.7806896463026143,0.5073073570288985,0,0,-0.027968850311257978,0.16827144274005476,0.017881678092539544
2016-01-27,22.239999771118164,22.489999771118164,21.850000381469727,22.0,767100.0,0.1351832681804477,0.14772542038857617,0.2641445668674506,0.14265776842484174,0.4089832495080277,0.38273686006879076,0.7660485937386823,0.5047839602625043,0,0,-0.04429529101659291,0.14720361786906577,-0.006263954687200377
2016-01-28,22.18000030517578,22.200000762939453,21.549999237060547,21.739999771118164,944800.0,0.13361291339877274,0.14693866028870517,0.23362165252825828,0.1427467975887502,0.3960990186166076,0.36613800271346597,0.7612844927266744,0.5016760144081317,0,0,-0.04227274114435369,0.15227274461226029,0.014999996532093557
2016-01-29,21.809999465942383,22.700000762939453,21.809999465942383,22.700000762939453,1221300.0,0.1326606284030115,0.14634297090713638,0.4076990394865675,0.1428787383606282,0.4335551161842414,0.420923828310359,0.7284172387203376,0.5056935146959654,0,0,-0.025758945346740458,0.17111321342538324,0.024839048813824784
2016-02-01,22.56999969482422,22.6200008392334,22.200000762939453,22.459999084472656,1269100.0,0.1316946082126334,0.14575477393445496,0.3755040064350321,0.14301127337642655,0.4541583990393726,0.4318295608466818,0.6978976457144532,0.5015187749798516,0,0,-0.058149764337421556,0.129074898973544,-0.019823737465484974
2016-02-02,22.229999542236328,22.290000915527344,21.290000915527344,21.649999618530277,1561800.0,0.13063244427965823,0.14497925316249877,0.2798197052840564,0.14315586461323376,0.4457344523444422,0.35092211478581037,0.6969683193995306,0.49638119048010654,0,0,-0.04363310695385711,0.13446129033244256,0.004897623100421655
2016-02-03,21.75,21.850000381469727,20.989999771118164,21.57999992370605,1435500.0,0.12956570194847739,0.14419623962436334,0.27228793612279967,0.14328712188437476,0.45554462195431666,0.3176385740687402,0.7033327408416215,0.491659073340022,0,0,-0.03510393728743303,0.16166282040043747,0.03926098828852678
2016-02-04,21.549999237060547,21.950000762939453,21.21999931335449,21.36000061035156,711600.0,0.12846233330489193,0.14337950810248357,0.2482009346529146,0.14334986055765292,0.4308860128980125,0.33157077866405615,0.7035477989477197,0.48931824536587776,0,0,-0.025949929004736114,0.17145508693329187,0.05097314111949362
2016-02-05,21.209999084472656,21.26000022888184,19.850000381469727,20.059999465942383,3490000.0,0.127065953288829,0.14240917076507326,0.13271278302873063,0.14359151989448177,0.40135576401792733,0.19462714021357191,0.7310631332616748,0.4778377933847596,0,0,-0.06367034944483299,0.1891386142362498,0.07958804842522302
2016-02-08,19.549999237060547,19.93000030517578,18.90999984741211,19.38999938964844,3070200.0,0.1255001769053596,0.1412889741738681,0.08760617476858695,0.14377383035051328,0.412575404987232,0.14232158035516296,0.7691788837858164,0.46773828516916394,0,1,-0.03190425756167244,0.28414760292575497,0.1585244461533883
2016-02-09,19.11000061035156,19.76000022888184,18.770000457763672,19.36000061035156,2100700.0,0.12393440052189023,0.14012756683273925,0.08567109019432101,0.14389735972685375,0.4078940938412414,0.20230227612606821,0.8062218536503287,0.46082797414431154,0,1,-0.01753482018000474,0.31665804966071043,0.16709643492035778
2016-02-10,19.479999542236328,20.190000534057617,19.350000381469727,19.489999771118164,1228200.0,0.12226790199761808,0.13898114502396897,0.11162912330262836,0.14397176455743904,0.37710952528835257,0.2774496517802398,0.8194140395951026,0.46486817217388443,0,1,-0.03667350527318828,0.2980372043314153,0.15857435940279502
2016-02-11,19.149999618530277,19.670000076293945,18.780000686645508,19.450000762939453,1706600.0,0.12106381121322984,0.1378684419135266,0.10854548571481781,0.1440740271580388,0.41481146606990915,0.2845918692871285,0.8400757943954476,0.4592542640503956,0,1,-0.019497135209294265,0.3124679437714789,0.17547460833539724
2016-02-12,19.6299991607666,19.739999771118164,19.32999992370605,19.40999984741211,1227200.0,0.11964454007937908,0.13671078077684146,0.105276523330463,0.14414675664384796,0.38042614340889025,0.3248499458118368,0.855863967302424,0.455217355548611,0,1,-0.04421586988529039,0.27249362141455247,0.1614396490400202
2016-02-16,19.690000534057617,20.21999931335449,19.59000015258789,20.149999618530277,891200.0,0.11856864095178707,0.13576666865699633,0.2588964570909501,0.1442089847373489,0.3659886523624278,0.3703919730267783,0.8479056392179771,0.45814898271353144,0,1,-0.04739825262886887,0.23596084284960442,0.1344667039423452
2016-02-17,20.229999542236328,20.549999237060547,20.149999618530277,20.31999969482422,1752000.0,0.11762551275243702,0.1348974863426945,0.2905175232701803,0.14433543659485654,0.37536497635714494,0.40054335444126077,0.826145775557569,0.4639122353986085,0,0,-0.07245653161849278,0.19454095039729188,0.1032258046195322
2016-02-18,20.290000915527344,20.40999984741211,19.479999542236328,19.57999992370605,2295300.0,0.11672358926369725,0.1338559661187682,0.2115818462077078,0.14447645685440968,0.3547635984646331,0.3749561324711172,0.8196202846499467,0.45636178226615565,1,0,-0.07480317325746992,0.1751968267425301,0.09645664930653984
2016-02-19,19.530000686645508,20.13999938964844,19.40999984741211,20.040000915527344,1798000.0,0.11608720675820128,0.1329137276370826,0.2942151943211432,0.14459854770735786,0.3871744960646951,0.38423725707728346,0.8149030028383653,0.4622763532294939,0,1,-0.03881512930761979,0.21144021479979808,0.11797750127391993
2016-02-22,20.18000030517578,20.780000686645508,20.1200008392334,20.59000015258789,1254200.0,0.11538672755106702,0.13212322133276788,0.3823766325696133,0.14469345669558603,0.3872153893588521,0.4276759241044991,0.7835306947648228,0.46640207898156216,0,0,-0.07035927060859647,0.1571856025260755,0.05838323467277932
2016-02-23,20.559999465942383,20.729999542236328,20.31999969482422,20.34000015258789,1088900.0,0.11471371873316638,0.13133833451376464,0.3518808168206802,0.14477187456116414,0.3791432640249343,0.4293557472405974,0.7543992658393905,0.46282011217289754,1,0,-0.08693535672236175,0.12821764339157896,0.047110306630143886
2016-02-24,20.149999618530277,21.059999465942383,20.059999465942383,20.920000076293945,1565100.0,0.11405902263484802,0.1306471095943989,0.4385748148701343,0.14489741335842066,0.3855987897146294,0.44973997583744213,0.7139397079439296,0.46796855211434396,0,0,-0.06784656590039531,0.14995089093060404,0.04572272852502652
2016-02-25,21.0,21.280000686645508,20.489999771118164,20.700000762939453,1345600.0,0.11346384483996227,0.12989781439729958,0.4094817701026797,0.14500097213046925,0.38107106191388007,0.4672277498234956,0.6677452086428879,0.4635421635224264,1,0,-0.10659653604701998,0.10372849275239433,0.013862376408686825
2016-02-26,20.649999618530277,22.479999542236328,20.649999618530277,21.84000015258789,1927000.0,0.11350962794877817,0.12935270216999317,0.5543664117088167,0.1451803818497992,0.40082555869742126,0.5379665178524218,0.6251188072367193,0.46988108357045344,0,0,-0.0908212121485758,0.10483091769634294,0.028019318953092138
2016-02-29,21.799999237060547,22.1299991607666,21.68000030517578,21.989999771118164,1354700.0,0.11318456866210166,0.12880758994268682,0.5707500321365107,0.14530921124070828,0.386399732191526,0.5672385727941569,0.585537148788134,0.4743374068652445,1,0,-0.13873620687396565,0.046703317336873225,-0.01465200057639656
2016-03-01,22.18000030517578,22.520000457763672,21.950000762939453,22.3799991607666,1266200.0,0.11314794234969702,0.12822875937434425,0.612540980707662,0.1454365114924686,0.3933540914995444,0.5998599294849032,0.5595444826295968,0.4785026069507722,0,0,-0.15507048125988748,0.029104110791716226,-0.0022738128662853183
2016-03-02,22.280000686645508,22.399999618530277,22.059999465942383,22.299999237060547,1056400.0,0.11344553124713985,0.1277286048159888,0.5995971081677391,0.14554140022870776,0.4110893393455159,0.5894193025117253,0.5354084354823836,0.4750275497952269,0,0,-0.15683647723432734,0.018766760144934638,-0.005361967995234185
2016-03-03,22.309999465942383,22.56999969482422,22.239999771118164,22.5,949900.0,0.1138667342764135,0.12732023887640298,0.622122177323977,0.14563833006597998,0.4113490799804489,0.5905958296362258,0.5178735580896854,0.47815227224131973,0,0,-0.15874435557358937,0.017488847997309525,-0.006726440522965932
2016-03-04,22.56999969482422,22.56999969482422,22.190000534057617,22.350000381469727,1015700.0,0.1143199852198862,0.12686316870613074,0.5955260852490342,0.14573971166387434,0.4170070528092851,0.57439475233446,0.49935236140016687,0.47481109886675765,0,0,-0.16888885498046874,0.005777825249565972,-0.008000013563367898
2016-03-07,22.239999771118164,22.739999771118164,22.149999618530277,22.520000457763672,948200.0,0.11544624585449967,0.1263948592079437,0.6164877944726875,0.1458365609829504,0.4717299001032026,0.5621096761602803,0.4874331079240655,0.47793022911561045,0,0,-0.1552572373211882,0.022371364271409476,-0.010738244609478694
2016-03-08,22.399999618530277,22.40999984741211,22.06999969482422,22.18000030517578,756000.0,0.11672359013693742,0.1258647328702876,0.5539878819608544,0.1459100638131744,0.4699769599193108,0.5334727488512735,0.47238832038613005,0.47544334610766625,0,0,-0.16119001274332473,0.015097697410155847,-0.027531035492098635
2016-03-09,22.290000915527344,22.40999984741211,22.11000061035156,22.25,630900.0,0.11804671665495084,0.12536832487366767,0.5637938553790625,0.14597199149782525,0.4609247270611912,0.5259289147240137,0.45841816052947565,0.47751870918929584,0,0,-0.1587015513675294,0.020288496366062336,-0.03651944824824908
2016-03-10,22.350000381469727,22.450000762939453,21.739999771118164,22.100000381469727,943400.0,0.11924165151616803,0.1248438183786149,0.5351106795813649,0.14606251540353216,0.47784254336974824,0.5084570603864057,0.4264621159158409,0.47441536867382683,0,0,-0.16089887297555303,0.01752806245610955,-0.026067412301395716
2016-03-11,22.290000915527344,22.59000015258789,22.21999931335449,22.51000022888184,778300.0,0.1206426090571964,0.12434553710112718,0.5954154161969173,0.14614166799411882,0.46927982062992685,0.5242066972360867,0.40244699765513475,0.4769756081514498,0,0,-0.15927603606356044,0.02036193881553652,-0.03167424212021216
2016-03-14,22.450000762939453,22.549999237060547,22.200000762939453,22.350000381469727,822700.0,0.12198862756623782,0.12389034021172267,0.5631370061368379,0.14622340524891375,0.48210437634915515,0.5137433100169866,0.3790812417138459,0.474269313640027,0,0,-0.1634829083854959,0.012883118846290493,-0.02265660700560418
2016-03-15,22.25,22.3799991607666,21.950000762939453,22.1200008392334,561700.0,0.12289055192821777,0.12343139711787444,0.517543608857084,0.1462773423184694,0.46562105010292243,0.49318606336331317,0.3441092938039017,0.47242158588134675,0,0,-0.15570467484741424,0.021923926745183432,-0.022371364271409476
2016-03-16,22.030000686645508,22.520000457763672,22.030000686645508,22.34000015258789,543400.0,0.12381536740798557,0.12312605948226489,0.5534160982614419,0.14633119114706394,0.4738953392728293,0.5012007567192581,0.31825939584237,0.47420911528150134,0,0,-0.14737794327293596,0.032097606579352296,-0.013562438201949755
2016-03-17,22.26000022888184,22.700000762939453,22.149999618530277,22.600000381469727,816800.0,0.12519801222943167,0.12288066540525656,0.5940151276082228,0.14641509303725647,0.5210947671195939,0.5150095624104659,0.30259108736464874,0.47689600157897327,0,0,-0.15622201196421578,0.021486102907690485,-0.0349149812586351
2016-03-18,22.540000915527344,23.01000022888184,22.530000686645508,22.649999618530277,1936400.0,0.1263929462174087,0.12267086259286038,0.6018015246569195,0.14661511716942666,0.474868304259785,0.5424261548613538,0.301373012165514,0.4832658431882103,0,0,-0.1668141767313767,0.0207964294434198,-0.02831864098205144
2016-03-21,22.540000915527344,22.989999771118164,22.40999984741211,22.90999984741211,1940700.0,0.1274551101503839,0.1226333976900887,0.6419980482101035,0.14682236619786398,0.49262303144848135,0.5495756807825369,0.2928646986781639,0.48964982976693694,0,0,-0.16644593912837785,0.020750521910383735,-0.0375276112929525
2016-03-22,22.90999984741211,23.100000381469727,22.709999084472656,22.729999542236328,1137700.0,0.1285493219975582,0.12261841180043838,0.5979100475331846,0.14694079101189889,0.4918433675395565,0.5696632272152028,0.28986782013326995,0.485907334002204,0,0,-0.18070708935932567,0.008293345059933706,-0.020515029091437677
2016-03-23,22.6200008392334,22.690000534057617,22.239999771118164,22.350000381469727,944300.0,0.12920401809587656,0.1225378625095835,0.5116390418553314,0.14703391504754382,0.45911916033755473,0.4869409878961538,0.2594678181751937,0.4828010329117255,0,0,-0.1689397373481023,0.021117446190194802,0.02683672306589558
2016-03-24,22.26000022888184,22.59000015258789,22.1299991607666,22.549999237060547,663600.0,0.13005100167938932,0.12242921472029579,0.5478371766201595,0.1471011846361926,0.483078151013779,0.4736749361668765,0.2277166484881784,0.4849839635520321,0,0,-0.1557046748474144,0.03758389880316633,0.0523489958086973
2016-03-28,22.65999984741211,22.65999984741211,22.38999938964844,22.56999969482422,774100.0,0.13038521688923682,0.12252100333906545,0.5515123121469079,0.14717982207249258,0.4765492083627041,0.5083024257572966,0.1997597083920502,0.48753038701294427,0,0,-0.14767184196765998,0.01951221946537735,0.015964550888316994
2016-03-29,22.40999984741211,22.850000381469727,22.25,22.770000457763672,1097000.0,0.13074232409011236,0.1225697075697519,0.5886433494910346,0.14729426365750697,0.4825001025884818,0.5362026376461195,0.18404282330871158,0.491138998996694,0,0,-0.1329198068482014,0.030571579237364765,0.04076207748044043
2016-03-30,22.82999992370605,23.0,22.26000022888184,22.299999237060547,1781100.0,0.13070569777770769,0.12253224266698022,0.4781386012334071,0.1474680098007249,0.4371043509436275,0.4849133852972968,0.17722225556645693,0.48528002105297785,0,0,-0.15019762878958823,0.01185772737530253,0.019762878958837445
2016-03-31,22.21999931335449,22.549999237060547,21.959999084472656,22.309999465942383,1791800.0,0.1307102761759133,0.12251913005819766,0.48022671254750515,0.147642762923197,0.43505247362360255,0.3709108829538106,0.15252598058406974,0.49117419694402864,0,0,-0.12600894897217838,0.039461932655708666,0.036771373552788644
2016-04-01,22.13999938964844,22.290000915527344,22.01000022888184,22.25,1259500.0,0.1305958188404937,0.12265025686060678,0.4661769896240646,0.14776436252470626,0.4422239154714446,0.34328638603807,0.12959372524328167,0.4870310366946825,0,0,-0.12236663413658291,0.04303007686247538,0.02644554758903331
2016-04-04,22.25,22.309999465942383,21.790000915527344,21.84000015258789,1073400.0,0.13036232577144896,0.12272705958972611,0.3766236221408633,0.14786168380880255,0.4278573768267696,0.2859454207997264,0.11669953277939593,0.4835000575667363,0,0,-0.09842699029472436,0.03820226433571805,0.031011259957645716
2016-04-05,21.6299991607666,21.65999984741211,21.059999465942383,21.350000381469727,2237700.0,0.12982666540675575,0.12258282017853446,0.2883355417179656,0.14804882826351418,0.4214395708231308,0.1534520244199244,0.13867837960748658,0.4761390812348887,0,0,-0.07188643241095329,0.06730774773043854,0.04349820312738784
2016-04-06,21.399999618530277,21.700000762939453,21.34000015258789,21.530000686645508,815200.0,0.1295290765093129,0.12253036974340424,0.33387242920168125,0.14811897325699003,0.4277853242441041,0.24591360835195936,0.15642237279460336,0.47882070428789947,0,0,-0.06276347206770631,0.07962532705221535,0.04496491684630105
2016-04-07,21.440000534057617,21.61000061035156,21.0,21.07999992370605,1072200.0,0.1289934161446197,0.1222924684325752,0.2600369383624245,0.14820436826756567,0.41255875746016213,0.23256199297371286,0.18598100541020685,0.47529367259329924,0,0,-0.04412451150216236,0.0771017089860923,0.037621896893147995
2016-04-08,21.239999771118164,21.350000381469727,21.049999237060547,21.290000915527344,872300.0,0.1286225746223675,0.12215946870659015,0.3129481311604062,0.14827635427918906,0.4229299071346216,0.2712459850658132,0.21342830712469585,0.47816312768302105,0,0,-0.02798862214057161,0.08823532339105236,0.08301707809932167
2016-04-11,21.32999992370605,21.32999992370605,21.13999938964844,21.229999542236328,1172100.0,0.12803655275065282,0.12206393352608498,0.3027030062952063,0.14837200198085843,0.41269431300691445,0.30211656323863356,0.2389150872881498,0.4743074721623711,0,0,-0.015500230601933592,0.08313764122352708,0.07374352406341067
2016-04-12,21.309999465942383,21.479999542236328,21.170000076293945,21.479999542236328,1518900.0,0.12763824083916706,0.12183539826230293,0.3664589123096331,0.14850112579940522,0.44596570670105895,0.3422430925515254,0.2505966579459081,0.47930393591999865,0,0,-0.014601953491598053,0.08431469402371869,0.10032977456630053
2016-04-13,21.61000061035156,22.1299991607666,21.520000457763672,22.1299991607666,1249900.0,0.12764281836413247,0.12177358142283388,0.5050682730501452,0.14861864269986497,0.47376859707150865,0.422439594901622,0.21900794260004042,0.4834155167025773,0,0,-0.02839853926216846,0.06936684370911493,0.08472996897628138
2016-04-14,22.13999938964844,22.280000686645508,22.13999938964844,22.15999984741211,802900.0,0.12756040894291196,0.12186911660333909,0.5107763023288856,0.14869439853813038,0.4591772612555808,0.46044512194344583,0.1963807064023409,0.4860566785637922,0,0,-0.05151375656938572,0.043380073575566745,0.06461818162700017
2016-04-15,22.15999984741211,22.270000457763672,22.09000015258789,22.15999984741211,1170900.0,0.12735896378806627,0.1219777643926268,0.5107763023288856,0.14880477573469442,0.44331878185169066,0.46016117489303393,0.17241547598106088,0.48990838665109626,0,0,-0.05234656387182135,0.04241879695533447,0.09025270820268368
2016-04-18,22.13999938964844,22.450000762939453,21.96999931335449,22.38999938964844,1889600.0,0.1272399280544411,0.12217070767721312,0.5577258980204054,0.14898873748375785,0.4918180501746584,0.47866334096568625,0.16020845072608958,0.4961242783598414,0,0,-0.05144401613258912,0.0433213446945667,0.09070398207229988
2016-04-19,22.51000022888184,22.6200008392334,21.989999771118164,22.0,2337900.0,0.12682330342337303,0.12253411594784801,0.46447718751335365,0.1492031470413956,0.4172206512952447,0.4742920583008669,0.1579168016227439,0.4884336913436076,0,0,-0.06744083385638489,0.026351057109035098,0.08351938288793871
2016-04-20,21.959999084472656,22.049999237060547,21.71999931335449,21.780000686645508,1586900.0,0.12638836607272277,0.12298182007107324,0.4171790911315474,0.1493435398231156,0.41744792797411784,0.42508227545317806,0.13828960446043692,0.4832135396963766,0,0,-0.043636322021484375,0.05181824077259411,0.1204546148126774
2016-04-21,21.790000915527344,21.8799991607666,21.399999618530277,21.479999542236328,1569200.0,0.12599005416123696,0.12337894632545245,0.35751754415030346,0.14947559005427352,0.4059911441037394,0.3880326424250018,0.1262555305890124,0.47805161269099816,0,0,-0.036271849890791595,0.0601468973665191,0.1202937947330382
2016-04-22,21.43000030517578,21.809999465942383,21.38999938964844,21.770000457763672,1373000.0,0.12563294783360163,0.12380604471642408,0.4258401917143414,0.14959653185239452,0.41744388035267754,0.40544857104856374,0.11562908181313236,0.4825681343443149,0,0,-0.02001863660798817,0.07774674636329522,0.14385475877278273
2016-04-25,21.670000076293945,21.76000022888184,21.3799991607666,21.59000015258789,934300.0,0.1251842752883345,0.12420691753253886,0.389164116340059,0.14967639679625372,0.4141972289792993,0.39808846195644526,0.10634764226289833,0.47949472853171926,0,0,-0.03077630051473004,0.06568673748767934,0.14056037673858285
2016-04-26,21.600000381469727,22.049999237060547,21.51000022888184,21.940000534057617,1050200.0,0.12480427696967114,0.12468084687332918,0.4681188136688279,0.14977121353549105,0.4104943714272457,0.45121241688482355,0.09015797821486882,0.4829493906149772,0,0,-0.02779066128898602,0.06947660905042662,0.14126906973157022
2016-04-27,21.93000030517578,22.049999237060547,21.59000015258789,21.75,886800.0,0.12455247118104415,0.12498056502362727,0.42745844896283003,0.14984885785131064,0.4373049736421225,0.4515950687824236,0.07512471874169857,0.48003223737232514,0,0,-0.042388344691794116,0.05332725833245747,0.11212393001786786
2016-04-28,21.57999992370605,22.059999465942383,21.520000457763672,21.729999542236328,1252700.0,0.12428693019780035,0.12524469155202145,0.42312130559994665,0.1499580822200135,0.4248528801453437,0.45164325230226404,0.05618083440629573,0.47591144591193935,0,0,-0.0266666631588989,0.06988507851787014,0.0965517416767692
2016-04-29,21.709999084472656,21.81999969482422,21.290000915527344,21.479999542236328,1169100.0,0.12393440139513043,0.1256006066991852,0.3694348374044574,0.1500558344529997,0.3998343440655297,0.40179911532777596,0.05259908381559353,0.47206565897465413,1,0,-0.03267368151999451,0.06396692711821471,0.07271062422176576
2016-05-02,21.96999931335449,22.32999992370605,21.6200008392334,21.899999618530277,1293500.0,0.12396187091112387,0.125949028722878,0.46948448081734184,0.15017142693715918,0.4119053255790489,0.5038402623760948,0.05274870726086406,0.47632066316880206,0,0,-0.045158255774036204,0.05260712719724719,0.06424586115105489
2016-05-03,21.770000457763672,21.8799991607666,21.440000534057617,21.690000534057617,1302500.0,0.12411753295715369,0.1261550849735386,0.42340552496612804,0.15028388122794517,0.41703304422334425,0.43125854556290066,0.04089785002330673,0.47203605322455955,0,0,-0.035159838866487936,0.06073059118141262,0.08127848448868293
2016-05-04,21.8799991607666,22.75,21.209999084472656,22.440000534057617,3784600.0,0.12453415758822173,0.12654846502347417,0.5712422091419084,0.15064928516042336,0.46208090509712113,0.5400258044263145,0.07069439396312704,0.4844856000921067,0,0,-0.04057165233282626,0.05163673636036911,0.07422778103778933
2016-05-05,22.520000457763672,23.239999771118164,22.450000762939453,23.229999542236328,2813000.0,0.12551849049818203,0.1269811828997573,0.683372443331707,0.15095087971448012,0.5339078326686845,0.7001012680337785,0.11452490919043545,0.4937390417605553,0,0,-0.06773620417061658,0.032085530134535224,0.03342245909761502
2016-05-06,23.170000076293945,23.6299991607666,23.11000061035156,23.43000030517578,2257300.0,0.12649824500993673,0.1274925767860275,0.7074057621277531,0.15119859024472576,0.5338577361688199,0.7164749227558456,0.16604849093390212,0.5011644928370532,0,0,-0.09341369432007494,0.019801941176808675,0.029272506180614343
2016-05-09,23.40999984741211,23.600000381469727,22.940000534057617,23.020000457763672,1078300.0,0.12731775995069616,0.12771361892633848,0.6154406029011162,0.1513106193714815,0.5185031461300491,0.6364079139405205,0.2028291063997632,0.49761739502294444,0,0,-0.10285957388057441,0.009389641932949248,0.003841235655810437
2016-05-10,23.049999237060547,23.32999992370605,22.959999084472656,23.32999992370605,1531400.0,0.12816474440744904,0.1279646328459501,0.6566720819795818,0.15147610254718946,0.5187572927234239,0.6107648294115219,0.2369825350466343,0.5026549778779256,0,0,-0.08905296248024916,0.02519547837413032,0.029539543512321954
2016-05-11,23.299999237060547,23.479999542236328,23.100000381469727,23.280000686645508,1249800.0,0.12869124884897123,0.12813322455113085,0.6453207856182006,0.15161012116589107,0.4920073609078002,0.5929639464264109,0.2734516417323853,0.4985437260481258,0,0,-0.09858547983634901,0.014144874615740379,0.03129024654831622
2016-05-12,23.3700008392334,23.479999542236328,22.950000762939453,23.040000915527344,1064600.0,0.1290941391586626,0.128271844477011,0.5907144435993078,0.15172062892742444,0.4893736008175023,0.5555222500241317,0.296480535992395,0.4950416947647165,0,0,-0.10180415675816287,0.011168312451225583,-0.009450223978271804
2016-05-13,22.93000030517578,23.1200008392334,22.6200008392334,22.729999542236328,869600.0,0.1293551017437008,0.1283149288650942,0.5245255578157048,0.15180709149280158,0.4847628733789067,0.5074844659604232,0.2957442625512261,0.492181121400023,0,0,-0.08376737102797147,0.03038189356663915,-0.02951390096158845
2016-05-16,22.71999931335449,23.06999969482422,22.670000076293945,22.940000534057617,989700.0,0.129606908405568,0.12842544993524968,0.5599029869629252,0.15190828250768706,0.46299182073629563,0.508311265698218,0.29506058007014074,0.4954367670520896,0,0,-0.07567089080483386,0.040035189869721446,-0.008358936671156988
2016-05-17,22.950000762939453,23.1200008392334,22.530000686645508,22.57999992370605,1131500.0,0.1298724493888118,0.12843668926316448,0.485434432877345,0.1520182379839199,0.48991013462337807,0.4879200439088519,0.2850495678041597,0.491714666359644,0,0,-0.08500439047699263,0.029642475239597156,0.009154275483162411
2016-05-18,22.530000686645508,22.61000061035156,22.25,22.36000061035156,1084600.0,0.1301379903720556,0.12847040760420064,0.443129164099453,0.1521202380807078,0.5018661211311192,0.44949565375633466,0.2582071901441833,0.4881468445204691,0,0,-0.06775910946922577,0.04871561017882197,0.04295833997484294
2016-05-19,22.200000762939453,22.520000457763672,22.149999618530277,22.25,1272300.0,0.1304905191747255,0.12847040760420064,0.422197855083563,0.1522378327360771,0.5112505171637617,0.4339098451745866,0.2273425291928693,0.48396157831543285,0,0,-0.05143119385008036,0.06395341497285698,0.059033974006830976
2016-05-20,22.34000015258789,23.020000457763672,22.32999992370605,22.989999771118164,1910600.0,0.13104907065720658,0.12863712567122187,0.5562917893113913,0.15243364610077448,0.5241199816428893,0.48350644024174766,0.2243084081070441,0.490246550107732,0,0,-0.053932618559076384,0.05797748351364993,0.04719097694654159
2016-05-23,22.93000030517578,23.149999618530277,22.86000061035156,22.899999618530277,698200.0,0.13164882685029788,0.12871018183860566,0.5377057351747538,0.15250425325016564,0.5118407047075045,0.5004527828273818,0.22732680467624317,0.4879498018059507,0,0,-0.07655503464131765,0.030447971403210435,0.01130927496608628
2016-05-24,23.049999237060547,23.459999084472656,22.8700008392334,23.440000534057617,870100.0,0.13233557086281533,0.12891436480839857,0.6206713890459975,0.1525986499070746,0.5156787100570339,0.529652987643169,0.24313996095172852,0.4908120199345384,0,0,-0.08034935297985747,0.02532750800732455,0.01572055093224789
2016-05-25,23.46999931335449,23.530000686645508,23.31999969482422,23.43000030517578,939900.0,0.13310472429655332,0.12915975888540687,0.6184193943513082,0.1527004063062049,0.5220761484615176,0.545620287336111,0.26062259799225307,0.4877201927663284,0,0,-0.09641638982038929,0.0068259319013085325,0.008105824647126423
2016-05-26,23.489999771118164,23.649999618530277,23.350000381469727,23.56999969482422,756900.0,0.13394713035510059,0.12939016707276485,0.6395235991299812,0.15278374533636851,0.5349176592832386,0.5544668357898888,0.2817051668213525,0.49021003634928206,0,0,-0.09731116760343561,0.0068288452978282005,0.017072113244570274
2016-05-27,23.559999465942383,24.209999084472656,23.459999084472656,24.15999984741211,1362900.0,0.13517411313051683,0.12968239209959193,0.7189683151094809,0.15294471900884932,0.5656605377197594,0.6090306694876265,0.32076125858939936,0.494693333771937,0,0,-0.09970302977923956,0.027577413107604243,0.028850246668654128
2016-05-31,24.170000076293945,24.299999237060547,23.979999542236328,24.149999618530277,1424900.0,0.136204229149293,0.1299633777985041,0.7163911614481749,0.15311260792812587,0.5730274576439062,0.622941413199274,0.3597559527020912,0.49000608562640835,0,0,-0.12251659811737742,0.005380759999488427,0.0012417502829049614
2016-06-01,24.01000022888184,24.420000076293945,23.920000076293945,24.3799991607666,1382500.0,0.1374357894496747,0.13023874365481308,0.74553579503504,0.15327966040783808,0.5930273038436167,0.6254698732520689,0.39962477685933834,0.49455385779371364,0,0,-0.11594207820445449,0.01697721962270812,0.015320866986716726
2016-06-02,24.270000457763672,24.6299991607666,24.25,24.61000061035156,1036500.0,0.13842927915604622,0.13059091259753314,0.7732894948226968,0.15340803939772368,0.5659143150376309,0.6405095947380255,0.4428224048014356,0.4979634533462721,0,0,-0.12551277598956231,0.014766149113829992,0.009844125487271801
2016-06-03,24.5,24.59000015258789,24.25,24.40999984741211,980400.0,0.13896951791894502,0.1309767995239976,0.7165046650547958,0.15352666980400964,0.5089965594609327,0.5976290661814068,0.482934487890526,0.4947384003026365,0,0,-0.13368552758765434,0.005282371293884518,0.015034572533808356
2016-06-06,24.459999084472656,24.65999984741211,24.32999992370605,24.520000457763672,826400.0,0.1394685519712336,0.13134582763723573,0.7315213175493468,0.15362783096225252,0.5009511838124212,0.5834206792930553,0.5223491783778249,0.4974568660668761,0,0,-0.13314215568684476,0.008193394682083816,0.01966413160940063
2016-06-07,24.57999992370605,24.84000015258789,24.420000076293945,24.729999542236328,885700.0,0.1402514397263482,0.13175044701508598,0.7596819373543845,0.15373871691304508,0.5261351500796927,0.5787420097663915,0.564408874102708,0.500370400828961,0,0,-0.13743885710925283,0.010603598043552102,0.022430637308018742
2016-06-08,24.700000762939453,24.76000022888184,24.5,24.649999618530277,1017400.0,0.14085577431764512,0.13210261560051428,0.7347401956099032,0.15386486687815903,0.49818144546457444,0.55827244138393,0.6034643058472422,0.49702363525715876,0,0,-0.1411242112037337,0.005661115739583123,0.019005229359255794
2016-06-09,24.51000022888184,24.56999969482422,24.229999542236328,24.38999938964844,548700.0,0.1413639642931047,0.13249412236958202,0.6560327921831689,0.15393089953062983,0.49886249998622906,0.5241892924496013,0.6123626342069222,0.4952186713597263,0,0,-0.133874287849013,0.013387421047178374,0.04787019567694961
2016-06-10,24.100000381469727,24.209999084472656,23.61000061035156,23.68000030517578,700600.0,0.141656974792342,0.13275075613179688,0.48154739499309485,0.15400835386423767,0.5022357231967458,0.4671370203899177,0.5723288055873708,0.4929140281912531,0,0,-0.11849124105446429,0.0303402947780406,0.07380070857338777
2016-06-13,23.540000915527344,23.770000457763672,23.290000915527344,23.290000915527344,1167000.0,0.14191335985241474,0.13294557305454274,0.40555027440173486,0.1541310336094066,0.48840975228176886,0.425914765031979,0.5182108144194517,0.4890751492623233,0,0,-0.09839534632714572,0.05489861572241634,0.11444252743021827
2016-06-14,23.200000762939453,23.549999237060547,23.100000381469727,23.350000381469727,996200.0,0.14210106981264364,0.13322843203432277,0.41837245201653284,0.15423647394437207,0.4836174251378149,0.41064406317586494,0.47830893889056875,0.49235217684501387,0,0,-0.08544446544611646,0.07041645878833165,0.12065261294468098
2016-06-15,23.38999938964844,23.729999542236328,23.38999938964844,23.549999237060547,1595700.0,0.1425451639597051,0.1336405441783523,0.4612081720413328,0.15440953268637325,0.5008151490305998,0.4287531634391792,0.43057729221576485,0.49760127633678186,0,0,-0.09336189591267871,0.06209853273022438,0.10064241297977256
2016-06-16,23.3700008392334,23.549999237060547,23.020000457763672,23.489999771118164,745500.0,0.14306251073157591,0.13400769865343087,0.44820278543069525,0.1544896882726305,0.5211162771643759,0.3968189127262178,0.40576701466169135,0.4951489333706146,0,0,-0.0518047244257745,0.06242035503088933,0.17197449546779933
2016-06-17,23.559999465942383,23.57999992370605,23.209999084472656,23.270000457763672,1187200.0,0.1435294968696654,0.13441793787388445,0.40094681428839707,0.154613657160587,0.5166923979173853,0.38475778585413,0.3808322426011424,0.49124360598036154,0,0,-0.060025536873174155,0.05449130264442645,0.13750538446391852
2016-06-20,23.600000381469727,23.899999618530277,23.600000381469727,23.850000381469727,778800.0,0.14392323038294558,0.1348974866999863,0.5245223759459114,0.15470107578368875,0.4917808696519954,0.43452197543645066,0.34021467760205165,0.4938054902218786,0,0,-0.062312021246896,0.05328748374409496,0.1190374045239653
2016-06-21,23.82999992370605,23.82999992370605,23.350000381469727,23.5,927600.0,0.1441979281626006,0.1353227118100902,0.4504582201914312,0.15480068643313982,0.49498812441336226,0.3942849152196096,0.314211436247025,0.4907541242454645,0,0,-0.07044026324129754,0.0423480173051301,0.1178196822221278
2016-06-22,23.559999465942383,23.8799991607666,23.489999771118164,23.729999542236328,1049100.0,0.14433069821760244,0.13574419035845853,0.49605561146885946,0.1549165359990225,0.4834190974062463,0.41110124808248577,0.28698689001111083,0.4942051678481554,0,0,-0.05999999350689812,0.05446811432534076,0.12893619943172374
2016-06-23,24.0,24.1200008392334,23.84000015258789,24.030000686645508,836200.0,0.14460539599725744,0.13610010586291416,0.5515572682810406,0.1550122181938119,0.48858102429985156,0.4554459533990306,0.2569388032963148,0.49695587098472016,0,0,-0.07796040527421678,0.0353982372015136,0.10661612875897591
2016-06-24,22.920000076293945,23.61000061035156,22.799999237060547,23.149999618530277,3028500.0,0.14441310763882295,0.13628555638132117,0.3845018796554547,0.15532186358131955,0.4730374446555837,0.32410309000089055,0.26704046607977405,0.48699353607789597,0,0,-0.03204329736834299,0.07990012573578373,0.14357056447596214
2016-06-27,22.790000915527344,22.790000915527344,22.200000762939453,22.25,1288500.0,0.1435386536660766,0.13630241555183925,0.2632570801252123,0.15543756809593084,0.42726470119620186,0.24204348283835925,0.29485990464804385,0.48275497952268953,0,0,-0.027645844818277303,0.0885528842695806,0.1524837510783935
2016-06-28,22.440000534057617,22.549999237060547,22.200000762939453,22.530000686645508,2051700.0,0.14279697062157226,0.13632864112669618,0.31663612659205975,0.1556293424310513,0.4624015371686343,0.27334985761421166,0.32069224046143724,0.4895041036859159,0,0,-0.013033749012464728,0.10786515139461902,0.17707858996444872
2016-06-29,22.81999969482422,23.239999771118164,22.790000915527344,23.15999984741211,1843300.0,0.14223841913909122,0.1365459367052716,0.4239729010008987,0.15581711459934056,0.46294253323929946,0.3641300504960391,0.30724817143312416,0.49556769025806346,0,0,-0.029738129421854807,0.08965825105194127,0.1757656844710418
2016-06-30,23.290000915527344,23.5,23.280000686645508,23.5,1173100.0,0.14173022829039145,0.13686813351139926,0.475254836973964,0.15594187026069378,0.4679379898059494,0.41568158625903495,0.2828118140360597,0.4994266353065018,0,0,-0.04922285425336262,0.06692570152299648,0.13644213593400376
2016-07-01,23.520000457763672,23.709999084472656,23.38999938964844,23.520000457763672,984200.0,0.1413227604557346,0.13725027423341996,0.47827850206925193,0.15604670340529264,0.46535874173201014,0.43621959382810743,0.2508594223673522,0.5026641885557328,0,0,-0.05617019977975399,0.05617019977975399,0.14085104110393104
2016-07-05,23.3700008392334,23.530000686645508,23.21999931335449,23.38999938964844,826600.0,0.14080541281062367,0.13755373858816178,0.45660156504386573,0.1561332205352709,0.46443923779263563,0.4178263222682291,0.22830701430937528,0.4999450648859356,0,0,-0.04974490023480175,0.06249996958946755,0.128401296413163
2016-07-06,23.209999084472656,23.3799991607666,23.01000022888184,23.190000534057617,1378800.0,0.14010035607852397,0.13785345673845983,0.42324744211543297,0.1562736534036145,0.4551066062199455,0.3931691757521081,0.21594859798713584,0.4954094639714469,0,0,-0.04318077588237097,0.06968794829625405,0.13766572487078302
2016-07-07,23.209999084472656,23.520000457763672,23.209999084472656,23.40999984741211,684100.0,0.1395326477996317,0.13812882259476877,0.46249851913478623,0.1563453060636068,0.45596237017944347,0.43830256484312535,0.19750285516629568,0.49765982993141333,0,0,-0.04355318233175051,0.07028896207748507,0.16127648091142147
2016-07-08,23.65999984741211,23.850000381469727,23.489999771118164,23.65999984741211,1479700.0,0.13919843258978418,0.13848661102280035,0.5054982745170825,0.15650515168825196,0.454947204935484,0.5190378152396369,0.17327003012283182,0.5025273441997401,0,0,-0.06236647133656662,0.05040582284780433,0.13925673857884358
2016-07-11,23.790000915527344,23.959999084472656,23.61000061035156,23.88999938964844,918900.0,0.13929457633238135,0.13889123040065066,0.5434732604277475,0.15660717231936422,0.47707761859989684,0.5582495487285589,0.15572899413334912,0.5055500912843961,0,0,-0.06720203562308147,0.044378666265096955,0.12595095356952318
2016-07-12,24.09000015258789,24.459999084472656,24.040000915527344,24.239999771118164,903800.0,0.1397295136830316,0.13940824412952418,0.5975512414742807,0.156711716735427,0.49992968189114173,0.6295769185968726,0.15999764300948494,0.508523166499449,0,0,-0.07911257588676943,0.031393889458405586,0.1205525003912099
2016-07-13,24.31999969482422,24.399999618530277,24.1299991607666,24.200000762939453,692100.0,0.1401186687981062,0.13983908908223136,0.5887117099454544,0.1567913419598776,0.4909040736479938,0.600797163038194,0.16396138839446817,0.5062464843171762,0,0,-0.08745870263624068,0.02145216430171958,0.09900988618778195
2016-07-14,24.3799991607666,24.56999969482422,24.21999931335449,24.3799991607666,501900.0,0.1404986671167696,0.14034298984503052,0.6171074417516479,0.1568502764054016,0.4919378581090268,0.6028207173846084,0.17437631615596516,0.507897498314117,0,0,-0.090082575582628,0.019008304847896833,0.08471078842066021
2016-07-15,24.420000076293945,24.540000915527344,24.239999771118164,24.51000022888184,607000.0,0.14096565325485907,0.14073075005236269,0.6374548834085273,0.15692258406358717,0.49008541456866656,0.5875933089960599,0.18404732050592665,0.5098942416816066,0,0,-0.09105821943287905,0.017227239161264143,0.07342079859704255
2016-07-18,24.450000762939453,24.950000762939453,24.440000534057617,24.8700008392334,630900.0,0.1416981803761924,0.14103796132613183,0.6905888513994083,0.15700076829263332,0.5151976412599865,0.6096906804945235,0.20884527244340007,0.5119696047632362,0,0,-0.09179926474862568,0.020399836610805706,0.08363929897662302
2016-07-19,24.86000061035156,24.979999542236328,24.649999618530277,24.940000534057617,758400.0,0.14219721442848093,0.1413208203059118,0.7004858326136093,0.15709541247721143,0.5163229346671114,0.5990435922722932,0.23296105178628773,0.5144643826378723,0,0,-0.10695616235025823,0.004825047359687506,0.07478884761711423
2016-07-20,25.0,25.34000015258789,24.899999618530277,25.1299991607666,858800.0,0.1429434758711909,0.14171607327942332,0.7273592541555706,0.15720471365648597,0.5241889630215174,0.6023294835968289,0.2678155814677857,0.5172894291024522,0,0,-0.11226941367691304,0.013632724350730967,0.06896548823267619
2016-07-21,25.059999465942383,25.34000015258789,25.059999465942383,25.170000076293945,811100.0,0.14360275036771492,0.14206074909867233,0.7330610733158379,0.15730830563202775,0.5157328764113398,0.5852551850811226,0.30018050188631945,0.519957565091531,0,0,-0.11380814956285434,0.011142088977171548,0.06804620170823454
2016-07-22,25.209999084472656,25.700000762939453,25.209999084472656,25.690000534057617,728400.0,0.14436274700504165,0.1425121994263413,0.8007026654942359,0.1574063858112949,0.523866086775496,0.5939827191845707,0.34172878334404105,0.5223536571325186,0,0,-0.11958674264638294,0.01946768680896028,0.07389752104543619
2016-07-25,25.649999618530277,25.940000534057617,25.61000061035156,25.899999618530277,1052400.0,0.14562177769465698,0.14304794524930886,0.8244587228971699,0.15755096367656246,0.5484379185741416,0.5961386673157743,0.38711836205618716,0.5258155561769108,0,0,-0.13429345207747695,0.011288474484182343,0.047100076553800205
2016-07-26,25.899999618530277,26.290000915527344,25.8700008392334,26.25,1466300.0,0.14745309506137014,0.14370732510850626,0.860805138472078,0.15775909930025195,0.5943289041885267,0.606577590084713,0.43815673639650604,0.5306389907728745,0,0,-0.14285710077553987,0.01505796535680404,0.04324327628298824
2016-07-27,26.309999465942383,26.36000061035156,25.90999984741211,26.01000022888184,901700.0,0.14904634096083297,0.1442824091151133,0.7852798584254271,0.15788404036521336,0.5471963089877767,0.5870987334432918,0.48722994657487134,0.5276728235661771,0,0,-0.15657137916201636,0.001904805501301948,0.0022857666015625
2016-07-28,25.899999618530277,26.06999969482422,25.729999542236328,25.739999771118164,1508500.0,0.15022754062743338,0.14487435229223838,0.7060427213373279,0.1580873503529977,0.4941779521553639,0.5526470340054325,0.5177619156967896,0.5227105708975476,0,0,-0.1422529343726148,0.017685543551456448,-0.005382521661533104
2016-07-29,26.84000015258789,28.100000381469727,26.84000015258789,27.420000076293945,4355600.0,0.1520222316817419,0.14582221061652728,0.8715594605084543,0.15877125269427073,0.4632984539381566,0.6468192124327686,0.5831329392310673,0.5370384381322061,0,0,-0.18026415815491953,0.04895105827839332,-0.024864001372935346
2016-08-01,27.3700008392334,27.38999938964844,26.739999771118164,26.790000915527344,1644600.0,0.15351933383860755,0.14667266083673508,0.7345978209917333,0.1590148765659799,0.4387570726162532,0.5895849731297289,0.6377532094423295,0.531628480731591,0,0,-0.18854850699886344,0.026622886221924255,-0.06163386321500097
2016-08-02,26.709999084472656,26.8700008392334,26.32999992370605,26.3700008392334,1128600.0,0.15488366594047143,0.14730581547836735,0.6545751404199637,0.15917549184259178,0.4175838882286567,0.5468594289800861,0.66443625236062,0.5279159196697314,0,0,-0.16834632950382736,0.05188507836860255,-0.022396358850937603
2016-08-03,26.350000381469727,26.739999771118164,26.239999771118164,26.63999938964844,939400.0,0.15646317664531745,0.1480064064447802,0.6828615177497234,0.15931246426009704,0.42980116804905094,0.5381718504426848,0.6841201123231331,0.5310061020740472,0,0,-0.15737578636538707,0.06636328950723212,-0.0037922024378909225
2016-08-04,26.63999938964844,26.739999771118164,26.479999542236328,26.59000015258789,942600.0,0.15791907409157283,0.1485964763410375,0.6730058207733988,0.15944915675592558,0.42281476368112225,0.5335462717536201,0.702397982288324,0.5279053931808089,0,0,-0.16666661893521842,0.05480484329097249,-0.02552553756589101
2016-08-05,26.649999618530277,26.75,26.51000022888184,26.530000686645508,1233000.0,0.15923304468641522,0.14917718019024784,0.6605599824686469,0.15962679836037502,0.403595429694336,0.5257331807494107,0.7195968688909391,0.5238494054178522,0,0,-0.16735610492870662,0.05453180724402242,-0.01842797173020994
2016-08-08,26.479999542236328,26.5,26.31999969482422,26.3700008392334,693400.0,0.1603684621174399,0.1497016870425924,0.6265357749065705,0.15972512607314998,0.3861201144673285,0.5043359967601762,0.7230763599086498,0.5215684468494547,0,0,-0.16132674966161278,0.06106297765943382,0.0056539621050887955
2016-08-09,26.450000762939453,26.450000762939453,26.25,26.31999969482422,625100.0,0.16132074711320118,0.1501063064204427,0.6156242030623992,0.15981329805654992,0.38318229555783,0.4946160074858352,0.7216876591294579,0.5195121630289972,1,0,-0.161167988803278,0.0625710870693412,0.021615459866659192
2016-08-10,26.420000076293945,26.420000076293945,26.1299991607666,26.3799991607666,628600.0,0.16231881434453813,0.1505240384070755,0.6245623420783563,0.15990242014835132,0.39921214280514183,0.48646445788866605,0.712321168536673,0.5215799601967137,0,0,-0.13791790284406555,0.0638297995689624,0.037613973502926966
2016-08-11,26.520000457763672,26.790000915527344,26.450000762939453,26.780000686645508,769700.0,0.16341760546315814,0.15097361581116853,0.6815878929443985,0.1600156042151304,0.41481559390348655,0.5163474086250227,0.7152901119795365,0.5241119097353575,0,0,-0.13305535786756378,0.05989385799738365,0.03525399297809362
2016-08-12,26.6299991607666,26.729999542236328,26.420000076293945,26.450000762939453,375600.0,0.1643057946305213,0.15131829163041755,0.603647693242219,0.1600691481330016,0.3987840446618546,0.496875296423626,0.715931720050007,0.5228763630980772,0,0,-0.1351754607568013,0.054891754406719506,0.030246503081493285
2016-08-15,26.530000686645508,26.8799991607666,26.5,26.82999992370605,827800.0,0.1652031397210555,0.15177161523895427,0.6581298963085048,0.16019130470577675,0.40238255450064453,0.5167009283118409,0.7212815124513281,0.5255994342012204,0,0,-0.1330812989123136,0.059357264632824945,0.0359167798937048
2016-08-16,26.809999465942383,26.809999465942383,26.3799991607666,26.38999938964844,465800.0,0.1658669917425449,0.15212191054351476,0.5619258477571084,0.16025725923308137,0.38167094142985564,0.48273087443024887,0.7171373825207459,0.5240671721574367,1,0,-0.14163247289848097,0.04808054115525897,0.025717500410723328
2016-08-17,26.38999938964844,26.479999542236328,26.290000915527344,26.43000030517578,784300.0,0.1664621704106708,0.1524403611451987,0.5682552061290262,0.160368670211755,0.38843084138658035,0.4537826893679781,0.7064173480931295,0.5266471488017894,0,0,-0.12050020381672119,0.06479731077568872,0.0420614109899131
2016-08-18,26.600000381469727,27.07999992370605,26.600000381469727,26.950000762939453,959900.0,0.16727710695322462,0.1528712060979059,0.64541301924693,0.16051159712212182,0.4009096871069093,0.5409332983481082,0.7167222399739417,0.5298047665257651,0,0,-0.11766933690661108,0.056753688334474035,0.033295465403164276
2016-08-19,26.780000686645508,26.93000030517578,26.739999771118164,26.920000076293945,569400.0,0.16784023683391128,0.1533451354386962,0.6384267757110219,0.16059609406082165,0.3970627849038722,0.5340563198580806,0.7262910681489814,0.5279317094031152,0,0,-0.11762523141198587,0.04897957912637348,0.03450828836732519
2016-08-22,26.82999992370605,26.82999992370605,26.63999938964844,26.770000457763672,444600.0,0.1682385487453971,0.15392396600703878,0.6025271625615957,0.16066115012313809,0.3841833768418182,0.4982250654208396,0.7271299159480988,0.5264691853484432,0,0,-0.10364037891053395,0.04717683707891413,0.040118867780283486
2016-08-23,26.899999618530277,27.0,26.86000061035156,26.96999931335449,643700.0,0.16856818555703898,0.154613317288245,0.6342499796108159,0.16075701511409868,0.3675280858951849,0.5418965564303956,0.733759791161853,0.5285866543857629,1,0,-0.10347405343283574,0.044826325828150396,0.04706762074471369
2016-08-24,26.96999931335449,26.979999542236328,26.68000030517578,26.71999931335449,464300.0,0.1688932439704753,0.15524459829171777,0.5731018594267584,0.1608245776676867,0.37079039641847855,0.49296675611241425,0.7251625722218362,0.5270593266336617,0,0,-0.10196514905502084,0.04189844630643745,0.03262888730143555
2016-08-25,26.600000381469727,26.790000915527344,26.420000076293945,26.43000030517578,560600.0,0.16920914646074056,0.15578409103371266,0.5071736896938921,0.16090394468146846,0.38887477758350386,0.405251075115032,0.6974780763691741,0.5252152173555485,0,0,-0.08832337840562926,0.05613772599351488,0.03705089058978263
2016-08-26,26.440000534057617,26.63999938964844,26.100000381469727,26.209999084472656,858400.0,0.16865517250322495,0.15629361163911515,0.46031889863701503,0.161022875079953,0.385560682277039,0.3277193368299436,0.6503538231717911,0.5223914867020839,0,0,-0.07567158444596539,0.06280740931686754,0.049564867605614286
2016-08-29,26.290000915527344,26.6200008392334,26.239999771118164,26.5,847700.0,0.16852240157498297,0.1568986674250228,0.5176426700841228,0.16114351684203765,0.4202036476430148,0.38792016171889715,0.6065955880599356,0.5251800194082139,0,0,-0.0625715892515478,0.06905759363473858,0.04273174250312264
2016-08-30,26.43000030517578,26.739999771118164,26.399999618530277,26.71999931335449,772400.0,0.16868264114597822,0.1574362865288581,0.5583347369027596,0.16125563172730029,0.4536071271934861,0.4593915617995854,0.5725100892419155,0.527720850671886,0,0,-0.057735874967754876,0.06301887080354511,0.03811321618422022
2016-08-31,26.739999771118164,26.780000686645508,26.57999992370605,26.71999931335449,768800.0,0.1687192674583829,0.15803946903389798,0.5583347369027596,0.1613671486481057,0.44839961541530376,0.4880735016314766,0.5430753548236125,0.5302498396355203,0,0,-0.06287426453398626,0.050898227743286006,0.01796405518605024
2016-09-01,26.709999084472656,26.88999938964844,26.440000534057617,26.770000457763672,678400.0,0.1688016768796034,0.1586089335551935,0.5682740187430371,0.1614659427116577,0.45778475358876664,0.48760672038914266,0.5051801727274023,0.5324814552870935,0,0,-0.05613772599351488,0.05202100796096789,0.018712575331171627
2016-09-02,26.979999542236328,27.11000061035156,26.850000381469727,27.06999969482422,881000.0,0.16904890427002478,0.15917839771919723,0.6258234014392605,0.1615976768211917,0.49107617243097335,0.5941192442050125,0.4829470140979341,0.5353795292685735,0,0,-0.051176649550166535,0.04183790885623921,-0.0022412949165632958
2016-09-06,27.149999618530277,27.149999618530277,26.809999465942383,26.86000061035156,672800.0,0.16927324054265835,0.15987336920029854,0.5674147931088203,0.1616963277310311,0.487685987144149,0.5558914002358515,0.4591069572110435,0.5331663349726147,0,0,-0.05245659742528378,0.035094228801232294,0.0022164560996966376
2016-09-07,26.8799991607666,27.239999771118164,26.71999931335449,27.020000457763672,868800.0,0.16959372143112922,0.1607669038085895,0.5991419387334299,0.16182548352591408,0.4942164985009654,0.5663251953491204,0.4296383670061738,0.5360242767150775,0,0,-0.042814579017063606,0.04542074434030167,0.029784107454594314
2016-09-08,26.86000061035156,27.049999237060547,26.290000915527344,26.3700008392334,2010300.0,0.16958914390616378,0.16148622722638817,0.4401017881382763,0.16210656523699585,0.4526936601071284,0.39308008468802474,0.3973339904420609,0.5294113390022862,0,0,-0.04182091224911682,0.045891922653979,0.019244949726328786
2016-09-09,26.11000061035156,26.36000061035156,25.76000022888184,25.76000022888184,1846500.0,0.16912215776807427,0.16197326917596105,0.3281479511186117,0.16234932838296484,0.4004223642175067,0.20822162176745665,0.3952160920864501,0.5233372259412161,0,0,-0.013272672367495242,0.0754645319600232,0.05650359210081403
2016-09-12,25.600000381469727,26.239999771118164,25.559999465942383,26.200000762939453,1235500.0,0.1690077004326547,0.16247904357691983,0.42135676291527935,0.16251876957235883,0.4287455211841965,0.25815469569094873,0.40195160565338045,0.5274014375236434,0,0,-0.0015528305579164997,0.06948753851996424,0.06909933088048498
2016-09-13,25.96999931335449,26.190000534057617,25.600000381469727,25.68000030517578,1716600.0,0.1684811968643727,0.16288366295477008,0.33638465880397905,0.1627420305517034,0.39090730905329085,0.25169523529229787,0.4082060111083872,0.5217546341222717,0,0,-0.015648848682174876,0.04847329850311006,0.06946570798376817
2016-09-14,25.71999931335449,26.190000534057617,25.71999931335449,26.11000061035156,1482700.0,0.1683530052075765,0.16339318391746438,0.4197801917274515,0.16294306441274692,0.4198207996492944,0.31878583196736243,0.4140136733166077,0.5266320169739633,0,0,-0.006230523579077139,0.05919004827493404,0.07593460824634164
2016-09-15,26.09000015258789,26.350000381469727,25.700000762939453,26.25,1292000.0,0.16827059578635595,0.16396639464320362,0.4453644629637574,0.16312042966163376,0.4304531941300654,0.3494701378215284,0.4056119479405829,0.5308820868764288,0,0,-0.020298761940104437,0.04404441178275366,0.03715048987666154
2016-09-16,26.100000381469727,26.1299991607666,25.700000762939453,25.959999084472656,3318900.0,0.1678173439696431,0.1644440701884377,0.3954539289767264,0.16356238156269282,0.4356313904145421,0.3315255862045253,0.3978103458057027,0.5199644730998865,0,0,-0.020571463448660714,0.04342854817708333,0.05028570265997024
2016-09-19,26.059999465942383,26.21999931335449,25.93000030517578,26.15999984741211,1365000.0,0.16746939356517876,0.16491237968662475,0.43425433874321084,0.16374739183441256,0.4415420991873422,0.37523406685775795,0.3824633519450717,0.5244546785308969,0,0,-0.01926040129558644,0.04545455881320003,0.062018515683020393
2016-09-20,26.34000015258789,26.690000534057617,26.1200008392334,26.6299991607666,1276600.0,0.1674052968635405,0.16542564685376276,0.5176772734355162,0.16392816108563107,0.45870273838675646,0.45273442501908795,0.34919779672614254,0.5286540897054227,0,0,-0.02981654018330087,0.034403655343266615,0.025611623860931673
2016-09-21,26.690000534057617,27.059999465942383,26.6200008392334,27.020000457763672,872100.0,0.16742818885456853,0.1659464071443718,0.5783422628729322,0.16405603578413247,0.4657317977101781,0.5397709020760586,0.33988185602220417,0.5315228868895869,0,0,-0.0424333872972869,0.02065337042409107,0.0015020281426685361
2016-09-22,27.21999931335449,27.479999542236328,27.11000061035156,27.40999984741211,903200.0,0.16774409134483378,0.16654771636854393,0.6327794737706368,0.16419302589696855,0.48406976698771803,0.6117797379546,0.3508937342016489,0.5344939883879668,0,0,-0.061435966665024135,0.0096225101582903,-0.011843067705510196
2016-09-23,27.280000686645508,27.57999992370605,27.280000686645508,27.450000762939453,996500.0,0.1682110774829233,0.16712280073244273,0.6382205492095137,0.16434456908268058,0.4975530919674295,0.603766312774288,0.3653048920253244,0.5377720028289938,0,0,-0.06275086575257742,0.010944882843144835,-0.01714707126302665
2016-09-26,27.34000015258789,27.520000457763672,27.18000030517578,27.440000534057617,1019300.0,0.16877420823685013,0.16767165952148466,0.6358527932696032,0.1644993092405615,0.5188671478084016,0.5759555188565653,0.37061887375167907,0.534418987154394,0,0,-0.06484519625400909,0.008743160817765326,0.012750468915915875
2016-09-27,27.43000030517578,27.59000015258789,27.299999237060547,27.479999542236328,872900.0,0.16922288078211722,0.16816057439463356,0.6420454242934625,0.1646321766103817,0.5168012436099501,0.5705115556594816,0.37884524632357225,0.5372904159607887,0,0,-0.0681487173045939,0.005830898115819017,0.01749269434745705
2016-09-28,27.51000022888184,27.729999542236328,27.34000015258789,27.5,1391100.0,0.16957998798299276,0.16864012322073535,0.6453248653485542,0.16484408035878634,0.49786810943886284,0.5634659749250936,0.3930158702957,0.5418664780670734,0,0,-0.07096072763546943,0.008005797562563753,0.016375504479145844
2016-09-29,27.479999542236328,27.739999771118164,27.3799991607666,27.5,1495900.0,0.1699370951838683,0.1690840807822251,0.645324865348554,0.16507166289462133,0.4814779058755411,0.551780368010512,0.40664778060681844,0.5467872826855704,0,0,-0.0698181845925071,0.009454553777521307,0.04727276888760654
2016-09-30,27.649999618530277,27.75,27.38999938964844,27.479999542236328,1217900.0,0.17026215359730457,0.16951679865850822,0.6390552102962933,0.16525641221568693,0.4626600998352439,0.5400814890260671,0.4198115327353881,0.5427809667922169,0,0,-0.0760000055486507,0.0036363775079899276,0.033090903542258396
2016-10-03,27.46999931335449,27.81999969482422,27.31999969482422,27.709999084472656,1444400.0,0.17055516409654187,0.1698951924615016,0.682498333205465,0.16547964432864753,0.4667049620641629,0.5411180149969773,0.4247159354169296,0.5475323607296172,0,0,-0.06950509021939633,0.012736549756188497,0.036390102498474054
2016-10-04,27.729999542236328,28.020000457763672,27.65999984741211,27.90999984741211,1289400.0,0.171035884556008,0.17027171334091906,0.7175665394072918,0.16568208077559593,0.48655571210097137,0.5563247068376973,0.440208986335554,0.5517738778598331,0,0,-0.0783110843735072,0.010465569292993814,0.006134972281150623
2016-10-05,27.96999931335449,28.200000762939453,27.899999618530277,28.15999984741211,1444000.0,0.1715578097260844,0.1706295017689506,0.7579911472458088,0.16591327158608843,0.5053678769349977,0.5652043198346389,0.46346529178100465,0.5565239559861181,0,0,-0.0863489738655648,0.008240825899047465,-0.004299495970648983
2016-10-06,27.950000762939453,28.020000457763672,27.690000534057617,27.850000381469727,803100.0,0.17223539694219062,0.1709741775881996,0.6536888563101428,0.16603845179199445,0.5371411110160569,0.5327883724245597,0.46307684615656125,0.5538821362193457,0,0,-0.08487220560893256,0.008877840957196414,0.021661885877424403
2016-10-07,27.920000076293945,27.920000076293945,27.51000022888184,27.59000015258789,632900.0,0.1730732246025323,0.17132072668831638,0.5757990423453483,0.1661348775786871,0.566837331701114,0.510139996021909,0.4457251635575425,0.5518001940821394,0,0,-0.08473969759518611,0.010053884481517244,0.004667833356767126
2016-10-10,27.780000686645508,27.920000076293945,27.559999465942383,27.75,450200.0,0.17378285973283758,0.17138254352778542,0.6084590674205456,0.1662043829512026,0.545181214066737,0.5124656736183449,0.4296128868584536,0.5532811394924259,0,0,-0.08046398000816586,0.015222909531392303,0.012685700332925317
2016-10-11,27.739999771118164,27.76000022888184,27.190000534057617,27.40999984741211,558500.0,0.1745749042843634,0.17149868408325242,0.5130606312376832,0.1662880749621818,0.5680280496738053,0.4769232273205305,0.3859559419060837,0.5514439382226681,0,0,-0.07855856955588401,0.01657661231788429,0.003963985958614865
2016-10-12,27.3700008392334,27.549999237060547,27.309999465942383,27.440000534057617,615000.0,0.17518381727386592,0.1716991204913098,0.5199728612491865,0.1663804293161117,0.5491867039733156,0.46924318207516147,0.34541735016459735,0.553466997812464,0,0,-0.06603434452269452,0.030280916757626994,0.012039398961806683
2016-10-13,27.170000076293945,27.32999992370605,26.950000762939453,27.21999931335449,561400.0,0.1756279114209274,0.17180776828059752,0.46070167118271577,0.16646306913191777,0.5358067323935609,0.41941058547680554,0.3332162517440214,0.5516202569121202,0,0,-0.05867349048894089,0.03753646744164983,0.020772583226328807
2016-10-14,27.36000061035156,27.489999771118164,27.11000061035156,27.209999084472656,666300.0,0.17620019809802526,0.17192390883606445,0.45802111816470326,0.1665610110526312,0.5152663424638859,0.4193419875305827,0.3086310851622008,0.5494284445467853,0,0,-0.06612789088227758,0.030859668397411718,0.015062448852118876
2016-10-17,27.200000762939453,27.21999931335449,26.90999984741211,26.920000076293945,721700.0,0.1765481485024896,0.1719969650034483,0.3829358884297197,0.1666642849142197,0.48527067912428457,0.33175211234436824,0.298814561836736,0.5470543923419793,0,0,-0.06027200853280934,0.03675119565037576,0.033811102802239416
2016-10-18,26.979999542236328,27.3799991607666,26.940000534057617,27.209999084472656,839100.0,0.17681368948573342,0.17215431666613068,0.4630519202881148,0.16678747144947642,0.4686569418844013,0.35296926391591654,0.27655723294257056,0.54981463510913,0,0,-0.052748888271527655,0.045319510298867785,0.02600300003549709
2016-10-19,27.31999969482422,27.780000686645508,27.200000762939453,27.68000030517578,740000.0,0.1771158567813819,0.17240907714747783,0.5710073820221289,0.16690059876692281,0.4640068070024691,0.46328994559895836,0.2569869096124369,0.5522488856724617,0,0,-0.06468211275634247,0.032341091426842626,0.006982746800827504
2016-10-20,27.670000076293945,27.700000762939453,27.200000762939453,27.3799991607666,530400.0,0.17710212158676505,0.17259640094675266,0.49265824781473,0.1669795518003639,0.4495720012347184,0.41589062438955005,0.23881446652017008,0.5505041201335548,0,0,-0.07622834490926726,0.01914742343938504,-0.021676314120471114
2016-10-21,27.18000030517578,27.899999618530277,27.1299991607666,27.600000381469727,837400.0,0.17717079581336878,0.17275000640499133,0.5404189280589805,0.16710654583683054,0.4506295056406721,0.4565639320462056,0.23458716124626944,0.5532587707034655,0,0,-0.05916730784837762,0.03725348754667797,0.0054784376598961924
2016-10-24,27.979999542236328,27.979999542236328,27.290000915527344,27.3799991607666,1002200.0,0.17714332542413516,0.1729242172381918,0.484456444588244,0.16725552178922004,0.4245969410460226,0.4562398828450312,0.23549895419481087,0.5499620059540452,0,0,-0.08623185245912175,0.007971058610956792,-0.01594197900824645
2016-10-25,27.38999938964844,27.96999931335449,27.34000015258789,27.790000915527344,1187400.0,0.17728525314878832,0.17310404827128734,0.5703059443812489,0.16743823899971116,0.4306597083398592,0.507995082290715,0.23634561907559937,0.5538679912498561,0,0,-0.06172383778340738,0.029583688755245863,0.023740012629741205
2016-10-26,27.540000915527344,27.8799991607666,27.540000915527344,27.670000076293945,918800.0,0.17736308417180327,0.17334382286298416,0.5391523033466465,0.16757805195920628,0.431340714930392,0.5016690148925158,0.23713180789347438,0.5508455731179789,0,0,-0.06621087052788874,0.0237495439247482,0.02626842454792613
2016-10-27,27.86000061035156,27.920000076293945,26.770000457763672,27.059999465942383,1502400.0,0.17716163901695756,0.17346183669931892,0.40185391123577285,0.16779443881782552,0.42633825366944966,0.35237715142436615,0.23225954907238916,0.545903386568858,0,0,-0.07806287826007882,0.012287681664272443,0.0014455731141463522
2016-10-28,27.049999237060547,27.63999938964844,27.01000022888184,27.420000076293945,1264800.0,0.17713416950096414,0.17354987875635308,0.47829362540141873,0.16798234370151333,0.44647478027746385,0.39354385536668673,0.22773530873852438,0.5500639813154821,0,0,-0.041389466148895986,0.04249820948172205,-0.005912780878413581
2016-10-31,27.540000915527344,27.709999084472656,27.3700008392334,27.670000076293945,1125900.0,0.1771158567813819,0.17369037160580914,0.5266123552427728,0.1681531209714609,0.4475346138791755,0.46692349581428816,0.2177181824418033,0.5537676606523133,0,0,-0.05178701941440224,0.024070016250026,-0.013858536362432967
2016-11-01,27.75,27.850000381469727,26.809999465942383,27.01000022888184,900100.0,0.17670381054851944,0.1737353292747601,0.3966242198300165,0.16828176631901787,0.4260777901435521,0.3600249755891941,0.23881753126842964,0.5508067566900771,0,0,-0.04083842275572379,0.016263128359185936,-0.017347290961793816
2016-11-02,27.0,27.0,26.559999465942383,26.729999542236328,1047500.0,0.17604911445020108,0.17369037160580914,0.3500189624837693,0.16842752207165784,0.39970764554707044,0.2358960387625024,0.26902547524346426,0.5473609763318475,0,0,-0.016290282500150587,0.04442801750354264,-0.005923726251620734
2016-11-03,26.90999984741211,27.149999618530277,26.770000457763672,26.899999618530277,652300.0,0.17561417622631062,0.17372408994684535,0.38628392874248507,0.1685196691082924,0.39601429691929296,0.31142881699220887,0.28447245947476896,0.5495067353081464,0,0,-0.013093916478250874,0.048260416671126426,-0.007108138320668471
2016-11-04,26.93000030517578,27.200000762939453,26.790000915527344,26.809999465942383,910300.0,0.17525706902543506,0.17379527283336138,0.37027967648086135,0.16864710676976252,0.38715816504867057,0.32572925484972765,0.2946192018276928,0.5465122781624697,0,0,-0.013754678233471812,0.04721191359753113,-0.01078070333233651
2016-11-07,27.3700008392334,27.76000022888184,27.06999969482422,27.690000534057617,1565400.0,0.17522959950944159,0.1740725123278299,0.5366303416089812,0.1688839931034838,0.41201924427032083,0.5023930001987297,0.2636936842797969,0.5516617049622526,0,0,-0.030212659061033806,0.030958595309202846,-0.0029839584222178446
2016-11-08,28.65999984741211,29.0,27.209999084472656,27.90999984741211,2859700.0,0.17545851418028077,0.17433663885622402,0.5707011425466448,0.1693241181261339,0.40194114188853625,0.6367767246628406,0.2800504542005219,0.5610687675784141,0,0,-0.07583966561816452,0.012278806284951267,-0.05272658202649417
2016-11-09,27.540000915527344,28.15999984741211,27.34000015258789,27.959999084472656,1822600.0,0.17569658477429093,0.17456892032444982,0.57851970850278,0.16960525154357353,0.4198791540345723,0.5611413712833274,0.29523888341262366,0.5670642609253441,0,0,-0.03511291490300131,0.052310967124854044,-0.015764978017311426
2016-11-10,28.239999771118164,28.799999237060547,27.90999984741211,28.780000686645508,1785200.0,0.176410799176042,0.17495480760820603,0.6906229814141358,0.16989923483644032,0.449738240071538,0.6827819759584369,0.3282101603740792,0.5729367259329923,0,0,-0.06008584979206079,0.027181697201982224,-0.035765380284126735
2016-11-11,28.8700008392334,28.989999771118164,28.40999984741211,28.559999465942383,1558400.0,0.17702886896195577,0.1752901170231162,0.6424439863171829,0.1701510452456202,0.4408591182539207,0.6693250433060999,0.3636755114432734,0.5678103258277274,0,0,-0.08026411807428838,0.004516996444233017,-0.058026408493758605
2016-11-14,28.729999542236328,29.040000915527344,28.450000762939453,28.46999931335449,1529200.0,0.17773850409226102,0.17555237027064263,0.622683242471584,0.1703960235648176,0.4256022834653052,0.6329559233662938,0.3978992185693418,0.5627799799338804,0,0,-0.07598039624901452,0.01085439002408562,-0.0651260062249289
2016-11-15,28.489999771118164,28.540000915527344,27.670000076293945,27.899999618530277,1724800.0,0.17805440658252633,0.1757471868360967,0.5073524442751476,0.1706591899141331,0.40519854697145147,0.5151181927444206,0.3849624272281293,0.5571062024046448,0,0,-0.06779066918594802,0.019318621625367915,-0.059009495809427
2016-11-16,27.88999938964844,28.239999771118164,27.770000457763672,27.850000381469727,1709700.0,0.17813223760554123,0.17590266557520312,0.4979405523386188,0.17091856130337946,0.37241362113513554,0.4956985909238985,0.3729496924112892,0.5514820967450123,0,0,-0.04767024881329086,0.04121869324740452,-0.046236524222815364
2016-11-17,27.979999542236328,28.6299991607666,27.93000030517578,28.559999465942383,1369900.0,0.17867247636844005,0.1763129044383649,0.6060708044495067,0.17113872076194947,0.3977151577034572,0.5511133034075199,0.3752524023252221,0.5559884208621851,0,0,-0.05098743471611428,0.03806109008157494,-0.020825849758047393
2016-11-18,28.479999542236328,28.549999237060547,28.0,28.049999237060547,936100.0,0.17887849904825118,0.1767418757529125,0.5112300898187275,0.1712828281952009,0.37838405766889976,0.5157145862722894,0.37739063295958847,0.5529090938995707,0,0,-0.06722689468476822,0.019607891588331913,-0.029761918675220794
2016-11-21,28.100000381469727,28.25,27.96999931335449,28.1299991607666,626300.0,0.1792218710545099,0.1771034103853878,0.5234174607809795,0.17137982865155837,0.39526406958661736,0.4979333881770515,0.37756647484389955,0.5549693251533742,0,0,-0.05490199491672876,0.03351160640374131,-0.021390388512987447
2016-11-22,28.200000762939453,28.200000762939453,27.450000762939453,27.850000381469727,1126400.0,0.17924934057050332,0.17750990304410585,0.4728684121472636,0.17155006925111477,0.3864441934066454,0.4554768275823502,0.34880634005127914,0.5512640010526488,0,0,-0.05830079438055614,0.029861364296073403,-0.01848561938419556
2016-11-23,27.790000915527344,27.959999084472656,27.63999938964844,27.700000762939453,623700.0,0.17926307576512016,0.17780774791353615,0.4464520185083395,0.17164305186253387,0.38291424404422425,0.44518116860577,0.32210050060098866,0.5492123225710949,0,0,-0.044165222001338086,0.044883302796351124,-0.01795332111854045
2016-11-25,27.71999931335449,27.81999969482422,27.56999969482422,27.739999771118164,199000.0,0.17957439985717985,0.1780868603315806,0.4539130734643687,0.17167281189495398,0.39951124234464297,0.4326584403002577,0.29348411477371805,0.5498669386009638,0,0,-0.0418772496556787,0.04765348613054623,-0.0025270647254950996
2016-11-28,27.709999084472656,28.0,27.709999084472656,27.770000457763672,703600.0,0.17973464030141525,0.17842591666551816,0.4598336936282048,0.17177826658261897,0.38336991181835234,0.4472694319154889,0.27574313681621193,0.5521814503528018,0,0,-0.041456367268164485,0.0479452718827862,-0.008651758222725231
2016-11-29,27.93000030517578,28.15999984741211,27.8700008392334,28.1200008392334,913400.0,0.17994066385446658,0.17879307149788853,0.5270084455962291,0.17191920755184298,0.3793126224369703,0.4806079237141554,0.26686465145054455,0.5551861050346222,0,0,-0.04933384287541078,0.03997121325366198,-0.017644932050448512
2016-11-30,28.209999084472656,28.46999931335449,27.68000030517578,27.68000030517578,549200.0,0.18024740954832066,0.17898976170150216,0.4380420984011393,0.17200077293631666,0.37940831729979896,0.45763935630303854,0.2722664785442671,0.5533794963732955,0,0,-0.05867708283380177,0.029516422698560446,-0.01742531139737782
2016-12-01,27.649999618530277,27.739999771118164,27.299999237060547,27.51000022888184,739300.0,0.18060451674919617,0.17908155032027184,0.4064612054562139,0.17210888616412479,0.38356547917107126,0.3654719315571095,0.2541949230590085,0.5509475484794157,0,0,-0.0393786177951768,0.05021680930896361,0.00036127994116974337
2016-12-02,27.520000457763672,27.6299991607666,27.040000915527344,27.06999969482422,799000.0,0.18068234777221107,0.17901786019993504,0.3312766184310302,0.17222110925944756,0.37316056600281866,0.3008019857317441,0.22341661314073663,0.5483192157765753,0,0,-0.034896437071396884,0.05525265158550866,-0.00036351249722395404
2016-12-05,27.26000022888184,27.530000686645508,27.18000030517578,27.32999992370605,766700.0,0.18092041923946142,0.17899538118681368,0.3873435987428038,0.17233129984092665,0.38763605835462384,0.3084720328143585,0.1948367539309127,0.5508412967318541,0,0,-0.0258589128493155,0.06575547494320216,0.0029552982862185665
2016-12-06,27.280000686645508,27.6299991607666,27.280000686645508,27.540000915527344,803400.0,0.1808517450128577,0.17901411363819952,0.4305874998182846,0.1724488672782098,0.3702004812115115,0.3401201459404357,0.1737724130113406,0.5534841033569631,0,0,-0.026344720918882833,0.06439810588346219,0.005488460261581037
2016-12-07,27.59000015258789,28.1299991607666,27.229999542236328,28.040000915527344,572100.0,0.1809112633162904,0.17911901522304352,0.523122098451893,0.1725362320060288,0.39217387403217857,0.41469308108781794,0.1784916123367572,0.5553660422046415,0,0,-0.03740016893263001,0.05265071585825284,-0.00217862977297704
2016-12-08,28.149999618530277,28.420000076293945,28.049999237060547,28.270000457763672,682600.0,0.1810531910409436,0.17926325463423515,0.5612567584524623,0.17264244241430682,0.3758194410533283,0.5081496860053749,0.19468637850023068,0.5576114738729255,0,0,-0.05670471115096935,0.03174041611761227,-0.009629117294862884
2016-12-09,28.3799991607666,28.399999618530277,27.8799991607666,27.899999618530277,726700.0,0.18065030073125218,0.1793381840824867,0.4860254365748775,0.17275197684508414,0.32751591616612064,0.4743032478079012,0.19883771405347878,0.555220974029178,0,0,-0.0643791887284671,0.023346365195388196,-0.010965668939607284
2016-12-12,27.76000022888184,27.82999992370605,26.86000061035156,26.88999938964844,808800.0,0.17988572569571984,0.17922766301233123,0.325774579642198,0.17286326745573732,0.32738497667157473,0.28948358664431023,0.18808498361836956,0.5525604039540124,1,0,-0.04301078062174793,0.04587816143894745,0.005376330486780544
2016-12-13,26.96999931335449,27.270000457763672,26.93000030517578,27.15999984741211,611200.0,0.1792859695026285,0.1791246350656468,0.3750490797562295,0.17294944628012188,0.36075439581457286,0.2897821365687906,0.17810030535719662,0.5545709633382128,0,0,-0.015247298501982828,0.07698035140044375,0.042023097573971775
2016-12-14,27.170000076293945,27.36000061035156,26.989999771118164,27.270000457763672,1022300.0,0.17899753740159688,0.1790047479484443,0.39497236297607063,0.1730949400020212,0.3879542748806258,0.3287952903379773,0.1641762523027544,0.5579338475961775,0,0,-0.02245952186224645,0.06885128312736637,0.03865976594107347
2016-12-15,27.25,27.399999618530277,26.809999465942383,26.84000015258789,793000.0,0.178535129661713,0.17875748059056817,0.33195875571120237,0.17320331812271555,0.3963984492667012,0.3113449555583947,0.15919622915690707,0.5553252520600668,0,0,-0.017601743094202038,0.06563992979390423,0.050238387100700034
2016-12-16,26.780000686645508,27.190000534057617,26.71999931335449,26.71999931335449,1082100.0,0.1776927236031657,0.17854580449730423,0.31521373318731705,0.17334941684248834,0.35211552502412746,0.30471115842413954,0.15852845234380636,0.5517656540403625,0,0,-0.0022355206017103503,0.08420269061227738,0.0629656712779874
2016-12-19,26.68000030517578,26.88999938964844,26.40999984741211,26.63999938964844,1284100.0,0.17704718430125851,0.1783678467450765,0.3037340122090675,0.17352129210195777,0.3665997850245253,0.28504122506087837,0.17091772013363948,0.5475415714074244,0,0,-0.010104807810707066,0.08832337840562926,0.0726048122721327
2016-12-20,26.65999984741211,27.299999237060547,26.65999984741211,27.290000915527344,802400.0,0.17666260845762968,0.1782816779689101,0.43175543875847955,0.17363531067423538,0.3805851710298742,0.37060415805925323,0.15885030496049352,0.5501810885047451,0,0,-0.009384384599390908,0.08933938148061805,0.07695192507613642
2016-12-21,27.290000915527344,27.290000915527344,27.030000686645508,27.200000762939453,502900.0,0.17636501956018683,0.17824234014256246,0.41675435041639164,0.17370614932237738,0.3822045115977156,0.3927700352251373,0.1476448480140009,0.5485267849800161,0,0,-0.0322462821030737,0.06412605134814388,0.05056794116783689
2016-12-22,27.09000015258789,27.239999771118164,26.82999992370605,27.100000381469727,511200.0,0.17609032178053183,0.17817865002222566,0.3995998165254918,0.17377746853480186,0.39342551311434193,0.3782126205672761,0.1466138301786073,0.5468451783746443,0,0,-0.02500001051846643,0.07169120250894877,0.05808823085986219
2016-12-23,27.01000022888184,27.299999237060547,26.8799991607666,27.239999771118164,550900.0,0.1758614071096927,0.17818239658396118,0.42798956129737253,0.17385528395141125,0.3999695095146382,0.3979660767658768,0.14195459256308873,0.548657379233211,0,0,-0.022140235166933604,0.07490777336053345,0.05756455512853299
2016-12-27,27.209999084472656,27.520000457763672,27.170000076293945,27.200000762939453,273700.0,0.17560044452465448,0.17818052366038523,0.4202731708390953,0.17389379019178342,0.4037445105148758,0.43087690499922016,0.12429178209664521,0.5477570354775572,0,0,-0.02936854786279273,0.0671806845239033,0.060939859350542185
2016-12-28,27.26000022888184,27.34000015258789,26.86000061035156,26.8700008392334,326900.0,0.17502815784755663,0.17817115761333824,0.3583308461916346,0.1739383821145205,0.3839269355473629,0.3804040294672521,0.12359368839861534,0.5466816888435665,0,0,-0.03125001314808317,0.050367606377107646,0.059558782589890336
2016-12-29,26.799999237060547,26.989999771118164,26.75,26.809999465942383,351700.0,0.1746298459360708,0.17809622816508663,0.3474391209737454,0.1739860718829691,0.3915177575840509,0.34585511769279015,0.1281784591241663,0.5455247619204263,0,0,-0.014514305078807143,0.06810568911609549,0.08224789440997814
2016-12-30,26.799999237060547,26.799999237060547,26.440000534057617,26.600000381469727,573700.0,0.17421322130500277,0.17789391847616148,0.309463099065612,0.17406228531221446,0.390904938488628,0.3022371021464294,0.14627058271605237,0.5436375598282865,0,0,-0.014546788415414421,0.06825811115851618,0.08317797441278596
2017-01-03,26.899999618530277,27.57999992370605,26.86000061035156,27.399999618530277,1186700.0,0.174364304952827,0.177897665037897,0.4850924353635976,0.17423201306581598,0.4175618105732497,0.4591459860474781,0.12397320347659507,0.5475412424546456,0,0,-0.0184210437628232,0.06203005995743158,0.08533836184998747
2017-01-04,27.459999084472656,27.700000762939453,27.290000915527344,27.6299991607666,894700.0,0.1745016534060344,0.17790328452320853,0.5263439535589093,0.17436250793079977,0.43176792475540016,0.5148793209027428,0.10886524807641162,0.5504843829668251,0,0,-0.03832114057222269,0.03686132273515733,0.06678838892454145
2017-01-05,27.56999969482422,27.850000381469727,27.350000381469727,27.5,764700.0,0.174483339813212,0.17792576353632988,0.4988113045612175,0.17447268744870675,0.41761480028273956,0.5186565397838355,0.10180676780123155,0.5479688810671227,0,0,-0.041983347182263354,0.032573277085300466,0.07672822669657216
2017-01-06,27.549999237060547,27.739999771118164,27.3799991607666,27.68000030517578,475500.0,0.17431852097077097,0.17790515780407629,0.5326170615161598,0.1745422612590773,0.41475452263813484,0.531789928917722,0.0952524646885643,0.5495330515304527,0,0,-0.041454523259943185,0.03345454822887061,0.10618182095614334
2017-01-09,27.530000686645508,27.540000915527344,27.149999618530277,27.290000915527344,422500.0,0.1738698484255039,0.1778339749175602,0.4498931796633959,0.174601942114047,0.409705990656761,0.48711117404995613,0.07600526118505357,0.548143226039902,0,0,-0.04046245761868628,0.03395948758473149,0.11524561385617091
2017-01-10,27.399999618530277,27.82999992370605,27.309999465942383,27.649999618530277,555400.0,0.17375539109008428,0.17794449598771572,0.5184980345467939,0.17468292907377958,0.4268190178852092,0.584230623023543,0.07294040324130419,0.549970229773516,0,0,-0.036277014947071036,0.039208488784454675,0.08647858304060298
2017-01-11,27.559999465942383,27.59000015258789,27.26000022888184,27.46999931335449,565700.0,0.17402093207332814,0.17795386203476277,0.48075271226605776,0.17476407273287559,0.44538294190955807,0.5263234170283042,0.0670899468972021,0.5481093439036826,0,0,-0.04159130684976845,0.03291138734057156,0.046292973030917735
2017-01-12,27.32999992370605,27.459999084472656,27.0,27.440000534057617,466900.0,0.17414912460336449,0.17791077764667956,0.47434642065344257,0.1748308357869388,0.44966454411322004,0.481229670680258,0.04940241011316099,0.5465734633793319,0,0,-0.03349108479397324,0.04149979680175052,0.05824537391567727
2017-01-13,27.56999969482422,27.75,27.450000762939453,27.71999931335449,410900.0,0.17435514728317564,0.17804377737266464,0.5306542563352329,0.17489104487005025,0.44567449871936343,0.5639897153864596,0.04554029982397978,0.5479251303475385,0,0,-0.04227404609458211,0.030976689683906322,0.030612249862944075
2017-01-17,27.549999237060547,27.84000015258789,27.420000076293945,27.65999984741211,731000.0,0.1747305672036334,0.1782179885631569,0.5163050816117138,0.17499754434331544,0.46228108226042725,0.5517275363797468,0.04652891254133465,0.5455204855343015,0,0,-0.04112552012579694,0.0313853124380946,0.046176072090623986
2017-01-18,27.57999992370605,27.690000534057617,27.170000076293945,27.51000022888184,1005000.0,0.17509225280271454,0.17833225619504794,0.4800439679347813,0.1751419241601299,0.4905692287503944,0.4990850935977286,0.03223726056070961,0.5422145101070741,0,0,-0.04229935223240458,0.030368769241569074,0.027476508787940057
2017-01-19,27.540000915527344,27.57999992370605,27.21999931335449,27.34000015258789,1036800.0,0.1754127336911854,0.1784315379372886,0.43995766929787317,0.1752884868358387,0.4846305162647905,0.4715323433418975,0.018966440864415013,0.5388039276961791,0,0,-0.04107601085836719,0.03198833709360422,0.031624824596380136
2017-01-20,27.350000381469727,27.530000686645508,27.21999931335449,27.43000030517578,614000.0,0.17547682951958352,0.17838283370660218,0.461988735377142,0.17537592954047793,0.47325576921917006,0.4717473557123441,0.0066435368607128675,0.5408236977581867,0,0,-0.03438187742543376,0.03913678452276589,0.0446232372547742
2017-01-23,27.43000030517578,27.770000457763672,27.32999992370605,27.530000686645508,349500.0,0.17562791316740775,0.1783116508200861,0.4867447313135569,0.17542613080881198,0.4694636971299087,0.5142185247485342,0.009898180671099432,0.5419733877201928,0,0,-0.03718557952663265,0.03609186146933292,0.03353992220409673
2017-01-24,27.600000381469727,28.0,27.43000030517578,27.8799991607666,533200.0,0.1759850194950431,0.17829666493043578,0.5669283168358551,0.17550507858266123,0.4724444066456184,0.5756574771236809,0.02560312616771182,0.5437273639369068,0,0,-0.043225590424154005,0.029059179698772076,0.026516510135447948
2017-01-25,27.989999771118164,28.280000686645508,27.84000015258789,28.06999969482422,573600.0,0.17636501781370648,0.1781636648471589,0.6060505123057431,0.17559136328744396,0.46497390734030564,0.6415525895744785,0.053930421837941445,0.5456142370762677,0,0,-0.05667144803682305,0.010401754815525244,0.014347189044867906
2017-01-26,28.1200008392334,28.32999992370605,27.90999984741211,27.90999984741211,677100.0,0.1766900762271428,0.17804190444908868,0.5588575366299138,0.17569177758357152,0.4558181030312654,0.6119743291912914,0.08257312709836867,0.5433868978108192,0,0,-0.06091916674073186,0.00748126422357511,0.005343769866799522
2017-01-27,28.01000022888184,28.1200008392334,27.71999931335449,28.100000381469727,867500.0,0.1772532061078295,0.17797259484344036,0.5996554355832193,0.17582245268521585,0.47806156564823915,0.5794122218238206,0.09382166750902105,0.5462405631671573,0,0,-0.05732713687628653,0.011465413707405767,0.023647432856338864
2017-01-30,27.950000762939453,28.25,27.82999992370605,28.21999931335449,764600.0,0.17789874540973663,0.17803253840204164,0.6245940141225821,0.1759387215482054,0.49496171118861443,0.6021194598066737,0.11114038875954602,0.5487557361140808,0,0,-0.05480430229968546,0.01352310162305851,0.02313165870840733
2017-01-31,28.200000762939453,28.63999938964844,28.07999992370605,28.6200008392334,1299800.0,0.17882356088950443,0.17817677781323327,0.6994335231446254,0.1761428476000727,0.5207973771064371,0.6660497714813215,0.145422554161673,0.5530314643332949,0,0,-0.06343022533952598,0.015591730595853287,0.023387663482322466
2017-02-01,28.75,28.950000762939453,28.100000381469727,28.46999931335449,997100.0,0.17931343814538178,0.1781599186427152,0.6505082710911946,0.17629737504996978,0.5061099853462003,0.633772004789111,0.18927215641025874,0.5497514761755949,0,0,-0.0817610092233166,0.0069881466483147124,0.009783391978859487
2017-02-02,28.459999084472656,28.709999084472656,28.32999992370605,28.6200008392334,903100.0,0.17976668996209463,0.17826669350842694,0.678589378658918,0.1764389526258605,0.503794966236442,0.6086862910655888,0.22998964421251689,0.552722248721196,0,0,-0.07095182996606234,0.01721115877361299,0.027748540027423753
2017-02-03,28.729999542236328,28.770000457763672,28.489999771118164,28.709999084472656,603800.0,0.18032066304637015,0.1783753412977147,0.6952763830475696,0.17653424318325628,0.5170289781240573,0.5982193861419199,0.2701556772659964,0.5547084655997631,0,0,-0.08001393923928514,0.0076869746419272935,0.011530395318985389
2017-02-06,28.559999465942383,28.799999237060547,28.420000076293945,28.670000076293945,691900.0,0.1807739139898428,0.17852894675595338,0.6805750561025286,0.17664302501432366,0.5150262026909208,0.5725110950566907,0.30063345739267994,0.552432441323048,0,0,-0.07384183209644661,0.013584162641370346,0.013584162641370346
2017-02-07,28.729999542236328,28.799999237060547,28.6200008392334,28.670000076293945,506200.0,0.18140571809713316,0.17871065071262487,0.6805750561025286,0.1767225707513948,0.5128748070386754,0.5681320952372878,0.3289342532246004,0.5540976002894784,0,0,-0.07987439839849243,0.007673568891443256,0.0006976092678914723
2017-02-08,28.799999237060547,28.799999237060547,28.40999984741211,28.56999969482422,590800.0,0.18182692112640683,0.1788661294517313,0.6403172734421655,0.17681461452662733,0.5072442863755094,0.5408735221442139,0.3342203570301043,0.5521541472721591,0,0,-0.08231596430843112,0.005232002981504572,0.01743983253119799
2017-02-09,28.56999969482422,28.989999771118164,28.56999969482422,28.8700008392334,989700.0,0.18246788290334856,0.17907218570239197,0.7071636780703144,0.17697248829988077,0.5127314827981221,0.5621648626705974,0.3493402696452563,0.5554097929242257,0,0,-0.07455369910810587,0.014700737864202116,0.03465172494550337
2017-02-10,28.959999084472656,29.0,28.729999542236328,28.8799991607666,1382500.0,0.1831271565266324,0.1792145514754241,0.7092714304613893,0.17719297728057654,0.5071870560612565,0.5577898383017389,0.36391015957005673,0.559957565091531,0,0,-0.08728778930239733,0.0013855529741787814,0.023900260270167097
2017-02-13,28.989999771118164,29.21999931335449,28.920000076293945,29.01000022888184,723000.0,0.1837177567965527,0.1794636921141679,0.7370252545112573,0.17730938105511995,0.4946237548990325,0.5688825226016745,0.38872826099351127,0.5623358936824618,0,0,-0.08829637504022901,0.007963973300552527,0.03497230811051818
2017-02-14,28.8799991607666,29.149999618530277,28.780000686645508,29.030000686645508,931000.0,0.18434498337887764,0.1797484243748157,0.7413279904854454,0.17745940638061675,0.4991513076793561,0.549049104464662,0.39711012877129576,0.565398444053356,0,0,-0.06963111115056,0.011720101685810709,0.04102035590033791
2017-02-15,29.049999237060547,29.200000762939453,28.90999984741211,29.170000076293945,527200.0,0.18510498001620437,0.18014180442475114,0.771395802341401,0.17754524940671385,0.5013652657479545,0.5564705277627848,0.4076974269787768,0.5671326831033404,0,0,-0.0706165755622457,0.00585601351267435,0.035480560188871406
2017-02-16,29.170000076293945,29.43000030517578,28.920000076293945,29.290000915527344,721500.0,0.1859977475817731,0.18050895925712152,0.795904694766144,0.17766377045550713,0.5150074603542408,0.5696673043007419,0.42968693240278705,0.5695060774025889,0,0,-0.0743915005354242,0.008913274878361572,0.04113818168669383
2017-02-17,29.239999771118164,29.709999084472656,29.170000076293945,29.690000534057617,1055600.0,0.18703244199875488,0.18091170535410406,0.8650167115585411,0.1778424166536432,0.530450255600704,0.6126087823555045,0.4626809358243604,0.5729785029359035,0,0,-0.07647660297377067,0.016046408284860588,0.04882213248473145
2017-02-21,29.709999084472656,30.549999237060547,29.709999084472656,30.46999931335449,1050500.0,0.18837845963455616,0.18136690188621674,0.9543438764547197,0.17803046206594125,0.5483864357078017,0.6967955937388837,0.5191039458853532,0.5764341518774979,0,0,-0.09127649160410073,0.02829235895850929,0.042438538437763816
2017-02-22,30.239999771118164,30.75,30.100000381469727,30.71999931335449,1081100.0,0.1896786950347817,0.18182584498006504,0.9752643187362607,0.1782272478006332,0.5620617744678182,0.6856667447260623,0.5759457716440262,0.5799904603694139,0,0,-0.10633409399842443,0.016737782749417767,0.03610109636555242
2017-02-23,30.75,30.790000915527344,29.729999542236328,29.76000022888184,1828100.0,0.19045242686672528,0.18217426736104958,0.6524563065076258,0.17853731302139814,0.5264671978397523,0.5977989329561517,0.5960044544371408,0.5739768746196483,0,0,-0.12207031522848417,0.0013021131647602184,0.016601570321654727
2017-02-24,30.06999969482422,30.68000030517578,28.450000762939453,28.84000015258789,2518700.0,0.19087820829420452,0.1825395489125522,0.45569825864000135,0.1789343395694027,0.5069361149126904,0.49066708609267057,0.5397686148816179,0.5656915409792924,0,0,-0.10315859110259042,0.024193589219275936,0.03864246000288012
2017-02-27,28.75,28.959999084472656,28.38999938964844,28.93000030517578,2212700.0,0.19125820661286788,0.18287111212301865,0.47182377649182694,0.17928496741409972,0.5313147755055038,0.4071660943117338,0.4887412231997144,0.5729702791164328,0,0,-0.054785017869158265,0.07073512152337104,0.08668515904205598
2017-02-28,28.88999938964844,28.96999931335449,28.3799991607666,28.40999984741211,1833800.0,0.191345194432294,0.1830846611398586,0.3817213227463595,0.17956298739840093,0.48449738257256936,0.3760799863602884,0.44181516169835616,0.5669379430582739,0,0,-0.05945382976877383,0.06567582114885008,0.08053922914370637
2017-03-01,28.899999618530277,29.0,28.56999969482422,28.82999992370605,1558400.0,0.1914413381748912,0.18345743545754045,0.4584441273267371,0.17980720525955374,0.4665894670670638,0.4041430377675937,0.3967421022716903,0.5720643431635388,0,0,-0.0608940356046471,0.06652591718226386,0.07110174123945558
2017-03-02,28.8700008392334,28.8700008392334,28.030000686645508,28.34000015258789,1208500.0,0.1913818207446987,0.18376090016957408,0.37984979978013533,0.17998888090360599,0.4627777919647441,0.3462979367301703,0.3793014379828246,0.5680889488313952,0,0,-0.05723210302620094,0.06659729730748928,0.06243493728144137
2017-03-03,28.21999931335449,28.46999931335449,28.0,28.40999984741211,817700.0,0.1912856761288614,0.18409246338004048,0.39294985790301773,0.18011242730881682,0.46549419004485554,0.3323085579186347,0.36434628790724327,0.5707787957038767,0,0,-0.0352858149123434,0.09068460085869735,0.09421312850805116
2017-03-06,28.709999084472656,28.81999969482422,28.399999618530277,28.56999969482422,1355900.0,0.1912215803004633,0.1843322376144455,0.42349663525187864,0.18031984741916152,0.4532282691599828,0.3783302110731328,0.33137805505507606,0.5752390664320136,0,0,-0.04857441633855941,0.07321372200725854,0.07497363884390369
2017-03-07,28.6200008392334,28.670000076293945,28.21999931335449,28.350000381469727,911600.0,0.19107507505084462,0.18454765991215322,0.3857797138599346,0.18045663513218302,0.44096028594607656,0.35433120420814657,0.30906752697861845,0.5722403329002121,0,0,-0.04165210174199615,0.07595380117162079,0.0931046508864331
2017-03-08,28.459999084472656,28.59000015258789,28.290000915527344,28.32999992370605,755500.0,0.19091941300481483,0.18477806809951125,0.38229913852649167,0.18056973035919088,0.4342699632709859,0.35723402588686093,0.2883506080504793,0.569755094656162,0,0,-0.026102284344301105,0.08218701233519683,0.10723107141523584
2017-03-09,28.309999465942383,28.56999969482422,28.26000022888184,28.38999938964844,1027200.0,0.19083700358359426,0.1849934903972189,0.395738243608592,0.1807241622931549,0.43305736343910844,0.3603688188439465,0.2706218237118474,0.5731340976002894,0,0,-0.020825984969177227,0.08753976195777322,0.10377693406195444
2017-03-10,28.649999618530277,28.649999618530277,28.1200008392334,28.270000457763672,1463100.0,0.19056230580393926,0.1851939268052763,0.37238303419416097,0.18094168613401296,0.41152417997154994,0.35852578511337446,0.2613152414733347,0.5683211894932482,0,0,-0.032758024838665016,0.07537870176134466,0.09616060587982037
2017-03-13,28.26000022888184,28.670000076293945,28.26000022888184,28.670000076293945,858300.0,0.19046616206134212,0.18553110950105428,0.462964272741191,0.18107349983815468,0.4258518547889337,0.3876574656815332,0.2512834947146763,0.571144591193934,0,0,-0.015210481012132392,0.08949418626382444,0.12698974511696481
2017-03-14,28.61000061035156,28.739999771118164,28.420000076293945,28.600000381469727,806600.0,0.19027845210111324,0.18586641927325626,0.4478127203056185,0.1811965763095451,0.43378174828627347,0.3987691357358979,0.23690305288694063,0.5684912580799025,0,0,-0.021276616976919495,0.0760376804804524,0.12033487107633885
2017-03-15,28.75,29.09000015258789,28.68000030517578,28.86000061035156,976000.0,0.1902006210780983,0.1862897711024924,0.5041752112328812,0.18134858928558928,0.42471106609640097,0.4368014075768339,0.21096580597971853,0.5717018372012697,0,0,-0.026223775874000817,0.07132870238872738,0.121328712392304
2017-03-16,28.979999542236328,29.11000061035156,28.670000076293945,29.030000686645508,709900.0,0.19013652524970018,0.18659510909539373,0.5390963857731226,0.18146060031026146,0.4253948855105124,0.44549762524908504,0.1881273242559663,0.574037072978174,0,0,-0.03395701737736,0.06271660897476908,0.11018711843114698
2017-03-17,29.040000915527344,29.399999618530277,28.8700008392334,29.25,1354600.0,0.19011821165687778,0.1868985738074273,0.5823580046057222,0.18167790497783265,0.43073117529002347,0.4768666602860404,0.18419563576177994,0.5784930673201861,0,0,-0.035825039301696227,0.060282464988195526,0.11229756267394372
2017-03-20,29.239999771118164,29.32999992370605,28.96999931335449,29.059999465942383,831000.0,0.18982977868260595,0.18719079883425438,0.5326410683525109,0.18180910566512332,0.40241084918464554,0.4739113741956743,0.18054478216003556,0.5757594697281204,0,0,-0.04239315456814236,0.05299149211655315,0.11452992757161458
2017-03-21,29.1200008392334,29.190000534057617,28.850000381469727,28.950000762939453,1745700.0,0.18913387874691748,0.1874287001450834,0.5044018937856447,0.18208201261607948,0.370505912481384,0.4690826460509365,0.16779661234311843,0.5700169410681096,0,0,-0.038540979346748175,0.057467312697343474,0.10357881225736028
2017-03-22,28.950000762939453,29.030000686645508,28.59000015258789,28.75,710300.0,0.18823195525817774,0.18770219272052457,0.4543460112769344,0.18219115524280483,0.34661566278392864,0.45022332865368275,0.14562218205494304,0.56768038948009,1,0,-0.03281522410719945,0.06355786197226564,0.102590647153162
2017-03-23,28.950000762939453,29.309999465942383,28.81999969482422,29.299999237060547,1086200.0,0.1880213533069208,0.18801127691786967,0.572382530026213,0.18236544315730174,0.4028630753035958,0.5541312757512338,0.13499738008094314,0.5712534745637263,0,0,-0.03304350479789402,0.06400000530740489,0.19478255562160326
2017-03-24,29.350000381469727,29.68000030517578,29.31999969482422,29.559999465942383,1238500.0,0.18835099011856268,0.18840278368693741,0.61931913034893,0.18256802344161693,0.4445542967826513,0.641407542011513,0.1454317391851297,0.5753275547295186,0,0,-0.04607509954342109,0.0491467771861308,0.1587030627853618
2017-03-27,29.299999237060547,29.670000076293945,29.25,29.649999618530277,1106300.0,0.18868062693020463,0.1888167691118347,0.6350898795416787,0.18275005509952047,0.42465242553392446,0.6101785768985664,0.14983934144880245,0.5789667593216993,1,0,-0.043978324105125366,0.05040601168425275,0.15832207001789203
2017-03-28,29.57999992370605,30.06999969482422,29.57999992370605,30.0,1010300.0,0.18940857565333233,0.18924386750280636,0.6928837439771475,0.1829205843375058,0.47281730436338215,0.644272825863205,0.1732780742055195,0.5822901692462047,0,0,-0.053288362362021856,0.04080947748360447,0.14974706884254954
2017-03-29,29.940000534057617,30.299999237060547,29.940000534057617,30.06999969482422,1342500.0,0.18997628393222457,0.18969531783047533,0.7038377286341924,0.18314814495567622,0.45860346488116543,0.6395422548693807,0.20457431568738704,0.5867063603019786,0,0,-0.06466668446858724,0.028333346048990887,0.13533331553141276
2017-03-30,29.989999771118164,30.07999992370605,29.81999969482422,30.07999992370605,1322700.0,0.190772906881956,0.19017673993744494,0.7054817822669526,0.1833722689353725,0.49193150913222256,0.5969546712489772,0.22402355570346222,0.5910574187075445,0,0,-0.06617890892299183,0.026604627619829322,0.12304618866450073
2017-03-31,30.07999992370605,30.40999984741211,30.0,30.3700008392334,1055700.0,0.19167025284573033,0.1907443311778727,0.7519277805824863,0.18355481316424993,0.496827139064826,0.6087169922359503,0.2556032109526214,0.594530173193638,0,0,-0.06914893380923193,0.023603756436905467,0.13530590467074058
2017-04-03,30.600000381469727,30.93000030517578,30.479999542236328,30.670000076293945,1737400.0,0.19263169463790283,0.1913512602446481,0.7945036259919024,0.1838614147026466,0.4965832760087747,0.6289462114330071,0.3021004126774565,0.6002453987730061,0,0,-0.08561081032671305,0.010865983358148125,0.1254527283720205
2017-04-04,30.6299991607666,30.96999931335449,30.600000381469727,30.96999931335449,1269800.0,0.19383120702408543,0.19199565385690343,0.8322758133930909,0.18408998946457233,0.5302260704416036,0.6126410133158752,0.34645840059171656,0.6044224411585716,0,0,-0.08575152116805607,0.011085756496319236,0.10303233605803713
2017-04-05,30.940000534057617,31.440000534057617,30.940000534057617,31.34000015258789,2117700.0,0.19520927344732594,0.19264379438818602,0.8729286831634185,0.18448046240980476,0.5673244501928782,0.6217157271210302,0.40033487340816903,0.6113886741558249,0,0,-0.09493059732777803,0.016144656476772875,0.09815947935355107
2017-04-06,31.34000015258789,31.3700008392334,31.059999465942383,31.26000022888184,1336300.0,0.19652324404216834,0.19324135740791443,0.844252615821179,0.1847251706001103,0.5785808773013394,0.5961382924646428,0.45036302673773204,0.6069928781723383,0,0,-0.10657307390957658,0.0031908226222988408,0.0804084379545092
2017-04-07,31.229999542236328,31.399999618530277,31.170000076293945,31.21999931335449,911100.0,0.19787384007617517,0.19386139908347239,0.8293875442143358,0.1848914051855426,0.5810197811794511,0.5794897112030618,0.4976164420637244,0.603995789404431,0,0,-0.10332691998037981,0.0067178819668486205,0.08605241865045261
2017-04-10,31.26000022888184,31.36000061035156,31.06999969482422,31.25,1043100.0,0.19905503974277558,0.1944514689797297,0.833339613567612,0.1850819619707763,0.5686881994429552,0.5624427632503953,0.532065749517576,0.607427095840392,0,0,-0.10442025306154828,0.00576554481533194,0.07527227524519836
2017-04-11,31.25,31.31999969482422,31.049999237060547,31.21999931335449,896700.0,0.20025455212895824,0.1950134403775542,0.8208082099425688,0.18524530764761538,0.571364850346499,0.5485113065329926,0.5621109169181122,0.604477376272636,0,0,-0.104,0.00608001708984375,0.075199951171875
2017-04-12,31.1200008392334,31.25,30.8700008392334,30.920000076293945,874700.0,0.2011976803283083,0.19544428497296956,0.7016276965945915,0.1854012547905416,0.5606806053283184,0.5242350863972838,0.5726040415018718,0.6016000263162222,0,0,-0.09993596758020443,0.010249830296675807,0.09865470824621612
2017-04-13,30.96999931335449,31.0,30.6299991607666,30.670000076293945,794200.0,0.2019485201692238,0.1958563974742909,0.6144706250956111,0.18554027565046105,0.5388395999464127,0.4967888559638003,0.5611675556193216,0.5989874833467655,0,0,-0.09605431132037924,0.01520055690632012,0.10608022893118474
2017-04-17,30.670000076293945,30.93000030517578,30.5,30.88999938964844,699000.0,0.20269936001013936,0.196281622227103,0.6599423960882219,0.18566447545600662,0.5384554347446401,0.49196523103963685,0.5398647772295582,0.6012868632707774,0,0,-0.08314311153300394,0.02510598160574625,0.11477008613168492
2017-04-18,30.739999771118164,30.8799991607666,30.56999969482422,30.84000015258789,628200.0,0.20351429655269318,0.19668062211964177,0.6423862794186666,0.18577564295859206,0.5563796338013866,0.4856786855765688,0.5200836258676349,0.5992203819141761,0,0,-0.08481706000819005,0.022661080504068596,0.1213985749901082
2017-04-19,30.979999542236328,31.299999237060547,30.920000076293945,31.280000686645508,878500.0,0.20458103888387405,0.1971695373500824,0.7263932195061163,0.18593582656162166,0.5869757729842675,0.5196443403317096,0.5233305374887984,0.6021102320761854,0,0,-0.09273666306266011,0.014915725990445198,0.12289237667884097
2017-04-20,31.3799991607666,31.6200008392334,31.26000022888184,31.5,917000.0,0.20584006957348935,0.1976996636877385,0.7620561264889799,0.18610542107256756,0.5971290865373631,0.5480174029627101,0.5395805924959705,0.6051267290580437,0,0,-0.10421989290188881,0.007672687762096557,0.12819693544936017
2017-04-21,31.46999931335449,31.57999992370605,31.1200008392334,31.25,584300.0,0.20673283713905807,0.1982016915269617,0.6743148927479191,0.1862115981542557,0.570781013376231,0.5294340798072968,0.5424767422196404,0.6032046579713481,0,0,-0.10634915790860604,0.004761953202505073,0.11269844902886296
2017-04-24,31.690000534057617,31.809999465942383,31.299999237060547,31.3799991607666,767900.0,0.20756608640119414,0.1986718739487247,0.6980434213494421,0.18635230443176876,0.551672859578729,0.5503284967830826,0.5546795013931911,0.605730686359973,0,0,-0.10976000976562489,0.0038399658203125,0.11135992431640625
2017-04-25,31.56999969482422,31.989999771118164,31.5,31.850000381469727,917900.0,0.20857331130218246,0.19922822586123773,0.7732946348491837,0.18652575082137024,0.5393203602983986,0.5856054438084564,0.5728830639149141,0.6087501439168407,0,0,-0.10038239970600815,0.013384324012954654,0.12523901881072494
2017-04-26,31.96999931335449,32.2400016784668,31.88999938964844,32.060001373291016,787000.0,0.20951644037477266,0.19979956366340101,0.8021136797404255,0.18667641549248493,0.5241909978606979,0.6200596638938414,0.5985385146611191,0.6113390022862217,0,0,-0.10612242135899864,0.00847731120497553,0.11993725451869461
2017-04-27,32.16999816894531,32.369998931884766,32.0099983215332,32.220001220703125,696700.0,0.21050077415797316,0.20039712668312937,0.8230529379937889,0.18681109895967163,0.5341341466891035,0.629490461525092,0.6266140619711158,0.6136308162963207,0,0,-0.11166556029345324,0.006238326711553809,0.11728016142141849
2017-04-28,32.189998626708984,32.189998626708984,31.950000762939453,32.15999984741211,712600.0,0.21145305915373439,0.2009572248000861,0.8002557408661651,0.1869482449555817,0.5181077776552832,0.6040950856628415,0.6467881217213625,0.611286698794388,0,0,-0.11173179198416344,0.005586601438739895,0.10117945415022946
2017-05-01,32.2599983215332,32.369998931884766,32.08000183105469,32.29999923706055,844300.0,0.2123366690496518,0.20152106912148654,0.8201460574128846,0.18711210406319878,0.5097105670635175,0.6042487476900184,0.6718441645608846,0.6140640471060379,0,0,-0.11411685902854986,0.003420417004772286,0.11194037020830548
2017-05-02,32.25,32.77000045776367,32.2400016784668,32.59000015258789,1366700.0,0.21321570142060373,0.2020643080679252,0.8582096461479009,0.18738203475383397,0.5241182867871371,0.6177967854647399,0.7071888242722333,0.6185598447342884,0,0,-0.11331269145086167,0.016099085759947354,0.11981421124754657
2017-05-03,32.4900016784668,32.540000915527344,31.8700008392334,32.130001068115234,880900.0,0.21374678426033147,0.2023752659034298,0.6927916549599323,0.1875508238280411,0.494291319438106,0.5479028581377466,0.7067080186845804,0.6156620997055872,0,0,-0.11966865626323775,0.008591555016443932,0.11199747450420934
2017-05-04,32.25,32.25,31.700000762939453,31.920000076293945,1556300.0,0.2140123252435753,0.2026000546054763,0.6277356175801736,0.18784467214937384,0.4621289881938575,0.5069412906980293,0.6926656628014674,0.6105426076086777,0,0,-0.10675381858544666,0.016184265187582064,0.12978518612884463
2017-05-05,32.79999923706055,35.130001068115234,32.79999923706055,34.54999923706055,4436100.0,0.21551858332361198,0.20349733541821102,0.9008490505792518,0.18882479669075847,0.4995313822162674,0.7267752198368423,0.7410990647567539,0.6251352818302932,0,0,-0.11121551467968285,0.07299504465807041,0.08991224702459291
2017-05-08,34.54999923706055,34.54999923706055,33.72999954223633,34.0,2190700.0,0.21679134920784413,0.2044639261938857,0.78634252388587,0.1892925928602589,0.49479274582248634,0.6656706608980192,0.7860729380009484,0.6179289133044951,0,0,-0.15340084961204362,0.016787318201516493,0.007235890174256038
2017-05-09,34.099998474121094,34.2400016784668,33.86000061035156,33.97999954223633,1259500.0,0.2180412231010482,0.2054099112373069,0.782303222348187,0.18956085389989452,0.4802389598615683,0.625322696815446,0.8278343917277005,0.6137857530551489,0,0,-0.13294113383573655,0.030294193941004136,0.016176560345818016
2017-05-10,33.849998474121094,34.040000915527344,33.66999816894531,34.02000045776367,886500.0,0.21932314578169157,0.20646079786557198,0.7857041719089283,0.189749943526912,0.49158781112913374,0.5919271563996205,0.8551318022449927,0.6167019194394644,0,0,-0.11859914165942477,0.03766929403289508,0.01589172815779869
2017-05-11,33.95000076293945,34.2599983215332,33.84000015258789,34.0,1476300.0,0.2207332601191311,0.20742926192211453,0.7810796124395044,0.1900641695433708,0.49754546727323967,0.5788818382254157,0.8838378215490237,0.6118455895656179,0,0,-0.12139920671790382,0.034685487633686805,0.026161063423658232
2017-05-12,33.959999084472656,34.029998779296875,33.689998626708984,33.689998626708984,988700.0,0.22211590406733703,0.20843144396240137,0.7093466497236397,0.1902706129315639,0.49009953202816503,0.5452674347557064,0.901107476559164,0.6085932334413394,0,0,-0.1164705613080193,0.03441182304831112,0.026470633114085478
2017-05-15,33.83000183105469,34.33000183105469,33.83000183105469,34.150001525878906,1315800.0,0.22360842869923728,0.20950668288465563,0.7573955220855108,0.19055257463122022,0.4860224471054406,0.550375131047688,0.9223350487170068,0.6129215941051661,0,0,-0.09943610642247168,0.038587096766157916,0.024636332745333223
2017-05-16,34.209999084472656,34.40999984741211,33.880001068115234,34.40999984741211,1047300.0,0.22524287930931033,0.21060065390100396,0.7823594965777941,0.1907801462681349,0.49783949899178814,0.5447543931052526,0.9434081653056992,0.616366716557838,0,0,-0.10863832851255409,0.026940027599864077,0.01727672404760474
2017-05-17,34.40999984741211,34.40999984741211,33.7400016784668,33.790000915527344,899100.0,0.2263920310617117,0.21161969546910064,0.64830662533771,0.19096848097340857,0.46630620013423973,0.5189542971677967,0.9534322748178139,0.6134091021233902,0,0,-0.1136297548605241,0.02092418552443773,0.006393525768052881
2017-05-18,33.9900016784668,34.279998779296875,33.75,33.97999954223633,1221700.0,0.2275274476194962,0.21267807486354506,0.670404725816774,0.19122703405288288,0.4568108828775537,0.5130591393013886,0.9627403765076343,0.6174279182223391,0,0,-0.10328504243582469,0.033737773269031775,0.025451221436904637
2017-05-19,34.060001373291016,34.2599983215332,33.810001373291016,33.86000061035156,1340800.0,0.22872238248071344,0.21370273627424508,0.6451863037946267,0.1915085143994123,0.44077317523439136,0.5051910462472567,0.9713836137910392,0.6130173193638053,0,0,-0.10476755212624471,0.03148910268507316,0.01353734816567282
2017-05-22,33.86000061035156,34.029998779296875,33.83000183105469,33.91999816894531,1369000.0,0.2298852685544914,0.21476111531139774,0.6530014785980092,0.19179661154449945,0.4487037525766748,0.49656119222409467,0.9794094769827724,0.6175206829059688,0,0,-0.099232148546517,0.03750739618638435,0.017719978242931995
2017-05-23,33.72999954223633,33.7599983215332,33.130001068115234,33.61000061035156,1465100.0,0.23069104830063406,0.21568649497985704,0.5850875736543996,0.1920989855338595,0.45630889991908014,0.4588824712981838,0.936762103556841,0.612701195743351,0,0,-0.09522404824872548,0.041273632118313204,0.008254681439022646
2017-05-24,33.5,33.63999938964844,33.45000076293945,33.599998474121094,784300.0,0.2313961041594936,0.21662311361893938,0.5829024747371961,0.1922606090110306,0.46599778679341014,0.4592138696715897,0.8971609710899049,0.6101212190989983,0,0,-0.08925914744184885,0.048497501889756274,0.021719712257651527
2017-05-25,34.04999923706055,34.310001373291016,33.720001220703125,34.20000076293945,1247500.0,0.23230260604643896,0.21762342273565022,0.6694002356087446,0.19252668449321897,0.47954281489870815,0.5043215689044777,0.8829245644562993,0.614224905014885,0,0,-0.10565474399633608,0.032142913098240494,0.018154780894451182
2017-05-26,34.290000915527344,34.77000045776367,34.209999084472656,34.25,820300.0,0.2332594694404058,0.21860125283923976,0.676006437359917,0.19270200200255938,0.45438092866074176,0.5376461003525095,0.8818777351867588,0.6169233046596161,0,0,-0.11081873774793441,0.024561407422486078,0.010526333401187353
2017-05-30,34.310001373291016,34.349998474121094,33.959999084472656,34.189998626708984,912200.0,0.2341247666167409,0.2195266321504073,0.6608719980086873,0.19289615119740144,0.4488308377172435,0.5071034375863553,0.8653956331067323,0.6139225974111415,0,0,-0.10919712929830064,0.02394159692917427,0.023357641957972172
2017-05-31,34.189998626708984,34.5,34.0,34.4900016784668,1138500.0,0.2349946430645218,0.22054380079492808,0.7032787501275354,0.19314246226927867,0.4621399028353051,0.5315492376729669,0.8543670428308856,0.6176677247981052,0,0,-0.09564196202864247,0.027493491639743056,0.03831533857587382
2017-06-01,34.5,34.77000045776367,34.380001068115234,34.77000045776367,1226300.0,0.2362033122471157,0.2216340252495409,0.739756303104597,0.19341173320461713,0.49108244003939183,0.6053387623586616,0.8515319702108473,0.6217016727248803,0,0,-0.09799939101994426,0.01826619418544604,0.028414018397922344
2017-06-02,34.939998626708984,35.41999816894531,34.84000015258789,35.38999938964844,1135100.0,0.23779197974837288,0.22287785516239234,0.8085898342918644,0.19366938207811868,0.5181021346852017,0.7637033361957689,0.8639974369156393,0.6254356157173637,0,0,-0.10986476091985878,0.01380499096683649,0.018406764334764313
2017-06-05,35.2400016784668,35.31999969482422,34.88999938964844,35.02000045776367,1441500.0,0.23800716009783543,0.22394934752291107,0.7134203714315149,0.1939896935797658,0.46122508070130863,0.658057484671672,0.8755725131415177,0.6206937614105494,0,0,-0.11133095533645868,0.005086083458118526,0.012997996394631355
2017-06-06,34.7400016784668,35.16999816894531,34.63999938964844,35.16999816894531,1104200.0,0.23854281958928844,0.22500023379388434,0.7313822401062801,0.19423683437270312,0.498884338287808,0.6020760150898389,0.8697106071822536,0.6243260579943749,0,0,-0.09251860754183722,0.01941737525956444,0.04711586777880377
2017-06-07,35.2400016784668,35.529998779296875,35.029998779296875,35.5,965300.0,0.23923872039821711,0.2260960780911005,0.769143622640383,0.1944566123341116,0.5255901506724324,0.6260396259652836,0.8732899013181974,0.6275014391684073,0,0,-0.10065399772050947,0.008245581914364218,0.03241397352858105
2017-06-08,35.5,35.83000183105469,35.189998626708984,35.790000915527344,1131500.0,0.24004907854256533,0.22718068306040173,0.799753351439174,0.19471803434272472,0.5296442827121303,0.6242659683592833,0.8834216460257807,0.6312235398608529,0,0,-0.10704223202987456,0.009295826226892605,0.03267605203977773
2017-06-09,35.810001373291016,36.2599983215332,35.709999084472656,35.93000030517578,2093000.0,0.24093268931172288,0.22827840063848553,0.8140388572129057,0.1952045619886179,0.5282801820260715,0.6289500058173207,0.9015353382972786,0.6381085215217355,0,0,-0.11483656063748397,0.012573258919559238,0.02933778178823709
2017-06-12,35.93000030517578,35.959999084472656,35.380001068115234,35.45000076293945,1164200.0,0.24173846993110562,0.22928432959779982,0.6872653075820845,0.19546799142552307,0.530425454343467,0.5648113440774404,0.8972733775544945,0.634278853270613,0,0,-0.11772890359889557,0.009184470179642194,0.019482347815026786
2017-06-13,35.459999084472656,36.119998931884766,35.41999816894531,35.86000061035156,990300.0,0.24252135768622027,0.23031273721294354,0.7368541963838139,0.19569684502910412,0.5281123488530456,0.5681430141677566,0.8971292885897475,0.6375364726393525,0,0,-0.10606483048271254,0.022566973761447454,0.0349788900361078
2017-06-14,36.02999877929688,36.2599983215332,35.88999938964844,36.119998931884766,1170500.0,0.2433042454413348,0.23133365170461628,0.7656231176948792,0.1959708286440781,0.5126077297136232,0.5764934712001538,0.9003216306128767,0.6413868649155413,0,0,-0.12074729343723173,0.0064138186927394526,0.028722882779226914
2017-06-15,35.86000061035156,36.2599983215332,35.720001220703125,36.13999938964844,1289900.0,0.2443801436956867,0.23230211576115872,0.7678496028415597,0.19627277755261452,0.542729606598104,0.5575072188395149,0.8919247283039893,0.6456300268096514,0,0,-0.11517164923667504,0.01107413408112104,0.04485047009386035
2017-06-16,36.02999877929688,36.43999862670898,35.88999938964844,36.41999816894531,1351300.0,0.24549724666064884,0.2332537202898914,0.7988924338939986,0.19659338597849418,0.5714863449276899,0.563320743871565,0.8890250477205435,0.6500751657099623,0,0,-0.08937464296586298,0.011344766307039043,0.03431105975120639
2017-06-19,36.0,36.130001068115234,35.560001373291016,35.66999816894531,1464100.0,0.24632591665133916,0.2340798178588182,0.6141502480504848,0.19692695860266052,0.5744104954395715,0.5161270150292112,0.8647145620179915,0.6452589680751327,0,0,-0.0788028302080466,0.012081236925600845,0.042284486352349
2017-06-20,35.40999984741211,35.470001220703125,34.7599983215332,34.79999923706055,1342300.0,0.24672880696103053,0.2347504370459304,0.455823866754937,0.1972181869878349,0.5529783996088194,0.44015064368150425,0.8002846996083575,0.6408434349249165,0,0,-0.06391922894130862,0.028875773259601566,0.049060837954389605
2017-06-21,34.93000030517578,34.93000030517578,34.4900016784668,34.650001525878906,1480600.0,0.24720494989553124,0.23538733824929825,0.4323141987953726,0.1975363493986514,0.5291650955217321,0.3986252478783136,0.7288729690617375,0.6359729600815802,0,0,-0.05172411714146312,0.04339075731717577,0.06867814488637079
2017-06-22,34.689998626708984,34.720001220703125,34.290000915527344,34.38999938964844,796300.0,0.24756663549461236,0.23598115470729114,0.39215582766296686,0.1977047841344748,0.5112733319639369,0.3638071308782378,0.6705686516753859,0.6333535091037681,0,0,-0.04502157257997928,0.05050504828096407,0.07705633091093646
2017-06-23,34.470001220703125,34.900001525878906,34.33000183105469,34.84000015258789,2606600.0,0.24785964599384966,0.23671546401474008,0.46839219941455135,0.19826967040633725,0.5372064748245113,0.3828861096996784,0.6084456474558224,0.6419279922367144,0,0,-0.038964820481829886,0.05728401980137375,0.09944746233333022
2017-06-26,34.86000061035156,35.11000061035156,34.560001373291016,34.86000061035156,1091600.0,0.2481389221717102,0.23750035083374332,0.47168546335814854,0.19850615091938117,0.5535195728842355,0.39723095492909205,0.5595567536285229,0.6455188407704073,0,0,-0.049655554955783346,0.045350115081444785,0.08610792155169271
2017-06-27,35.150001525878906,35.25,34.54999923706055,34.65999984741211,1260000.0,0.2483541025211727,0.23820656164275944,0.4366565016988406,0.19877579024255077,0.5326241283062894,0.38688331118675984,0.5201003026789419,0.641374035757167,0,0,-0.057946082111193065,0.037005079697187686,0.06741246221961537
2017-06-28,34.79999923706055,34.900001525878906,34.43000030517578,34.79999923706055,1119100.0,0.24849602849934563,0.23894836371638767,0.4623757498897417,0.19901695464609304,0.5234730196157577,0.3668985351017557,0.47737714268486114,0.6450553463050378,0,0,-0.04818229014129678,0.04731677428933633,0.13877672805731864
2017-06-29,34.869998931884766,34.869998931884766,34.27000045776367,34.630001068115234,878400.0,0.24843193267094751,0.23957589851541666,0.43077993055614905,0.1992042820609803,0.5021121909390247,0.35100338914035545,0.42963536301912525,0.6421658250958074,0,0,-0.049999939710243045,0.04511493474839584,0.09971268094189262
2017-06-30,34.66999816894531,35.0,34.619998931884766,34.849998474121094,1333600.0,0.24818470440728593,0.2402034329571539,0.47354585264615023,0.19949199895022984,0.48712912909463213,0.38808118933699504,0.39173725978254453,0.6465527393542656,0,0,-0.044470027529048925,0.051111764457707494,0.13572049142287984
2017-07-03,35.04999923706055,35.099998474121094,34.33000183105469,34.52000045776367,419300.0,0.2479557897364468,0.24081598186653264,0.41090343769023585,0.19958071631217722,0.4943980365081846,0.3706046824241812,0.3570625087743547,0.6451734403526374,0,0,-0.05509320668610831,0.03988520661430203,0.1360115318795961
2017-07-05,34.5,34.709999084472656,34.27000045776367,34.459999084472656,946000.0,0.24763073132301047,0.2413929391540074,0.3998160084354917,0.19978007680175958,0.4693248819749812,0.3559324182796642,0.3278364524519379,0.6420615470649188,0,0,-0.03968710642286935,0.056199264223145876,0.15208574537603334
2017-07-06,34.25,34.310001373291016,33.84000015258789,34.0099983215332,945000.0,0.24694856483545843,0.24179755817456589,0.3216123252861002,0.19997391393872976,0.4467391623066052,0.3199120644775021,0.32043538151511325,0.6389529433049885,0,0,-0.023215300589517974,0.06355190611992122,0.1390017714099613
2017-07-07,34.099998474121094,34.310001373291016,33.84000015258789,34.22999954223633,844500.0,0.24623435043370737,0.24220405047599208,0.371278204556861,0.2001492676478256,0.4379344026914084,0.33803912407566017,0.31356295850234756,0.641730949522196,0,0,-0.011173104150886595,0.06880330103122434,0.12584542208825356
2017-07-10,34.20000076293945,34.72999954223633,34.18000030517578,34.65999984741211,875300.0,0.24565290696019834,0.24266112028897258,0.4595497402396962,0.20033545801433317,0.4597114193970092,0.38721714401577495,0.2825330541486905,0.6446102731952827,0,0,-0.010517108243234373,0.06543961126863572,0.1396435537020339
2017-07-11,34.689998626708984,34.75,34.47999954223633,34.650001525878906,624100.0,0.24528664383615176,0.24312755686358367,0.45756473749828663,0.20046805907049792,0.4809580341936627,0.40365875398882806,0.25261757056362255,0.6425572789026135,0,0,-0.024523902996628516,0.05049047916053747,0.13444892867649685
2017-07-12,34.849998474121094,35.220001220703125,34.849998474121094,35.11000061035156,720400.0,0.24494327182989303,0.243653936996796,0.5442152365604485,0.20062505665979136,0.48171845573836597,0.4672370053794452,0.2395091257294571,0.6449270547212947,0,0,-0.029148579424415604,0.04588744827039521,0.12640695166619142
2017-07-13,35.189998626708984,35.5099983215332,35.119998931884766,35.5,1021200.0,0.24465941812706696,0.24419904922410235,0.6075204710591406,0.20085228042054415,0.4956278369128522,0.5268431175278582,0.23992103082994104,0.6482863204986924,0,0,-0.03845053975086148,0.03560239186186321,0.1162062591890634
2017-07-14,35.61000061035156,35.68000030517578,35.369998931884766,35.47999954223633,705800.0,0.2443572508314185,0.2448265836658396,0.6027976005285474,0.2010090465342027,0.4768916976045383,0.5629732343953755,0.24722308953906424,0.6459645717857201,0,0,-0.04985916782432879,0.023380225812884924,0.10338023011113576
2017-07-17,35.61000061035156,35.689998626708984,35.34000015258789,35.58000183105469,719600.0,0.24397267586102986,0.24551218909989397,0.6194033758514987,0.201169658733364,0.4568501029440295,0.5916560089370411,0.25203663985211855,0.6483317159821707,0,0,-0.049887273974077044,0.023393405497916176,0.0938556386505388
2017-07-18,35.470001220703125,35.720001220703125,35.25,35.70000076293945,927300.0,0.24398641192888684,0.24572761175489338,0.6395588742496819,0.20137784053858232,0.49237784852099686,0.6038895344797461,0.25039664079692414,0.6513820951002482,0,0,-0.04581228173778643,0.027262432717449325,0.09640247691561478
2017-07-19,35.83000183105469,36.5,35.72999954223633,36.38999938964844,1271800.0,0.2447143606520146,0.24617531552082683,0.7390052172856855,0.20167373413800183,0.5350638804640335,0.6741288005751994,0.279022036977555,0.6555657165413904,0,0,-0.05574234274338276,0.01876745531167732,0.10224083006101058
2017-07-20,36.5,36.75,36.34999847412109,36.380001068115234,1125800.0,0.24550640520354036,0.24662489292491985,0.7361930388949697,0.20193527388700772,0.5238180283732452,0.655969597352251,0.31319855125366575,0.6518623661573381,0,0,-0.07309700170450614,0.006870019351281315,0.09508104266297113
2017-07-21,36.41999816894531,36.720001220703125,36.09000015258789,36.65999984741211,1494100.0,0.2465456780187277,0.24711942764067207,0.7719925755556524,0.2022870713753815,0.5570692941320932,0.6171970880522046,0.32772337619984276,0.6567772496258162,0,0,-0.07091803025312791,0.009070968151892475,0.10115448590244988
2017-07-24,36.810001373291016,37.27999877929688,36.70000076293945,36.86000061035156,1551500.0,0.24747049349849556,0.24765517382093138,0.7960375035006807,0.20265569139111428,0.5010893970831105,0.6273251071825887,0.35827729428014216,0.6618809519893418,0,0,-0.08101476358606102,0.012820442115714967,0.09356247461681075
2017-07-25,36.959999084472656,37.0,36.59999847412109,36.630001068115234,1995900.0,0.24828085164284378,0.24820590624813282,0.726354001452087,0.2031236865561199,0.46457920084248877,0.5824658733419481,0.38025068304888593,0.6553153834767018,0,0,-0.08464457081448236,0.008681489135254081,0.0884428128662306
2017-07-26,36.7400016784668,36.91999816894531,36.63999938964844,36.70000076293945,1209000.0,0.24921482391902275,0.24868358179336691,0.736239379501585,0.2034078316138479,0.4680997453785345,0.5661352432165171,0.40065454404843387,0.6592924225727397,0,0,-0.07917011851804795,0.014741935164728357,0.09391205368277612
2017-07-27,37.34999847412109,37.72999954223633,36.810001373291016,37.060001373291016,2127000.0,0.25024951920924476,0.24917999014727865,0.7843914458595845,0.20391630063425525,0.4352864312132855,0.5839150331391239,0.4414282781486845,0.6662892481784239,1,0,-0.09564027925246468,0.010354252321950242,0.08882839423596156
2017-07-28,36.95000076293945,37.59000015258789,36.95000076293945,37.47999954223633,1772700.0,0.2515543321344357,0.2498712147093527,0.8325389522961714,0.20434838841309022,0.45536697940219745,0.5749401835635723,0.47928960267034576,0.6721205940887185,0,0,-0.08391798421769424,0.02104691717197336,0.11359953935422099
2017-07-31,37.63999938964844,37.81999969482422,37.06999969482422,37.27000045776367,1294800.0,0.2526622800494669,0.25048751018046694,0.767572677314872,0.20466033264953676,0.4373736545390652,0.5612204968909534,0.519832610453896,0.6678613135084458,0,0,-0.10138738749925319,0.004802569567081727,0.10352190809775355
2017-08-01,37.4900016784668,37.58000183105469,37.2599983215332,37.540000915527344,958000.0,0.254044924870913,0.2511768618189649,0.8001414684339775,0.2048940426478364,0.4562998591585847,0.55320369352698,0.5574796891100497,0.6710126811296238,0,0,-0.09793403490872721,0.008854253080339857,0.10625165108222459
2017-08-02,37.459999084472656,37.540000915527344,36.77999877929688,37.15999984741211,968300.0,0.25528106444274057,0.25178379124303213,0.6898762339813165,0.20512565785174453,0.4589227202194302,0.5252390421295288,0.5585119545339643,0.6678274313722264,0,0,-0.09643044335642137,0.009589786935851101,0.1070857847555596
2017-08-03,37.18999862670898,37.4900016784668,37.060001373291016,37.31999969482422,635900.0,0.2567964801924286,0.25247876236684164,0.7125196708519433,0.205278891189833,0.46694321984295123,0.528682977255172,0.5594704867133138,0.6699192420927975,0,0,-0.0901506589848489,0.0169537424839122,0.1318622590419671
2017-08-04,37.400001525878906,37.459999084472656,37.18999862670898,37.36000061035156,937300.0,0.25822948652089617,0.2531831002522818,0.7182818579925406,0.2055050635389858,0.4605592743578477,0.5271624321841093,0.5603605523084241,0.673002516488758,0,0,-0.09539124872460114,0.01125397032100085,0.12781341591832704
2017-08-07,37.47999954223633,37.90999984741211,37.27999877929688,37.88999938964844,1260400.0,0.25970827508493943,0.25387432481435585,0.7879786987808143,0.20581696556728868,0.47129190291439876,0.551966683732798,0.5764831965461295,0.6771486373131136,0,0,-0.09743038892349164,0.011509643954787261,0.15283723209818537
2017-08-08,37.880001068115234,38.02000045776367,37.45000076293945,37.86000061035156,2912300.0,0.2611779068525715,0.2545505638440713,0.778673716763692,0.20653541564248723,0.49397222352745823,0.554028178492269,0.594828679915433,0.6675685455352883,0,0,-0.10662446504633816,0.003694890258738969,0.13829501050879142
2017-08-09,37.56999969482422,38.0,37.33000183105469,37.5,2814100.0,0.26227211869974576,0.2551706058769211,0.6713810299903525,0.20721592403356526,0.45985323470012857,0.533148272360852,0.6025429168448619,0.6583114853862727,0,0,-0.09852085267046941,0.011885915364101059,0.1587427902625874
2017-08-10,40.900001525878906,42.20000076293945,36.11000061035156,39.61000061035156,13510700.0,0.26415379757348034,0.25612970352912473,0.8790596742032734,0.21080224049712637,0.48120155593413694,0.6851549721522241,0.6721731158151107,0.7027553084754683,0,0,-0.1882667032877604,0.034666646321614585,0.06933329264322917
2017-08-11,39.29999923706055,39.58000183105469,38.31999969482422,38.34000015258789,5064100.0,0.2654631897701172,0.25679844943536917,0.6438233677009145,0.21206013096361132,0.3856745122296552,0.6154641701080844,0.7368297291446277,0.6860968108028092,1,0,-0.1378439535556522,0.0732138722845924,0.08937139260235735
2017-08-14,38.68999862670898,39.83000183105469,38.5099983215332,39.369998931884766,2403300.0,0.2671983616477529,0.2575439980707329,0.7279136019033118,0.21268479481110647,0.39504693882806996,0.6465563337669206,0.7985678127354867,0.6940025329363969,0,0,-0.12649969887372886,0.09154935112835559,0.10172147914338674
2017-08-15,39.29999923706055,39.88999938964844,39.20000076293945,39.790000915527344,1226900.0,0.26907088372507626,0.2584375326790239,0.7574056350180313,0.21300936330705433,0.3955125817530307,0.6452197172675033,0.8563139360533234,0.698038454579845,0,0,-0.13868425787664274,0.07366018807611062,0.09423416777052594
2017-08-16,39.79999923706055,40.06999969482422,39.70000076293945,39.75,958300.0,0.2706091905925522,0.25929547602270264,0.750823030951938,0.21326220346068092,0.3628246540440658,0.6239552513096966,0.9112301505314253,0.6948861001003306,0,0,-0.149786352031645,0.060316699438485014,0.08444334086557866
2017-08-17,39.70000076293945,39.810001373291016,38.97999954223633,39.040000915527344,1344400.0,0.2718270165715573,0.2599586024436356,0.6391517122282281,0.21360525688666798,0.35889841747237206,0.5561737087954493,0.9264425913759708,0.6904636589417589,0,0,-0.14742139900255502,0.06289308176100629,0.09685530752505896
2017-08-18,38.77000045776367,39.09999847412109,38.04999923706055,38.380001068115234,3157300.0,0.2726144835981177,0.2604437711123408,0.5489619057579899,0.21438477747942442,0.3104641261285911,0.4891806102236284,0.9029380663443054,0.6800776328558035,1,0,-0.11757172246280133,0.08785861231400664,0.10348362758158948
2017-08-21,38.43999862670898,39.04999923706055,38.41999816894531,38.97999954223633,1563300.0,0.27358508131346115,0.2610151085572122,0.6059378331380677,0.21478115823944155,0.34932618985785474,0.5051061495963607,0.8811124359577589,0.6852201516472309,0,0,-0.10317871220077891,0.09796774443954236,0.10995312931892964
2017-08-22,39.09999847412109,39.459999084472656,39.0099983215332,39.34999847412109,1102200.0,0.27483037593521953,0.26174567094563395,0.6386272219960343,0.21506516795219655,0.39527253606856577,0.5298230368670899,0.8685211535861879,0.6888458691754799,0,0,-0.10903027321472784,0.07952802270968205,0.10133403820745258
2017-08-23,39.18000030517578,39.52999877929688,39.09000015258789,39.22999954223633,946100.0,0.2759886836107919,0.26237695194910665,0.6212723392931271,0.2153074151905937,0.40232369942150736,0.522299780157051,0.8581288318925704,0.6857336469349824,0,0,-0.10317665897652106,0.07674715565109373,0.09402797729135352
2017-08-24,39.40999984741211,39.66999816894531,39.18000030517578,39.27000045776367,883000.0,0.27700048603674565,0.2629670222026558,0.6251662689915723,0.21553376308040806,0.41070827508650576,0.5219630250683163,0.8511722528610679,0.688638299972039,0,0,-0.10604129227514557,0.07111906571713149,0.08692327013006436
2017-08-25,39.400001525878906,39.630001068115234,39.20000076293945,39.27999877929688,1199600.0,0.27782457850247044,0.26355521881804533,0.6262056207742385,0.21584116088904348,0.3717409130498481,0.5157229824788907,0.844712572331815,0.6925844175068668,0,0,-0.105678672714618,0.07130122751264159,0.08785324441115754
2017-08-28,39.27999877929688,39.380001068115234,38.93000030517578,38.93999862670898,3863300.0,0.2785891526647627,0.26402727487796795,0.5698017925332199,0.21681366094852927,0.30896895067937674,0.4876938955874069,0.825673902070613,0.6798759848023815,0,0,-0.10259671345562653,0.07433813834998391,0.08910387242284559
2017-08-29,38.790000915527344,39.09999847412109,38.630001068115234,38.900001525878906,1029000.0,0.2792118008488821,0.26463233137845915,0.5631459119753814,0.21707171050304097,0.29747678134155886,0.46535524148771795,0.79414556287589,0.6764910607082353,1,0,-0.07858247255284077,0.0875706206387277,0.10272214024312772
2017-08-30,38.93999862670898,39.56999969482422,38.90999984741211,39.47999954223633,1945400.0,0.2802739647818572,0.2655090068162321,0.6324155231208343,0.21757232917055258,0.3262428279187098,0.5031687925163641,0.7769193321440846,0.6828905080675668,0,0,-0.07326473939146443,0.08380467887801245,0.08354755456340743
2017-08-31,39.709999084472656,40.18000030517578,39.54999923706055,39.959999084472656,1803500.0,0.28148263396445106,0.2665036957330479,0.682704776743239,0.21804596974948476,0.33459546766101156,0.5604058179378179,0.7744218226636845,0.6888231714337406,0,0,-0.09169196995587686,0.06306995206023125,0.057244229038368726
2017-09-01,40.040000915527344,40.33000183105469,40.0,40.09999847412109,974300.0,0.28273708538262066,0.26757331445540705,0.6967353869021694,0.21830317633267493,0.32185066839037474,0.586764088442603,0.7751695624913155,0.6920281583578677,0,0,-0.09834835823864846,0.05405405147397577,0.04354349108195183
2017-09-05,39.9900016784668,40.310001373291016,39.93999862670898,40.2400016784668,1423700.0,0.2838129853834528,0.26858486325732456,0.7110307922595588,0.21868102058241046,0.3158454109418314,0.5873034983445451,0.7728165781622189,0.6967114590700504,0,0,-0.09675813505627014,0.055112198717386485,0.03541142700695417
2017-09-06,40.33000183105469,40.52000045776367,40.18999862670898,40.220001220703125,1186300.0,0.28489346290925044,0.26958891893577097,0.7067263947818779,0.21899526210431974,0.2701413775005608,0.6067081491523545,0.7753235370441101,0.6928090922548068,1,0,-0.10487080130916916,0.04647114448023093,0.05641144503930571
2017-09-07,40.150001525878906,40.41999816894531,40.09999847412109,40.18000030517578,1788000.0,0.28612044568466677,0.27062294639351797,0.6975794926963276,0.2194675020933763,0.28014625557436357,0.578049639200637,0.77266179274931,0.6869274165693514,0,0,-0.1004475582523793,0.05096964631630384,0.07334651563172202
2017-09-08,40.13999938964844,40.77000045776367,40.09000015258789,40.61000061035156,1421700.0,0.28657827502634503,0.27171129792455484,0.7464245029733932,0.2198497230361054,0.2544027468794372,0.5904836270433615,0.7783918547730837,0.6916041382259576,1,0,-0.100298624905131,0.0512693219921568,0.07615732578520767
2017-09-11,40.77999877929688,41.369998931884766,40.77999877929688,41.15999984741211,1729900.0,0.2878693536301594,0.2729345221051527,0.8001804147306087,0.22032542352022733,0.36423032594517374,0.6397832021282976,0.795872402904332,0.6972946923469135,0,0,-0.11499625951138076,0.03496680527703833,0.05811377923865352
2017-09-12,41.16999816894531,41.58000183105469,41.060001373291016,41.52000045776367,1546800.0,0.2888536874133599,0.2741839722178992,0.8311190865774617,0.2207567790354944,0.37361487543409366,0.6344762462013513,0.8159186318930891,0.7023829339298343,0,0,-0.12293482938173265,0.02502435854743816,0.04373185273155403
2017-09-13,41.56999969482422,41.68000030517578,41.41999816894531,41.45000076293945,945400.0,0.28961368405068666,0.2754821262040404,0.8135258729473226,0.22101939128173298,0.3411147061008142,0.6149106205587348,0.8363561845153216,0.6992730143587887,0,0,-0.13150286667330013,0.01517343596265382,0.016377656495151376
2017-09-14,41.38999938964844,41.619998931884766,41.150001525878906,41.47999954223633,1003700.0,0.29040572860221237,0.27679713936069966,0.8163523826698812,0.2212983418459541,0.3635823542247961,0.5818567342874729,0.8388036521359385,0.7025747133998914,0,0,-0.12738235662513508,0.0195416491768859,0.02098911739134716
2017-09-15,41.52000045776367,42.15999984741211,41.43000030517578,42.09000015258789,2067400.0,0.2918021077450351,0.2783107160018404,0.8694691282530048,0.2218870342459185,0.4209369111713923,0.5990086528145611,0.8522551462416872,0.7093754831493938,0,0,-0.13042429862863103,0.01639345016104405,0.040260322742888585
2017-09-18,42.09000015258789,42.560001373291016,41.93000030517578,42.16999816894531,1279300.0,0.29353727962267084,0.27979806671083235,0.8758314702040125,0.22225204528103726,0.4385867497681076,0.6054888938367584,0.8719209451670538,0.7135837760489481,0,0,-0.14207649134134417,0.011166576835334773,0.02423379553494626
2017-09-19,42.27999877929688,43.27000045776367,42.2400016784668,43.18999862670898,1243400.0,0.29546474073198115,0.28139593848997985,0.9439656202200924,0.22262133441982623,0.4352186716764749,0.6240761129951999,0.9009273423277886,0.7176739749009029,0,0,-0.14631250739510368,0.023476445849026462,0.035570312191870686
2017-09-20,43.34999847412109,43.540000915527344,42.869998931884766,43.119998931884766,1487100.0,0.29719075755968594,0.2829825705839208,0.92547880895339,0.22306131846699007,0.41609318988252586,0.6106910323839326,0.931429065905758,0.7127821181269428,0,0,-0.16763135202537982,0.004399223140719397,-0.020375023880500092
2017-09-21,43.09000015258789,43.79999923706055,42.83000183105469,43.58000183105469,1458900.0,0.2991823162438748,0.2845692033924453,0.9524811593973163,0.22350032699350542,0.43929523007554455,0.5986779888906494,0.9630591490764122,0.7175812102172733,0,0,-0.1618738338389665,0.016465656355748485,-0.05032472257409974
2017-09-22,43.41999816894531,43.86000061035156,43.36000061035156,43.5,1171600.0,0.30111893414959634,0.2860677937866439,0.9305597432046021,0.22385142825049165,0.4401720120067624,0.5883215172864924,0.9931971772978598,0.7137271994605174,0,0,-0.12322163162595731,0.010096430080751133,0.009178556885554535
2017-09-25,43.27999877929688,43.45000076293945,42.66999816894531,42.84000015258789,3218100.0,0.302748807234704,0.28744649706363995,0.7650856215635101,0.22478936583296805,0.4185781282110867,0.5450027336900742,0.9812126137825197,0.7031411700850342,0,0,-0.12022987453416863,0.013333375426544378,0.027586224435389564
2017-09-26,42.90999984741211,43.27000045776367,42.369998931884766,42.59000015258789,3268900.0,0.30441988503042194,0.28875963658213966,0.7097577338896078,0.2257301976949223,0.45966574233447827,0.524385674110085,0.9550000392663338,0.6923880326979062,0,0,-0.11344539199442506,0.022175554611478337,0.05929040397946653
2017-09-27,42.619998931884766,43.18999862670898,42.59000015258789,43.0099983215332,1552200.0,0.30630156215767623,0.2901289730975051,0.7527856878988411,0.2261837208587011,0.4691731062257365,0.5264077382035571,0.9306597915013042,0.6974940377308837,0,0,-0.1073021760613103,0.029114854990002877,0.06644756564723159
2017-09-28,42.95000076293945,43.47999954223633,42.880001068115234,43.15999984741211,900500.0,0.3079863742747708,0.29139715530434573,0.7674196475715166,0.2264481577080757,0.4391864472350692,0.5319875237762012,0.9153387278008858,0.7004562575042352,0,0,-0.11392703364570216,0.021157867540685597,0.04417572158402965
2017-09-29,43.209999084472656,43.63999938964844,43.09000015258789,43.54999923706055,1363500.0,0.3096299816812551,0.2927402666021461,0.803801657613158,0.22685440835396908,0.4467773874680281,0.5386291384744197,0.905007168982487,0.7049415286435632,0,0,-0.1195551405388039,0.015060276371105701,0.036144610259644244
2017-10-02,43.0,43.220001220703125,42.58000183105469,42.810001373291016,2668100.0,0.31087070052452836,0.29389230825351964,0.6453172381713205,0.22762514245674148,0.4393242300840295,0.4978419970878023,0.8683075304048704,0.6961647395516373,0,0,-0.10516651920299366,0.01974743112325274,0.044316884936552954
2017-10-03,43.04999923706055,43.04999923706055,41.90999984741211,42.65999984741211,3580700.0,0.3119786466930792,0.29497878614639694,0.6166204342167645,0.22865078265131245,0.44432056588881574,0.4702904986795599,0.804901431271007,0.6843859274001216,0,0,-0.10324685884506725,0.018920844365970337,0.07264658982916733
2017-10-04,42.790000915527344,43.20000076293945,42.66999816894531,43.04999923706055,1211300.0,0.3132743028218591,0.2961814045947411,0.6632261762798175,0.2290025979151885,0.47474184214585374,0.4968709439686288,0.7510898953191067,0.6883705324100725,0,0,-0.09751523352770167,0.02508203700542508,0.05930611318205039
2017-10-05,43.09000015258789,43.16999816894531,42.369998931884766,42.880001068115234,1841300.0,0.31451044239368653,0.2973390657314262,0.6290814251792644,0.22953313402654496,0.5032133412880109,0.4774701622633277,0.6889087601797175,0.6823135248935015,0,0,-0.10360044514549416,0.01788618981207321,0.052729396004483356
2017-10-06,42.880001068115234,43.18999862670898,42.7599983215332,42.81999969482422,1261200.0,0.3155222448196403,0.2984180505008325,0.616733397516503,0.22989521638231436,0.46942414409873706,0.4829982128241556,0.6319314114544792,0.6781647724469152,0,0,-0.0991138035012835,0.0228544663671904,0.05736938020512004
2017-10-09,42.84999847412109,42.970001220703125,42.66999816894531,42.84999847412109,1073500.0,0.3162959757783437,0.29942397910285484,0.6209620761996736,0.2302035105203618,0.4636547649255883,0.4658984147945103,0.5751382615515872,0.6816960805276402,0,0,-0.09855201859134848,0.02358715888436958,0.02615606619720309
2017-10-10,42.900001525878906,43.0,42.43000030517578,42.77999877929688,785700.0,0.31687283998040694,0.30045613292244233,0.6048106798782719,0.23042835448540078,0.4431065604453752,0.44390127298894727,0.5272527728115946,0.6791114985443839,0,0,-0.09964995588838829,0.022403713387584834,0.023103801610808283
2017-10-11,42.869998931884766,42.900001525878906,42.5099983215332,42.790000915527344,1208800.0,0.3174863313681151,0.3014395828686352,0.606444933223238,0.23077415429363812,0.4686051560076598,0.4303969801788149,0.48278767612445833,0.683087879734864,0,0,-0.092566601156358,0.023141694874145302,0.036231867257805056
2017-10-12,42.56999969482422,42.65999984741211,42.16999816894531,42.18999862670898,1098300.0,0.3178113897815513,0.30238182135032077,0.4723366188518837,0.2310804288778603,0.4398481338457431,0.32284647796395705,0.4559586864216609,0.6794749913649895,0,0,-0.07057724686020735,0.030147251412168983,0.0628651219713542
2017-10-13,42.09000015258789,43.20000076293945,41.59999847412109,41.970001220703125,1230800.0,0.3177564507495645,0.30325287730278216,0.4297741197819387,0.23142021115386802,0.39242508305283635,0.28811965154041574,0.45154999431215653,0.6754262405631671,0,0,-0.05095998094007579,0.041953081663367205,0.0782175715685242
2017-10-16,41.970001220703125,42.0099983215332,41.77000045776367,41.77999877929688,1119900.0,0.31757789758574684,0.30408084815257674,0.39422325422966265,0.23172663679853855,0.37774589569206507,0.2071700968458769,0.44745620878190256,0.6717422983930657,0,0,-0.04836794221947223,0.04503214998040389,0.10578981409509239
2017-10-17,41.900001525878906,41.900001525878906,41.290000915527344,41.40999984741211,1605900.0,0.31676296191643316,0.30474022801177414,0.32995359781481726,0.23215870853467113,0.3365879206118079,0.20547767681957688,0.4588629133730728,0.6664596457178571,0,0,-0.04332219785003728,0.046912377734292535,0.09071319319205239
2017-10-18,41.77000045776367,42.880001068115234,41.68000030517578,42.59999847412109,2728100.0,0.31652489044918286,0.30562814242017,0.5445814258794885,0.23292903691504152,0.37384180275770584,0.37751683538433367,0.422173675818359,0.6754338064770802,0,0,-0.04056991816870948,0.05047090461939482,0.08717702544442697
2017-10-19,42.40999984741211,43.150001525878906,42.38999938964844,43.09999847412109,2380700.0,0.3163051308282745,0.3066771554102755,0.6106496928107606,0.23361371675684106,0.39966909044404547,0.47743313500116336,0.377683593068932,0.6832651852826526,0,0,-0.05446008868365539,0.034037577814006466,0.0537558919613222
2017-10-20,43.290000915527344,43.5,42.970001220703125,43.20000076293945,1054000.0,0.31616778237506704,0.3073496478782555,0.62319372109498,0.2339176648398027,0.4073199113472181,0.5528183957844721,0.3491208449397201,0.686732347571506,0,0,-0.058236710558993744,0.013225051392205239,0.00858466229661069
2017-10-23,43.16999816894531,43.34000015258789,42.900001525878906,43.13999938964844,1462500.0,0.3163051308282745,0.308248801971858,0.6109166170285781,0.23433799913025954,0.44693164836582555,0.5303832016162826,0.31969275500551325,0.6819214131811377,0,0,-0.04884251755533364,0.0159722784541752,0.004166673657334593
2017-10-24,43.0,43.15999984741211,42.93000030517578,42.970001220703125,803400.0,0.31647910646712674,0.30892316807799747,0.5754090045831873,0.23456712869093688,0.4702483862028008,0.5044177421528457,0.29236667149517837,0.6792786065560288,0,0,-0.042883599914120676,0.019935109469610284,-0.00625870332831899
2017-10-25,43.0,43.02999877929688,42.119998931884766,42.25,1220900.0,0.31613115693590255,0.3093839844527135,0.44343502936804424,0.23490492525575501,0.4398942443512102,0.40036402634055906,0.2788901528826515,0.6752624220793104,0,0,-0.04305325626171397,0.020013976865730473,0.013730512818873882
2017-10-26,42.20000076293945,42.68000030517578,41.90999984741211,42.2599983215332,1290300.0,0.3157191098298,0.3098541668744765,0.44516700365817885,0.2352617323335625,0.4387298269804134,0.3748603603506879,0.2733205924295731,0.6795068997845358,0,0,-0.02153845792691383,0.03928993721685466,0.027218880738026828
2017-10-27,42.61000061035156,43.2400016784668,42.02000045776367,43.18999862670898,1287500.0,0.315554290987359,0.3106315602127169,0.5862504129657539,0.2356312116195175,0.44411160711691594,0.4843819454588131,0.24459456107299293,0.6837421668119541,0,0,-0.03123520462024308,0.029578799092452254,0.02318976765640282
2017-10-30,43.02000045776367,43.220001220703125,42.70000076293945,43.11000061035156,982100.0,0.31569163944056644,0.31151760169753673,0.5714256644498563,0.2359119020812035,0.47088847851219673,0.5210467538972496,0.21792038909902572,0.6805115215710784,0,0,-0.04005555909340745,0.019448950666750637,-0.002315403843437895
2017-10-31,43.18000030517578,43.880001068115234,43.18000030517578,43.77999877929688,1462600.0,0.31620440781423165,0.31241675579113914,0.6553799291317939,0.23634081456986566,0.4691390408293036,0.6171800119676537,0.2072701495818326,0.6853227849142255,0,0,-0.04384132133820038,0.016237549362765936,-0.011366311100193881
2017-11-01,43.79999923706055,44.0099983215332,42.29999923706055,42.470001220703125,1588400.0,0.31593886770422797,0.3130012065593768,0.4490682696594659,0.23678214623632454,0.4325779430376116,0.4907183403934251,0.19042237013960217,0.680097698975312,0,0,-0.05733207838096505,0.004796690048606458,-0.02261301716247857
2017-11-02,43.63999938964844,43.63999938964844,40.77000045776367,40.91999816894531,3164700.0,0.3150415208672134,0.3133177835229011,0.28794623991863433,0.23760351271017333,0.3646644914671044,0.30554247863391604,0.212369969252085,0.6696873303837234,0,0,-0.06757708616419132,0.00871200662232145,-0.023781452613682825
2017-11-03,41.290000915527344,44.0099983215332,41.290000915527344,43.81999969482422,4374000.0,0.31549935020889175,0.31417010666668493,0.5677289104697683,0.23888100635744525,0.45965756934404384,0.5107690454168516,0.21990278296775312,0.6840757249296863,0,0,-0.012707734140572533,0.06647110282791016,0.05547410946578202
2017-11-06,43.619998931884766,44.5099983215332,43.220001220703125,44.47999954223633,2700700.0,0.31624561252484185,0.3151441905658307,0.6121377517212898,0.23968810925706918,0.5076486153709497,0.6444188831995471,0.21066773916946024,0.6929597526275103,0,0,-0.06503876070217592,0.020310346778791954,0.010041132918086731
2017-11-07,44.65999984741211,45.70000076293945,44.65999984741211,45.45000076293945,2673900.0,0.31746801777529265,0.3163636688992766,0.6710793001920305,0.2405152763178272,0.5322333587776381,0.7321984876430808,0.19236470069702277,0.7017556209806082,0,0,-0.08745502314932936,0.023381315787555323,-0.029001819442520754
2017-11-08,45.40999984741211,45.720001220703125,45.15999984741211,45.45000076293945,2769900.0,0.31868584375429776,0.31759063964161,0.6710793001920305,0.2413703875076334,0.5235316311699717,0.6857072926919036,0.17584920468071136,0.7108672840013815,0,0,-0.10209019387810343,0.006820712169135868,-0.05082511187050692
2017-11-09,45.02000045776367,45.34999847412109,44.40999984741211,44.84999847412109,1340200.0,0.31990366973330275,0.3185965682436324,0.6071409274110602,0.24177429881033952,0.5422997338903642,0.599800427542656,0.15708754896404764,0.7064586588595206,0,0,-0.09350934936541316,0.015401556681826136,-0.06490650634586839
2017-11-10,44.68999862670898,45.290000915527344,44.68000030517578,44.77000045776367,1222000.0,0.3211855915407059,0.3194975959753944,0.5986494524877686,0.24214111571776387,0.5382362755664907,0.5778812184292643,0.13966601151285984,0.7024388559022352,0,0,-0.08740241476724207,0.022965498975177665,-0.05083609491341345
2017-11-13,44.41999816894531,45.04999923706055,44.16999816894531,44.93000030517578,1172400.0,0.3226277546655847,0.32040237026889185,0.6107725090726586,0.2424948695145681,0.576444625889337,0.54589436638013,0.1362806383098326,0.7062954982812216,0,0,-0.08152775684300191,0.029037369632913996,-0.04511942422185332
2017-11-14,45.20000076293945,46.33000183105469,45.060001373291016,46.15999984741211,2901100.0,0.3248024440385566,0.3215113268175987,0.6952286534058032,0.24340959723678057,0.6394423924562475,0.6011119169344487,0.12484527924442762,0.7158387473478182,0,0,-0.0985978249518387,0.02515025729890908,-0.057645228911550474
2017-11-15,45.77999877929688,45.86000061035156,44.84999847412109,45.31999969482422,2233200.0,0.3260477404067953,0.32246667790806693,0.6020482649596587,0.24409099995054195,0.6067133755146178,0.5507335721599614,0.10871556891958273,0.7084925738910178,0,0,-0.10853549259303319,0.01191514414159255,-0.06954070829904102
2017-11-16,45.619998931884766,45.810001373291016,44.93000030517578,45.36000061035156,2006100.0,0.3270824356970172,0.32343701524547713,0.6049616415072849,0.2447030514825166,0.5637519081423439,0.5396681869164817,0.0937379807607982,0.7150916955870984,0,0,-0.10701673668976192,0.01566643653907632,-0.06553392378652308
2017-11-17,45.400001525878906,45.84000015258789,45.13999938964844,45.34000015258789,2243900.0,0.3280621902087719,0.32432305673029704,0.6026406490286857,0.24538605571093497,0.5470298618661835,0.5336331619112089,0.08064044804932219,0.7077103241829634,0,0,-0.10207233257970076,0.02050265195462865,-0.0637125918310984
2017-11-20,43.93000030517578,44.5,43.59000015258789,43.970001220703125,2483500.0,0.3284421894006755,0.32484943686350937,0.4591953643143909,0.2461019755723477,0.536003818085012,0.44685429709936275,0.09115654798249812,0.6995407819207552,0,0,-0.06969562939517866,0.052933425624214964,-0.03661225941388447
2017-11-21,43.93999862670898,44.130001068115234,43.29999923706055,43.88999938964844,3038100.0,0.32886339155670896,0.3252933940677073,0.45169343916138127,0.24697320529440958,0.5727039618962897,0.4287333971429427,0.10676206040762859,0.6895468675471635,0,0,-0.07209456631656228,0.054355313577302916,-0.014100498400551196
2017-11-22,43.84999847412109,44.5099983215332,43.54999923706055,44.41999816894531,1737500.0,0.3298568803898403,0.32584974526563665,0.5018797934232561,0.24748102701821106,0.6191372843974217,0.4481163862007759,0.10973424765338768,0.6952624220793104,0,0,-0.07017539437660233,0.056504975881100504,-0.01822736951892557
2017-11-24,44.43999862670898,45.33000183105469,44.27000045776367,45.2599983215332,938300.0,0.3312303684148752,0.32655782899822877,0.5737176583845714,0.24776393272929642,0.6380798129086583,0.49606640830140003,0.09011069872471084,0.6983489860030592,0,0,-0.08262040342700996,0.042548475512253395,-0.016208857174361914
2017-11-27,45.34999847412109,45.59000015258789,45.09000015258789,45.38999938964844,2513100.0,0.33223759331586344,0.32717599739291897,0.5842932081942694,0.24852438289781276,0.6242674833964225,0.5184548957353146,0.07324650393305826,0.7066158982878007,0,0,-0.1011930664208267,0.02165274841531198,-0.038886398294359796
2017-11-28,45.63999938964844,46.45000076293945,45.63999938964844,46.40999984741211,2660300.0,0.3337484297941058,0.327970250616261,0.6613112511371997,0.24935854769975574,0.6614939520842334,0.5689890081124853,0.07727474008105317,0.715367029062978,0,0,-0.10729233305509603,0.01784537087867296,-0.04141883880580056
2017-11-29,46.43000030517578,46.9900016784668,45.470001220703125,45.68999862670898,2814600.0,0.3346228837668521,0.3284385601144481,0.57934178993757,0.2502163780135447,0.5995927391634638,0.5518847043287909,0.09188561172390886,0.7061083241500682,0,0,-0.12195647201079919,0.01206639463762554,-0.04309416088290556
2017-11-30,46.09999847412109,46.220001220703125,45.08000183105469,45.380001068115234,8758300.0,0.3359551670812767,0.328861912300976,0.5459264755187483,0.2528436656331714,0.5411165814930559,0.5103865180923084,0.09429471219364977,0.677297652921923,0,0,-0.1166556834440713,0.01947916898875636,-0.053403342089019645
2017-12-01,45.470001220703125,46.02000045776367,44.36000061035156,44.70000076293945,1892000.0,0.3376857631804273,0.3290717147560804,0.47630457837643436,0.25339448950398147,0.5760248687342231,0.45274303161742535,0.07760365104906103,0.6710738663464859,0,0,-0.10356986893598277,0.03349494098693731,-0.07492290537357006
2017-12-04,44.93000030517578,45.08000183105469,43.56999969482422,43.65999984741211,2898600.0,0.33761251055561803,0.32910168653538097,0.3837761580730491,0.2542029480326443,0.44760964284440447,0.3340282748380673,0.07138380855165088,0.6615388410993601,0,0,-0.09306487195546413,0.04608504112149708,-0.03892621138184478
2017-12-05,43.4900016784668,43.869998931884766,43.09000015258789,43.34999847412109,2108900.0,0.3370951629105071,0.32919722135859436,0.3586131529709259,0.2547827084533658,0.3809609304675971,0.26748434064535775,0.07554963388315145,0.6546015559466438,0,0,-0.06229961590035025,0.08016491095355462,0.00480987368773671
2017-12-06,43.119998931884766,43.45000076293945,42.70000076293945,42.72999954223633,1484900.0,0.33584986654226845,0.32922344657615943,0.3102938522304016,0.25518003554876934,0.32495748970442107,0.2573080634742657,0.08713684786604647,0.649716936133818,0,0,-0.05420988597090694,0.08927342290201765,0.007843141050878296
2017-12-07,42.79999923706055,43.619998931884766,42.70000076293945,43.59000015258789,1539200.0,0.3349983036873099,0.329332094722739,0.3997124426261368,0.25560630057507117,0.35219985452525815,0.3151605810390017,0.0930364250890125,0.6547801773055477,0,0,-0.047507577838617324,0.09805762897948679,0.028083331986777024
2017-12-08,43.75,44.119998931884766,43.209999084472656,43.34999847412109,1989100.0,0.3343115596747924,0.3293676859873511,0.3795537359822735,0.2561510853144382,0.32594091954188115,0.35181868972265384,0.08455615542196426,0.648236977581868,0,0,-0.06836429299850344,0.07432901278102981,0.028446929895070885
2017-12-11,43.310001373291016,43.709999084472656,43.119998931884766,43.59000015258789,1487300.0,0.33377132091189365,0.32937517911082215,0.40469823745438516,0.2565619166191154,0.36139359137004556,0.35687428726923565,0.07882205381086971,0.6531294922613858,0,0,-0.05859287208611238,0.0848904367868122,0.042675860190064335
2017-12-12,43.540000915527344,43.75,42.86000061035156,42.91999816894531,1651200.0,0.3328510829570913,0.3293957841284922,0.34628755103419573,0.25700509102090774,0.31501218416501564,0.34749941977668497,0.07980063813342297,0.647697823977368,0,0,-0.06354669529862848,0.07914661048090477,0.042899722994695744
2017-12-13,42.900001525878906,43.33000183105469,42.5,42.68999862670898,1805900.0,0.33126241458259376,0.32940140361380366,0.3270929487312044,0.2574845156063831,0.251912078626629,0.33481183145953386,0.08921484233016796,0.6417572657445023,0,0,-0.049627240423705164,0.09529357705208857,0.0496271515444549
2017-12-14,42.86000061035156,43.290000915527344,42.75,42.810001373291016,1308000.0,0.33011326370343264,0.32935644630214456,0.3416890202247703,0.25783311897115513,0.23437490769810054,0.3513779104713628,0.09795660337000273,0.6460599680915804,0,0,-0.04895760646101972,0.09674399627483944,0.05785901382432394
2017-12-15,42.84999847412109,43.06999969482422,42.59999847412109,42.630001068115234,2810000.0,0.32886338981022856,0.32930961535232584,0.3251223674435785,0.25857523761576395,0.18546383993482235,0.34584073188493436,0.10984660749463587,0.6368163950064968,1,0,-0.03644002589467374,0.09670644876289683,0.05162351853015218
2017-12-18,42.7400016784668,43.630001068115234,42.630001068115234,43.560001373291016,1493700.0,0.3280484541409149,0.329448235278206,0.4369555647829164,0.25898462984067006,0.23113399997430684,0.3875099796235754,0.10110031994113011,0.6417299626638595,0,0,-0.005629877373995756,0.09969504793605913,0.07576822569334112
2017-12-19,43.61000061035156,44.18999862670898,43.43999862670898,44.060001373291016,1205200.0,0.3280896588515252,0.32967489761841207,0.48963947467100377,0.25932135706480763,0.2554663631236858,0.4355890664699284,0.08347043994879622,0.6456945015543019,0,0,-0.025482106872296007,0.07759414512295436,0.025711636744150734
2017-12-20,44.15999984741211,44.27000045776367,43.220001220703125,43.369998931884766,1753300.0,0.3278515873842748,0.3297854186885675,0.4174134161341695,0.2597971775682615,0.20395628703505617,0.41539074356097183,0.06590943329555593,0.6399269724831,0,0,-0.037675891867275206,0.06423063419989411,-0.010667299274939307
2017-12-21,43.18000030517578,43.81999969482422,43.04999923706055,43.09999847412109,1059700.0,0.32724725279297784,0.32984348860900925,0.390816327664241,0.26008127385578916,0.1565061687202779,0.39707665980242696,0.054811792595201914,0.6364410598858533,0,0,-0.01567904823432814,0.08784877719906924,0.017523595578750644
2017-12-22,42.5,42.83000183105469,41.9900016784668,42.06999969482422,1505300.0,0.325786777821757,0.32982100995317964,0.2996426381224909,0.26046715221621863,0.11517276538045257,0.3293137478347142,0.0725497455281352,0.6314893337061465,0,0,-0.011832908111108773,0.10417637673845322,0.03990722231082863
2017-12-26,41.869998931884766,42.52000045776367,41.869998931884766,42.40999984741211,684800.0,0.32442244659313335,0.3299034321676105,0.3407001020709236,0.26064515455901294,0.11416448382389566,0.33147195949353675,0.09179138296259476,0.6337420023355647,0,0,0.0,0.12170199153131761,0.0292369753068395
2017-12-27,42.459999084472656,42.5,42.130001068115234,42.400001525878906,452000.0,0.32258655170145467,0.3300195734376611,0.33979310964949905,0.2607625450524499,0.06964064268665987,0.33545874572439555,0.10965861772316426,0.6322551357752594,1,0,-0.013911816899567683,0.10681449210782218,0.006602277646818398
2017-12-28,42.63999938964844,42.77999877929688,42.22999954223633,42.61000061035156,609900.0,0.3211764382372553,0.33024436213970754,0.3669840289286609,0.26092231081284056,0.11503593446353583,0.3550698991971047,0.11519739599067763,0.6342614187733351,0,0,-0.01816038750125282,0.10259438991206943,0.01816038750125282
2017-12-29,42.59000015258789,42.86000061035156,42.36000061035156,42.56999969482422,598600.0,0.3198899371584064,0.33023874265439607,0.3627656799834247,0.2610787801095573,0.19743838223220303,0.3673625121464157,0.11717088724295077,0.632292307439267,0,0,-0.01689747032127969,0.10326217936758211,0.03684580315267132
2018-01-02,42.72999954223633,42.79999923706055,42.310001373291016,42.650001525878906,926800.0,0.3189513873572619,0.3301544475163892,0.374229166687153,0.2613217292232046,0.22745494610200992,0.37339348481486134,0.120557149988266,0.6353410417934505,0,0,-0.0202020346844429,0.10007052306247519,0.0606061040533287
2018-01-03,42.84000015258789,42.84000015258789,42.27999877929688,42.5099983215332,1252400.0,0.3184248829157398,0.3300251936375561,0.35757882415725095,0.2616478151952333,0.27481616000602094,0.37323117786964244,0.12191430171824458,0.6312212371914011,0,0,-0.02274328689330887,0.09730366652767396,0.09589683484785307
2018-01-04,42.619998931884766,42.7599983215332,42.130001068115234,42.27000045776367,1265400.0,0.317930428134897,0.32986222213227046,0.3289252878119674,0.2619736009777699,0.2748156220811261,0.35630538969843056,0.12834984529418753,0.627058668728104,0,0,-0.017642908247777832,0.1027994100006452,0.10185843335734382
2018-01-05,42.369998931884766,43.400001525878906,42.09999847412109,43.31999969482422,1070900.0,0.3182005475163464,0.3299277851761832,0.47983260792539006,0.2622615906167777,0.32168446357177405,0.4473734327388799,0.10633888518721674,0.6305814240365795,0,0,-0.011828720004382344,0.10929743781759249,0.106221945347581
2018-01-08,43.2400016784668,43.31999969482422,42.650001525878906,43.04999923706055,973900.0,0.3179533192526849,0.3300776440726863,0.44472230303568894,0.2625203732839565,0.29627266937270125,0.46132412543238027,0.08590013651645817,0.6273777529235678,0,0,-0.03162517904508933,0.08656509756273248,0.09510616253252223
2018-01-09,43.11000061035156,43.869998931884766,43.11000061035156,43.720001220703125,1007400.0,0.3181227173665717,0.33035113736271116,0.5272753703293461,0.2627953703462351,0.33666813366732484,0.5567899200239512,0.0849349579228838,0.6306916232174871,0,0,-0.02880375610783551,0.09012778482874047,0.10963998384092437
2018-01-10,44.0,44.0,43.34999847412109,43.59000015258789,947600.0,0.3181227173665717,0.3304260671682545,0.5091280159555605,0.2630524889624649,0.3136905826560812,0.5663792111466143,0.08859976744011727,0.6275744666853073,0,0,-0.04871914475397123,0.0683897894552417,0.09766697938109069
2018-01-11,43.650001525878906,43.9900016784668,43.61000061035156,43.7599983215332,1459000.0,0.3185072940834407,0.330547827209033,0.530222309689363,0.2634507772205319,0.3364905104851843,0.5743296298603517,0.09200280484897688,0.6323738877284165,0,0,-0.04083511327743053,0.07662308192007654,0.11332871322359245
2018-01-12,43.900001525878906,44.619998931884766,43.54999923706055,44.43000030517578,617000.0,0.3193039179064123,0.330669587964395,0.6071910880492568,0.2636236751609966,0.3644871006828584,0.6046040802484527,0.11641379825657128,0.6344035263737889,0,0,-0.0463894577663918,0.05301644844174057,0.0879798588160961
2018-01-16,44.52999877929688,44.7599983215332,43.54999923706055,43.65999984741211,1756700.0,0.3196930721482467,0.330892503028282,0.4961550811642953,0.2641004997507864,0.3559483685721402,0.5583998031583933,0.14328260307045443,0.628624812908107,0,0,-0.059869453728143354,0.03353593671466203,0.006076985278170516
2018-01-17,43.47999954223633,44.02000045776367,41.95000076293945,42.06999969482422,1784900.0,0.31943668708817397,0.3311079256832815,0.326233396036691,0.2645528650703083,0.37370385525041167,0.3982625159469924,0.13347502441031517,0.6227533347587954,0,0,-0.03687587301828617,0.036646868859602104,-0.03183690779904636
2018-01-18,42.06999969482422,44.04999923706055,41.97999954223633,43.18999862670898,2133400.0,0.31926728897428713,0.3309899114896549,0.4499232221952455,0.2651192723511193,0.35492009148891696,0.44751237505352326,0.12328055374488539,0.6297712133423247,0,0,-0.004753999628957895,0.06394101845073057,0.0432612243410149
2018-01-19,43.36000061035156,43.720001220703125,43.15999984741211,43.70000076293945,1461300.0,0.3191024701318461,0.3308437991548873,0.4987136181218679,0.2655149903855799,0.36649927734086474,0.5085379344735645,0.1138142595555578,0.634578200299347,0,0,-0.03449876651640758,0.032414858895500706,0.015512808294719148
2018-01-22,43.59999847412109,43.7400016784668,43.08000183105469,43.459999084472656,2003000.0,0.3191436748424563,0.3304710244799136,0.4736787566010532,0.26605139329328775,0.3981320525991396,0.4978916560386163,0.10781933601556731,0.6279892761394101,0,0,-0.03958808952020608,0.026544618470484664,0.011899323768540398
2018-01-23,43.54999923706055,44.02999877929688,43.33000183105469,44.0,1007700.0,0.31955572194855897,0.33019940482804844,0.525885469418283,0.2663269824997869,0.4356117147069917,0.5378448688461156,0.09008526490131141,0.6313041332916659,0,0,-0.03865624345528369,0.027841673031810153,0.007823289455828946
2018-01-24,44.400001525878906,45.06999969482422,44.130001068115234,44.9900016784668,1491700.0,0.32089258453442937,0.3302256307601971,0.6098454405750178,0.2667509037571859,0.48555422226685063,0.6230178463298961,0.10006709846290679,0.6362111218934522,0,0,-0.057500058954412285,0.015227231112393465,0.0024999271739612927
2018-01-25,45.290000915527344,45.400001525878906,44.65999984741211,45.15999984741211,1822800.0,0.3221516152240447,0.3302986869275809,0.6231573724735656,0.26727172096276397,0.4893647307800201,0.6311846485867845,0.11830817046485897,0.6422072731459398,0,0,-0.07601693389754786,0.002445001250226919,-0.005334555890485039
2018-01-26,45.290000915527344,45.43999862670898,44.970001220703125,45.40999984741211,989700.0,0.323529680774045,0.33038860226548283,0.6430687512427858,0.26755694715076583,0.5026958594881306,0.6262948454443229,0.1363330931317721,0.6454629187980064,0,0,-0.07573077934451236,0.003321472800895705,0.004207232669418891
2018-01-29,45.25,45.54999923706055,45.02000045776367,45.02999877929688,1553100.0,0.3246376269425959,0.33017692617221883,0.5936085623063624,0.2679976104659848,0.46757530917843027,0.5974680415420621,0.1561858619183198,0.6403539531900195,0,0,-0.07443296805709765,0.006606457565924076,-0.0022021245200861328
2018-01-30,44.70000076293945,45.56999969482422,44.54999923706055,45.33000183105469,1097700.0,0.325901236903657,0.33017879981037834,0.6199986419515406,0.26831239864623535,0.4813382278988666,0.5744503261328082,0.15327069897546036,0.643964867843221,0,0,-0.0628470332616535,0.01932042983498278,0.0024428295210644486
2018-01-31,45.56999969482422,45.56999969482422,44.7400016784668,45.060001373291016,1121400.0,0.3270046055472424,0.33012260281351263,0.58347345957425,0.26863038293552266,0.468812208539586,0.5568041276204536,0.15056376195709087,0.6402759913814371,0,0,-0.08162366233139341,0.0,-0.0048533247698307755
2018-02-01,44.650001525878906,46.08000183105469,44.5,45.970001220703125,889900.0,0.32858869639677446,0.3302406170071392,0.6625925166864818,0.26889147319643436,0.48893323337623623,0.5727116752117317,0.16451570459413312,0.6432033421602329,0,0,-0.06169557277559176,0.031735469631463516,0.006435798757031656
2018-02-02,45.900001525878906,46.0,44.72999954223633,44.72999954223633,1184500.0,0.3297149561581477,0.33038298278017125,0.5126540466247745,0.26922253831904985,0.47914350659943833,0.5318147956904955,0.17747107989995808,0.639306896495008,0,0,-0.08766592314509625,0.003915603663171451,-0.040243685875413666
2018-02-05,44.27999877929688,45.0,43.61000061035156,43.68999862670898,1131300.0,0.32988435252555426,0.3303455178773996,0.41262245496096006,0.26952549943804305,0.4396963808932134,0.4373404986986238,0.1576589503652044,0.6355854537081201,0,0,-0.05387882566679825,0.040241517330179076,0.0031298768406254037
2018-02-06,43.45000076293945,44.040000915527344,42.709999084472656,43.93999862670898,1540000.0,0.330291820360211,0.3302556025394977,0.43736624924808876,0.2699417526506186,0.4624568120022899,0.3845740577563395,0.16546518463313264,0.6406513265020806,0,0,-0.036163924942052665,0.060196867722203076,-0.008239886053269033
2018-02-07,44.20000076293945,44.84000015258789,43.869998931884766,44.220001220703125,1130800.0,0.3305207350310503,0.3300607863313354,0.4652369465758205,0.2702505928002432,0.44366009441276844,0.450697460588144,0.1455561874500475,0.6443711245250744,0,0,-0.053026898130997965,0.04278564239582096,-0.038689140101750154
2018-02-08,44.45000076293945,44.68999862670898,43.02000045776367,43.09999847412109,2628000.0,0.3302963978851765,0.32963181465949604,0.3629191479832051,0.27093498410529493,0.4003862298516387,0.3830389030944122,0.14878413667936524,0.6357262454974588,0,0,-0.05653550273602296,0.03686117193845967,-0.0576661955374772
2018-02-09,43.34999847412109,43.4900016784668,41.540000915527344,42.7400016784668,1750000.0,0.3298294134935673,0.32894433665915757,0.3336421895961248,0.27138307613280377,0.41484260427599734,0.30232019989450915,0.1800943047558971,0.6299695718679583,0,0,-0.041995304470382654,0.06334114741495411,-0.0009280070126704722
2018-02-12,43.06999969482422,43.83000183105469,42.9900016784668,43.40999984741211,861600.0,0.3293624273554778,0.3285172386254777,0.40535560232403167,0.27160982805504086,0.4067529364687908,0.3820495141627547,0.19854232158079432,0.6328038290103455,0,0,-0.035797817482719395,0.07042587781991042,-0.024099174984726485
2018-02-13,43.380001068115234,44.380001068115234,43.18000030517578,44.15999984741211,1341600.0,0.3295913420263169,0.3282887033616957,0.4775749748898034,0.27197367773532544,0.4532511004754146,0.4249020495881936,0.19936056946530345,0.63721705949111,0,0,-0.04238655054262992,0.062197668104816035,-0.03363287040548009
2018-02-14,43.7400016784668,45.38999938964844,43.59999847412109,45.310001373291016,1431700.0,0.331074709861806,0.32840297099358673,0.5720595482811662,0.2723796536296632,0.5118407739571471,0.4915433254637252,0.17416872130994854,0.6419266764255991,0,0,-0.049818858028559954,0.0529891340732199,-0.036231936013290625
2018-02-15,45.5099983215332,47.04999923706055,45.18999862670898,46.93000030517578,1778500.0,0.33278699236813414,0.32901551990296535,0.6763811453948061,0.2729150018342493,0.5360009648889985,0.613254009869778,0.1764530953461672,0.6477771015970657,0,0,-0.08761856732906793,0.0339881012767996,-0.1619951430174667
2018-02-16,46.91999816894531,47.25,46.47999954223633,46.95000076293945,931700.0,0.33427493772858863,0.3296898860091049,0.6775380945994287,0.27319538419167444,0.5125947342285287,0.628016954605686,0.1819218274303549,0.6508419546374118,0,0,-0.114638764509546,0.007031788385015043,-0.21968884490837493
2018-02-20,46.86000061035156,47.59999847412109,46.540000915527344,46.86000061035156,1552500.0,0.335831558188887,0.3304635335001933,0.6673999096033677,0.27366063759778525,0.4939178272992129,0.6161651084843447,0.19289624013021422,0.6457349627460978,0,0,-0.11331202573746547,0.015761402593067696,-0.17955271923722957
2018-02-21,47.13999938964844,48.36000061035156,47.13999938964844,47.36000061035156,1935800.0,0.3373698650563629,0.3311697443092094,0.6991706099203966,0.27425063409120454,0.45002227220730656,0.6335991345873523,0.2150875356274654,0.6521028306386618,0,0,-0.11950487411824813,0.026035023576880232,-0.17434908370744936
2018-02-22,47.459999084472656,48.93000030517578,47.38999938964844,47.83000183105469,1637700.0,0.3386701004565885,0.33200895555879417,0.7277421207532816,0.2747575613797347,0.41058550491832263,0.6302957088520543,0.2439041811722556,0.6574900902975377,0,0,-0.12499995972659189,0.03103887672631964,-0.20502531586433984
2018-02-23,47.900001525878906,48.43999862670898,47.41999816894531,48.27000045776367,1349100.0,0.34009394998864484,0.3328856309965671,0.7534728545877699,0.27518120445870486,0.4158507593024906,0.597846743801719,0.2706624948924179,0.6619279922367144,0,0,-0.13297094641176013,0.021534575368302108,-0.22120011344397206
2018-02-26,48.400001525878906,49.11000061035156,48.400001525878906,48.59000015258789,1912200.0,0.34154984743490024,0.33394775731003873,0.7717775909695338,0.27578765994555543,0.3802268309512575,0.5994803710220677,0.30504874443042823,0.6682182272734748,0,0,-0.14211726839228175,0.014708909835082901,-0.20903252655687576
2018-02-27,48.47999954223633,48.72999954223633,47.5,47.75,2479400.0,0.3427951438031389,0.3348956159916195,0.6628532377682093,0.2765500049457883,0.38069423111573253,0.5499133268810958,0.31079672952989296,0.6600621720751986,0,0,-0.1428277136224574,0.012965652729714608,-0.21588799816480012
2018-02-28,47.02000045776367,47.59999847412109,44.79999923706055,44.79999923706055,3443200.0,0.3425524930644428,0.3352683899520096,0.39612510845541515,0.27749558680199216,0.2988724444707743,0.4511952365450332,0.2879266367684828,0.6487356699945722,0,0,-0.1147643883190854,0.04376963670341132,-0.1882722864600375
2018-03-01,44.81999969482422,44.93000030517578,41.93999862670898,42.09000015258789,2921300.0,0.34119273936078454,0.3351672349289011,0.24696470726160247,0.27820970318590377,0.25065605008007147,0.3427295381908507,0.302742071946472,0.6391259724666524,0,0,-0.07321425971327951,0.095758950638072,-0.1571428802548625
2018-03-02,41.90999984741211,43.97999954223633,41.56999969482422,43.88999938964844,2980600.0,0.3402404534917831,0.33522905141107834,0.3756727904733286,0.2789952050208735,0.291156705861077,0.3596583521820369,0.32024707161689875,0.6489307389924176,0,0,-0.00879066121509663,0.1710620274848529,-0.0812544109419547
2018-03-05,43.75,44.16999816894531,43.41999816894531,44.02999877929688,2530700.0,0.3399199726033123,0.33522343121118325,0.3849059476504033,0.2796646813798592,0.34748391582574034,0.39188677674709416,0.33272182751147067,0.6572555469662329,0,0,-0.05035313545695537,0.12212350614923298,-0.10890860892616575
2018-03-06,44.040000915527344,44.22999954223633,43.36000061035156,44.119998931884766,2086600.0,0.3401168393599523,0.33536392406063936,0.3911790767367952,0.28021780555884035,0.39953378950548984,0.3936274338779902,0.34304893030068223,0.6641194756492705,0,0,-0.056779470118348316,0.11514875846892272,-0.10583692883505742
2018-03-07,43.66999816894531,44.150001525878906,43.40999984741211,43.88999938964844,1508800.0,0.34009394824216455,0.3355119100335665,0.37710587940143814,0.2806134795415668,0.38205134594705853,0.3895870579783045,0.35263838289066435,0.6591562361223046,0,0,-0.04827736412021208,0.12330014898243467,-0.0951948560725581
2018-03-08,44.04999923706055,44.5099983215332,43.47999954223633,44.5099983215332,1269600.0,0.3402267174239261,0.335968979846547,0.42387100816733503,0.28095464434031403,0.41426400890860104,0.40309029151065773,0.35318095739848593,0.6633326206023125,0,0,-0.0571883881621833,0.11528825344400503,-0.10936430402850811
2018-03-09,44.81999969482422,45.41999816894531,44.66999816894531,45.04999923706055,1230600.0,0.34111948498949485,0.3364635145622991,0.46319038196213136,0.28129224885227055,0.4629103718350797,0.43270004198947276,0.33385292595293586,0.6673807134985772,0,0,-0.07369128067816767,0.09638285952151816,-0.10581890051867372
2018-03-12,45.13999938964844,45.619998931884766,45.08000183105469,45.47999954223633,639400.0,0.34237393640766445,0.3370404714924822,0.4938972625370569,0.2814705300800814,0.46095877494254917,0.44023530061556615,0.31174630581095825,0.6694840375664073,0,0,-0.07991117724946689,0.0881243349153531,-0.11853496654878787
2018-03-13,45.68999862670898,45.93000030517578,45.060001373291016,45.150001525878906,743800.0,0.34317056023063597,0.33751627411414026,0.4679401839054075,0.28167515481593985,0.4489649672795995,0.43497550037797944,0.28466601096847666,0.6670372867974802,0,0,-0.09124885120826831,0.07519793355464968,-0.13676335682962068
2018-03-14,45.400001525878906,45.5099983215332,44.540000915527344,44.810001373291016,795700.0,0.34346815000131903,0.33793587973893263,0.4410706724035912,0.2818910024688428,0.42451792255760445,0.4129377848024018,0.2691205942824452,0.664419809536341,0,0,-0.08549281240088336,0.08217051958118259,-0.11362128227559062
2018-03-15,44.36000061035156,45.45000076293945,44.18000030517578,45.34999847412109,2363900.0,0.3434864618476611,0.3384416534253078,0.48470545839480295,0.2825453667083053,0.43850399269889745,0.4140178663614362,0.2611297587509925,0.6721959242750702,0,0,-0.06293237242579239,0.10600312105393586,-0.10711892635472188
2018-03-16,45.630001068115234,46.54999923706055,44.84000015258789,44.93999862670898,5846600.0,0.34257538068926996,0.3388968503147123,0.45009583394544683,0.28413314216888064,0.3020411901504917,0.4364807134474497,0.22961125629953444,0.6529633711080773,0,0,-0.09018743749069459,0.07673648642396724,-0.1358324157591164
2018-03-19,44.720001220703125,44.720001220703125,43.79999923706055,44.04999923706055,1639300.0,0.3412476748998108,0.33923028644875475,0.38006363670645626,0.28456137409276994,0.2826430897946953,0.38322167788915584,0.21913858982037576,0.6475708482047402,0,0,-0.07076102363932488,0.09768579269691721,-0.11059193085398378
2018-03-20,44.0,44.630001068115234,43.93999862670898,44.41999816894531,1065300.0,0.34013057018836834,0.3394363423421236,0.4135463337750763,0.2848436529944771,0.3036252314309601,0.39396648468782236,0.2094139709468712,0.6510751821576012,0,0,-0.0558456101493638,0.11600455616018196,-0.08830872774171737
2018-03-21,44.34999847412109,44.459999084472656,42.959999084472656,43.09000015258789,1583700.0,0.33817563868982436,0.3394438354655947,0.31779395620890394,0.2852401515080647,0.3021704902942885,0.35947729750813895,0.21666076887747082,0.6458655569992927,0,0,-0.06325974053187275,0.1071589899244585,-0.08824849911150683
2018-03-22,42.560001373291016,43.43000030517578,42.380001068115234,42.5,2761500.0,0.33573540746036845,0.3392153002018126,0.28064461447179967,0.28591288117793057,0.27312787070232136,0.328221228330711,0.23204218762903078,0.6367815260119409,0,0,-0.023671396011875227,0.1520074080730113,0.06822925542580706
2018-03-23,42.380001068115234,42.97999954223633,41.880001068115234,41.900001525878906,1146900.0,0.33281903504289223,0.33889872323828824,0.24481447864292305,0.2861844686744486,0.23237091871683474,0.31005500106517925,0.2534133671339632,0.6330087665915557,0,0,-0.01976470947265625,0.15835293040556067,0.06329408533432905
2018-03-26,42.560001373291016,43.36000061035156,42.18999862670898,43.310001373291016,2116800.0,0.33040169667770447,0.33881442810028145,0.3761210787630882,0.2867173175388449,0.2898010360425193,0.3528890736412149,0.263395997485273,0.6399720390137995,0,0,-0.023627724162619355,0.15632455843742724,0.011455835913033646
2018-03-27,43.4900016784668,43.68000030517578,41.84000015258789,42.040000915527344,1820100.0,0.3277874915558767,0.338366724334348,0.2978765467019243,0.28714994506729974,0.29075843341572316,0.3275353742093358,0.2780507886487322,0.6339847694863402,0,0,-0.04433160754473285,0.12976215085854467,-0.014315463563212508
2018-03-28,42.0099983215332,42.290000915527344,41.41999816894531,41.91999816894531,1260600.0,0.32646894256282877,0.33804078060919307,0.29092701883810335,0.2874476273417297,0.3645943407971027,0.2946033498600248,0.29798180733641816,0.6298379907564269,0,0,-0.014034256416249884,0.16888682526636187,0.018791648390177825
2018-03-29,42.150001525878906,42.619998931884766,41.68000030517578,42.13999938964844,1238000.0,0.3264918336806166,0.33805389321797563,0.311710225724544,0.2877426452696169,0.41749442746568377,0.32450624297956887,0.3070997583001605,0.6339104261583249,0,0,-0.017414202977575184,0.16603051976344507,0.008826310783545404
2018-04-02,39.81999969482422,40.34000015258789,37.91999816894531,38.16999816894531,5412800.0,0.32387304928734306,0.33711352765986596,0.12656586734306002,0.28879869904308875,0.2741062209104788,0.17324059466405622,0.35818553236084555,0.6161048701458905,0,1,-0.045087839425684374,0.2204556490290174,0.0688182621709122
2018-04-03,38.43000030517578,38.709999084472656,36.56999969482422,36.61000061035156,4924700.0,0.3204759564104006,0.3357854018944241,0.07840560139174918,0.28967365220188823,0.14547746063154243,0.18360993634074907,0.4152524856103343,0.5999049326469185,0,1,-0.048729386942041784,0.27980091216941455,0.14330630031712857
2018-04-04,36.290000915527344,38.70000076293945,35.939998626708984,38.43000030517578,4501900.0,0.3178709080849841,0.3348431634127385,0.22053758771034548,0.2905585441426535,0.18740437423676232,0.24966223768995313,0.47228662773202584,0.6147140577970032,0,1,-0.009560291805059283,0.3501775329443544,0.20595467877144452
2018-04-05,38.810001373291016,39.41999816894531,38.63999938964844,38.970001220703125,3399300.0,0.31561838856223745,0.3339009249310529,0.2587034423386456,0.29124448042200446,0.16765200695895754,0.3201323864665294,0.5080202886822514,0.6258961496077238,0,1,-0.07468130949235244,0.2680197542354257,0.14623988777663008
2018-04-06,38.58000183105469,38.83000183105469,37.58000183105469,37.75,1965800.0,0.31252346298094347,0.3325447003098864,0.21121061561901444,0.2916147821700824,0.1127419446905506,0.3115118154056472,0.5491205366151959,0.6194295958815111,0,1,-0.06774449888760024,0.27020781240578273,0.14703616532586147
2018-04-09,37.880001068115234,38.25,37.2599983215332,37.31999969482422,1405400.0,0.30898444237934786,0.3310760816949884,0.19525392812732478,0.2918727531611959,0.08729767463664834,0.31931543915752814,0.5895568288359119,0.614806493527854,0,1,-0.051390793149834434,0.2974834315824193,0.18490065012546564
2018-04-10,38.27000045776367,38.470001220703125,37.65999984741211,38.310001373291016,1687700.0,0.3057018068378251,0.32974608300597064,0.26882651136301927,0.29220003886839174,0.10179617180592732,0.34979130483022247,0.6215722371994814,0.6203582295761443,0,1,-0.06243306136408751,0.2802786487140116,0.16532685475345812
2018-04-11,38.150001525878906,38.470001220703125,37.81999969482422,37.9900016784668,1150500.0,0.30242374882126766,0.3284273240021594,0.25494905972324466,0.29241899868767485,0.10263415420767608,0.36059548642111205,0.6513008306799388,0.6165736278557212,0,1,-0.0576873615230589,0.2466717987337514,0.15426780567887022
2018-04-12,38.16999816894531,38.619998931884766,37.90999984741211,38.02999877929688,947600.0,0.29931966469708216,0.3270598596957863,0.25810265553689216,0.29259961473881024,0.0970519586556986,0.37232003110903944,0.6746923690780857,0.619690784387901,0,1,-0.05869964316164586,0.22058438267627462,0.14030012096777028
2018-04-13,38.09999847412109,38.310001373291016,37.68999862670898,37.77999877929688,897300.0,0.29585389672029594,0.32569614195114877,0.24607711347303374,0.29276814112952376,0.04361167699274243,0.37347821825989774,0.6985730076005239,0.616739091103472,1,1,-0.05679726312765444,0.22219303271551902,0.13857482584597425
2018-04-16,38.0,38.77000045776367,37.91999816894531,38.4900016784668,881900.0,0.2929008988636552,0.3242949600183231,0.3061730428658024,0.2929403457676787,0.1546978279281193,0.3920274309506803,0.7070270863841404,0.6196401256599614,0,1,-0.054526242452392,0.2263102041640582,0.12996294351662996
2018-04-17,38.66999816894531,39.220001220703125,38.45000076293945,38.970001220703125,1260000.0,0.2905751267160992,0.32321597524891693,0.3454079590115193,0.2931926391581752,0.17889658238284856,0.4109883112596468,0.7019230591702958,0.6237849306732018,0,1,-0.07092749865385493,0.2047285197320138,0.12107049776296608
2018-04-18,39.2599983215332,39.7400016784668,39.130001068115234,39.380001068115234,1700600.0,0.28826766816136573,0.32240861013137595,0.3786003525735203,0.29354022620462994,0.1641862353244073,0.43376994911375794,0.682870275627089,0.6293791016299609,1,0,-0.08519372827374823,0.18706699222925538,0.08647684477853416
2018-04-19,39.36000061035156,39.61000061035156,38.84999847412109,39.470001220703125,1592200.0,0.2866103264335047,0.3215712732345343,0.3860770034302089,0.2938668073580505,0.21124999508046513,0.4360836586468843,0.6695289619455227,0.6346166877744699,0,0,-0.08684616279534964,0.18257995001758656,0.10690703327281934
2018-04-20,39.61000061035156,39.790000915527344,39.04999923706055,39.25,1596900.0,0.2851223810730502,0.3206402737234717,0.3703160838995375,0.2941902508524601,0.23964519790846295,0.44485515357039235,0.6519591593181593,0.629363640849356,0,0,-0.09298205903570023,0.17582970387821423,0.09906257224439113
2018-04-23,39.84999847412109,40.310001373291016,39.630001068115234,40.11000061035156,2132100.0,0.28430286613229083,0.3200801759638068,0.4447929802928323,0.2946410206470569,0.27996530773406864,0.4841683611783015,0.6209768627185979,0.6363772430467606,0,0,-0.09961783050731471,0.17070065638062318,0.09707009868257382
2018-04-24,40.290000915527344,40.560001373291016,39.380001068115234,39.79999923706055,2175200.0,0.28269588416497105,0.3195294435366053,0.42015037921656895,0.2950930502259115,0.22786241607499283,0.4930666641971702,0.5922075873047195,0.6292218622016809,0,0,-0.10845181307964662,0.15607076106395337,0.11443530497985847
2018-04-25,39.33000183105469,39.709999084472656,39.209999084472656,39.470001220703125,1579300.0,0.28151926289657625,0.3187913880247126,0.39384888552777475,0.29541528404418693,0.25810809931933953,0.48067549472737575,0.5690350920723193,0.6240267109656408,0,0,-0.08517596154094986,0.1814069734775979,0.14648236502800496
2018-04-26,39.79999923706055,40.310001373291016,39.4900016784668,40.27000045776367,1282200.0,0.28076384553069533,0.3180626985598669,0.4652772576962425,0.29568752003786225,0.2778043274276318,0.5364212738195443,0.5296866384731187,0.6282445434957811,0,0,-0.09779580671324843,0.171015956200666,0.15353435991566108
2018-04-27,40.43000030517578,40.63999938964844,39.459999084472656,39.560001373291016,1080300.0,0.279582646737335,0.3169855867140367,0.406547200956051,0.29590856565655077,0.2600983796402926,0.5473691455709971,0.48398512842405156,0.6246908666260957,0,0,-0.11149743301284636,0.15197414607192755,0.14104793247104946
2018-04-30,39.560001373291016,40.27999877929688,39.470001220703125,39.470001220703125,2267600.0,0.28017782627870114,0.31558815134294654,0.39922747347524434,0.29636984701092994,0.30130781891158365,0.5254663905036945,0.4415480119499177,0.6172315334133784,0,0,-0.09150663854693596,0.1304347742236402,0.16734071542156886
2018-05-01,39.33000183105469,39.77999877929688,38.88999938964844,39.75,2058100.0,0.2816154101321341,0.3142394198452511,0.4265883090002959,0.296793983037021,0.4367161486524955,0.4969862326183472,0.4170971458348181,0.6240017105544499,0,0,-0.08588809474288922,0.1342791759094385,0.18115017709782247
2018-05-02,39.59999847412109,40.41999816894531,39.540000915527344,40.11000061035156,1240800.0,0.28238456356587205,0.3129749842001461,0.46155311756965756,0.2970541232509717,0.3705467752055401,0.5407561837741254,0.37562636008831424,0.6280833566341552,0,0,-0.09207546785942396,0.12226416629815269,0.17484278648904303
2018-05-03,40.09999847412109,40.459999084472656,39.52000045776367,40.43000030517578,1594000.0,0.28305299398556705,0.31167683021400483,0.4922125084704002,0.2973933801966674,0.41151943668394964,0.54077135995641,0.3359855769875271,0.633326863928683,0,0,-0.10371477896059897,0.08925459428017984,0.17028176831520697
2018-05-04,46.15999984741211,46.459999084472656,43.83000183105469,45.5,5223600.0,0.2866011713835739,0.3112403654186944,0.7871419753926562,0.29878215984566847,0.4692875916573052,0.8748757733557843,0.3844366691708792,0.6505100412835737,0,-1,-0.2527826154726686,0.007420213573981632,0.02003466156757166
2018-05-07,45.619998931884766,45.959999084472656,44.619998931884766,45.06999969482422,3089000.0,0.2901493487815807,0.3106409291180982,0.747934441331085,0.2995870432681086,0.4737758133479807,0.7613134506938692,0.4294269690554204,0.6403486899455583,0,-1,-0.21274725945441278,0.018461541815118474,0.029450552804129466
2018-05-08,44.88999938964844,45.209999084472656,43.0,43.040000915527344,2070200.0,0.2923148813581413,0.30960128217503974,0.5857405457445621,0.3000812027006192,0.41245095249616476,0.6261380619409983,0.43555365605093693,0.6335387095182486,0,0,-0.19858000495986824,0.034834695040047124,0.04925673919980228
2018-05-09,42.93999862670898,42.9900016784668,42.220001220703125,42.869998931884766,1873000.0,0.2945490872880656,0.30868714183449514,0.5735613044199608,0.30052432571691945,0.44981841417963947,0.5501290968959738,0.426386164071826,0.6273774239707889,0,0,-0.16263940174486927,0.08178439551319304,0.09502788256476022
2018-05-10,42.97999954223633,43.15999984741211,42.720001220703125,42.79999923706055,1461300.0,0.2967329334574488,0.3083124942359455,0.5682679292131476,0.300868570941316,0.44366516418204766,0.5403109479589452,0.4199516948471053,0.6225704370137666,0,0,-0.16421742689364308,0.08117563865036773,0.13412643207983405
2018-05-11,42.91999816894531,43.11000061035156,42.36000061035156,42.52000045776367,979800.0,0.2989030453054552,0.3083930435268004,0.5461853901678356,0.30109630463272563,0.44519089487049884,0.5184960808170117,0.4068507186999482,0.619347357686804,0,0,-0.1630841043612062,0.08271030323902563,0.11331781250637825
2018-05-14,42.52999877929688,42.88999938964844,42.40999984741211,42.720001220703125,951300.0,0.3008396632111767,0.308173875024649,0.5589731409817167,0.30131926823307276,0.44471475607239963,0.5092401953724826,0.3946855265633023,0.6224766854718005,0,0,-0.1549858909134757,0.0924270993148167,0.12300092864371977
2018-05-15,42.45000076293945,44.04999923706055,42.400001525878906,43.900001525878906,1943700.0,0.30309676200536917,0.3081495234452434,0.6299407270228581,0.3017984877748455,0.4680654651854021,0.5276795970270702,0.3991328098363521,0.6288705406338919,0,0,-0.1523876861004294,0.09386699922634513,0.10603929423816426
2018-05-16,43.93999862670898,44.27999877929688,43.2400016784668,43.83000183105469,1446600.0,0.30513410292513365,0.30809520008653724,0.6235321885730182,0.3021536653625799,0.4782599272005395,0.5294886060100303,0.4061736671333696,0.6241119097353575,0,0,-0.15216401077430342,0.057403197498254004,0.10820045182002763
2018-05-17,43.7599983215332,44.75,43.65999984741211,44.43000030517578,1387000.0,0.30740493604070274,0.3081963551096457,0.6587052339665792,0.3025026178409981,0.4694565202429447,0.5369971789131596,0.4186586909300683,0.6286744847777102,0,0,-0.1483002447742218,0.061601657543770234,0.10974221246513856
2018-05-18,44.36000061035156,44.91999816894531,44.209999084472656,44.310001373291016,1115800.0,0.30972155313832783,0.3081588909214576,0.646516023768623,0.30278169128028753,0.4680785767420172,0.5353295955994462,0.4324126584976315,0.6250040296715406,0,0,-0.1598019860466051,0.04726532657431602,0.1082601288668778
2018-05-21,44.70000076293945,44.9900016784668,44.63999938964844,44.86000061035156,1321600.0,0.31189624251129977,0.30812329965684543,0.6798718736039856,0.30311958825810537,0.45713846142516634,0.5394734668990958,0.4461165527596555,0.6293514695965393,0,0,-0.1588806295946288,0.039720114353101486,0.0794403147973144
2018-05-22,44.810001373291016,44.95000076293945,43.77999877929688,44.43999862670898,2031800.0,0.3140205703772502,0.30792848273409956,0.6345147054020719,0.3036295135075172,0.47517763325401047,0.5185201147151998,0.43616354698736975,0.6226678070362999,0,0,-0.1587160644161712,0.036781045223635137,0.09518502897163042
2018-05-23,44.06999969482422,44.59999847412109,43.84000015258789,44.060001373291016,952000.0,0.3161220071254127,0.30772429976430665,0.5942091905857576,0.3038644005146348,0.4657432374738683,0.506427702541943,0.4269214701988187,0.6195361765818517,0,0,-0.14356438490708645,0.053780365965448496,0.1264626261375956
2018-05-24,44.11000061035156,44.11000061035156,43.16999816894531,43.5,1036300.0,0.317600795689456,0.30747890533000655,0.5369638640593452,0.30411382949768695,0.43594124821389124,0.4781886586476571,0.40138828661533715,0.6161272389348509,0,0,-0.14571043539581827,0.053336323215497056,0.1345891992815625
2018-05-25,43.43000030517578,43.79999923706055,43.2400016784668,43.369998931884766,682500.0,0.31934512436350293,0.30710800429319246,0.5237873909390325,0.3042770747631106,0.44674885950886845,0.46697766894257065,0.3776789018592472,0.6138821362193456,0,0,-0.12666671577541308,0.06965514435165229,0.15011491446659483
2018-05-29,43.13999938964844,43.4900016784668,42.709999084472656,42.90999984741211,812600.0,0.32092005667014334,0.30672773720933133,0.4771896592143916,0.3044674226256926,0.48480412288650726,0.43638587647041926,0.3423852409766723,0.6112090659385845,0,0,-0.1081392377729802,0.07655060587016571,0.1528706763061732
2018-05-30,43.040000915527344,43.5099983215332,43.040000915527344,43.33000183105469,1135100.0,0.3225590865516621,0.3065928645597703,0.5159690791312762,0.3047381284560231,0.4511818830715849,0.4386426748801556,0.31007861625773164,0.6149430089310679,0,0,-0.09764629355175715,0.07970165884658169,0.18969935722661996
2018-05-31,43.36000061035156,43.59999847412109,42.61000061035156,42.630001068115234,1462600.0,0.32371281670226915,0.3062575555021519,0.4455470280510002,0.3050759116424794,0.4151925351796172,0.3960824475350118,0.2779562566291641,0.6101317455879208,0,0,-0.10408497451292859,0.07154392668175055,0.18878375166172184
2018-06-01,42.7599983215332,43.7599983215332,42.72999954223633,43.56999969482422,900500.0,0.3251504005557021,0.30634747084005376,0.5307187331036368,0.3052925667581372,0.39640641335243326,0.40999239683467287,0.24391625077566492,0.6130939653612724,0,0,-0.09078111271217632,0.08679335374698921,0.19892102145116164
2018-06-04,43.81999969482422,43.880001068115234,43.34000015258789,43.52000045776367,569600.0,0.3242438986687567,0.30653854120106416,0.5254759254586824,0.3054292420506769,0.3638748421292901,0.4408973874173355,0.21521038868276832,0.6112202503330646,0,0,-0.1131512586574892,0.060592136978188896,0.17489095674219057
2018-06-05,43.66999816894531,43.88999938964844,43.33000183105469,43.65999984741211,740000.0,0.32359835936684955,0.306868230773371,0.5383153677348289,0.3056078082536827,0.38718387951868455,0.4572683158435593,0.18855494531079292,0.6136545008963963,0,0,-0.10983452961899397,0.06410847624496352,0.1861213741640339
2018-06-06,43.68000030517578,44.959999084472656,43.47999954223633,44.880001068115234,1263300.0,0.3244407654253969,0.30716232908106583,0.6388010160237956,0.30592855092802695,0.45065931428465955,0.5566398416195406,0.19139469932946218,0.6178101613513379,0,0,-0.10971142767448418,0.06367381559809272,0.17384333896276408
2018-06-07,44.9900016784668,45.5099983215332,44.720001220703125,45.15999984741211,1024800.0,0.32548919503699547,0.3077467791347198,0.6591552973361561,0.3061915341598531,0.4268214864657227,0.6134868304272401,0.20572107436570003,0.6211812694287735,0,0,-0.13591805132892643,0.03275395211722068,0.13992866822274805
2018-06-08,45.15999984741211,45.959999084472656,44.9900016784668,45.86000061035156,1968800.0,0.32689015345126393,0.30848483536119614,0.7073548390318695,0.3067106382828557,0.4775043488657868,0.6300371184338759,0.22781517127334583,0.627657691738351,0,0,-0.13883969173934738,0.028786519961315794,0.12953938206127624
2018-06-11,45.81999969482422,46.709999084472656,45.54999923706055,46.11000061035156,1610000.0,0.3285337608577482,0.30922851107298394,0.7237123463339318,0.3071388189608447,0.48779706578309395,0.6443740227631798,0.26141576275025885,0.6329538314774914,0,0,-0.15111208488757708,0.019406876969110767,0.13061494982001218
2018-06-12,46.18999862670898,46.45000076293945,45.79999923706055,46.18000030517578,1577500.0,0.33011784996079985,0.31072897510534203,0.7284370159797523,0.30755904956624236,0.4875834459710094,0.620139644024772,0.2926163119788209,0.6381430615635125,0,0,-0.15831704923945958,0.011277389956202697,0.13489484143070601
2018-06-13,46.84000015258789,47.220001220703125,46.459999084472656,46.47999954223633,1316200.0,0.33129904875416005,0.31257786080410116,0.7490999538796289,0.3079134416724434,0.4298976623546519,0.6334280682058383,0.3338577608364635,0.6424727380384545,0,0,-0.15851016991015057,0.008228693495106895,0.10307488718227018
2018-06-14,46.31999969482422,46.63999938964844,46.20000076293945,46.54999923706055,961700.0,0.3325443433759183,0.31409892985412935,0.7540152032789768,0.30817288281388755,0.4374922896762962,0.5877753892752811,0.36219952590034926,0.6456362769124492,0,0,-0.14629946867536853,0.019363199972949136,0.08670393328284808
2018-06-15,46.540000915527344,47.09000015258789,46.459999084472656,46.93000030517578,1913000.0,0.33368891673011414,0.31559002712485684,0.7807675062268863,0.3086960235053857,0.4449886883721977,0.5854946116312416,0.3957783953624558,0.6519291435714403,0,0,-0.09280343212948697,0.014607955237825277,0.04962400851673162
2018-06-18,46.43000030517578,47.130001068115234,46.119998931884766,46.970001220703125,967200.0,0.33490674270911913,0.31731715278283745,0.7836025431131249,0.3089606620458497,0.47471863239402545,0.5612971316735939,0.41381743877900895,0.6551107748482705,0,0,-0.0897080557659478,0.01683360132942971,0.06072871203043189
2018-06-19,46.81999969482422,47.02000045776367,46.36000061035156,46.959999084472656,1146300.0,0.3358681836280515,0.31912295409351343,0.7816805123990568,0.30927395853674866,0.48687779115850954,0.5489097483001045,0.43056797909437977,0.6513399891445583,0,0,-0.09793481700174061,0.008516106354764075,0.04896740850087031
2018-06-20,47.459999084472656,47.65999984741211,47.02999877929688,47.11000061035156,1275400.0,0.3370905888785023,0.32077140338421517,0.7936180076730465,0.30962424123173293,0.46223645339646013,0.5582760978449782,0.4576622205214946,0.6555354528857382,0,0,-0.11158428377189085,0.004258960111555527,0.04301534278418642
2018-06-21,47.36000061035156,47.5099983215332,46.97999954223633,47.02999877929688,876700.0,0.33845034083568026,0.322464809986576,0.7764037082593956,0.30986411614731346,0.45592448448494155,0.5426597771218965,0.4806941133342116,0.6526515238737479,0,0,-0.1061345772706558,0.00636805844138808,0.03523667641488747
2018-06-22,47.77999877929688,48.75,47.77999877929688,48.72999954223633,2447100.0,0.34084478808308005,0.3244691747817333,0.8911628336836835,0.3105761428531574,0.5099025663263028,0.5837446020873824,0.521123904782417,0.6607013273244625,0,0,-0.11524555198013872,0.02062515938508004,0.037210292269247706
2018-06-25,48.43999862670898,48.4900016784668,47.45000076293945,47.77000045776367,1312800.0,0.3428592378850567,0.3263405398509056,0.7262048468521346,0.31094454314247266,0.5070704736946021,0.5514199744103073,0.5452806826414762,0.6563828352440007,0,0,-0.12394822814629729,0.006361612481082245,0.025856805829402467
2018-06-26,47.7599983215332,47.900001525878906,47.369998931884766,47.7599983215332,753500.0,0.34507970949360434,0.3280770308413496,0.7246141056770802,0.3111557642443926,0.5223456845398153,0.5348312091977173,0.5644415788878969,0.6539041760555272,0,0,-0.11220424417607851,0.020724338894284017,0.036215267748703366
2018-06-27,48.060001373291016,48.34999847412109,46.88999938964844,46.97999954223633,1074000.0,0.3467507855428419,0.3295774941591242,0.6066757603834816,0.31144794358488814,0.49779995059650267,0.5175787316412115,0.5630312108478968,0.650371223210908,0,0,-0.11411224779047471,0.01444720793463449,0.025125565125934137
2018-06-28,47.060001373291016,48.72999954223633,46.720001220703125,48.68999862670898,1620000.0,0.34952523023566495,0.33132147827303926,0.7357731755078235,0.31191699830747555,0.5579620288609229,0.5467203355063027,0.5691212753449311,0.6557002582279313,0,0,-0.09472117510215765,0.035972725482673294,0.04555128587697236
2018-06-29,48.68999862670898,49.36000061035156,48.33000183105469,48.56999969482422,2040300.0,0.3518143769440564,0.33302612456060676,0.7193339542580471,0.312504471200874,0.5242567696237755,0.5819724924792485,0.5859000330442652,0.6489886346814914,0,0,-0.12487159966815489,0.013760566903673202,0.004929178172848637
2018-07-02,48.29999923706055,49.38999938964844,48.02000045776367,49.16999816894531,1198800.0,0.35440111167665056,0.3348843763064129,0.758017328092183,0.31285672089662064,0.5446626707280486,0.583814663465694,0.58913768367387,0.6529321205940887,0,0,-0.11715047688821233,0.022441839807218377,0.017912269659278494
2018-07-03,49.34000015258789,49.4900016784668,48.15999984741211,48.220001220703125,502100.0,0.3564888141034366,0.33640357243286506,0.6329154366748636,0.31299922735539754,0.5326885400186093,0.5589646927683553,0.594074947046882,0.6512804486915903,0,0,-0.13687207225659095,0.0030506717808593273,-0.017286933206719826
2018-07-05,48.709999084472656,49.09000015258789,48.56999969482422,49.08000183105469,995600.0,0.35841169768778147,0.3381419377760522,0.6926642090646526,0.3132905246615022,0.5292440156465058,0.5699763337453789,0.598659548750393,0.6545555025576077,0,0,-0.1265034906615074,0.01617591402422546,-0.0004147751401360778
2018-07-06,49.18999862670898,49.959999084472656,49.04999923706055,49.68999862670898,817100.0,0.36048566404671045,0.3400563865187241,0.7305543384859968,0.31353460975019076,0.5336250266593994,0.5998350740030074,0.6192022617090001,0.6572433757134163,0,0,-0.13406678424763246,0.015688680298224275,-0.02118983418969694
2018-07-09,50.13999938964844,50.40999984741211,49.709999084472656,50.040000915527344,1181900.0,0.3623993908346441,0.34188654012338915,0.7513028095532391,0.3138917103514032,0.5004761957091017,0.6127295497714524,0.6454026318812895,0.6611312686063915,0,0,-0.15153952480186644,0.005433698233562505,-0.038840820255897184
2018-07-10,50.18000030517578,50.33000183105469,49.68999862670898,49.959999084472656,851100.0,0.3641620331015134,0.3438347072070972,0.7402400604971525,0.31414798018473067,0.4989010250496275,0.5894619865444155,0.6687970130850995,0.6583315515057813,0,0,-0.15127896795212203,0.004596313709597867,-0.019584323027704735
2018-07-11,49.38999938964844,50.36000061035156,49.33000183105469,49.77000045776367,974200.0,0.3658056405079977,0.34576414219671114,0.712983239247949,0.3144392189917692,0.4905886465074884,0.5634673760638892,0.6736676048125558,0.6551268935344331,0,0,-0.13570854490676057,0.020416342603190387,0.003402761944713766
2018-07-12,49.880001068115234,51.22999954223633,49.72999954223633,51.18000030517578,1354300.0,0.36795743876318177,0.34790525327958904,0.7991101921337894,0.3148635148272607,0.5416403868794037,0.601236375604787,0.6934101242230184,0.6595819010181088,0,0,-0.1460719387361311,0.02712474305212722,-0.01366285511194339
2018-07-13,51.5099983215332,52.18999862670898,51.13999938964844,51.540000915527344,1569300.0,0.3702420079466078,0.35004636436246694,0.8177777258023436,0.31536051959221134,0.5224896724260303,0.6322549020887454,0.7248733342635594,0.664744156976266,0,0,-0.17155136238654853,0.013286445899200324,-0.039663907135451565
2018-07-16,51.619998931884766,51.72999954223633,50.91999816894531,51.2400016784668,997700.0,0.3722152530379742,0.3520713348898779,0.7740215559894065,0.3156731281378298,0.4990938204022273,0.5928748727097158,0.7446737432046067,0.6614621951018931,0,0,-0.1608458857891205,0.011059365244452083,-0.03958085107863265
2018-07-17,50.7599983215332,51.61000061035156,50.720001220703125,51.43999862670898,1090200.0,0.3742617490076695,0.3531840380003202,0.7859476209351272,0.31601672932748504,0.49935716952939296,0.5725019543545966,0.7544665662633776,0.6650484382966825,0,0,-0.14500382995890715,0.027907889506895163,-0.020882116701293644
2018-07-18,51.43999862670898,51.95000076293945,51.34000015258789,51.77000045776367,899900.0,0.3764639087698751,0.35443910759837827,0.8055976329922293,0.3163032276731773,0.48778707687443623,0.5778042825493672,0.7689437652948905,0.668008684353361,0,0,-0.15474337669090862,0.014580093701841209,-0.03479776727483539
2018-07-19,51.43000030517578,51.45000076293945,50.70000076293945,51.27000045776367,1269000.0,0.37836847876139756,0.35598078238066005,0.7279653347513956,0.3167003898688693,0.5205488294117061,0.5381953772753488,0.7558268317294219,0.6638342735900261,0,0,-0.12961172542285332,0.01468028423436537,-0.03940507818213503
2018-07-20,51.310001373291016,51.470001220703125,50.95000076293945,51.27000045776367,943600.0,0.3803096759385649,0.357554302580402,0.7279653347513956,0.3169954891936958,0.5394377923898943,0.5346184640414091,0.7440489324704864,0.6669382720110527,0,0,-0.12326896115459658,0.017163979823696416,-0.03179249178002314
2018-07-23,51.13999938964844,51.38999938964844,50.869998931884766,51.0099983215332,878900.0,0.38135352627871766,0.35909223080094826,0.686230065697155,0.317267827704374,0.48348823087495113,0.5195220730753244,0.7297230778408288,0.6640471060379282,0,0,-0.10903062419890056,0.02047979769232753,-0.01618876553436304
2018-07-24,52.52999877929688,52.84000015258789,51.52000045776367,51.810001373291016,1507500.0,0.38320315723825327,0.3608324690677114,0.7484251339254114,0.3177470003551225,0.47657164488701415,0.562417090606096,0.7428852746734149,0.6690060691787694,0,0,-0.13193491008987848,0.006077266878876675,-0.061164458626686645
2018-07-25,51.63999938964844,52.43999862670898,51.18999862670898,52.40999984741211,1168200.0,0.3853320643756495,0.36264763642543435,0.7887846456886899,0.31812520939180167,0.4919568931417721,0.5495917611648103,0.7420003662557393,0.672848895541045,0,0,-0.10654314440163924,0.02316156593576303,-0.04188376976310959
2018-07-26,52.560001373291016,52.63999938964844,51.58000183105469,51.59999847412109,1854700.0,0.3874472354451888,0.3640900291081836,0.666200798802838,0.3187095902355934,0.47481451890801896,0.5382577757236549,0.7446159344158447,0.666747808352111,0,0,-0.12287736043037296,0.005342468614998493,-0.05037212768616447
2018-07-27,52.11000061035156,52.619998931884766,49.38999938964844,50.34999847412109,3392500.0,0.3882072320825155,0.36531137965062194,0.5141571297625335,0.3197329868184553,0.415213522319915,0.4612763256631797,0.679581470432681,0.6555880853303507,0,0,-0.11608530727904882,0.014147278368669804,-0.0352713129582165
2018-07-30,50.22999954223633,50.52999877929688,48.75,48.84999847412109,1922700.0,0.38833542373931174,0.3661393505004165,0.37688540205295995,0.32028230897864096,0.402665155824861,0.35874492897564464,0.628197146854653,0.6492633102518133,0,0,-0.08162861439735737,0.05183715371298475,0.024428988669553262
2018-07-31,48.970001220703125,49.70000076293945,48.52000045776367,49.27999877929688,2026800.0,0.38838578524633316,0.3670703492968955,0.41830309550113964,0.3208695532552296,0.3979930320830054,0.3405970929568301,0.585322538412691,0.6559305251731113,0,0,-0.05342887803229398,0.07922208910477135,0.07901741516729928
2018-08-01,49.040000915527344,49.66999816894531,49.040000915527344,49.119998931884766,1781000.0,0.3887978306059554,0.3678683483673895,0.40436050270298896,0.3213819909833324,0.380265900288476,0.3418909023021233,0.5455104020022976,0.650071876182174,0,0,-0.04707791705138756,0.07711037603874642,0.11241885253160283
2018-08-02,48.90999984741211,49.720001220703125,48.7599983215332,49.47999954223633,1014500.0,0.3889809612947386,0.36881246048723465,0.44075797066711586,0.3216773605828771,0.3711152775995039,0.34078839756090307,0.514893716329694,0.6534091021233901,0,0,-0.04458466356536121,0.08000815127511618,0.11807816293122214
2018-08-03,49.66999816894531,49.810001373291016,48.81999969482422,49.02000045776367,1157500.0,0.3886742164741247,0.3697415863601377,0.39766118467783007,0.32200865527983735,0.35033525972644625,0.3366958961047964,0.4837466646221065,0.6496014737084491,0,0,-0.05961998737942708,0.06406633009235685,0.07679876893519602
2018-08-06,49.11000061035156,49.86000061035156,49.0,49.52999877929688,1058700.0,0.3884407225318397,0.37087114864109816,0.4507067024157093,0.3223169825359903,0.3567140859874045,0.3611478047935973,0.45323495202988745,0.6530840967779075,0,0,-0.0487555970487535,0.07609138122000118,0.09302320514098543
2018-08-07,49.79999923706055,50.31999969482422,49.5,49.70000076293945,941400.0,0.3883216876714547,0.3720569086335079,0.4680937493258791,0.32259260418570757,0.34961441322738945,0.38995333845421615,0.41047860739007264,0.6561808582377999,0,0,-0.06218449610874682,0.06137696326368654,0.05915607464946065
2018-08-08,49.54999923706055,49.7400016784668,49.2400016784668,49.4900016784668,1246100.0,0.38819349601465847,0.3732894995757363,0.44551146107230377,0.32295448505021107,0.3524989851494634,0.36733617666268276,0.37817182194587023,0.6520817776608168,0,0,-0.05694160911296623,0.06619720050347863,0.057142859335842025
2018-08-09,49.38999938964844,49.84000015258789,49.25,49.2599983215332,885100.0,0.38731446277046644,0.3744003290480192,0.4205380040422718,0.323209257635253,0.3094136887412189,0.3733849887149242,0.3448873648503012,0.6491702166154047,0,0,-0.05395025416026677,0.0697110657896897,0.08122853751109858
2018-08-10,49.18999862670898,49.75,49.0099983215332,49.20000076293945,1212500.0,0.38624314204108,0.37563104635208805,0.41382313911075663,0.32355727965772674,0.3050175453600868,0.37285042291007525,0.3212245703675883,0.645181664172108,0,0,-0.023751486171566916,0.07409666362662816,0.08790097398687699
2018-08-13,49.13999938964844,49.75,48.86000061035156,48.93000030517578,1047700.0,0.3851855556330702,0.37663510203053446,0.3829910017444186,0.3238548749482286,0.29132397755673556,0.37112830372521577,0.3037744745033865,0.6417352259083208,0,0,-0.022764205579614942,0.07520326637325028,0.0920731444928992
2018-08-14,49.08000183105469,50.220001220703125,48.7599983215332,49.16999816894531,1551100.0,0.3841462828178829,0.3776934810676871,0.41602136801548384,0.32429888276182006,0.2638019294520543,0.38977732164340584,0.27052500825837444,0.6468376124607312,0,0,-0.018802411156847283,0.07684443691155002,0.09012875168418143
2018-08-15,48.93000030517578,49.29999923706055,47.869998931884766,48.4900016784668,1433500.0,0.38264460313605164,0.37859825536118463,0.33874321415368647,0.32469884707794483,0.25243098593097263,0.3404298107198816,0.2655428635982639,0.6421220743762233,0,0,-0.021557889216284112,0.07952003239816224,0.10107792161444636
2018-08-16,48.63999938964844,49.38999938964844,48.459999084472656,48.68999862670898,1191700.0,0.38146340259621114,0.37931195857908817,0.36771712229909015,0.32503348922003505,0.22676955384779987,0.36585844684722885,0.2576222313874536,0.6460422046415236,0,0,-0.01587957168715896,0.08661580980733537,0.12023100905858797
2018-08-17,48.70000076293945,48.7400016784668,47.91999816894531,48.150001525878906,834700.0,0.3800349755391894,0.3798720570533367,0.30926477209051606,0.3252631161342119,0.21489174758663313,0.3282630640284213,0.26427402710452835,0.6432964357966413,1,0,-0.017046659570029002,0.08502771629526057,0.11090568624948484
2018-08-20,48.150001525878906,48.33000183105469,47.58000183105469,48.209999084472656,1325500.0,0.37875305373178625,0.3803122676957991,0.3186669048509747,0.3256283105424792,0.24146488690743703,0.3145108628444351,0.2785038039061035,0.6476567048800144,0,0,-0.011837999517359605,0.0974039143942348,0.13354101975925972
2018-08-21,48.400001525878906,49.22999954223633,48.380001068115234,49.20000076293945,1205500.0,0.377558118870569,0.38089109826414164,0.4580766616313212,0.3259723470074335,0.28142731576135405,0.3884612130172268,0.2592315046060903,0.6516222306287932,0,0,-0.01700891330421788,0.09209704855893695,0.1333748273653616
2018-08-22,49.20000076293945,49.68999862670898,49.040000915527344,49.560001373291016,832300.0,0.376253305945378,0.3815242529057739,0.5014494078737652,0.3262127724375178,0.2689691957332354,0.4556623488583418,0.22727364479598738,0.6543601046069836,1,0,-0.03292680704804076,0.0739837262846206,0.07073169691610419
2018-08-23,49.540000915527344,49.63999938964844,49.13999938964844,49.20000076293945,1163100.0,0.3751545165732383,0.3820337738684682,0.4548182524268304,0.32654425823508815,0.2872834729007462,0.46388556050614027,0.1975984892580347,0.6505340548364281,0,0,-0.03954800302989788,0.06658593917713226,0.05548829547615864
2018-08-24,49.20000076293945,49.68999862670898,49.20000076293945,49.47999954223633,838300.0,0.37475620553499267,0.38258263265751014,0.4900761369233366,0.32678540946126244,0.3176929129123175,0.5088125269781929,0.16982227669305733,0.6532916659813484,0,0,-0.03292680704804076,0.0739837262846206,0.05284549662201584
2018-08-27,49.79999923706055,50.18999862670898,49.43000030517578,49.58000183105469,1001900.0,0.3750904224913205,0.3830790410114218,0.5027737253571026,0.32707446693865083,0.34006312335054456,0.5605931407425528,0.15973902425113712,0.6565874438724321,0,0,-0.04486656076281611,0.06143898430986012,0.016572346451302282
2018-08-28,49.66999816894531,50.0099983215332,49.209999084472656,49.68999862670898,599100.0,0.3752781324515494,0.38358856125953256,0.5172454425090461,0.32724789199976445,0.3306258108958817,0.5323765527479198,0.1425262976260449,0.6585581999703942,0,0,-0.04215401897346331,0.06393710904740288,-0.0018151741542344062
2018-08-29,49.90999984741211,49.90999984741211,49.18000030517578,49.650001525878906,920500.0,0.3755207831902455,0.3840924627369153,0.510779573340656,0.32751384372242776,0.3630243571133234,0.5159643112181591,0.12544553506446093,0.655530189641277,0,0,-0.04689068385494017,0.05896559440838605,-0.008251154331723597
2018-08-30,49.63999938964844,49.63999938964844,49.18999862670898,49.38999938964844,807800.0,0.3754795784796353,0.3845195607705951,0.46824933432004556,0.3277449588226401,0.3508862747802649,0.4809882029808895,0.10958482697156158,0.6528729090938995,0,0,-0.04149038258377544,0.0644511714923418,0.03585093100891633
2018-08-31,49.34999847412109,49.77999877929688,49.16999816894531,49.68000030517578,1215000.0,0.3757817457752838,0.38501596912450686,0.5124119154527256,0.3280959290587465,0.3815153728699814,0.5028971501447708,0.10009195772539609,0.656869685356667,0,0,-0.035837146485921394,0.07066211220075996,0.05243976887213172
2018-09-04,49.400001525878906,50.619998931884766,48.83000183105469,50.310001373291016,1029500.0,0.3761388538493995,0.3853119410703612,0.5976558566370526,0.3283996954345285,0.39019112974443254,0.5652663751881917,0.11839077704867329,0.6602562542147075,0,0,-0.036634454179635074,0.06924312813159539,0.08957320694256456
2018-09-05,50.130001068115234,50.18999862670898,49.220001220703125,49.40999984741211,794500.0,0.37600608292115745,0.38561915198683855,0.45623509514317073,0.3286267004544329,0.3901692644046631,0.5115529360049609,0.13538253784885929,0.6576427243869142,0,0,-0.05068573181185225,0.04989064307332203,0.06658712746327947
2018-09-06,49.380001068115234,49.869998931884766,49.15999984741211,49.470001220703125,1005400.0,0.3759969261247462,0.385939476226682,0.4647005104451135,0.3289144048624987,0.3875781880596311,0.49163735726954566,0.14820897014710638,0.6609500156252569,0,0,-0.03642985716695612,0.06597851308643443,0.06516894183262181
2018-09-07,49.220001220703125,50.369998931884766,49.20000076293945,49.91999816894531,1371000.0,0.3762990934203947,0.38649020793929995,0.526666801410247,0.32931269241041394,0.4113964577108573,0.5462127294498509,0.17506730444772556,0.6654599582229971,0,0,-0.03315139173601031,0.06872847437405655,0.049727087604015466
2018-09-10,50.20000076293945,50.58000183105469,50.0,50.290000915527344,847400.0,0.37679812747268326,0.38678992644688975,0.5735044135280727,0.329561875190867,0.4233892954363098,0.6079165291594716,0.2057228286696835,0.6682475040707906,0,0,-0.052483954887535204,0.008413425167282735,0.04827724230389383
2018-09-11,50.130001068115234,51.63999938964844,50.130001068115234,51.459999084472656,1358600.0,0.3779564351482556,0.38733129211246065,0.6938608280131777,0.329977240576245,0.46237717853674826,0.6951666810951617,0.25762557113895174,0.672716656523956,0,0,-0.05070588965277229,0.030025816147221066,0.024656946534011185
2018-09-12,51.36000061035156,53.02999877929688,51.09000015258789,52.83000183105469,1888200.0,0.37963209221541927,0.3880168979038067,0.7931003070590833,0.3305801702467821,0.5066764013321539,0.7667854328504886,0.326107222467456,0.6789279428937975,0,0,-0.07345508835108855,0.032452355201250255,-0.04041977979129604
2018-09-13,52.970001220703125,54.72999954223633,52.970001220703125,54.58000183105469,5284100.0,0.3824202729760994,0.38920827738152797,0.880147820812977,0.33235718732187824,0.599671157212895,0.790816226350454,0.40561167664975,0.6963101366798795,0,0,-0.10202534928704228,0.03331437176855511,-0.0429680177756366
2018-09-14,54.83000183105469,55.2599983215332,54.65999984741211,54.709999084472656,1601100.0,0.3851764058225803,0.39026290985694506,0.8855594370687715,0.3328965037563135,0.5847884336039741,0.719045813682341,0.4832574058428439,0.7015769996217043,0,0,-0.1328325349354409,0.007878279150841987,-0.08739465551006373
2018-09-17,54.720001220703125,54.720001220703125,53.33000183105469,53.470001220703125,1207200.0,0.3876120577805905,0.3909709943041207,0.7145552036833035,0.333287594475976,0.5726386985806707,0.6131521240653744,0.5080781752145509,0.6976058816756854,0,0,-0.13050629700476185,0.009870171995366304,-0.10290625410946305
2018-09-18,53.58000183105469,53.7400016784668,53.18999862670898,53.66999816894531,896800.0,0.39011180556699865,0.3916509791809881,0.7266761259638755,0.3335797392597666,0.567905130170085,0.5717763451685424,0.5267168446122605,0.7005559301962203,0,0,-0.11221245302079498,0.03141942121048681,-0.06265199574226431
2018-09-19,53.650001525878906,53.93999862670898,52.470001220703125,52.72999954223633,1009100.0,0.39172794258424937,0.3921698661907294,0.6138170892220693,0.3338986561479429,0.5318661200885239,0.5359411171803697,0.5222256079530403,0.6972364677050609,0,0,-0.11309856347892441,0.029998078080536953,-0.025153760664733942
2018-09-20,51.880001068115234,52.52000045776367,50.45000076293945,52.38999938964844,3118300.0,0.39302359871302917,0.39266065434474606,0.5763322899340549,0.33487209233302995,0.5771497635141817,0.47853300108868374,0.47108342347657844,0.6869787332028486,0,0,-0.0815474924026176,0.06410008122057002,0.02484349649091965
2018-09-21,52.40999984741211,53.58000183105469,52.40999984741211,53.40999984741211,1915800.0,0.39495105982233947,0.3930783863313789,0.6506880168969906,0.3354888946450453,0.6227541505583116,0.5244394817600256,0.44204459182378725,0.693280810539647,0,0,-0.09219312984591797,0.05439966610658551,0.046573747950664955
2018-09-24,53.0,53.77000045776367,52.54999923706055,53.52000045776367,1437600.0,0.3968006907818751,0.393449287368193,0.6582042599749348,0.33595281991409254,0.6375691305070463,0.5210948753761433,0.4181896699195144,0.6980098356880869,0,0,-0.10147908976651925,0.04231414207058283,0.03988019236473449
2018-09-25,53.63999938964844,54.119998931884766,53.56999969482422,53.66999816894531,1233800.0,0.39867321111271814,0.39390448354301394,0.6688815100858536,0.336352492945061,0.6339349680701263,0.5314184911620172,0.4018447144534176,0.7020684550732742,0,0,-0.11322865296640108,0.03026903807975896,0.032884942473410624
2018-09-26,53.84999847412109,54.02999877929688,53.369998931884766,53.4900016784668,1452000.0,0.40041296400827997,0.3942884979031942,0.6453103047835799,0.33681979205846924,0.6127125524924963,0.5181630504700779,0.3820034062381144,0.6972920607246829,0,0,-0.11682498336089682,0.02627165819856455,0.05198436763021373
2018-09-27,53.459999084472656,54.130001068115234,53.20000076293945,53.900001525878906,772500.0,0.4023587387104127,0.394687497795733,0.6771888771668173,0.3370714191392721,0.6152661955048385,0.5158268242886719,0.3594983789338761,0.6998332209411339,0,0,-0.10992703437855846,0.03365113442845831,0.07421950076889432
2018-09-28,53.84999847412109,54.72999954223633,53.83000183105469,54.470001220703125,1579200.0,0.40468451260444904,0.3952869340963291,0.71869205253766,0.33759449009530074,0.6306477763394391,0.5331772450632061,0.34982103577959917,0.705028043224395,0,0,-0.11632646503833581,0.02615955115947698,0.047309888303685696
2018-10-01,54.68999862670898,54.88999938964844,53.970001220703125,54.09999847412109,1583100.0,0.4067081174563566,0.3958170600766934,0.6662139055750379,0.3381123993002888,0.5909529948931203,0.5264447880587789,0.3437560516274319,0.6998203917827596,0,0,-0.13053050553176598,0.010464470021116478,0.01376904687336298
2018-10-02,53.97999954223633,54.63999938964844,53.83000183105469,54.58000183105469,1308900.0,0.40866304895490047,0.3964858066975214,0.7027930215535001,0.3385465241936766,0.5999412562801562,0.5230640800573733,0.3341984312396766,0.704126054704847,0,0,-0.10351198950217848,0.0236598671977628,0.03475048283068879
2018-10-03,54.790000915527344,55.2400016784668,54.34000015258789,54.83000183105469,1029100.0,0.4111444848949667,0.39705152465708143,0.721226514148516,0.33889017439958125,0.6116265402788557,0.5423474713856267,0.33684765596424143,0.7075113077517722,0,0,-0.10919748780736688,0.008611165083150333,-0.02235253169245909
2018-10-04,54.54999923706055,54.58000183105469,50.84999847412109,52.68000030517578,3097700.0,0.41261411666259873,0.3971021021686357,0.4648360340775445,0.3398561762170774,0.613035662665532,0.4189983930948254,0.32907041888302363,0.6973213375219987,0,0,-0.10432240041922011,0.012949098317748478,-0.0009118955934856132
2018-10-05,52.5,53.08000183105469,51.43000030517578,52.290000915527344,1584600.0,0.4136991734598421,0.3972313560474688,0.4291622177673482,0.340343346094398,0.6079698891985381,0.3742102463038702,0.32184869873617855,0.6921087517886807,0,0,-0.06966587220358723,0.05239176737935658,0.03549732196377833
2018-10-08,51.86000061035156,52.47999954223633,51.02000045776367,51.79999923706055,874200.0,0.41439049499732494,0.39750297569933396,0.3859147226256837,0.34060758559402404,0.6091872683827876,0.32158335870559307,0.32130622842038054,0.689233046596161,0,0,-0.05794604563483813,0.06502194782276285,0.022375179737239067
2018-10-09,51.58000183105469,51.790000915527344,50.459999084472656,50.619998931884766,885500.0,0.4140059182804561,0.3978345389098004,0.29462799918664795,0.34086458358614036,0.5744781159808706,0.25901525138016157,0.32894116786997313,0.6863201697396338,0,0,-0.05308880387072477,0.07104240433744341,-0.0038610186464319803
2018-10-10,50.34999847412109,50.47999954223633,49.4900016784668,49.58000183105469,1638000.0,0.4125179729200016,0.39789073662124974,0.22810026584487808,0.34132247133245963,0.5167549845925393,0.21876913628267436,0.34883395029772796,0.6809319232224214,0,0,-0.030027591369801005,0.0969972333270711,0.046226791820692045
2018-10-11,49.59000015258789,50.83000183105469,49.150001525878906,49.5,1848500.0,0.41019219902596527,0.3979619198650576,0.22325742238212343,0.34183712333715943,0.4057090019147835,0.26179949815061954,0.3586053062151448,0.6748512311057747,0,0,-0.015328727177601156,0.1143605881311985,0.07603873171707534
2018-10-12,50.4900016784668,51.58000183105469,50.06999969482422,51.41999816894531,1308700.0,0.4086859400726883,0.39832532777840063,0.4137319505695656,0.34222632047303403,0.45380587956088747,0.346451016017901,0.349927710324717,0.6791562361223046,0,0,-0.03353535045276989,0.09636356854679609,0.08363635130602905
2018-10-15,51.290000915527344,52.459999084472656,50.77999877929688,51.93999862670898,836400.0,0.40798545999231395,0.39887231292928305,0.45614765853268413,0.3424792463953388,0.4798844142180198,0.39256006613734884,0.3231648067518061,0.681907597164427,0,0,-0.047841290783210345,0.07720726463198334,0.033644488600568394
2018-10-16,52.41999816894531,54.02999877929688,52.040000915527344,53.84999847412109,1069400.0,0.40806786941353446,0.39968155168498354,0.5872678634257391,0.3428229109558588,0.48410175754901713,0.4814240577599314,0.3008012392585227,0.68542541818122,0,0,-0.06295719540864377,0.0546784795471189,0.052175644413212666
2018-10-17,53.81999969482422,53.9900016784668,53.040000915527344,53.47999954223633,1060600.0,0.40841124141979324,0.4003896354175756,0.5563358414718722,0.3431595744295308,0.49577192109555107,0.490510521373434,0.2800350694433308,0.681936545008964,0,0,-0.08672234542754152,0.026740922330777975,0.038811517396649335
2018-10-18,53.369998931884766,53.5,52.20000076293945,52.59999847412109,1044600.0,0.4085073851623904,0.4009722118330701,0.4861969163293014,0.3434817171616522,0.4321661708095301,0.44712449452410136,0.2465015287364692,0.6785003042813204,0,0,-0.07890795516318352,0.03534030302591519,0.04319374332579548
2018-10-19,52.959999084472656,53.369998931884766,51.59999847412109,51.68000030517578,905300.0,0.40771534061086456,0.40142553579889867,0.41990260079336605,0.3437523781975239,0.38779157861683466,0.4183276417550054,0.2258627540666177,0.675522294774585,0,0,-0.07243341576270669,0.043726222505351096,0.04714828163838194
2018-10-22,51.84000015258789,52.81999969482422,51.40999984741211,52.61000061035156,668200.0,0.4072987159797965,0.40206430992584247,0.48664205848605935,0.3439582732318619,0.38008061414863764,0.4247513844767838,0.2099877136682039,0.6777203572427177,0,0,-0.05205105671099579,0.0661764347668318,0.04895508444963175
2018-10-23,51.68999862670898,51.95000076293945,50.63999938964844,51.369998931884766,953300.0,0.4062457088432324,0.40252137973882296,0.4020253271991089,0.3442400243382683,0.3982634078766267,0.3774726599240541,0.2081433174442549,0.6745844504021448,0,0,-0.04827973904889673,0.06785781511893371,0.09142751031150159
2018-10-24,51.2400016784668,52.060001373291016,49.20000076293945,49.27999877929688,1557100.0,0.4043182459874418,0.40254198547107656,0.2876051179635478,0.3446672820670502,0.38716220546429775,0.32708983488150645,0.22685203271018622,0.6694623266830046,0,0,-0.0406852286557213,0.07825572759689588,0.07533577987837375
2018-10-25,49.790000915527344,51.34999847412109,49.7400016784668,50.70000076293945,1032200.0,0.4028531917447752,0.40295597089597385,0.3864462454348604,0.34496493319506216,0.38326550278453236,0.3586463252894805,0.24422441117140814,0.6728577772660734,0,0,-0.012987000923330154,0.11099832673502157,0.09232953225989235
2018-10-26,49.810001373291016,50.52999877929688,48.31999969482422,50.060001373291016,1373600.0,0.40083416441783315,0.40321260501548056,0.3527437875604784,0.3453519282977636,0.3857577644217733,0.32124836532785855,0.27756371713521466,0.6683392818960837,0,0,-0.029388592821401972,0.10710059612356038,0.08579878518070642
2018-10-29,50.7400016784668,51.13999938964844,48.43000030517578,49.09000015258789,1275600.0,0.3985404401844762,0.4033886891295488,0.30437132239003517,0.3456986323644822,0.3955461953237689,0.32799213151319284,0.2941482522226757,0.6641431602493462,0,0,-0.048342027911604184,0.0898921269786646,0.07890525049704972
2018-10-30,49.150001525878906,50.369998931884766,48.84000015258789,50.22999954223633,980000.0,0.39654888150028744,0.40376708328983396,0.38253222262784237,0.34597595943161674,0.38915508023747125,0.3518020317060565,0.3095481776610322,0.6673668974818664,0,0,-0.01690775776074085,0.12405785564591901,0.11142793621925658
2018-10-31,50.79999923706055,53.04999923706055,50.79999923706055,52.29999923706055,1586500.0,0.3953905720782347,0.4043477867817525,0.5019520846406248,0.3464573381827043,0.3980472799667062,0.48942290777970215,0.2747643454860315,0.6725857333179821,0,0,-0.04937287606684127,0.08839343981424558,0.061716152042002224
2018-11-01,52.61000061035156,53.36000061035156,52.0099983215332,53.18999862670898,1708100.0,0.3956240642740393,0.4050277716586199,0.546277153273028,0.346990226871594,0.4252113021986317,0.5389150152206498,0.24730774468391448,0.6782045757331534,0,0,-0.08202678734433683,0.05028682803979043,-0.004780114792484478
2018-11-02,55.18999862670898,58.2599983215332,53.970001220703125,54.84999847412109,2077200.0,0.39679610627098827,0.40608615069577253,0.6203759128258078,0.34767185671860457,0.3989377784854664,0.6708685969536484,0.2756080665475111,0.6850375828549811,0,0,-0.12915959972285163,0.057717611845973,-0.04831734839590134
2018-11-05,55.11000061035156,55.27999877929688,53.90999984741211,55.130001068115234,1366400.0,0.39832067881708755,0.4071445304475087,0.6320903756521709,0.34812354724293126,0.41941826949014743,0.5953197548451592,0.30089252050619836,0.689532393624895,0,0,-0.12379218057282082,0.0574293126492583,-0.07237924031258125
2018-11-06,55.06999969482422,55.90999984741211,55.0099983215332,55.400001525878906,914600.0,0.4005091042579165,0.40823475490212147,0.643770935582323,0.3484281217537032,0.4306110149148456,0.6007464795124897,0.32953415932839886,0.6925409957400614,0,0,-0.12243787174355603,0.0578632063287577,-0.09087607880404641
2018-11-07,55.79999923706055,56.65999984741211,55.4900016784668,56.63999938964844,2104800.0,0.40374137829241774,0.4095366554499982,0.6952091122775199,0.34915435276726403,0.4991903370172233,0.6119045024962781,0.3620871760169189,0.6994647938288459,0,0,-0.13501803855984026,0.04440431438117418,-0.12707582530009065
2018-11-08,56.27999877929688,57.52999877929688,56.22999954223633,57.43000030517578,1376900.0,0.4073719651116452,0.41099403437968957,0.7253951344039299,0.34963972064960014,0.5448018737063215,0.6145676242758707,0.39887777577451883,0.7039941446405368,0,0,-0.14053670851429137,0.034957619413360855,-0.1779660685907362
2018-11-09,57.130001068115234,57.790000915527344,55.86000061035156,56.400001525878906,1608800.0,0.4096519567701057,0.4123071746127729,0.6475789219163436,0.35018979223108304,0.5094268815592776,0.5793499687834339,0.42582022083434584,0.6987019523347423,0,0,-0.15340416727278042,0.019676079530094127,-0.14922513754630543
2018-11-12,56.18999862670898,56.540000915527344,54.25,55.43999862670898,1229800.0,0.41125435946597977,0.4133861593821791,0.5805706123571619,0.350598144831165,0.5039312675803157,0.5248643111653913,0.42194098360485915,0.6946564910607081,0,0,-0.13953898437881498,0.03670212125569562,-0.1306737363917103
2018-11-13,55.36000061035156,56.27999877929688,55.27999877929688,55.86000061035156,1038400.0,0.4121745974207821,0.4144258063252377,0.6009283144639245,0.35094702442569004,0.48949996265257234,0.5284704377744184,0.41833883474890715,0.6980723367160644,0,0,-0.12698414664346197,0.052308762319927746,-0.128427112342218
2018-11-14,56.41999816894531,56.41999816894531,53.380001068115234,53.56999969482422,1564600.0,0.4122158021313924,0.41520507330163753,0.45773591154762505,0.35143664043623624,0.46325428669104635,0.4836608705981167,0.38511774357125833,0.692925541538512,0,0,-0.1450053416687586,0.03293949395780915,-0.1283565716183795
2018-11-15,53.29999923706055,54.900001525878906,52.869998931884766,54.5,1146600.0,0.41308567857917333,0.4161473117833232,0.5068111513798694,0.351805726094086,0.48554821528319186,0.47018204413179,0.34714498716006287,0.6966973141005608,0,0,-0.09296247098387574,0.0925891191474447,-0.09314911129730043
2018-11-16,54.16999816894531,54.84999847412109,53.470001220703125,54.369998931884766,942600.0,0.41431723887955496,0.4169809028330128,0.4990039803659473,0.3521077210784962,0.5081233598148907,0.471586754282292,0.3118845704925243,0.6935966052073225,0,0,-0.10733942154350631,0.07504587435941083,-0.11889907416947404
2018-11-19,54.880001068115234,55.0,52.900001525878906,53.02999877929688,1639100.0,0.41450952636474936,0.41749416964285907,0.4215678014597539,0.3526106200805481,0.46938469939045924,0.45162764086871926,0.27978817436490494,0.6882047402095428,0,0,-0.12065480048122579,0.062166586717289814,-0.0897554012136168
2018-11-20,51.70000076293945,52.31999969482422,50.68000030517578,51.380001068115234,1581000.0,0.41451410563619506,0.41747918411050056,0.33953718867124594,0.3530693032192763,0.4624613682422499,0.3823653365619057,0.2779939312083614,0.6830039967762627,0,0,-0.06373752868036647,0.12370352082970061,-0.015085786450609342
2018-11-21,52.09999847412109,53.380001068115234,51.81999969482422,52.68999862670898,975500.0,0.41607530362145884,0.4174529581783519,0.4170767665826295,0.3533647556399102,0.4946372843373366,0.41325637481230487,0.2601126139115533,0.6862129311337357,0,0,-0.073569457001094,0.11989100271223647,0.00019466983305850606
2018-11-23,52.150001525878906,53.58000183105469,52.11000061035156,53.36000061035156,276300.0,0.41729312960046394,0.41722442291456985,0.4541485943938348,0.3534502411017041,0.49453257002677514,0.42052286477415335,0.24052525438881828,0.6871218276616391,0,0,-0.07268935150651587,0.11596122518319997,0.01119757388433134
2018-11-26,53.84000015258789,55.220001220703125,53.720001220703125,54.630001068115234,1636300.0,0.41938540955221537,0.4172094373822113,0.5199779928452244,0.3539767840304985,0.4855809205486932,0.46899996019672785,0.21834662606076483,0.6925044819816115,0,0,-0.10344828325756841,0.08283354794579699,-0.015554756775877388
2018-11-27,54.59999847412109,54.7400016784668,52.27999877929688,53.02000045776367,2732300.0,0.42118467900472945,0.4171251415296209,0.43328981596895877,0.3548111941043357,0.4767528647176518,0.4078916195560384,0.19784090940151378,0.6835165052056776,0,0,-0.11495512825391807,0.06699615185525364,-0.020684554847601566
2018-11-28,52.97999954223633,55.36000061035156,52.119998931884766,55.130001068115234,3778000.0,0.42342804347754526,0.4173986348196457,0.5345352042710535,0.35604135070388776,0.526381887577019,0.43643151887439596,0.17047396674852533,0.6959443411898222,0,0,-0.08789135811351638,0.09958503835742101,0.01829500589076454
2018-11-29,54.77999877929688,56.41999816894531,54.72999954223633,55.90999984741211,1773500.0,0.42508080768044076,0.41799432455850627,0.5678405246076277,0.3566314535732703,0.5299251560743835,0.5121380595807161,0.1562790704287932,0.7017783187223473,0,0,-0.11717756138787457,0.06312351668443916,-0.011608913064552652
2018-11-30,56.060001373291016,56.34000015258789,54.790000915527344,55.68000030517578,1966100.0,0.42622080350967106,0.4186106200296205,0.5545172918096726,0.3572803793098983,0.5098747357903988,0.5007650852416149,0.14309809527475625,0.6953107781377983,0,0,-0.13843680378448536,0.03934889919954128,-0.06331606018938665
2018-12-03,56.459999084472656,56.59999847412109,55.29999923706055,55.43999862670898,1414700.0,0.42649092289112045,0.4189908871134817,0.5400284994546712,0.35774344645227907,0.5122133100795437,0.5109025481946703,0.13431309529564495,0.6906570831757101,0,0,-0.14619251697259378,0.03232757232749559,-0.05998563459557701
2018-12-04,55.52999877929688,56.18999862670898,54.040000915527344,54.369998931884766,1656200.0,0.42614297161341597,0.41915011205703184,0.476834443665309,0.3582675335798643,0.4671789345808255,0.4557675914725256,0.11362089829402117,0.6852089672527508,0,0,-0.13005049175811392,0.0492424172052758,-0.026875864009342013
2018-12-06,53.45000076293945,56.5099983215332,53.25,56.5,1546600.0,0.42664658319066995,0.4196802387519797,0.5790180355513891,0.35878892512889604,0.500910383453895,0.48893977513381315,0.10521480710565823,0.6902965509301139,0,0,-0.09435352526937046,0.08846786192914513,-0.01066768148701491
2018-12-07,56.06999969482422,56.619998931884766,54.34999847412109,55.11000061035156,1654600.0,0.42594610485677586,0.41998370310672156,0.5009542342722533,0.35932347321483205,0.44846448131930944,0.48975588968551836,0.09563758924105559,0.6848536982516159,0,0,-0.13716814159292035,0.03876103764086698,-0.057876114296702155
2018-12-10,55.0,55.880001068115234,53.22999954223633,54.34000015258789,1181300.0,0.42453141212113066,0.42006612532115234,0.46069696031371665,0.3596957986513757,0.4208793082955933,0.44278885732352896,0.10180808353429205,0.6809677790753137,0,0,-0.12121212540725405,0.05915438732404701,-0.038468497702875304
2018-12-11,55.130001068115234,55.470001220703125,54.09999847412109,54.15999984741211,1268300.0,0.42350587362731995,0.4200080546861271,0.45119676010667065,0.36009297901580084,0.4117571080559162,0.45787482697502185,0.10753782823515451,0.6767956709814306,0,0,-0.12329776857058716,0.057600243736269215,-0.032020641766301705
2018-12-12,54.9900016784668,55.619998931884766,54.5,54.68999862670898,874600.0,0.42316250162106117,0.42011857575628253,0.48025110611677846,0.36037124337374127,0.39902551569940614,0.48869827344086303,0.10997450807772963,0.6796726919850655,0,0,-0.11355246571649995,0.060376599931298826,-0.039881828905051576
2018-12-13,55.06999969482422,55.11000061035156,54.08000183105469,54.619998931884766,762100.0,0.42259479246892884,0.42012606816517006,0.4760470423058364,0.3606130608532174,0.3963995511008184,0.4681437525768577,0.11838405805852337,0.6771657428576128,0,0,-0.08027060705582997,0.05832873846793413,-0.04589501525983572
2018-12-14,54.2400016784668,55.27999877929688,53.709999084472656,53.900001525878906,800100.0,0.4227458769899932,0.41995185697467774,0.43236012051028627,0.36086113726380176,0.4119041916090085,0.4429289526049224,0.13156459365133893,0.6745337916742051,0,0,-0.06517761704335813,0.07359935411349318,-0.018491434565753417
2018-12-17,53.7599983215332,54.25,52.060001373291016,52.36000061035156,733900.0,0.4217661224782385,0.41989191341607646,0.34841389377300713,0.3610774529288342,0.38694559982100774,0.33801956865032473,0.16474683320521216,0.672119607230382,0,0,-0.057142818722901674,0.08348793826730086,-0.004638218792627825
2018-12-18,52.709999084472656,53.0099983215332,52.06999969482422,52.619998931884766,891800.0,0.4209649211303015,0.41995372989825375,0.3661081327129809,0.361342452215762,0.3841991543014505,0.3323104842166854,0.19555891279095156,0.6750532081119754,0,0,-0.03877002971034237,0.09702066027192467,0.0011459391251258573
2018-12-19,52.84000015258789,53.650001525878906,50.77999877929688,51.13999938964844,2521800.0,0.4200996239539664,0.41983009621931566,0.2921621874439049,0.36205429340221484,0.37498918890231087,0.30549320388206325,0.23821876274522535,0.6667576769354758,0,0,-0.041049028720205286,0.09407071196157,0.006271342133332154
2018-12-20,51.0,51.09999847412109,49.06999969482422,50.060001373291016,1880100.0,0.41949528936266944,0.4197251953490553,0.2447386952758136,0.36256429679262414,0.37875178266533344,0.21707528600935588,0.2927669091605845,0.6605730357407193,0,0,-0.03773954493958098,0.13277280008927317,0.04575674971676954
2018-12-21,50.040000915527344,50.5,48.5099983215332,48.7599983215332,1837500.0,0.41769601991015526,0.419571589176233,0.19360366714580202,0.36303869327153526,0.3484906012449328,0.22099078793914242,0.3476703137532781,0.6545285284297438,0,0,-0.03056337499044611,0.15481421868547793,0.06212545994876601
2018-12-24,48.16999816894531,48.650001525878906,46.18000030517578,46.20000076293945,949300.0,0.4144179618935979,0.4189534207815428,0.1119087181049877,0.3632597057117777,0.3255660916720913,0.19549933872904168,0.4134176355373181,0.651405779700324,0,0,-0.04081209869301238,0.1972929261224704,0.10910590017744289
2018-12-26,46.52999877929688,48.59000015258789,46.02000045776367,48.560001373291016,956300.0,0.41163893792932915,0.41841767531586704,0.2682742325619065,0.3635043555549867,0.33745807505786507,0.26801050210610666,0.4753479267935619,0.6545515551242619,0,1,-0.011038924526216,0.21839826809444218,0.16601735621171818
2018-12-27,47.93999862670898,48.81999969482422,46.75,48.81999969482422,919400.0,0.40971605434498415,0.41783322526221295,0.28391454367033,0.3637417678343551,0.37828165138999953,0.3091321230548818,0.5272330756083683,0.657575946972812,0,0,-0.03953867616654029,0.17874794192139304,0.12520596497344455
2018-12-28,49.08000183105469,49.16999816894531,47.72999954223633,48.2400016784668,969000.0,0.4065616104602576,0.4167823393485315,0.26170218239994425,0.36398632457577607,0.30662776214250304,0.3345634704006528,0.5666782308028167,0.6543883945459629,0,0,-0.06267925834533403,0.15444484121185792,0.12269557356028776
2018-12-31,48.709999084472656,49.34000015258789,48.41999816894531,49.25,790100.0,0.40351246711453936,0.41598995976334896,0.3253417263028793,0.3641934406612862,0.30525352208579404,0.3623318873083696,0.5989580868940618,0.6569874504514877,1,0,-0.05576282199653688,0.16397179876017598,0.13349921677720247
2019-01-02,48.68999862670898,48.68999862670898,47.09999847412109,48.310001373291016,1648900.0,0.40013826535538477,0.4151863412075435,0.28624198754235175,0.36461015509066996,0.31682245554673727,0.3505950233872384,0.6390918463634057,0.6515633480813828,0,0,-0.05421316079076762,0.16101523462285866,0.13563452396296016
2019-01-03,48.0099983215332,48.70000076293945,47.470001220703125,47.68999862670898,948500.0,0.39659008795737805,0.4144389189340202,0.2613398248903933,0.364843901676993,0.3270044519549739,0.3593647249624662,0.6760928780860058,0.6484432309741937,0,0,-0.04119225434072818,0.1782239777602603,0.1724281017234677
2019-01-04,48.5,50.43999862670898,48.18999862670898,50.0,1265100.0,0.39458937422325835,0.41395000370357954,0.40043992129682404,0.3651840626862103,0.3660026267692924,0.4030640674659378,0.6684744168368475,0.6526048125791543,0,0,-0.05200250814952623,0.17026628571419433,0.15076533515943927
2019-01-07,49.72999954223633,51.31999969482422,49.560001373291016,50.900001525878906,1025500.0,0.392025530608452,0.4138619620038372,0.44733590736854467,0.36546863066294255,0.34564945422825055,0.4339745530891448,0.643642922633028,0.6559782233260415,1,0,-0.07419998168945313,0.13779998779296876,0.11840003967285156
2019-01-08,51.5,52.41999816894531,51.18999862670898,52.11000061035156,1257100.0,0.3906520425834171,0.41439208869878513,0.5063308977586524,0.3658320923504419,0.3694399279525012,0.4753899809518241,0.6006739106206385,0.6601134887086958,0,0,-0.1076620702938516,0.10058936696262422,0.08585459333754523
2019-01-09,52.2400016784668,52.95000076293945,52.09999847412109,52.7400016784668,990900.0,0.38991951633532396,0.4147742294208058,0.5355727108357664,0.3661244873569002,0.38352910233391396,0.5000780523995035,0.5518751856590682,0.6633730817941084,0,0,-0.11936290822970232,0.08405291119010061,0.08865858525756783
2019-01-10,52.59000015258789,53.22999954223633,52.27999877929688,53.0099983215332,651400.0,0.3893930118938018,0.41532683405699966,0.5482621638711968,0.36631832104715456,0.41416704802533155,0.5126658605879048,0.5018655931888654,0.6655158801953979,0,0,-0.12457336908858466,0.07641256448693444,0.079256734397914
2019-01-11,52.83000183105469,53.56999969482422,52.5,53.470001220703125,660900.0,0.3888344612845609,0.41614731249790676,0.5703407451375972,0.3665178710162509,0.43684163533133075,0.5296088556031966,0.45366384881573824,0.6676899291106762,0,0,-0.1284663570820134,0.07149589173426822,0.06640250432976416
2019-01-14,53.45000076293945,54.2400016784668,53.31999969482422,53.95000076293945,1504200.0,0.388527716463947,0.41684415725987584,0.5934517072099813,0.3669787840496801,0.4473919160884807,0.5543160030561947,0.41998789919948304,0.6726380368098159,0,0,-0.13895642669817163,0.059285545101463666,0.05423597615439701
2019-01-15,53.630001068115234,54.22999954223633,52.959999084472656,54.13999938964844,1302300.0,0.3886375945279208,0.41718883307912485,0.6028018709902621,0.3673798887988109,0.4824471587702681,0.5545445968607774,0.3819857963830235,0.6769219888485007,0,0,-0.14105654314613458,0.05542164636675015,0.054309550764427846
2019-01-16,54.0,54.5099983215332,52.36000061035156,52.52000045776367,2253800.0,0.3887108471527302,0.4170633264766108,0.4928879150222242,0.36803762155914144,0.4542771687672773,0.5319175359668937,0.34489841118642256,0.6695080511192618,0,0,-0.14739563413741197,0.048393035859282056,0.13003326551336075
2019-01-17,52.41999816894531,53.33000183105469,52.290000915527344,53.119998931884766,1118500.0,0.38893976182356926,0.41673925638961545,0.5262215078044893,0.36837023178258366,0.46474793556334415,0.5234542463698539,0.31173754063712217,0.6731873879504596,0,0,-0.12185829503806817,0.07996954924471246,0.15879665041691837
2019-01-18,53.59999847412109,54.04999923706055,52.84999847412109,54.040000915527344,700800.0,0.39026746761302855,0.41653507341982254,0.5749481202877317,0.36858479794913246,0.5171687163596141,0.5403499837318957,0.28312477223408833,0.6754926890244904,0,0,-0.14269574865912873,0.05685241939925855,0.1400602897403386
2019-01-22,53.900001525878906,54.02000045776367,52.47999954223633,52.869998931884766,884800.0,0.391553966945397,0.4160611437217404,0.49748862028381013,0.36884546617466785,0.5092321890658373,0.5160234902609558,0.2491168474982985,0.672582114837415,0,0,-0.1458179299521638,0.05033303774841945,0.13008879830120323
2019-01-23,53.150001525878906,53.540000915527344,52.5099983215332,52.79999923706055,826700.0,0.39340359790493273,0.41534182030394173,0.4929687907804279,0.3690883199172956,0.5298615254076176,0.504930496166281,0.21753806024363648,0.669862662214839,0,0,-0.13485911125705136,0.05163608090390794,0.1443161983651278
2019-01-24,52.65999984741211,53.31999969482422,52.540000915527344,52.880001068115234,748100.0,0.3964618980470621,0.414489497160158,0.4979602250959041,0.3693085564022144,0.5468998674774928,0.4986753231274184,0.18821490065002172,0.6723235579532557,0,0,-0.12575756601503496,0.05606058953112674,0.1539772951816399
2019-01-25,53.470001220703125,53.470001220703125,52.88999938964844,53.38999938964844,727600.0,0.39867321285919854,0.413925652124174,0.530431918028932,0.3695262728285976,0.5386229017885744,0.5052413918614286,0.16449746044014169,0.6747170183720126,0,0,-0.14088503427492438,0.04065804969277909,0.16584720651701482
2019-01-28,53.130001068115234,53.369998931884766,52.40999984741211,52.83000183105469,815900.0,0.4005091094973575,0.4134367376083169,0.48814246922716686,0.36976583862792045,0.5178564118941513,0.4877613520160718,0.1459009675832323,0.6720330926495501,0,0,-0.13317101876067994,0.04026967102004691,0.18730099483647603
2019-01-29,52.869998931884766,53.02999877929688,52.27000045776367,52.560001373291016,709200.0,0.40248693211368936,0.4128185692136267,0.46785154275554275,0.369972108136043,0.5201875654902705,0.47296945983059774,0.13196626330235156,0.6697001595420977,0,0,-0.12966114398456272,0.04561801559498457,0.18568996845130661
2019-01-30,52.93000030517578,53.29999923706055,52.09999847412109,53.22999954223633,838600.0,0.4043090926839913,0.4127548790932899,0.5158458699652764,0.3702213639864672,0.522327449989188,0.4804517991714292,0.11163717106599341,0.6724587575453543,0,0,-0.1314687912265449,0.030060844274641067,0.2022450683100057
2019-01-31,53.2599983215332,54.25,53.02999877929688,53.5099983215332,1249200.0,0.40668980386353415,0.41256942821759107,0.535472469056045,0.37059581859620827,0.49941405699946384,0.521209292193776,0.10910686050970492,0.6765680356584811,0,0,-0.1360134872446283,0.02348299851117159,0.19162128218404498
2019-02-01,53.369998931884766,53.4900016784668,52.40999984741211,52.77000045776367,1387800.0,0.40901557775757047,0.4122697104245848,0.473539412901988,0.3710014762047278,0.50239475048957,0.4609313580764045,0.0904050420738865,0.6720028289938978,0,0,-0.1373574790631856,0.021304418340631587,0.18146146895434448
2019-02-04,52.68999862670898,53.560001373291016,52.36000061035156,53.16999816894531,1070800.0,0.41046689593238006,0.41229593564214995,0.504137315672206,0.3713183938769775,0.4943528985326304,0.4630749023969347,0.07476620662145239,0.6755252553495945,0,0,-0.12639753858414068,0.03448928707667772,0.1885541155320492
2019-02-05,53.0099983215332,53.58000183105469,52.7599983215332,53.34000015258789,963400.0,0.4115839988973422,0.41266309011722846,0.5173073549931345,0.3716049322048497,0.4915755544896632,0.4820762816142855,0.06076870913531757,0.6786943864208292,0,0,-0.13146507625520548,0.028211398376088267,0.19070911328840548
2019-02-06,53.22999954223633,53.33000183105469,52.650001525878906,53.150001525878906,908500.0,0.4120601418318429,0.4127492596079784,0.4994416961257695,0.37187330240271765,0.4875922482477878,0.42822024887055865,0.04452235294560866,0.6757058504251714,0,0,-0.13517058612387067,0.02399697742098288,0.20716158990345326
2019-02-07,53.0,53.5,52.220001220703125,53.4900016784668,758500.0,0.4124035138381017,0.41277361190196754,0.5282914618207945,0.37209974966386916,0.49258100637831626,0.427685368841333,0.03697927424678757,0.6782009572525863,0,0,-0.13132642223608862,0.02841012752930929,0.18720602967611893
2019-02-08,53.150001525878906,54.33000183105469,53.150001525878906,54.20000076293945,764000.0,0.4129483318724463,0.4126930626111127,0.585307733473607,0.37233299834961453,0.49758184201868155,0.6136519641444514,0.033480021648153085,0.6807141564828368,0,0,-0.11964855720794122,0.025425252439313047,0.1807814145729989
2019-02-11,54.619998931884766,54.650001525878906,53.90999984741211,54.02000045776367,793900.0,0.4132001376610732,0.4128803864103875,0.5656235232460103,0.3725738668352532,0.47531363866683635,0.6334093119485247,0.03828359669842152,0.6781026003717165,0,0,-0.13874539394666685,0.0005535533869338175,0.16033214610853377
2019-02-12,54.5,55.130001068115234,54.290000915527344,55.06999969482422,1282000.0,0.4137129060347384,0.41286914672518094,0.6448321108719609,0.3729756366849045,0.48635283007009344,0.6991283011447742,0.054140782632845386,0.6823197749962993,0,0,-0.1369863284556007,0.011662366952547694,0.1634580110372001
2019-02-13,55.25,55.619998931884766,54.90999984741211,55.150001525878906,716900.0,0.4141753146478625,0.4127267809521488,0.650472882568334,0.3732007215833012,0.45890595362603265,0.6926576762505856,0.07953766621615782,0.6846780374677215,0,0,-0.1479934913935526,0.006718702268660811,0.15707284499389385
2019-02-14,55.09999847412109,55.7400016784668,54.84999847412109,55.369998931884766,1336000.0,0.4154801275730534,0.4126687103171236,0.6665338801905705,0.37362276240757775,0.5024873154848402,0.6450867969184475,0.10566474457412167,0.6890728465928715,0,0,-0.13834990103921607,0.011604772196522813,0.15303721138513154
2019-02-15,55.77000045776367,56.540000915527344,55.43999862670898,56.34000015258789,1367200.0,0.41695433861213127,0.41283730202230434,0.7316864370555375,0.37406714967001575,0.5066196021185624,0.6649392469724702,0.14557227568057596,0.6935702889850162,0,0,-0.1368972724810684,0.013906456070387745,0.15730545543056304
2019-02-19,56.34999847412109,56.81999969482422,55.66999816894531,55.68999862670898,1151600.0,0.4177097559780123,0.4130845693801804,0.6497467829174904,0.3744339015945367,0.47000896288290617,0.6159646393062357,0.18755102197982965,0.689782068784026,0,0,-0.12051823007526533,0.008342229666847868,0.14944973635323217
2019-02-20,55.720001220703125,56.400001525878906,55.630001068115234,55.650001525878906,1219800.0,0.41898252273548464,0.41292534443663026,0.6447770520444943,0.3748216069634328,0.4553746563258527,0.5789118411542766,0.22488981840552608,0.6857695027878747,0,0,-0.08134319816308191,0.01975217276434863,0.1634045375924417
2019-02-21,55.41999816894531,56.43999862670898,55.09999847412109,55.869998931884766,1130600.0,0.4203880586747185,0.4130677102096624,0.6618158483495908,0.3751831014417949,0.4661489715569705,0.5554269186342611,0.23838993084949062,0.6894886429053109,0,0,-0.05965857329366518,0.025157259433818056,0.13782572818216005
2019-02-22,56.0,56.93000030517578,55.68000030517578,56.86000061035156,1109500.0,0.42221021924502056,0.41353976626958494,0.7316516949013748,0.3755482342489045,0.4881305269089594,0.5766301723460793,0.26131967090429975,0.6931383739864142,0,0,-0.0698049328877506,0.01664579063818514,0.12403795306358704
2019-02-25,57.25,57.400001525878906,56.45000076293945,56.77000045776367,1272600.0,0.4237576829089077,0.41402868150002564,0.7189726457706155,0.3759656164764936,0.46897499438560025,0.5770200719952848,0.29169567330519103,0.6889521209230415,0,0,-0.09057336388669221,0.002638085196425375,0.1113260950247385
2019-02-26,56.52000045776367,56.7599983215332,55.59999847412109,56.34999847412109,1163600.0,0.4253692406547125,0.4143396389782385,0.6597217667573414,0.3763422241785408,0.47798273888600773,0.5335321847190765,0.28898734280805843,0.6851244263885918,0,0,-0.07785805791794953,0.015501163660725115,0.12171921422747005
2019-02-27,56.34999847412109,56.58000183105469,55.77000045776367,56.34999847412109,1227700.0,0.4271044125323482,0.41466370906523387,0.6597217667573414,0.37673927617513847,0.4921833155540121,0.5258628181494946,0.2864724644892924,0.6891629796542705,0,0,-0.07542147497930858,0.018633595034435305,0.14640639260689325
2019-02-28,56.58000183105469,56.95000076293945,55.77999877929688,56.560001373291016,2104200.0,0.4286289850784475,0.4151619903427216,0.6777102536678486,0.37742334933822397,0.49138307404306586,0.5291527005683077,0.29276912425345686,0.696084804026382,0,0,-0.07950316731580848,0.014551902697935408,0.13132205699313573
2019-03-01,57.27000045776367,61.84999847412109,57.0099983215332,61.040000915527344,5172600.0,0.43207644120889166,0.4167879609775937,0.905615576704694,0.3793247213851997,0.5667630624402203,0.6824649971396763,0.35960877779854,0.7131002154640701,0,0,-0.09140738787329633,0.08097591770074106,0.12712161336870606
2019-03-04,61.4900016784668,61.5,59.560001373291016,60.7599983215332,1837200.0,0.4357344966708723,0.41831277658935745,0.8718916178455444,0.3799935864390632,0.5850254382990386,0.6776467786646878,0.42167417037611726,0.7070566950114311,0,0,-0.1538336019578447,0.005897719368525007,0.05652032619910795
2019-03-05,61.16999816894531,61.18999862670898,59.93000030517578,61.040000915527344,1304400.0,0.43933761484734635,0.4201672824880116,0.8817681930803875,0.38047152484117597,0.5976119603570639,0.6537817193784559,0.47930632062672457,0.7113475550584712,0,0,-0.14927583846903825,0.011191578735359899,0.061882854511171585
2019-03-06,61.040000915527344,61.59000015258789,60.43999862670898,60.93000030517578,1383000.0,0.4428125396205439,0.42220349198604545,0.8673305246273882,0.3809763651252658,0.5853336705741762,0.6289421927180439,0.5359577143056504,0.7067981381272718,0,0,-0.14646137462838899,0.013269946697980732,0.05717558668780665
2019-03-07,60.880001068115234,61.560001373291016,60.43000030517578,60.77999877929688,1144900.0,0.4463057762400834,0.42445512413907893,0.8467596628497837,0.38139230207948926,0.5677832728762172,0.5934043991130933,0.5882225550655351,0.7030319577624632,0,0,-0.1440998284920133,0.015919865438166664,0.07336283249002626
2019-03-08,60.040000915527344,60.81999969482422,59.650001525878906,60.790000915527344,1385100.0,0.4496479300850389,0.42718817839908185,0.8472185765763459,0.3818952330241263,0.5793199340944428,0.5548784484505117,0.6109010673619002,0.707588282702018,0,0,-0.13063512011966033,0.02977949317120209,0.08983216837991222
2019-03-11,60.83000183105469,62.310001373291016,60.68000030517578,62.2400016784668,1488100.0,0.45332887841128766,0.4297507680303282,0.906929037387804,0.3824558405128282,0.5948661563097605,0.5744790411931393,0.6467579977238613,0.7124834290037665,0,0,-0.14360919930013905,0.024346101660582438,0.09195585217474136
2019-03-12,62.22999954223633,63.25,61.88999938964844,63.130001068115234,1412200.0,0.4574997039934138,0.432431371855201,0.9366165400514931,0.3829994583209618,0.6298543239926623,0.5816716828469682,0.6876454267438168,0.717128900146384,0,0,-0.16275708218079826,0.016388181720061904,0.06201794170242996
2019-03-13,63.29999923706055,63.40999984741211,61.79999923706055,62.68000030517578,2058700.0,0.46098378556302255,0.43513632725947937,0.8739079663042911,0.3837821660672922,0.6114124965050114,0.5616322475478591,0.7268436943795542,0.7103567492886396,0,0,-0.17741169924668654,0.0017424458813627359,0.039917636862458986
2019-03-14,62.970001220703125,63.88999938964844,62.810001373291016,63.560001373291016,2079500.0,0.46483413025667775,0.43781693108435216,0.9062856536824792,0.38458933109431803,0.632576420813353,0.5673900514354231,0.7669364930801963,0.7171973223243803,0,0,-0.17150606170485808,0.014677698858743368,0.055679608276602795
2019-03-15,63.43999862670898,64.44999694824219,62.79999923706055,63.459999084472656,3971200.0,0.4685379697007144,0.44065488621461557,0.8922169608567664,0.3861240130287148,0.6118502452171395,0.5594659466441366,0.8082730810151193,0.704133949571539,0,0,-0.1765260724289519,0.01589047041710148,0.03980494869934502
2019-03-18,63.400001525878906,63.43000030517578,62.459999084472656,63.08000183105469,2043400.0,0.4716237402320774,0.4435378000857053,0.837924756844337,0.3869047472894128,0.6057253982443679,0.5367247156914156,0.8353597637067145,0.6974121284889554,0,0,-0.1761739752043472,0.01654578376160414,0.03057035676015941
2019-03-19,63.20000076293945,63.27999877929688,62.400001525878906,62.63999938964844,1553500.0,0.4748056545060376,0.4459055727942056,0.776811197431731,0.38749107786781567,0.6139679257559432,0.5256779259821738,0.8584667268646131,0.6923018470698531,0,0,-0.1740646674621814,0.019816045482220535,0.008243507334644247
2019-03-20,62.7400016784668,63.5,62.209999084472656,63.150001525878906,1441500.0,0.47823937456862486,0.4482002893353223,0.8040370069634991,0.3880416671677378,0.6508847926162032,0.5260205797674106,0.8820556378768665,0.6970437013766673,0,0,-0.16794381481910028,0.02729877532626502,0.016283471471983533
2019-03-21,63.08000183105469,64.69999694824219,62.86000061035156,64.27999877929688,1422300.0,0.48208971926228017,0.4504800196294968,0.856928534644699,0.3885998246163894,0.6631701123900451,0.5508464765635883,0.9143474452912674,0.7017223967499465,0,0,-0.1719715019468547,0.025653128710117688,0.019952406593681412
2019-03-22,64.1500015258789,64.37000274658203,62.290000915527344,62.95000076293945,1153700.0,0.48487790002296016,0.45239259544859256,0.6931176535837374,0.3890375183855773,0.6345678125673165,0.5220320204169434,0.9248799200032887,0.6979272685406009,0,0,-0.17112632558952148,0.008556245065462296,0.00824515851527327
2019-03-25,62.790000915527344,63.220001220703125,61.81999969482422,62.81999969482422,746100.0,0.4876477671908178,0.4542302421767287,0.6785472456799362,0.38931947828826374,0.6495121804210647,0.4963150374716437,0.9195192661944409,0.6954729518577608,0,0,-0.14106435203322756,0.03034147751495049,0.01652106279464294
2019-03-26,62.959999084472656,63.619998931884766,62.7400016784668,63.310001373291016,1236300.0,0.4908342607362238,0.45607350839017635,0.7084790108373166,0.3897921948915821,0.6500045991120984,0.5135655592669872,0.9193639823840487,0.6995397950624187,0,0,-0.13801334306054827,0.02769815142028552,0.027857370399576486
2019-03-27,63.4900016784668,63.86000061035156,62.560001373291016,63.33000183105469,1527400.0,0.49402991107804095,0.4578306058274576,0.7097172517712179,0.390376002419923,0.6449522668133154,0.5105827733992502,0.922084826259544,0.7045642198062467,0,0,-0.13647137919650595,0.019112229403391846,0.018322537075500456
2019-03-28,63.52000045776367,63.97999954223633,63.25,63.900001525878906,1031000.0,0.4973903785158189,0.4596588865085467,0.7449461051094054,0.39077537540753493,0.6470592088612385,0.5342214178064565,0.9260802102862284,0.7079557229559696,0,0,-0.136901969571571,0.018632503653266737,0.029054162314671256
2019-03-29,64.5,64.5,63.43000030517578,63.540000915527344,1035400.0,0.4985349518700146,0.4617231948623053,0.6972818158299474,0.3911726303752209,0.5603689263859422,0.5394326357895538,0.9360418191468893,0.7045497458839783,0,0,-0.14710487169663056,0.003129842620757851,-0.023317709591342654
2019-04-01,64.2300033569336,64.63999938964844,63.650001525878906,64.4800033569336,993800.0,0.500238079326412,0.4638511940509842,0.7556428476068572,0.3915626060832643,0.5651867003624369,0.5679460039523088,0.9469385047968599,0.7078188785999769,0,0,-0.143689089569739,0.007396814361608561,-0.0012590782169022185
2019-04-02,64.61000061035156,64.77999877929688,63.90999984741211,64.7699966430664,928900.0,0.501945780814814,0.4658611776168694,0.772188203448345,0.3919294671326736,0.5634322449472798,0.5804081493234141,0.9587559844237392,0.7108745209625158,0,0,-0.1474876185037893,0.002636447892291129,-0.004497532574898039
2019-04-03,65.16000366210938,65.19000244140625,64.37999725341797,64.81999969482422,1047900.0,0.5037267366745057,0.4680996971611203,0.7751281863038794,0.39234356971891093,0.569430090102978,0.5969537772359232,0.9746364433590915,0.7143216171318607,0,0,-0.15531890859014283,0.00046315857421132587,-0.012042711890041536
2019-04-04,63.83000183105469,64.13999938964844,62.54999923706055,63.09000015258789,1379200.0,0.5047843230825155,0.47002725922715827,0.5603980385860402,0.39286540792146274,0.5692936696324891,0.4534809812345254,0.9260426501447332,0.7097847004062566,0,0,-0.12696703788461688,0.020981188163445123,-0.003085479232969248
2019-04-05,63.31999969482422,63.61000061035156,62.709999084472656,62.93000030517578,1033600.0,0.5057640775942702,0.4719098632669535,0.5436425334703622,0.3932546102523288,0.5318354198887872,0.41573020890860957,0.8809198421599715,0.7063846444842842,0,0,-0.12236489462722668,0.02964024000727991,-0.0055476061701473485
2019-04-08,62.66999816894531,63.58000183105469,62.38999938964844,63.58000183105469,1196900.0,0.5063775689819784,0.47381869323889747,0.5961459768421287,0.3937124074784458,0.5285134520572055,0.4160565152387512,0.8296444029206129,0.7103218802940837,0,0,-0.11234704688604208,0.04004456158017332,0.01954558002492859
2019-04-09,63.209999084472656,63.9900016784668,63.0,63.43000030517578,901500.0,0.5065149174351857,0.4758043252253772,0.5790023296411617,0.39405570240910914,0.5024609838841063,0.4524882812533373,0.7905732390591833,0.7073563709929439,0,0,-0.11701790519727588,0.031141920413825644,-0.005347595828816455
2019-04-10,63.650001525878906,64.70999908447266,63.47999954223633,64.5999984741211,831900.0,0.5073939489328975,0.47805970322556246,0.6665992678722547,0.3943815984935861,0.5124499162668852,0.555081648550493,0.7679631796127973,0.710092929160019,0,0,-0.12407382482607122,0.024278746777834752,-0.018287873905582425
2019-04-11,64.79000091552734,65.06999969482422,63.77999877929688,63.97999954223633,1566000.0,0.5075862364180919,0.4800734340677668,0.5958854531655923,0.394985367197463,0.47404090739206106,0.5431118768445728,0.7532486958733746,0.7049415286435632,0,0,-0.12043347953190475,0.006191974231069801,-0.023374646623797863
2019-04-12,63.9900016784668,64.69999694824219,63.720001220703125,64.45999908447266,1257500.0,0.5080440657597701,0.48212462981274284,0.6312857326577279,0.3954755138160021,0.5032336237245666,0.5337025373039184,0.7375298252645692,0.7090781098373328,0,0,-0.06924039288639447,0.018755873265476876,-0.0240700363636407
2019-04-15,64.5,65.1500015258789,64.2699966430664,64.94000244140625,665300.0,0.5088956286147286,0.48440436082150096,0.665098309728342,0.395737717991272,0.49873998406084863,0.5770301165525031,0.7310452342279858,0.7112666326748794,0,0,-0.07524043659642835,0.010704350778876447,-0.03661186230019739
2019-04-16,65.16000366210938,65.61000061035156,64.61000061035156,64.93000030517578,686900.0,0.5099440582263272,0.4866072891011396,0.6638382438671677,0.39600825509070525,0.5080693363207628,0.5897492439415101,0.7327547904385521,0.7090070560371058,0,0,-0.08484758129170085,0.00692942610601545,-0.054511927889418665
2019-04-17,65.0,65.20999908447266,64.02999877929688,64.52999877929688,595100.0,0.5105758614603774,0.48870344215777484,0.6125441528870033,0.3962402770624731,0.4928190613917988,0.5284717505394504,0.7135272754783719,0.7070494580502968,0,0,-0.08239640303366251,0.009394742145148849,-0.06437702580516667
2019-04-18,64.56999969482422,65.41999816894531,63.869998931884766,65.3499984741211,936300.0,0.5110657387162547,0.49098879193726086,0.6755053956617986,0.39661245862444994,0.49441999433855865,0.5485495690110924,0.6997168231998925,0.710129442918469,0,0,-0.07624358069140073,0.016116549437484366,-0.06973500829266609
2019-04-22,64.9800033569336,65.76000213623047,64.7300033569336,65.5,691500.0,0.5122332031882384,0.4932385504521346,0.6863708156843917,0.3968881783565299,0.5099521118790976,0.580425982240534,0.693342002238974,0.7124041513840688,0,0,-0.0657995891684777,0.011935712280173321,-0.05248667482725871
2019-04-23,65.70999908447266,66.66999816894531,65.70999908447266,66.41999816894531,1415800.0,0.5138813881196881,0.49552764679335615,0.7483225248216413,0.3974647089742023,0.51724403474629,0.656817740354515,0.7026274466743829,0.7170614648267241,0,0,-0.0596946541589635,0.014656474572101622,-0.057404554527224476
2019-04-24,66.48999786376953,66.66999816894531,66.0,66.08999633789062,880200.0,0.5151541513841996,0.49778864427885305,0.7026045814593531,0.3978201186967639,0.4967290791755792,0.6279473988886687,0.7112496450786909,0.7141660224674747,0,0,-0.07061124293890442,0.0027100317696175493,-0.0674495583520048
2019-04-25,66.0199966430664,66.13999938964844,65.08999633789062,65.81999969482422,904900.0,0.5162941454669496,0.4998023751210573,0.6655229070707528,0.3981829763716239,0.4981799585227391,0.5598178965891093,0.6862421807323849,0.7111893287718547,0,0,-0.06354966229335757,0.00983509701764423,-0.057951251756411734
2019-04-26,66.12000274658203,66.58999633789062,65.47000122070312,66.45999908447266,673100.0,0.5174661874638986,0.5019210068335221,0.7125829680585981,0.3984568439025019,0.4923206475295725,0.5854930800035714,0.671791629650591,0.7134035099261501,0,0,-0.06532973369332824,0.008356053249974876,-0.06639323559470736
2019-04-29,66.80000305175781,66.80000305175781,65.54000091552734,65.97000122070312,1249600.0,0.5185787129038953,0.5039066395345854,0.6453981326933887,0.3989591545338922,0.5009781720390208,0.5637593402698309,0.6623500841213037,0.7092929160019079,0,0,-0.07493234164213364,0.0,-0.05446889552286781
2019-04-30,66.12999725341797,66.18000030517578,64.38999938964844,65.33999633789062,1544300.0,0.5189724429242148,0.5055925530134752,0.5659281068582326,0.3995701511396357,0.4892328588777953,0.4912032686672446,0.6174530481382068,0.7042128982384578,0,0,-0.06533268878038401,0.010156219280614144,-0.041533997469589974
2019-05-01,65.33999633789062,65.48999786376953,63.709999084472656,63.720001220703125,1588000.0,0.5184917242112291,0.5070967636075688,0.4027224002715277,0.4001734156165071,0.43885704205567355,0.4076551778847982,0.5596946550990409,0.6989891281106596,0,0,-0.05387200551502269,0.02234476271343974,-0.016681916115421278
2019-05-02,63.27999877929688,64.04000091552734,62.560001373291016,63.7599983215332,2081300.0,0.5180064244803171,0.5086159590194375,0.40676633157929365,0.4009639646487475,0.4633204867544639,0.3492211682159085,0.5307371614585299,0.7058356222964193,0,0,-0.022912728444805776,0.05524174835259189,0.01114254371575921
2019-05-03,65.25,67.0,63.900001525878906,64.33999633789062,3386900.0,0.5185787094109348,0.5102025911133784,0.46503146288176866,0.4022668412929089,0.42300094552391304,0.47056785510057275,0.5093289972514794,0.7169769239625651,0,0,-0.05379548926395426,0.027446675753894822,-0.0025094677904867217
2019-05-06,62.09000015258789,64.76000213623047,62.09000015258789,64.68000030517578,1374500.0,0.5193799107588717,0.5116674631665408,0.4976425136039674,0.40279922663532497,0.4600130993747283,0.35977136916032865,0.4597423324630266,0.7214983799075642,0,0,-0.004196463679384223,0.07631333737767948,0.0655890215449181
2019-05-07,64.26000213623047,64.51000213623047,63.34999847412109,63.83000183105469,2207300.0,0.5194943680942913,0.5129899694466712,0.41399518488462705,0.4036354770863324,0.4279405727694122,0.35726050810659615,0.41369757230232046,0.7142374052204805,0,0,-0.03354981406004928,0.04236236627769887,0.03432283874812347
2019-05-08,63.84999847412109,65.01000213623047,63.34000015258789,64.70999908447266,848400.0,0.5200803890927658,0.514555996522942,0.4976894877127176,0.40396365551717917,0.44139941289579665,0.39226391625044477,0.37694899990992786,0.7170282405960624,0,0,-0.027573214335659294,0.049349857990233816,0.05279653219346233
2019-05-09,64.19999694824219,64.76000213623047,63.2400016784668,64.6500015258789,912300.0,0.520103281957034,0.51611078462859,0.49161043834887064,0.4043158410557087,0.44337467862595836,0.37938066032055273,0.34098950477217865,0.714027204394809,0,0,-0.032606966859942306,0.043270021501664355,0.03847945492803362
2019-05-10,64.58999633789062,65.56999969482422,63.900001525878906,65.36000061035156,1330600.0,0.5207350869375645,0.5177592339192917,0.5554750951416515,0.40483807936788985,0.4855909951290717,0.44671699004364235,0.32125543140756846,0.7184042500699024,0,0,-0.03866970032942698,0.037277704643899644,0.030781213398231373
2019-05-13,63.72999954223633,64.19999694824219,62.09999847412109,63.0099983215332,3346100.0,0.520071234042835,0.5181282613179462,0.3506697144596961,0.406075213592182,0.4634755758714495,0.28078579410755067,0.29626081957277745,0.7073971611375186,0,0,-0.02509178969298691,0.05003060629172909,0.04192168991554204
2019-05-14,63.4900016784668,64.68000030517578,63.130001068115234,64.1500015258789,1287000.0,0.5197095484437537,0.5187632895977381,0.4465886001223156,0.4065642127134462,0.4646768974947279,0.37129317265945494,0.2647718589876665,0.7116307834010427,0,0,-0.022218720253488183,0.055705418426168836,0.04062849454823988
2019-05-15,64.0199966430664,65.0199966430664,63.560001373291016,64.31999969482422,929100.0,0.5194302722658932,0.5193777114306928,0.4600273964777486,0.40691847445456475,0.4704809471155373,0.40306661003980176,0.23328929513298863,0.7146870836691392,0,0,-0.030085681131276843,0.04645367554249275,0.045362487808132686
2019-05-16,64.44000244140625,65.2300033569336,64.25,64.37999725341797,776000.0,0.5193615971660492,0.5200239779665241,0.46501160561948185,0.40721464259984175,0.4607349456025637,0.4304653929165342,0.20772150689577917,0.7172397572328492,0,0,-0.03653610540995482,0.03980095725653045,0.02814050944001169
2019-05-17,63.65999984741211,64.45999908447266,63.47999954223633,63.630001068115234,1029500.0,0.5185741318859692,0.5205578512232074,0.40254126473634466,0.407600060138374,0.4288939379352836,0.37258931180881516,0.18696711548165457,0.7138531883748087,0,0,-0.024386451721087433,0.051879470255966315,0.05436477110926637
2019-05-20,63.06999969482422,63.540000915527344,62.77999877929688,62.970001220703125,1235700.0,0.5174158242103969,0.5209662171627932,0.3521443167788191,0.408054660553661,0.4093707276449331,0.3238809491418779,0.17933196182841138,0.7097883188868237,0,0,-0.015401532701331391,0.061763322948380245,0.08046523119025448
2019-05-21,63.5,64.30000305175781,63.25,63.900001525878906,744000.0,0.5162620958062702,0.5212771746410061,0.43683283421038244,0.4083347232450666,0.3991792231386041,0.38604246953751664,0.15748009401162721,0.7122357275613085,1,0,-0.02239161219753213,0.05558202210816027,0.09369543292845162
2019-05-22,63.459999084472656,63.84999847412109,62.81999969482422,62.869998931884766,650300.0,0.5147878865136728,0.5212284700530279,0.35970046879622,0.4085730973692627,0.4003294371032188,0.33542830995992007,0.14463334563703062,0.7100965476405862,0,0,-0.02143973238138232,0.05539907403748146,0.09702667338944858
2019-05-23,62.54999923706055,62.90999984741211,61.79999923706055,62.4900016784668,831100.0,0.5132633157140538,0.5211928787884157,0.3333938016997958,0.4088746307205994,0.3972556563196339,0.27864783763588485,0.1489888815653429,0.7073626210957417,0,0,-0.011929378284427401,0.07078098995612704,0.09638939838151743
2019-05-24,62.9900016784668,63.7400016784668,62.97999954223633,63.27999877929688,656600.0,0.5118074182677984,0.5211404276387019,0.40569727826403224,0.4091176290767159,0.3839367154079904,0.37176608331658884,0.13647726626640405,0.7095225250415302,0,0,-0.019043085444760174,0.06417023865939492,0.09745559271902567
2019-05-28,63.27000045776367,63.790000915527344,62.38999938964844,62.45000076293945,1306700.0,0.5101958587755132,0.520951230915851,0.34586170871317834,0.409590715634205,0.3677120894373569,0.32983085398021683,0.13429521661614502,0.7052240990805769,1,0,-0.02323010823420023,0.05894436811298834,0.09592281917225406
2019-05-29,61.95000076293945,62.31999969482422,61.75,62.13999938964844,796100.0,0.5087308062793269,0.5207751460871992,0.3245850489751356,0.4098764306775061,0.3717459827526384,0.2668124182740927,0.141957572990542,0.7026053060083225,0,0,-0.003202574227319182,0.08086467854869005,0.12698152751960445
2019-05-30,62.16999816894531,62.52999877929688,61.40999984741211,61.619998931884766,533200.0,0.5077693636139142,0.5205840757261889,0.28953445587349125,0.41006510467158686,0.39689435335848744,0.27733607592160914,0.15406769563064293,0.7008513297916084,0,0,-0.012230420485968126,0.07772774184898514,0.13405217111158094
2019-05-31,60.97999954223633,61.38999938964844,60.61000061035156,60.81999969482422,1028500.0,0.506423345978113,0.5201476109308785,0.23945689653404734,0.41042112515282847,0.3609383562009144,0.24130000975949695,0.1764954266629793,0.6974680504613562,1,0,-0.0060045267494042865,0.09769556251401802,0.1598507377403013
2019-06-03,60.83000183105469,61.25,59.54999923706055,60.06999969482422,907600.0,0.5044684162260494,0.5193589779074316,0.19692454724677988,0.41072870533111505,0.4030881858460792,0.23068257206765333,0.21038752655100568,0.6944824750407078,0,0,-0.021045751404419503,0.10144686287248336,0.15981587092198385
2019-06-04,60.810001373291016,61.59000015258789,60.16999816894531,61.54999923706055,721100.0,0.5030354098975818,0.5190967243026133,0.343455396449318,0.4109829939852464,0.39065213509824825,0.3119980980751584,0.23364987017210087,0.6968545535288408,0,0,-0.02097556421893962,0.10304642347521653,0.15848177969249996
2019-06-05,62.0,62.540000915527344,61.83000183105469,61.95000076293945,592300.0,0.5021746902462122,0.5189337527973277,0.37844740970350954,0.41119400521745986,0.3904178021320176,0.38667761621714886,0.23372451081930817,0.6988029408378427,0,0,-0.03980504944448896,0.0812347694878507,0.1395612744820053
2019-06-06,61.93999862670898,62.18999862670898,61.27999877929688,62.0099983215332,647000.0,0.5009385506743846,0.5186902312866035,0.383835694817796,0.41142478033936813,0.38731641240110576,0.37703890225570985,0.2417002124077537,0.7009312653168637,0,0,-0.038579489269001066,0.08167879436602175,0.13478615312323958
2019-06-07,62.20000076293945,62.91999816894531,62.06999969482422,62.18999862670898,581200.0,0.499812289166531,0.51847668155518,0.4007761153050925,0.41163299010221255,0.3629721468917402,0.4188391045055274,0.23338992004885328,0.7028431388674156,0,0,-0.0427350684987631,0.07740685965143349,0.12643122665374143
2019-06-10,62.52000045776367,62.84000015258789,61.2599983215332,61.75,765400.0,0.49815952496363547,0.5180739351009057,0.36512001890176404,0.4119039096575049,0.3368130143591912,0.396008102950945,0.2377793214590173,0.7003253342982614,1,0,-0.04775689477869818,0.07203729926297643,0.1278340720130702
2019-06-11,62.38999938964844,63.290000915527344,62.2599983215332,63.18000030517578,900300.0,0.49823735685989057,0.5180064984188334,0.4934889339204408,0.41223450704330655,0.36027882426246566,0.4655110330607891,0.23219657996654985,0.7032868961660553,0,0,-0.045991905305067055,0.07465588032957995,0.13732798958596912
2019-06-12,63.02999877929688,63.459999084472656,62.869998931884766,63.38999938964844,907100.0,0.4978894055821861,0.5178023147344569,0.510293483781451,0.4125692043767125,0.3660733110412876,0.4938959960571706,0.22333762304763294,0.7062708268228095,0,0,-0.055080714235945474,0.06283635963163949,0.15036403852663074
2019-06-13,63.61000061035156,64.30000305175781,63.470001220703125,64.25,499700.0,0.497857357667987,0.5177049069876676,0.5758614650145855,0.412757535992632,0.3742326050684651,0.5543448516481748,0.19766075399355426,0.707914603858616,0,0,-0.06404797937186937,0.05347845752151913,0.1566493200944461
2019-06-14,63.77999877929688,64.18000030517578,63.43000030517578,63.9900016784668,593300.0,0.49767880625064964,0.517549428605853,0.5500406736455913,0.412979621002071,0.39177531447028413,0.5509012153677901,0.17458509189447363,0.705962927021826,0,0,-0.06583656875076008,0.050116750516780044,0.11548635282405145
2019-06-17,64.29000091552734,65.66000366210938,64.0199966430664,65.08999633789062,825800.0,0.49834723492386446,0.517924075489819,0.6284351351995359,0.4132971253572859,0.411417937870414,0.6201358463573143,0.1697189238001739,0.7086794190693926,0,0,-0.07407409836124211,0.021409637609730667,0.12205027900822643
2019-06-18,65.61000061035156,66.7699966430664,65.33999633789062,66.30999755859375,2900200.0,0.49987638324844885,0.5185572294168677,0.7006370223261745,0.4144440923610512,0.44500971245791304,0.6639097763100812,0.18178395459909286,0.7182197075609795,0,0,-0.09310188530097253,0.017821418005512762,0.09909352144927794
2019-06-19,66.18000030517578,66.56999969482422,65.72000122070312,66.4800033569336,582900.0,0.5010575837882894,0.5191004687205981,0.7099481517917031,0.4146752983953407,0.4507498635886575,0.6411948013076072,0.19298719748380327,0.7201371733087715,0,0,-0.09998493910751154,0.008897547272103038,0.07645905416214495
2019-06-20,67.26000213623047,67.4800033569336,66.19999694824219,67.22000122070312,661100.0,0.5030491424724781,0.5198104260913498,0.7493997177727977,0.4149420070742845,0.4706686989982561,0.6355851814380775,0.21605292135668386,0.7223118801296073,0,0,-0.11597476699534191,0.0033092841395017734,0.05174480502869802
2019-06-21,66.87000274658203,67.0,66.08999633789062,66.69000244140625,1548000.0,0.504972026056823,0.5202019335750011,0.6893271570765063,0.4155584083263353,0.4765886613395253,0.5902306075658882,0.23473531069744796,0.7172196911133406,0,0,-0.1088962120885382,0.009074689069831318,0.024248694195440523
2019-06-24,66.70999908447266,66.83000183105469,66.06999969482422,66.58000183105469,1157300.0,0.5064828642815458,0.5206889758818658,0.6768340902031525,0.41601765998033957,0.48744895350668666,0.5648381885378578,0.2515555429253636,0.7134127206039572,0,0,-0.10736241693352577,0.01154602255619142,0.049482725010502
2019-06-25,66.6500015258789,66.69000244140625,66.22000122070312,66.47000122070312,1322100.0,0.50832333844467,0.521065497118575,0.6637303112047396,0.4165405475674675,0.5134548678172703,0.5484910421436354,0.26717432999414237,0.7090636359150644,0,0,-0.10663866166351965,0.012466233226619597,0.06233105154321631
2019-06-26,66.76000213623047,66.76000213623047,65.55999755859375,66.05000305175781,755000.0,0.5101134528472533,0.5212734266501035,0.6133723937381834,0.4168359898422844,0.504677437726974,0.5270967603952231,0.2632284028931527,0.7065800424349085,0,0,-0.10847002808425184,0.010831972430878628,0.08334588256035451
2019-06-27,66.2699966430664,67.2699966430664,65.98999786376953,66.93000030517578,1051600.0,0.512544527280298,0.521648074248653,0.6764445692780622,0.4172559253565836,0.5214753821724241,0.5375668674820011,0.2688224375719647,0.71003930985707,0,0,-0.1017410612493078,0.018319555760186828,0.08841792123323353
2019-06-28,65.0,66.55999755859375,64.30000305175781,66.25,3156000.0,0.5150305407453296,0.5219702714120725,0.597742368366888,0.4184945226365434,0.5776904384161896,0.4961299092670555,0.23622468819270087,0.6996575601572393,0,0,-0.08142836901373804,0.037053688116326096,0.08411769352677852
2019-07-01,67.19999694824219,67.27999877929688,65.75,67.16000366210938,1109100.0,0.5182765525941682,0.5223093284605936,0.6616103878518013,0.4189386580114647,0.6038673867348584,0.5257456263803585,0.21775948158102632,0.7033059754272274,0,0,-0.11547166356500589,0.004226511829304246,0.06279250810731132
2019-07-02,67.25,68.2300033569336,67.12000274658203,68.19000244140625,1195600.0,0.5213165408899556,0.5228132299379764,0.7234260149780875,0.4194285954846677,0.6125887814879238,0.560034781405911,0.21673436399668944,0.7072389348509021,0,0,-0.1146515834287197,0.014592068247406846,0.026950527991333663
2019-07-03,68.5,69.5999984741211,68.25,69.4000015258789,610200.0,0.524727369834755,0.5233714554886489,0.784097182162305,0.4196854019576709,0.629291092162378,0.5955853052375687,0.2351803338459964,0.7092462047073143,0,0,-0.13125092304593972,0.01613137461120186,0.013345118485533353
2019-07-05,69.05999755859375,69.88999938964844,68.77999877929688,69.66000366210938,727900.0,0.5282297667436665,0.5240402028240605,0.7960330065914801,0.41999338438003875,0.6300069730573321,0.6021035707063961,0.25600934207765175,0.7116406519844076,0,0,-0.13703167308990583,0.011959680299793423,0.018587909036951664
2019-07-08,69.37999725341797,69.44000244140625,68.33999633789062,68.61000061035156,1241100.0,0.5311690320254109,0.5245628363955372,0.6771212911797984,0.42050602786572855,0.6256411650009895,0.5699388537456238,0.26486063269824467,0.7075580190463658,0,0,-0.14111394630466145,0.007321305044775322,0.030002926462979588
2019-07-09,68.33000183105469,69.20999908447266,68.2300033569336,69.08000183105469,979600.0,0.5345249219382234,0.5250536252641375,0.7036457376057287,0.420914677387934,0.6461836843427098,0.567889895145476,0.27042255828489425,0.7107804404677708,0,0,-0.1279697203889757,0.022737174533101298,0.045474349066202596
2019-07-10,69.5,70.16000366210938,69.27999877929688,69.33999633789062,663600.0,0.537345148866622,0.5256849055530267,0.7182236348252368,0.42119297441743997,0.6201363910044029,0.5909277569712725,0.28933223359846,0.7129633711080774,0,0,-0.1440359076317578,0.009554192886727349,0.03387371563210769
2019-07-11,69.73999786376953,70.2699966430664,69.23999786376953,69.87999725341797,776600.0,0.5403164603160853,0.5265353557732344,0.7479649705623653,0.4215224279753409,0.6099021810038563,0.5802769953040344,0.30840637732949067,0.7155180183884603,0,0,-0.14695701131931976,0.007643478616788718,0.024661078378774483
2019-07-12,69.8499984741211,70.80999755859375,69.69999694824219,70.5,554100.0,0.5431778937015747,0.5278054109036511,0.7800933161961333,0.4217605988076085,0.605939805282997,0.5835052163154265,0.3335227246310141,0.7173407457359495,0,0,-0.1473955300786271,0.01373782372931763,0.01244995393212437
2019-07-15,70.55999755859375,70.8499984741211,69.97000122070312,70.83000183105469,966600.0,0.5463094464685134,0.5291297908219409,0.7965636104823787,0.42217885583733716,0.6187482656642423,0.5762047165160998,0.35739536638450115,0.7205204032961068,0,0,-0.1561701889579178,0.004113488163508422,0.016170204108488476
2019-07-16,70.80000305175781,71.08000183105469,70.25,70.55000305175781,754000.0,0.5488091977478823,0.5302930728731047,0.7595134490148704,0.4225029793310038,0.6093814634133241,0.5651454469762881,0.3828505175706149,0.7180400993437391,0,0,-0.15007771577032325,0.003953109869525831,-0.0069180499858355875
2019-07-17,70.54000091552734,70.70999908447266,69.54000091552734,70.33000183105469,910200.0,0.550649673657487,0.5313514526248408,0.7300747134620765,0.42289218375288085,0.5948365755517181,0.5356569867801952,0.3848918292368147,0.7150459711508412,0,0,-0.13153794744964112,0.007654158641654221,-0.01899367695706668
2019-07-18,70.0199966430664,70.80999755859375,69.63999938964844,70.58999633789062,976900.0,0.552531349038261,0.5326177604789383,0.746488771626966,0.4233120336310725,0.5978873316575958,0.5337529788985923,0.3885234579748195,0.7182595108472178,0,0,-0.12455563903689772,0.015071877724880547,-0.01649361584692352
2019-07-19,70.76000213623047,70.80000305175781,69.91000366210938,70.29000091552734,1234200.0,0.5539368849774949,0.5336630276218919,0.7039051071878416,0.42383865909486496,0.5862411034118108,0.5260072249833143,0.39189568466010966,0.7141995756509153,0,0,-0.13458002985612771,0.0045332159147946065,-0.017707891554727805
2019-07-22,70.2699966430664,70.86000061035156,69.94000244140625,70.04000091552734,809400.0,0.555470612573525,0.5346727027856498,0.6685515702743661,0.4241819255587894,0.563331779619296,0.5185092227782175,0.3962073030688255,0.7115370318590766,0,0,-0.12818321531054153,0.011523761238269495,-0.02575042730144444
2019-07-23,70.30000305175781,70.79000091552734,69.72000122070312,70.47000122070312,987500.0,0.5572515684332168,0.5356299275142775,0.7017747368320166,0.4246044453568829,0.563350599236808,0.5160005253286476,0.39240504335089516,0.714785440550009,0,0,-0.1147916137225835,0.011136475858097185,0.002855467527526112
2019-07-24,70.41000366210938,71.16999816894531,70.19999694824219,70.87000274658203,849000.0,0.5592660182351933,0.5371022934054946,0.7311922567611985,0.4249706607290237,0.568219403982839,0.531600405729858,0.39712369248219254,0.7175782496422638,0,0,-0.10699595004419354,0.010784652954038285,0.008088543847743834
2019-07-25,71.0,73.16999816894531,70.87000274658203,72.52999877929688,1717200.0,0.5622327504132107,0.5386720663289175,0.8294917943218892,0.42573729720928477,0.5865169824872016,0.6017055096233678,0.43384408222604337,0.7232270267603085,0,0,-0.10681528716589912,0.030619417029018936,0.005220865418971301
2019-07-26,73.72000122070312,73.72000122070312,72.1500015258789,73.54000091552734,1349400.0,0.5652590026411412,0.5403991919868981,0.8745356598582487,0.42635183375656294,0.5976392480438965,0.6419796463980938,0.47449933959256757,0.7276659155578216,0,0,-0.14187234370207302,0.0,-0.06052667121926836
2019-07-29,73.11000061035156,73.31999969482422,70.80999755859375,71.19999694824219,1038000.0,0.5675252564852644,0.5416767402407856,0.6070242266644437,0.4268016414467434,0.5365295075972267,0.5622115056324333,0.4714779410007576,0.7242513857135807,0,0,-0.12360625311558678,0.008294813744321916,-0.0606472535891819
2019-07-30,70.7300033569336,72.16000366210938,70.08999633789062,72.0999984741211,934200.0,0.569786931057942,0.5432633723347267,0.6590781260081606,0.4272140343754868,0.5354094025879419,0.5386224904443206,0.4505013505946935,0.7273244625733976,0,0,-0.09030899692102483,0.0419943538191872,-0.0064607687301107995
2019-07-31,72.13999938964844,72.83000183105469,71.61000061035156,72.05999755859375,1097500.0,0.5715587283747421,0.5449661449841344,0.6551436454684667,0.42769780630791865,0.506999801334685,0.5790121500224616,0.4421873343305433,0.7237142058257536,0,0,-0.10873781558684277,0.021914034181592927,-0.020943164607312093
2019-08-01,72.16999816894531,72.5,70.41000366210938,71.25,1071000.0,0.5724057119582548,0.546342974622971,0.5767564132584039,0.42816153211052277,0.4939975543136589,0.5083719603777157,0.4072210179639681,0.7201911215644994,0,0,-0.10921447937585918,0.021509895979353412,-0.026089332738171368
2019-08-02,70.80000305175781,71.0999984741211,69.80999755859375,70.69999694824219,732600.0,0.5728818513997949,0.5478097195997095,0.5271661865530431,0.4284748222036715,0.49098885493076777,0.4351364705548055,0.36470733690240326,0.717781213506801,0,0,-0.0912280701754386,0.04098243044133772,-0.022035083436129387
2019-08-05,69.05000305175781,69.41000366210938,67.69999694824219,68.5,1232600.0,0.5728314898927733,0.5489355353189344,0.3654089916796871,0.4289764604795092,0.5022228719888626,0.26969186806574486,0.35900159334490084,0.7137265415549597,0,0,-0.06718529285761304,0.06605372518423316,0.012164082708251724
2019-08-06,68.98999786376953,70.26000213623047,68.86000061035156,70.01000213623047,659800.0,0.5732572713202527,0.5501962251168874,0.4725164450089947,0.4292540689565384,0.49621376730006345,0.3606724347700394,0.3373825736082133,0.7158969719896708,0,0,-0.06846707754761633,0.06905114389684079,-0.013576646790887317
2019-08-07,68.87999725341797,70.9000015258789,68.52999877929688,70.80000305175781,954800.0,0.5739257052329083,0.5517603792695824,0.5216709602137105,0.42966259406258767,0.5256407051528968,0.3890847816298147,0.3058645327813551,0.7190378131219263,0,0,-0.0654191410071389,0.06913303556064933,-0.01699749715328021
2019-08-08,71.61000061035156,72.41000366210938,71.5,72.30000305175781,1131200.0,0.5750336548944199,0.5536635897562148,0.6041862807071041,0.43016201492316075,0.5392472520494501,0.5483344069636054,0.2863804093005499,0.7227589269560354,0,0,-0.10324854863706476,0.02980226722319577,-0.05960453444639154
2019-08-09,71.80000305175781,72.45999908447266,71.20999908447266,72.11000061035156,780300.0,0.5757707604139589,0.5556286167250245,0.5896954475420507,0.4305049401366047,0.5412545749303586,0.5255799028194055,0.2632611626275958,0.7201921084228359,0,0,-0.10373443545543051,0.026555990150800304,-0.049792613437906336
2019-08-12,72.02999877929688,72.05000305175781,70.33000183105469,70.62999725341797,752500.0,0.5756791924498468,0.557466262738577,0.48435870731904473,0.4308251750918123,0.5125324504938138,0.45137427104480493,0.23309064834397386,0.7177167387621506,0,0,-0.08708915165915788,0.023436450244096185,-0.07391487707586503
2019-08-13,70.26000213623047,71.69000244140625,70.26000213623047,71.36000061035156,687600.0,0.5760500330988588,0.5595811486038897,0.5274554493700373,0.4311223123606497,0.5243081779201674,0.45753465434027824,0.206224628588551,0.7199786180693761,0,0,-0.044457022678087176,0.04898767123065714,-0.03936002955404821
2019-08-14,70.45999908447266,71.04000091552734,68.91999816894531,69.05999755859375,771300.0,0.5754685878788693,0.5609879500220268,0.38939055299599723,0.4314390428463838,0.5042124390371169,0.347786869502183,0.2018946425272513,0.7174414052862711,0,0,-0.03867715964999725,0.04568388604746689,-0.044142397686890766
2019-08-15,69.06999969482422,69.5199966430664,68.4000015258789,69.41000366210938,981100.0,0.5749283526089313,0.5623853861077007,0.41133788893420886,0.4318448909241085,0.5078493620914313,0.3177231081732767,0.20505026234647367,0.7206687609993585,0,0,-0.019837862655869,0.06733277860216584,-0.03953089275187609
2019-08-16,69.94000244140625,70.41999816894531,69.69999694824219,70.3499984741211,509200.0,0.5749558212516844,0.5639476666222359,0.46866715815850535,0.43205986495742665,0.5198546938901468,0.3950748813851629,0.19096159239355331,0.7223437885491537,0,0,-0.032272084353553665,0.054458991209654126,-0.05186581059757029
2019-08-19,71.37999725341797,72.1500015258789,68.4000015258789,71.47000122070312,662900.0,0.5756105173500029,0.5656860319654232,0.5311640726530703,0.4323464994420363,0.5413236556294481,0.43060965753004454,0.17552244781254478,0.7245244165200085,0,0,-0.05230988464810705,0.03326231724292004,-0.07306324806160777
2019-08-20,71.16999816894531,71.83999633789062,70.62000274658203,71.44999694824219,510000.0,0.5760591881487896,0.5675030722467221,0.5298248032076298,0.4325668476910306,0.5369947672393228,0.47378377837561353,0.16118609927303684,0.7228467573479826,0,0,-0.048551856183513674,0.03567934809296097,-0.05918561151939277
2019-08-21,72.1500015258789,72.1500015258789,71.48999786376953,71.83999633789062,604500.0,0.5765032796761307,0.5691252956052752,0.5521764735267366,0.4328301177617242,0.5311550066640826,0.5072209187549106,0.15259355539440866,0.7248352768960015,0,0,-0.06228138233316185,0.021973404644950706,-0.052484256965279794
2019-08-22,71.9000015258789,72.25,71.01000213623047,71.44999694824219,631500.0,0.5760088231488075,0.5706351249700967,0.5231765462713653,0.43310276534285863,0.5119439009686468,0.4920028569576321,0.1357014637914522,0.7227579400976989,0,0,-0.05846331837048699,0.02533407276726565,-0.03354682328732616
2019-08-23,71.0999984741211,72.12000274658203,70.4800033569336,70.72000122070312,653900.0,0.5747177445449931,0.5718471101800716,0.4703720703326252,0.4333805592404648,0.4813954983127558,0.46677128796103573,0.11283127311531732,0.7206069178769388,0,0,-0.047585747671085844,0.03666903930702671,-0.022813118586957056
2019-08-26,71.52999877929688,71.93000030517578,70.79000091552734,71.69999694824219,480500.0,0.5749466592158323,0.5732913757863968,0.5334037490454534,0.4335889720113769,0.5017688274196317,0.49881011069122794,0.0915946674874778,0.7221875359792101,0,0,-0.05415726477580239,0.030967228557755334,-0.05599546120077519
2019-08-27,72.1500015258789,72.30000305175781,70.23999786376953,70.30999755859375,801200.0,0.5741271442750728,0.5742692062472781,0.4378920623972128,0.43392605514103544,0.4686933993364808,0.457657392328592,0.08210402552616575,0.7195519663152354,0,0,-0.062064222692352795,0.02189678886538236,-0.0550907216981905
2019-08-28,69.93000030517578,70.05999755859375,68.2699966430664,69.19999694824219,927900.0,0.5728177520784361,0.574810571912849,0.37179985605331234,0.434306720030297,0.4752841640062217,0.3238932177295772,0.10335683164930204,0.7164996134804849,0,0,-0.03171673210591697,0.05390415370685936,-0.03299672557790685
2019-08-29,69.5,70.18000030517578,68.7300033569336,68.86000061035156,861500.0,0.5717235402312618,0.5752564020406229,0.35254148843126365,0.43465724640861625,0.46518083348190975,0.34471731648969167,0.1204955742388652,0.7136656852908765,0,0,-0.02601160594131408,0.06098267928912562,-0.0196531888775771
2019-08-30,69.22000122070312,69.66999816894531,68.41999816894531,69.51000213623047,825800.0,0.5711787256898778,0.5756853737124623,0.4006335297248308,0.4349980332437031,0.47201488486444143,0.353268861269143,0.14074627598187245,0.716382177338443,0,0,-0.022073834722453355,0.06534998489854102,-0.021347679460841353
2019-09-03,69.16000366210938,69.47000122070312,68.27999877929688,68.45999908447266,793500.0,0.5711604120970556,0.5760169362083453,0.33876535028262633,0.43531763547098545,0.4623744035761058,0.31774789053783403,0.1615577006323382,0.7137719370384381,0,0,-0.021004268004563807,0.0656020345051458,-0.017695343391343144
2019-09-04,69.08999633789062,70.5,68.01000213623047,70.5,1187700.0,0.571384747496449,0.5767512451585024,0.47532988394185227,0.435818091212981,0.47789854363738965,0.3859377313134688,0.1569207032781999,0.7176789091925854,0,0,-0.020303818408371872,0.06763080550292655,-0.019865512695653686
2019-09-05,71.0,71.37999725341797,70.26000213623047,70.9800033569336,991400.0,0.5714671569176694,0.5775960758933986,0.5033808250901298,0.4362399484879762,0.4658832526591631,0.47066618329858717,0.13483427106642287,0.720940147041892,0,0,-0.04680855392564273,0.038581577598625884,-0.03546099290780142
2019-09-06,71.23999786376953,71.66000366210938,70.80000305175781,71.37000274658203,660900.0,0.5710413754901902,0.5785926384483739,0.5262202377908602,0.4365234097852808,0.45281916203286077,0.5051833094854667,0.11271255314632006,0.7231141959571703,0,0,-0.04987321425903459,0.034939465196451525,-0.05959418889103026
2019-09-09,71.76000213623047,71.8499984741211,69.23999786376953,69.33000183105469,858900.0,0.5697686104791981,0.5790422158524671,0.3996011560193278,0.4368754611898804,0.4295800620876728,0.4245236758635922,0.11530637435631558,0.7202888205398115,0,0,-0.056886717552812736,0.02185788844835738,-0.05674657273222216
2019-09-10,68.6500015258789,68.69000244140625,66.55999755859375,68.6500015258789,1935800.0,0.5688621103387331,0.57949179325656,0.36318507301774183,0.4376561117806459,0.47742258068656257,0.2808984795032631,0.1502903870682718,0.7139209526472474,0,0,-0.03014573650781284,0.06029136297099377,-0.019760604505975533
2019-09-11,68.5999984741211,70.41000366210938,68.02999877929688,70.2699966430664,1625100.0,0.5683630745399643,0.5800743689574709,0.46349306460567075,0.4383350180872789,0.49904858751785186,0.4013179783583243,0.15220889219830902,0.719266764255991,0,0,-0.02971596314908059,0.061616944834866676,-0.020684605060205533
2019-09-12,70.68000030517578,72.33999633789062,70.5999984741211,70.62999725341797,1041400.0,0.5690818664666807,0.5805314380558678,0.4840635171223092,0.4387731784590916,0.49221590093211587,0.5127125759146449,0.12748512323155003,0.7226924784947121,0,0,-0.05863103662163836,0.025900096510162555,-0.0402732598014707
2019-09-13,70.54000091552734,71.45999908447266,70.12999725341797,70.29000091552734,566700.0,0.5694847550298918,0.5806981561228891,0.4628003191875081,0.43900972212901324,0.4674367386012531,0.4681386655528369,0.10953473704498151,0.7208283030970903,0,0,-0.05635004264057211,0.027183891315419793,-0.020954317067624868
2019-09-16,69.79000091552734,70.26000213623047,68.51000213623047,69.2300033569336,912100.0,0.5689719884027069,0.5806176068320342,0.399198084960787,0.4393813652219535,0.4558118657124461,0.3775713858505465,0.11196095547485252,0.7178279248013947,0,0,-0.04595252973200734,0.03798546214495068,0.002987609642017612
2019-09-17,68.88999938964844,70.66000366210938,68.37999725341797,69.91000366210938,1631200.0,0.5682577757474362,0.5808611283427584,0.44358872732610133,0.44005570856733955,0.45856797293971957,0.40446175453298294,0.10838836790411366,0.7231938025296468,0,0,-0.0336559543272264,0.051567232727378925,0.016033519522289503
2019-09-18,69.73999786376953,69.73999786376953,66.66999816894531,68.05999755859375,2161500.0,0.5667057345585838,0.5806700572671644,0.34143365321547603,0.4409114784943572,0.45067693123528585,0.31573492033684575,0.12340401601814216,0.7160834882152667,0,0,-0.04548705676723221,0.03890718177972779,0.021313194322883904
2019-09-19,68.05999755859375,68.88999938964844,67.23999786376953,67.69000244140625,2042400.0,0.5648057455849873,0.5803609741416947,0.32302867675502145,0.4417121222895476,0.4310571528488335,0.31435139240170606,0.13734711783831144,0.7093649566604713,0,0,-0.022039377810859163,0.06464886399813469,0.03585075711038073
2019-09-20,68.0,68.06999969482422,67.08999633789062,67.38999938964844,2450300.0,0.5629469595755209,0.5798945382816671,0.30780814741836304,0.44266461314593797,0.4154675368469339,0.2986244923222716,0.151914066567731,0.7013046267208342,0,0,-0.021273487804240272,0.06588859393724082,-0.029251045730830372
2019-09-23,67.38999938964844,68.51000213623047,67.37000274658203,68.19999694824219,1403500.0,0.5617932276784334,0.5794636929716681,0.36806757139379254,0.4432199897913841,0.43788725274159657,0.3431780602239505,0.1577096357661792,0.7059214789716936,0,0,-0.012316394696127293,0.07345298995510216,-0.0774595825490533
2019-09-24,68.5,68.86000061035156,66.41999816894531,66.69999694824219,1268800.0,0.559504080970042,0.5786900447659963,0.29011078893529796,0.4437041940152521,0.4121836254267597,0.30857802129921563,0.17412609349233,0.7017477261139163,1,0,-0.030498561937374078,0.05630493416011214,-0.09604104882924587
2019-09-25,66.79000091552734,67.6500015258789,66.52999877929688,67.4800033569336,1938900.0,0.5582084265877426,0.5781149607593892,0.34690435024635047,0.4444572795938643,0.4548205394261787,0.3174684007016713,0.1893699470951843,0.708125791542624,0,0,-0.00554726781875486,0.08320833097893486,-0.08125940377251271
2019-09-26,67.62000274658203,67.95999908447266,66.23999786376953,67.30999755859375,1024800.0,0.5573431294114075,0.5775492420852456,0.33773202715584205,0.44485336784087803,0.45917059743335803,0.33270825287087447,0.19734647380524017,0.7047546834651885,0,0,-0.020450575195039674,0.06994655240816038,-0.07335513235608196
2019-09-27,67.37999725341797,67.55999755859375,65.31999969482422,66.33999633789062,2201800.0,0.5561893975143202,0.5767531159383276,0.2866703810915062,0.4456839736689523,0.4695485841903097,0.30963302424474115,0.21619760528264037,0.6975118011809404,0,0,-0.030604629821899935,0.07368889116590664,-0.06269495705050838
2019-09-30,66.5999984741211,66.93000030517578,65.58000183105469,66.33999633789062,1066400.0,0.5547380758465498,0.5760131860736918,0.2866703810915062,0.44608586595216315,0.45978690796406174,0.3209987116164592,0.2337022273687976,0.7010197536143686,0,0,-0.019294525926372312,0.086523940015521,-0.03210728626768711
2019-10-01,66.79000091552734,67.0999984741211,65.9000015258789,66.23999786376953,946100.0,0.5537216941491503,0.5753013550647805,0.2811127250887677,0.4464413386393691,0.46270387218665754,0.34158628910300615,0.24605957761971037,0.6979075313738712,0,0,-0.022158596651346542,0.08365986929054678,-0.030901464650623392
2019-10-02,66.47000122070312,67.01000213623047,64.94000244140625,66.94000244140625,1215600.0,0.552091822810523,0.5746401022820072,0.3435062160518416,0.4469055611880365,0.4615995717633213,0.34621508414755875,0.27000435643804505,0.7019062813533117,0,0,-0.023097808403368312,0.08861707890238532,-0.028079720264739077
2019-10-03,67.0199966430664,68.47000122070312,66.23999786376953,68.4000015258789,1083700.0,0.5509106222706824,0.5741774122691315,0.457047793957303,0.4473336050803415,0.4764905403564625,0.41573787665691625,0.26089309975916314,0.7054711426174772,0,0,-0.03107251457722625,0.07947414850307045,-0.030624370295738754
2019-10-04,68.98999786376953,69.62000274658203,68.5,69.48999786376953,905500.0,0.5500499008728325,0.5736079477478361,0.5287708610995425,0.44770007831425074,0.4862520387590871,0.502265054079486,0.23193313102778224,0.7084498100297701,0,0,-0.05921045807039901,0.04897658478638532,-0.0524853254064967
2019-10-07,69.33000183105469,70.04000091552734,69.30000305175781,69.47000122070312,917700.0,0.5501139967012306,0.5728455399419542,0.527221513261233,0.4480711177081518,0.49242486388957,0.5285280196135138,0.2038937947964577,0.7054310103784601,0,0,-0.06317455064906947,0.04331550725813561,-0.03525693845090898
2019-10-08,68.94999694824219,68.9800033569336,67.5199966430664,67.56999969482422,766300.0,0.5496195401739075,0.5721655550650868,0.39455293126735913,0.4483674740041307,0.440031971616496,0.4371849187791221,0.19867267040197784,0.7029102452342966,0,0,-0.05772267793829976,0.048798032677134395,-0.010508071321603958
2019-10-09,68.05000305175781,68.44000244140625,67.4000015258789,68.19999694824219,471300.0,0.5486718335763517,0.5714349919620816,0.43892612236915185,0.4485523897590258,0.41603788121905916,0.44068735175770307,0.19544111418340898,0.7044605996809158,0,0,-0.046026352292403296,0.06348961529537228,-0.005031877590954024
2019-10-10,68.04000091552734,68.52999877929688,67.52999877929688,67.61000061035156,730900.0,0.547289190501386,0.5706014016269755,0.400714420421166,0.4488351150212172,0.4239985200242667,0.4426537418022038,0.1907138392852683,0.7020562838204575,0,0,-0.045454525114916364,0.0630497890729614,-0.027565943365726566
2019-10-11,68.4800033569336,68.86000061035156,68.06999969482422,68.13999938964844,589000.0,0.5463048567181855,0.5700188244968974,0.4394837064021856,0.44906571334149714,0.42289506361201595,0.49137958338453525,0.17979378707562704,0.703993815687758,0,0,-0.0523591315422255,0.057092041800189536,-0.01316383687336785
2019-10-14,68.12000274658203,68.1500015258789,67.0999984741211,67.75,665500.0,0.545627267755599,0.5694662198607036,0.41259853576852834,0.4493237924019384,0.4294016768745836,0.43931877203700015,0.18442173887393098,0.7018046349446536,0,0,-0.04666862831904977,0.06193122437787516,0.013354799543087268
2019-10-15,67.97000122070312,68.19999694824219,67.72000122070312,67.93000030517578,577700.0,0.5447207641221732,0.5693594453522836,0.42683325145733286,0.4495486891877667,0.41658749734731093,0.47664255477033485,0.18764387797133003,0.7037049951479465,0,0,-0.04472322921471402,0.06450177294741698,0.02479705247491928
2019-10-16,67.58000183105469,67.94999694824219,66.91999816894531,67.7300033569336,973800.0,0.5445696830940695,0.5689323473186038,0.4117241645411627,0.44992583120952245,0.43208029073106274,0.43645402797624494,0.20235879818821895,0.7005016529877136,0,0,-0.038863526833331816,0.07007205189830185,0.042543785907038195
2019-10-17,68.0,68.70999908447266,67.47000122070312,68.5,687400.0,0.5449405237430816,0.5685015020086048,0.47540466567942663,0.4501967538617455,0.46019754322912293,0.5073056067686822,0.19918760948749092,0.7027628743893813,0,0,-0.04517935046404357,0.06407789934719285,0.0267237187196811
2019-10-18,68.30999755859375,68.30999755859375,65.55999755859375,67.01000213623047,1160500.0,0.5447665498507096,0.5675105589389409,0.36551727430817726,0.4506381011323132,0.48080192055163345,0.3814044466397577,0.22176924243491503,0.6989453773910754,0,0,-0.0491970090100365,0.058832098967837594,0.010219044929003194
2019-10-21,67.43000030517578,67.91999816894531,67.19000244140625,67.70999908447266,739700.0,0.5445422144513162,0.5666863339362983,0.42230147087458214,0.4509239796682025,0.4741725319394189,0.4478443212707007,0.24273790160038028,0.7013786410960706,0,0,-0.03715859997597669,0.07327258433349823,0.025817091505481813
2019-10-22,67.86000061035156,68.0,67.12000274658203,67.27999877929688,716800.0,0.5448077563078002,0.5660587994945611,0.39173260955106715,0.45119807467295614,0.48477452051616166,0.4326564984942903,0.2603272240533251,0.6990207075774272,0,0,-0.04312506584592364,0.06616446297613997,0.023925605796582154
2019-10-23,67.3499984741211,67.75,66.69000244140625,67.18000030517578,589800.0,0.5446704061081125,0.5652757859564257,0.3844811791888073,0.4514229801529849,0.4564152685460169,0.40587797838105144,0.28233609162497203,0.6970805440878961,0,0,-0.03582039352617286,0.07416762714486007,0.04131983991878913
2019-10-24,67.25,67.9000015258789,66.5199966430664,67.8499984741211,930300.0,0.544917634371774,0.5650491243308031,0.44287446507630424,0.45178324935460956,0.4688713486606986,0.4265536706580522,0.305031341724933,0.7001407917893386,0,0,-0.034385197203039904,0.06266744664108469,0.048079835401321706
2019-10-25,67.98999786376953,69.4000015258789,67.98999786376953,69.05999755859375,765900.0,0.5461629307400127,0.5649835598577232,0.535601358356098,0.4520881515197661,0.4809305111808467,0.561230181921008,0.29043095085874215,0.7026602411223868,0,0,-0.04495203376499103,0.03935159702852786,0.015622773939966727
2019-10-28,69.33999633789062,70.5,69.33999633789062,70.0,1186100.0,0.5478385878071763,0.5649179968138104,0.5974997625919195,0.4525702195121557,0.4815267013102255,0.648754571293314,0.2557297587337825,0.7065619500320728,0,0,-0.06371262745486217,0.019113920806307496,0.0037648732322915403
2019-10-29,69.91999816894531,70.55999755859375,69.61000061035156,70.0,681700.0,0.5495600271099158,0.5646426306002097,0.5974997625919196,0.45284712861991583,0.4873821082672031,0.6253497734388653,0.22379147007306954,0.7088044211253474,0,0,-0.0711427961077009,0.009142848423549108,-0.006857081821986607
2019-10-30,70.01000213623047,71.30000305175781,69.75,71.2300033569336,988200.0,0.5515241154048709,0.5646014205648696,0.6723315588149922,0.45325941116193247,0.48261549613716587,0.6437460256186661,0.20748693974151533,0.7120551324857316,0,0,-0.07242856706891741,0.018428584507533482,-0.008285740443638393
2019-10-31,71.06999969482422,71.16000366210938,69.2699966430664,70.5,1564300.0,0.5524855563238033,0.5643504073598417,0.6021345689504738,0.4539011493671552,0.47155718321628115,0.5803884118181325,0.18273814865784727,0.7069093241665159,0,0,-0.08605920208511782,0.003229023530731099,-0.09448270447510079
2019-11-01,68.0,68.11000061035156,64.77999877929688,66.0199966430664,5321700.0,0.5508968879493058,0.5633332390726127,0.3114804678243911,0.455863091552418,0.4298021551969341,0.3045859871268026,0.21107227211837748,0.6894034441355943,0,0,-0.04567377618018617,0.04680855392564273,-0.06297870392495013
2019-11-04,66.16000366210938,66.33999633789062,62.02000045776367,62.16999816894531,3013200.0,0.5475547323578699,0.561731620017146,0.17171503174363578,0.45686583129290903,0.3828786505239744,0.152276847809941,0.2586672123157985,0.6794914390039309,0,0,-0.06270832194567368,0.07785519010910544,-0.04922756710013541
2019-11-05,62.290000915527344,62.900001525878906,61.790000915527344,61.95000076293945,2004500.0,0.5449817319466524,0.5599052136888001,0.1651928895341887,0.4575278918051088,0.3683858646202217,0.1604775142124094,0.30439282802781625,0.6728975805523116,0,0,-0.008042464447904008,0.14492524371234544,0.02670097951267594
2019-11-06,61.75,61.93999862670898,61.0099983215332,61.369998931884766,2186000.0,0.5418547584511595,0.5582305391805332,0.14763315758932083,0.4582374957563924,0.3531902827371084,0.20119166795803678,0.35203955750493027,0.6657066728071185,1,0,-0.01194514397664851,0.1541566252485172,0.13042779227677448
2019-11-07,61.790000915527344,63.16999816894531,61.34999847412109,62.66999816894531,1315500.0,0.5395930803855212,0.5570073149999354,0.23726988074394417,0.45867958578087653,0.37772358210920687,0.2830185012981489,0.37404867684136184,0.6700340466126087,0,0,-0.012709835547819938,0.1549617451808289,0.1590353968730422
2019-11-08,63.09999847412109,63.619998931884766,62.41999816894531,63.15999984741211,1644600.0,0.537313090473541,0.5559395692011523,0.2694740646743442,0.4592390903114838,0.39537892515409234,0.32908325480883643,0.38675789650594056,0.6754440040132238,0,0,-0.03334929334054992,0.13084418090345581,0.11712149643754632
2019-11-11,63.33000183105469,64.97000122070312,63.15999984741211,64.47000122070312,1297500.0,0.5358114107917099,0.554995457081307,0.3513012256429443,0.4596955215462085,0.40396293565518393,0.37433775487933496,0.376769122857246,0.6797121663185249,0,0,-0.03673216458401469,0.12618748004999694,0.11526280552382177
2019-11-12,64.79000091552734,65.22000122070312,64.41000366210938,64.73999786376953,1652600.0,0.5343509340740087,0.554298612319338,0.36756508371616226,0.46028039894924244,0.39920843368664244,0.39744719322706507,0.36364501518822384,0.6851484399414464,0,0,-0.058631960949618776,0.10097722992038544,0.10469985841775331
2019-11-13,64.62999725341797,65.19999694824219,64.06999969482422,64.61000061035156,1024000.0,0.5329225052705066,0.5531952752559427,0.36111790646304476,0.4606413126241051,0.38694585875854803,0.3980886701971578,0.3553135087296592,0.6817799634862415,0,0,-0.05591595692514885,0.10302758755685072,0.10843380451190199
2019-11-14,64.44999694824219,65.2300033569336,63.81999969482422,64.97000122070312,1025600.0,0.531306368253256,0.5520694588221341,0.3850418007208074,0.46100591120439227,0.39086562941366915,0.4043728785485469,0.3504847578290921,0.6851537031859076,0,0,-0.05324251035772071,0.1060208332890519,0.10462779867467464
2019-11-15,65.4000015258789,65.44999694824219,64.61000061035156,65.4000015258789,824100.0,0.530569262733717,0.5509511355117966,0.41389764056173317,0.46130192197533915,0.4043394153529807,0.4203345447122745,0.3419935600093587,0.6878646030362341,0,0,-0.06756969558047043,0.09081116538441485,0.09342772942553021
2019-11-18,65.38999938964844,67.2300033569336,65.38999938964844,66.87999725341797,1145100.0,0.5301892635418135,0.5504921913460731,0.5052329452695343,0.4617283211225318,0.4123773387396523,0.45931073965589064,0.30484652980570187,0.6916314413066004,0,0,-0.06697249183368993,0.0903670263642238,0.09938837688601486
2019-11-19,67.12000274658203,68.62000274658203,66.8499984741211,68.22000122070312,1540500.0,0.5306196242407385,0.5504116420552182,0.5760983333971803,0.4623201589939311,0.438816289001578,0.4976696081146866,0.28580720674786353,0.696698958864455,0,0,-0.09135772541821643,0.06250000712974249,0.06758368463951167
2019-11-20,67.72000122070312,68.86000061035156,67.19000244140625,67.70999908447266,1013400.0,0.5308622732329543,0.5499320935864082,0.5415692395898204,0.46270452621676705,0.4319484418529935,0.4965962370008242,0.27117176078386807,0.693365351403806,0,0,-0.09835829344918859,0.052477305291637015,0.058926950617620835
2019-11-21,67.66999816894531,67.94000244140625,66.16000366210938,66.16000366210938,1307600.0,0.5300885440207312,0.5490947574041501,0.445520368923759,0.4631818268156046,0.3878187713821479,0.4656062193444173,0.24156635438270613,0.6890639648678432,0,0,-0.09836065481411872,0.05361106087571839,0.04785121159316431
2019-11-22,65.29000091552734,67.97000122070312,65.29000091552734,67.58999633789062,1576000.0,0.5294155343295903,0.5485889822886078,0.5236871614854144,0.46377695714361267,0.4027126258196536,0.4747887488436798,0.21821830448953178,0.6942482606621819,0,0,-0.06469169221714159,0.0908404142013745,0.0967352051333737
2019-11-25,67.9800033569336,69.4000015258789,67.97000122070312,69.02999877929688,1747100.0,0.5289714393092887,0.5485515166712525,0.5921529257330868,0.46445875415604676,0.4165259312648998,0.5322846865537523,0.19995482358921957,0.6999953946610964,0,0,-0.10312184366095371,0.049119690408431685,0.05918035532955961
2019-11-26,69.08000183105469,70.3499984741211,68.80000305175781,69.6500015258789,1306800.0,0.5288111997382934,0.5485028120832743,0.6194557275520762,0.464975574108061,0.4215774236756051,0.5578871146936857,0.1947412314962928,0.7042941495748285,0,0,-0.11690574608472684,0.03215994871738193,0.03187015771615513
2019-11-27,69.80000305175781,70.6500015258789,69.68000030517578,70.47000122070312,870000.0,0.5284632484605889,0.5489542631255269,0.6544117139635763,0.4653258586188649,0.41442410123017787,0.5801199697204025,0.19350824988886473,0.7071560387506373,0,0,-0.126202505924693,0.021536252220219484,0.036755168736680735
2019-11-29,70.25,71.0,69.73999786376953,69.80999755859375,512700.0,0.5281473450970835,0.5493513886653225,0.6079814486384718,0.46552914869951023,0.3955663286560425,0.5781479744883211,0.19665317960421103,0.705469497853583,0,0,-0.13111964691937894,0.014900000476363494,0.032496110059021435
2019-12-02,69.75,69.75,68.2300033569336,69.01000213623047,849700.0,0.5295162573436333,0.549654853734648,0.5538044669112532,0.4658597976301516,0.42363960506694653,0.5327125127963701,0.17495268264318292,0.7026743860918765,0,0,-0.12519699160755643,0.02220316725347033,0.06374440773339325
2019-12-03,68.2300033569336,69.38999938964844,67.81999969482422,69.16000366210938,1457100.0,0.5327164869568962,0.5498346858396188,0.5616449190966946,0.46642839007005665,0.5015942910036937,0.5195112909842735,0.14869883570331188,0.707467557032188,0,0,-0.10462258820319417,0.044486300533128936,0.09317490372602105
2019-12-04,68.91999816894531,69.94999694824219,68.91999816894531,69.4800033569336,1090300.0,0.5361639430873405,0.5503554472021032,0.5789648261096757,0.46685667135282505,0.5325373161094746,0.5318279942915972,0.1325120669910918,0.7110541291797562,0,0,-0.11437246137315857,0.03441302424505843,0.09572010404922703
2019-12-05,69.81999969482422,70.30999755859375,69.55999755859375,70.12999725341797,715300.0,0.540174527351991,0.5508518541268478,0.6137947087795732,0.46714168628506014,0.5501357682742405,0.5411797711740822,0.12270491213199697,0.7134071284067172,0,0,-0.1267990925105769,0.021301141125893458,0.07325854521245084
2019-12-06,70.63999938964844,70.81999969482422,70.30000305175781,70.4800033569336,728600.0,0.5437501768857118,0.5514456716567161,0.6322803940907897,0.46743417304617785,0.5335272236439834,0.5500519445179429,0.12094765604395752,0.7158038783532623,0,0,-0.13731643298539972,0.009411146270609728,0.05717955644201927
2019-12-09,70.33999633789062,70.54000091552734,68.83000183105469,69.05000305175781,650000.0,0.5464467931752404,0.5519533204104179,0.5207707006002819,0.46768663167933333,0.5159099682019325,0.509164536782861,0.10098865097908144,0.7136656852908765,0,0,-0.13237794511880605,0.0136209799679691,0.056895600812084494
2019-12-10,68.91999816894531,69.80000305175781,68.80999755859375,69.5999984741211,717800.0,0.5487954564405843,0.5525639963962207,0.5534145902041244,0.4679688645577742,0.5128017564634891,0.5013750308204961,0.08276696349602913,0.7160269083373081,0,0,-0.11455466325588734,0.034467846164011315,0.0448949795381968
2019-12-11,69.58000183105469,69.58000183105469,68.83999633789062,69.44000244140625,725300.0,0.5509472564422486,0.5531634334114004,0.5409910054685233,0.4682528802598963,0.5281912889815711,0.4914497187304091,0.06584682511890905,0.7136410138324643,0,0,-0.12313223703170069,0.024712661758788137,0.01896551327246114
2019-12-12,69.25,70.05000305175781,68.63999938964844,69.43000030517578,571000.0,0.5531539937294195,0.5536298692714279,0.5401676811606954,0.4684763374665607,0.5305121302112621,0.49037723886357004,0.05181718087496873,0.711762693465353,0,0,-0.11866361446948022,0.02750581213935071,0.03974657314505957
2019-12-13,69.2300033569336,74.0199966430664,63.7400016784668,64.33999633789062,4324400.0,0.5528655590086675,0.5528693336745384,0.24755867268651188,0.4699684099213115,0.43969085489218246,0.37316925963043623,0.09040803635914452,0.6975374594976891,0,0,-0.1183926976706007,0.06899025298975454,0.019299961572817863
2019-12-16,64.68000030517578,65.47000122070312,63.22999954223633,63.560001373291016,5895600.0,0.5520231529501202,0.5517585042022557,0.2179284011355278,0.4719552183893594,0.34038060025823874,0.2011001025900416,0.13055687106797964,0.6781437194690701,0,0,-0.05704075524606874,0.14516625535445027,0.09278833634603918
2019-12-17,64.05999755859375,65.0,62.90999984741211,62.90999984741211,4795600.0,0.5502055716512639,0.5505296598217627,0.1939692189693193,0.473538316076226,0.22845327201361756,0.2170421108895154,0.17057272676041202,0.6623684600075659,0,0,-0.04798614177409707,0.15670231071860888,0.06450607323678437
2019-12-18,63.02999877929688,64.52999877929688,63.02999877929688,63.95000076293945,2973000.0,0.5482506401527201,0.5498515478684712,0.26966480459029085,0.4745451779025499,0.22498996606443253,0.2697972774331492,0.20773030704624207,0.6721482261221401,1,0,-0.03210936993583182,0.17469397377882226,0.08853917832354503
2019-12-19,64.0,70.6500015258789,63.41999816894531,69.83000183105469,6889300.0,0.5492212396145438,0.5501568865759562,0.5628744999314081,0.4772334544628104,0.34106150414581066,0.4355689707650359,0.19830288191551376,0.6948107699139788,0,0,-0.041438647291067,0.15668485572361765,0.10930410915366871
2019-12-20,70.54000091552734,71.83999633789062,69.9800033569336,71.55000305175781,27143600.0,0.5516889394867529,0.5508949428024325,0.6206856407593847,0.48813389557785825,0.7474364312472229,0.5548830291335805,0.20001676938978624,0.7841003963880985,0,0,-0.11628243639785953,0.049835251844307475,0.00386648483440729
2019-12-23,71.91000366210938,72.38999938964844,70.23999786376953,70.44000244140625,3092300.0,0.5529937559049046,0.5513257881124315,0.567066630200968,0.4893343964737644,0.6733060471628711,0.545385898760113,0.20629464501730022,0.7739281896083816,0,0,-0.1257862114720924,0.029489767868083883,0.004751870347855591
2019-12-24,70.2300033569336,70.76000213623047,70.12000274658203,70.61000061035156,783800.0,0.5537171271030669,0.5518615342926909,0.5732048731958606,0.48963952164977576,0.6646323266048235,0.5179482783903017,0.2105238974095221,0.7765065214888403,0,0,-0.10391827450049346,0.05380455926709292,0.027825085413689932
2019-12-26,70.94000244140625,71.55999755859375,70.1500015258789,71.54000091552734,1147700.0,0.5545824242794021,0.5525377733224063,0.6071086556886436,0.49009550317592376,0.6847339056693158,0.536722334710083,0.22171605201439215,0.7802819125314561,0,0,-0.11372330441273111,0.04361980137426345,0.027616441458524987
2019-12-27,71.77999877929688,71.91999816894531,71.2300033569336,71.6500015258789,1229900.0,0.5551226630423008,0.5532720822725635,0.6111689752837464,0.4905850016980703,0.6790463292581892,0.5522037140755255,0.23535957746110087,0.784327702758269,0,0,-0.12398656441671338,0.0313111243374803,0.018591023399973403
2019-12-30,71.51000213623047,71.91999816894531,70.77999877929688,71.20999908447266,1540300.0,0.5557636248192427,0.5537797295970982,0.5855701578835502,0.49119155309138407,0.6806203267508741,0.5367472977922957,0.24104301890178326,0.7792608431059721,0,0,-0.1200279428565283,0.03503132523911204,0.036147889500814
2019-12-31,70.94999694824219,71.80000305175781,70.8499984741211,71.47000122070312,1056100.0,0.556889884580616,0.5546151935703639,0.5965753368264132,0.49160954576511384,0.6867203898392795,0.5315076166149231,0.24632050023955976,0.7827349134031809,0,0,-0.11290545154048738,0.04311191875150062,0.030894601964914642
2020-01-02,72.0,72.45999908447266,71.12999725341797,71.88999938964844,1334800.0,0.5581397567273396,0.5553982071084993,0.6148204318682698,0.4921424312860704,0.6696519264567503,0.5401349281429204,0.2582399446092662,0.787125775094985,0,0,-0.12718623194810774,0.02826355965530979,0.02826355965530979
2020-01-03,70.72000122070312,72.0999984741211,70.72000122070312,71.63999938964844,687100.0,0.5591286662890252,0.5562149389876709,0.5977646410074351,0.4924150603036763,0.6723713359291525,0.5221929442258318,0.26203100858246203,0.7848655405516537,0,0,-0.10863821727080987,0.04590340033913609,0.04743352429636903
2020-01-06,71.22000122070312,71.79000091552734,71.05000305175781,71.73999786376953,914800.0,0.5598657718085642,0.5570691350550306,0.6026589184840334,0.49277867570901923,0.6808947022464842,0.5191798034994356,0.26555128227185826,0.7878748005723778,0,0,-0.11599667007383814,0.039084246876303914,0.06783920507757296
2020-01-07,71.63999938964844,71.9000015258789,70.87000274658203,70.91000366210938,890600.0,0.5600626385652043,0.5576423468526451,0.5426860462332552,0.4931259601410988,0.668751679360419,0.5070001904375768,0.2653014855190921,0.7849451471241302,0,0,-0.12168943131018956,0.03317531815288673,0.05603574563933934
2020-01-08,71.16999816894531,72.25,70.93000030517578,71.69000244140625,1391700.0,0.5612713077477982,0.558135009359405,0.5848719621069527,0.493677866761398,0.6828540914887284,0.5138805718039895,0.2697903005495753,0.7895231829470879,0,0,-0.11648565639472555,0.040191768818705974,0.04258925562677232
2020-01-09,72.20999908447266,72.44999694824219,71.7300033569336,71.9800033569336,1408400.0,0.5623609438164874,0.5585059111108027,0.6003002101623524,0.49423954580421314,0.6654072225024439,0.5206872484796637,0.2767056479426025,0.7941561538841099,0,0,-0.1297251906869669,0.025247558891814785,-0.05509829563014178
2020-01-10,72.08999633789062,72.08999633789062,70.9800033569336,71.27999877929688,657600.0,0.5632033481285542,0.5587456853452077,0.5462300003990925,0.49449758365897034,0.6500972464445811,0.4979403032293675,0.2668426193234707,0.791992960410533,0,0,-0.12753537180259436,0.026813006601365638,-0.12920248664405548
2020-01-13,71.27999877929688,72.62999725341797,70.97000122070312,72.36000061035156,1798900.0,0.5645447882393901,0.5589573607238881,0.6066484234580585,0.49522008484026603,0.6733746038579048,0.5096846534708717,0.2659388431800457,0.7979104919488806,0,0,-0.1174242294504053,0.03843992579536011,-0.1475869898698593
2020-01-14,72.16999816894531,72.88999938964844,71.5999984741211,72.54000091552734,1389800.0,0.5682989909369285,0.5593395014459087,0.6163437153065349,0.4957799660541361,0.7639577208569244,0.5178140932622076,0.2690233834662501,0.8024822776690406,0,0,-0.1279712305614395,0.025566590084528544,-0.19928134393744656
2020-01-15,72.33000183105469,74.4800033569336,72.33000183105469,74.19999694824219,1931400.0,0.5731702931064684,0.5608718101811435,0.6980039331208681,0.4965855198449344,0.8775474581379004,0.5721934998652262,0.29303297038261866,0.8088356716393361,0,0,-0.1298594136304485,0.029638840622328883,-0.15936036982895285
2020-01-16,74.20999908447266,74.69000244140625,73.63999938964844,74.66000366210938,1301500.0,0.5785497896176687,0.5632114854630865,0.7181788553814362,0.49713311618070954,1.0,0.6360493451795031,0.3178051208259381,0.8131169920557904,0,0,-0.1522911011026429,0.006469048203174692,-0.21900270442511072
2020-01-17,74.7699966430664,76.05999755859375,74.47000122070312,75.54000091552734,1231300.0,0.5838560317575794,0.5657572159238147,0.7550896291674393,0.4976603328042778,0.9949584811119638,0.7116208671039417,0.35555788369922864,0.8171673876215069,0,0,-0.1588534183487236,0.01727833983729137,-0.2298418857622384
2020-01-21,75.19999694824219,75.37999725341797,74.05999755859375,74.91000366210938,1368000.0,0.5861818056516157,0.5682935810520794,0.6974916066969519,0.49823805935733134,0.894667112825053,0.6308113496824009,0.38048879614711545,0.8126673136071316,0,0,-0.16269522043788925,0.011384704791217289,-0.204262593373981
2020-01-22,74.97000122070312,75.83999633789062,74.52999877929688,74.6500015258789,1278200.0,0.5876010759122262,0.5705377207962253,0.6738743272839749,0.4987745265595456,0.4936512192388596,0.6050877262415622,0.4086643716710196,0.8084626391881444,0,0,-0.16099320229230143,0.014550744688348771,-0.26057935527290843
2020-01-23,74.47000122070312,74.73999786376953,73.87000274658203,74.3499984741211,891900.0,0.5893911868218489,0.5726338738528605,0.6460502676799506,0.499146274430338,0.5467015329904497,0.547165925984548,0.41840242577332926,0.8055287093537722,0,0,-0.1548560098727327,0.021299347694446077,-0.28760885173271056
2020-01-24,74.6500015258789,74.6500015258789,71.69999694824219,72.0199966430664,1319000.0,0.5900367243772756,0.5740481676798851,0.46384124330938237,0.4996686790853323,0.517236093176054,0.45937556081482095,0.383825282610681,0.801189822201023,0,0,-0.15790184155219752,0.01896430479693445,-0.3683927877130933
2020-01-27,70.5999984741211,71.55999755859375,70.06999969482422,70.9000015258789,1264300.0,0.5897437138780385,0.5752020829694182,0.39474018718279114,0.5001566056719245,0.49749617374219757,0.3523808828622533,0.3569122297755675,0.797030872218293,0,0,-0.10677588149331474,0.0758122651898,-0.28103302981364553
2020-01-28,71.25,72.30999755859375,70.79000091552734,72.01000213623047,942300.0,0.5899085327204795,0.5765882793698853,0.46687923437190204,0.5005292187658842,0.5036560778746125,0.3994815020330208,0.32020292177908344,0.8001305942531949,0,0,-0.11763046506485254,0.0678419951350505,-0.41241186247075085
2020-01-29,71.51000213623047,71.93000030517578,70.2300033569336,70.56999969482422,2025300.0,0.5896155222212422,0.577637292359991,0.3829999907077589,0.5013037965040474,0.4866410768992064,0.3575907429485165,0.29421126472455517,0.7934683136235793,0,0,-0.11942788548386157,0.06318560321322414,-0.4903485672239059
2020-01-30,70.70999908447266,70.75,69.18000030517578,70.6500015258789,1876200.0,0.5892401023007844,0.5786207423061838,0.3884068410436804,0.5020218603037007,0.5133734221905788,0.3255234108456836,0.2842477787911819,0.7996401256599615,0,0,-0.11052854287645149,0.07581122994554124,-0.39478532989698867
2020-01-31,70.41000366210938,70.52999877929688,68.01000213623047,68.16000366210938,1814700.0,0.5875324008123823,0.5788605179697559,0.26553003289976906,0.5026760270965189,0.47699285169544337,0.27819409418516095,0.288993510280448,0.7936706195825589,0,0,-0.10445866558274902,0.07997160331857597,-0.4826610269262007
2020-02-03,68.5999984741211,69.58000183105469,68.29000091552734,68.5999984741211,1626700.0,0.5861405991945251,0.5789317004989802,0.2967616116095718,0.50326811480653,0.45515829972492083,0.29266917523208724,0.2934002609490523,0.7990216944357637,0,0,-0.07599765297629202,0.10944833749502456,-0.5088027940417298
2020-02-04,69.83000183105469,71.36000061035156,69.06999969482422,70.98999786376953,2080800.0,0.5857972271882664,0.5795461223319349,0.444719883220522,0.5040682372682354,0.4677075816857759,0.3724465021995039,0.2669565114431517,0.8058665438576291,0,0,-0.026530608386395253,0.09081626626987882,-0.5879009144040859
2020-02-05,71.69999694824219,71.7699966430664,70.37999725341797,70.80999755859375,1170000.0,0.58575144145973,0.5804171768552291,0.4351198566834751,0.5045158681387665,0.47533830759363144,0.39608195539545277,0.2361545111754756,0.8020177963453345,0,0,-0.05197908047684201,0.06141711144601588,-0.5462741223589843
2020-02-06,71.18000030517578,72.4000015258789,70.69999694824219,72.25,1164300.0,0.5860078247733225,0.58129010644585,0.5129531533436384,0.504975694498882,0.4905457331300148,0.43081712896970603,0.21172784507511255,0.805847793549236,0,0,-0.04476766386444523,0.0689167832463188,-0.5254907550827436
2020-02-07,72.0999984741211,72.73999786376953,71.62000274658203,72.19000244140625,953400.0,0.5861039685159196,0.5818820503375587,0.5093238689620566,0.5053514985033252,0.4996414252052423,0.44825284562969214,0.194070865476423,0.8027115577558841,0,0,-0.05660894585315744,0.054809675909656144,-0.4812456282777357
2020-02-10,71.9800033569336,72.91999816894531,71.97000122070312,72.88999938964844,1323900.0,0.5868410740354585,0.5824889790470423,0.5466996991495002,0.5058811081193157,0.5310017345792072,0.46401461265109134,0.18040429868119628,0.8070665635947959,0,0,-0.054993781499389986,0.05651744097074557,-0.4022718347155513
2020-02-11,73.01000213623047,74.02999877929688,72.97000122070312,73.11000061035156,833600.0,0.5871844460417173,0.5829835137627944,0.5584603567879871,0.5062159763614169,0.49385311144807165,0.49411076790137365,0.1837004590867567,0.8098087139591111,0,0,-0.06859651587142257,0.0418438118795818,-0.3719303174284513
2020-02-12,73.44000244140625,74.23999786376953,73.2300033569336,74.0999984741211,765900.0,0.587898658696988,0.5837871330331834,0.6099981028078698,0.5065301367373524,0.49218432948505464,0.508924465544284,0.18962453507410726,0.8123281632921594,0,0,-0.07427164901988735,0.0358363438013231,-0.37614558316394786
2020-02-13,73.5199966430664,74.12999725341797,73.12000274658203,73.1500015258789,853600.0,0.5874179399840022,0.584562653447848,0.5415010948704643,0.5068730189590352,0.44681978484156515,0.4935172676569758,0.19279887389583128,0.8095202223720784,0,0,-0.07435890175841589,0.03427801576020843,-0.35587038677736327
2020-02-14,73.37000274658203,74.18000030517578,72.93000030517578,74.0199966430664,965900.0,0.5871249259918042,0.5854730457974898,0.5878498730986659,0.5072681515905775,0.4364809413447503,0.5060403982384521,0.1915569739955082,0.8126975772627839,0,0,-0.07327410114209375,0.036773680873541145,-0.38468903099599216
2020-02-18,73.72000122070312,74.91000366210938,73.51000213623047,74.12999725341797,1827700.0,0.5864793849434168,0.586344100320784,0.5936669208253824,0.5080169876953244,0.4235739695376577,0.5316630619614656,0.20177459241008633,0.8187098472014341,0,0,-0.0771413042884476,0.031613029505720966,-0.38178875193015344
2020-02-19,74.56999969482422,76.5999984741211,74.55999755859375,76.08000183105469,1491600.0,0.5870150444348697,0.5874586777839694,0.686968238059461,0.5086529301278967,0.43043288757536713,0.5937304646067161,0.23306234982345791,0.8236165068504415,0,0,-0.0884931579879599,0.027384309382303077,-0.4814515034271554
2020-02-20,76.05000305175781,76.05000305175781,74.27999877929688,75.66000366210938,1306000.0,0.5874774530479938,0.5884290151213798,0.6535911773057596,0.5092045082512597,0.46651147746619914,0.5739929548175132,0.25552680666491767,0.8193203835589401,0,0,-0.105678242928821,0.007229172044246476,-0.5533648958409171
2020-02-21,75.48999786376953,75.7699966430664,73.73999786376953,74.19000244140625,1466000.0,0.5874042021696648,0.5893918593353189,0.5458822970049417,0.5098043694667752,0.4480440771120571,0.5405299792550475,0.2638386809318914,0.8144979358213128,0,0,-0.09886327472232273,0.01467090347112225,-0.5540575752038841
2020-02-24,71.3499984741211,72.2699966430664,68.1500015258789,68.26000213623047,4126600.0,0.585682766359886,0.5891408461302908,0.2682721854768505,0.511276977295712,0.3896228648817445,0.34380276900269446,0.27098314163082243,0.8009233704501718,0,0,-0.04501949357028915,0.07076425161390637,-0.4965628648103007
2020-02-25,68.41999816894531,69.48999786376953,62.41999816894531,62.790000915527344,5181000.0,0.5819697701194383,0.5878951425792799,0.1293116364263231,0.5128743665098832,0.2923768795616808,0.21162952137935104,0.3163898540138927,0.7838803269790621,0,0,-0.0878992061562707,0.1198359221971672,-0.44784645089541447
2020-02-26,63.369998931884766,64.62000274658203,59.04999923706055,60.7599983215332,6644800.0,0.5768191882790771,0.5862710448679838,0.09126418083356125,0.5147990184847353,0.22863248114524262,0.18463954914591074,0.37305659898626525,0.7620220727314594,0,1,-0.06880075858950857,0.21070233077452752,-0.407867498597511
2020-02-27,59.0,60.75,56.52999877929688,57.75,7752100.0,0.5709498162584797,0.5850365817167629,0.04291521843771795,0.5168330113113313,0.18685784304923694,0.18935946942273196,0.43438726952960877,0.7365213243638875,1,1,-0.040651765782352814,0.289664235686519,-0.34117840873754046
2020-02-28,57.5,64.31999969482422,55.77000045776367,60.77000045776367,10008500.0,0.5664264618736837,0.5845139481452861,0.1820919919750733,0.5197069413866324,0.18808083237655676,0.27251313502822017,0.45111219221144155,0.7694445632329479,0,1,-0.029956702030066288,0.3307359043137852,-0.3132467558889678
2020-03-02,61.09999847412109,61.09999847412109,55.31999969482422,57.959999084472656,5761600.0,0.5617566004927887,0.583586695195959,0.1312155423645015,0.5212143266673814,0.21045088446090307,0.27473934922479193,0.4687688104637198,0.7504916199279593,0,1,-0.09511269928842735,0.255060060609557,-0.3149580260897168
2020-03-03,57.959999084472656,61.630001068115234,55.2400016784668,57.61000061035156,7189900.0,0.5567250570057732,0.5823990622799733,0.12520693753386397,0.5230668362294538,0.18988194801456673,0.30548030147628324,0.4794643167823553,0.7268402440829619,0,1,-0.04692887248051286,0.3216010987591966,-0.33626635906885055
2020-03-04,58.09999847412109,59.84000015258789,55.56999969482422,59.77000045776367,3712600.0,0.5515882129797494,0.5805145846020185,0.218203084172095,0.5240894157960151,0.23425551481526655,0.33035095719016677,0.48939585836394556,0.7390529449497524,0,1,-0.04964410285287162,0.3211248013192325,-0.37667065992606585
2020-03-05,57.52999877929688,57.97999954223633,54.25,55.45000076293945,7273600.0,0.5445559557586142,0.5774986710049436,0.1382728157082907,0.5258169575476918,0.19059480071797602,0.3238898923015255,0.5059550088540554,0.7151262356288755,0,1,-0.05487700776603951,0.31905637525132663,-0.3208967736034952
2020-03-06,52.959999084472656,56.43999862670898,50.869998931884766,53.0,7839700.0,0.535742740931307,0.5742317434882572,0.10066217836288799,0.527506565398071,0.1336123331185013,0.3196310913453063,0.5373434954101082,0.6893373246270498,0,1,-0.03769161629993633,0.42633001017825883,-0.2939585033866187
2020-03-09,48.290000915527344,50.22999954223633,46.0099983215332,47.2599983215332,7105200.0,0.5243290535570684,0.56985773234644,0.029628839176067456,0.5286829214329255,0.07438625045329522,0.2927500518509456,0.5834651655048704,0.6659645717857201,1,1,-0.04301891686781397,0.5341508973319575,-0.2230188621664947
2020-03-10,49.18999862670898,50.72999954223633,44.59000015258789,50.36000061035156,7168400.0,0.5140141590479301,0.5658902142206325,0.14134016238979996,0.5300545120075726,0.17734957551438538,0.31641619500966567,0.6303647657049694,0.6895452227832694,0,1,-0.0973338687577815,0.5799830897353888,-0.27168854440558804
2020-03-11,48.02000045776367,48.34000015258789,40.900001525878906,42.0099983215332,9184500.0,0.4997756654738469,0.5603379362098766,0.0474848058126891,0.5311514509469505,0.05880407853592917,0.29704790729644487,0.6831871088099999,0.6593325548117567,0,1,-0.1413820263223198,0.5675138536531862,-0.17017473373625505
2020-03-12,37.13999938964844,42.130001068115234,31.799999237060547,36.20000076293945,15789800.0,0.4824239344721276,0.5537797303116817,0.0,0.5322472231581421,0.0,0.2656461964583279,0.7478055445453644,0.6073915689402786,1,1,-0.1271126009507777,0.9393001823626952,0.026184297376049347
2020-03-13,42.08000183105469,43.630001068115234,37.77000045776367,42.84999847412109,9856000.0,0.468551704022091,0.5484185226619361,0.17683749817089772,0.5334799052335375,0.16336752142602484,0.31413533201277233,0.7943023326618948,0.6398131548216253,0,1,-0.2839779662247554,0.9535910473904468,-0.0019337985648097556
2020-03-16,35.0,39.22999954223633,34.849998474121094,36.310001373291016,9548800.0,0.45128696171303806,0.5417535422553215,0.11366145647272324,0.5341416986951852,0.08404234767600516,0.2984300950429753,0.8423510507995386,0.60840211187684,0,1,-0.07467913364972621,0.9708284703731105,0.20163359853715038
2020-03-17,37.0,37.5,32.11000061035156,33.91999816894531,7113900.0,0.4328776443033091,0.5346876883180083,0.09321585847897168,0.5344895279128515,0.040792374890772753,0.3043581875418494,0.8911029346323549,0.5850007401437524,1,1,-0.14321125216933978,1.0906085644835624,0.26246208809859695
2020-03-18,31.75,32.29999923706055,21.700000762939453,29.5,14709300.0,0.4115519527296234,0.5267751314368067,0.058053126025993496,0.5346600334750028,0.1669948298283241,0.28573671825641755,0.9480726219337048,0.5366140890475172,0,1,-0.2962853708601198,1.322228799976248,0.38679244222060377
2020-03-19,29.030000686645508,37.33000183105469,27.51000022888184,32.91999816894531,10497700.0,0.3919843241513614,0.5196586992733558,0.13898263260658061,0.5350806224356148,0.17387771046631512,0.3307841117031596,0.9660723484340479,0.571146564910607,0,1,-0.24847457368495102,1.6125422978805284,0.4115253383830442
2020-03-20,34.5,36.91999816894531,32.310001373291016,33.970001220703125,7341400.0,0.37357042747018665,0.5125928453360427,0.16329187021242397,0.5354375459031804,0.14870149030894603,0.35172740124066465,0.9827863801843666,0.5952963042155298,0,1,-0.3888213836273926,1.2788578619617186,0.22266106436085276
2020-03-23,33.56999969482422,39.310001373291016,33.0,37.33000183105469,6333400.0,0.3594097657923585,0.5061020754053366,0.23921030112621833,0.5359213144012992,0.27607900273513775,0.3732659449537351,0.9822805513496187,0.6161301995098603,0,1,-0.34942592008653084,1.2667058355320902,0.1966440996506245
2020-03-24,41.2400016784668,43.4900016784668,40.52999877929688,42.93999862670898,6404900.0,0.3503218523121562,0.5007933189053049,0.3511672745292317,0.5367071891153581,0.45222094876457974,0.41766124405099153,0.9562640650107401,0.6371992960410533,0,1,-0.5234395916710641,0.9472272987203137,-0.07366728810905884
2020-03-25,44.02000045776367,46.63999938964844,40.58000183105469,45.900001525878906,7807500.0,0.34351850976186016,0.495836731347993,0.4039639116406336,0.5378529337267249,0.624341144669492,0.43764296737669506,0.9148588969984075,0.6628822842480961,0,1,-0.5197950723952987,0.7587330940456164,-0.10829067709812577
2020-03-26,46.0,46.77000045776367,43.619998931884766,45.93999862670898,7112100.0,0.3381115446079066,0.4908539178585326,0.40468421541771316,0.5388947484796583,0.7592212081936822,0.4512112500941457,0.8757047994077984,0.6862777348311649,0,1,-0.5294117304845829,0.6666666112607532,-0.08801744621401697
2020-03-27,43.84999847412109,48.650001525878906,42.7400016784668,47.150001525878906,12341800.0,0.3318759094632626,0.48578680994564893,0.42746528179000853,0.5408161872913855,0.8482655893191646,0.4649558382444297,0.8289237235490685,0.726876428888633,0,1,-0.4821505958492538,0.7128863948411078,-0.07096209009544617
2020-03-30,44.97999954223633,46.41999816894531,44.11000061035156,45.22999954223633,9283300.0,0.3260477421532756,0.48027386976124065,0.39412585706637016,0.5421064818735475,0.8526795507830562,0.4637965369240557,0.785484153108819,0.6963387555716376,0,1,-0.4937433303479182,0.6706256184218723,-0.14464473964186345
2020-03-31,44.43000030517578,47.619998931884766,43.27000045776367,45.459999084472656,7536600.0,0.3204851149532921,0.4746391695360538,0.39894999587775604,0.5431634709753944,0.8914831263399938,0.474483364089617,0.7380708911122045,0.7211306107008338,0,1,-0.5025425552129572,0.7112535594634392,-0.15432234386202723
2020-04-01,42.290000915527344,43.56999969482422,37.7599983215332,38.880001068115234,11750100.0,0.3109210602850695,0.4678898925622651,0.2919702700154757,0.5441705177934398,0.6716807471482473,0.42345490738972735,0.7159400717228173,0.6824783302356946,0,1,-0.4529256614002138,0.742630946241298,-0.06819186870325313
2020-04-02,37.95000076293945,38.77000045776367,33.33000183105469,33.95000076293945,6116000.0,0.30107772943898603,0.4602658137888631,0.22706824587954588,0.5444459842353379,0.6284070703193418,0.37478658498800127,0.7096931987173061,0.6623595782825374,0,1,-0.41795266341508214,0.9727364928274765,0.05426956153254674
2020-04-03,33.70000076293945,34.099998474121094,28.5,33.56999969482422,10848800.0,0.2921821051904584,0.45262674948310255,0.22232140016150048,0.5448988354422873,0.8447180539547914,0.3431986418314527,0.7170172860793709,0.6266721492129804,0,1,-0.35346096407454153,1.136082327345064,0.36671577269977973
2020-04-06,36.810001373291016,38.15999984741211,33.04999923706055,34.5099983215332,7803800.0,0.28634478108406014,0.44560023408672067,0.2456828192068693,0.5452825568814167,0.8355986737518799,0.39180945202201867,0.7003798385481659,0.6523429661672067,0,1,-0.45010428202896896,0.9734881378481834,0.24009525266204965
2020-04-07,37.16999816894531,39.810001373291016,35.959999084472656,37.84999847412109,8619800.0,0.28061733504163555,0.439409181949021,0.32569966145537377,0.5459379142162814,0.7042315228969316,0.4339066607448974,0.6760382207541447,0.6806980377966743,0,1,-0.44827580870535844,0.7954217882563251,0.305998316050392
2020-04-08,38.13999938964844,39.45000076293945,36.720001220703125,37.7599983215332,5020100.0,0.2786715603395028,0.4329933411092747,0.324208369768895,0.5463145462198763,0.8109466443881432,0.4393601560194645,0.6534352899454106,0.6641842793466998,0,1,-0.43434608426601096,0.6916777109799793,0.19524437747867168
2020-04-09,40.84000015258789,40.880001068115234,37.86000061035156,38.27000045776367,6288300.0,0.2796192669370585,0.4269427825356147,0.3370029304397868,0.5468108250060918,0.7653584289655787,0.45396886956487403,0.6242066026077098,0.6848698169377785,0,1,-0.5068855995878996,0.6218220494158896,0.14962928434922382
2020-04-13,38.54999923706055,40.02000045776367,36.13999938964844,39.40999984741211,6211300.0,0.2780443346304181,0.4210907867318524,0.3663342161756802,0.5473565313325981,0.7048929079210743,0.44865367921992466,0.6037570813769428,0.7053020608891593,0,1,-0.4402926122960839,0.6030833957403976,0.2910896069087584
2020-04-14,39.66999816894531,42.41999816894531,39.66999816894531,41.959999084472656,6017900.0,0.2806310693630123,0.4161829023333517,0.42948761694869697,0.5480071474838057,0.8510285239443586,0.491267248804751,0.5706396735996384,0.7250981101662856,0,1,-0.45597557664507005,0.5572190556760924,0.3052525409939605
2020-04-15,39.34999847412109,40.630001068115234,37.9900016784668,38.470001220703125,4396600.0,0.2827141942648328,0.4105388367757015,0.3574585754458982,0.5483577124717208,0.8416408131098796,0.4496235090652778,0.5469732111954391,0.7106353722923073,0,1,-0.4206386581574792,0.48832226228644393,0.23021925782135705
2020-04-16,37.75,37.970001220703125,35.79999923706055,36.400001525878906,7796100.0,0.28587321742100513,0.4040593072447856,0.31850949881164126,0.5488477605868938,0.629718537791366,0.39763334061435357,0.5338584603950156,0.6849898847020509,0,1,-0.4172081811222567,0.5258642812662375,0.29659473577743667
2020-04-17,40.86000061035156,40.869998931884766,37.02000045776367,38.34999847412109,7748200.0,0.28835923088603677,0.3979787768918249,0.36938704867610517,0.5494538714088399,0.5592912642401113,0.4290835235428793,0.5041163494970973,0.7104778039112485,0,1,-0.5263736001162015,0.42802190558373127,0.2692307369848089
2020-04-20,37.15999984741211,38.66999816894531,36.16999816894531,36.65999984741211,3326200.0,0.2895907911864184,0.3913119228470506,0.33577498632479896,0.5496683047957936,0.5599416697299652,0.39222214226540736,0.48028442450949543,0.6995361765818516,0,1,-0.4031290664823676,0.35384615996742147,0.3486310160066099
2020-04-21,36.0,37.43999862670898,35.25,36.470001220703125,3746200.0,0.2891970576731383,0.38462071650828716,0.3319352759216002,0.5499036728616459,0.5206798570999985,0.376064150791526,0.46232968135307456,0.6872129475813746,0,1,-0.39007090279816264,0.4018003165178994,0.4885433693932873
2020-04-22,37.22999954223633,37.47999954223633,36.11000061035156,36.34999847412109,2811100.0,0.286179962241619,0.3777759047112851,0.3293502246955886,0.5500772896803412,0.4017212202091175,0.3863989176053478,0.44538454966448765,0.6779657560157238,0,1,-0.4258294011375266,0.3131341267178166,0.44529753591693727
2020-04-23,36.5099983215332,41.45000076293945,36.470001220703125,39.45000076293945,9664300.0,0.283226962638498,0.3714705856562779,0.4199184713969384,0.5509110505328426,0.32041640621095663,0.44506193315318887,0.40421181890036634,0.7097567394200562,0,1,-0.40742773535843574,0.3339753428872527,0.5625860143432624
2020-04-24,39.43999862670898,40.119998931884766,37.86000061035156,38.2400016784668,5685700.0,0.2797016781047593,0.36475315481453296,0.390277047425029,0.5513448356953856,0.17529224335429175,0.4435046378455378,0.3659799974765395,0.6910534712741986,0,1,-0.4496830803723336,0.23346014502037957,0.44740180442429467
2020-04-27,39.45000076293945,43.11000061035156,38.650001525878906,42.0099983215332,8553700.0,0.27734843382148944,0.3589198911048648,0.4902845556024287,0.5522511244923931,0.13986318578408335,0.5293362907481607,0.3379459240122226,0.7191911051168605,0,1,-0.4641736197934098,0.24058578344990073,0.3653241839126921
2020-04-28,44.130001068115234,44.560001373291016,42.11000061035156,43.63999938964844,6480200.0,0.2766204850983617,0.35322899459739576,0.5289525880391732,0.553018780345523,0.17838651831801441,0.6066613308347713,0.3197252014533691,0.7405079030905113,0,-1,-0.5339205237168211,0.10759344533100922,0.19876217109585334
2020-04-29,46.29999923706055,47.560001373291016,45.540000915527344,46.52999877929688,6985000.0,0.27711036235423914,0.34805885802324416,0.5922906120284327,0.5540031035454752,0.17451723581331424,0.6995290282988493,0.31770793950287807,0.7634852546916889,0,-1,-0.5637029976667759,0.05384973239426278,0.03299730663488102
2020-04-30,45.47999954223633,46.130001068115234,44.04999923706055,44.869998931884766,3126600.0,0.2798527591328631,0.3422124817047934,0.5439503975280584,0.5544015006395531,0.3078635146124274,0.6221455414052754,0.3054707534333903,0.753200217108834,0,-1,-0.38620244540711407,0.068128133823486,0.07822908844063893
2020-05-01,43.5,44.11000061035156,40.43999862670898,41.16999816894531,3400300.0,0.2831582857921737,0.3357516828388044,0.4469486529490262,0.5547346346293452,0.36223706280512685,0.5235393906621117,0.2714127329067855,0.7420148357703251,0,-1,-0.33429909420704157,0.11477605635108003,0.1314910110614321
2020-05-04,39.56999969482422,42.0,38.540000915527344,41.83000183105469,3282000.0,0.28693995713246545,0.3296898845799377,0.46350723698443674,0.5550727211082751,0.2435854401792694,0.48232100599022815,0.246204843752292,0.7528110659714797,0,1,-0.26888511506357954,0.22054899768987038,0.23390822191921254
2020-05-05,42.18999862670898,42.43999862670898,39.75,40.25,3305700.0,0.28956789832215024,0.3244429445620831,0.42328148459768544,0.5553714705573161,0.2693594511896864,0.47604089395606425,0.22008043280406558,0.7419368739617427,0,-1,-0.3272770267140053,0.15443467885229706,0.13889555627457956
2020-05-06,40.68000030517578,40.68999862670898,38.209999084472656,38.4900016784668,5069600.0,0.2898609105678678,0.31989097638262165,0.3803265844603706,0.5557583529534569,0.19274727787999002,0.4216282591295144,0.20473184471463163,0.7252602838862481,0,-1,-0.3026087032341809,0.19801245268827639,0.1898136494322593
2020-05-07,39.29999923706055,40.61000061035156,38.65999984741211,39.369998931884766,12349700.0,0.29059801608740676,0.31588412043046654,0.40618738434278345,0.5567819070698241,0.14880373955780257,0.43187943183537275,0.19047958434587153,0.7658849652132436,0,1,-0.2805923295945866,0.24292028789516035,0.18732135022239516
2020-05-08,41.06999969482422,42.45000076293945,39.369998931884766,41.959999084472656,10711300.0,0.29228740572946676,0.312926277468417,0.4784384268885472,0.557881633748527,0.3904266217704939,0.4834397696859812,0.16432625719195687,0.8011200842119113,0,-1,-0.3192786394678841,0.19253243679709212,0.11963421925973572
2020-05-11,41.0,42.040000915527344,39.34000015258789,40.59000015258789,3494600.0,0.29282764449236554,0.3091460831418844,0.4407319496019412,0.5582016574353937,0.2985857460430049,0.4609944336357331,0.14024733461331712,0.7896245004029671,0,-1,-0.2979027710376104,0.15776928208595942,0.14013348895165098
2020-05-12,40.77000045776367,41.34000015258789,38.0099983215332,38.15999984741211,6862500.0,0.2910878933432841,0.30543707205915965,0.3780678228379163,0.5586981988271756,0.0902080319848404,0.4154343302969527,0.12718379810230795,0.7670501159558545,1,-1,-0.30229121487158644,0.168760740289979,0.08401083603333513
2020-05-13,38.0,38.560001373291016,36.470001220703125,37.45000076293945,4974400.0,0.2906209072051946,0.3016606242943626,0.36050381044574364,0.5590294860002859,0.14080196128244332,0.3651109848737493,0.1252998301951727,0.7506866889258046,0,1,-0.24895178296611706,0.2505241460041396,0.1616875836901698
2020-05-14,36.4900016784668,39.290000915527344,36.0099983215332,39.18999862670898,5668700.0,0.29189824974115197,0.2978055001622866,0.415199167700562,0.559482804302732,0.3198821912094928,0.3823580895458422,0.11743994255292373,0.7693340350992615,0,1,-0.213351175318899,0.29559411132987473,0.16368483654302668
2020-05-15,38.900001525878906,40.08000183105469,38.59000015258789,40.060001373291016,3000700.0,0.29268113924274686,0.29492258700578045,0.4418244698019915,0.5597425508308087,0.42794626989950835,0.4273972478482544,0.10349319188057954,0.7792049211335712,0,1,-0.2653738680866154,0.22097474230351466,0.13753507472631082
2020-05-18,43.880001068115234,47.40999984741211,43.79999923706055,46.150001525878906,9009900.0,0.2970259404637253,0.2936394192665813,0.5966073589078837,0.5609461134552536,0.5243750846600878,0.6112794616791757,0.12012695165898385,0.8088432375532492,0,-1,-0.2703445197152518,0.09186221115881757,0.011233168934424442
2020-05-19,46.119998931884766,47.400001525878906,44.77000045776367,44.869998931884766,3142100.0,0.3008717058859348,0.2931917155006478,0.55766946325056,0.5613333385843956,0.45665384205179643,0.5877118428362178,0.13557258573893066,0.7985072122896758,0,-1,-0.23553626375915382,0.031202652086560808,-0.0021668141021624664
2020-05-20,45.619998931884766,47.86000061035156,45.400001525878906,47.72999954223633,3922200.0,0.30608180428324827,0.29269905370847166,0.6195808320107976,0.5619027726134709,0.5651002678135876,0.5992190074062698,0.152398081817063,0.8114093981808911,0,-1,-0.2311120833238044,0.0499220354755802,-0.0057944802255933976
2020-05-21,47.40999984741211,48.43000030517578,44.68999862670898,45.52999877929688,3352000.0,0.30886540577248256,0.29335843356766905,0.5528085208361162,0.5623314160825185,0.4888949506030539,0.5589614428941942,0.1616176866449649,0.8003829010345564,0,-1,-0.2547663935477668,0.02137021721236499,-0.04085482467297942
2020-05-22,45.7400016784668,46.52999877929688,45.16999816894531,46.4900016784668,1860500.0,0.31264249784132847,0.29528599563370705,0.5745676712421849,0.562582840266639,0.6012227575178062,0.5409854985842816,0.17017874827087376,0.8065030674846625,0,-1,-0.2303975831257159,0.059081895427859396,-0.015374495534969201
2020-05-26,50.150001525878906,51.130001068115234,49.060001373291016,49.68999862670898,5416300.0,0.3161586273251362,0.2965672904493302,0.642038556905583,0.5634474046262156,0.4700056091739063,0.6056176048169228,0.20335213092489413,0.8243201368443559,0,-1,-0.3204990533003202,0.021079791500421552,-0.08797590890348997
2020-05-27,51.13999938964844,52.15999984741211,49.22999954223633,51.70000076293945,4472300.0,0.3198487324477962,0.29945020360583635,0.6800760220304126,0.564228898318095,0.4995801947586282,0.6002550659114327,0.23889831370877684,0.8390318919719074,0,-1,-0.3197826489998607,0.020527278847929153,-0.12255987765945402
2020-05-28,52.220001220703125,52.36000061035156,48.470001220703125,49.0099983215332,4001800.0,0.3209841490055808,0.3022769197654768,0.5940649781324694,0.5648436451964105,0.44361847621041356,0.5694758821758286,0.26417795484952294,0.8258678596687444,0,-1,-0.328239864028549,0.0027079185219044417,-0.11179888798256025
2020-05-29,48.33000183105469,49.59999847412109,47.70000076293945,49.15999984741211,3663500.0,0.3229482373005359,0.30595970563063646,0.597303634536436,0.5654095651112087,0.497052767903759,0.5399992548024746,0.27978030701932205,0.8379190447211302,0,-1,-0.26688435582557063,0.0822280946197511,-0.05447872016085087
2020-06-01,48.88999938964844,51.02999877929688,48.58000183105469,50.65999984741211,2703200.0,0.32729303852151437,0.3092828301441886,0.6301319753319319,0.5658576936183481,0.577044255009333,0.5484139290646789,0.302151485430949,0.8468112962384249,0,-1,-0.2774613391372188,0.0705858671984067,-0.05044750915244115
2020-06-02,51.86000061035156,52.81999969482422,49.970001220703125,50.52999877929688,4273700.0,0.3312761523969312,0.31238491180284617,0.6255191302052369,0.5665606514385131,0.4641276958155921,0.5526344664964811,0.3320645416949389,0.832752841329627,0,-1,-0.32787210146823675,0.018949843809004597,-0.0003947978251858121
2020-06-03,51.380001068115234,56.119998931884766,51.380001068115234,53.90999984741211,5729200.0,0.3375301011343975,0.31549074002323924,0.6969521004928905,0.5676493783213558,0.5142168553218011,0.5799315511194826,0.37423343451774543,0.8515992039342751,0,-1,-0.304175798889578,0.09380561999363436,-0.01048887011276359
2020-06-04,54.150001525878906,55.88999938964844,52.61000061035156,53.470001220703125,3834800.0,0.34438838446316067,0.31746326011552,0.6802050612944243,0.5683634042212864,0.556933299921591,0.5731692309055064,0.41339026356749425,0.8389845227717561,0,-1,-0.3364867975457153,0.03654233744354995,-0.05768875197837447
2020-06-05,55.5,58.34000015258789,55.2400016784668,56.959999084472656,6009700.0,0.3524416026531412,0.3195350608781661,0.7467903618476052,0.5696403164198452,0.6385798622783847,0.5982041678258654,0.4593059846182875,0.8587535979210184,0,-1,-0.3645034829533618,0.05311389728355321,-0.11763607203906158
2020-06-08,58.27000045776367,59.70000076293945,56.02999877929688,57.09000015258789,4609000.0,0.3593685610817483,0.32162372152591373,0.7491126642125393,0.5706215841380649,0.45051691719551956,0.5897997265694541,0.5067454129806315,0.8739150314972285,0,-1,-0.3908006055832007,0.025105342839894823,-0.15958567940121038
2020-06-09,55.810001373291016,55.88999938964844,53.33000183105469,53.41999816894531,3062500.0,0.36524251062731106,0.32279824111853334,0.6106423112213153,0.5711863903051582,0.397891974526618,0.5335642379348525,0.5208613871661203,0.8638408526456026,0,-1,-0.34682086177679367,0.06813801680244178,-0.11946049529858108
2020-06-10,54.040000915527344,54.040000915527344,50.61000061035156,52.47999954223633,3367200.0,0.37179862666042585,0.3241563386632758,0.5786891154645375,0.5717822040209791,0.5310357675829602,0.5020640500962871,0.5083041818190657,0.852764354676886,0,-1,-0.3375140998128213,0.1059528274320017,-0.11306628832942532
2020-06-11,48.11000061035156,49.16999816894531,47.0,47.7400016784668,5178900.0,0.37650969100545073,0.3245834374115392,0.43824418022511,0.5725093047233002,0.5038457203993343,0.4224677127910463,0.4683745163312674,0.8357282192141318,0,1,-0.23056407001452392,0.220846041419268,-0.003620473381546707
2020-06-12,50.0,51.09000015258789,48.0,49.119998931884766,2713700.0,0.3810559365080347,0.3265016327159466,0.47522442985460733,0.5729181029770413,0.3804417118918444,0.4364078611184377,0.4427576662592227,0.8446550107732035,0,1,-0.2930456888688592,0.2031839216988267,-0.055718469918108665
2020-06-15,47.0099983215332,49.7400016784668,46.47999954223633,49.400001525878906,2240500.0,0.3853320626291692,0.32939578555765936,0.4828367878095171,0.573259979592518,0.3571215050455669,0.4032578284423058,0.4078639743802884,0.8520251977828582,0,1,-0.22394137294778485,0.2583469608581143,0.0057003786661808204
2020-06-16,50.86000061035156,51.43999862670898,48.11000061035156,49.20000076293945,2945100.0,0.38672844177199184,0.33232365674040826,0.47667941621543153,0.5737043014731161,0.28113115882594963,0.4226525156523805,0.3858100094209757,0.8423372094935772,0,-1,-0.3006073244965179,0.17894736598250768,-0.07935226442430443
2020-06-17,50.0,50.0,47.93999862670898,48.0,2163700.0,0.3881614481004595,0.33485065510704237,0.43913236912591214,0.57401055448577,0.2987283574909675,0.3925176380869967,0.3639988200069643,0.8352196582180628,0,-1,-0.28434962320173274,0.19715448399436014,-0.07174794155604755
2020-06-18,48.0,48.56999969482422,47.54999923706055,48.31999969482422,2670800.0,0.3884315674819089,0.33681193551411653,0.44974328872355807,0.5743946271420917,0.2550950455938538,0.376342858293597,0.34053152491745114,0.8440053290350169,0,1,-0.24979170163472494,0.24375001589457193,-0.024791638056437176
2020-06-19,49.27999877929688,49.81999969482422,45.869998931884766,46.5099983215332,4052600.0,0.388880240027176,0.3384510187577712,0.39208069594536665,0.574920690618175,0.23693749671062767,0.3526239294505489,0.3051453060016747,0.8306741887202092,0,1,-0.2746274946517661,0.21564573777840287,-0.05401491363484299
2020-06-22,46.54999923706055,46.61000061035156,44.65999984741211,45.77999877929688,4073200.0,0.3885551798672593,0.33985782017590843,0.3697307153007433,0.5754257842975271,0.21365126123423067,0.30633729733988246,0.2749444466815361,0.8172752841329627,0,1,-0.22661795949039054,0.2827349387323181,0.02601589181121193
2020-06-23,46.5,47.59000015258789,45.70000076293945,46.880001068115234,2642300.0,0.3872686805348907,0.34125712918515805,0.4118287397919649,0.5757749411414962,0.27010265712573905,0.3447923502075127,0.2428193257017084,0.8259672034079507,0,1,-0.22913940494054136,0.2883355420469976,0.024901691132503484
2020-06-24,45.880001068115234,46.25,42.81999969482422,44.18000030517578,5341000.0,0.38382580367589236,0.3416729882482149,0.3291298543531511,0.576370052439003,0.18524613549984023,0.30322465516405317,0.23047360850562654,0.8083978354907152,0,1,-0.21053759645272221,0.2947952086166588,0.033916384734669014
2020-06-25,43.41999816894531,44.58000183105469,43.15999984741211,44.16999816894531,2770500.0,0.3816099095923101,0.34274073333241456,0.32883873377119366,0.5766779174564101,0.2678211684439722,0.31033799990897887,0.2190097282521219,0.799284198753269,0,1,-0.16772294694945966,0.368492586725648,0.09574475617280699
2020-06-26,44.0,44.34000015258789,42.369998931884766,42.619998931884766,3732000.0,0.3786157052785788,0.34390588687798707,0.2837905653650328,0.5770482027709041,0.17121462441589563,0.3077544089017147,0.2140652362589649,0.7870076810473856,1,1,-0.12248132378723367,0.35544490409278945,0.15395063434350414
2020-06-29,42.77999877929688,44.9900016784668,42.209999084472656,44.290000915527344,3925400.0,0.3756993328611026,0.34501859070301305,0.3553634097424567,0.5774864718563577,0.17247224221514168,0.3364124877973909,0.20314935549208818,0.7999203934275234,0,1,-0.01337399599036121,0.39699677164901154,0.2090567825131119
2020-06-30,44.310001373291016,44.68999862670898,43.27000045776367,44.33000183105469,2100400.0,0.37286079233988134,0.34645536461503434,0.3570632594504206,0.5777212642659759,0.24626896860901712,0.35158967535048524,0.19301318049427407,0.8068297175940393,0,1,-0.04741481701081052,0.34748248072970706,0.15895229070455866
2020-07-01,44.86000061035156,47.95000076293945,44.79999923706055,46.02000045776367,3014300.0,0.36924851911347645,0.3482443067551922,0.42783075838276563,0.5780962339368515,0.22459140916224402,0.3975523764563018,0.17608720531321365,0.8167453412062697,0,1,-0.059778962698406414,0.33476200179608295,0.1452740437785758
2020-07-02,46.900001525878906,47.36000061035156,45.119998931884766,45.36000061035156,1748800.0,0.3655355228730286,0.3499320945868252,0.40344201696416027,0.5783048155042272,0.23373685021645874,0.39609202453123427,0.1603702283593718,0.8109926150101152,0,1,-0.10191226411895954,0.27813991981178177,0.09952190288569991
2020-07-06,46.790000915527344,46.790000915527344,44.59000015258789,45.459999084472656,2922800.0,0.3602704854437282,0.3510579103060501,0.4078541518040959,0.578655221191109,0.20791034813494047,0.39463416083358294,0.14050828888940325,0.8206072468297175,0,1,-0.1009700566452261,0.28461198575173585,0.09038797219913258
2020-07-07,45.130001068115234,45.38999938964844,44.290000915527344,45.040000915527344,2373400.0,0.35475364222580086,0.3523317119982022,0.3908701416611249,0.5789318780299292,0.2650351301662084,0.3823292461695873,0.11900126830401359,0.8127998815769996,0,1,-0.06423233705343245,0.32050153955680033,0.11416627213443309
2020-07-08,44.91999816894531,46.40999984741211,44.70000076293945,46.060001373291016,3223200.0,0.3513840197380921,0.35309037395693205,0.43951743155641654,0.5793318204688397,0.3616300079526251,0.4144656968392539,0.10904907978665679,0.823402687544203,0,1,-0.060168717348724476,0.3281528040311118,0.14742457969303885
2020-07-09,46.150001525878906,46.2400016784668,43.459999084472656,45.04999923706055,3081700.0,0.3479823475897039,0.35335450048532624,0.39573889768242554,0.5796901969518719,0.3644578533131847,0.3910071504840668,0.08729726448985492,0.8132653497590421,0,1,-0.08554064967290587,0.2941814770530562,0.11723833152799161
2020-07-10,44.900001525878906,46.84000015258789,44.68000030517578,46.43999862670898,3386400.0,0.3473871680483379,0.3533376413148081,0.4617615077501791,0.5801187550720956,0.44128959955216923,0.43940795794619103,0.07252593775021132,0.8244050066612937,0,1,-0.05971148694700331,0.3285238510034263,0.1380687571885452
2020-07-13,46.86000061035156,47.22999954223633,45.27000045776367,45.65999984741211,3059200.0,0.3458030789452863,0.3534856272877353,0.4263835524885786,0.5804873690566956,0.41902075508340286,0.4502636202269515,0.06290573460979937,0.8143416832513692,0,1,-0.10012923478435584,0.27648579957543834,0.15568474926866488
2020-07-14,45.650001525878906,47.20000076293945,44.91999816894531,46.40999984741211,2541800.0,0.3444341684452168,0.35446720431035217,0.46252589167596403,0.580807524086177,0.3988358352396766,0.4641118650718099,0.049737119843652866,0.8227030049836346,0,1,-0.07533951933644653,0.3077091389402811,0.1758650636472132
2020-07-15,48.72999954223633,52.09000015258789,48.43000030517578,51.84000015258789,5627200.0,0.34564283762781056,0.35634231522667636,0.6600678664709164,0.581743887643242,0.5182955497249827,0.7052419927956202,0.08052687508568518,0.8412138357538774,0,1,-0.1404869743417428,0.23637149874532543,0.08424908123825682
2020-07-16,50.70000076293945,51.77999877929688,49.86000061035156,50.84999847412109,3358700.0,0.3469476505530016,0.35832794721315603,0.6128900452537298,0.582276636914974,0.561858545394454,0.6797957443236367,0.10911736209614376,0.8301652987713614,0,0,-0.16377318004392347,0.17361111060009735,0.12654316240904312
2020-07-17,50.84999847412109,51.2599983215332,49.959999084472656,51.040000915527344,2161000.0,0.34819294692124025,0.36067886075113836,0.6189114531558615,0.5826220174428849,0.5632412636637347,0.6461548265594466,0.13566567146299813,0.8372739683218473,0,0,-0.16991149752040907,0.1740413481688179,0.15457228802773185
2020-07-20,50.61000061035156,51.77000045776367,48.59999847412109,49.209999084472656,2487900.0,0.3494290864930678,0.36252212696458597,0.5322142741080724,0.5829851342345933,0.587821155094937,0.5866320882735625,0.14209506828097107,0.8290899521373706,0,0,-0.16457682945149527,0.17809561108026037,0.12127740038550565
2020-07-21,49.52000045776367,50.459999084472656,48.97999954223633,49.18000030517578,1764600.0,0.35098570695336617,0.3638746050240169,0.5308314466690772,0.5832420181553202,0.5493244366931725,0.5536872811440424,0.14806522246908876,0.8232852514021611,0,0,-0.14854707395427602,0.12944521541140824,0.15606584938139267
2020-07-22,48.790000915527344,49.790000915527344,48.5099983215332,48.9900016784668,1614300.0,0.3519517271437441,0.3654481252237589,0.5215216338435532,0.5834745345289842,0.5277595737020637,0.5271873307607047,0.1471284379676956,0.8179749666935311,0,0,-0.13379426169629766,0.10675071100899285,0.18523791284712154
2020-07-23,48.560001373291016,48.97999954223633,47.31999969482422,48.0,2054400.0,0.35370063508923677,0.3672913914372065,0.4729476656131275,0.5837549811647811,0.5426890332203447,0.4886522334727995,0.13054027495977738,0.8112169608052764,0,0,-0.1296183317260317,0.07205549414889,0.15390889656050416
2020-07-24,47.93999862670898,48.59999847412109,47.15999984741211,47.91999816894531,1142400.0,0.35541749512053045,0.369252671129697,0.4689928174718728,0.5839101255462853,0.5201786270790163,0.4764169058547498,0.11306917123536003,0.8074590042599384,0,0,-0.11937499046325668,0.08645836512247736,0.20083340009053563
2020-07-27,47.84999847412109,47.880001068115234,46.5,47.34000015258789,1896900.0,0.35757845017212564,0.3707793603796203,0.4394638127139783,0.5841593307088516,0.5851824263455443,0.4485190196057739,0.09304933393978998,0.8012190989983388,0,0,-0.11769615202747331,0.0884808397429061,0.20784647912663187
2020-07-28,47.08000183105469,47.869998931884766,46.7400016784668,47.290000915527344,1786700.0,0.35895193819716054,0.37213371136262724,0.4368379866186006,0.5843931797439623,0.5446000493624887,0.444360054417419,0.07445948502247501,0.7953416996990081,0,0,-0.10287289249862429,0.10583012896883834,0.2146176555695829
2020-07-29,47.18999862670898,47.66999816894531,46.27999877929688,46.93999862670898,1447900.0,0.3601468713118974,0.3722816966209708,0.41763223117708903,0.5845787554680756,0.5220657431926041,0.4246735717891711,0.06358456090076398,0.7905787924143488,0,0,-0.10530766432278019,0.10361601672691091,0.20596323725738694
2020-07-30,46.310001373291016,46.630001068115234,45.81999969482422,46.470001220703125,1540100.0,0.3603528948649487,0.3725814151285607,0.3915785653698737,0.584770606978829,0.5548217723054462,0.39777287427179625,0.0598431789464533,0.7855125906676096,0,0,-0.08734559882337635,0.12313589579033436,0.23072003266304159
2020-07-31,46.65999984741211,47.290000915527344,45.41999816894531,46.810001373291016,1606500.0,0.3610167477596784,0.372409077576228,0.41422358230864775,0.5849746465557952,0.5986535107399062,0.40422508203366103,0.04573656980366922,0.790797217059491,0,0,-0.09576071973410896,0.11684958387211382,0.25823111006620353
2020-08-03,46.68000030517578,47.040000915527344,44.95000076293945,46.66999816894531,1661900.0,0.3615707208439538,0.3726226265930679,0.40562021847432006,0.5851838201121438,0.6329044669331305,0.39030835819037935,0.03961986100655748,0.7853303508281385,0,0,-0.0954924394267083,0.1155735887352262,0.2599871354818908
2020-08-04,46.619998931884766,48.9900016784668,46.43999862670898,47.7599983215332,1965200.0,0.3628160154657122,0.3728605271893134,0.4798041912103703,0.5854468990386108,0.6167671353921877,0.4477985736009996,0.03971324817453739,0.7917949308376782,0,0,-0.09449325091995756,0.11720594461781914,0.2860510566229588
2020-08-05,48.5,48.59999847412109,47.040000915527344,47.63999938964844,2078300.0,0.3635393849173941,0.3724765135437167,0.4714158035746434,0.5857229871985968,0.5683089900910042,0.4444623925477391,0.03979996483051873,0.7849583052352834,0,0,-0.13170019130196278,0.07516751002416375,0.21063655206946136
2020-08-06,47.11000061035156,47.5,45.56999969482422,47.470001220703125,4398200.0,0.36464733283242534,0.3716841339585342,0.4589629346614147,0.5863007750562317,0.645936884910751,0.39361762014821855,0.028128184961700997,0.7704903041168439,0,0,-0.10285477725979178,0.10453399676823712,0.2073887740280289
2020-08-07,47.11000061035156,47.97999954223633,46.43999862670898,47.650001525878906,2237300.0,0.36520130766318115,0.3714293741917707,0.47260833167778293,0.5865972032743481,0.6285794974785782,0.41468747097153424,0.013436052151286099,0.7778499646375762,0,0,-0.10322311775593267,0.10490835083577789,0.12744889575486162
2020-08-10,48.0099983215332,52.09000015258789,48.0099983215332,50.79999923706055,3381000.0,0.36755455019997063,0.37173658510824803,0.6605545159384381,0.5871236199345451,0.6912983783279869,0.5512147798256817,0.04609204184013191,0.7889718580897711,0,0,-0.12172086151792763,0.0856243798615373,0.10703047482692163
2020-08-11,52.13999938964844,53.04999923706055,51.29999923706055,51.68999862670898,3263300.0,0.3699718885651584,0.3719295283928344,0.7000531839536284,0.5876524330776589,0.6386558761280416,0.6044008676928068,0.08432182110322461,0.7997065741212849,0,0,-0.17460628080903123,0.01791338309210504,-0.0157480167140813
2020-08-12,52.40999984741211,52.5,50.75,51.34999847412109,1181100.0,0.3697475514192847,0.372083133851073,0.6713997852379775,0.5878406431227124,0.5323278193709339,0.5775237388337029,0.11115205495459107,0.7958213128505403,0,0,-0.1731476301164933,0.01238149364774292,-0.029019153411718762
2020-08-13,50.97999954223633,52.02000045776367,50.880001068115234,51.29999923706055,1302000.0,0.36995357497233605,0.3715942186206323,0.6670128459273766,0.588047510574363,0.523227532280532,0.5678929862564885,0.13606584353086,0.7915383476701919,0,0,-0.14644597237044776,0.040311582401846395,0.044011727427206146
2020-08-14,50.619998931884766,51.93999862670898,50.59999847412109,51.47999954223633,1120900.0,0.37015501925394156,0.37122144394565865,0.6763797460826364,0.5882269943684633,0.5013045558798725,0.5616022058078617,0.15438656668860284,0.7952255793680817,0,0,-0.13957114919876112,0.047368427705945876,0.07387916124547116
2020-08-17,51.65999984741211,51.65999984741211,49.650001525878906,50.88999938964844,2395900.0,0.3709241726876795,0.37008438854122716,0.620493871342506,0.5885998375074856,0.5438109601733293,0.5318989930330293,0.15548555216147208,0.7873441997401273,0,0,-0.15928517552164764,0.02700076538477869,0.03166280269248864
2020-08-18,50.79999923706055,51.02000045776367,49.79999923706055,50.31999969482422,1195300.0,0.37144609785775584,0.36881620633438655,0.5687969335888224,0.5887806386508909,0.5664060817051947,0.5139964857741184,0.15650603867199353,0.783412227174789,0,0,-0.1442326634038224,0.044213008979867935,0.0605227327175247
2020-08-19,50.619998931884766,52.0,50.43999862670898,51.560001373291016,1774600.0,0.37262271912615064,0.3684677846679857,0.6435600215116317,0.5890651593082123,0.5903388952441906,0.5397664795660918,0.1692737749308006,0.7892498231878813,0,0,-0.14228934600229276,0.04829094435439205,0.0620032346085834
2020-08-20,50.75,51.7599983215332,50.5,51.54999923706055,1501000.0,0.3742480129398126,0.36829357347749336,0.6426085280685004,0.5893055109994904,0.6182328944782969,0.5271037821789459,0.18112953002826437,0.784312241977664,0,0,-0.11772691103861345,0.044608207443764473,0.07719161047769169
2020-08-21,51.47999954223633,52.63999938964844,51.02000045776367,51.119998931884766,1524900.0,0.3757130671824791,0.3689267274045421,0.6005764963321293,0.5895446600048534,0.589766267125984,0.5284851258507064,0.20254781082948647,0.7792960410533067,0,0,-0.12725512066690528,0.030455862619984442,0.05974785405700645
2020-08-24,51.38999938964844,54.119998931884766,51.11000061035156,54.09000015258789,2363700.0,0.3788034152388077,0.3698577269156047,0.7526046389219846,0.5899669037799011,0.6284822831320496,0.5643654725269176,0.23763648060335713,0.7870714978864783,0,0,-0.12656497175056924,0.053403748029688676,0.055164314431652255
2020-08-25,54.15999984741211,54.720001220703125,52.970001220703125,53.68000030517578,2291300.0,0.3817289444526951,0.3706594725478342,0.7150628288540614,0.5903688106352254,0.6206618180804687,0.5728781478119358,0.27572650218610206,0.7795342028651786,0,0,-0.17027175186709648,0.010353140538200254,0.012201882890557401
2020-08-26,53.459999084472656,53.7400016784668,52.18000030517578,52.63999938964844,1889900.0,0.38433857204955746,0.37130386616008954,0.6250140623614397,0.5906854580516576,0.6063801773856413,0.5374642465875135,0.2947141967118188,0.773317324298097,0,0,-0.1585320095594835,0.023472468872340533,0.05234726820633191
2020-08-27,53.369998931884766,58.5,53.02000045776367,57.2599983215332,6403100.0,0.38927854931894124,0.37303848422695757,0.7994470100647423,0.5919742486697297,0.6587074463894504,0.6341782674444394,0.34840240345012136,0.7943804996792709,0,0,-0.15995437436500218,0.09745442871574272,0.06572953912021369
2020-08-28,57.40999984741211,59.02999877929688,57.02000045776367,58.709999084472656,3098100.0,0.3947267174370248,0.37498477838708966,0.8369675932257327,0.5926294858382675,0.6857459131783439,0.6750110959301043,0.4011454167684551,0.8045717857201599,0,-1,-0.21760390237012892,0.028291983572684733,-0.02741878695154981
2020-08-31,58.72999954223633,58.72999954223633,56.65999984741211,56.79999923706055,2263600.0,0.3993645291572404,0.37691234045312766,0.706617697793012,0.5930757700241364,0.6241227731329473,0.6253169273803656,0.44347600855466046,0.7971256106185957,0,-1,-0.23471297895048587,0.005109849118357359,-0.06881282538796413
2020-09-01,56.11000061035156,58.0,55.84999847412109,57.20000076293945,1845700.0,0.4036864392604309,0.37905157861242955,0.7193212464367563,0.5934447348142821,0.6323124133700011,0.5877317749041967,0.46799622906969957,0.8031970920574351,0,0,-0.19647887319214072,0.05140841915786674,-0.030809859568768617
2020-09-02,56.65999984741211,57.93999862670898,56.45000076293945,57.900001525878906,1779000.0,0.40838376928407927,0.3811158869661881,0.741592247564881,0.5938092164695913,0.6762919580872708,0.5777787065034422,0.49076500526223593,0.8090491619927959,0,-1,-0.20472026098397714,0.04143354720757841,-0.04003498050669716
2020-09-03,58.0,59.47999954223633,55.380001068115234,56.09999847412109,2563200.0,0.412334835245297,0.3833487863105439,0.6255526138239461,0.5942998892042733,0.5558380408952465,0.5515095549029658,0.5232025398620983,0.8006174443658612,0,-1,-0.22538858191960043,0.025561304028201615,-0.058721959175756726
2020-09-04,56.9900016784668,58.29999923706055,56.02999877929688,57.58000183105469,3629900.0,0.416881080747881,0.3858607991448195,0.6781301233555871,0.5950331880957158,0.5568297705607443,0.5457883966653109,0.5533231077048277,0.8125581012845605,0,-1,-0.21461677795020606,0.04438498986623265,-0.05383245169171969
2020-09-08,56.02999877929688,58.52999877929688,55.66999816894531,57.810001373291016,2403600.0,0.42009046541107475,0.3887062481131376,0.6860159044387834,0.5955221063306928,0.5558210378154809,0.5346759993889953,0.573788861209646,0.8204648102764848,0,0,-0.19242788579387715,0.05991664906614771,-0.006773174318277041
2020-09-09,58.0,58.130001068115234,56.04999923706055,57.2400016784668,2774300.0,0.4226314196545736,0.3911320914566632,0.6485808072680475,0.5960741213414467,0.6007327256593341,0.5203709637372184,0.5927927751784057,0.8113386733334429,0,-1,-0.22573947287760868,0.025601098548323292,-0.04687768586915674
2020-09-10,57.52999877929688,59.310001373291016,56.7400016784668,56.93000030517578,2619500.0,0.42518610821944913,0.3934923710416926,0.627954412669849,0.5965887029747798,0.5628958124695833,0.5247086536624198,0.6202019447754354,0.8027217552920277,0,-1,-0.2197763390543351,0.03406709828369938,-0.012229156668692544
2020-09-11,56.9900016784668,57.43000030517578,56.369998931884766,57.13999938964844,1304000.0,0.42785983164470953,0.39557541148954517,0.6370698376527312,0.5968466294107595,0.5818678452086267,0.5019753323640912,0.637211655117194,0.8070112995279527,0,-1,-0.21148780697323707,0.04373788600776019,0.0029860911300549765
2020-09-14,57.70000076293945,58.869998931884766,57.0,58.65999984741211,1498700.0,0.4311470464576782,0.39806681787698367,0.6993741820317085,0.5971595594210054,0.5983521261492187,0.5260174960818236,0.6645742374383228,0.8119413148242569,0,-1,-0.22313615919131088,0.031151536547256983,-0.05547780919677176
2020-09-15,58.65999984741211,59.060001373291016,57.83000183105469,58.84999847412109,2074600.0,0.4347913675982821,0.40057508343494014,0.706737709397825,0.5975952521899525,0.6147386294569539,0.5317605055142902,0.6914009412466693,0.818765769173835,0,-1,-0.2231503611769167,0.013978856068142224,-0.11609276152412841
2020-09-16,58.91999816894531,60.66999816894531,58.68999862670898,59.970001220703125,2756800.0,0.4392094214440698,0.4033718278152799,0.7489283522002349,0.5981961417444842,0.6347432475386399,0.5633835881589808,0.7273234726627562,0.8278343393805818,0,-1,-0.22684789839020422,0.02973661929268446,-0.16176715190999988
2020-09-17,59.38999938964844,60.2400016784668,57.90999984741211,58.560001373291016,1534700.0,0.4424142268358179,0.4057133753062152,0.6421163364431999,0.5985144770064706,0.6052220698173215,0.5351353284378254,0.7429550284859594,0.8227859010838994,0,-1,-0.23044854783249885,0.021343984546309928,-0.16208105757629268
2020-09-18,58.41999816894531,58.7599983215332,56.5099983215332,56.9900016784668,2911400.0,0.4449048195722952,0.4079500219268901,0.5397314453811134,0.5990843094541608,0.5509391599842031,0.47764921766296864,0.7290595192297367,0.8132087698810835,0,-1,-0.20457649011771312,0.03842213024650331,-0.1642759341920441
2020-09-21,55.5,55.7599983215332,52.5099983215332,53.15999984741211,4599200.0,0.4458387918484742,0.4092088380866837,0.35365477576916404,0.5998542151659596,0.5220097103495144,0.30146767359202276,0.6667080621247226,0.7980795736771986,0,0,-0.13142659164540493,0.09071763496541102,-0.09247236888141554
2020-09-22,53.540000915527344,54.08000183105469,52.27999877929688,53.11000061035156,2077300.0,0.44539011930320715,0.41060440053419783,0.3516291126023645,0.6002006397596671,0.4716246044028165,0.2693036672232616,0.6114190837515561,0.791246237602592,0,0,-0.07317530851794778,0.13412334977207616,-0.0037622416010821224
2020-09-23,53.630001068115234,54.13999938964844,51.29999923706055,51.34000015258789,2379800.0,0.44431879857382073,0.4115279069217894,0.28284886467957426,0.6005663565944785,0.43338701452466455,0.2457861684066182,0.571071660670317,0.783417819372029,0,0,-0.07493879677080242,0.13255501826256666,0.020711701402366306
2020-09-24,50.77999877929688,52.18000030517578,50.119998931884766,50.90999984741211,2202000.0,0.4435267540222949,0.4113536957312971,0.26720788342190827,0.6008974741235731,0.4387192182892216,0.2164866515390871,0.5458388023409722,0.7761742791822234,0,0,-0.02201007499142004,0.19263730736763363,0.11005067216763731
2020-09-25,50.790000915527344,53.58000183105469,50.77999877929688,53.2400016784668,1743900.0,0.4416862816056508,0.41180140021181416,0.395760436531723,0.6011890744207181,0.39429518973891126,0.30775710663974304,0.503810873271199,0.7819108866922153,0,0,-0.02239244535582898,0.19406790970399493,0.10312315882410814
2020-09-28,54.18999862670898,55.09000015258789,53.29999923706055,54.40999984741211,1531700.0,0.4397176157857302,0.4124326812152869,0.4516483766384046,0.6014580485263088,0.358842958580905,0.3794401090892203,0.4598278114000816,0.7869494564055329,0,0,-0.08527417275920743,0.12171298531076503,0.19102181936549217
2020-09-29,54.16999816894531,54.31999969482422,53.0,53.290000915527344,1456300.0,0.4381106355648907,0.4131969626593283,0.40227046332763317,0.6017017194503226,0.38204156966192093,0.36674262581670003,0.4153797469748653,0.782158917087452,0,0,-0.08031609895497206,0.11946333428098986,0.2038229001725062
2020-09-30,53.619998931884766,55.5,53.45000076293945,53.880001068115234,1611800.0,0.43659064229023725,0.4140773846588367,0.431449706935105,0.6019781344769137,0.35341881561832655,0.39595874078492965,0.38744344229142597,0.7874609779766114,0,0,-0.06567836254212166,0.13229497308952676,0.18896602593020545
2020-10-01,54.369998931884766,54.58000183105469,52.93000030517578,53.7400016784668,1286000.0,0.4346860722987148,0.4149671727053921,0.424799136813917,0.6021972132666319,0.3187151826152122,0.3868875759617385,0.3547176555553913,0.7832306452408756,0,0,-0.07887898878522923,0.11692648686283565,0.1460653784440864
2020-10-02,52.2400016784668,55.25,52.119998931884766,54.72999954223633,1358900.0,0.43405884658963,0.41622786178876164,0.475919196951502,0.6024383530637683,0.3709745805614982,0.40021310520625664,0.31604314635987235,0.7877007845523775,0,0,-0.03944924972772191,0.15686632354267957,0.2575362806163341
2020-10-05,55.27999877929688,55.52000045776367,53.93000030517578,54.560001373291016,1814600.0,0.4326762017681839,0.41747169241619664,0.4667387486141642,0.6027578700169066,0.3363322912145462,0.42235545868053276,0.2815482849844831,0.7817316074277537,0,0,-0.0942810138967758,0.09848345395086018,0.23826057052063532
2020-10-06,55.0099983215332,56.68000030517578,53.79999923706055,54.209999084472656,1942800.0,0.4310280150902539,0.4187586067171313,0.44714450381299764,0.6030947103167431,0.2838145750563652,0.4323293112440714,0.2638943791121038,0.7753407128406716,0,0,-0.0896260862640348,0.1037389975247118,0.252382699984765
2020-10-07,55.22999954223633,55.970001220703125,54.43000030517578,54.81999969482422,1174600.0,0.4299200671752226,0.420169154697004,0.4822369760469055,0.6033034165234148,0.2638931997256123,0.44085603173468413,0.24750146651632304,0.7792045921807924,0,0,-0.09426306394856991,0.1003504652016709,0.21877876768035862
2020-10-08,55.25,56.380001068115234,54.63999938964844,56.27000045776367,1525300.0,0.4296178998795741,0.4219168860872382,0.558877049162579,0.6035903287283035,0.33636826061853975,0.46807319489663823,0.23748602884856462,0.784222108916265,0,0,-0.09357900577660125,0.09886899305212941,0.21269616430169816
2020-10-09,56.95000076293945,57.97999954223633,56.7599983215332,56.83000183105469,1584200.0,0.42947597390140124,0.4238575607620587,0.5861869948731235,0.6038945414870968,0.29584942804611386,0.5173213404882625,0.24669070762330142,0.7894333788384676,0,0,-0.1213790967743335,0.06610978097997518,0.16634079828522344
2020-10-12,56.130001068115234,56.369998931884766,54.68999862670898,55.84000015258789,1142900.0,0.42818489529758685,0.42554909444084366,0.5209232965788139,0.6041056543610861,0.2807976765177814,0.4693298442270725,0.22401413682398563,0.7856737775292356,0,0,-0.1057540373497984,0.07988732983550956,0.2141474853339226
2020-10-13,55.84000015258789,55.84000015258789,54.619998931884766,54.68999862670898,1122000.0,0.4262803253060644,0.4270514313967778,0.45175281291410885,0.6043034295290233,0.2328262556354726,0.454843052111121,0.201993678350939,0.7819829273507787,0,0,-0.10243555166677472,0.08649709891044076,0.2412248812535434
2020-10-14,54.5,55.41999816894531,54.150001525878906,54.36000061035156,975100.0,0.42371190241981227,0.4282877689007417,0.4326921048431428,0.6044728896519901,0.2031382319368517,0.4488210868863241,0.17487416415348478,0.778775308804421,1,0,-0.08008778895774503,0.11281766911458777,0.25214849628452385
2020-10-15,53.66999816894531,54.59999847412109,52.5,54.369998931884766,1574900.0,0.4217935963604328,0.42954845798411123,0.433338269468601,0.6047465352809298,0.24193829660383492,0.4146777836069867,0.16763005729059371,0.7839559861181926,0,0,-0.06530535682857469,0.12877115381538493,0.24944821625712238
2020-10-16,54.66999816894531,55.540000915527344,54.18999862670898,54.59999847412109,1201700.0,0.4206993827667782,0.4308840761584405,0.4490090084771866,0.6049572018866086,0.26628379073508246,0.48562918860589294,0.14750253111631317,0.787909011661376,0,0,-0.08368584378235555,0.11035497733808777,0.20194967027108907
2020-10-19,55.16999816894531,55.95000076293945,53.7599983215332,53.970001220703125,1537000.0,0.42107022516227055,0.43206796251269075,0.40717711757961517,0.6052194539453084,0.297132847270976,0.4682402639327785,0.1343262455386101,0.7828530074507803,0,0,-0.09249083110238747,0.10073260354772447,0.2369963883339568
2020-10-20,54.59000015258789,56.40999984741211,54.2599983215332,55.63999938964844,1991600.0,0.4222285328378429,0.4329746097297642,0.5180831740340097,0.6055830853006824,0.31190640030206224,0.5224960464748301,0.11530811340412206,0.7894044309939308,0,0,-0.0828238117398525,0.1126551395004436,0.28367613539015507
2020-10-21,55.06999969482422,55.68999862670898,54.25,55.290000915527344,1195400.0,0.4240369590867683,0.43364897583590367,0.4934733659618177,0.6057981482555226,0.36973092921167244,0.491569933396783,0.09779254728539882,0.7854721294758137,0,0,-0.08896478823219357,0.10064699021479406,0.2543134737796465
2020-10-22,55.810001373291016,57.09000015258789,55.59999847412109,56.83000183105469,1569200.0,0.4267473096976735,0.4346755108847633,0.5832065475750524,0.606097773101149,0.4009330235383638,0.6019522872943271,0.09173525765348306,0.7906340564811921,0,0,-0.10291196142498707,0.08790010336732408,0.2566467424804101
2020-10-23,57.18999862670898,57.7400016784668,56.0099983215332,57.15999984741211,1596000.0,0.428541999878742,0.43577322846284716,0.6008033221679614,0.6064060977586344,0.38477878919943637,0.6219222815095471,0.0946218650586661,0.7958841428312965,0,0,-0.12440611414798193,0.06123525303732603,0.22417739341871787
2020-10-26,55.95000076293945,56.43000030517578,52.90999984741211,54.52999877929688,1958600.0,0.4285969389107288,0.43634456590771864,0.4266385634424539,0.6067468853649246,0.3741300570492959,0.4108845525697031,0.0923966623883753,0.7894412737051596,0,0,-0.10199443398561586,0.08257518227092078,0.2438768135745562
2020-10-27,53.77000045776367,53.90999984741211,51.81999969482422,51.84999847412109,2242100.0,0.42793766354096463,0.4365243965835224,0.299815541355106,0.6070931627598888,0.34645191369054584,0.23757771934874072,0.10197615440937624,0.7820658234510436,0,0,-0.06693566124312263,0.12653581268373926,0.30240238488190596
2020-10-28,50.65999984741211,50.65999984741211,48.90999984741211,49.400001525878906,3433500.0,0.4258865882998235,0.4363520590311897,0.21213371495537625,0.6075619531057128,0.3347590579018516,0.10791426250723446,0.1361892885064822,0.7707712297899636,0,0,-0.03375120639344752,0.18476378231401827,0.4179364054264788
2020-10-29,49.06999969482422,50.0,48.52999877929688,49.66999816894531,2133200.0,0.424023221272431,0.4359980164503101,0.22928959076044875,0.6078569822151526,0.35913299834335816,0.17870888751641123,0.1708025534847511,0.7777884504679352,0,0,-0.010931192284365605,0.19615381229558745,0.4425101201444272
2020-10-30,49.40999984741211,49.95000076293945,47.970001220703125,48.79999923706055,1978000.0,0.42130829313656026,0.4354828760023043,0.1997816888115404,0.6081178589285918,0.3341847363229964,0.22972507792569838,0.20717811496366628,0.7712817645027056,0,0,-0.028991316283343466,0.17253875600467317,0.42158243202435014
2020-11-02,49.38999938964844,50.47999954223633,48.56999969482422,50.22999954223633,1709500.0,0.4193258912487826,0.4353161579352831,0.2913113014541351,0.608360763659221,0.3675002982375663,0.30025413257537287,0.23227732087616348,0.7769052122567804,0,0,-0.029098323589048597,0.1760245960427049,0.4872950645711784
2020-11-03,51.11000061035156,53.970001220703125,50.880001068115234,53.34000015258789,2917400.0,0.418927580210537,0.43517566508582695,0.45204410187067035,0.6088402619748476,0.43088284636089913,0.40706087691676823,0.2086936985681347,0.786502080626326,0,0,-0.06251243118185064,0.13677083405322485,0.4353972316522211
2020-11-04,53.0,55.9900016784668,52.45000076293945,54.72999954223633,2763900.0,0.4188863754999267,0.43537235493214876,0.5108772869574801,0.6093216010904867,0.4588603026882094,0.4639889532904631,0.19252093385148394,0.7955940064803697,0,0,-0.09430068925586299,0.09336332073472471,0.3933258960801804
2020-11-05,55.33000183105469,56.7599983215332,54.880001068115234,56.43000030517578,1975600.0,0.4189596281247361,0.4360823123029005,0.5756911738865371,0.6096894574977453,0.45783550963003045,0.5185560866124777,0.1846031586067261,0.8020927975789075,0,0,-0.1344783605318997,0.04841947256251263,0.33071439111109313
2020-11-06,55.9900016784668,56.54999923706055,53.150001525878906,56.040000915527344,2995800.0,0.41859794252565496,0.43585377775370204,0.5561660614568534,0.610238210600136,0.5289855761892324,0.49724543871407006,0.15848646870807614,0.7922380302307603,0,0,-0.14212299157170258,0.03526489195476768,0.2869041031216162
2020-11-09,67.4000015258789,72.72000122070312,64.16999816894531,64.36000061035156,14776500.0,0.4224986487263317,0.4369121575054382,0.7779857308248826,0.613815228567427,0.23333085076906976,0.8153121620231758,0.21835920143631254,0.8408457375943683,0,-1,-0.3467166307592296,0.09493218429534633,0.08226267906919754
2020-11-10,62.75,65.51000213623047,62.4900016784668,65.26000213623047,5791100.0,0.4273379064746332,0.43849691739038676,0.7943820248808774,0.6152476474992972,0.3517744544332452,0.6807681956239484,0.26045132357325973,0.8598957219691112,0,-1,-0.22964572155270743,0.15490989941195815,0.1379738528465726
2020-11-11,65.30999755859375,65.61000061035156,62.709999084472656,63.68999862670898,3643100.0,0.4316094533243219,0.43971264844751357,0.7216354396058381,0.6161058340635092,0.34103436569483264,0.6257998672036401,0.2998685193530855,0.8479116432836066,0,-1,-0.2657063403352842,0.113545869131922,0.09699665375187681
2020-11-12,62.869998931884766,63.36000061035156,61.5,62.2400016784668,3106900.0,0.43521257150079595,0.4405256337649496,0.6583276343884984,0.6168043365563545,0.3031225954596247,0.5688286777673757,0.32625511953630343,0.8376914093981809,0,-1,-0.2339456434676887,0.1546554011808013,0.18542944933175717
2020-11-13,62.83000183105469,66.44999694824219,62.75,66.08000183105469,4079400.0,0.4404684538801654,0.44239512591054586,0.7413011569128244,0.6178318363104746,0.37906790287113223,0.5887415987239607,0.36198683966605244,0.8511107090577147,0,-1,-0.23875321673541477,0.15890101418602764,0.18766066822290456
2020-11-16,68.86000061035156,69.54000091552734,66.16000366210938,68.31999969482422,5280500.0,0.44703830423465685,0.4444069831145907,0.7817229743475363,0.6192433364232538,0.4341824105217712,0.6003181133697069,0.4049173819828507,0.8684810605437588,0,-1,-0.3161319432626144,0.05841405120145642,0.08641039537304021
2020-11-17,66.93000030517578,69.05000305175781,66.80999755859375,68.77999877929688,3470600.0,0.45305418150487287,0.44646192470671864,0.7897345717258532,0.6201805213457238,0.47624606158738825,0.5765446545261413,0.4447814569913063,0.8798976956857842,0,-1,-0.2775175522418661,0.08474825733885333,0.0958724104364132
2020-11-18,69.4000015258789,71.0199966430664,67.01000213623047,67.08999633789062,4362900.0,0.4584565656409003,0.4483070631291587,0.7147301263774976,0.62130398768188,0.3802777941872573,0.5593488338550164,0.4878354436734053,0.8655458148982713,0,-1,-0.31157314169110334,0.04826984230513763,0.01846462148307978
2020-11-19,66.8499984741211,68.45999908447266,66.48999786376953,66.91000366210938,1589900.0,0.46307148624332806,0.45017655527475486,0.7067859161534155,0.6217107864822297,0.340965828998465,0.5352145482016601,0.522809541171789,0.8603157946676754,0,-1,-0.281413001698959,0.08749445620802354,0.07676258469208358
2020-11-20,66.66000366210938,67.02999877929688,65.0,66.30999755859375,2082500.0,0.4672606236717963,0.4518943141711049,0.6792695414487598,0.6222342753492658,0.34258030679662516,0.5153369936304596,0.5409902408887826,0.8534653530485699,0,-1,-0.27933046507947296,0.09056938016617506,0.08907485814184402
2020-11-23,67.26000213623047,68.86000061035156,66.75,68.30000305175781,2105900.0,0.4735649356627645,0.4537001161963644,0.7265539912992348,0.6227929331050591,0.36583737643777425,0.5255827722866109,0.564824846813486,0.8603927696179213,0,-1,-0.29090637348436105,0.08234051101642731,0.08671392266179932
2020-11-24,69.80000305175781,70.52999877929688,68.83000183105469,69.30999755859375,2555000.0,0.4815586355493122,0.4556595229652791,0.7489901486079861,0.6234883330518238,0.3875018363135957,0.5334445029245731,0.5929128864975295,0.8687975131169919,0,-1,-0.31961933902860723,0.04275253350622159,0.05358705518565343
2020-11-25,69.08999633789062,69.08999633789062,67.2300033569336,68.29000091552734,1219200.0,0.49020703153417833,0.45721805691807893,0.6986821140421711,0.6238110361812607,0.42168274895724156,0.5154967091047473,0.6033969668130321,0.8647869208375137,0,-1,-0.30471787420469804,0.05237346718622724,0.04544801091957819
2020-11-27,68.43000030517578,68.80999755859375,67.04000091552734,67.2300033569336,808800.0,0.4982465171492625,0.45884215462937505,0.6478408400838384,0.6240189206105227,0.38487034731163,0.506517521892418,0.6112749241841449,0.862126350762348,0,-1,-0.2996046099015441,0.06282033764846401,0.07233859093832613
2020-11-30,66.73999786376953,67.25,64.91999816894531,65.6500015258789,2262300.0,0.5059609426044299,0.46046437870251167,0.5762929763242207,0.624574597595798,0.3741954644069547,0.4809954478232146,0.5983482388232786,0.8546844520469086,0,-1,-0.2791907735511159,0.088948431627839,0.0978729957236582
2020-12-01,66.55999755859375,69.33000183105469,66.25,68.11000061035156,2794400.0,0.5141469317226524,0.463264869644587,0.6476724258084715,0.6253089421781993,0.3603427828839316,0.5058888254133764,0.5967707706863983,0.863876708498495,0,-1,-0.2831682544677861,0.09383097515513586,0.1031226826368349
2020-12-02,67.6500015258789,70.38999938964844,66.87000274658203,69.9000015258789,2646500.0,0.5217285862495779,0.4664100364059113,0.6932497023760732,0.6260371330032131,0.364041413352048,0.5243019499826728,0.6003231085413512,0.8725824437901939,0,-1,-0.2889443566116303,0.07443840330921485,0.057553929434990186
2020-12-03,70.44000244140625,70.83000183105469,68.70999908447266,69.22000122070312,1891200.0,0.5283625341789477,0.4697593861370286,0.661458279683319,0.6265478349471231,0.3278986056713506,0.5358628979540766,0.6057255757290063,0.8663612888369874,0,-1,-0.3214592379140952,0.03261800757547561,0.08726750130130836
2020-12-04,69.62000274658203,70.22000122070312,69.51000213623047,70.0,2250400.0,0.5345752782058037,0.4733353974937683,0.6823693376493334,0.6271673857205721,0.3192319003423531,0.5452330403055574,0.6107421524032572,0.8737640421717462,0,-1,-0.3127708919976669,0.04478472145987062,0.05937591068869117
2020-12-07,69.5,70.12999725341797,68.5,69.93000030517578,2155100.0,0.5409345274822784,0.4764618314464151,0.6787726312689853,0.627759023041733,0.3096594369836184,0.5399579644515191,0.6040994625332108,0.866674780835211,0,-1,-0.3075714111328125,0.04600001743861607,0.0727142333984375
2020-12-08,69.5999984741211,70.61000061035156,68.94999694824219,69.88999938964844,2525700.0,0.5434663231828858,0.4793616037734393,0.6765723575964155,0.6284509307410211,0.6035442068127106,0.5424460121929924,0.6008154790269382,0.8583664205003371,0,-1,-0.30930926868331576,0.04461608369750154,0.038324042520809544
2020-12-09,71.11000061035156,71.3499984741211,68.61000061035156,70.26000213623047,1985300.0,0.5457554698912772,0.4825404888757997,0.6882833935916723,0.6289994233054633,0.5135447999079193,0.5492526274720718,0.6022580991966366,0.8648971200184213,0,-1,-0.33109170971141477,0.02303620867665973,-0.02718559940580454
2020-12-10,69.54000091552734,72.43000030517578,69.4000015258789,72.33000183105469,2295100.0,0.5497111168704212,0.48599661311533693,0.7491977318710225,0.6296664648853988,0.5811372180672466,0.6014612767644014,0.6099965212629725,0.8724469152453165,0,-1,-0.30700254823507006,0.04526046411171362,-0.011955649612085586
2020-12-11,71.23999786376953,71.95999908447266,69.68000030517578,70.93000030517578,2605400.0,0.5536896532208727,0.48921670896762104,0.6671542324950568,0.6303970561503016,0.599153934176127,0.5694734954731399,0.6171821988959987,0.8638763795457162,0,-1,-0.3217198403702445,0.02046181832527147,-0.03760543552945549
2020-12-14,71.9000015258789,74.25,70.2699966430664,70.3499984741211,2534700.0,0.5556445829729363,0.49214270651221037,0.6345729108563758,0.6310965924454477,0.48333769771088925,0.5946566909617904,0.636858336623874,0.8555384134607477,0,-1,-0.32891585691072234,0.03313123451304446,-0.038347683758640075
2020-12-15,70.47000122070312,73.72000122070312,70.37999725341797,73.16999816894531,3226900.0,0.5578650545814838,0.4956288018164646,0.7210170191798208,0.632050186956116,0.4974806376468919,0.6107919242614506,0.6551290359426154,0.8661533906807677,0,-1,-0.2784648269721606,0.05373132709714817,-0.057142919113775587
2020-12-16,73.05000305175781,73.62999725341797,72.18000030517578,72.9800033569336,1717000.0,0.5597879399123091,0.49914487032918664,0.7100361006964985,0.6325547020314157,0.44753992915993923,0.6094110609425052,0.6720946853100183,0.8605052714682807,0,-1,-0.28153618702099925,0.016400122704273733,-0.07503082725911726
2020-12-17,73.23999786376953,74.29000091552734,72.51000213623047,73.9800033569336,1799900.0,0.5629423872899963,0.5027339950092925,0.7388095752967486,0.6330958354535243,0.5565546795951571,0.6141544069864715,0.6917771722425532,0.8664260925344166,0,-1,-0.2752808360344086,0.014387544580155944,-0.03918882541514494
2020-12-18,74.12000274658203,74.44999694824219,73.11000061035156,73.43000030517578,4166300.0,0.5659274330608363,0.5059484713762652,0.7046343455312521,0.6343305472692083,0.5308460707437317,0.59509660721987,0.7110249892063065,0.8527209329100807,0,-1,-0.2834549914728784,0.004460586465075206,-0.03622600951023889
2020-12-21,70.9000015258789,73.08000183105469,70.31999969482422,72.18000030517578,2453200.0,0.5686148925539536,0.5088238914093002,0.6298178916127717,0.6350348686425246,0.5358889542824193,0.5147886265222528,0.6855517367314066,0.8446510633398575,0,0,-0.12801309392363353,0.0483453003896155,0.05610779109444043
2020-12-22,72.38999938964844,72.62999725341797,71.26000213623047,72.01000213623047,1847500.0,0.5703134389924249,0.5118529176151576,0.6197914127700664,0.6355625539140269,0.5193640566834057,0.5110385704549734,0.6618980022904282,0.8385736607509992,0,0,-0.1508728088612595,0.028539727762318043,0.027015751454663818
2020-12-23,72.0199966430664,73.05999755859375,71.58000183105469,71.62999725341797,1845500.0,0.5713756029254,0.515026182517623,0.5965247482302123,0.6360842850228077,0.5069895901816289,0.5092463937248423,0.6438130449931214,0.8325028372177173,0,0,-0.14609076976784965,0.033745316387835136,0.060686052172512675
2020-12-24,71.93000030517578,72.04000091552734,71.3499984741211,71.63999938964844,381800.0,0.5729093305214301,0.5182631375404252,0.5969658078505555,0.6361921928696966,0.5022869706184969,0.4877440395444609,0.6234247933502151,0.8337587789272849,0,0,-0.14560939138774143,0.035180744655775614,0.07803987927172351
2020-12-28,71.77999877929688,75.56999969482422,71.7300033569336,74.68000030517578,2305000.0,0.5763201577197492,0.5220676841609468,0.7136711234167284,0.6368925058619815,0.5403417212522835,0.5730895968789849,0.6328536817989177,0.8413411404792841,0,0,-0.1260468852070043,0.052903419148758075,0.10957563569236117
2020-12-29,75.0,75.33999633789062,74.18000030517578,74.51000213623047,1921700.0,0.5803765259664558,0.5257973016905089,0.7022137683999595,0.6374734979466492,0.5406753017743031,0.5975610702850318,0.6416090782155699,0.8350196549285349,0,0,-0.13497592112832493,0.007632561495647373,0.08087842649765943
2020-12-30,74.25,75.08999633789062,74.25,74.56999969482422,1233000.0,0.5833341030945424,0.5296561716697369,0.7043903385727044,0.6378465218418883,0.5229008608556869,0.5857026576784885,0.6497390891738897,0.8390756426914916,0,0,-0.1252181125159031,0.01771573824962178,0.1331364633543839
2020-12-31,74.37000274658203,74.8499984741211,73.1500015258789,73.4800033569336,1117500.0,0.5849731329760612,0.5329980289919666,0.6268671995256715,0.6381758657013368,0.47017384536253704,0.5372491403523076,0.6386676123785238,0.835399595388082,0,0,-0.1267266275487544,0.016092221444993213,0.14268471816001552
2021-01-04,73.37000274658203,73.79000091552734,69.94999694824219,70.66999816894531,2355000.0,0.5856369841243104,0.5358790685103132,0.4635657281561456,0.6388229162226925,0.46019922127125495,0.41297369539243745,0.5851591807206111,0.8276527574466684,0,0,-0.11499733521500137,0.029940076860851084,0.15636904380578437
2021-01-05,70.25,73.11000061035156,70.25,72.0,1642000.0,0.586552642807667,0.5387207702023122,0.5252851862628631,0.6392889719500692,0.45027050175654365,0.4234776885899272,0.5354727798954066,0.833054162075034,0,0,-0.07542099857301061,0.07527946558178912,0.20093388023437259
2021-01-06,72.72000122070312,74.48999786376953,71.72000122070312,72.62000274658203,2630700.0,0.5877842048545291,0.5416167966821844,0.5525653384300386,0.6400463557696523,0.3984761748744607,0.481296807490878,0.5039997255741053,0.841707922827678,0,0,-0.10833337571885851,0.039583312140570745,0.21347215440538195
2021-01-07,72.91000366210938,74.48999786376953,72.19000244140625,73.01000213623047,1355300.0,0.5892126336580312,0.5450785411216167,0.5698392259507776,0.6404398960510991,0.38376326150796247,0.4911506704244151,0.4747747465614685,0.846166219839142,0,0,-0.11002485804147294,0.036628971799922444,0.2194986809300549
2021-01-08,73.20999908447266,74.05999755859375,72.6500015258789,73.45999908447266,2259300.0,0.5906776861542175,0.549126608538279,0.5900752124120502,0.641102508757037,0.38235492644426533,0.4943864832860618,0.44763726604973425,0.8535982499712166,0,0,-0.11354609879422967,0.0323243465456692,0.23448845700124135
2021-01-11,72.4800033569336,74.0,71.52999877929688,72.23999786376953,2328200.0,0.5906364796971268,0.5534050834277158,0.5151720813798573,0.6417647184160823,0.318648842906057,0.4337058284011308,0.4065141413982711,0.8459395713745291,0,0,-0.10291322191952287,0.042063658812973796,0.24516736633941397
2021-01-12,72.4000015258789,73.58999633789062,71.72000122070312,73.37000274658203,1864200.0,0.5917535844085693,0.5578446583280292,0.5691683026284263,0.6423091854279998,0.3425218807881203,0.44891713465595484,0.36832838279334096,0.8520719090774519,0,0,-0.10354379260973143,0.04388148204161505,0.20514950350319544
2021-01-13,73.45999908447266,74.41999816894531,73.05000305175781,73.31999969482422,2163200.0,0.5931133381122276,0.562437837971998,0.5659748721324549,0.6429396379470067,0.36533897650149333,0.5013116712921025,0.34388731103914566,0.8449560025658316,0,0,-0.09826903113764074,0.02875835534093472,0.20989506541345088
2021-01-14,73.81999969482422,75.16000366210938,73.25,73.33000183105469,2119200.0,0.5931865924835172,0.5667650181639965,0.5664862158156462,0.6435568071921306,0.2818606539338283,0.5203337096397709,0.3304710826018126,0.8519271698547672,0,0,-0.09478992058333027,0.023867976094979926,0.25968359240011574
2021-01-15,72.88999938964844,72.93000030517578,70.83000183105469,71.56999969482422,1738700.0,0.5925410514351297,0.5701799309390265,0.4536644298093715,0.6440413267367071,0.26781214129652187,0.3517883635778524,0.3012560056998734,0.8462076678892744,0,0,-0.05986634774348672,0.03654711902708315,0.2411018664080878
2021-01-19,70.87000274658203,78.0,70.37999725341797,76.54000091552734,6217700.0,0.5937130934320787,0.5742654632584606,0.6687192183741136,0.6459865188186337,0.3219371030861646,0.5869062070355625,0.30731994267677437,0.8666609648185002,0,0,-0.03311447193918913,0.09962270900964659,0.2917423130145404
2021-01-20,76.52999877929688,77.05000305175781,73.66999816894531,73.7300033569336,3201000.0,0.5938504436317664,0.5775061655575818,0.5263425133516141,0.6469230475009755,0.30341645403386897,0.5640689081062641,0.3129507412981825,0.8561311863681967,0,0,-0.10491244686760728,0.019205659826493575,0.19088059100594673
2021-01-21,73.75,74.73999786376953,73.05000305175781,74.58999633789062,1725600.0,0.5949538105288716,0.5809810211766295,0.558028080667077,0.647437688841483,0.3149240274676276,0.5102778295371778,0.3099862242349471,0.8618075955196631,0,0,-0.06971380924486381,0.05764274795194796,0.21782173914798098
2021-01-22,73.5,74.33999633789062,72.0199966430664,72.27999877929688,2667800.0,0.5950774229142219,0.582464625323886,0.4570588290512071,0.648189592833352,0.2692761018393073,0.4180208432301528,0.2940501635956483,0.8530317932860737,0,0,-0.06555838087854134,0.06032980588462727,0.21316533458256706
2021-01-25,71.69000244140625,71.98999786376953,68.37999725341797,69.20999908447266,3563600.0,0.5939694767456711,0.5832045537593546,0.3481529100907508,0.6491163772607035,0.26512603355007935,0.23078335198115613,0.2757927764789201,0.8413092320597377,0,0,-0.045794206473290154,0.08729935895351895,0.2154122849720347
2021-01-26,69.87000274658203,70.19999694824219,67.52999877929688,68.69999694824219,2501000.0,0.5926234573633895,0.5841430456793048,0.3319165408544177,0.6497570346818097,0.26007873308249796,0.20731707389029688,0.2660866411452722,0.8330821230612345,0,0,-0.0338102008125895,0.11746853577465143,0.26441259448692733
2021-01-27,67.5999984741211,70.0199966430664,66.36000061035156,68.5199966430664,2795700.0,0.58980322694203,0.5853194381955003,0.3259586272066556,0.6504688165015644,0.245187856537213,0.23632894395267465,0.266639028746878,0.8238855902235234,0,0,-0.018049460245300037,0.15138285280731748,0.30829696136860907
2021-01-28,70.0,70.55999755859375,68.04000091552734,69.18000030517578,2215300.0,0.5873629957125742,0.5859001416874189,0.3579187061656707,0.651042344883065,0.25773923786623976,0.3084326853106436,0.26071105189155347,0.8311728811329133,0,0,-0.053123169410090335,0.11675423806094898,0.26094568198183443
2021-01-29,68.62000274658203,68.88999938964844,65.87999725341797,66.44999694824219,2924600.0,0.5836454202006807,0.5855498456682747,0.2673415651539168,0.6517431670773839,0.22676634503037263,0.25816588798547657,0.27229735372819724,0.821552328163292,1,0,-0.039606902010364195,0.13558828002370207,0.311361677081632
2021-02-01,67.38999938964844,68.19000244140625,66.25,67.55999755859375,2350800.0,0.580935067843295,0.5853213104044928,0.3212993734970423,0.6523239243669837,0.2574189801574583,0.2956892804815792,0.28305606257650934,0.8292853500879948,0,0,-0.022723885712238743,0.15966894052103084,0.3103085582177366
2021-02-02,68.9000015258789,71.94000244140625,68.62999725341797,70.37999725341797,3246300.0,0.580802296915053,0.5859376058756068,0.4415795609686073,0.653188387319145,0.2911333055969571,0.4011241070656228,0.2513333530655478,0.8399641441471076,0,0,-0.044701071367590474,0.13469506813153456,0.2633215150740399
2021-02-03,70.86000061035156,71.91000366210938,70.61000061035156,71.44000244140625,1121600.0,0.5805459136014606,0.5867861824576551,0.48147343117972285,0.6534950072634115,0.2899775808750536,0.43499681357554615,0.2218765513767978,0.8436536785144492,0,0,-0.07075878873655032,0.10144927064915006,0.24197214327782346
2021-02-04,72.19999694824219,75.70999908447266,71.87999725341797,75.0199966430664,2816200.0,0.5816447012271199,0.5884177725778388,0.5971229584221582,0.654334070664068,0.34533472280318855,0.5250653346016645,0.22098484109316052,0.8529176466718202,0,0,-0.0884658381696972,0.08118705002165791,0.17469209029170257
2021-02-05,75.16000366210938,75.43000030517578,73.66000366210938,74.33999633789062,2043200.0,0.5822536115969019,0.5895492070677916,0.5690260010732139,0.6549325275535655,0.34361899058534606,0.5297856537756697,0.22015682440121165,0.8461964834947943,0,0,-0.12370043753593123,0.03785652445977691,0.12156752233113302
2021-02-08,75.0,76.76000213623047,74.31999969482422,76.38999938964844,1435800.0,0.5835950517077378,0.5908754599096575,0.6283678364860488,0.65537312469353,0.3571163846131248,0.5621460744849825,0.22927959386467311,0.8509195874932153,0,0,-0.12267962329631732,0.040355127088847045,0.0893193397463765
2021-02-09,76.31999969482422,78.33000183105469,75.31999969482422,77.5199966430664,1834000.0,0.5860123900729255,0.5926044577766305,0.6586527356149438,0.6559498415283882,0.3944586040138515,0.5804593936026003,0.2484878872319553,0.8569525814569318,0,0,-0.1366671360756807,0.026312372722742068,0.06846450319048318
2021-02-10,77.81999969482422,80.80999755859375,76.69999694824219,79.62999725341797,2910600.0,0.5888783992368999,0.5949272717443046,0.7108822364179391,0.656906597565992,0.390671414095512,0.6085275754702496,0.28104683921882817,0.866527081037517,0,0,-0.15402480596565138,0.038570665547583774,0.07739938415666399
2021-02-11,80.16999816894531,83.08000183105469,79.37000274658203,81.04000091552734,3470200.0,0.5924128423135301,0.5978101849008107,0.7427169203290364,0.658079467258117,0.41028079791184074,0.6290167668201476,0.32265103911924214,0.8779424003684271,0,0,-0.17945499696615866,0.036544063323880986,0.04859981012263464
2021-02-12,81.02999877929688,84.20999908447266,80.87000274658203,84.16999816894531,4125700.0,0.5973757107007017,0.6008186046598308,0.8044891859059696,0.6595606506254215,0.5316317327089239,0.6339534519413322,0.3664278437252419,0.8915140051645586,0,0,-0.1869447353742089,0.03923988486242095,0.008884516443350287
2021-02-16,85.01000213623047,86.72000122070312,83.80999755859375,85.01000213623047,3511700.0,0.6035289381706054,0.6036490673812068,0.819399652781151,0.6608395686691989,0.5295556183246817,0.6372285798103534,0.41737185499268853,0.9030658398986825,0,-1,-0.2272781905544885,0.020316016652873872,-0.0180587418976771
2021-02-17,84.58999633789062,85.4800033569336,83.1500015258789,84.86000061035156,2171100.0,0.6073380781536504,0.6065788114875316,0.8115438303224883,0.6616269921402733,0.47223222266482645,0.5993032735477203,0.45639564464569266,0.8959239461175348,0,-1,-0.22009173761093967,0.02505593258778089,0.0007058603279661323
2021-02-18,84.79000091552734,84.79000091552734,83.3499984741211,84.44999694824219,1748100.0,0.6122460057623547,0.609285639815386,0.7890499897565856,0.6622554963608192,0.5537613410888779,0.5721175005178407,0.49263202075205387,0.890173522590832,0,-1,-0.22283765644709008,0.022743345407663738,0.03865188257960921
2021-02-19,84.8499984741211,88.69000244140625,84.75,88.08999633789062,2418800.0,0.6184267018750118,0.6126874392670498,0.8572775479192026,0.6631849811504733,0.5591050515597444,0.5860078056593027,0.541822423404809,0.8981302324051381,0,-1,-0.22462998112752428,0.045470741338671954,0.031971636177695786
2021-02-22,87.88999938964844,91.37999725341795,87.19999694824219,88.8499984741211,3669800.0,0.6260129339269026,0.6162390983298004,0.8696662923774207,0.6646124512753374,0.5854804425595934,0.5853005006626525,0.5958797691437485,0.9102021414825902,0,-1,-0.2498581343085286,0.039618549311578814,0.011806118274067887
2021-02-23,89.23999786376953,90.45999908447266,86.18000030517578,90.33000183105467,4952900.0,0.6356822908806141,0.6199986869240794,0.8930007635202161,0.6665856695312351,0.7192014439289669,0.5669029953875749,0.633436343436637,0.9264948436651917,0,-1,-0.26291503670825067,0.024085530966798278,-0.02881257853188808
2021-02-24,89.88999938964844,92.87000274658205,89.41999816894531,90.48999786376952,2753200.0,0.6456583926549394,0.6234004863757433,0.8955098423786053,0.6676836526723817,0.7042310621100092,0.5707290719506983,0.6762008849982979,0.9355515715719008,0,-1,-0.26580318442965023,0.03299018373216847,-0.031993793103797775
2021-02-25,91.06999969482422,91.18000030517578,85.66000366210938,87.22000122070312,3255300.0,0.6542198034401001,0.6264519912374302,0.7180779467014003,0.6689070153900327,0.6652045201262774,0.5331225030898736,0.6753828035506197,0.9248431717626934,0,-1,-0.27837333446873525,0.019891734934812215,-0.05602828836903035
2021-02-26,88.81999969482422,91.02999877929688,85.25,88.86000061035156,2507000.0,0.6632298850240473,0.629919355162174,0.7546071168019949,0.6698761550864802,0.6821929361727617,0.5289935827285995,0.6706402680714674,0.9330900179279263,0,-1,-0.26301309470700923,0.046434338398019775,-0.045173152789076375
2021-03-01,91.0999984741211,94.25,90.79000091552734,92.86000061035156,2195400.0,0.6753211596143922,0.6336077612272287,0.8288579465624569,0.670784178246348,0.7279070314994336,0.564242710549611,0.6804978468844005,0.9403118472343295,0,-1,-0.2838172523911189,0.03544903786003298,-0.09486833499069035
2021-03-02,92.08999633789062,92.79000091552734,89.83999633789062,90.56999969482422,1900600.0,0.6858558137444388,0.6369027861704727,0.7258888003811527,0.6715397021712438,0.691636387740107,0.5418918394131238,0.6802676714598597,0.9340597707199131,0,-1,-0.2822528420439284,0.02326086202791376,-0.10811967714992245
2021-03-03,89.1500015258789,94.62999725341795,88.80999755859375,91.75,2723900.0,0.6956396280335699,0.6402315294547527,0.7492356611405765,0.6726434009323097,0.6884188054286698,0.5440906465135528,0.6880972413506761,0.9430201154624253,0,-1,-0.2569283907570858,0.06050563924040967,-0.0982665513510818
2021-03-04,91.8000030517578,93.7300033569336,88.70999908447266,91.13999938964844,3187100.0,0.704658864667448,0.6435490337684098,0.7218509662454956,0.6739197529390587,0.680038477343005,0.5320195962577492,0.6943179819694671,0.932536061448379,0,-1,-0.28250687518626516,0.03084462345133685,-0.11782022003256967
2021-03-05,91.79000091552734,91.97000122070312,86.4000015258789,89.80999755859375,2920100.0,0.7114301610500252,0.6468515518351247,0.6628744014424777,0.6750609945404435,0.6567349054524005,0.5017397403325057,0.6766361623470791,0.9229303113538051,0,-1,-0.28428795079685065,0.03116081146488546,-0.11202544604836034
2021-03-08,91.5,91.83000183105467,88.76000213623047,89.4000015258789,1680100.0,0.7183250733109137,0.6501091125901806,0.6447810593728446,0.6757122246323748,0.6464408434513895,0.5055169189457909,0.660217329840576,0.9174035757167058,0,-1,-0.28526893935017705,0.03485132322129154,-0.14530679664303234
2021-03-09,90.13999938964844,90.33999633789062,87.23999786376953,87.26000213623047,2057700.0,0.7233016795124225,0.653036984487513,0.5545890155825508,0.676479039122596,0.5848053537531677,0.47030024626066924,0.6299379824800206,0.9106347143867497,0,-1,-0.27136467250739194,0.05022368889411912,-0.09910515054954255
2021-03-10,88.02999877929688,89.37999725341797,87.48999786376953,88.16999816894531,1934000.0,0.7281775626998885,0.656133446660859,0.5821284181831299,0.6772111379527652,0.556559254104279,0.46358171307303214,0.6018214456452193,0.9169966611292948,0,-1,-0.253839112807931,0.07563601091617154,-0.08079297787956521
2021-03-11,89.30000305175781,89.30000305175781,87.79000091552734,88.77999877929688,1177700.0,0.7323667018748371,0.6587747119448006,0.6006087291385573,0.6776615430207953,0.5388148807062488,0.4617657961918503,0.5757132328700467,0.9208707380055592,0,-1,-0.26562329913474686,0.06045133619541618,-0.08528983133300763
2021-03-12,88.31999969482422,89.05000305175781,86.76000213623047,87.87999725341797,2036300.0,0.7354982528952956,0.661279230226438,0.560523740160301,0.6784272368296522,0.5449472776243864,0.42716116383392905,0.5402855270035547,0.9141722725702724,0,-1,-0.2527596615223109,0.07107453982152116,-0.06420361597900137
2021-03-15,88.0199966430664,90.36000061035156,87.75,90.16000366210938,2123500.0,0.7382406531668801,0.6641996090002994,0.6310600783609067,0.6792580245858033,0.4996316379965899,0.4735347682460682,0.5180053527168016,0.9211575848286978,0,-1,-0.24772413886505548,0.07521621321050351,-0.065316318197157
2021-03-16,90.22000122070312,90.2300033569336,86.2699966430664,88.01000213623047,1828100.0,0.7396141411919152,0.6669214235750959,0.5389270420233792,0.6799457883843338,0.5076394849207506,0.41375371837170527,0.48140861658386297,0.9151439990789322,0,-1,-0.23946321085120548,0.04891299748879861,-0.08651289635024538
2021-03-17,87.12999725341797,87.73999786376953,85.66999816894531,86.69000244140625,1711800.0,0.740451969725497,0.6699223516398122,0.48746830618824877,0.6805738746246932,0.48648509556152086,0.3357461427509984,0.4412433980607459,0.9095129854109442,0,0,-0.18770589980778712,0.08521758684189956,-0.05135776086074756
2021-03-18,86.36000061035156,89.94000244140625,84.76000213623047,87.88999938964844,4213900.0,0.7420269037786177,0.6728989266959556,0.5285698150028295,0.6821524266069974,0.48558986674474375,0.3585266926134178,0.4227986138685212,0.9233747265580026,0,0,-0.16703198695513505,0.0953973515995236,-0.051678431546493805
2021-03-19,87.45999908447266,87.76000213623047,84.37000274658203,84.68000030517578,2781300.0,0.7404657075398343,0.6751580512578765,0.41249625578105353,0.6831318853508619,0.4051833297352212,0.26934395587591364,0.40136737451346033,0.9142255629204427,0,0,-0.1570143988872143,0.08157922651879972,-0.060416402269530045
2021-03-22,84.68000030517578,85.94000244140625,83.66000366210938,84.27999877929688,1927400.0,0.7383734275880828,0.6772691898468702,0.3993668482145022,0.683804672555939,0.40301626035350674,0.2574806542894658,0.3735498742919367,0.9078853270613003,0,0,-0.12234294488681458,0.11750114445422379,-0.06376950290999053
2021-03-23,83.83000183105469,83.83000183105469,81.12999725341797,81.63999938964844,2014000.0,0.7343948894911511,0.678801498582105,0.31847061559617007,0.6844708914158788,0.2829536924595304,0.206419709077219,0.34247707318234993,0.9012602180956923,0,0,-0.10097297412777045,0.12814422850960283,-0.06003803110200396
2021-03-24,82.16000366210938,83.9000015258789,81.52999877929688,81.55000305175781,1526700.0,0.7303018975517603,0.6805454841251872,0.3158585583358392,0.6849745800584006,0.2736924541150601,0.2472394231329387,0.3128974043228315,0.8962380960213161,0,0,-0.06687906362918825,0.1527436757047516,-0.08623225095736567
2021-03-25,80.38999938964844,84.30999755859375,79.1500015258789,83.81999969482422,2207200.0,0.728745277091462,0.6825030172559423,0.4085016743098291,0.6857362343619633,0.3388221785508808,0.28758760367516545,0.3061414619022304,0.903498741755621,0,0,-0.015205368698546027,0.17461676677966198,-0.005272842294105991
2021-03-26,84.13999938964844,86.3499984741211,82.45999908447266,84.04000091552734,3212800.0,0.7265385398042911,0.6845111286128351,0.4170739553401063,0.6868483582324754,0.3138650793113867,0.3556133813990254,0.2786212375964299,0.9140673366338261,0,0,-0.05953230591669469,0.1251491040558577,-0.012884774934225827
2021-03-29,83.41000366210938,83.94999694824219,81.41999816894531,81.75,1553600.0,0.7214520555388084,0.686088394659729,0.340795815870097,0.6873614093609735,0.28174548789158727,0.3227734932109936,0.2619635998466489,0.908956726261945,0,0,-0.050690172415780936,0.13350777569108235,-0.017372759376034642
2021-03-30,81.91999816894531,84.05999755859375,80.81999969482422,83.48999786376953,1342500.0,0.7182106229614155,0.6883212940040848,0.4107880691500556,0.6878203209214244,0.31895458298950735,0.3467226635504736,0.25154681685794034,0.913372917317719,0,0,-0.033883750985521786,0.15547399491709654,-0.049051920572916664
2021-03-31,84.0199966430664,85.22000122070312,83.68000030517578,84.6500015258789,1976000.0,0.7149600353340917,0.689840490130537,0.454452742771441,0.6885108392433115,0.32881881605515956,0.39808647291471855,0.2294428051196591,0.919873024227372,0,0,-0.058330281971426826,0.12708109811745194,-0.03341709614947217
2021-04-01,85.5,88.1500015258789,84.97000122070312,88.06999969482422,2002400.0,0.7135544993948578,0.6925267127261377,0.5660823922334806,0.6892564152728375,0.3695479655147029,0.4731813951136993,0.21538882285995958,0.926459974670636,0,0,-0.07501474730841906,0.10785584275065563,0.003544040712936037
2021-04-05,89.2699966430664,89.44000244140625,87.0999984741211,87.55000305175781,1653200.0,0.7125198075975965,0.6949544304224066,0.545717176432223,0.6898656390917706,0.3355398339225118,0.5042923241383507,0.21248579651876004,0.9210217273310416,0,0,-0.11490854039122066,0.0608606861465284,-0.0539343705740827
2021-04-06,87.62000274658203,89.4000015258789,87.4800033569336,88.93000030517578,1807800.0,0.7123046272481339,0.6980733719661658,0.5877004088911608,0.6905482305837307,0.37421750908221674,0.5253012844038034,0.2097901292019319,0.926968535666705,0,0,-0.09674472787506164,0.0800684667331394,-0.006053756598707108
2021-04-07,88.87999725341797,88.87999725341797,86.58000183105469,86.68000030517578,1283300.0,0.7120390853916501,0.7013459189681638,0.49940425728795,0.6910128817155683,0.39169127009328886,0.4905062291619427,0.19728583699522967,0.9227470846559975,0,0,-0.1094118485792108,0.06465759564003208,-0.017766717600789208
2021-04-08,86.66000366210938,87.11000061035156,85.77999877929688,87.0,1288200.0,0.7115034259001969,0.7047739450665598,0.510110182780432,0.6914818323850951,0.42457684194574474,0.47093588696025523,0.17700670050283396,0.9269846543528676,0,0,-0.08664054118354723,0.09194731845002867,0.019727723563131436
2021-04-09,87.18000030517578,87.36000061035156,85.13999938964844,86.0,1452600.0,0.710230660889205,0.7080483657067174,0.4712092150494206,0.6920004709933443,0.4104722074040317,0.460832226759437,0.15132688665152472,0.9222062862876034,0,0,-0.09229883654364224,0.0856321488303698,0.023908067023617096
2021-04-12,85.76000213623047,85.9800033569336,84.02999877929688,84.87999725341797,1333600.0,0.7088571728641702,0.7109893487836652,0.4290213558015131,0.6924662146455989,0.40790006096302334,0.4246486300496873,0.13630854229433986,0.9178193720291451,0,0,-0.07686047221339026,0.10313947810683123,0.06930231493572857
2021-04-13,84.0999984741211,84.12000274658203,81.91999816894531,82.66999816894531,3035400.0,0.705428028580068,0.7140277410365695,0.3532014036676152,0.6934798779001172,0.35170565024251926,0.36201704688174385,0.14165522457828872,0.9078343393805819,0,0,-0.058317590815459876,0.12405748256398343,0.07386904424302947
2021-04-14,83.05000305175781,84.6500015258789,81.75,82.05000305175781,2379200.0,0.7026993661228206,0.7167420639170621,0.3333272404193719,0.6942634745834937,0.31784597520429314,0.3664214584008212,0.14031748746170142,0.9000078948666919,0,0,-0.047175536618602805,0.1400749299400629,0.08769807863287726
2021-04-15,82.58999633789062,83.02999877929688,80.18000030517578,80.25,2332300.0,0.699750944044665,0.7185909503304047,0.27837539633228847,0.695002448441,0.2732599214117598,0.32066075314876175,0.1525385164191485,0.8923357292060724,0,0,-0.04192559029939026,0.13577095191594035,0.09664838525567723
2021-04-16,80.62999725341797,81.72000122070312,80.51000213623047,80.98999786376953,1905500.0,0.6965919208884926,0.7203798917559789,0.31309077839752986,0.6956151509431945,0.2473922785825212,0.3299548573514266,0.1638866147367779,0.8986039244066514,0,0,-0.018442314361857476,0.14130846065152844,0.11813088295244353
2021-04-19,80.9800033569336,82.44000244140625,80.44000244140625,81.58000183105469,2980900.0,0.695172650627882,0.7216087368510555,0.34089391813229797,0.6965844759004198,0.3020836853133705,0.35509008170226614,0.16482608494764356,0.9084096777907531,0,0,-0.022595405350335607,0.13396714113230976,0.13569574211195098
2021-04-20,80.98999786376953,81.30999755859375,77.7300033569336,78.44999694824219,2466800.0,0.692503504727587,0.7223786377804085,0.24521509003732567,0.697333561262703,0.2899781297208532,0.30036002976660453,0.1883892460864855,0.9002950706426092,0,0,-0.039960706468076715,0.1148566135851102,0.12159849933422825
2021-04-21,78.06999969482422,81.33000183105469,77.44000244140625,81.27999877929688,2571200.0,0.6923386858851459,0.723294651044529,0.368440933771931,0.6981625457909786,0.3663898836751751,0.3348278993135959,0.2124313099370414,0.9087531044918501,0,0,-0.008030558036013855,0.15666031094476318,0.15245378648469968
2021-04-22,81.5199966430664,81.88999938964844,79.9000015258789,80.9800033569336,3544900.0,0.6920777233001077,0.7239427926476869,0.35890364663420704,0.699296748508178,0.40306361819887765,0.36575543110263825,0.2267766224254179,0.8970920574351551,0,0,-0.05019677980973822,0.10875989296319756,0.09498033140558455
2021-04-23,81.79000091552734,82.16999816894531,81.13999938964844,81.77999877929688,1315100.0,0.6911437510239288,0.7243455391019612,0.3926242931523035,0.69972415329778,0.3732002711943689,0.389736649402994,0.23603336735249014,0.90141811542953,0,0,-0.05371694608294484,0.10582859149869925,0.09767838608069879
2021-04-26,82.41000366210938,83.29000091552734,82.05000305175781,82.62000274658203,1027000.0,0.6904936341970561,0.7246415110478156,0.42766678755945997,0.7000635629597158,0.3837746258007992,0.41916183319496764,0.22875129812805456,0.9047964604680997,0,0,-0.06077282092062482,0.09721199641610632,0.08412811636235538
2021-04-27,83.02999877929688,83.37000274658203,82.05999755859375,82.27999877929688,923000.0,0.6907362831892719,0.7242874691815195,0.41439870794666556,0.7003663573235348,0.3946587354338261,0.4164391037744791,0.22086673097748427,0.9017602263195118,0,0,-0.06765911585644291,0.08714602200778288,0.06221252988110168
2021-04-28,82.4000015258789,83.5,82.22000122070312,82.41999816894531,899700.0,0.6902464059333946,0.7238022997982307,0.4208176647615737,0.7006622369013387,0.3643911651471691,0.42063306728074734,0.2116116862530159,0.9047198144706327,0,0,-0.06028195379264737,0.09163832070236422,0.05602820465174243
2021-04-29,83.0199966430664,83.87999725341797,81.80000305175781,82.61000061035156,822500.0,0.6893124336572156,0.7233808212498625,0.43001475730265937,0.7009336769058605,0.3502576138058705,0.4242691812916116,0.2080493906197175,0.9074254510764979,0,0,-0.0677019452272036,0.08396027605042103,0.05387045061933986
2021-04-30,82.0199966430664,82.80999755859375,81.55999755859375,81.87999725341797,943200.0,0.6864784689144795,0.7228993991428928,0.3966353964307562,0.7012401951798861,0.30223549514250253,0.4087816222726826,0.20767321129128213,0.9043227684665865,0,0,-0.055441159276377654,0.0898197039525269,0.05302027418534672
2021-05-03,82.63999938964844,82.97000122070312,81.55000305175781,82.1500015258789,942200.0,0.6840061897708246,0.7217866967470341,0.4112694098895161,0.7015479723583509,0.3199520096390951,0.41796145514427485,0.20446343851728033,0.9074221615487096,0,0,-0.06350753691586282,0.0830484035155968,0.04054713979226019
2021-05-04,81.70999908447266,82.08999633789062,78.45999908447266,79.27999877929688,1587600.0,0.6795881359250369,0.7199940080451407,0.2906034557461782,0.7020356404233186,0.28349590028578003,0.332990452851067,0.23469555227617056,0.9021997072320268,0,0,-0.05197804703291784,0.09409620466651467,0.06707245324267835
2021-05-05,79.58999633789062,79.75,78.69999694824219,78.7699966430664,1591700.0,0.6759667041557404,0.7178285439536901,0.2720705299196866,0.7025187667306072,0.2792716850461774,0.30436418584491143,0.2627682293379972,0.8969637658514119,0,0,-0.027118995075537552,0.1242432675981303,0.07278007519303485
2021-05-06,78.98999786376953,79.56999969482422,74.91000366210938,75.12000274658203,4018800.0,0.6705276928340681,0.714949378073503,0.1609265625105204,0.7036385445844033,0.18306794393459758,0.21886473759181704,0.3162555590670732,0.8837438115758482,1,0,-0.05179629777246272,0.13266478383881666,0.0846769846717641
2021-05-07,74.36000061035156,80.37000274658203,74.01000213623047,79.95999908447266,2994600.0,0.667762403191176,0.713589406890601,0.39027085467617106,0.7045689465451137,0.24275503066286724,0.30480894265969327,0.370893507189946,0.8935946314906494,0,1,-0.004659191444678411,0.2007454909436998,0.19568685317854356
2021-05-10,82.11000061035156,85.33999633789062,80.52999877929688,83.05999755859375,3858400.0,0.6669291539290398,0.7125029282831402,0.4975970456239933,0.7058461369332161,0.2503086703450623,0.5344491951509758,0.35332173539318573,0.9062869455089722,0,0,-0.10130063240200841,0.0916708593669568,0.11768379365254596
2021-05-11,81.19999694824219,82.55999755859375,79.9000015258789,81.94999694824219,2901700.0,0.6665995162441578,0.7104592249470516,0.459470957926161,0.7067836253941195,0.30188325242313097,0.46631137994001154,0.3420625084474253,0.8967417227257026,0,0,-0.08656386977304709,0.09920546274217312,0.12930418744098363
2021-05-12,82.36000061035156,82.52999877929688,77.81999969482422,77.91000366210938,2493100.0,0.6647041030490465,0.7080877063913993,0.339824096488332,0.7075206719569493,0.29149636046992766,0.37389101051084384,0.347081381995796,0.8885406009967268,0,0,-0.10189138236813808,0.08639416833079641,0.11751064810289193
2021-05-13,78.18000030517578,81.55000305175781,78.18000030517578,81.2300033569336,2470000.0,0.6651527773407939,0.7061170606518617,0.4468160751115735,0.7083049967181563,0.3772688437592479,0.4204170057413799,0.35174176457642586,0.8966657346337933,0,0,-0.05352327009289235,0.14452575544809837,0.18508532269468125
2021-05-14,82.58999633789062,85.87000274658203,82.3499984741211,85.80000305175781,3493100.0,0.6673549388494798,0.7051167522497345,0.5643919070638996,0.709519542197524,0.45346974535549345,0.6038688669421182,0.31295878575553343,0.908156384151055,0,0,-0.1056259244993345,0.08432852173372371,0.0701711724987905
2021-05-17,85.22000122070312,86.5,83.11000061035156,84.5199966430664,2570500.0,0.6687009547388008,0.7041258091800705,0.5261846807581759,0.7103901096919456,0.4361971748045449,0.5857312481933097,0.28231027845983275,0.8997006529712659,0,0,-0.13065266533510914,0.048717950541962644,0.03799536154169962
2021-05-18,84.77999877929688,88.77999877929688,84.63999938964844,87.08999633789062,5445300.0,0.6726565999714643,0.703693090231912,0.5860511360988631,0.7123245201757851,0.48650169163462936,0.6420019209132689,0.27187745779586864,0.9176131186368196,0,0,-0.12742542677265856,0.04850921245815545,0.033246541294370345
2021-05-19,85.18000030517578,87.38999938964844,84.25,87.30000305175781,2786000.0,0.6754127345644256,0.7037005833553831,0.5908199430623423,0.7133163478392086,0.48896592124169336,0.6011140351874441,0.25833774285586597,0.9267777430549844,0,0,-0.1282581081483584,0.041336532615684894,0.03915485332534389
2021-05-20,87.63999938964844,89.69000244140625,87.0999984741211,88.37000274658203,2616300.0,0.6787960931199913,0.7037380489727383,0.6157373373315871,0.7142653321470667,0.48178182066576053,0.6386705527041014,0.2625454479761546,0.935384134607477,0,0,-0.15612825632247815,0.023482279267990645,-0.004009146184262893
2021-05-21,89.45999908447266,89.66000366210938,87.91000366210938,89.26000213623047,2498400.0,0.6822206581326478,0.7038279650252238,0.6364084634499818,0.7151853603946285,0.5028672558745388,0.6226160434021735,0.2664526027307083,0.9436026908337307,0,0,-0.17483304818432588,0.002602731128040955,-0.05103544184743059
2021-05-24,89.66000366210938,92.0199966430664,88.33000183105469,91.72000122070312,2272200.0,0.6863869044433282,0.7045472891576061,0.6902024589230389,0.7160584637808773,0.5432371849799487,0.6260378025743814,0.28573801974485474,0.9510771558742742,0,0,-0.17533050808125178,0.02643953534031022,-0.06789160926457716
2021-05-25,93.0199966430664,93.06999969482422,89.27999877929688,90.37000274658205,3173600.0,0.6900907456338451,0.7045866269839537,0.6383512624530278,0.7172479512266707,0.5282900809970027,0.5978890533633809,0.30991542225750074,0.9406375104853697,0,-1,-0.20726116718089385,0.0005451706399075555,-0.11905798106858768
2021-05-26,90.9000015258789,91.4000015258789,89.9000015258789,90.3000030517578,1265500.0,0.6936984430817649,0.7050155986557931,0.6356164945788979,0.7177212189901951,0.5288590375518801,0.5694079243459881,0.33236586744781466,0.9364746130692938,0,0,-0.18689829452602563,0.024012372501863024,-0.0801150563652424
2021-05-27,90.77999877929688,91.0,88.87999725341797,90.5199966430664,1973700.0,0.6973198713581007,0.7057330477208485,0.6412436295245165,0.7184617035041263,0.554514488536209,0.5481882265099731,0.34023400455035796,0.9429671540650338,0,0,-0.18571424226258604,0.02535992068809533,-0.07076411045064797
2021-05-28,91.18000030517578,91.5,89.94000244140625,90.11000061035156,1086200.0,0.7010878083770158,0.7061489067839054,0.6231493554443318,0.7188659841016187,0.5466017010113087,0.5434888847930537,0.351150523119741,0.9393940689813977,0,0,-0.18968182507395717,0.02087935770812036,-0.10384447497213779
2021-06-01,91.0999984741211,92.12000274658205,90.27999877929688,91.97000122070312,1545800.0,0.7055836923725782,0.707514497452119,0.673661897769462,0.7194601167347703,0.5758741229962693,0.546363203747838,0.36579425094679957,0.9444790210365301,0,0,-0.18965704385898516,0.02186218185949959,-0.11275103722003187
2021-06-02,91.93000030517578,92.43000030517578,90.31999969482422,90.91000366210938,2211300.0,0.7109082498517916,0.7087564551559781,0.6249570929612074,0.7202937575616686,0.5737534436517825,0.5339407459691073,0.38168235153342916,0.9372048882382933,0,0,-0.19484612298680049,0.012395339507637358,-0.13047732783218352
2021-06-03,90.19000244140624,91.11000061035156,88.77999877929688,90.02999877929688,1820600.0,0.7160634092171182,0.7103281017175606,0.5853855242537239,0.7209688579536919,0.6045012536990535,0.5089183275167949,0.3748275923818039,0.9312159739469399,0,0,-0.17797821640523676,0.03167965171492282,-0.1282587525290043
2021-06-04,90.45999908447266,91.0500030517578,89.05999755859375,89.23999786376953,1205000.0,0.722527957286121,0.7117686207621502,0.550239792657091,0.7214090676066194,0.6587784581569296,0.5005884873183029,0.36846245888386614,0.9272520929620552,0,0,-0.18271684073403538,0.028990343726981737,-0.1740530754349933
2021-06-07,89.41000366210938,90.9800033569336,89.19000244140625,89.69999694824219,1236800.0,0.7269872140960384,0.712870084187386,0.5663234789517184,0.7218644318276031,0.5949258629332526,0.49845718753022666,0.3625519777786382,0.9313205809306073,0,0,-0.17256837622730534,0.04101295518072578,-0.13917532603821622
2021-06-08,89.94999694824219,89.97000122070312,87.91000366210938,89.29000091552734,1399600.0,0.729839492431597,0.7138535341335788,0.5465971782074193,0.7223756295040509,0.6005181062188939,0.47542255991247057,0.3385949317810825,0.9267165578381222,0,0,-0.17770340417301528,0.03478264049866473,-0.11092527632953474
2021-06-09,89.44999694824219,89.44999694824219,88.08999633789062,88.16999816894531,1081800.0,0.7326871914957097,0.715056152581923,0.4934796466248743,0.7227624961817058,0.5491730051220935,0.45811101997754733,0.3163491033547809,0.9231579466767544,0,0,-0.1729196399787105,0.04054208432595637,-0.11927420525574621
2021-06-10,88.41000366210938,88.7300033569336,85.7300033569336,87.01000213623047,2099300.0,0.7368534378063901,0.715715533155704,0.4416332589825619,0.7234965581970922,0.5916646693311812,0.4025262717792385,0.29322647468415236,0.9162522409908057,0,0,-0.16332087813233942,0.05285240024373913,-0.12135652489335548
2021-06-11,87.29000091552734,88.06999969482422,87.0,87.45999908447266,1243600.0,0.7397057126489878,0.7162419125743328,0.4621517966323003,0.7239348024600023,0.5474378965178246,0.3908212227660614,0.27175546234714015,0.9203430977483181,0,0,-0.15262611715035412,0.06642913041476775,-0.05872888731057492
2021-06-14,87.30999755859375,87.83000183105469,85.7699966430664,86.4000015258789,1186100.0,0.7399804095554027,0.7159290821725439,0.41407074442388025,0.7243442256142996,0.46987666198834444,0.3450828071483657,0.2657386470061846,0.9164413888386321,0,0,-0.15206946674579278,0.06585870336754988,-0.08026522657845205
2021-06-15,86.87999725341797,87.4800033569336,85.5,85.95999908447266,1348500.0,0.7406396849251669,0.71563123658853,0.3945006544513002,0.7248055163887499,0.46398629712831224,0.3187633524392044,0.2630882115336092,0.9120054606161285,0,0,-0.148958274188602,0.07164354551026476,-0.07719905151792718
2021-06-16,86.01000213623047,87.44999694824219,85.73999786376953,87.22000122070312,1003700.0,0.7406992049750799,0.7153109130632701,0.45840568555416117,0.7251570646309182,0.4585798974240812,0.3418590257657133,0.2606270928805034,0.9153071596572311,0,0,-0.1395998153537395,0.08213119629812828,-0.06154026258572751
2021-06-17,86.94000244140625,87.69000244140625,84.73999786376953,85.36000061035156,1318600.0,0.7398110149344767,0.715063645705394,0.3748918015731838,0.7256024238514027,0.3896423517108786,0.30404767513654785,0.26969309924018303,0.9109695883155973,0,0,-0.14824581660412348,0.07028201292850832,-0.09229537880179495
2021-06-18,84.19000244140625,85.8499984741211,83.55000305175781,85.66000366210938,2031300.0,0.7385702978376837,0.7148126325003661,0.39065329213957745,0.7262920341083596,0.425145724608695,0.29019012016719625,0.2902175256635151,0.9176516061119425,0,0,-0.11925960909542517,0.10402995770762795,-0.05939549740595225
2021-06-21,86.80000305175781,89.1500015258789,85.91999816894531,89.05999755859375,1532200.0,0.7384787298735717,0.7153858428688136,0.5439768363998861,0.7268462894889112,0.42698657217521613,0.41585619233865917,0.2599330810273112,0.9226918205891543,0,0,-0.1048330956458479,0.07319631537489486,-0.0988793002404426
2021-06-22,88.88999938964844,92.5500030517578,87.48999786376953,91.5199966430664,6012800.0,0.7383871619094595,0.7166296727816649,0.6286546048992704,0.7291155808751535,0.4607808871392981,0.514951577158423,0.25654541126993397,0.9424710932745604,0,0,-0.12429822589587564,0.0469346555104687,-0.10554684239346089
2021-06-23,91.48999786376952,94.0,91.22000122070312,91.94000244140624,2081000.0,0.7391059538361759,0.7183661652012762,0.6419272396128776,0.7299053666224382,0.4677968810556226,0.5813137311687633,0.26503705705209457,0.9493166006019835,0,0,-0.1493662442128263,0.027425723648348076,-0.07353579517475775
2021-06-24,92.73999786376952,92.83000183105467,91.12999725341795,91.98999786376952,1508800.0,0.7398796830483991,0.7202281627942343,0.643584828378001,0.7304780416979031,0.4801649078026377,0.55891679534564,0.2717603047854928,0.9542798401289494,0,0,-0.15836411977335857,0.013704612821100236,-0.07972584301736972
2021-06-25,92.0,93.37000274658205,91.61000061035156,92.5999984741211,3757100.0,0.7408319689174004,0.7225416114294448,0.664496549422986,0.7319175734895165,0.467756033361704,0.5675095496926524,0.2824720232431018,0.9666389249823187,0,0,-0.10490272583949677,0.021741494145503235,-0.0944668186021214
2021-06-28,92.76000213623048,92.76000213623048,86.33999633789062,88.29000091552734,4105900.0,0.7399987196552643,0.723909075735818,0.4537333600715866,0.7333713515809672,0.45225935744922785,0.45110735020627635,0.26034840029799816,0.9531324528363952,0,0,-0.10421168126234694,0.01339090587691596,-0.09730024065549533
2021-06-29,88.29000091552734,89.75,87.37000274658203,88.4800033569336,1888100.0,0.7384008962308362,0.7252016102366476,0.4615270707877399,0.7340413688001233,0.42337420515113366,0.4341552759717783,0.23980503613468773,0.959343410253458,0,0,-0.05368668948485558,0.06467322488687904,-0.05119497367301551
2021-06-30,88.47000122070312,88.81999969482422,87.02999877929688,87.58999633789062,2689600.0,0.736880899463222,0.7269137496476862,0.42410432296022116,0.734979090476918,0.4227217777494368,0.4115408427564657,0.22379890832312338,0.950495896314084,0,0,-0.05560576381420045,0.06249998383237545,-0.0502939015461509
2021-07-01,88.27999877929688,89.2300033569336,88.0,88.58999633789062,1761300.0,0.7362216240934577,0.7282830861630517,0.4684381171031442,0.7356041716556938,0.4185650658251962,0.4460429740838279,0.2043611062697449,0.9562897416075922,0,0,-0.05400155183581062,0.06530427514390368,-0.07649271867070316
2021-07-02,88.62000274658203,88.83000183105469,86.33999633789062,87.29000091552734,1729700.0,0.7353288582743693,0.7294650988791422,0.4125102569218999,0.7362027697988685,0.4302998300774667,0.4035473427649548,0.2017699070753774,0.9505998453921939,0,0,-0.057229934579597005,0.06072917344863804,-0.08443395040230224
2021-07-06,87.98999786376953,87.98999786376953,84.2300033569336,84.94999694824219,2046800.0,0.7331541689013975,0.7300589149798433,0.3245598265002161,0.7368790086572707,0.4154396603055668,0.3408666349925587,0.21623650064005862,0.9438668399151301,0,0,-0.05086487301458972,0.06885098033217452,-0.08511857288632604
2021-07-07,84.05000305175781,85.0,82.58999633789062,83.5999984741211,1655600.0,0.7305491188295006,0.730242491502799,0.2801558373334829,0.737410858134314,0.4003228467084639,0.2833240330875532,0.241026468192373,0.9384206977088438,0,0,-0.01718665999195658,0.11712769047307277,-0.03743378951635834
2021-07-08,81.80999755859375,83.12000274658203,81.2300033569336,82.0999984741211,1461700.0,0.7277700948652317,0.7302087731617629,0.23474061074977004,0.737865682884842,0.41737123403445864,0.2577255687028904,0.2726006878045772,0.9336123949407061,0,0,-0.006937729811558515,0.14581342899401778,-0.0276315502482793
2021-07-09,83.19999694824219,84.1500015258789,82.9000015258789,83.66000366210938,1623900.0,0.7262363672692015,0.730441055701864,0.3139671220889019,0.7383872954675981,0.4307630718130898,0.32200902308767676,0.2886508913253418,0.9389542591161039,0,0,-0.023995050279197745,0.13154693364777714,-0.03654080457681904
2021-07-12,82.98999786376953,84.72000122070312,82.25,84.38999938964844,1194600.0,0.7248308313299676,0.7307744918359065,0.34919699893449707,0.738776510600587,0.45210593268855137,0.3433080361602583,0.30803633654559764,0.9428839290119903,0,0,-0.021037466289677682,0.1316041316552922,0.005378969136246061
2021-07-13,84.08999633789062,84.0999984741211,81.19000244140625,81.77999877929688,2055800.0,0.722715658513948,0.7307557597418125,0.2644851652678314,0.7394105949263143,0.4366220391542065,0.3195779065319613,0.3331510705319483,0.9361213177848319,0,0,-0.03436418909181907,0.11743101947841665,0.019552097852974994
2021-07-14,81.93000030517578,82.3499984741211,80.5199966430664,80.94000244140625,1577700.0,0.7204173567556257,0.7305290981161899,0.24010587816303408,0.7398881304675133,0.43394691221972265,0.3106206824432689,0.36083572372986367,0.9309314297932532,0,0,-0.01724142434771381,0.1475910965393633,0.04842258673981731
2021-07-15,80.51000213623047,81.19000244140625,78.68000030517578,79.93000030517578,1935900.0,0.7170797804356356,0.7306508588715521,0.21153187985254285,0.7404608055750437,0.41887260164338946,0.30381245259581796,0.39762056270729,0.9245632329479102,0,0,-0.022609362192439454,0.16666663524670824,0.05238445435974545
2021-07-16,82.8499984741211,82.93000030517578,77.91999816894531,78.52999877929688,2994400.0,0.7139528051936623,0.7306059015598929,0.17414718830038545,0.7413181606764248,0.38835701868636163,0.3196595256862937,0.40770008695713195,0.9147130709386667,0,0,-0.0616789726805061,0.1394970784850216,0.05066937365563302
2021-07-19,76.27999877929688,76.4800033569336,74.2300033569336,74.79000091552734,3774300.0,0.7089761989921534,0.7305440843631321,0.09202906952467094,0.7423047102518743,0.31534074443562593,0.26390351221315433,0.4384516925629968,0.9022974062073389,0,1,-0.026104615487447688,0.22564626889278278,0.13103274004176008
2021-07-20,75.41000366210938,77.5,74.5,76.98999786376953,3591500.0,0.7034501989778148,0.7299877324506191,0.20367195875562566,0.7432937427943196,0.33411860578386765,0.30656935359756354,0.4544396648101396,0.914111745258968,0,1,-0.01577751424964615,0.24856259005648854,0.1509559185443046
2021-07-21,77.91999816894531,80.94000244140625,77.83000183105469,80.0,2456900.0,0.6981760064985836,0.7294145220821717,0.33269338412235383,0.7440178600564891,0.2813945321394966,0.36613644093917025,0.43279256799818905,0.9221937860820079,0,1,-0.047928236321567445,0.20885832286302378,0.10962466132731254
2021-07-22,79.69999694824219,80.16999816894531,78.30999755859375,78.80000305175781,1342900.0,0.6921601292283676,0.7288244532577897,0.2999437944025929,0.7444027802907278,0.28887105329730534,0.3640741274587981,0.4126916923870922,0.9177762792151186,0,0,-0.06837491989135742,0.17875003814697266,0.08737506866455078
2021-07-23,79.4800033569336,79.5199966430664,77.58999633789062,77.70999908447266,1434900.0,0.6856223267880752,0.7287869876404345,0.2710594682014542,0.744803592193334,0.26296415583042876,0.35760674029136236,0.39936735299586373,0.9130561357917071,1,0,-0.06662436290201244,0.1842639096540302,0.08375632257001372
2021-07-26,77.72000122070312,82.26000213623047,77.70999908447266,82.18000030517578,2714000.0,0.680851745886098,0.7289649446780786,0.4367484568670599,0.7456403458527865,0.3066557627081406,0.4078392624647637,0.3606812482885739,0.9219839142091152,0,1,-0.04491053796018989,0.20949683401231445,0.1281688225687134
2021-07-27,81.43000030517578,81.94999694824219,79.05999755859375,80.29000091552734,2267200.0,0.6771891111526717,0.7279327901439074,0.3823034657186981,0.7463105934954415,0.33256508277379176,0.4076446889798736,0.32475843677466193,0.9145258968075132,0,0,-0.08761252033955912,0.1529569195442379,0.06400586659403053
2021-07-28,81.56999969482422,81.80999755859375,78.94000244140625,80.20999908447266,1176800.0,0.6734028605409341,0.7271254250263666,0.38001432768385757,0.7466576159599363,0.33239461368860707,0.4111060780800749,0.2924998513257392,0.9106547805062583,0,0,-0.09141856089418897,0.1548138020107051,0.0599078030109169
2021-07-29,80.33000183105469,82.1500015258789,79.83000183105469,80.72000122070312,1519300.0,0.6702575751990991,0.725932173339653,0.398821833298624,0.7471104388532361,0.34567324795737886,0.4314025028892687,0.2590724462678684,0.9156525600750012,0,0,-0.07605034962906455,0.17042760659489398,0.07168682291025118
2021-07-30,80.05999755859375,81.95999908447266,78.62000274658203,78.88999938964844,1479700.0,0.6658166319820039,0.7243567795017514,0.3429291354738605,0.7475334936427716,0.32190836359195435,0.408763272089863,0.23990429681173142,0.9107850458066744,0,0,-0.07222490229800535,0.17269576598855288,0.1121159925036852
2021-08-02,79.25,81.02999877929688,78.9000015258789,79.12000274658203,1533300.0,0.6620761670988027,0.7226240343584592,0.3522752987875205,0.7479738916127721,0.3055064609863681,0.4111779919089547,0.2221053008881757,0.9158288787644533,0,0,-0.0636328645190116,0.1869691990634674,0.119533532489964
2021-08-03,79.4000015258789,79.63999938964844,76.30999755859375,78.33000183105469,3007300.0,0.6590453390923872,0.7205765851752188,0.32744680253887726,0.7488213162353865,0.3442206479041322,0.35774067337358884,0.22889886299982187,0.9059362818467408,0,0,-0.06534375618646772,0.18452980241778127,0.09024265851604617
2021-08-04,80.47000122070312,82.87999725341797,78.58000183105469,79.48999786376953,4145100.0,0.6571636602186526,0.718285614481254,0.377888489522176,0.7500189092158782,0.3010614681142709,0.45724574454689754,0.20056657172746023,0.919571703481965,1,0,-0.07966293524706167,0.17273073487830273,0.08093956580730056
2021-08-05,79.37999725341797,84.77999877929688,79.37999725341797,84.76000213623047,2465600.0,0.658381487944138,0.717234727852989,0.559607800032684,0.7508148993513177,0.3531788916210746,0.5734823781368361,0.18598300739690043,0.927682363196763,0,0,-0.06478794860845849,0.17599705458717257,0.09372254092149536
2021-08-06,85.37999725341797,86.16000366210938,83.79000091552734,85.41000366210938,1937400.0,0.659182689292075,0.7163187145888685,0.5779281410161595,0.7514479767752822,0.3605070752436335,0.6551831707557755,0.18329685295818576,0.9340554943337883,0,0,-0.13154782462798376,0.0942662257171979,0.016045311185406794
2021-08-09,84.58999633789062,84.94000244140625,82.54000091552734,83.30999755859375,1587300.0,0.6586882327647519,0.7149681101675971,0.4998954330733628,0.751944564618946,0.33114437837101485,0.5918163520196,0.16840698564636047,0.9288340268754419,1,0,-0.12129718460079,0.09565631012804107,0.007376242311203534
2021-08-10,82.94999694824219,85.36000061035156,82.7300033569336,83.75,2204500.0,0.6595901571267319,0.7137767306898759,0.5139137051339465,0.752639995473914,0.34593837764431545,0.595978993553295,0.15812342607797164,0.9360857908847184,0,0,-0.1046692335475779,0.08162289342254776,0.06445808311067577
2021-08-11,82.75,84.20999908447266,81.72000122070312,83.7699966430664,1780700.0,0.6608858115090314,0.712240674678322,0.5145855607267311,0.7532014875126265,0.3867009057625597,0.5559881499801566,0.138328831798882,0.9419434530173193,0,0,-0.1017313032007929,0.07737317441114738,0.10555219507929105
2021-08-12,83.75,84.05000305175781,82.30000305175781,84.0199966430664,1505400.0,0.6627583318398744,0.7109500123864847,0.523506263192063,0.7536782851944821,0.41641551502442253,0.5486192335013426,0.11994813711115593,0.946895508149805,0,0,-0.11364446728618045,0.06541725649438916,0.10731763428468054
2021-08-13,84.08999633789062,84.33000183105469,81.5199966430664,81.58000183105469,1341100.0,0.6641547127291775,0.7093671268542793,0.4261476692386206,0.7540815177515068,0.43636907953012216,0.5072809791711352,0.09942054125729682,0.9424839224329347,0,0,-0.11735293233638458,0.056415206885814875,0.11366345433609237
2021-08-16,80.7699966430664,81.98999786376953,78.77999877929688,81.13999938964844,2067500.0,0.6670619283502425,0.7078498043659867,0.40986937868113504,0.7546967964334168,0.49468269988596875,0.43451780772188026,0.1056750914000733,0.9356828237306534,0,0,-0.08016662342906768,0.08850209682092358,0.14280462447163328
2021-08-17,80.08999633789062,80.83000183105469,78.45999908447266,80.55999755859375,2298500.0,0.6686963789603156,0.7061376649549482,0.38798597770044585,0.7553715252706901,0.4825730940095446,0.39828913304025965,0.11413705989314016,0.928121844109278,0,0,-0.07222076688485445,0.07480906297607319,0.13951204596216596
2021-08-18,80.98999786376953,82.44999694824219,80.41000366210938,80.87000274658203,1313500.0,0.6690946917450415,0.7045603989080542,0.40240573976610905,0.7557594518002555,0.44815487646062846,0.4476336814970355,0.1035096972460457,0.9324426388591917,0,0,-0.08391254607374071,0.06417584353300831,0.1258689138151139
2021-08-19,79.86000061035156,80.45999908447266,78.13999938964844,79.5,2281400.0,0.6694151708870321,0.7029363019113417,0.3486366893254915,0.7564124388463742,0.4690699052846846,0.3675302334066796,0.11298068930021049,0.924937910162996,0,0,-0.06961786895272389,0.07790284206493467,0.23333748121307651
2021-08-20,78.87000274658203,80.30000305175781,78.30999755859375,80.19999694824219,2114600.0,0.6705551649697821,0.7016606258664465,0.38366582702887697,0.7570267171197935,0.5332882314328439,0.37255262013136853,0.12177518192193493,0.9318939456241055,0,0,-0.05836477219683569,0.09169812472361438,0.24025155313359867
2021-08-23,81.08999633789062,83.68000030517578,80.6500015258789,83.44000244140625,2103800.0,0.6711320309183256,0.7009075848221952,0.5228701282862468,0.7576814979081552,0.5160462569675691,0.4971418492111198,0.10257335403787987,0.9388144541851017,0,0,-0.08553607533656381,0.06321705133593367,0.23366591279620727
2021-08-24,84.0999984741211,86.1500015258789,83.66000366210938,85.73999786376953,2814400.0,0.6736271994332882,0.7007839504286737,0.6012036546900323,0.7585984653904305,0.5612820934775811,0.582709472726391,0.10480622174521859,0.9480725011924538,0,0,-0.11828852862412688,0.02468846030337632,0.20290028535251386
2021-08-25,85.94000244140625,87.68000030517578,85.54000091552734,85.88999938964844,1679300.0,0.6762276702337393,0.7007708378198911,0.6060374996264499,0.7591467107977818,0.54105840839007,0.6017043404717306,0.11777649941111412,0.9535966052073224,0,0,-0.13657568668334266,0.02029388741686438,0.15197106489318982
2021-08-26,85.44000244140625,86.37000274658203,84.04000091552734,84.75,1890300.0,0.6780727219218291,0.7003081478070154,0.5509550820548732,0.7597494219286225,0.5332379467355619,0.5442295317636243,0.114877035318313,0.9473784108291254,0,0,-0.13051576626071903,0.02607984491427879,0.15019203618761579
2021-08-27,85.0999984741211,87.30999755859375,85.0999984741211,86.9000015258789,1314800.0,0.6817399359267012,0.7005966266293987,0.6236048073065054,0.7601866482387625,0.5752723690933756,0.5773967893926294,0.11923628418175519,0.9517034819651639,0,0,-0.1282595294063422,0.03044249948147124,0.15268439458886432
2021-08-30,87.77999877929688,87.77999877929688,85.86000061035156,86.56999969482422,1346300.0,0.6851507631250203,0.7007670905435719,0.6071371623430252,0.760631221557986,0.5928788422483983,0.5740836671759748,0.12681441881016026,0.9472747907037944,0,0,-0.15281931583559383,0.0,0.14131183617574383
2021-08-31,86.16999816894531,86.97000122070312,85.36000061035156,86.69999694824219,2638400.0,0.6889827924793728,0.7003250062629499,0.6116777744485776,0.7615039503682814,0.61549291455824,0.5537626831587124,0.1283451180111192,0.9559538808204081,0,0,-0.11389627636721668,0.01859767374410445,0.1553656535179689
2021-09-01,86.7699966430664,87.19999694824219,86.0,86.36000061035156,909100.0,0.6921280813141686,0.6993584162018589,0.5928051074368014,0.7618024369238714,0.6567059446021716,0.5493636779980792,0.1317154804927757,0.9529633711080774,0,0,-0.1206458991078976,0.011649390677988324,0.1573241926085156
2021-09-02,87.05000305175781,87.51000213623047,86.36000061035156,86.69000244140625,903600.0,0.693011692083326,0.698374966255666,0.6059209621688254,0.7621009309545594,0.5991193894876753,0.5474887842568232,0.1375830700018743,0.9559357884175725,0,0,-0.12436319380799898,0.008452937961785532,0.16813335503063861
2021-09-03,86.06999969482422,86.87000274658203,84.95999908447266,86.08000183105469,744400.0,0.6933184369039399,0.6972678833451187,0.5692876928152982,0.7623438141128549,0.5872744339068305,0.5160751139755861,0.12604712690139463,0.9534870639319725,0,0,-0.11258509472101182,0.019725447413944233,0.1884877553017646
2021-09-07,86.0,87.91999816894531,85.88999938964844,87.68000030517578,1200000.0,0.6953191523845399,0.6963462505956868,0.635164224045111,0.7627475951826828,0.6174679865034165,0.5420025393753459,0.12546005012546552,0.9574344972779156,0,0,-0.11256972856975977,0.022304810967750742,0.16275559756291919
2021-09-08,87.56999969482422,88.86000061035156,86.12999725341797,86.69000244140625,951600.0,0.6966651717668215,0.6960465328026804,0.575420588307843,0.7630615611489033,0.616112929851804,0.5334681317229513,0.133518071406447,0.9543041826345827,0,0,-0.12842155676367836,0.014712601631357368,0.1447308667568192
2021-09-09,85.63999938964844,87.61000061035156,84.80000305175781,86.37999725341797,1313200.0,0.6978601066280388,0.6956531516808696,0.5569694219405655,0.7634919939773444,0.596029034478514,0.5014924514537134,0.12454517210270749,0.9499843747430056,0,0,-0.10762488831812911,0.03714385892282703,0.17222286174541251
2021-09-10,86.94000244140625,87.33000183105469,85.31999969482422,86.08000183105469,1448300.0,0.6988032374471094,0.6953702937729649,0.5385560526690419,0.763963625608564,0.5592928254266449,0.4967612132649007,0.11621319417780657,0.9452201516472309,0,0,-0.12306095416542609,0.02222734695525057,0.15987494787802048
2021-09-13,88.0,89.80000305175781,86.51000213623047,89.11000061035156,2075000.0,0.7022506918310732,0.6954677029489215,0.66611179393993,0.7646794096470921,0.6098874427786536,0.5503768362651589,0.13170886269088833,0.9520459218079244,0,0,-0.13580392881902684,0.02091081567691642,0.14544605456257814
2021-09-14,89.16999816894531,89.69000244140625,87.19999694824219,88.68000030517578,1877300.0,0.7057027254864828,0.6957280829155801,0.6389476443924049,0.7653212455281737,0.5973180837898947,0.5493456789497884,0.14609769773875003,0.9458704912909751,0,0,-0.144316019776322,0.007069968336857073,0.13376723249130595
2021-09-15,87.0,87.27999877929688,84.37999725341797,86.54000091552734,4433500.0,0.7084405464866217,0.696025928499594,0.51611013480555,0.7667738534866289,0.6053716939153385,0.4695964033979346,0.12501060075098885,0.9312863698416092,0,0,-0.09990979454061245,0.03157423367300542,0.15347316828501656
2021-09-16,86.58999633789062,87.22000122070312,85.26000213623047,86.80999755859375,2225800.0,0.7111600504009775,0.6966272377237661,0.528271906361952,0.7675059656265926,0.6463548793204364,0.4779354402424375,0.10542972497663922,0.9386082007927761,0,0,-0.0976426722769546,0.03709275109669239,0.16004166809559842
2021-09-17,86.8499984741211,88.3499984741211,86.25,86.83000183105469,3888200.0,0.71451594031379,0.6975132799231696,0.5292239016895435,0.768783722096346,0.6029716406636763,0.509029388498789,0.09913181164173901,0.9513985427391897,0,0,-0.10033405517139553,0.03398231379566124,0.16472760573580023
2021-09-20,85.98999786376953,86.86000061035156,84.7300033569336,86.73999786376953,1427200.0,0.7175101446275214,0.698090236138769,0.5236759505012073,0.7692513806186461,0.5900471649349207,0.4217199532847157,0.07950348843311439,0.946703728679748,0,0,-0.09040652203825646,0.04387890254109882,0.20787749246945475
2021-09-21,87.83999633789062,88.29000091552734,84.51000213623047,85.22000122070312,2147300.0,0.7183250802968351,0.6982457152351672,0.43439965519184676,0.7699334737737835,0.5267916903047137,0.38580166747811884,0.07256576026649131,0.9396401256599615,0,0,-0.11182842041887787,0.022596342657807047,0.21835373423864596
2021-09-22,85.8499984741211,89.0,85.79000091552734,88.31999969482422,2020700.0,0.7195062808366756,0.6994708130539246,0.5840497543642029,0.7706150596937043,0.5120921939111457,0.5566858563649228,0.0730878404455475,0.946287274461751,0,0,-0.09047170821442806,0.04635067497132486,0.22799812282161183
2021-09-23,89.19000244140625,92.0500030517578,88.91999816894531,91.58999633789062,2682100.0,0.7221159066870576,0.7014658103728677,0.6964575641651882,0.7715751925168501,0.5735700381449418,0.7567543902628291,0.09913252562218594,0.9551101169427128,0,0,-0.1251132596234075,0.032382253399386635,0.20754069593519645
2021-09-24,91.48999786376952,93.08999633789062,91.08999633789062,92.73999786376952,1582400.0,0.725773962149038,0.7038654277842448,0.7291304697697255,0.7721528357327525,0.6094928759243474,0.7471662895475402,0.13065017681757535,0.9603154657148966,0,0,-0.14575825972162648,0.01746914005999574,0.35276784015572327
2021-09-27,93.0,96.5,93.0,93.63999938964844,2501300.0,0.7288597309339209,0.7066958905056206,0.753591572144474,0.7730795819135174,0.560422253625938,0.7305656136857241,0.18010342542662555,0.9685435615717363,0,0,-0.1602329194807635,0.037739918919788285,0.26029760562544874
2021-09-28,93.5199966430664,94.55999755859376,92.22000122070312,92.41999816894533,1488300.0,0.7315380318841468,0.7099984085723356,0.6809004605544143,0.7736188884595103,0.5424633620688387,0.6237670608745463,0.21613389614552542,0.9636477573644303,0,0,-0.16424602043641376,0.03182404289147211,0.24658270095885618
2021-09-29,92.66999816894533,93.26000213623048,90.9499969482422,91.41000366210938,2431000.0,0.733694411157257,0.7126996188440455,0.6241050435948674,0.774483317948031,0.4770713478907372,0.5611152424866395,0.23405804184391343,0.955650915311107,0,0,-0.1572170424926411,0.04144126711681345,0.24172261858788668
2021-09-30,91.76000213623048,92.88999938964844,90.18000030517578,91.12999725341795,2014600.0,0.7358782555801598,0.7147845322154742,0.6084092613106453,0.775195393272015,0.47222190176694817,0.5334551625432222,0.2416277512098549,0.9490238326288261,0,0,-0.1489990395025847,0.05185425745403736,0.2461437380876787
2021-10-01,92.51000213623048,99.08999633789062,92.3000030517578,98.7300033569336,4464300.0,0.7413905212731218,0.718517895592188,0.8082072812992412,0.7769885225840745,0.5611921586393109,0.6383702243277667,0.28359564036788065,0.9637092715340713,0,0,-0.15582140903778138,0.07220448150966394,0.21738174207890404
2021-10-04,98.33999633789062,98.79000091552734,96.3000030517578,97.97000122070312,2274700.0,0.7468341118662397,0.7223130761656629,0.770027575929278,0.777889813003027,0.5743648654613706,0.6226315356651899,0.322565823157476,0.956226582674057,0,0,-0.17917547058170324,0.007596474977201843,0.1782640079519414
2021-10-05,98.5999984741211,100.2300033569336,97.8000030517578,99.83000183105467,2287200.0,0.7523967390662232,0.7256193415086969,0.8066691487332746,0.7788224120745002,0.5869288779058779,0.6208020380214202,0.36520855034068117,0.9637503906314248,0,0,-0.15249560708237067,0.016637795881419726,0.17464530363541383
2021-10-06,97.88999938964844,101.08999633789062,97.51000213623048,101.02999877929688,2090600.0,0.7589620101492689,0.7295044367054899,0.828715446731583,0.7796901113236043,0.6394197790225139,0.6051050905252862,0.40852172171594864,0.9706274774256155,0,0,-0.13873583311718118,0.03205446148000317,0.17239305588311676
2021-10-07,101.29000091552734,102.23999786376952,98.63999938964844,98.97000122070312,1751600.0,0.7647260833773382,0.7330186315800524,0.725214532394071,0.7803934488507343,0.6070103321448186,0.5860108450295325,0.4535862948307597,0.9648655405516537,0,0,-0.17074136601429793,0.009403117487088867,0.11551022775362772
2021-10-08,99.3000030517578,100.1999969482422,98.19000244140624,98.33999633789062,1177700.0,0.7703390685913823,0.7363192760086078,0.6951813240484498,0.7808613081577165,0.5938177998721543,0.5548671283345009,0.48947209295908206,0.9609914636753893,0,0,-0.15075281008705066,0.029705918720315357,0.13377788926408465
2021-10-11,98.87000274658205,99.20999908447266,97.48999786376952,98.04000091552734,1064400.0,0.7744274847522881,0.7399065270505542,0.6804565032763952,0.7812819172136132,0.5615247504769223,0.5332978945302471,0.5134020389194351,0.9574900902975377,0,0,-0.1473460039939115,0.03426881475171466,0.13463492329486812
2021-10-12,97.80999755859376,100.08000183105467,97.68000030517578,100.05999755859376,1604100.0,0.7796375814031211,0.7438290864355352,0.731857298995043,0.7819361425471352,0.5863906436401034,0.5380391083991526,0.5402229225972495,0.9627668218227273,0,0,-0.13698490595432852,0.04518564120570239,0.15228478341243237
2021-10-13,100.16000366210938,100.51000213623048,98.97000122070312,99.62000274658205,1976900.0,0.7856259900305838,0.7478172102935962,0.7089367474061398,0.7827362512904288,0.5359887117964725,0.5347553669916862,0.5674034347021315,0.9562637543380647,0,0,-0.15770544467034242,0.02078747004208276,0.12442531732975148
2021-10-14,100.52999877929688,100.66000366210938,98.97000122070312,100.41000366210938,1354600.0,0.7918524718717771,0.7517360252605926,0.7296059429375498,0.7832909465416378,0.5290605158832103,0.5313956214474803,0.5934686697644751,0.9607197486800769,0,0,-0.16211605180299005,0.017165218202438888,0.030114434022166594
2021-10-15,101.23999786376952,102.8499984741211,100.4499969482422,101.56999969482422,1447900.0,0.7986008753900863,0.754884937869069,0.7590103539620975,0.7838942191312814,0.5624838391742281,0.5470754837757291,0.6289254319219473,0.9654826559647361,0,0,-0.16791156254796374,0.016034265029701667,0.06583010028159098
2021-10-18,100.8000030517578,102.62999725341795,100.1999969482422,102.41000366210938,1560800.0,0.8057750638288352,0.7580694424567408,0.7795471801321533,0.7845524873229592,0.5627239453279511,0.5430804515352294,0.6578518772843489,0.970616950936693,0,0,-0.16166196561657128,0.02018307993032079,0.05759573192574511
2021-10-19,102.6500015258789,102.81999969482422,99.95999908447266,100.01000213623048,2276600.0,0.8125463602114127,0.7611977507621307,0.6471092056535785,0.7854770246588847,0.5453128572487618,0.5259004877301335,0.6807051265588102,0.9631280119738811,0,0,-0.17840058216129764,0.001952904414514578,0.0017576437724742048
2021-10-20,99.48999786376952,100.36000061035156,98.12000274658205,100.26000213623048,1019900.0,0.8180128436687988,0.7642904670883248,0.6547660775705784,0.785892550215362,0.5405198873176517,0.49540385278933363,0.6730477864582207,0.966483001365154,0,0,-0.15108489438655526,0.03359664572124185,0.06819317617386167
2021-10-21,100.19000244140624,101.1999969482422,99.97000122070312,100.56999969482422,813300.0,0.8221241526939727,0.7674375074878087,0.6646706960408975,0.7862253832916148,0.5016135675854159,0.5143009053466467,0.6720177315936888,0.969158374315367,0,0,-0.15769005436989791,0.0265309792144282,0.007380788430106525
2021-10-22,100.4000015258789,101.38999938964844,99.68000030517578,100.75,884200.0,0.8257913666988449,0.7705714352785101,0.6706859709862429,0.7865881171175426,0.4852217334947607,0.511817791387909,0.6665965427681149,0.9720669747857694,0,0,-0.1592920783640551,0.024361111222796147,0.06671968882205319
2021-10-25,100.62999725341795,101.58000183105467,100.04000091552734,100.5199966430664,1202200.0,0.8289412313121257,0.7741193470649415,0.6562112465796662,0.7870793294932572,0.5082729513016372,0.5111924735833805,0.6630843154240387,0.968112304478692,0,0,-0.16129032258064502,0.022034751570254484,0.0794044665012407
2021-10-26,101.0,101.5500030517578,99.93000030517578,101.08999633789062,886700.0,0.8329106108661658,0.7778564562888074,0.6774590365908251,0.7874446920079121,0.5411499382811591,0.5142325230675608,0.6579256569393659,0.9710291287685652,0,0,-0.16534026364522797,0.018404283086978213,0.09430962667652952
2021-10-27,101.08999633789062,102.0999984741211,100.31999969482422,100.61000061035156,2055900.0,0.8371226394124218,0.7816122990359345,0.6446829111884133,0.7882850138620956,0.5427114178271009,0.520924750517388,0.6580014367563174,0.964266188588628,0,0,-0.16401221488070852,0.017410250271923132,0.09536064267745645
2021-10-28,100.33999633789062,101.02999877929688,98.75,100.44000244140624,2582500.0,0.8413850329586603,0.7852782257305762,0.6327571459034695,0.7893367575867636,0.5802865736064423,0.4611466122015361,0.631152571542037,0.9557709830753794,0,0,-0.1573401660434086,0.02494783938975764,0.11460099730389149
2021-10-29,100.0500030517578,101.45999908447266,99.62000274658205,101.1500015258789,1175100.0,0.8424929791272111,0.7893337862707095,0.663854920824446,0.7898202595912751,0.5149855929524562,0.5029770971393216,0.610722404726701,0.9596365071793943,0,0,-0.15471924071878546,0.02787729345184685,0.08512540038368789
2021-11-01,101.8499984741211,104.61000061035156,101.6999969482422,104.04000091552734,1567200.0,0.8452720030914799,0.793799586388588,0.7680977040645759,0.790493536588881,0.518579086995663,0.6914203248165899,0.6189748221348059,0.9647918551291962,0,0,-0.17142853263777996,0.02728622930889755,0.0626792275990532
2021-11-02,104.36000061035156,107.0500030517578,104.04000091552734,106.77999877929688,2364300.0,0.8484539156189598,0.7981717231776623,0.8400626493555298,0.7915496081114635,0.5268322208689964,0.7814911326576814,0.6419922704592753,0.9725692856790407,0,0,-0.1784890381719783,0.02585546345381442,0.019800053253232162
2021-11-03,106.33999633789062,106.76000213623048,104.4499969482422,105.27999877929688,1634900.0,0.8503996903210926,0.8018320303869925,0.740312735424742,0.7922636776026866,0.4763980777098862,0.6777250252492586,0.6633656153319969,0.9671912366979719,0,0,-0.16313914935465237,0.006649248192394937,-0.04626329713884127
2021-11-04,105.56999969482422,107.52999877929688,104.68000030517578,107.5199966430664,1958400.0,0.8543141290966656,0.8058838436508066,0.798272887901413,0.7931462713939625,0.54502020577712,0.6593349158559347,0.6877590191868224,0.9736334479185512,0,0,-0.14618160683978706,0.018617012796338355,-0.004084349450622715
2021-11-05,118.62999725341795,127.75,115.5,123.8000030517578,8015300.0,0.8659704672096004,0.8131988385841553,0.9999999999999999,0.7975787185407293,0.6232604327761575,0.8808828922067313,0.7602777716897535,0.9999999999999999,0,-1,-0.2646019144019087,0.08482145676452793,-0.10937495232515217
2021-11-08,118.81999969482422,120.33999633789062,113.62000274658205,117.13999938964844,5805200.0,0.8747150069370637,0.8188635098740591,0.769361578255151,0.800534802495801,0.6366816881013098,0.6783287670958529,0.8104859241068416,0.9809036332834421,0,-1,-0.23134086174193988,0.07213247241554883,-0.03715669112058055
2021-11-09,116.80999755859376,117.0,114.02999877929688,116.61000061035156,3005800.0,0.8822920839390237,0.8244907169757749,0.7533636414891093,0.8020525021485589,0.6496744799788838,0.613684809691634,0.8571077799227089,0.9710159706574121,0,-1,-0.22733479078173235,0.09339254309722145,0.0009390525091746173
2021-11-10,116.0,117.7300033569336,113.9499969482422,115.01000213623048,3102800.0,0.8893380772280159,0.8297938547050788,0.7045247428488219,0.8035857771065771,0.6282343818446123,0.581447187304811,0.9016665356309557,0.9608092238359183,0,-1,-0.2214218296859537,0.10076322732612132,0.02178201614126281
2021-11-11,115.26000213623048,115.87000274658205,113.1999969482422,114.26000213623048,1648300.0,0.8956790129116682,0.8350201889906799,0.6815609829897488,0.8043916746257833,0.6019380323052814,0.5502674900009925,0.9353562695706348,0.9553870951824864,0,0,-0.19963480269547634,0.10859923164747873,0.04286583961050726
2021-11-12,114.37000274658205,114.52999877929688,111.70999908447266,112.31999969482422,2739400.0,0.9006006783347098,0.8398212974515934,0.6228270044309837,0.8056962231519256,0.5722995790314743,0.5206995346944707,0.9514872668119367,0.9463757627592558,0,0,-0.15814807769108613,0.11710132157590182,0.0500612067597261
2021-11-15,113.06999969482422,116.79000091552734,112.6999969482422,115.94000244140624,1721400.0,0.9067951087687435,0.8454147862122728,0.685988186099176,0.8065546017545366,0.5667634808039487,0.5335381031829555,0.9723523568373511,0.9520383558940113,0,0,-0.13871084288983165,0.13069800877013577,0.060185204367855426
2021-11-16,114.4499969482422,116.04000091552734,112.12000274658205,115.70999908447266,1672100.0,0.9139830280359085,0.8506654720772795,0.6788044133531734,0.8073853798109962,0.6397048751830277,0.5182562232220663,0.9857751746312784,0.9465379364792184,0,0,-0.14628254896789336,0.11471453141015203,0.04536831141511106
2021-11-17,115.37000274658205,116.6500015258789,113.83000183105467,115.0999984741211,2356900.0,0.9207772137897932,0.8559873404715103,0.6588547003780167,0.8085463418324319,0.616061869227646,0.5155670470006264,1.0,0.9387848484350071,0,0,-0.1545242850599234,0.10699159408323987,0.037334713758578705
2021-11-18,114.91000366210938,115.4800033569336,111.93000030517578,112.95999908447266,2423500.0,0.9264497190537505,0.8609664073992352,0.5903391717315825,0.8097061960819367,0.5957839323425531,0.49210992666376213,0.9930991521461219,0.930812677840096,0,0,-0.15134670746547876,0.11155513908001963,0.05412680981867958
2021-11-19,111.5999984741211,112.98999786376952,109.0500030517578,112.54000091552734,3099600.0,0.9318475274112928,0.8659229949565469,0.5771006212662753,0.8111797137670982,0.639888134581968,0.4672719608997602,0.9596127477838541,0.9206164575075247,0,0,-0.1249114795034654,0.14297097783970206,0.08073656887835134
2021-11-22,113.87999725341795,116.6999969482422,112.05999755859376,112.11000061035156,3112300.0,0.9371537712976837,0.8702314423398679,0.5629562675446906,0.8126489299005597,0.587179417571698,0.48577253485829125,0.9440542532560645,0.9103784601720423,0,0,-0.14394878990983756,0.12324509182288781,0.03189980396374647
2021-11-23,112.83000183105467,113.62999725341795,110.55999755859376,112.73999786376952,1451100.0,0.9424874838268281,0.8747384524930867,0.579071368289032,0.8133390599456036,0.5917868028684101,0.4652414693323725,0.9167809864528194,0.915151893945624,0,0,-0.13121040945846177,0.1330835615709354,0.05806791964493895
2021-11-24,111.56999969482422,113.52999877929688,110.8499984741211,112.61000061035156,1393300.0,0.9479814359269677,0.8796219838830146,0.5742518217196532,0.8140001696622283,0.6288455524958682,0.459759680872997,0.8914558101355203,0.9105685948782052,0,0,-0.11930102184758429,0.14351606006527554,0.03805216424352969
2021-11-26,103.79000091552734,105.0500030517578,98.5,103.52999877929688,4582100.0,0.9493961269161325,0.8827540380355564,0.31952172515930843,0.8159098278029595,0.6534365817787018,0.3051627893211223,0.8353775052430243,0.8954956495994999,0,1,-0.05035075160477434,0.2127697269745877,0.10238876402454251
2021-11-29,106.19000244140624,109.62000274658205,104.80999755859376,107.8499984741211,2855700.0,0.9524635821081927,0.8866915836674796,0.43564139515034794,0.8171757418870327,0.6529252848684934,0.3705659129250338,0.7623424292238032,0.9048895541045082,0,1,-0.07794841871898067,0.20824879564187887,0.09475512097229437
2021-11-30,106.6999969482422,107.7300033569336,104.25,106.6500015258789,3134300.0,0.95365851696941,0.8904212011970415,0.4081941057903581,0.8185397984152438,0.6577159385964292,0.3428922165980707,0.6951863070411997,0.8945791871576835,0,0,-0.07955488477562611,0.19517851969936564,0.06768663101566436
2021-12-01,109.76000213623048,109.9499969482422,102.33000183105467,102.83000183105467,3038000.0,0.951850092466965,0.8937199734166046,0.32798610185305777,0.8197873645148199,0.5646078999796178,0.32468546782613955,0.6401906482595185,0.8845856017368706,0,0,-0.10914204616137732,0.16868258421359889,0.03853727662023765
2021-12-02,104.13999938964844,107.27999877929688,103.29000091552734,106.30999755859376,2713100.0,0.95232165613002,0.8970899281653918,0.41668247067735176,0.8209594590567268,0.6023025790717986,0.33468612682317195,0.5891232508193862,0.8935104195792694,0,1,-0.05484780014800269,0.22960225799802855,0.10376347348972803
2021-12-03,106.55999755859376,106.55999755859376,99.16000366210938,100.93000030517578,3765400.0,0.9493045624449811,0.8988395331937856,0.31458624620242837,0.8224569123932768,0.5228305350572628,0.2898878314159742,0.5448544805325706,0.8811240316452572,0,0,-0.07581598855885045,0.19932276293889636,0.08136583317209994
2021-12-06,102.0,109.41999816894533,101.8499984741211,107.11000061035156,2886500.0,0.9416633896146228,0.901531376703865,0.4494251697198316,0.8237150974667526,0.48783162954525044,0.36679098959855855,0.4941829538137828,0.8906192536061448,0,1,-0.034677499152058526,0.25512731519014487,0.11176061374408246
2021-12-07,109.61000061035156,110.66999816894533,107.5500030517578,108.62999725341795,1824100.0,0.9377672609389117,0.9043393600548277,0.478584035386484,0.8245268011895599,0.47079965122508105,0.4192742671225201,0.4532915595090112,0.8966196812447572,0,0,-0.10372514748429425,0.16935859664158484,0.026421452851538588
2021-12-08,109.08000183105467,113.47000122070312,109.08000183105467,110.4800033569336,2180800.0,0.9349607683318896,0.9077224288415647,0.5135714636425337,0.8255217041679779,0.4096772983758412,0.4590784695238279,0.42847285013269404,0.9037934834454513,0,0,-0.09739484579358933,0.17186779564571783,0.0060756333370346055
2021-12-09,109.0500030517578,113.23999786376952,108.9499969482422,110.7300033569336,1854100.0,0.93300125930838,0.9113415245863877,0.5183853171481895,0.8263697632382512,0.430966760035539,0.4633334084314812,0.40464764106087064,0.9098925969177124,0,0,-0.095492421535084,0.1692613720134234,-0.0020818550863950964
2021-12-10,111.26000213623048,112.9000015258789,110.16999816894533,111.87000274658205,1513700.0,0.9319070474612058,0.9152266212123479,0.5410882282099293,0.8270724464894146,0.44542324422471047,0.47961298742963804,0.38252423263703456,0.9148719551308409,0,0,-0.11523527273000383,0.1489207745313137,-0.04641921099812362
2021-12-13,110.97000122070312,111.98999786376952,106.62000274658205,108.5999984741211,2276400.0,0.9302039217512889,0.9170755061965233,0.4640154910921015,0.8280817892160506,0.46487160138380645,0.43306473028406295,0.3414795202606817,0.9073836740735867,0,0,-0.11146867716586446,0.14999551593208085,-0.055779008765244546
2021-12-14,107.1500015258789,110.72000122070312,106.80999755859376,108.19000244140624,1500000.0,0.926655744353282,0.9189899556537787,0.45468570173395484,0.8287425175567327,0.4354499781719353,0.4286450991866545,0.3033665730540683,0.9024493823911577,0,0,-0.07965010725060152,0.18968691310829056,-0.050736668633963915
2021-12-15,108.37000274658205,108.68000030517578,103.20999908447266,106.41999816894533,2574100.0,0.9224025093499354,0.9202244188049996,0.41416301919147647,0.8298469393188757,0.4162666467948741,0.3829483409137937,0.28800602021459926,0.8939818089113307,0,0,-0.09122841781917383,0.17912928011914792,-0.028653350897136238
2021-12-16,106.72000122070312,107.8000030517578,100.19000244140624,101.4000015258789,3601100.0,0.9161302487661269,0.9202937291252314,0.31370630535431276,0.8312771100647274,0.3710912181426336,0.33072466937260714,0.2881672005441199,0.882135890392934,1,0,-0.07724113288983145,0.19761322252525362,0.02621688558101775
2021-12-17,101.79000091552734,105.95999908447266,100.81999969482422,105.13999938964844,3833000.0,0.9125500234539212,0.921449516623757,0.405107067218448,0.8328865385250717,0.4448386626223141,0.3588025983268438,0.2883168679929604,0.8947446504054343,0,1,-0.0324457679094579,0.2560157662112781,0.0917159298068627
2021-12-20,100.79000091552734,106.9499969482422,100.41000366210938,106.87000274658205,2833400.0,0.9099541319249158,0.9230473898320716,0.4440040877621756,0.8341052001454208,0.4524124931011505,0.38231188712734315,0.28119610816550766,0.9040651984407637,0,0,-0.021780491999439804,0.18594251032769243,0.08236633139611259
2021-12-21,108.20999908447266,114.95999908447266,108.20999908447266,114.22000122070312,2725600.0,0.9109201521152939,0.926078288961505,0.5826215733638638,0.8354010643696346,0.5575927717722908,0.5609799581984918,0.26557520637708787,0.9130311353805161,0,0,-0.09085804093687276,0.08908022857485526,-0.022176501222723414
2021-12-22,113.9800033569336,119.2699966430664,113.73999786376952,116.91999816894533,3329400.0,0.9128338789032276,0.9292365683316118,0.6245025536767791,0.8370380464446134,0.555355593470687,0.6373975142048236,0.2692667000589666,0.9239832891988354,0,0,-0.135527956500562,0.04631407135000071,-0.049203315413407375
2021-12-23,118.0,119.1500015258789,116.45999908447266,118.54000091552734,1799800.0,0.9155488070390984,0.9327807342708915,0.6487043695550592,0.8379401932088091,0.5664735060024668,0.6422125690673663,0.27269451562071106,0.9299037813121925,0,0,-0.16678070736729894,0.010862099409472324,-0.05969896909207723
2021-12-27,118.87999725341795,120.25,117.4499969482422,120.19000244140624,1452300.0,0.9231762455480799,0.9364859987918807,0.6730419945131533,0.8386825920462995,0.5448124943481332,0.6335396512558515,0.2804547607570994,0.9346811625191203,0,0,-0.17192506407976935,0.011557303323781156,-0.019318381118954137
2021-12-28,119.66000366210938,121.2300033569336,118.51000213623048,120.08999633789062,1546300.0,0.928780075712193,0.9399552349256167,0.670303388550541,0.8394715950691434,0.5345679952178659,0.6093444065368756,0.29176660981868735,0.9295945657000937,0,0,-0.1760546071410979,0.013062647998444034,-0.013645120107577065
2021-12-29,120.25,121.55999755859376,118.62999725341795,119.83000183105467,1457300.0,0.9348142665752316,0.9432184151659843,0.6627177972937376,0.8402123711108183,0.5050366951802764,0.5859501080344172,0.30369549583135264,0.9248007368542245,0,0,-0.18111416989974102,0.010908465305535492,-0.010991753976827579
2021-12-30,120.11000061035156,122.5,119.66000366210938,119.70999908447266,1290000.0,0.9425424246052952,0.9469086934400314,0.6589915180629997,0.8408667736441304,0.5333939759196231,0.5765177983919244,0.3189476064616415,0.9205572460073356,0,0,-0.1803388156566914,0.019944916574548985,-0.036384883115487376
2021-12-31,119.2699966430664,120.77999877929688,118.58000183105467,119.69000244140624,1488200.0,0.9486681834324456,0.9505483949171077,0.6583258966179475,0.8416211069699093,0.5053277694834878,0.5496565827671315,0.3241946319609868,0.9156617707528084,0,0,-0.17350260464382913,0.0269819011079798,-0.033414084291968155
2022-01-03,120.58999633789062,123.48999786376952,120.58999633789062,121.13999938964844,2165500.0,0.9579209140086088,0.9544016454110241,0.6867585608358349,0.8427374472194695,0.5179337792780536,0.5604307901413434,0.3416175938186861,0.9227852431783417,0,0,-0.1845600792656404,0.024229271173242528,-0.00701809942983201
2022-01-04,123.41000366210938,125.72000122070312,120.08999633789062,120.72000122070312,2409900.0,0.9641519716282873,0.9581425019112092,0.6711866586103125,0.8439723287728942,0.4570317592372775,0.5514163739974228,0.36702690756911255,0.9148578101613513,0,-1,-0.20562988102704222,0.01906882590583158,-0.026085551246745352
2022-01-05,121.93000030517578,123.63999938964844,117.3499984741211,117.47000122070312,2397600.0,0.968199184825063,0.9613176411664176,0.5584063224730731,0.8451513104479742,0.4215559603301775,0.511863614061066,0.3681860547201958,0.9069708383361568,0,0,-0.19408548764293423,0.031394970818451,-0.0451457661790309
2022-01-06,118.13999938964844,121.1500015258789,116.1999969482422,119.33999633789062,1906600.0,0.9722555495788089,0.9647363005031834,0.6022689551834799,0.8461101601596921,0.4480305312233151,0.4996482906825396,0.3604712627420384,0.9132426520173028,0,0,-0.16719161646000774,0.0645271282224076,-0.005958942206249275
2022-01-07,119.8000030517578,120.41000366210938,115.80999755859376,115.86000061035156,1957100.0,0.9746042128441527,0.9675929884421243,0.4954547273394273,0.8470513684683607,0.415518930231342,0.47831732337171173,0.35027572761733355,0.9068047171828484,0,0,-0.17848168011879698,0.0496061534322816,-0.02304340610346467
2022-01-10,115.8000030517578,116.55999755859376,109.81999969482422,115.31999969482422,3198200.0,0.9761837226757585,0.9703803660608336,0.480039885098667,0.8485771202789176,0.4490646336927401,0.4355230376840828,0.32060810211262175,0.8962841494103521,0,0,-0.14362160626608625,0.0856205603028369,-0.020714668679748503
2022-01-11,115.0199966430664,116.80999755859376,113.06999969482422,116.0,1718900.0,0.9795716605027701,0.9731621241942311,0.49882195773643134,0.8494035728748643,0.48102748398208056,0.4488717864278854,0.2914719939450032,0.9019385187256369,0,0,-0.13753028982767904,0.09278533303809014,0.08125219191274916
2022-01-12,116.63999938964844,117.66999816894533,113.98999786376952,114.0,2593600.0,0.9822316478601735,0.9750278690635085,0.43893650872435186,0.8506173496552094,0.437551589530916,0.4433520038687723,0.2587716670657805,0.8934067994539383,0,0,-0.15068961834085398,0.07827587785391972,0.0810344959127492
2022-01-13,115.29000091552734,116.62999725341795,113.1999969482422,113.87000274658205,1710400.0,0.9856424785514534,0.9763559955435338,0.4350817160433641,0.8514157198136918,0.4072726541807617,0.426016121453487,0.2335008363966833,0.887780391124854,0,0,-0.1414912039773506,0.09149123074715598,0.04850876122190241
2022-01-14,113.98999786376952,114.9800033569336,112.2300033569336,114.80999755859376,1349100.0,0.9917819682070196,0.9781411911219561,0.46549728058671624,0.8520529047490575,0.4812443214673926,0.4019486539636068,0.21631450505917393,0.8922182930640306,0,0,-0.130236180240237,0.10301223389832313,0.023799060499750703
2022-01-18,114.16999816894533,116.5999984741211,113.25,115.20999908447266,2450200.0,0.9963923095380017,0.979581711595713,0.4786500516085397,0.8532153144863646,0.4366544013461853,0.4031238690440892,0.18840446248235798,0.9002782940508889,0,0,-0.1217663620313583,0.10060102166506192,0.057834679303600596
2022-01-19,114.88999938964844,116.27999877929688,112.12999725341795,113.27999877929688,1636300.0,0.99932699380182,0.9776110644270081,0.4135384787966816,0.8539714149184578,0.36562509730309706,0.35257162872611814,0.17025080043067314,0.8948956397309166,0,0,-0.1275930654028048,0.09400227338873655,0.011630969342362874
2022-01-20,113.4499969482422,116.87000274658205,112.12999725341795,112.44000244140624,1558900.0,0.9985120581325063,0.9767306431420834,0.38665462763106917,0.8546831835578079,0.2948101223519989,0.34591441167664233,0.14880744602139911,0.8897675948617575,0,0,-0.11705503751523143,0.10831571684924308,0.008209748545174951
2022-01-21,112.30999755859376,113.18000030517578,109.30999755859376,109.73999786376952,2195300.0,0.9952248433195378,0.9754437281265652,0.30754015200246154,0.8556481140751147,0.24993458818195993,0.28942407670182146,0.1480593603882489,0.8825460945081333,1,0,-0.10779077600521572,0.11926363723708977,-0.1067235835952008
2022-01-24,107.01000213623048,108.91000366210938,100.72000122070312,108.81999969482422,4280400.0,0.990774741559551,0.9742841933517205,0.2829342430433138,0.8575027398586925,0.31505278879949206,0.2308557221274845,0.1876385877309817,0.868465599763154,0,0,-0.06214689108423847,0.17049388963629383,-0.009112447780811817
2022-01-25,106.2699966430664,107.3000030517578,103.68000030517578,106.12000274658205,2698600.0,0.9843330828618558,0.9727593777399569,0.21688968923841134,0.8586253617360855,0.3058878848924057,0.25519774840650084,0.2243907274063765,0.8595884800736854,0,0,-0.05587202921072377,0.17873556912499988,0.033357883596696544
2022-01-26,107.13999938964844,108.6999969482422,103.83999633789062,104.7300033569336,2347800.0,0.9773008273872009,0.9713375907894611,0.18640223671553602,0.859580913728816,0.27055075567251163,0.2775973919658888,0.2468899566947526,0.8518653267323475,0,0,-0.06549186551416716,0.17508482237250148,0.04165094284345642
2022-01-27,106.37000274658205,107.58000183105467,101.43000030517578,101.63999938964844,2034100.0,0.9689729105443253,0.9686588598881644,0.1263538792988424,0.8603692871999138,0.23737783940608437,0.2687062220315072,0.2776622548885507,0.845174098258195,1,0,-0.059008880999588606,0.18476079302865814,0.02081543240045573
2022-01-28,101.5999984741211,105.44000244140624,99.76000213623048,105.2699966430664,2062600.0,0.9623618537327433,0.9667031989664018,0.27409096370547814,0.8612142040113098,0.30210820143518413,0.29563242697417325,0.3125916322616898,0.8519590782743136,0,1,-0.01810307309071084,0.2373081748467478,0.06336090594331639
2022-01-31,105.01000213623048,109.62000274658205,105.0,109.51000213623048,2028500.0,0.9577011508947398,0.9656560596144558,0.4110181175147455,0.8620974686194074,0.34111202389033135,0.3750058248462421,0.3121478324132631,0.8586318853928517,0,0,-0.04987175992605858,0.1967322099828024,0.06412083419064674
2022-02-01,110.12000274658205,112.54000091552734,108.95999908447266,111.08999633789062,1874900.0,0.9530999646136887,0.9653057635953116,0.4553046567392117,0.8629314554988909,0.3756804653246649,0.42292216526320786,0.2923922339912752,0.8647994210431091,0,0,-0.09460323630953561,0.14245272732909525,0.017258691925667917
2022-02-02,110.66999816894533,110.8000030517578,107.61000061035156,109.4499969482422,1534300.0,0.9479402259769164,0.9647269323123856,0.41149251444931545,0.8635979704049837,0.41850374742470514,0.40623244514036727,0.2808840647969073,0.859752298557542,0,0,-0.09820862717045259,0.1354757723277063,0.004500855310852682
2022-02-03,107.87000274658205,108.93000030517578,105.76000213623048,105.83999633789062,2440200.0,0.9426156684977028,0.9635524112905988,0.3256146093668698,0.8646029402741151,0.4182815496917696,0.37430066502173537,0.2792435048296961,0.8517251928485665,0,0,-0.07409776917752404,0.1630881587192932,0.04668799225977152
2022-02-04,105.55999755859376,109.25,104.7300033569336,108.36000061035156,1380100.0,0.9375887042821333,0.9627319335642751,0.3996066445723324,0.865192282136299,0.42487581173855954,0.3912703445315112,0.2826279984517699,0.85626507014918,0,0,-0.05479965630239622,0.19047623166717834,0.079081661339642
2022-02-07,108.61000061035156,111.5199966430664,108.61000061035156,111.0199966430664,1489500.0,0.9353728084520708,0.9624340879802612,0.46995715653143977,0.8658523460425775,0.483679141205818,0.44998701636364946,0.26953370910499597,0.861164821789832,0,0,-0.08167218922362801,0.1578995986893438,0.08647104737730059
2022-02-08,111.9000015258789,116.81999969482422,111.0,116.58999633789062,1941200.0,0.9359542501790995,0.9648805363414569,0.5910326563225464,0.8667784730792543,0.4789287078269608,0.5336628867478262,0.24593207294683556,0.8675504531324527,0,0,-0.10934966453547096,0.1244820763169004,0.030354847947097
2022-02-09,117.43000030517578,118.83999633789062,116.72000122070312,118.0199966430664,1617800.0,0.9368790639123868,0.9667856190370819,0.6178015356767704,0.8675639760414511,0.4665658051731445,0.5852362550250372,0.23413441772221627,0.8728722511883419,0,0,-0.15155672633984568,0.07110387834220365,0.0038596531638789375
2022-02-10,117.0500030517578,121.12000274658205,116.5999984741211,118.93000030517578,1365300.0,0.9391361627065794,0.9690859550635099,0.6348438915422708,0.8682341169203984,0.5198713079922808,0.5935876423569981,0.23388263766404183,0.8773634434776887,0,0,-0.1465006050442308,0.073462111638305,-0.006354855290059543
2022-02-11,118.73999786376952,119.83000183105467,114.5999984741211,115.75,1453200.0,0.9399968806114686,0.9715061782071405,0.5438139864611614,0.8689186039994428,0.5245082912470195,0.5506714651729593,0.220963460120571,0.8725831016957515,0,0,-0.15958963826482925,0.05869001378140786,-0.00975360320977281
2022-02-14,116.12999725341795,117.31999969482422,114.0199966430664,115.2699966430664,3392300.0,0.9402074816894853,0.9731845992771427,0.5306764240822566,0.8705048869720571,0.48374979306743343,0.5273455644550048,0.2053266068557134,0.8614240365795489,0,0,-0.1414254437769976,0.08285100619684813,0.0291144945709032
2022-02-15,117.1500015258789,120.51000213623048,116.9000015258789,119.75,3857200.0,0.9422860273198602,0.9767100331223283,0.6229068775337311,0.8724119406400423,0.5206765170402471,0.5759853529372274,0.2068070702409872,0.8741124031645257,0,0,-0.1508631898680154,0.07434718438798282,0.005291928759575172
2022-02-16,119.0,120.58999633789062,116.58000183105467,120.25,3250000.0,0.9454770983902318,0.979171467730466,0.6323284405387848,0.8740264474177755,0.5903801251145029,0.5645472685365244,0.20597877022206884,0.8848033684764551,0,0,-0.16066804061602938,0.038747385299778184,-0.011356998833833508
2022-02-17,119.44000244140624,121.33000183105467,116.27999877929688,116.4800033569336,2439800.0,0.9473267293497672,0.9806419606981073,0.5252277077319337,0.8751807156679563,0.5722532894031769,0.5397723938215031,0.20898741794919573,0.876777578578595,0,0,-0.16365904619688776,0.015717250641567048,-0.04216215962431759
2022-02-18,116.37000274658205,118.0999984741211,114.26000213623048,117.44000244140624,2437600.0,0.9508520173764664,0.9819457341695598,0.5462131588439773,0.8763471436135046,0.6394930527260657,0.5120250281995548,0.19710481850977285,0.8847961315153209,0,0,-0.14259958904236103,0.042582408495246485,-0.0017170722173130266
2022-02-22,117.7300033569336,119.6500015258789,115.27999877929688,117.0500030517578,3382600.0,0.9546199543953816,0.9831296205238101,0.5350666412636959,0.8779557980866184,0.5413156534254798,0.5142347145683589,0.194717951538588,0.8736689748186647,0,0,-0.15301431239043778,0.030653937323589626,-0.03508176652701965
2022-02-23,118.01000213623048,120.02999877929688,113.27999877929688,113.4000015258789,3730600.0,0.9579529514439259,0.9834162257080338,0.4372895080960295,0.879644130379964,0.4490656042686157,0.48570489873243805,0.17819710320376975,0.861397062451685,0,0,-0.15591627103102354,0.028363943684445142,-0.0720205047875837
2022-02-24,111.36000061035156,126.23999786376952,111.36000061035156,124.38999938964844,6427800.0,0.9669538744849816,0.9863740686700834,0.6505127407993149,0.8829786827307278,0.5775090568553998,0.5486586294934062,0.19392578019043122,0.8825414891692297,0,0,-0.10229275412729033,0.13121690523101276,-0.015432098557782067
2022-02-25,125.26000213623048,126.79000091552734,121.2300033569336,126.04000091552734,3431800.0,0.9781249111205242,0.9897177982013056,0.6743815915060197,0.8847900412340495,0.6669918514151206,0.5991446952722557,0.21087066157054263,0.8938304906330695,0,-1,-0.20500040296745972,0.012300014364532468,-0.13972188253148965
2022-02-28,125.3000030517578,125.91000366210938,119.80999755859376,120.81999969482422,4457500.0,0.985244158780806,0.9924152611966964,0.5511205816131064,0.8869971551855309,0.5669488037599207,0.5590256969081568,0.2161494714645149,0.8791674205167848,0,-1,-0.20263409020953876,0.011821626887865144,-0.138210137034312
2022-03-01,122.0199966430664,122.0199966430664,114.79000091552734,116.6999969482422,3702800.0,0.9885359493722597,0.9952813144681009,0.4686170021872236,0.8887346160822014,0.49216225068145836,0.48065758930702707,0.18907723198242143,0.8669869570223194,0,0,-0.18424097469840925,0.039480253968791214,-0.11322628985043622
2022-03-02,118.25,122.47000122070312,118.04000091552734,120.80999755859376,2468800.0,0.9929860511322465,0.9982166780597374,0.5388109572512969,0.8899534220903413,0.49749865890067396,0.5236506441209073,0.166424887310875,0.8751081432260398,0,0,-0.1584404314249472,0.07317910144689149,-0.04532991477175034
2022-03-03,121.54000091552734,122.70999908447266,115.51000213623048,116.2300033569336,2547300.0,0.9960901370029122,0.999970028935283,0.4536480497010522,0.8911386934458814,0.45127426873780374,0.4736466744019634,0.14942574728051156,0.8667287290909389,0,0,-0.1802830826872039,0.04345666837261304,-0.08467845015866299
2022-03-04,114.6500015258789,115.6999969482422,111.41999816894533,114.37999725341795,2931900.0,1.0,1.0,0.42180782193806143,0.892468423911122,0.5212252194031112,0.3597356718629573,0.1538562847886744,0.8570841625684632,0,0,-0.1281080526507631,0.10444806882064189,-0.04654567242414745
2022-03-07,114.61000061035156,114.87999725341795,99.86000061035156,100.30999755859376,5423600.0,0.9963144724023055,0.9968885515797118,0.23671236801342954,0.8944603303815555,0.40055176694852523,0.1552614930406528,0.19692187024291796,0.8392430796559154,0,0,-0.1298303797054631,0.10648715332795493,-0.007606249059916354
2022-03-08,100.51000213623048,109.87000274658205,98.01000213623048,106.01000213623048,4466100.0,0.9940207499154289,0.9945413846034651,0.33519859251555006,0.8962519256475339,0.4123715924492576,0.18447859859886823,0.24154932383846972,0.8539344397111794,0,1,-0.024922740114111587,0.26198783191023417,0.11653868105403231
2022-03-09,109.8000030517578,113.19000244140624,109.36000061035156,109.9000015258789,3027100.0,0.9909578739948145,0.9926138225374269,0.3957301815955633,0.8975359068079214,0.3318320539932334,0.3303205350394217,0.2633274379008905,0.8638921692791,0,0,-0.11121592942122872,0.16026787587397814,-0.02867654800742948
2022-03-10,107.70999908447266,111.98999786376952,106.5999984741211,111.55999755859376,1790700.0,0.988000296866728,0.9910159507582795,0.42081901193000537,0.8983127574538847,0.35498365350664685,0.3351292957406027,0.2914423781897115,0.8697827266895837,0,0,-0.08826202742097368,0.17361238913688085,-0.016378484052517725
2022-03-11,113.9000015258789,114.02999877929688,108.47000122070312,108.5500030517578,2238300.0,0.9832480295575731,0.9889029385311264,0.38016625573714535,0.8992421543717872,0.30992499113355193,0.35415594527750127,0.3057468802705267,0.8624197766410631,0,0,-0.14243456200599725,0.11554320250749671,-0.03782718997001311
2022-03-14,108.4800033569336,109.9000015258789,106.4499969482422,108.04000091552734,2136700.0,0.9797181657523887,0.9867168701365893,0.3732422147652763,0.9001219859796306,0.3230777339209957,0.3352798519625231,0.32526157671704653,0.8553910426158324,0,0,-0.09645325588531677,0.16867800132500546,-0.008014764828400831
2022-03-15,108.7300033569336,111.9499969482422,108.5999984741211,111.76000213623048,1811700.0,0.9781111872780296,0.9852313923511732,0.43557328525284433,0.9009082408291553,0.3724549074181449,0.38310276719253666,0.33132806313847757,0.8613506801098701,0,0,-0.09922252063922787,0.16716028698217267,-0.018419154723258394
2022-03-16,111.9499969482422,114.70999908447266,107.52999877929688,112.01000213623048,3255200.0,0.9745675891514686,0.9835211265782943,0.4397251179041346,0.9023244593391988,0.3434596441276959,0.39823635919501515,0.3216017514153456,0.8720587509662987,0,0,-0.12473151883998251,0.13278457125650225,-0.036059401416121
2022-03-17,110.72000122070312,112.08999633789062,107.41000366210938,111.16999816894533,2636600.0,0.970410497890719,0.9817321837235528,0.42572965394118967,0.9034567993752152,0.3211172203998768,0.38765752263614567,0.3130460445453909,0.8633855819997038,0,0,-0.11347200108981603,0.14346932763450287,-0.05213823637091224
2022-03-18,110.58999633789062,113.62000274658205,110.45999908447266,112.9800033569336,3015100.0,0.9688080951948449,0.9808911002649757,0.4588937275979389,0.9047832468279082,0.4032643215071643,0.4215539873940996,0.29634609827008546,0.8733038372341649,0,0,-0.11315997489306687,0.14572281051059774,-0.05172258788078516
2022-03-21,112.72000122070312,114.0999984741211,109.5500030517578,113.93000030517578,2479200.0,0.9672011132275252,0.9798776792540659,0.4764242647500395,0.9058869806999437,0.4173799012425946,0.4266849144114957,0.2849575614091283,0.8814592345268836,0,0,-0.13020002343246423,0.1245353095837091,-0.11763144380108337
2022-03-22,114.87999725341795,118.44000244140624,114.3499984741211,117.9800033569336,2004800.0,0.9676268946550045,0.9802748062230288,0.5473991070920236,0.9068277836369032,0.4620344899534425,0.49284365870674857,0.2503925128573571,0.8880540798368394,0,0,-0.14807333513560147,0.10453790599672563,-0.13613617541727768
2022-03-23,116.97000122070312,117.9499969482422,114.5199966430664,115.2699966430664,1799400.0,0.9684830332884481,0.980265439461398,0.49242909218793396,0.9076421021137471,0.5146014182287684,0.477298706895964,0.21829639634499803,0.8821349035345976,0,0,-0.1607051919392777,0.08323444156138096,-0.18511614973607857
2022-03-24,116.05999755859376,117.9000015258789,114.20999908447266,117.87999725341795,1852100.0,0.9655025632960933,0.9806176076895344,0.5378463929923508,0.9085088530264729,0.45365763890329003,0.49376398051374315,0.19021452672595718,0.888227437951282,0,0,-0.15658884313370025,0.09308583039313378,-0.20430290715879737
2022-03-25,118.0,119.0,114.77999877929688,116.3000030517578,1382100.0,0.9610433064861758,0.9810484529995335,0.5047995531310264,0.9091420539392752,0.39484983034359816,0.5065382605911528,0.16680071975403632,0.883680981595092,0,0,-0.16957921894751235,0.07456736613787524,-0.2768069054435939
2022-03-28,116.06999969482422,117.73999786376952,114.80999755859376,117.58000183105467,1626300.0,0.959559940397167,0.981743424123343,0.5283595219490512,0.9098992518235287,0.4849213395841835,0.5169846945533052,0.14505932756582407,0.8890307406371815,0,0,-0.15528802308419862,0.09217541650392157,-0.2401547684632983
2022-03-29,119.5,121.27999877929688,117.0999984741211,119.5,1646500.0,0.9608418639510506,0.9826219731992755,0.5632540260395917,0.9106844292956455,0.5253943306970863,0.5618462571235996,0.14509718294012197,0.8944469481405943,0,0,-0.18276915741715596,0.06200034701480965,-0.3008164840599643
2022-03-30,118.62000274658205,119.81999969482422,117.12999725341795,117.76000213623048,1387800.0,0.9594454865547081,0.983099649459093,0.5223545933516558,0.9113312762391967,0.49781765153798946,0.5476568476260956,0.14513233435911282,0.8898817414760111,0,0,-0.17246862435440638,0.0683681855141866,-0.2638494260141541
2022-03-31,118.12000274658205,119.83000183105467,116.8499984741211,117.63999938964844,1597400.0,0.9600910241101349,0.9839163813382646,0.5194720752754818,0.9120742204221273,0.5239923631399065,0.5452811203520513,0.1430061299900076,0.884627049787003,0,0,-0.1707710618677413,0.0736243037675511,-0.22817597027127703
2022-04-01,118.55999755859376,118.55999755859376,114.08000183105467,114.37000274658205,1730800.0,0.9600864483316499,0.9842779163280319,0.44309772895607,0.9128445642074776,0.47051665638221085,0.4955827327755536,0.12068315129422413,0.8789335350910377,0,0,-0.1746854431229413,0.0699592264504701,-0.2685310821301343
2022-04-04,113.86000061035156,116.86000061035156,113.41000366210938,116.16999816894533,1685500.0,0.9673476219701046,0.9854824084145356,0.48343139281019154,0.9136125186755029,0.5947418127046173,0.4852412977660339,0.10006024636788052,0.8844780341781937,0,0,-0.13858527667644702,0.11305412253793266,-0.24630582751111435
2022-04-05,116.6999969482422,117.18000030517578,112.83000183105467,113.61000061035156,1455200.0,0.9708271242682674,0.9863796895845619,0.4253466136499898,0.9142526906048365,0.5440684740667718,0.4578893585113701,0.08499625531230798,0.8796911133406798,0,0,-0.16088486792287776,0.08685550595095397,-0.2695187918748163
2022-04-06,111.91000366210938,112.1500015258789,108.13999938964844,109.58000183105467,2611600.0,0.9706806190186487,0.987027829758553,0.3444793774839854,0.9153372969346734,0.5732967393932703,0.3544379758035068,0.0996601699449855,0.8711001825687922,0,0,-0.12234839759883247,0.13097436117839595,-0.1884517520208393
2022-04-07,110.19000244140624,110.47000122070312,106.83999633789062,109.61000061035156,1450100.0,0.9697878531995604,0.9879419693845138,0.34525704361000653,0.9159393062537706,0.5582109148663335,0.3354695674554391,0.11998575373789433,0.8758703268145857,0,0,-0.11115167094041765,0.1514874812624498,-0.1908195228390982
2022-04-08,109.31999969482422,110.0199966430664,107.43000030517578,107.87999725341795,995900.0,0.9694811048859858,0.9891108694918219,0.31140554575001744,0.9163421864665735,0.5891974996937956,0.32974279339950074,0.1388595101170239,0.8725942860902317,0,0,-0.10318399320878774,0.15135483874560254,-0.18328616208394882
2022-04-11,107.29000091552734,109.93000030517578,106.58000183105467,107.87999725341795,1757600.0,0.9694078505146962,0.9895997847222625,0.31140554575001744,0.9170528167684158,0.5845968563210284,0.3229828948223492,0.16104542241782072,0.8783759601309231,0,0,-0.0860214962510378,0.14293658288405975,-0.2117167644492271
2022-04-12,110.26000213623048,111.9800033569336,108.06999969482422,108.33999633789062,1413700.0,0.9678420715115063,0.989380614790944,0.32581512478617647,0.9176279543979191,0.5271666511189791,0.3552147903109152,0.16299334550764044,0.8830263655652231,0,0,-0.1135520978112732,0.11540598132382433,-0.17704856285131176
2022-04-13,109.12999725341795,113.38999938964844,108.5199966430664,112.95999908447266,2393200.0,0.9682770079889164,0.9897309108100881,0.45645479810732903,0.918667312395506,0.550824225160695,0.4004089313272706,0.15292954502645167,0.8908988634681491,0,0,-0.10263979594854745,0.12534615368364432,-0.14989845313562902
2022-04-14,112.87999725341795,114.75,111.26000213623048,111.30999755859376,1175100.0,0.9683411038173145,0.9900793331910726,0.4160234050868029,0.9191656421317043,0.4950863994927742,0.41414145299493904,0.13266932028972483,0.8870333393641342,0,0,-0.1316394762544884,0.07436262034312971,-0.1539482961277648
2022-04-18,111.0199966430664,111.3000030517578,108.23999786376952,109.23999786376952,1277000.0,0.966628819564506,0.9907162343944403,0.36784986113375984,0.9196910410253536,0.44962146187784896,0.3588105442370581,0.13417774396607823,0.882832612378493,0,0,-0.11688073661116954,0.09217502795137146,-0.1434731285741155
2022-04-19,109.37000274658205,114.1500015258789,108.5,113.73999786376952,1740200.0,0.9665418308718398,0.9917240359200387,0.4830289845781722,0.9204536215101331,0.4332278864169303,0.4126686183639706,0.11384688620514194,0.8885570486356683,0,0,-0.10399121963109462,0.10902596361790019,-0.1360307662115034
2022-04-20,112.36000061035156,114.38999938964844,111.75,112.1999969482422,1367600.0,0.9638955743428522,0.9919450780603497,0.44566483643923704,0.9210399098074062,0.3833090294305028,0.42998330196199375,0.09323361192607837,0.8840582904324084,0,0,-0.051960645095034945,0.07842446225143344,-0.13328647746474412
2022-04-21,114.83999633789062,114.83999633789062,106.4000015258789,106.76000213623048,1886400.0,0.9599994491601015,0.9901036861996454,0.33128919412773883,0.9217864933319166,0.3688128318171081,0.36428191512822006,0.10663598872130081,0.8778529252125856,0,0,-0.07522277220653655,0.057397527776912684,-0.1741532425811617
2022-04-22,106.33000183105467,108.0999984741211,105.27999877929688,105.91000366210938,1188600.0,0.9545192348742993,0.9878351963052611,0.3154328380385214,0.9222505594757657,0.31819622387236035,0.31653732338138374,0.1247548535782968,0.8739429924834289,0,0,-0.009835172637201224,0.14003368910732453,-0.10462718195426679
2022-04-25,105.7300033569336,109.73999786376952,104.29000091552734,109.68000030517578,1619500.0,0.9514884033749232,0.9861024511619688,0.41188576012009026,0.9229191382560127,0.3582559116126042,0.3553338300774106,0.12858612373316375,0.8792703827365581,0,0,-0.013596472397455208,0.14682272575472005,-0.0908318611457447
2022-04-26,109.69000244140624,110.77999877929688,107.56999969482422,107.61000061035156,1951000.0,0.9469238442795168,0.9845776355502053,0.369499613889571,0.9236997859443765,0.2901229944639937,0.3774229054755393,0.12415437006378949,0.8728525140216121,1,0,-0.04923414944250385,0.10567100935122545,-0.13484683510553738
2022-04-27,107.20999908447266,108.27999877929688,103.83000183105467,106.73999786376952,1585100.0,0.9410819409016727,0.9829797637710577,0.3519443212480413,0.9243253183280349,0.2950794000934376,0.3340303150725478,0.1405329305709601,0.8676382835244,0,0,-0.03140969458458347,0.13074992672633395,-0.12350154112208875
2022-04-28,107.45999908447266,108.76000213623048,104.43000030517578,107.91999816894533,1506300.0,0.9365768983632189,0.9807637228826364,0.3838044000861557,0.924930043633456,0.3288222393697494,0.35638408383223424,0.15188229217512084,0.8725932992318952,0,0,-0.034007844538753766,0.12947348670985037,-0.14193368773732398
2022-04-29,107.51000213623048,108.9000015258789,104.69000244140624,104.87999725341795,1389300.0,0.9307349949853748,0.9778845555732824,0.3203816998850022,0.9254621756453159,0.3183829739111815,0.33626069121352165,0.161237876474007,0.8680231582756295,0,0,-0.03409933624549257,0.12759448551425936,-0.20932176010530723
2022-05-02,105.33000183105467,105.5999984741211,101.6999969482422,104.83999633789062,1643700.0,0.9263718784250937,0.9757041052348895,0.3195681756371147,0.926090978639327,0.36941152734522475,0.28277270808280897,0.18576819572338377,0.8626161614500237,0,0,-0.03461103144426496,0.15207854086516392,-0.19441266136173482
2022-05-03,105.58999633789062,106.80999755859376,98.62000274658205,99.43000030517578,3433500.0,0.918707816223428,0.9723304032097831,0.22037228351816474,0.9272919857694377,0.29284946375097753,0.233085368126003,0.222294996620507,0.8513215677889439,1,0,-0.06648219987384268,0.14965664812538404,-0.18037005621184393
2022-05-04,99.43000030517578,99.91999816894533,92.7699966430664,99.37000274658205,4895700.0,0.912188327375958,0.9690185183814376,0.21938107712824506,0.9289998972509481,0.3960504175606149,0.17244162057672896,0.27638928357841974,0.8352170265958321,0,1,-0.06698183286400626,0.21975257374090246,-0.17761242691246468
2022-05-05,99.37000274658205,99.37000274658205,93.61000061035156,95.12999725341795,3385900.0,0.9055726912929303,0.965596111768353,0.1537230160575183,0.9300933929161592,0.3785048106430326,0.21203296085411072,0.3266196928964817,0.8240790144574746,0,1,-0.06641849573404238,0.22048903519295163,-0.14763012370797635
2022-05-06,95.5999984741211,96.87999725341795,85.93000030517578,92.51000213623048,5398000.0,0.8977438102488234,0.9596242295619718,0.11861024124519193,0.9317492820732178,0.38514235238344047,0.20333485907032786,0.3925730034572921,0.8063221434563068,0,1,-0.10165035686046839,0.26994640015353427,-0.1221485909038014
2022-05-09,91.81999969482422,91.81999969482422,83.94999694824219,85.37000274658203,3802200.0,0.8874380742825767,0.9520057709884647,0.0414201505051332,0.9327516104490954,0.34894615613337016,0.2135772272191589,0.45773131266116346,0.7938147008996858,0,1,-0.08507191184573365,0.3184520419866576,-0.09307102379775596
2022-05-10,88.33999633789062,90.54000091552734,85.44000244140625,88.13999938964844,3432800.0,0.8784005240558762,0.9458840291709968,0.1260249563964984,0.93371195530361,0.36105213654213436,0.27213466425427835,0.518235456921901,0.805106991891314,0,1,-0.051423207782714996,0.38584984633522307,-0.07496771337213776
2022-05-11,87.0,89.55000305175781,83.69000244140625,84.12999725341797,3013900.0,0.8673164761129999,0.9397828930857827,0.08337736924779277,0.9344820485701639,0.3337497594415533,0.28569867588671194,0.5779826075760914,0.7951926840901988,0,1,-0.03755386409705933,0.37247563034258857,-0.0022690827050955943
2022-05-12,84.12999725341797,87.12999725341797,81.68000030517578,87.08999633789062,4291700.0,0.8554724297863165,0.9334663343455688,0.16740437040650075,0.9356526837107155,0.37966123242887917,0.30705455045275776,0.6373491898554287,0.8093103504991858,0,1,-0.029121562204052622,0.4243433465247892,0.017354084537466695
2022-05-13,88.62000274658203,92.66000366210938,88.62000274658203,91.25,2997700.0,0.8462883743099974,0.9287869852108502,0.2731224408108277,0.9365433759600796,0.42127364338389056,0.3651719695025007,0.6460806644247932,0.8191713679501307,0,1,-0.07968771079608868,0.34378224906395605,-0.048685333235217336
2022-05-16,91.08000183105467,92.11000061035156,86.9000015258789,86.97000122070312,1752900.0,0.8360925164077244,0.9236524406158942,0.21576107357471774,0.9370191084937833,0.39558579829871854,0.35857518269376615,0.6594468032485827,0.8134051546900442,0,1,-0.10301371535209744,0.2860273805383135,-0.077589061162243
2022-05-17,89.56999969482422,90.13999938964844,84.48999786376953,85.69000244140625,4623000.0,0.8232504054694246,0.9209137675851634,0.19967997469585452,0.9382370589790885,0.3112725919556765,0.3538588471375831,0.6788393694554289,0.798197667724798,1,1,-0.09072092996326452,0.31746579536414943,-0.08037251656500574
2022-05-18,84.87000274658203,86.97000122070312,83.87000274658203,85.38999938964844,2618100.0,0.810976001936777,0.9170511503296163,0.1957801596385778,0.93892117029193,0.32856876143965213,0.35199480195313976,0.6986058765871539,0.7895853550222864,0,1,-0.03722724180790558,0.3497490108230736,-0.02112271135977549
2022-05-19,84.41999816894531,92.66000366210938,84.25,90.5,4097500.0,0.8035316958630588,0.9134170683378513,0.3239293708345292,0.9401146854356388,0.4041660244899336,0.38830170720848034,0.6758381005772953,0.8030641951347883,0,1,-0.032088041730349195,0.35624778529548784,0.011945242765566636
2022-05-20,90.37000274658205,92.27999877929688,86.0999984741211,89.27999877929688,2335500.0,0.795917991675454,0.9092434943186749,0.30445455157550805,0.9407772152041753,0.41891757952735054,0.3945745528790075,0.6546965942824268,0.7953815029852465,0,1,-0.09602212642437861,0.2703866695172219,-0.06342547506258649
2022-05-23,89.27999877929688,89.7300033569336,86.81999969482422,89.2300033569336,1726500.0,0.786555383035317,0.9056243985738521,0.3036233392453246,0.9412660856387087,0.4097552707926537,0.3942007293734855,0.6350651955800488,0.7897021332587706,0,1,-0.08512543210163502,0.28629029914952075,-0.03707434592126478
2022-05-24,87.52999877929688,87.91000366210938,83.94000244140625,84.44999694824219,1874600.0,0.7759520538054265,0.9012054294057921,0.2288540918177866,0.9417434125439048,0.4201123696533736,0.36887779823698913,0.6288503752785197,0.7835355844668497,0,1,-0.06556089044085552,0.30606294442632265,-0.035526146471886115
2022-05-25,83.55000305175781,91.19000244140624,83.55000305175781,91.16000366210938,3885100.0,0.7688190753167289,0.8973465594265643,0.38462605087577517,0.942885947430838,0.4885610476353864,0.4057516576203777,0.600113923234423,0.7963157288771197,0,1,-0.022143313370728963,0.37051503157909954,-0.01610421148013873
2022-05-26,91.19000244140624,94.33000183105467,90.93000030517578,92.88999938964844,2057100.0,0.7619379008701778,0.8937649278699293,0.4194572087794516,0.9435112697135946,0.4762145272414443,0.4642234161880907,0.5542124605050771,0.8030826164904027,0,1,-0.10432209032680506,0.25943388488820895,-0.09993418433942118
2022-05-27,94.52999877929688,96.5,93.97000122070312,95.48999786376952,1820000.0,0.7576388836312555,0.8908276906401335,0.46998663414770714,0.944092103227234,0.509371042651828,0.5178577400476041,0.5010120099554891,0.8090695570650832,0,1,-0.13833565032354908,0.21864568513343186,-0.12132626458303457
2022-05-31,94.93000030517578,95.9000015258789,93.61000061035156,95.0500030517578,2363600.0,0.7531567374500303,0.8874689748619692,0.46116930621637586,0.9448396558165146,0.5013580930395345,0.5284364812491888,0.45212133532507087,0.8012944291846905,0,1,-0.1387579882335223,0.20850347133863562,-0.1359305021186771
2022-06-01,95.80999755859376,97.33999633789062,93.6500015258789,94.51000213623048,2029800.0,0.7509042179272837,0.8838311470230523,0.44982313271812824,0.9454746060637862,0.5353260988725292,0.5511569922371328,0.4124639562651559,0.7946173456800276,0,1,-0.14865856706731237,0.20021039629987608,-0.11920035600094218
2022-06-02,93.2300033569336,97.7300033569336,93.2300033569336,97.1999969482422,1380300.0,0.7499107256011917,0.879938557273621,0.5063854358196817,0.9459280453081362,0.4725546741506243,0.5738421467637054,0.37299824477833793,0.7991578808861988,0,1,-0.12220931955021203,0.22865297315100602,-0.07565338444890318
2022-06-03,95.70999908447266,96.2699966430664,94.4000015258789,95.3000030517578,1295900.0,0.7499885592439272,0.8761977022026033,0.4634129265526753,0.9463389865239946,0.504076935174191,0.5606352751052249,0.3363515126834357,0.7948949818253589,0,0,-0.14434155575918048,0.15504115399148424,-0.04660492717617104
2022-06-06,96.56999969482422,96.79000091552734,94.11000061035156,95.16000366210938,1802200.0,0.7512018076979666,0.8719417066835796,0.46019978513650783,0.9469086455598617,0.47399640079157307,0.550455117618648,0.3057976925469041,0.7889665948453098,0,0,-0.15624343035499821,0.14910806536653679,-0.040083940949609015
2022-06-07,94.72000122070312,96.37000274658205,94.0,96.11000061035156,1579300.0,0.7561188938495627,0.8681596387188875,0.48268952243006336,0.9474163807790155,0.5484695279394844,0.540612549296543,0.2765805020491321,0.7941617460813499,0,0,-0.13703237088797618,0.1687683579292304,-0.033207267134307654
2022-06-08,95.52999877929688,96.58999633789062,94.08999633789062,94.9000015258789,1250700.0,0.7592138211773368,0.8639111348941678,0.45192459498084203,0.9478093170257715,0.5354131513044489,0.5254320098635017,0.25110356644146764,0.7900475336765407,0,0,-0.1441056954132344,0.13911146250832518,-0.04109870901214796
2022-06-09,94.27999877929688,94.5,92.4000015258789,93.91999816894533,1344700.0,0.7636959708515226,0.8591193917657176,0.42701474749121804,0.9482237940719263,0.5997268074144494,0.48998882215313855,0.22399118115463607,0.7856241056596325,0,0,-0.13277132003717743,0.15405692846691058,-0.021496321208920706
2022-06-10,91.81999969482422,93.22000122070312,90.88999938964844,92.30999755859376,2592800.0,0.7660858405739571,0.8543520002166732,0.3867928091676853,0.9489977347266694,0.5252885937376832,0.4557838290617548,0.21024522508146687,0.7770950180101646,0,0,-0.10796422047845856,0.18185692253028807,-0.021720623459316364
2022-06-13,88.37000274658203,88.69999694824219,84.31999969482422,84.91999816894531,2218400.0,0.763187780002823,0.8482227652757341,0.23965090626245245,0.949562621439795,0.4741367849572414,0.33962886220302124,0.23513438445076967,0.769797529564631,0,0,-0.07247321653496709,0.19976162170632653,0.05384025265685757
2022-06-14,85.19999694824219,86.72000122070312,84.12999725341797,84.94000244140625,1541100.0,0.7622583869980898,0.8427098258059096,0.24026078959116637,0.949954938360182,0.4970838494130213,0.33487313699412147,0.25912475612366853,0.7748670208391585,0,1,-0.04145073856529646,0.2544748124859736,0.09279327664533737
2022-06-15,85.5,88.08000183105469,85.41999816894531,86.68000030517578,1589100.0,0.7627116370683222,0.8371856473654617,0.29417309416961324,0.9503755254880377,0.5494503374558032,0.3620883669870913,0.2689708480339767,0.7800944094475237,0,0,-0.044972917177149255,0.1697668678417169,0.09995287991221959
2022-06-16,84.4800033569336,85.30999755859375,81.20999908447266,81.7699966430664,1874400.0,0.761054293593981,0.8312212568533844,0.2090396855852863,0.9508170685638944,0.5227813424348986,0.2970110407155394,0.2979381612758179,0.7739285185611605,0,0,-0.03772501454716402,0.17178125677463052,0.12459616271734598
2022-06-17,83.02999877929688,86.18000030517578,82.19999694824219,84.69999694824219,4097200.0,0.7583988820150626,0.8265606398127598,0.29407490236391765,0.9518517809050635,0.5036149180683721,0.33715378651471806,0.31705822348368634,0.7874063718153258,0,0,-0.022257548850939612,0.17977259607583937,0.15898251845045563
2022-06-21,85.37000274658203,86.79000091552734,83.6500015258789,83.9800033569336,1736200.0,0.755972388599944,0.8217595313518463,0.2811231473917849,0.9522823919626051,0.4743516959251755,0.35374390339109946,0.32927502754447374,0.7816950936693037,0,0,-0.04911456684764035,0.14592681293606674,0.14994093749498955
2022-06-22,82.97000122070312,84.37000274658203,82.70999908447266,83.20999908447266,1278500.0,0.7532162540069827,0.8171382535667365,0.2668959221845736,0.9525935077749468,0.4409767026599332,0.3428616279509119,0.3453722742211455,0.7774894323919801,0,0,-0.020957395402213433,0.17575615082434795,0.17301736364002232
2022-06-23,84.05000305175781,84.05000305175781,80.23999786376953,81.94000244140625,2138700.0,0.7520671048743018,0.8122790751853813,0.24328841135087897,0.9530976309993346,0.4646189191094628,0.3299522712381849,0.37195228942237374,0.7704541193111728,0,0,-0.04578782874544274,0.16440332238542865,0.1527460548529727
2022-06-24,82.88999938964844,87.12000274658203,82.51000213623047,86.80000305175781,2363800.0,0.7500709686651476,0.8082441218066688,0.3859233113765952,0.9537218593625261,0.4276364675205632,0.3828503289595569,0.36879968851589134,0.7782299050971232,0,0,-0.03234075478303619,0.18110817091928894,0.17293138573040714
2022-06-27,87.33999633789062,87.88999938964844,84.18000030517578,85.58999633789062,1715000.0,0.7467288130737118,0.8031170689060166,0.3600032989987534,0.9541622024641887,0.41287499165927943,0.3940115495860787,0.35944512699601866,0.7725883649402128,0,0,-0.08179721456792402,0.11970053748555205,0.08986178315116836
2022-06-28,86.55000305175781,88.66999816894531,84.2300033569336,84.37999725341797,1051100.0,0.7416423288082291,0.798072438934379,0.3342131639465178,0.9544244663219175,0.3854890446294389,0.3975553730897907,0.3441849961743942,0.7691307422819453,0,0,-0.0737236296059385,0.1306227454554336,0.13225844350004812
2022-06-29,84.02999877929688,84.26000213623047,82.2300033569336,84.0,1074900.0,0.7365833131854996,0.7933443866408494,0.32594517886208607,0.9546901592385881,0.38936401637669926,0.3725333837259815,0.34203783562950546,0.7655948288623168,0,0,-0.04491586915018325,0.16236080852777907,0.14695427742949613
2022-06-30,82.70999908447266,84.5199966430664,80.52999877929688,82.58000183105469,1966500.0,0.7311214089995591,0.7875073777986127,0.2947623628793533,0.9551595554212593,0.4124990120141429,0.36455344381407784,0.34943241020198074,0.7591259724666524,0,0,-0.029404776436941966,0.17880957467215403,0.18071428934733072
2022-07-01,82.4800033569336,84.80999755859375,81.87999725341797,83.05999755859375,1042000.0,0.7246477023876648,0.7820487624020778,0.3111876345507182,0.9554110687056323,0.3869243724157182,0.37841681271812816,0.353538940695516,0.7625536604220463,0,0,-0.027125277833569817,0.18466940738508375,0.19411477868566376
2022-07-05,82.3499984741211,85.5999984741211,80.83000183105469,85.44000244140625,961600.0,0.7201335047992801,0.7780550190587052,0.3897701881699117,0.9556565185858474,0.4061499716616282,0.3927020133174845,0.3633637677194281,0.7657168703432622,0,0,-0.02540333099411767,0.18516741313365495,0.2009391154825459
2022-07-06,84.79000091552734,86.06999969482422,82.80999755859375,84.62999725341797,1274900.0,0.7153125588973206,0.7740687674096366,0.3684986627580089,0.9559757386335674,0.41710127480489834,0.4063975084344915,0.36758249084295597,0.7615230513659763,0,0,-0.053253779514790524,0.15145133510828668,0.14852530522934973
2022-07-07,85.66000366210938,86.70999908447266,84.27999877929688,85.97000122070312,1741800.0,0.7106701696521396,0.7696273203003307,0.4125926168143085,0.9564253027404543,0.4058816041879129,0.44106552761869167,0.3646910016150439,0.7672527508676129,0,0,-0.0640435539907919,0.142620821062791,0.12773245786862134
2022-07-08,85.19999694824219,85.69999694824219,83.63999938964844,84.36000061035156,1361100.0,0.705844647971695,0.765272041967191,0.367637559167429,0.9567635455263273,0.40650360242864314,0.4190440459863665,0.3663839817824018,0.7627753745949768,0,0,-0.057694533139987896,0.14574858940067056,0.10561825871962485
2022-07-11,83.87000274658203,83.93000030517578,80.94000244140625,82.19000244140625,1202400.0,0.7004743117498666,0.7606732435524944,0.3117046186188551,0.9570469044842764,0.3902593947310903,0.33618494352286915,0.3846839347660324,0.7588200463823418,0,0,-0.04302992954657557,0.16429588086857888,0.08902316800024293
2022-07-12,81.83000183105469,83.6500015258789,81.73999786376953,82.08000183105469,1247800.0,0.6957907195405556,0.7558327972652332,0.30892223962303866,0.9573400190549701,0.36238319502072436,0.3449706337307808,0.40167674825083216,0.7547153736081185,0,0,-0.019345466845784313,0.19345420432630006,0.13359283856168253
2022-07-13,79.94999694824219,83.83999633789062,79.5,83.26000213623047,876300.0,0.6950307246497092,0.7517828576395784,0.35424109998703057,0.9575518423609386,0.40818455990351576,0.340759508241816,0.42989420547987717,0.7575979868089935,0,1,-0.005482418837762899,0.2166180069694443,0.16739772400888964
2022-07-14,81.30000305175781,82.38999938964844,80.6500015258789,81.94999694824219,1102700.0,0.6936618124031594,0.7474950159885111,0.3174053246398876,0.957809826226153,0.4310002733395989,0.32557352341952395,0.4560961300497049,0.7539706245168506,0,0,-0.021619060840433774,0.19733365221745883,0.16874843936917755
2022-07-15,83.43000030517578,85.05999755859375,82.33999633789062,84.4800033569336,846700.0,0.6926545892486513,0.7446945257610194,0.4115566621218044,0.9580203927726096,0.44257405811271033,0.45855724678173715,0.44816312064384484,0.7567558676951923,0,0,-0.047956076284638334,0.17449668803269608,0.10213548576296258
2022-07-18,85.41999816894531,87.0,85.41999816894531,86.08000183105469,1161000.0,0.6946278360864981,0.742204992297157,0.465048105647771,0.9583198916340712,0.46638910755071056,0.5759970421290495,0.420988821049682,0.7605750094573923,0,0,-0.07007573311678184,0.1345880953453922,0.0768229786372446
2022-07-19,87.98999786376953,91.3000030517578,87.58999633789062,91.18000030517578,1800800.0,0.6975945717574762,0.7414650638616883,0.6042413745603826,0.958837947164157,0.4792849510544761,0.714057483009525,0.39228240013240717,0.7664987910985377,0,0,-0.09862915524133543,0.10223051654935114,0.038452661681916134
2022-07-20,91.18000030517578,93.2699966430664,90.66999816894533,92.75,1449100.0,0.7016097335470921,0.7415100211733474,0.6395479481144078,0.9592678820642859,0.5248428128945999,0.7215298032562594,0.37851491935806864,0.771265645816543,0,0,-0.12809827008207164,0.0593331433933736,-0.008993196886156097
2022-07-21,91.9499969482422,92.30999755859376,90.08000183105467,91.55999755859376,1078300.0,0.7054326078515137,0.7426695545190249,0.597021890042225,0.9595801387730973,0.5423546453547308,0.6385060464227831,0.36052269747302385,0.7677185480024342,0,0,-0.1342317730268701,0.05002694759728758,-0.018867924528301886
2022-07-22,91.72000122070312,92.6999969482422,91.08000183105467,91.58000183105467,1138500.0,0.7098460824258557,0.7433139488458638,0.5975253907495657,0.9599098210323129,0.5381749743604433,0.6194364892731731,0.3465043103209989,0.7714636753893978,0,0,-0.13346441182332866,0.03036259123442873,-0.022717364422422483
2022-07-25,91.6999969482422,92.4000015258789,90.43000030517578,92.23999786376952,1185000.0,0.7123366716693723,0.7448331449723159,0.6148918149145928,0.9602573903184628,0.5169663632968464,0.588228894169768,0.32724196559615676,0.7753617658185167,0,0,-0.13321682358937448,0.017143477434303996,-0.030246741512153123
2022-07-26,91.75,91.75,89.43000030517578,89.77999877929688,1556000.0,0.7142549777287519,0.7453370464496988,0.5217566378341829,0.960691151474599,0.5032403981034165,0.540603488201602,0.2998380299635583,0.7702432605799436,0,0,-0.13280572727345666,0.016478715072297697,-0.006071092493094287
2022-07-27,91.01000213623048,93.7300033569336,90.27999877929688,93.33999633789062,1359900.0,0.7183571282110341,0.7457285525041829,0.6162675697411724,0.961098338165854,0.5445650765822672,0.5649175618029905,0.289822015066343,0.7747166894192338,0,0,-0.12820229775815803,0.030296293803585336,-0.003118721130585006
2022-07-28,91.16000366210938,93.1500015258789,90.8499984741211,93.08000183105467,1113100.0,0.7225142194717835,0.7468731010320854,0.6065147176573393,0.961429777043787,0.5495624676364211,0.5475182645728788,0.280521429804643,0.7710551160380926,0,0,-0.12491969273172222,0.02753374540021219,0.020998491122470986
2022-07-29,92.61000061035156,94.08999633789062,91.06999969482422,93.98999786376952,1050200.0,0.7277380504439934,0.748427887708566,0.6298657378496479,0.9617479417533414,0.5683984496775101,0.5464232827450405,0.27917570170287964,0.7745097781213506,0,0,-0.14084658737058187,0.015900254602759206,0.028470149051874956
2022-08-01,93.54000091552734,95.37999725341795,92.12000274658205,95.27999877929688,1341700.0,0.7333327255581759,0.7502805199690608,0.6622128315999297,0.9621643437186744,0.5981254277851256,0.5539342435197661,0.28744904298496643,0.778923337554894,0,0,-0.14937760649677986,0.019576512179067484,-0.033088633695462395
2022-08-02,92.8000030517578,96.83999633789062,92.45999908447266,96.02999877929688,1219100.0,0.7381811366099279,0.7513164203503838,0.6806854394948417,0.9625478509705914,0.5955048587322077,0.5558326917215304,0.3050927633400194,0.7829336008815934,0,0,-0.13958861484208707,0.04240127348753352,-0.005772492220867943
2022-08-03,96.91000366210938,98.31999969482422,96.08999633789062,98.06999969482422,1102500.0,0.7443343640798317,0.7529629967175095,0.7282484114612372,0.9629076579417604,0.6098732144689012,0.5800400329702112,0.33071810231155424,0.7865603052681787,0,0,-0.18129755163407127,0.014682870463795373,-0.05019272503893748
2022-08-04,98.33000183105467,98.58999633789062,96.62000274658205,97.5,2042300.0,0.7496131358305087,0.7545121639086788,0.7012391130457474,0.9635669759694732,0.5916018904621331,0.5696390019948783,0.3561610993182562,0.7798421026661622,0,0,-0.19200572947537647,0.002651111528958976,-0.11114511634340461
2022-08-05,97.25,98.51000213623048,92.75,96.76000213623048,2114200.0,0.7552902203659115,0.7568181208495856,0.6657850687767521,0.9642398320930026,0.6167965412573839,0.5394632732090532,0.3354262349814409,0.772887383016168,0,0,-0.18205128205128204,0.01374355218349359,-0.10533329890324519
2022-08-08,96.97000122070312,99.51000213623048,95.87999725341795,97.05999755859376,1725000.0,0.762098140441173,0.7579233301219733,0.6740896624158952,0.9647914376700772,0.6085323954032154,0.5580332204512042,0.3237625555017953,0.7785618184509613,0,0,-0.18054982260238828,0.02625052562474354,-0.10448532851536604
2022-08-09,96.33000183105467,96.76000213623048,94.75,95.13999938964844,961600.0,0.7680773905257441,0.7583448086703417,0.58166263398201,0.9650880034861027,0.6129059525787355,0.521624806781086,0.3015974169263356,0.7753986085297455,0,0,-0.17339792143405564,0.032763243201774116,-0.15227693335119222
2022-08-10,97.70999908447266,98.81999969482422,96.41000366210938,97.87000274658205,1925400.0,0.774766277487101,0.7587906402272827,0.6615578907734768,0.9657121301771436,0.6081354880362924,0.5580599614224038,0.2967528219950554,0.7817322653333113,0,0,-0.191402135813488,0.01891951926955418,-0.2126339694904408
2022-08-11,99.23999786376952,99.66000366210938,96.36000061035156,96.43000030517578,1122800.0,0.7813956478915053,0.7590491465557817,0.597004727529159,0.966066453757253,0.575194527885884,0.5450487242022253,0.2981993465600786,0.7780387835326238,0,-1,-0.2016961000285545,0.004291466093317608,-0.24491673186900187
2022-08-12,97.38999938964844,98.08999633789062,96.44000244140624,97.88999938964844,811200.0,0.7875351375470717,0.7596823004828305,0.6389816112807816,0.9663292527826308,0.5778160317576191,0.536776043657103,0.2995425479418859,0.7807072484744815,0,0,-0.185523170517798,0.023540436226039265,-0.2448408227276996
2022-08-15,97.18000030517578,98.8000030517578,95.70999908447266,98.51000213623048,1317500.0,0.7932259564038514,0.7599276956317141,0.6563150578042409,0.966760659792337,0.6034593859692876,0.5349143719081194,0.29223989133616685,0.7850412013355482,0,0,-0.18061089401789684,0.025334593649980617,-0.22627440661953052
2022-08-16,98.08999633789062,99.62999725341795,97.30999755859376,99.04000091552734,1189500.0,0.7968244953088797,0.7606282862408352,0.6713638592044631,0.9671536394133944,0.5810984630725696,0.552450046736011,0.29228054140282694,0.7889540946397144,0,0,-0.18871176464073497,0.01593754228172253,-0.20627346720309156
2022-08-17,97.44000244140624,97.70999908447266,96.1999969482422,97.4800033569336,960200.0,0.7989900296319208,0.7610628773979862,0.5945448106305199,0.9674620098193301,0.5769961545634066,0.5042066615524322,0.2790054702310127,0.7857954900574022,0,0,-0.18113895674039346,0.02241519790167016,-0.22394992023569762
2022-08-18,97.33999633789062,97.36000061035156,96.13999938964844,96.47000122070312,1150800.0,0.8012379733761823,0.7611303140800585,0.5478384170109238,0.9678246746140347,0.5590794715019962,0.48558796644347446,0.2659565424013577,0.7820099014786427,0,0,-0.18301185600668832,0.023799828111656828,-0.21850630579454372
2022-08-19,95.31999969482422,95.5500030517578,93.48999786376952,94.27999877929688,1120400.0,0.8024741112015293,0.7610141728100078,0.45580717356425127,0.9681633214303806,0.5626305064764232,0.410002639780093,0.2403889286891266,0.778324314544647,0,0,-0.16398879957129242,0.04498811975088647,-0.17580593832140354
2022-08-22,92.11000061035156,92.41999816894533,91.0500030517578,91.37999725341795,1124500.0,0.8020803776882491,0.7605383701883497,0.3546847482101282,0.968484081214082,0.5306022195201,0.3159212005189712,0.23788856997170277,0.7746252405467194,0,0,-0.13375053854074315,0.08008064435206307,-0.12356811282052278
2022-08-23,91.56999969482422,93.04000091552734,91.56999969482422,92.80999755859376,749400.0,0.8034676000346608,0.7606320320879871,0.4117236305913262,0.9687040047620095,0.5631616486865432,0.3343467544448466,0.22868447983255397,0.777090412671261,0,0,-0.1320857962093313,0.08853145338634337,-0.11928213890891975
2022-08-24,93.19000244140624,94.27999877929688,92.9000015258789,93.69000244140624,614600.0,0.8036278430986167,0.7622748626079611,0.44550138782330473,0.9688874691078575,0.5435747833526562,0.3705393647647987,0.20681558409271533,0.7791121564499416,0,0,-0.13511476398445596,0.06971233046976896,-0.14362678786451902
2022-08-25,94.41999816894533,95.51000213623048,94.12000274658205,95.3499984741211,615800.0,0.8046671141673236,0.764224902615245,0.505995030176669,0.9690771958165953,0.531958928198884,0.41343816936101063,0.1811870302937154,0.781137847661968,0,0,-0.12893586846269472,0.055929185149089414,-0.16874796826354385
2022-08-26,95.33000183105467,96.08000183105467,91.76000213623048,91.8000030517578,1512800.0,0.8036644702842615,0.7651840009820322,0.3824287208347985,0.9695118600278569,0.481832358258423,0.34176727312714045,0.17202957208379482,0.7761614500238491,0,0,-0.10393291893758164,0.045411661251676956,-0.18112222914348727
2022-08-29,90.33999633789062,92.66000366210938,90.33999633789062,91.91000366210938,775000.0,0.8021215876383004,0.7670834656215128,0.38666287348872197,0.9697349347569335,0.46179616793639267,0.2965455966108375,0.1748947422832342,0.7787108340597707,0,0,-0.029956426019392628,0.10152513087569325,-0.13714592504743442
2022-08-30,92.58000183105467,92.97000122070312,90.68000030517578,91.3000030517578,857200.0,0.7999560568082201,0.7683198038400603,0.3664391569523292,0.9699785524152327,0.4381861830851574,0.31681647149148634,0.174106748653218,0.7758910508396519,0,0,-0.03427267327133733,0.07703189586503616,-0.16592317911403717
2022-08-31,91.87000274658205,92.93000030517578,90.3000030517578,90.36000061035156,1163800.0,0.7964261930030357,0.7695149291649335,0.3354055428688498,0.9703028189547551,0.3982139249981166,0.32128957371711553,0.1765890538843477,0.7720626983996447,0,0,-0.026725107993950795,0.08532311780002015,-0.15257393033468908
2022-09-01,89.5199966430664,90.26000213623048,88.45999908447266,90.1999969482422,1012300.0,0.7930840374115998,0.7708243221216977,0.33003048417716574,0.9705838147725987,0.42184985254737367,0.29720469776244274,0.19357690803855948,0.7687327094195627,0,0,-0.011730827262437155,0.11221787240538529,-0.1520584082664945
2022-09-02,91.29000091552734,92.16999816894533,89.05999755859375,89.63999938964844,792800.0,0.7898242912413846,0.772266714804447,0.31057083522682527,0.9708012255329872,0.39487732115948543,0.3321720384121758,0.18701907107733656,0.7661247717890096,0,0,-0.03137474419958767,0.09279382516370632,-0.14700668054167687
2022-09-06,90.19000244140624,90.2699966430664,87.5999984741211,88.93000030517578,1124700.0,0.786102139951006,0.7726657139824021,0.28588124515479063,0.9711049012529103,0.40706219794888365,0.3135466441422239,0.19268256912750825,0.7624250398855243,0,0,-0.028893395637218555,0.1056448157651006,-0.11813926862328904
2022-09-07,88.93000030517578,91.5999984741211,88.61000061035156,91.19000244140624,1489800.0,0.7842937154485609,0.7737147284016749,0.3991444221048057,0.9715265119532857,0.44100952459303877,0.3621435262584641,0.18328511745113757,0.7673257783845129,0,0,-0.014955603581362864,0.12065673361196537,-0.10468905348752036
2022-09-08,90.41000366210938,91.62999725341795,89.66999816894531,90.7300033569336,1339100.0,0.7810248142284147,0.7749042356704038,0.38097592025034555,0.9719016932208815,0.43494802426999185,0.3737162740248153,0.17422907152440437,0.762920771723219,0,0,-0.030814838389699995,0.10143655831069365,-0.1266586549241428
2022-09-09,91.9800033569336,93.36000061035156,91.7699966430664,93.12000274658205,1341300.0,0.779509400225207,0.7766126292342903,0.486775613935725,0.9722959091480601,0.47584631416166157,0.43215305130346193,0.14747374850042616,0.767333015345647,0,0,-0.048275153981660025,0.08464675433728919,-0.13722036941471455
2022-09-12,93.70999908447266,95.5199966430664,93.20999908447266,95.26000213623048,1507200.0,0.7783053103140589,0.7789878950662618,0.5659731300288108,0.972757362818742,0.48709740346933894,0.4926091900487287,0.1424165368666832,0.7722909916281517,0,0,-0.06561426578754938,0.06389609538381498,-0.16161936188211387
2022-09-13,91.97000122070312,93.4499969482422,90.11000061035156,90.43000030517578,1224700.0,0.7746060483949877,0.7803684719814175,0.3848290591693556,0.9730978061837174,0.44520939471481963,0.39813885540012756,0.12699728284716139,0.7682623069458379,0,0,-0.045874476680491036,0.08072645673898732,-0.10770524780755024
2022-09-14,90.1999969482422,92.41000366210938,88.4800033569336,92.25,1812800.0,0.7714973867458368,0.7816441465971454,0.4496599672460553,0.9736205755709584,0.46718169218196276,0.3943452479005618,0.12547857635015963,0.7742255629204428,0,0,-0.02875150354248419,0.1046113754499869,-0.12971354293877746
2022-09-15,91.9499969482422,94.62000274658205,91.54000091552734,92.08999633789062,1807500.0,0.769029683380667,0.7830415819682355,0.4441570298068901,0.9741397799507976,0.4299814495336567,0.4703309383713824,0.10409877376318327,0.7682797414431157,0,0,-0.04715445500402285,0.08357730855140567,-0.14981029479484265
2022-09-16,90.69000244140624,90.76000213623048,87.08000183105469,87.43000030517578,3974100.0,0.7648909057127399,0.7833150745436768,0.30511601981384406,0.9751727821787703,0.3752905830037343,0.28764296692088376,0.11526651925492715,0.7552068290596884,0,0,-0.03920079003050417,0.09740472990997844,-0.1154306146762083
2022-09-19,86.58000183105469,89.62999725341797,86.5199966430664,86.9800033569336,1770100.0,0.7615487536142648,0.783805863412277,0.2936064543807685,0.9756277738871018,0.3552557730460667,0.27281581419096523,0.1289759937533515,0.7493840359216434,0,0,-0.0006863226327214024,0.14960541902549168,-0.07972093327661245
2022-09-20,86.20999908447266,87.52999877929688,85.95999908447266,86.86000061035156,1076300.0,0.7594793665267815,0.7846806652118902,0.2903823603736597,0.9759035313619329,0.37031049245078745,0.26684925864038156,0.14512571716005834,0.7458435171631111,0,0,-0.0028742238486022236,0.15463329568341014,-0.07794893673979617
2022-09-21,86.55999755859375,87.0,81.48999786376953,81.55000305175781,2252300.0,0.7543242106544156,0.7845813838269413,0.1692667855858026,0.9764109973917743,0.3150461221301319,0.19834932395668653,0.18361961508897923,0.7384345137255547,0,0,-0.05836978654384214,0.1508174765307845,-0.11259496558340273
2022-09-22,81.41999816894531,81.44999694824219,77.08999633789062,77.4800033569336,3918900.0,0.7469027974449657,0.7834986524957996,0.10160044832054949,0.9772006737005019,0.2478116500962588,0.15289246661162892,0.23652703366923067,0.7255431832760406,0,1,-0.05309628042940158,0.22366652128250164,-0.06131207618504467
2022-09-23,76.3499984741211,76.83000183105469,73.3499984741211,75.2699966430664,3640000.0,0.737709583425755,0.7822473294594771,0.0704732747993907,0.9778865995770738,0.24582959604261684,0.1668051049787263,0.2971661092830534,0.7135693021266797,0,1,-0.038719667914566935,0.300464607261966,-0.0726638746707559
2022-09-26,74.79000091552734,76.37999725341797,73.69000244140625,73.77999877929688,1607400.0,0.7294594967326541,0.7802429639497361,0.05077781083976973,0.9781753588323601,0.24552337455161302,0.22717118842989378,0.35347382235303165,0.7082817151597888,0,1,-0.019131161227956526,0.3300119230200441,-0.020326808124519997
2022-09-27,75.31999969482422,76.48999786376953,73.88999938964844,75.02999877929688,1830300.0,0.7217313352096296,0.7781730353960825,0.10467097328533415,0.9785171615063828,0.23537394687601915,0.2792345629146925,0.4046210496419394,0.7143025378706886,1,1,-0.026701019968787525,0.32949305991877126,-0.03280019258585809
2022-09-28,75.55999755859375,78.68000030517578,75.06999969482422,77.7699966430664,2257300.0,0.7155369012826354,0.7756610225618069,0.2139522183524335,0.9789740891510166,0.26612169315823686,0.3296315235839036,0.4298793817669227,0.7217279889471866,0,1,-0.029454872989848217,0.29521527237437173,-0.038917742455715346
2022-09-29,76.48999786376953,76.7699966430664,74.16999816894531,75.26000213623047,1688300.0,0.7086236789218853,0.772384729712657,0.1687531622964939,0.9792911232430535,0.28315930592186345,0.3292834772703074,0.4570348528449079,0.7161742791822233,0,1,-0.04037546001268067,0.2683554538695316,-0.0016715604864251806
2022-09-30,75.05999755859375,78.16999816894531,74.66999816894531,76.04000091552734,1929200.0,0.7021408172600601,0.7694774649767453,0.1988161097167957,0.9796618280554859,0.25543259197757096,0.35326114300479405,0.4683369457008025,0.7225204361913846,0,1,-0.0227212202489356,0.2792984809435955,0.021791115374669053
2022-10-03,76.8499984741211,78.38999938964844,76.0999984741211,78.36000061035156,2079200.0,0.6969765028448026,0.7670010441216655,0.28439648590146505,0.980088873841275,0.30670550329370316,0.3759207315109684,0.47663342215866106,0.7293600223687889,0,1,-0.04602840554786607,0.2528932551999328,-0.04274066229444707
2022-10-04,80.47000122070312,81.6500015258789,79.77999877929688,80.45999908447266,3044700.0,0.6930986877619137,0.7647943699948747,0.3549156563862551,0.9807504719669771,0.2899081429432042,0.4111271323931871,0.45421262400036183,0.7393756476257832,0,0,-0.0908627193864705,0.19920878622720972,-0.07899441543123896
2022-10-05,78.87000274658203,80.86000061035156,78.6500015258789,80.66999816894531,1194200.0,0.6882823211314001,0.7630878500691478,0.3618729113769178,0.9810112025377853,0.288030100694322,0.40964005497688794,0.44022507831634067,0.7433040017105544,0,1,-0.06860557215102181,0.213895094212024,-0.060402692836836684
2022-10-06,80.62999725341797,81.81999969482422,79.7699966430664,79.86000061035156,1042700.0,0.6833057149298911,0.7605627260552569,0.34038760347370955,0.9812338932047615,0.2664690355435765,0.4183891502687889,0.4188070010142753,0.7398740110857086,0,0,-0.0902441917012387,0.19152107262082885,-0.10883846508722024
2022-10-07,78.7300033569336,79.68000030517578,78.01000213623047,78.61000061035156,1072800.0,0.67666261020411,0.7578521504510835,0.30763442312584643,0.9814551955439621,0.2412920393899345,0.40423079206292406,0.40997351606451,0.7363450056744354,0,1,-0.06736795444145209,0.21725517582668474,-0.15677440742265755
2022-10-10,78.83000183105469,78.83000183105469,77.0,78.05999755859375,853300.0,0.668787943431467,0.7548680822714687,0.2932675113986877,0.9816284510388373,0.22029537183574122,0.3992798518884071,0.407803834028112,0.7335380516126909,1,1,-0.06971127482998611,0.21231388732254936,-0.15125301230544363
2022-10-11,78.05000305175781,78.81999969482422,76.27999877929688,77.75,1340800.0,0.6629826672392678,0.7515842962988478,0.2848769861609384,0.9818981829167439,0.24471738029066703,0.3984451161352446,0.41006695157166756,0.729127452754157,0,1,-0.060210155324547376,0.22380212833333984,-0.13528062411303154
2022-10-12,77.45999908447266,77.88999938964844,76.44000244140625,77.33000183105469,992200.0,0.6561518542997382,0.7480813418240755,0.273056162941789,0.9820952988437546,0.2154523645718231,0.3964378523285101,0.41216841786211184,0.7258635832826197,1,1,-0.052861744184586015,0.23228292679863344,-0.11421218332370378
2022-10-13,75.55000305175781,78.5,74.69000244140625,77.94000244140625,1138400.0,0.6496735719093588,0.7443105142591735,0.3020016838520839,0.982325365565897,0.2554189194158675,0.39826487103702024,0.4247818762008761,0.7296083817168045,0,1,-0.028449560656200922,0.258243800833442,-0.09168503555418132
2022-10-14,79.0199966430664,79.25,75.68000030517578,75.77999877929688,1038200.0,0.6443398593802145,0.7402418411102576,0.2390854486636539,0.9825221905705046,0.3009238060869408,0.3993496841537716,0.42788207772705594,0.726193193967006,0,1,-0.07274824212647292,0.21170130206763046,-0.13253777108136533
2022-10-17,77.36000061035156,78.51000213623047,77.36000061035156,78.02999877929688,1636300.0,0.6402422846764174,0.7367332657210066,0.3417014190648304,0.9828534290127471,0.33176295138212475,0.43741403449319893,0.43076083628708,0.7315758482869783,0,1,-0.052916365806619715,0.23964101775198446,-0.09435209344226447
2022-10-18,80.0,81.08000183105469,78.52999877929688,79.5999984741211,971700.0,0.636918442677804,0.7334625923571683,0.4055626327044215,0.9830588096023034,0.3253805744805636,0.5228182390646189,0.40482263148845415,0.7347722824388558,0,0,-0.08522365282470441,0.19889781988801225,-0.09278480042332728
2022-10-19,79.02999877929688,80.38999938964844,78.55000305175781,79.62000274658203,909600.0,0.6360348319086464,0.7305553276212565,0.40637349527323197,0.9832511008724409,0.3731916486939405,0.5326981577518871,0.3807371556040157,0.7377644369150808,0,1,-0.07135678912132665,0.2071607811541683,-0.06884416875109205
2022-10-20,79.41999816894531,80.87999725341797,78.51000213623047,78.86000061035156,838500.0,0.6366666351426966,0.7269943017968754,0.37857304016459037,0.9834246385894319,0.42660223314700113,0.5238608796736643,0.35302957885993264,0.7350061678646029,0,1,-0.07623711988737397,0.20221047373440643,-0.06907811869217885
2022-10-21,78.72000122070312,80.2699966430664,77.79000091552734,79.52999877929688,1309200.0,0.6386169891162752,0.7238285293032974,0.4087010217610946,0.9837005258935643,0.4296796457775673,0.5066737084391084,0.3339844849338887,0.739312817645027,0,1,-0.06809539316535508,0.21303569987746143,-0.06137463771018324
2022-10-24,79.7300033569336,79.7300033569336,76.80999755859375,78.66000366210938,1253200.0,0.6408511985391601,0.7202262934435762,0.374740431540005,0.983958218352279,0.4669803711409983,0.4607695080516685,0.32512625614213103,0.735190381420747,0,0,-0.08022136276548432,0.18722494176027316,-0.11090154445117667
2022-10-25,78.8499984741211,81.9800033569336,78.8499984741211,81.70999908447266,1639700.0,0.6439094986812895,0.7170792530440923,0.5033406039719195,0.9843239353778628,0.4991467099145689,0.5757062303709353,0.2915105362472452,0.7405842201351995,0,1,-0.06992117650573358,0.20048313676925728,-0.09801676488081036
2022-10-26,81.5199966430664,82.87000274658203,78.20999908447266,78.47000122070312,2688200.0,0.6442299813162407,0.7132260025501759,0.3837117465625055,0.9848730023348689,0.4278333139594086,0.5151288195322256,0.2613115287044724,0.7317413115347291,0,0,-0.09998774030702268,0.16032317036220642,-0.12299590668179411
2022-10-27,79.58000183105469,81.08999633789062,77.80000305175781,78.12999725341797,1396700.0,0.6455439492913626,0.7096012858908742,0.37241280641285024,0.9851553331429019,0.4106774858420959,0.4631158198222947,0.22891118190595555,0.72714682807283,0,0,-0.07939344029588088,0.14247483281835507,-0.09952854678849844
2022-10-28,78.05999755859375,80.12999725341797,77.80000305175781,80.05999755859375,1015200.0,0.6473844217080066,0.7065273016587742,0.4497132334161701,0.9853717001906475,0.4385951830235059,0.47621652599414843,0.1988251455930471,0.730486356683498,0,0,-0.06028413221615219,0.14808652376239606,-0.07116341679316411
2022-10-31,79.9000015258789,80.2300033569336,78.72000122070312,79.61000061035156,1317300.0,0.6479567083851044,0.7037792618664127,0.43283332893618043,0.9856489278256804,0.4022179625173919,0.48430097190512683,0.17207328321047494,0.7261530617279889,0,0,-0.08181368038344046,0.09530349095793789,
2022-11-01,80.91000366210938,81.55999755859375,79.41999816894531,79.43000030517578,1220800.0,0.6474851447220497,0.7015407430367455,0.4257958317453593,0.985904463198185,0.39451196886164863,0.530464134819916,0.16255659170539583,0.7221372062040493,0,0,-0.09496300879321015,0.0764978808089439,
2022-11-02,78.75,79.93000030517578,76.76000213623047,76.77999877929688,1511900.0,0.6457041888623579,0.6985379427630368,0.33000783430038294,0.9861977881013235,0.34405501950381423,0.3755128704351465,0.1501509383870238,0.7171637691409397,0,0,-0.06798440771914531,0.05186960507053612,
2022-11-03,75.79000091552734,77.29000091552734,74.36000061035156,76.41999816894531,2482400.0,0.6441292548092371,0.6953028599492269,0.31809161414038234,0.9866739146425478,0.3838919428089856,0.277868938962087,0.1601605544825475,0.7089978453592987,0,0,-0.03177914144567787,0.09221153872906487,
2022-11-04,81.05000305175781,81.19000244140625,67.52999877929688,70.72000122070312,10998600.0,0.6405169815828322,0.6906890752875882,0.16775449895806505,0.9884194434875591,0.27085371179206363,0.17816647916392675,0.209531551759359,0.6728176450270563,0,0,-0.17691709757139254,0.0238157516151814,
2022-11-07,71.12999725341797,73.33999633789062,69.79000091552734,73.26000213623047,3643400.0,0.6383194028385528,0.687216091877533,0.2774640250942926,0.9890489846437389,0.33884266228549514,0.20011443756351924,0.2553760492306839,0.6848027105708975,0,0,-0.05090495492054944,0.16600686213969126,
2022-11-08,73.54000091552734,73.91000366210938,71.5,72.9000015258789,1796800.0,0.6360989312300053,0.6836550660531517,0.26841326164015356,0.9893554385776868,0.340461418152056,0.26779933024427166,0.29110352469267414,0.6788920870409052,0,0,-0.08203660880400444,0.1273546486349414,
2022-11-09,71.62999725341797,73.70999908447266,70.77999877929688,72.63999938964844,2348400.0,0.6339517104997866,0.6801596032726834,0.26156959645435585,0.9897521709875687,0.34874404044805707,0.2881653657751958,0.3280081522784219,0.6711669599828944,0,0,-0.05624140450347766,0.1541838855678755,
2022-11-10,75.5999984741211,77.05000305175781,75.0999984741211,76.36000061035156,1974700.0,0.6332283393016244,0.6775370700828359,0.41103743131412807,0.9901274499986261,0.3441381897284196,0.4063829408407319,0.3248657388207082,0.6776627905064228,0,0,-0.11109581171023845,0.10008265877679715,
2022-11-11,77.18000030517578,77.30999755859375,75.41999816894531,76.69999694824219,1261300.0,0.6336495414576577,0.6750081987926256,0.42323599509662313,0.9903694546914803,0.37315491657821387,0.4165150390826571,0.3193292035366995,0.6818118719057878,0,0,-0.12637508445188156,0.0745154844935255,
2022-11-14,76.37000274658203,76.88999938964844,73.41999816894531,73.5999984741211,1958000.0,0.6316213573343045,0.6720035248807575,0.32954458820071675,0.9907102667381273,0.3319790663783214,0.37209357176016833,0.3274291256952913,0.6753709764963239,0,0,-0.11525429359860948,0.08474576608374908,
2022-11-15,75.51000213623047,77.62000274658203,72.87000274658203,74.27999877929688,2670300.0,0.6291857053762944,0.6692592309355478,0.35584617871932367,0.9911850171171446,0.3130958893606599,0.3872304868655499,0.32713352339623575,0.684155002549384,0,0,-0.10842396090184006,0.10000001036602539,
2022-11-16,73.51000213623047,74.25,72.43000030517578,74.01000213623047,1534000.0,0.6266172824900423,0.6660410080068397,0.34763370308845365,0.9914551688565849,0.33304387485157894,0.3600195887082785,0.3299156170468926,0.6791088669221532,0,0,-0.08050623930005131,0.12600970334103395,
2022-11-17,72.62999725341797,73.31999969482422,71.19000244140625,71.8499984741211,3724500.0,0.6234078978268485,0.6625043337618641,0.28463489731922353,0.9920645967995727,0.3162594704053132,0.33421535135686736,0.34097155592611733,0.6668570206746821,0,0,-0.06890958420367978,0.13835975135246245,
2022-11-18,73.41999816894531,73.83999633789062,65.05000305175781,66.20999908447266,15283500.0,0.6173096111354119,0.6574634496373783,0.1594556352783003,0.9940666929635287,0.07680164448867055,0.26762001116065104,0.3825780761755074,0.6165815227224132,0,0,-0.11649262762618154,0.13152407485492734,
2022-11-21,66.45999908447266,68.37000274658203,66.13999938964844,66.94000244140625,5230700.0,0.6119438506920687,0.652158439699082,0.19015764152799203,0.994770953726406,0.039950719590570005,0.2709186166451188,0.4212127021213697,0.6337880557246007,1,1,-0.021295817130520263,0.24784781587404967,
2022-11-22,66.68000030517578,67.69000244140625,65.77999877929688,67.48999786376953,2559500.0,0.6054335168945296,0.6478612312863842,0.21377770612266656,0.9951230512853462,0.05350505666027067,0.28735823784208225,0.4586418433762514,0.6422076020987186,0,1,-0.02435012240766997,0.24185840828998537,
2022-11-23,67.66000366210938,68.73999786376953,66.8499984741211,68.58000183105469,1749600.0,0.6009055849847681,0.6434272773005492,0.2606959624307412,0.9953743590096107,0.1316115354518264,0.3243995890733463,0.4804352410219817,0.6479629599171038,0,1,-0.03867240617817062,0.2253667145637561,
2022-11-25,68.56999969482422,69.1500015258789,68.16000366210938,68.45999908447266,660800.0,0.5964783760890495,0.6390008164381854,0.25761061615061,0.9954687821052786,0.14901945672495137,0.3452060191944297,0.49561041499916797,0.6457892399546045,0,1,-0.051326867149082904,0.20851564114835622,
2022-11-28,68.55000305175781,70.0199966430664,68.25,68.69000244140625,2725100.0,0.5912728587096622,0.6354903688399419,0.2684013632817347,0.9958614847061953,0.1017595983287159,0.36141525080687364,0.49890161155951324,0.6547535321304626,0,1,-0.05112474505997812,0.2091732381876722,
2022-11-29,69.08999633789062,71.11000061035156,69.08999633789062,70.20999908447266,2977100.0,0.586969262199294,0.6323489479257696,0.33864961955441486,0.9963156839962206,0.10356300792267792,0.3922936588092013,0.4888710382075781,0.6645467853089688,0,1,-0.05881486595635218,0.20061152888218323,
2022-11-30,70.25,73.06999969482422,70.19999694824219,72.76000213623047,2976100.0,0.5839155413286103,0.629707682641828,0.4421021099802188,0.9968121999852426,0.17558964350728293,0.4435241960784625,0.4581278789272118,0.6743367489596868,0,0,-0.07406348121420495,0.17974651632452474,
2022-12-01,73.27999877929688,75.01000213623047,73.04000091552734,73.55000305175781,1990900.0,0.5824367545110475,0.6282090922476294,0.4713486599050567,0.9971529463252993,0.18642138325995702,0.49941027825799655,0.41107332149482095,0.6808858698333854,0,0,-0.11311153773923514,0.13180323922104262,
2022-12-02,72.95999908447266,74.1500015258789,72.47000122070312,73.91999816894531,1548000.0,0.5812921811568518,0.6275422185503774,0.4852684276150593,0.9974209561040075,0.1887784609471725,0.494883649983462,0.3725017708068851,0.6859780588496521,0,0,-0.10754582874930008,0.13473831748362558,
2022-12-05,73.22000122070312,74.56999969482422,73.05999755859375,73.87999725341797,7506400.0,0.5827389200602155,0.6272818385837187,0.4835580917232598,0.9987166786787571,0.3210943953052445,0.5024923209876099,0.3325948339194315,0.6612855474596621,0,0,-0.1105248697419155,0.13054656067257572,
2022-12-06,73.87000274658203,73.94999694824219,70.41999816894531,70.91000366210938,2941800.0,0.5816630218058636,0.626744220194467,0.3674775038481495,0.9991741498829239,0.20714951886176766,0.4448732062635966,0.31861043523829996,0.6516084146120824,0,0,-0.1193827831986847,0.12181917074426564,
2022-12-07,70.69999694824219,71.44999694824219,69.91999816894531,71.13999938964844,2190100.0,0.5808572411864809,0.6260155307296212,0.3778154462986396,0.9995172456185148,0.22772212058199356,0.4218123438742868,0.3095800387207572,0.6588128094212076,0,0,-0.07967837547163234,0.17162607770168348,
2022-12-08,71.0,71.83000183105469,70.08999633789062,71.47000122070312,1670900.0,0.5803215816950279,0.6248353916516901,0.3932987454381375,0.9997819291688517,0.23476314211975396,0.4317543216933898,0.2968973411719206,0.6643092814026546,0,0,-0.08363785492396236,0.14843966332856523,
2022-12-09,71.16000366210938,73.18000030517578,71.16000366210938,71.7699966430664,1151600.0,0.578220143200385,0.6241816305632206,0.40790742489370235,0.9999662053883271,0.21375427884604123,0.4641263828405611,0.2702653377724676,0.6680975016036448,0,0,-0.08549042263877342,0.14551551306636537,
2022-12-12,71.73999786376953,72.54499816894531,71.69999694824219,72.5,205944.0,0.5762972613625204,0.6235185041422877,0.443816417744783,1.0,0.20840466840961613,0.47965658802154604,0.24553562033011844,0.6687749601144755,0,0,-0.09321436707435082,0.13682597400222835,
