Date,Open,High,Low,Close,Volume,MA20,MA50,RSI,VWAP,CMF,CCI,ADX,OBV,V_Pattern,Outcome,LR,HR,CR
2010-03-16,32.275001525878906,32.3849983215332,32.040000915527344,32.31999969482422,1753800.0,0.0,0.0,0.7769893890972057,0.0,0.48726511226624725,0.69688892865852,0.31345909598481925,0.0654374354575047,0,0,,,
2010-03-17,32.29499816894531,33.040000915527344,32.2599983215332,32.95000076293945,2411400.0,0.0006921223488030315,0.00036540303989043843,0.8562370967003451,0.0007161838476693605,0.48618198595510975,0.7537995595718787,0.34838194564954716,0.07135803548235188,0,0,-0.007889766578766536,0.023050827772790397,0.10287749982472694
2010-03-18,32.8650016784668,32.8650016784668,32.25,32.369998931884766,2941200.0,0.0011371785366932896,0.0006480730480696029,0.7133935886936557,0.0013539503075193915,0.44807429914267627,0.6905697079090304,0.38025007101556063,0.06413664177202572,0,0,-0.02503795884179079,0.0053110541125503535,0.07040970079228771
2010-03-19,32.46500015258789,32.689998626708984,32.34000015258789,32.46500015258789,3130000.0,0.0015517751673418123,0.0008783457850985721,0.7265901171299948,0.0020405634291807973,0.4263123257635429,0.6714892115782278,0.4098419017125733,0.07182158747898916,0,0,-0.013129417704179115,0.01776338529233227,0.09808462594458542
2010-03-22,32.19499969482422,32.79499816894531,32.04499816894531,32.7400016784668,1978600.0,0.0021288264279763214,0.0011272336778127279,0.7640952778036922,0.0025233207001649216,0.4537506564687419,0.6589412303487696,0.41995486943491633,0.07667955347764663,0,0,-0.00477433477801846,0.026028067664609796,0.06283692918340333
2010-03-23,32.790000915527344,33.04499816894531,32.55500030517578,33.025001525878906,1203800.0,0.002907252899824242,0.0014236927876106753,0.8004420273990108,0.0028504925614738497,0.4730164139337535,0.6868681891729543,0.43503553770859915,0.0796351885070532,0,0,-0.022907756919672895,0.007788553461977409,0.028863764397597698
2010-03-24,32.810001373291016,32.95500183105469,32.5,32.71500015258789,1808800.0,0.0034707660056537692,0.0016822325254575443,0.7240749301422147,0.0032689447420926054,0.4615261376545913,0.6493825311684603,0.44584513458931607,0.07519412467486296,0,0,-0.023315682730863388,0.007115723990811922,-0.013171880490304952
2010-03-25,32.904998779296875,33.029998779296875,32.33000183105469,32.345001220703125,2106600.0,0.004085045900932477,0.0019483561376946457,0.6413053103983061,0.003656895417710193,0.4140767735468518,0.618977520392596,0.4460302037067436,0.07002188613611242,0,0,-0.026440405310562298,0.004279363869645679,-0.030872636919529652
2010-03-26,32.470001220703125,33.17499923706055,32.43000030517578,33.03499984741211,2666800.0,0.0048516261645586145,0.0022654981109200556,0.738511583459612,0.00433662225696263,0.4219426349514186,0.6547214717249642,0.4501960038722851,0.07656955808861406,0,0,-0.013294181139203363,0.021796196931542316,0.03323533491023992
2010-03-29,33.150001525878906,33.314998626708984,32.73500061035156,32.880001068115234,1808000.0,0.005423600294373915,0.0024702616674548428,0.7050409549448653,0.0047543092696890055,0.38782164032387745,0.6589413643407374,0.45782060335467345,0.07213045845979939,0,0,-0.03360074513330193,0.004994614850679457,0.001967568548787998
2010-03-30,32.94499969482422,33.20000076293945,32.64500045776367,33.025001525878906,1194600.0,0.006007420632410887,0.0027460376508250672,0.7249411835913258,0.005044043348525706,0.38435189688139854,0.6463150932803059,0.4592684184716431,0.07506350515038678,0,0,-0.027524292880102143,0.011253008511717025,0.026611921276624134
2010-03-31,32.90999984741211,33.08000183105469,32.619998931884766,32.70000076293945,2279200.0,0.0064237098551774285,0.00282670192279319,0.6533526672593535,0.005506213553780004,0.3769647609047929,0.6127476823026745,0.4589985406635241,0.06946748973335448,0,0,-0.026343645471235508,0.0122633992606938,0.014534429070660087
2010-04-01,32.98500061035156,33.26499938964844,32.98500061035156,33.25,1493000.0,0.007031220673053645,0.003059042893564845,0.7306667667239034,0.0058891899338913145,0.3962030707708309,0.6650171294557851,0.46451248984552596,0.07313318428303385,0,0,-0.02889907256195646,0.010091682221959613,-0.013455731839154168
2010-04-05,33.314998626708984,33.560001373291016,33.09000015258789,33.459999084472656,1357600.0,0.007645499922797588,0.003598184405848165,0.7572484349050026,0.0062615702519772665,0.40899332121888055,0.6906222572122842,0.4778200069845292,0.07646643741139601,0,0,-0.03834579582501175,0.007368503656602444,-0.007669090328359962
2010-04-06,33.439998626708984,33.92499923706055,33.41999816894531,33.79999923706055,2106400.0,0.008330853194198157,0.004127673809998594,0.7979917961009125,0.006902085151667792,0.4147850793334485,0.731294947723111,0.49865877496018207,0.08163818489930265,0,0,-0.04184093692433241,0.014494937944473237,-0.01867902023613729
2010-04-07,33.630001068115234,34.185001373291016,33.595001220703125,33.724998474121094,2508400.0,0.009095740865706331,0.004566846308047545,0.7798373955607608,0.0076254890552994725,0.4061319132204611,0.7326715331555816,0.523183982290055,0.07547942521516621,0,0,-0.04704142569460504,0.0164201277427025,-0.042899431824530244
2010-04-08,33.6150016784668,34.0,33.435001373291016,33.96500015258789,2974200.0,0.009811554339883344,0.005115639928463811,0.8093739304443689,0.008528631350336768,0.41688929081498516,0.7092970351481291,0.5352160037769905,0.08278184231473511,0,0,-0.04670128492809366,0.016901400166455412,-0.08406230155938271
2010-04-09,34.029998779296875,34.34000015258789,33.91999816894531,34.34000015258789,2988400.0,0.010723666539989296,0.005747855904172122,0.852008063665911,0.00951708470542878,0.4336346895566771,0.7479108176178577,0.5535921263443757,0.09011912402422059,0,0,-0.05858966155835296,0.009127082935325579,-0.07905194917944991
2010-04-12,34.39500045776367,34.51499938964844,34.279998779296875,34.44499969482422,2705200.0,0.011524090899558415,0.006429022007126084,0.8634107193255124,0.010411834187562974,0.44607982872935903,0.7374620246144694,0.5739891930817845,0.09676107773875015,0,0,-0.06857890308014031,0.0034944359741280436,-0.10570766022089464
2010-04-13,34.41999816894531,34.73500061035156,34.099998474121094,34.665000915527344,2158200.0,0.012343131190286488,0.007163274967811301,0.8870683518831516,0.011152741153923174,0.45577884837432614,0.7142282459338759,0.5968630364935548,0.10206000739522571,0,0,-0.06909558062140417,0.009145084749516865,-0.09609515424356706
2010-04-14,34.665000915527344,34.779998779296875,34.3650016784668,34.755001068115234,3643000.0,0.01316724796629909,0.007852024945155495,0.8966733143594608,0.012396091037944257,0.4821755910473493,0.7007581149818668,0.6188926840775251,0.11100449851678092,0,0,-0.07572479246132646,0.0033174054733118657,-0.10774557945211419
2010-04-15,34.875,35.0,34.10499954223633,34.8650016784668,4095400.0,0.013815372603055487,0.008526986346881343,0.9086347894353312,0.013779666804652146,0.49474161391870247,0.6790310395990046,0.6214448782178781,0.1210597466472276,0,0,-0.08157096812963495,0.003596604694530621,-0.06704076419068986
2010-04-16,34.875,35.119998931884766,34.31999969482422,34.58000183105469,3434200.0,0.014563339517661672,0.00921297876690197,0.8202480117354752,0.014806579715795354,0.502137107497311,0.6620953733896613,0.6266773701391858,0.1126279126066992,0,0,-0.08131360814543137,0.007027073572065279,-0.08145704907112974
2010-04-19,34.55500030517578,35.150001525878906,34.404998779296875,35.099998474121094,3292000.0,0.015455144485560124,0.010072709396315327,0.8828095305732188,0.015910969763125005,0.548954493256269,0.6683899884000395,0.632265225633404,0.12071060949721794,0,0,-0.07272988017570993,0.017206512122529216,-0.09499709871218122
2010-04-20,35.185001373291016,35.38999938964844,34.93000030517578,35.20500183105469,2302200.0,0.016289414232141697,0.010904862874491994,0.8942591567682067,0.016683355017759638,0.5334756218841769,0.6826028254064542,0.6431047696392136,0.1263630957612982,0,0,-0.08960115653801101,0.0058403995803180744,-0.08034187514006243
2010-04-21,35.040000915527344,35.34000015258789,34.82500076293945,35.244998931884766,1928400.0,0.017040763748844917,0.011788034450656792,0.8987706772625842,0.017323707378065212,0.5348684358994666,0.6624659722605071,0.6454896630609949,0.13109780799813792,0,0,-0.08521516386781351,0.009941725775237897,-0.08691950615357609
2010-04-22,35.0099983215332,35.13999938964844,34.68000030517578,35.125,3663800.0,0.01785641885533701,0.012552622645902622,0.8589688456589762,0.01846984306406574,0.578933630292229,0.6348157503096086,0.6373705695361777,0.12210224758881759,0,0,-0.08426720090829735,0.010781701791213912,-0.11675409245215934
2010-04-23,35.119998931884766,35.63999938964844,34.880001068115234,35.6349983215332,2715000.0,0.018969905621121608,0.013346856489128034,0.9192167162651338,0.019411057310383506,0.6376444731982016,0.6642242414256895,0.6429698035438316,0.12876826279469802,0,0,-0.08768677626640348,0.014804283495051156,-0.1383629523986598
2010-04-26,35.625,35.904998779296875,35.345001220703125,35.36000061035156,1917200.0,0.019756793116955246,0.014070078431518473,0.8336255524129222,0.02001687511538397,0.5941449799957892,0.6685142313882033,0.6537972515884812,0.12406104940511645,0,0,-0.10060331846027742,0.007857409638986283,-0.12796407129860607
2010-04-27,35.404998779296875,35.4900016784668,34.45000076293945,34.47999954223633,2991200.0,0.02029830639845931,0.014662996125113847,0.6172246014281771,0.020722164783373187,0.5702054154618093,0.5847087220466938,0.6167960723640261,0.11671689298381643,0,0,-0.09516396509293146,0.014140271249136407,-0.1258483817528017
2010-04-28,34.654998779296875,35.04999923706055,34.41999816894531,34.959999084472656,2571800.0,0.020953198821548696,0.015249019530900104,0.6897089024711309,0.021414349632709162,0.5876570111365123,0.5796398004986305,0.5811716437095594,0.12303131578546773,0,0,-0.07569607439102308,0.03625290071331963,-0.0868619191312934
2010-04-29,35.23500061035156,35.654998779296875,35.029998779296875,35.619998931884766,2589800.0,0.02194146088306098,0.015899160549712188,0.7722195582024959,0.0222336214537745,0.6349969624667356,0.6565436478425601,0.5650182256832077,0.12938993316306963,0,0,-0.09124721181194415,0.019164707851576847,-0.08137875558374144
2010-04-30,35.720001220703125,36.119998931884766,35.18000030517578,35.185001373291016,3234000.0,0.022596354597219842,0.016468637559556354,0.6841583443787376,0.02311776021973888,0.578323663614305,0.6609222660785665,0.5603801675355974,0.12144964101728056,0,0,-0.10317246383935691,0.011229582346325902,-0.10345315788295648
2010-05-03,35.40999984741211,35.689998626708984,35.19499969482422,35.63999938964844,2912800.0,0.023334167250187554,0.017075344091770306,0.7392604186269781,0.02399704037877326,0.5976348837178582,0.6546617210828669,0.5560733992556735,0.12860130550777357,0,0,-0.09563738943097426,0.020179026765979255,-0.07446351654468346
2010-05-04,35.209999084472656,35.3849983215332,33.915000915527344,34.23500061035156,4034800.0,0.023481391778785304,0.017516585349562408,0.5170304607050511,0.024739250763376464,0.5558512498939457,0.47216667540908447,0.5069838433544845,0.11869484578302722,0,0,-0.08080800512736422,0.02553310502234231,-0.054433183499785716
2010-05-05,33.96500015258789,34.1150016784668,33.459999084472656,33.73500061035156,4428000.0,0.023484776963021287,0.017931627840279296,0.45705846733327204,0.025356244851448384,0.5645186199323889,0.33463756958718616,0.4730198449791141,0.10782298009918244,0,0,-0.04775809237283414,0.0629472394005237,-0.02585068806061619
2010-05-06,33.314998626708984,33.67499923706055,30.44499969482422,32.375,4844400.0,0.02294664757468373,0.0181143293602245,0.3270110370770638,0.02551450689969481,0.5437525796959147,0.13362975194724375,0.4862535928799603,0.09592874655834739,0,0,-0.08507481487947886,0.08314807334893211,0.00044473704088505045
2010-05-07,32.32500076293945,33.0,31.674999237060547,31.895000457763672,4615800.0,0.022119146905504677,0.018302546257816993,0.28988394590351463,0.02549756307324713,0.46783943729089195,0.22347374413415033,0.4985420730736032,0.08459578413208482,0,0,-0.05806953106147442,0.11722002066240347,0.033359012088260136
2010-05-10,33.40999984741211,33.6150016784668,32.875,33.54499816894531,3064200.0,0.021814544877740205,0.018685184754230116,0.49178553523077173,0.025851596594278714,0.48522987110645427,0.3916024122475481,0.49426522416262364,0.09211917411140666,0,0,-0.09296128264723601,0.08496626573375722,-0.020065821616649424
2010-05-11,33.130001068115234,33.61000061035156,32.95000076293945,33.21500015258789,2847800.0,0.02132379774015053,0.01896440761850471,0.4622776826481001,0.02610581670516554,0.4571807979634073,0.4044379537548277,0.4902938644595711,0.08512710114517967,0,0,-0.08004178029071077,0.08913394028852736,-0.017290262713194338
2010-05-12,33.404998779296875,33.84000015258789,33.189998626708984,33.81999969482422,1788400.0,0.021007350149699067,0.019311885089290964,0.52514638044537,0.026339202645981996,0.43810336666808836,0.451125555046899,0.48062107136267385,0.08951807779129259,0,0,-0.08911633511589892,0.0817401818490239,-0.0556976807352793
2010-05-13,33.65999984741211,33.974998474121094,33.31999969482422,33.38999938964844,1790800.0,0.020508141342588965,0.01957662979136618,0.484382824384353,0.026515438328350127,0.38473925768960127,0.45568803608048714,0.4680758048613013,0.08512120853505292,0,0,-0.09506209880539743,0.07273799842313813,-0.06460672636483711
2010-05-14,33.04999923706055,33.150001525878906,32.27000045776367,32.54499816894531,1971000.0,0.019819402241417622,0.019726927317007592,0.4113822275887832,0.026590283899632028,0.3905259925174677,0.39917282200379883,0.47092546233445765,0.08028190246846348,0,0,-0.07801735818671293,0.0919436882582268,-0.04806827108639929
2010-05-17,32.70500183105469,33.44499969482422,32.40999984741211,33.060001373291016,4324600.0,0.01912897313026729,0.01992203876540946,0.4675806898632996,0.026903459748174763,0.3687348466295355,0.4362486051888135,0.46582019358600313,0.09089989486601432,0,0,-0.0694423801930639,0.10493154994516775,-0.06775240298396198
2010-05-18,33.33000183105469,34.029998779296875,32.79499816894531,32.814998626708984,3955000.0,0.01832008581010819,0.020065442003241785,0.4458734093160248,0.027115380405298595,0.3152534005258931,0.46198187993019524,0.4466905714464111,0.08118936442798223,0,0,-0.08726563872926046,0.08439192331928035,-0.09452515963515075
2010-05-19,32.724998474121094,32.724998474121094,31.645000457763672,32.18000030517578,5182600.0,0.017282748905730005,0.020164031844314034,0.391997528713822,0.027165372701930757,0.29943758896640255,0.39953238970391636,0.4446442285602097,0.06846476391012002,0,0,-0.0694803862475595,0.10345880237216869,-0.06704247897789581
2010-05-20,31.575000762939453,31.600000381469727,30.780000686645508,30.780000686645508,6254800.0,0.015812200730613762,0.020016491875996162,0.29357472997827816,0.026655466123548632,0.17840882497036972,0.3412150421404553,0.4522357221185186,0.053107639818134406,0,0,-0.0351150111062456,0.14123673479935617,-0.04008703863560443
2010-05-21,30.125,31.45499992370605,30.05500030517578,31.34499931335449,5256000.0,0.014360267195587029,0.019975125360140483,0.35904136465268266,0.02643344352940058,0.20029957986435504,0.35318386444947236,0.466169150084334,0.06601245599570625,0,0,-0.0022741940631141526,0.19476929168769677,0.005035759687710398
2010-05-24,31.229999542236328,31.26499938964844,30.76000022888184,30.76499938964844,4361200.0,0.012805106844009206,0.019793802487356987,0.32010232706268515,0.026096930595226553,0.1695367396739812,0.36892930864408063,0.4791073331954484,0.055304601293722555,0,0,-0.03748601891211209,0.15600572648808644,0.009730429473827946
2010-05-25,29.774999618530277,31.1200008392334,29.5049991607666,31.11000061035156,3893000.0,0.011664543768614671,0.0196372999974872,0.36041122191998,0.025888119568335366,0.2528522462207568,0.3687481893968412,0.5016783757244658,0.06486290597014704,0,1,-0.008776221781903334,0.20624083989058692,0.07638551692155834
2010-05-26,31.415000915527344,31.415000915527344,30.729999542236328,30.93000030517578,6440800.0,0.010300606303216026,0.01944563595599011,0.34725595138949983,0.025484595911598684,0.1963775985967632,0.4115802775568748,0.5153541316535329,0.049049104593338694,0,0,-0.06139510502372691,0.15123747746864005,0.028768898752958204
2010-05-27,31.6299991607666,32.54499816894531,31.36000061035156,32.54499816894531,3790600.0,0.009259884214601805,0.019389791014934876,0.5174605926303416,0.025620712751922792,0.21501837647941774,0.48925591269819485,0.5031101422759944,0.05835599123768874,0,0,-0.06870352340877299,0.14516649617901278,0.00840608555824461
2010-05-28,32.44499969482422,32.525001525878906,31.94499969482422,32.03499984741211,4156400.0,0.008193778408495639,0.019343598708013027,0.47500337668469494,0.025641234628586917,0.2191833063613859,0.49847613761848,0.49174072356828014,0.04815097259985396,0,0,-0.09033647870544323,0.11292055442692449,0.006759908836407674
2010-06-01,31.674999237060547,32.095001220703125,31.270000457763672,31.270000457763672,3088200.0,0.006714769209393678,0.019178822757171976,0.41593034802635553,0.02551839608772677,0.1515078454900888,0.4591040907603112,0.4888496767766055,0.040568656519264654,0,0,-0.0677384138170753,0.1387544784141243,0.018261248236588156
2010-06-02,31.440000534057617,32.380001068115234,31.40999984741211,32.3650016784668,3390200.0,0.0060818753195602815,0.019127114809602608,0.5175844711979766,0.025600412585187415,0.22107057683802378,0.5092626825599593,0.47991270556091814,0.048892459374136055,0,0,-0.06188043955754392,0.1496641614747788,0.02750235658501279
2010-06-03,32.400001525878906,32.58000183105469,31.725000381469727,31.979999542236328,3477000.0,0.005487902010954282,0.01898302172218902,0.48661394649140444,0.025606355702002537,0.21240341545614877,0.5202885908487981,0.46719405956560567,0.04035554045301404,0,0,-0.08944854673183653,0.11493889118136094,-0.03615022162724027
2010-06-04,31.09499931335449,31.530000686645508,30.799999237060547,30.895000457763672,3646400.0,0.004987001902795635,0.018732065858732355,0.4068369051847004,0.025389432716450444,0.16686337796540832,0.4248111775142199,0.46653061346632263,0.031402701467112604,0,0,-0.04971857959184636,0.15712944623072012,-0.0006253455503844899
2010-06-07,30.895000457763672,31.225000381469727,30.229999542236328,30.26000022888184,5146000.0,0.004433642413069844,0.018444569533486554,0.3652573272536873,0.024910369825184797,0.14494887339931484,0.3962746704077466,0.47192679583521124,0.018767963253683247,0,0,-0.044991140197499946,0.16912116513039546,0.046123942901656625
2010-06-08,30.280000686645508,31.15999984741211,30.13999938964844,31.065000534057617,5420400.0,0.0035942968267385356,0.018172930543602167,0.44244216729056696,0.02466004720395365,0.16903376214305588,0.428726211053508,0.4778716503448669,0.03207642322493713,0,0,-0.025611418374650287,0.1929939921039801,0.07005951167211
2010-06-09,31.325000762939453,31.625,30.790000915527344,30.95499992370605,5447400.0,0.0028294085096955968,0.017907496254945865,0.4344477230433562,0.02438451032168365,0.1348543232508975,0.46621815132368727,0.4721299301162951,0.018701671389757365,0,0,-0.05858688462527216,0.15435371274783635,0.05391917618749719
2010-06-10,31.440000534057617,31.84499931335449,31.32999992370605,31.65999984741211,4759200.0,0.0020983649341303756,0.01771927909435317,0.5005301292890111,0.024328568689661823,0.1306235766616198,0.5193034958300325,0.46160702342505544,0.030386717271092965,0,0,-0.06251013981780523,0.1511871558508097,0.07704733434857314
2010-06-11,31.38999938964844,32.46500015258789,31.38999938964844,32.38999938964844,4592000.0,0.0017599188104229502,0.01767653366833566,0.5631047776081072,0.024451055664003074,0.19763286907753963,0.5807551242030758,0.4379430834237569,0.04166124464693198,0,0,-0.059538857800592176,0.1493998599189177,0.08559693927775455
2010-06-14,32.65999984741211,32.80500030517578,32.0099983215332,32.03499984741211,4095000.0,0.0015873118554027565,0.017508999897170863,0.5320113018520262,0.024482559559986683,0.15889356235757854,0.6085132501117825,0.4088674783363968,0.031606978618173104,0,0,-0.09740663001228146,0.09354735524525006,0.053720336871104925
2010-06-15,32.3849983215332,32.79999923706055,32.279998779296875,32.790000915527344,2147800.0,0.0014959312470734232,0.017416615283327108,0.5953822501482845,0.02458192738559628,0.17087092187495592,0.6544987163890369,0.38186870218384816,0.0368803736307661,0,0,-0.08990164427921035,0.09364757341312582,0.06352426586874178
2010-06-16,34.25,34.25,33.150001525878906,33.27000045776367,5963200.0,0.0016499248530736366,0.017343534885749246,0.632971469081873,0.02499580813417024,0.1604274794506496,0.7600155699412992,0.3593488476239609,0.05152154559235217,0,0,-0.14470877422227993,0.0,0.004879531654308164
2010-06-17,33.45500183105469,33.470001220703125,32.349998474121094,33.08000183105469,4454200.0,0.001954526880838109,0.017254597678810296,0.6137909177079687,0.025253872235151187,0.17793423685028645,0.6756654157435765,0.32393860622868687,0.040585352247957104,0,0,-0.11872565722692495,0.02389534589741182,0.038473061667727834
2010-06-18,33.06999969482422,33.64500045776367,33.06999969482422,33.33000183105469,3486800.0,0.002817564883612872,0.017167039119033,0.6347211865020054,0.025494454539660483,0.2519706598061543,0.6929467289310649,0.29403213347491064,0.04914633266042999,0,0,-0.10776905491918332,0.03567110761366483,0.07527211428777023
2010-06-21,33.85499954223633,34.13999938964844,33.20000076293945,33.404998779296875,2292400.0,0.003514763717700431,0.01703811378039985,0.6412077982320471,0.025658549547270537,0.18041888526124666,0.6956410006445968,0.27449651343337433,0.05477475743315938,0,0,-0.13051305558035356,0.011851198201724568,0.034653426818018467
2010-06-22,33.47999954223633,33.6349983215332,32.75,32.77000045776367,2697400.0,0.004193348557233245,0.01680715171979008,0.5700995613948427,0.025765706362576912,0.20166683559727572,0.6343850648426338,0.24788875657829992,0.04815195470154175,0,0,-0.11899417831840418,0.023050456096435735,0.058673825957071664
2010-06-23,32.79499816894531,32.90999984741211,32.15999984741211,32.54999923706055,2912000.0,0.004680710510586938,0.01651551866405862,0.5465042264173947,0.02584872376710079,0.1550502328847484,0.5768981624920302,0.2276668212572047,0.041002254414424316,0,0,-0.1003966726341398,0.04440042144430233,0.07110167221565228
2010-06-24,32.30500030517578,32.33000183105469,31.5,31.55500030517578,3025400.0,0.004892239337904086,0.01607427740626652,0.44927573081967853,0.025789508404648442,0.155741671891554,0.48877820786777765,0.2192524720545029,0.03357412829881819,0,0,-0.08602154255110317,0.05975421629533235,0.07588329580944655
2010-06-25,31.604999542236328,31.850000381469727,31.184999465942383,31.475000381469727,5231000.0,0.004530102734357444,0.01560683738139923,0.44201279735649057,0.025669595072946194,0.09998629704172188,0.46166521914778325,0.2160753080829695,0.020730693476733272,0,0,-0.06655047888322396,0.08382191196904624,0.10394545230788275
2010-06-28,31.61000061035156,31.7450008392334,31.19499969482422,31.44499969482422,1937400.0,0.004330419469727287,0.015174558645159014,0.43912446939861305,0.025623287575536002,0.13362487419707442,0.4632736186683876,0.2131250843951171,0.015973883951918264,0,0,-0.06687852022471252,0.0838760717284276,0.0972199371408194
2010-06-29,30.88999938964844,30.88999938964844,30.315000534057617,30.5,3489200.0,0.004069815799544241,0.014540274698708194,0.3542423707589498,0.025387598399932876,0.156683929650142,0.382775520978726,0.22295386579984391,0.007407010929318632,0,0,-0.0440451659190128,0.10685325625570313,0.08379717480691154
2010-06-30,30.4950008392334,31.01499938964844,30.114999771118164,30.20499992370605,2363800.0,0.003338771578444255,0.013850835134782968,0.33045012909616434,0.025198083640292634,0.09196141520238621,0.3923086485922601,0.23469314251779613,0.0016032810053185718,1,0,-0.03245907142514088,0.12311472658251153,0.09606552124023438
2010-07-01,30.104999542236328,30.665000915527344,29.84499931335449,30.524999618530277,4767200.0,0.002846332494271353,0.013200004529389825,0.37502923564315815,0.02489254151600595,0.14875654947924943,0.4008743804392926,0.24912734548606172,0.013307968920409988,0,0,-0.019864273563491158,0.13722895110853867,0.10097663448980146
2010-07-02,30.604999542236328,30.84000015258789,29.959999084472656,30.28499984741211,2318000.0,0.002639880152238705,0.012532627265054413,0.3536484912293819,0.02472137161519372,0.17490726358994665,0.4095011415543577,0.257928833562286,0.00761668963966198,0,0,-0.036036048983337864,0.11941033589893857,0.08681413788684263
2010-07-06,30.625,30.934999465942383,29.975000381469727,30.280000686645508,3102200.0,0.002646649229641196,0.011794238099883975,0.3531866417512416,0.024494718314676867,0.22122830932078072,0.4140442808322447,0.2635289602735642,0.0,0,0,-0.03698203219007458,0.11969621985353124,0.10714871877940771
2010-07-07,30.209999084472656,31.53499984741211,30.155000686645508,31.53499984741211,3177600.0,0.0028057186753911723,0.011266816929476287,0.5214855784392214,0.024444517196719695,0.20581004526719,0.46721808005221926,0.2532135627713772,0.007801815807810556,0,0,-0.023282691800498644,0.13342142747404623,0.11278074102004473
2010-07-08,31.979999542236328,32.29999923706055,31.674999237060547,32.125,3471600.0,0.003201700665950241,0.010942091081860644,0.5855043238463317,0.024481376152680867,0.2661021855373106,0.5428291034698225,0.22672926974581034,0.01632547635614739,0,0,-0.06770256030481783,0.07198352524964281,0.025844256561043444
2010-07-09,32.064998626708984,32.540000915527344,31.96999931335449,32.310001373291016,2169400.0,0.003421691162787871,0.010576688567970699,0.6047716481596093,0.024521786698277648,0.2545826725731491,0.5602729875644344,0.20396143613879233,0.021651904859881096,0,0,-0.06910503699157963,0.0680156069506931,0.019766603462427042
2010-07-12,32.21500015258789,32.23500061035156,31.604999542236328,31.88999938964844,3350800.0,0.0032524681009341305,0.010062366912600706,0.5532407703042412,0.024521813380932622,0.20118838555227178,0.5303027323174938,0.18371455059084016,0.0134248390212571,1,0,-0.07335192629216529,0.06298358901013038,0.008975577319754381
2010-07-13,32.165000915527344,32.79999923706055,32.1150016784668,32.665000915527344,3411600.0,0.0034656895203692695,0.009714889441814423,0.634802077839459,0.02463651856920479,0.27501262209641786,0.581151553071764,0.16799824003788463,0.021801184316425304,0,0,-0.07275013002746976,0.0653809697202268,-0.001881510644070197
2010-07-14,32.5099983215332,32.83000183105469,31.875,32.2599983215332,4191400.0,0.0032863121968770836,0.009248828327109021,0.5848219875631459,0.02470198679219915,0.23903815479070556,0.5657271978743152,0.1482159235978455,0.011510231780908826,1,0,-0.08158576254353951,0.053268073770041904,0.0018368703997952104
2010-07-15,32.255001068115234,32.61000061035156,31.799999237060547,32.29999923706055,2884800.0,0.0029580190437386578,0.008982015128290888,0.5891919732721561,0.024751208159167093,0.30579161641334907,0.5664668346088857,0.1281920809826432,0.018593149153256477,0,0,-0.0747055759501418,0.061841259630603426,0.012554209558856135
2010-07-16,32.15999984741211,32.2400016784668,31.13500022888184,31.229999542236328,3378600.0,0.0023318929402382227,0.008636605891247318,0.46705759472240505,0.024655074735687954,0.25390437445855085,0.507917066457943,0.12251113455937843,0.010297827247331016,0,0,-0.07167184485259749,0.06470588860540452,0.04303403784770287
2010-07-19,31.40999984741211,31.56999969482422,30.78499984741211,31.075000762939453,3382400.0,0.0015686965697785382,0.008457351778206917,0.45127358328487444,0.024538355379455812,0.24703006264684496,0.4779552448804236,0.123787544097989,0.001993175375371542,0,0,-0.05011208956122686,0.09093820666718214,0.04258731509925114
2010-07-20,30.73500061035156,32.369998931884766,30.73500061035156,32.31999969482422,5586000.0,0.0012014828354126594,0.00851595401358543,0.5908042681871964,0.024637686046787066,0.3287633728175741,0.5577097797613395,0.10664446772428646,0.015708225445370837,0,0,-0.02864042719698016,0.11311341281897846,0.07015286409182292
2010-07-21,32.56999969482422,32.755001068115234,32.1150016784668,32.400001525878906,4139000.0,0.0010762581311404007,0.00835807287655399,0.5987569184182441,0.02472323367737783,0.35530533470749887,0.6368197660602225,0.09528945604712882,0.025870522659786715,0,0,-0.08431313141089282,0.0519802079529357,0.04672036356709134
2010-07-22,32.720001220703125,33.400001525878906,32.505001068115234,33.0,3025800.0,0.001228559145022623,0.008328426965574204,0.6568945498959103,0.024858734488408696,0.3578646576506754,0.6944089016052041,0.0965575912368137,0.03329963087708064,0,0,-0.0887346225910601,0.04722218232226985,0.05370363524149034
2010-07-23,32.9900016784668,33.86000061035156,32.90999984741211,33.82500076293945,2546200.0,0.0019968320007668072,0.008329116552155263,0.7269575324488157,0.025056428500074168,0.4201694692297262,0.7247804768883277,0.1053038166278393,0.03955119917071333,0,0,-0.09530310197310025,0.03818176731918797,0.06060606060606061
2010-07-26,33.92499923706055,34.119998931884766,33.665000915527344,34.099998474121094,3289800.0,0.0028852524299640137,0.008427016806646509,0.748455991857199,0.025344894469005896,0.46604689213499717,0.7309141508845661,0.11752117853952435,0.047628494501949226,0,0,-0.12062083759585107,0.009608300239731022,0.006356249748365319
2010-07-27,34.415000915527344,34.76499938964844,34.25,34.400001525878906,5074200.0,0.0038853613452327906,0.00868279925017007,0.7716972489297258,0.025842096373142387,0.4417628970771227,0.7390521918799553,0.1382919282871187,0.06008694546242012,0,0,-0.13401764828937118,0.010263885330866272,0.003958895236774131
2010-07-28,34.19499969482422,34.59000015258789,34.19499969482422,34.41999816894531,2459800.0,0.005212069530452529,0.008870326298181297,0.7732886906067793,0.02608105967841956,0.46159903625592313,0.7091871397254662,0.15609094387314557,0.06612637979148998,0,0,-0.1264534938522387,0.01656975783548764,0.013372065815944858
2010-07-29,34.59000015258789,34.880001068115234,33.91999816894531,34.40999984741211,2655600.0,0.006635235454820809,0.009090257603496521,0.7716499562720002,0.02633510430524688,0.4859352238513013,0.6903228867415737,0.17685439908291903,0.0596062066862465,0,0,-0.13785592944959754,0.008425361154986658,0.023096984637918493
2010-07-30,33.95000076293945,34.85499954223633,33.92499923706055,34.73500061035156,2573200.0,0.008060093971307136,0.009442561128349236,0.7999568847489696,0.026611153104025176,0.4705534222718615,0.6764415615125833,0.19613475034913722,0.06592406684380507,0,0,-0.11929675872677144,0.02702703601568671,0.05434463644804124
2010-08-02,35.05500030517578,35.63999938964844,34.994998931884766,35.560001373291016,2544600.0,0.00984539779029156,0.010101665194713588,0.8635521950807036,0.026962722878285827,0.5020524515330789,0.7092280516846392,0.22497648690759856,0.0721717067306866,0,0,-0.1499928285669479,0.01684177556335835,0.017705422569828672
2010-08-03,35.209999084472656,35.494998931884766,34.939998626708984,35.0099983215332,2498200.0,0.011446247154964562,0.010607024065531517,0.7712171304503713,0.027250990791809704,0.4928371938929128,0.6725594669690846,0.24999061025196948,0.0660379906395888,0,0,-0.15087175376623577,0.012092246585197065,0.017013484782673293
2010-08-04,35.13999938964844,35.46500015258789,35.095001220703125,35.439998626708984,2105800.0,0.012767878854899772,0.011251649706696315,0.8059360428038115,0.02752643322678494,0.47587775586260955,0.6659375873099149,0.273218010500314,0.07120826497496377,0,0,-0.1512425115723931,0.014281634503606092,0.027849252658166387
2010-08-05,35.27000045776367,35.42499923706055,34.79499816894531,35.125,3070600.0,0.013783217226022021,0.01180526938117904,0.754515303503587,0.02788664493304427,0.4586070421697028,0.6388242113020208,0.2843791827389024,0.06366916136863726,0,0,-0.15307565899059283,0.010440150852768934,0.021303642702351452
2010-08-06,34.689998626708984,35.04499816894531,34.26499938964844,34.775001525878906,2674000.0,0.014617486972603566,0.012335448371910473,0.6994087324580831,0.028160918117187683,0.46365997754290766,0.6050988394673157,0.2780277292754212,0.05710381158575539,0,0,-0.13793592351187176,0.027046285065891903,0.046690482685998666
2010-08-09,34.904998779296875,35.08000183105469,34.69499969482422,34.8849983215332,1675200.0,0.01563113275160785,0.012658105985783402,0.710511699900895,0.028338145551232707,0.46737790954017366,0.6095631016797917,0.2728455957942485,0.061216853454223494,0,0,-0.14550680787682582,0.021135890096355244,0.034220054326113324
2010-08-10,34.6150016784668,34.904998779296875,34.314998626708984,34.66999816894531,2237400.0,0.016309716300071136,0.01302144026593069,0.675147892541357,0.028554759722664413,0.44722450614600506,0.5877295543939614,0.25655116519672205,0.055723467663565354,0,0,-0.1367350607601424,0.02938219178726312,0.0408484823168516
2010-08-11,33.96500015258789,33.96500015258789,33.36000061035156,33.525001525878906,2288600.0,0.016737851731059405,0.013332377537927959,0.5151569210858126,0.028675879153927553,0.44437001612189897,0.5164079794675331,0.2389051343710993,0.05010437285686997,0,0,-0.11883475791249906,0.048312642789836685,0.05076430385017074
2010-08-12,32.904998779296875,33.505001068115234,32.880001068115234,33.42499923706055,1860400.0,0.017118603620230266,0.013478538333083823,0.5030198062855062,0.028766528964187854,0.4532155644226769,0.486157829824364,0.23219756924489712,0.04553661790695471,0,0,-0.09127514770074761,0.08158092426156453,0.10604027273292069
2010-08-13,33.25,33.48500061035156,33.1349983215332,33.154998779296875,1444000.0,0.017770112150153172,0.013640556463601072,0.46991724568974824,0.028821873082629734,0.4722044889192045,0.4734070595239272,0.2259691159134237,0.04199123081402971,0,0,-0.09842934900891481,0.071503349115966,0.09394164431773296
2010-08-16,32.91999816894531,33.38999938964844,32.724998474121094,33.255001068115234,1467000.0,0.018507924803120884,0.013965971897797774,0.48468680473123726,0.028883210820212724,0.4941439317059328,0.44437301631311893,0.2282604308401002,0.04559308875400267,0,0,-0.0888251514373315,0.08203894799723496,0.11008902609756974
2010-08-17,33.665000915527344,34.125,33.63999938964844,33.869998931884766,2266600.0,0.019032516036653485,0.014463746894225443,0.5704725902300102,0.029028808579330212,0.4271107424359608,0.5007860873103613,0.21045485077130735,0.05115816796786955,0,0,-0.10554804138157765,0.059389517687152164,0.08374679771345298
2010-08-18,33.86000061035156,33.86000061035156,33.349998474121094,33.625,2233400.0,0.019447112021767243,0.014816739742658985,0.5360565303111207,0.02915080138014159,0.4349612977943563,0.4596203017216591,0.1999966771087651,0.04567460319408932,0,0,-0.09226454380127454,0.05255384810836849,0.07499264823230392
2010-08-19,33.43000030517578,33.494998931884766,32.52000045776367,32.79499816894531,2400800.0,0.019377729946693872,0.01507045316343919,0.4325520089630792,0.029207691170812122,0.4178606797577693,0.3808957545665804,0.20553115440888967,0.0397800288639686,0,0,-0.0801486898088988,0.06572487983561803,0.09263934167344332
2010-08-20,32.5,32.77000045776367,32.36000061035156,32.70000076293945,2054600.0,0.01899697805752304,0.015213856664271691,0.42173705844252296,0.029248814795742373,0.4052878305763627,0.3608317176992975,0.2133141197392371,0.034735463544630876,0,0,-0.05381916414679902,0.09574628952477908,0.11038265388020861
2010-08-23,32.90999984741211,33.084999084472656,32.474998474121094,32.505001068115234,1228200.0,0.018457157368136967,0.015229713999633188,0.39906670317523163,0.02926451794068219,0.35392432470852153,0.3899236282881592,0.2117376177941516,0.03171992031226905,0,0,-0.06651373658454424,0.08348622258536377,0.12507645434746573
2010-08-24,32.15999984741211,32.35499954223633,32.01499938964844,32.10499954223633,2658400.0,0.0176804228428723,0.015239366107766106,0.3542937117478959,0.029259749930143353,0.36476867332354396,0.3651552811983215,0.21841355607408455,0.025192872495211027,0,0,-0.043839384409630394,0.10706043463723879,0.16059071063447902
2010-08-25,31.959999084472656,32.70000076293945,31.559999465942383,32.56999969482422,3270000.0,0.017054298030441395,0.015209030610205232,0.43239118324722137,0.029308632140772284,0.3920476444466696,0.39388548394456313,0.2319364907048013,0.03322155379290127,0,0,-0.03815600347570564,0.11462390149965548,0.16555061570438584
2010-08-26,32.76499938964844,33.220001220703125,32.584999084472656,32.65999984741211,2476000.0,0.016462017313953387,0.015124918931332304,0.4470514582976396,0.02935319380017032,0.36771051746987327,0.44858354076925544,0.22994011092607589,0.039300763240326664,0,0,-0.062327258161426105,0.088271416240046,0.14860301498120762
2010-08-27,32.875,33.55500030517578,32.48500061035156,33.54999923706055,2107600.0,0.01606095819257511,0.015189725867938986,0.5768074178277065,0.02945761494529031,0.3699454267056596,0.4844004734483866,0.21943447016709308,0.04447545703329668,0,0,-0.06552355785813051,0.08466011642885934,0.14161053342339414
2010-08-30,33.36000061035156,33.45000076293945,32.73500061035156,32.7400016784668,2098400.0,0.015106540227005721,0.015108372009389776,0.4727826620200656,0.029500403718065726,0.3201513363891359,0.47063377792434447,0.20967923231946614,0.03932335157914585,0,0,-0.07824143247968642,0.0679582363977614,0.13084946317373042
2010-08-31,32.619998931884766,33.064998626708984,32.46500015258789,32.915000915527344,2737400.0,0.014397496475765964,0.015040807252459376,0.49695704669603946,0.029572596925695027,0.36062165070744695,0.46169673851668175,0.20619462715833417,0.04604436447954258,0,0,-0.03237628013438826,0.09224191517833476,0.16799021741093456
2010-09-01,33.415000915527344,34.20000076293945,33.255001068115234,34.08000183105469,2327800.0,0.013937210832022262,0.015221440538661923,0.6356258667881968,0.02972864830918276,0.3595639069004153,0.5781022603143415,0.18768375424106662,0.05175970525164146,0,0,-0.056357326385790295,0.06759831117220086,0.14431110034571598
2010-09-02,34.20000076293945,34.46500015258789,34.119998931884766,34.459999084472656,1359600.0,0.013712143849900132,0.015484806330575224,0.6734596210247451,0.029837237828737706,0.3742422968790289,0.6473245708944868,0.1758402064472712,0.05509786888844258,0,0,-0.07746482262778004,0.04225347856046228,0.12279921753936816
2010-09-03,34.72999954223633,35.11000061035156,34.72999954223633,34.9900016784668,2408200.0,0.01378490981814004,0.015958451319670885,0.7226963389169297,0.030072677182814145,0.3750482667751171,0.7138419703350743,0.17678319431686165,0.06101061209978742,0,0,-0.09199071852913417,0.026407425176692666,0.10766103258964795
2010-09-07,34.72999954223633,34.78499984741211,34.040000915527344,34.13999938964844,2920200.0,0.01353276781747742,0.016325922330303777,0.60866789047928,0.0302691565933777,0.3486099762389521,0.6495281730190162,0.16158655097141425,0.05384077872807028,0,0,-0.09059731135265409,0.02600742508601057,0.09016858039302392
2010-09-08,34.13999938964844,34.73500061035156,34.10499954223633,34.54999923706055,2336000.0,0.013492154644132004,0.016754064073058184,0.6490126049784002,0.030457799153851606,0.3549741508964953,0.670543884897858,0.14747538215064163,0.05957625258476887,0,0,-0.07557117662071003,0.0439367318927022,0.13444640406114422
2010-09-09,34.98500061035156,34.98500061035156,34.59000015258789,34.654998779296875,1437800.0,0.013874597834351327,0.017326987963806717,0.6593093733326735,0.030578263038814724,0.355920087242015,0.6822862875645014,0.13947378400606722,0.0631064171015331,0,0,-0.09913172851058427,0.018957996925055825,0.09696088417066216
2010-09-10,34.775001525878906,35.5,34.7599983215332,35.3849983215332,3419800.0,0.014537951926961223,0.018041246858644805,0.7269874487944509,0.03094750663332868,0.3680827650490051,0.7019321808380609,0.1418993828120325,0.07150289548130102,0,0,-0.09277166853796535,0.024960262422120953,0.099264139312683
2010-09-13,35.744998931884766,35.95500183105469,35.70000076293945,35.81999969482422,3012000.0,0.015439911156498148,0.018771363088844417,0.7632328948999628,0.0313133019788413,0.38185845396391405,0.7241019096921775,0.15202676347422991,0.07889812119036617,0,0,-0.11827044409934707,0.005934800314576435,0.08252090213794468
2010-09-14,35.61000061035156,35.80500030517578,35.474998474121094,35.66999816894531,2658200.0,0.01625725756403873,0.01951388898450046,0.7402993410726423,0.03161918222793747,0.37700591541541684,0.6842710161884629,0.1553095893146574,0.07237156442415203,0,0,-0.1130653595453375,0.009631524948141628,0.08486881466854412
2010-09-15,35.55500030517578,35.94499969482422,35.14500045776367,35.814998626708984,2342400.0,0.0169155351713641,0.0202770980065842,0.7533393797466741,0.03189762982681543,0.39823613208743447,0.6634709277371801,0.14962660208442055,0.0781227519078553,0,0,-0.11199890788644586,0.011213948595802058,0.07933832805243171
2010-09-16,35.6349983215332,36.15499877929688,35.55500030517578,36.1150016784668,2992000.0,0.01775826658746618,0.020908624658711683,0.7802716475033096,0.03227981614960118,0.4284683940684061,0.6657477449870477,0.14856164509731276,0.08546887253253088,0,0,-0.11377911522665522,0.014519069599402117,0.07441019175524756
2010-09-17,36.14500045776367,36.3650016784668,35.84000015258789,36.025001525878906,2492000.0,0.018851448703182283,0.02144638752383335,0.7643235036899961,0.032587408065209544,0.4323542806841229,0.6599034577150067,0.15175569072125913,0.07935037901759386,0,0,-0.12695558019467154,0.006091685185613559,0.0610549055483534
2010-09-20,36.18999862670898,36.46500015258789,36.0,36.33000183105469,2693600.0,0.02008000849373967,0.022000696784897134,0.7932357613935387,0.032943945586905055,0.42956054636214425,0.6608935073511688,0.1567382460121222,0.08596385178317748,0,0,-0.1285218310800234,0.007633629819040073,0.059541994917690626
2010-09-21,36.21500015258789,36.369998931884766,35.814998626708984,36.095001220703125,3479200.0,0.021295030129492076,0.022580515489455277,0.7490418844683834,0.033372288329789446,0.44379889496592706,0.6391292464896096,0.15558269856578302,0.07742153130277261,0,0,-0.12813103363695508,0.006881364916043064,0.07170380982501325
2010-09-22,36.03499984741211,36.45500183105469,36.03499984741211,36.040000915527344,2888600.0,0.022626816091065788,0.02304588701757962,0.738507828639121,0.03371856549473029,0.4241835631196935,0.6358692832077438,0.15645554916574042,0.07032928396439095,0,0,-0.12397839673442056,0.011913015393642503,0.08062057761458148
2010-09-23,35.80500030517578,36.15999984741211,35.55500030517578,35.724998474121094,2097200.0,0.02369461319822047,0.02352366847416068,0.6783046808695296,0.03394610909534812,0.3811365300495103,0.6034171372465663,0.14234626642630946,0.0651801248153035,0,0,-0.11778581385674987,0.018312980872532594,0.1043284746397787
2010-09-24,36.255001068115234,36.59000015258789,36.03499984741211,36.459999084472656,1983000.0,0.024980708210094738,0.024097281951490274,0.7617423451197337,0.03420710149557593,0.4179607283602099,0.637556073338863,0.1397329500506245,0.07004889393252667,0,0,-0.13142062428844814,0.009377161617384727,0.10020988577370393
2010-09-27,36.46500015258789,36.59999847412109,36.290000915527344,36.38999938964844,1337800.0,0.02594189525306656,0.02480878328900485,0.7482155824832669,0.034379076059921854,0.38591940492091703,0.6357082296101338,0.13754467294484687,0.06676425483771015,0,0,-0.13453101507987741,0.0037026419342585286,0.08447608594891905
2010-09-28,36.525001525878906,36.65999984741211,35.81999969482422,36.56999969482422,2593600.0,0.027238143235509854,0.0255664769334413,0.7681389778403134,0.034725205533412185,0.4372692966414958,0.6237624722858691,0.12107898091088728,0.07313220218134606,0,0,-0.13643864092366204,0.00370976432529441,0.07158558906097016
2010-09-29,36.380001068115234,36.75,36.26499938964844,36.45000076293945,2728800.0,0.028434550231172778,0.026135953943285523,0.7427433012536927,0.035075369711285,0.4120656913916987,0.6356948748364207,0.10827048107762138,0.06643230446723683,0,0,-0.13180206842755401,0.010117553595088815,0.07191679724816061
2010-09-30,36.75,36.994998931884766,36.165000915527344,36.400001525878906,3623200.0,0.029219745134888453,0.026687505384025506,0.7317695939259413,0.03552925067477941,0.37070298355525255,0.6367939628553376,0.10309228732084555,0.05753642737922726,0,0,-0.14238684294719003,0.00672150690690433,0.06323731843428082
2010-10-01,36.75,36.75,36.34000015258789,36.54499816894531,1215200.0,0.02992540499296173,0.02717631759590111,0.7509738625497838,0.035685786094144634,0.3541960615184154,0.6357051356393071,0.09828396454669652,0.06052005230673589,0,0,-0.14258242627731046,0.006730739604793188,0.04505492639835373
2010-10-04,36.380001068115234,36.53499984741211,36.04999923706055,36.119998931884766,2593800.0,0.03030784818318108,0.02749276998254549,0.6559960177069002,0.03598267046461234,0.32003266502976924,0.58699280428949,0.08394616472394298,0.05415161391225609,1,0,-0.13189223816321666,0.016828509907879416,0.056095206998876414
2010-10-05,36.46500015258789,37.17499923706055,36.380001068115234,37.0,2816600.0,0.03127580430355539,0.027892644987482146,0.7695805100455816,0.03638024387768368,0.3664559818944176,0.6783942406694227,0.08841553679717987,0.061067082946835397,0,0,-0.13579736521851446,0.019656675123705714,0.03668330016947522
2010-10-06,36.880001068115234,37.47999954223633,36.880001068115234,37.380001068115234,2480000.0,0.03223360745336076,0.028303550747713374,0.8095559042867838,0.036756678036064194,0.37507443032135457,0.7441253567620119,0.09979810270298708,0.0671561134111387,0,0,-0.14378382708575274,0.01621617497624578,0.03135134722735431
2010-10-07,37.5,37.5,36.959999084472656,37.275001525878906,1865400.0,0.033120337227044244,0.028697221051421973,0.7865584349668467,0.037031533858808086,0.3910228177345645,0.7346191347757094,0.11084007764654932,0.06257608219012605,0,0,-0.13469769137344711,0.0,0.0341091891237657
2010-10-08,37.255001068115234,37.72499847412109,37.22999954223633,37.60499954223633,1529400.0,0.03387168803481694,0.029137772722633015,0.8219366772277036,0.037271320015564546,0.37140499862386733,0.7603267132851947,0.12646675712282293,0.06633114799339437,0,0,-0.12850437879128698,0.012608917149997895,0.03849758550908355
2010-10-11,37.685001373291016,37.79499816894531,37.3650016784668,37.5,1533200.0,0.034440277625930965,0.02951903257188443,0.7974421163777273,0.03750540359101384,0.36648761572270205,0.7278691900033711,0.14264421009435765,0.06256675222409203,0,0,-0.13881136243174907,0.0029250577580981797,0.02632622991146717
2010-10-12,37.310001373291016,37.82500076293945,37.130001068115234,37.75,2126800.0,0.03514424618295575,0.02982100679632943,0.8254357458521556,0.03784456681257553,0.38129773180989707,0.7001613170142709,0.14770109469397705,0.06778858689807601,0,0,-0.12920003255208334,0.013733317057291666,0.017333272298177084
2010-10-13,37.92499923706055,38.310001373291016,37.92499923706055,38.119998931884766,2148800.0,0.0359243646013869,0.03024983812566484,0.8639932360986095,0.03820930543519718,0.361877170754153,0.7397094576321506,0.16442588241282505,0.07306443716488849,0,0,-0.12370856076676325,0.010198732085575332,0.025695396574917217
2010-10-14,38.095001220703125,38.275001525878906,37.935001373291016,38.165000915527344,2981400.0,0.03661817889677321,0.030625582860269285,0.8685720775837326,0.03871503926629283,0.34261135717338276,0.705955332933134,0.17995604243746963,0.08038453209483763,0,0,-0.10637461749202862,0.005640088106299965,0.018887655461176413
2010-10-15,38.52000045776367,38.66999816894531,37.915000915527344,38.3849983215332,3054200.0,0.03741691066422437,0.031075097053032158,0.8911331062323368,0.03924835104796143,0.3611676376071139,0.7008682776844132,0.2033079377816713,0.08788336953196471,0,0,-0.11738502383773429,0.003930242567362664,0.009956794418957601
2010-10-18,38.42499923706055,38.53499984741211,38.19499969482422,38.43999862670898,1964200.0,0.0381310309007486,0.03158045566084988,0.8967980137292723,0.039591696378172614,0.3578786306421271,0.6834693273032114,0.2249918406012872,0.0927059798698617,0,0,-0.11423729355937755,0.006382674028862109,0.014458781540819747
2010-10-19,37.90499877929688,38.39500045776367,37.630001068115234,37.8849983215332,2606600.0,0.038736848480972086,0.03199411924140483,0.7473660190055225,0.0399998509631907,0.3466223327070275,0.6263596721805466,0.2202424737281182,0.08630611422137259,0,0,-0.09885534268516412,0.019901129473945702,0.05267954209737881
2010-10-20,37.96500015258789,38.97499847412109,37.70000076293945,38.72999954223633,2528000.0,0.03964726808896002,0.03255394414311613,0.8449203859610538,0.04045688816599491,0.40134056148630926,0.6662426792877435,0.23008010945219007,0.0925129968882108,0,0,-0.08908539394290288,0.02665958469791273,0.05622281014869617
2010-10-21,38.244998931884766,38.685001373291016,37.97499847412109,38.334999084472656,3338400.0,0.04053061267840746,0.03321718441396565,0.7566045741719127,0.041014824129580685,0.4134142439970207,0.6411582355300878,0.23921505691025688,0.08431637620190832,0,0,-0.08998194297810552,0.018848426306853752,0.05564168911605692
2010-10-22,38.68999862670898,38.68999862670898,38.125,38.21500015258789,2204600.0,0.04112458598701346,0.033877667390491945,0.7308223502505562,0.041371926280612925,0.3814522124388518,0.6325781328126631,0.24781979959299358,0.07890352274964901,0,0,-0.09247419469435135,0.007434455568502849,0.033520278547041635
2010-10-25,38.45000076293945,39.0,38.310001373291016,38.665000915527344,2346600.0,0.04189455143487564,0.034637429794671576,0.7847174349108698,0.041780671736569075,0.38823816797851673,0.6570824382545646,0.2632726833962752,0.08466502230107407,0,0,-0.08648437241866579,0.014392234328521946,0.04644766987032007
2010-10-26,38.35499954223633,38.84000015258789,38.130001068115234,38.650001525878906,2527200.0,0.042598519991900397,0.03538133486348968,0.7812561057686364,0.042216188107531694,0.37744516014493107,0.6331350520559427,0.26921012849075177,0.07846010383761144,0,0,-0.08302079421866931,0.01668176496808638,0.040475846105062475
2010-10-27,38.150001525878906,38.43999862670898,37.91999816894531,38.3849983215332,2008200.0,0.04325341241498981,0.0360038984680649,0.7196843844274735,0.04254389999664543,0.40533285938772473,0.5924621710592834,0.2652898267160193,0.07352946231405746,0,0,-0.06714103798846136,0.021992197685993874,0.048512287864841484
2010-10-28,38.61000061035156,38.79999923706055,38.04999923706055,38.29999923706055,1880200.0,0.04389645927539221,0.03664852410922964,0.7001484189003061,0.04284403625174671,0.4171456354691169,0.6030487843558654,0.2713829295686271,0.06891309333059653,0,0,-0.07958839230851257,0.010160203378976202,0.04793539750021789
2010-10-29,38.1349983215332,38.58000183105469,38.04999923706055,38.34999847412109,2045000.0,0.04450735463196964,0.037414491214637385,0.7078259036878808,0.043171384028855786,0.4205226599813674,0.590502870816838,0.27704081078890563,0.07393408820942729,0,0,-0.06736287383162444,0.02258490067095845,0.0546997718651629
2010-11-01,38.560001373291016,38.93000030517578,38.125,38.334999084472656,2872600.0,0.045257012847624345,0.038191489075339646,0.703946446966773,0.043626246859654105,0.42641450310063533,0.6086327540969486,0.2911819636431934,0.06688112493855726,0,0,-0.07835726695381841,0.011473237137307822,0.05488916886546424
2010-11-02,38.64500045776367,39.06999969482422,38.64500045776367,38.81999969482422,1939800.0,0.04587298468948625,0.03906225072304778,0.7784822133636105,0.0439584740866783,0.4024215762107542,0.6799104281985038,0.3076122921659058,0.07164382707349902,0,0,-0.08060519698406554,0.011086454863975465,0.06273637242034015
2010-11-03,38.845001220703125,39.11000061035156,38.45000076293945,38.94499969482422,2382400.0,0.04640265240830338,0.04000540370775321,0.7959095603115168,0.04437230519343527,0.396643119293109,0.6738635753730065,0.3128663786388691,0.07749322472598134,0,0,-0.08475015304974337,0.006826362486648068,0.04855740176073535
2010-11-04,39.345001220703125,39.70500183105469,39.26499938964844,39.56499862670898,2351600.0,0.047177693050380554,0.04096992914246719,0.8719101647547775,0.044819916268486915,0.403447323115554,0.8220051436030757,0.33165961098370644,0.08326700054850379,0,0,-0.09051230077034454,0.0092438211111196,0.0426242100505838
2010-11-05,39.52999877929688,39.91999816894531,39.33000183105469,39.834999084472656,2547800.0,0.04793242775131973,0.041959274434094446,0.9000048113186795,0.04532090098658759,0.41627348615175197,0.8092547393934517,0.3533799702511108,0.08952249724888764,0,0,-0.09376972610250946,0.009857181933153289,0.04170356585745057
2010-11-08,39.47999954223633,39.685001373291016,39.33000183105469,39.54499816894531,2147400.0,0.04862454945458805,0.04278591200862339,0.8191569440915282,0.04572205630551718,0.42907862450121775,0.7297550222176319,0.37354887528512914,0.08425008433798244,0,0,-0.09187899915978023,0.01104552872653365,0.04418230643104251
2010-11-09,39.59999847412109,39.709999084472656,38.970001220703125,39.130001068115234,1739400.0,0.049091605466803745,0.043667015351045474,0.7152181967499954,0.0460242644719423,0.3958821000043222,0.6574821982456083,0.3738681864667487,0.0799794151486239,0,0,-0.0897711316585255,0.008092039692532383,0.043494785695902476
2010-11-10,39.06499862670898,39.165000915527344,38.560001373291016,39.0099983215332,2944800.0,0.04939282231033221,0.04450744150119276,0.6869889339981985,0.04652199332125373,0.4134866017841215,0.5798994008695664,0.3561902607110392,0.07274918252310762,0,0,-0.07705083841935231,0.02185023048550399,0.05967295771613426
2010-11-11,38.685001373291016,39.2400016784668,38.56999969482422,39.05500030517578,2187600.0,0.049694039153860725,0.04519343339521295,0.6942617446352188,0.04689152772162708,0.41257720440988166,0.580710621816033,0.34203058633450445,0.07812029665363582,0,0,-0.06754684054359389,0.0316584683104841,0.07241725377575349
2010-11-12,38.55500030517578,38.900001525878906,38.20000076293945,38.38999938964844,2021400.0,0.04969573174597869,0.045735332727820016,0.5473836506070537,0.04719258874848964,0.3916658792492499,0.4872019290654488,0.3139973389263355,0.07315724577438472,0,0,-0.06414034178827693,0.03495065556531654,0.08628853938168207
2010-11-15,38.45500183105469,38.935001373291016,38.36000061035156,38.43000030517578,2300400.0,0.049692347852812235,0.0462096667774963,0.5550506253924641,0.04753546785139162,0.35907137003016304,0.5006087995752512,0.28918122614649644,0.07880531258086994,0,0,-0.0540505547259519,0.03816088463615995,0.09507678481927337
2010-11-16,38.14500045776367,38.18999862670898,37.5099983215332,37.790000915527344,3088400.0,0.04966019634898727,0.04671295767757175,0.438470028291873,0.04793632335835907,0.3631211554809227,0.35113298111679303,0.2790396942539699,0.07122250544943674,0,0,-0.03291697578982497,0.0461878141318303,0.09836062319228714
2010-11-17,37.84000015258789,38.31999969482422,37.67499923706055,38.040000915527344,2257600.0,0.049426668988414135,0.04719418654105753,0.48932486414849874,0.04824271120412671,0.34738019258451003,0.39887427438695344,0.26473964785150994,0.07676548737532833,0,0,-0.023286611452651623,0.05504096231717163,0.11100819246343432
2010-11-18,38.560001373291016,39.0099983215332,38.5,38.775001525878906,1978000.0,0.04957558610912993,0.0477622849037401,0.6165624338194055,0.048549993308513506,0.3487323665866664,0.5404703817732571,0.2429650658090667,0.0816219802214541,0,0,-0.037592015529949084,0.0357517550715717,0.09950051935637916
2010-11-19,38.70500183105469,38.869998931884766,38.45500183105469,38.68999862670898,1889600.0,0.04973634750146316,0.04821800432373155,0.6003802136267885,0.048837303580247515,0.37064659806363953,0.5187826265735542,0.2212745360787016,0.07698253184833011,0,0,-0.04061897359019518,0.031334527145788035,0.07762729085966105
2010-11-22,38.46500015258789,38.77999877929688,38.005001068115234,38.67499923706055,1493400.0,0.049739731394629616,0.048611674101439656,0.5973760734831735,0.049062558367727105,0.38340905002466086,0.4831058698806931,0.20396602821420992,0.07331585519696295,0,0,-0.03450501762362593,0.03760656676149347,0.0900749737412953
2010-11-23,38.150001525878906,38.209999084472656,37.67499923706055,37.959999084472656,1723200.0,0.049506202742987004,0.04892743742750347,0.468174070248473,0.04928703480157359,0.3701318128744133,0.3892958030456878,0.19695002368353773,0.06908496112595994,0,0,-0.01654824090422777,0.04576591281145512,0.09437615470419994
2010-11-24,38.20500183105469,38.90999984741211,38.20500183105469,38.89500045776367,1523200.0,0.04967881098907673,0.04935213228935345,0.6181496868141233,0.04952384148999256,0.36856887441262637,0.5222964773388116,0.17700143998564835,0.07282480435306751,0,0,-0.018308838943196182,0.04517904054934858,0.07784504972673059
2010-11-26,38.48500061035156,39.0,38.435001373291016,38.81499862670898,1231600.0,0.04985311053621494,0.0497244290910526,0.6043354083652807,0.049711782487963374,0.38171983978008583,0.5347748364063788,0.16094496813086814,0.06980091325635948,0,0,-0.02506754794558032,0.036894139136263104,0.07211724571701057
2010-11-29,38.5,38.97499847412109,38.10499954223633,38.900001525878906,2555600.0,0.05003925693710959,0.050120856689084475,0.6170599702517844,0.0501054698885286,0.4047876131321802,0.511899274363292,0.14285800736809764,0.07607556093965526,0,0,-0.02550564764893659,0.03658374904509717,0.06479452476182343
2010-11-30,38.5099983215332,39.25,38.375,38.97999954223633,4179800.0,0.050257554841829255,0.050486259202974476,0.6294817576503198,0.050751884468522857,0.44197424953122366,0.5531521466819626,0.12747430477635094,0.0863380325262258,0,0,-0.025706939865663823,0.03624678128801826,0.07699235550388227
2010-12-01,39.560001373291016,39.97499847412109,39.494998931884766,39.93000030517578,2322600.0,0.05063323024571559,0.051015059020543846,0.755528486047002,0.05116758450886083,0.4698499811684445,0.7206857206998543,0.13128554292904307,0.0920406059763834,0,0,-0.05259115125274836,0.010646411126311218,0.04386862761811494
2010-12-02,39.8849983215332,40.14500045776367,39.7599983215332,40.095001220703125,2519000.0,0.0510224438044069,0.051574194335674034,0.7739289936517209,0.051626402017274864,0.47827145815282046,0.718279719198375,0.13855188994568382,0.09822539135524631,0,0,-0.059479087950123286,0.0065114483907671526,0.04219888205391783
2010-12-03,39.90999984741211,40.494998931884766,39.84000015258789,40.400001525878906,2015800.0,0.05130504729891544,0.05221882050283924,0.8070128712991759,0.052007672155045315,0.485473139247959,0.7339193232976647,0.1526504614667604,0.10317469281086833,0,0,-0.059857873869814504,0.014590324645521919,0.042025223144798465
2010-12-06,40.21500015258789,40.25,39.88999938964844,39.97499847412109,1900000.0,0.05135242954966335,0.0527034962472295,0.7169474967457228,0.0523431575039367,0.45025754857688105,0.6929182344346674,0.1657419921649029,0.09850970979386175,0,0,-0.06695548833882971,0.006930662592116909,0.0292079272427728
2010-12-07,40.3849983215332,40.494998931884766,40.15999984741211,40.22499847412109,2397600.0,0.05158257301706992,0.05323229606479882,0.7471222970833911,0.052779875134041365,0.42624050805959107,0.7076506035481444,0.1830911725371143,0.10439642731048016,0,0,-0.07191995271397472,0.002751735198258342,0.007379662161427117
2010-12-08,40.20000076293945,40.400001525878906,39.79999923706055,39.91999816894531,2013600.0,0.051849944473585985,0.05369422018601841,0.6846308563377965,0.05312778556442477,0.4234779477811107,0.6570348525920262,0.1855214355764073,0.09945252741414098,0,0,-0.06687389791044675,0.007333702427238145,0.021752642217324997
2010-12-09,40.119998931884766,40.119998931884766,39.7599983215332,40.025001525878906,1771200.0,0.052193468373647356,0.05418716939137988,0.6988113236179397,0.05343705416834221,0.4159828988713255,0.6322746897666763,0.18629421470198312,0.10380127368767889,0,0,-0.06538077981130626,0.00939378800602554,0.03845190174898926
2010-12-10,40.21500015258789,40.459999084472656,40.09000015258789,40.45000076293945,1953800.0,0.05266560087114758,0.05474561511992901,0.7535543116608191,0.05379842825068448,0.42684447537252657,0.6526398391756775,0.19532270099902468,0.10859834938169333,0,0,-0.06758280394582168,0.006995596967456368,0.03935042355766326
2010-12-13,40.4900016784668,40.650001525878906,40.22999954223633,40.22999954223633,2438200.0,0.053288341790411975,0.055253732074070944,0.7058331877994999,0.054232231886209736,0.4079127937386284,0.6410572889258505,0.2080688642235071,0.10261194854376417,0,0,-0.07367128061129462,0.003955496771181825,0.04709514816727141
2010-12-14,40.34999847412109,40.79999923706055,40.2400016784668,40.665000915527344,2090200.0,0.05404476908346917,0.05588043267213197,0.7610779918738333,0.054625682163650935,0.4432066367215972,0.645511246446901,0.22329704035854972,0.10774392091331528,0,0,-0.07059408861305724,0.011185701418341238,0.04001990128439539
2010-12-15,40.57500076293945,41.29499816894531,40.57500076293945,41.04999923706055,2774600.0,0.05514810287868477,0.05643887840068115,0.8047758042741223,0.05517236367255296,0.46110302440503653,0.6695435893869929,0.24760430000697478,0.11455626927067655,0,0,-0.07537199981313472,0.01770557948594411,0.025574840578209218
2010-12-16,40.994998931884766,40.994998931884766,40.5099983215332,40.72999954223633,3519800.0,0.0560585224866727,0.056900802521900745,0.7342636558539719,0.055829970370537385,0.45329979054539593,0.6404096533567274,0.26722909142205764,0.10591426546896092,0,0,-0.08489648416863434,0.0073081423297495,0.027892825311673784
2010-12-17,40.81999969482422,41.08000183105469,40.51499938964844,41.005001068115234,4614400.0,0.05681325718761193,0.05741512417727071,0.7675454053495958,0.05671492442417281,0.49373798177156014,0.6435737322281465,0.2872270865888191,0.11724379053931623,0,0,-0.08126691408033529,0.011662128147792593,0.05364599552782233
2010-12-20,40.97499847412109,41.244998931884766,40.8849983215332,41.18000030517578,1768600.0,0.05765598860371396,0.05790807338263218,0.788132553831827,0.0570590064044576,0.5047352097685002,0.6594410235710111,0.3092513878940475,0.1215861531518835,0,0,-0.0845018915334746,0.007803918704761405,0.0390196865538555
2010-12-21,41.25,41.47499847412109,41.19499969482422,41.2400016784668,1970000.0,0.05852410373730793,0.058423774211164264,0.7953279472324725,0.057443260397895046,0.4744083005189943,0.6748525805683585,0.33432369998607037,0.12642300396425346,0,0,-0.0908208268759223,0.005463780292706975,0.037639612082900654
2010-12-22,41.3650016784668,41.42499923706055,41.1150016784668,41.31999969482422,1005800.0,0.05966128291953604,0.058916033829944675,0.8053039997244605,0.05764068215664819,0.47705548311531,0.6677186405916071,0.3532974657929019,0.12889249865820354,0,0,-0.09347728419095723,0.002667235479568952,0.037827291345826804
2010-12-23,41.29999923706055,41.5,41.220001220703125,41.400001525878906,969400.0,0.06050909082092254,0.059368306369031815,0.8156052509868518,0.05783241974584208,0.46228388181846636,0.6695676688612816,0.372574257206992,0.1312726220985647,0,0,-0.09172315933008303,0.004840289555096618,0.04223133941850793
2010-12-27,41.209999084472656,41.59999847412109,41.150001525878906,41.5099983215332,1048800.0,0.06142120302102849,0.05982954090367029,0.8300745822423764,0.058042233231201834,0.4648373131220218,0.663248441803366,0.39272298674938033,0.13384769272395233,0,0,-0.08937199581083599,0.009420274765078064,0.05205320083495796
2010-12-28,41.47499847412109,42.02999877929688,41.46500015258789,41.92499923706055,1934200.0,0.062445001770601694,0.06031766405496533,0.8807477354582925,0.05844814937485321,0.4535879824260962,0.6986569118828735,0.42017970887897615,0.138596645435265,0,0,-0.09551915954983428,0.01337028011605316,0.04264034038386111
2010-12-29,41.92499923706055,42.22999954223633,41.92499923706055,42.10499954223633,1451600.0,0.0635026459071874,0.06082302318878349,0.9007590662530184,0.05875801155921401,0.4368522174051653,0.7179344234724443,0.4492445690457041,0.14216069246025803,0,0,-0.10530711975838522,0.007274903058463729,0.0437686134255327
2010-12-30,41.97499847412109,42.13999938964844,41.790000915527344,41.92499923706055,1576800.0,0.06417784556248424,0.06138009027017097,0.8446292312433835,0.05908587872645665,0.40875018035620914,0.6808061160429248,0.467967605381684,0.13828924760698647,0,0,-0.10212562127561903,0.006056313285538574,0.05260658298703891
2010-12-31,41.93000030517578,42.29499816894531,41.845001220703125,42.03499984741211,1508600.0,0.06483443057769162,0.06183580969016242,0.8588245394018102,0.059402423357847844,0.3825005409300315,0.6771790501366264,0.48850553242305084,0.14199324412248968,0,0,-0.10149078462842118,0.008705971864321066,0.055217618815424786
2011-01-03,42.255001068115234,42.525001525878906,42.15499877929688,42.345001220703125,1862400.0,0.06549270818501701,0.06238874030406452,0.8968281669772388,0.05980603767517545,0.36523667345378263,0.6919922336314345,0.512002158007178,0.1465659095808439,0,0,-0.10895686565196112,0.006423229659659306,0.04567617880135469
2011-01-04,42.32500076293945,42.345001220703125,41.44499969482422,41.71500015258789,2342400.0,0.06608160500833848,0.06287134781471207,0.7161998319961836,0.06027318749196808,0.36605975951857983,0.6197605598796857,0.49574453727914747,0.14081472209714066,0,0,-0.10981228933358606,0.004723125686005876,0.04782141109471927
2011-01-05,41.63999938964844,42.060001373291016,41.51499938964844,41.95000076293945,2480000.0,0.06666542534637554,0.06332430941437975,0.7512073860144709,0.06077915492001129,0.4028960650318357,0.6126493315452333,0.4806481751745477,0.14690375256144395,0,0,-0.09504974560912023,0.02121544127995324,0.07395419089507696
2011-01-06,41.93000030517578,41.994998931884766,41.66999816894531,41.79999923706055,2642400.0,0.06730170442044492,0.06375865585836224,0.7121652298934696,0.0613043800307429,0.4113946612958306,0.6038036210663156,0.466630124648848,0.14041598881189757,0,0,-0.09117999269069463,0.01418358068848419,0.07485099720003954
2011-01-07,41.52999877929688,41.77000045776367,40.900001525878906,41.15999984741211,3316200.0,0.06768584020278223,0.06414129488077577,0.5669899341285399,0.061904791256778835,0.3842555129969979,0.5151856549685403,0.42572609745783563,0.13227387476926747,0,0,-0.08193778228646222,0.023803893893372105,0.04784689082546126
2011-01-10,41.040000915527344,41.43999862670898,40.55500030517578,41.290000915527344,3072400.0,0.06797013499833926,0.06455357981416918,0.5908590945101344,0.0624660836058073,0.3865400820718754,0.4758179095000918,0.3989651350511615,0.13981739783318903,0,0,-0.07130712789532605,0.036078732163672016,0.054300306575246156
2011-01-11,41.31499862670898,41.494998931884766,40.95000076293945,41.01499938964844,2391800.0,0.06823581515380678,0.0649210510878023,0.534331601683446,0.06288334439809873,0.3942535685958558,0.47517619373012343,0.37197008809925747,0.13394492079104361,0,0,-0.07120364644030254,0.029304986009697578,0.04020343450241622
2011-01-12,41.27999877929688,41.584999084472656,41.20500183105469,41.505001068115234,1643000.0,0.0685201099493638,0.06535815587810892,0.623712081960861,0.06318836787340387,0.3926129913510814,0.5183248951247857,0.34328180148602006,0.13797890347364455,0,0,-0.04352066009935437,0.030354815679852088,0.05936855807696454
2011-01-13,41.400001525878906,41.540000915527344,41.18999862670898,41.27000045776367,1326200.0,0.06859456850972168,0.06569598124076229,0.5752925932938129,0.0634258382517523,0.3725292847209827,0.4931570892326393,0.3171974007421545,0.13472274532777398,0,0,-0.039513387836184834,0.027105167354500852,0.06722074518806334
2011-01-14,41.3650016784668,41.65999984741211,41.1150016784668,41.56999969482422,1719200.0,0.0688788633052787,0.06605793687374792,0.6276798874115642,0.06374514260138409,0.39100873496550703,0.5084791886959086,0.2877468249658137,0.13894381838189906,0,0,-0.03889031594695953,0.028107580192524358,0.06069777624503833
2011-01-18,41.64500045776367,41.77999877929688,41.51499938964844,41.595001220703125,2133400.0,0.06907854656990886,0.06633784958760378,0.6320071697201958,0.06414058966064595,0.3380617253546054,0.5424115495869631,0.2593676529323514,0.1441818577337316,0,0,-0.04534525258765316,0.021169138190414785,0.05677172546733024
2011-01-19,41.619998931884766,41.70500183105469,41.05500030517578,41.39500045776367,3433200.0,0.06915131253814871,0.06655295483885251,0.5867278325228642,0.06475525907188273,0.3259146078753939,0.4758340184226066,0.24701528310961154,0.13575247894742268,1,0,-0.04471692645186851,0.021757484491758898,0.07813438885974534
2011-01-20,40.244998931884766,40.95000076293945,39.375,40.68000030517578,6078800.0,0.06896178224408755,0.06670945785472274,0.4498999021296357,0.06572371412178091,0.3925751581579157,0.255887415433983,0.2744194954944791,0.12082747959806506,0,0,-0.02101700500698017,0.05507917789058809,0.09759634909654018
2011-01-21,41.040000915527344,41.46500015258789,40.90499877929688,41.07500076293945,3565000.0,0.0688788633052787,0.06697764970070255,0.5271355031401306,0.06631838693071057,0.37100722545359693,0.4431513698853832,0.2808025456341685,0.12958046089050104,0,0,-0.04092922573836616,0.03650443950863549,0.0668632592330583
2011-01-24,41.125,41.66999816894531,41.040000915527344,41.65499877929688,3091000.0,0.06896516613725401,0.0673423631540119,0.6238954059464102,0.06687262290341034,0.40435174994065576,0.5102405188537851,0.2797526545218719,0.1371696516829049,0,0,-0.04260499007900115,0.03408402921180415,0.0800974036376841
2011-01-25,41.56499862670898,41.97999954223633,41.375,41.790000915527344,2335800.0,0.06905993192981935,0.06771948653577795,0.6444088478180126,0.06729597941723864,0.4073453022421589,0.5651097779717177,0.26863855415602367,0.1429046344887596,0,0,-0.052574689494347966,0.023046523281788304,0.059056607160257193
2011-01-26,42.0,42.720001220703125,41.86000061035156,42.39500045776367,2864200.0,0.06921900202110409,0.06827172756309899,0.7278929756308635,0.06785301216759787,0.4008947832351432,0.684085127348961,0.24154314034601823,0.149936973624186,0,0,-0.06281406897564017,0.017229030986587127,0.02931319567561748
2011-01-27,42.0,42.2599983215332,41.72999954223633,41.959999084472656,2519800.0,0.06916992717823817,0.06875847154123196,0.6417979574585362,0.06831337650788527,0.39346065712096473,0.615319092489186,0.21576305224813022,0.1437502240419475,0,0,-0.06191767830301536,0.01698316341381884,0.04127845220201024
2011-01-28,42.11000061035156,42.67499923706055,41.47499847412109,41.6150016784668,4426000.0,0.06906500970617341,0.06928589271163962,0.5798167891388317,0.06907831312951596,0.35554005534439503,0.6029353924755076,0.19962722761956117,0.1328832688665417,0,0,-0.0651811408490629,0.01453766977266913,0.04313626306211102
2011-01-31,41.71500015258789,42.5,41.66999816894531,42.13999938964844,4291800.0,0.0691005463942343,0.06985123272799801,0.6548452029551237,0.06986471934926752,0.3655861191024938,0.6402247303018731,0.1846439618930328,0.14342072892569369,0,0,-0.056229726257555256,0.024149970625503076,0.04049023922454628
2011-02-01,42.380001068115234,43.11000061035156,42.380001068115234,43.005001068115234,3185400.0,0.06932392078423844,0.07043449831346046,0.7550129146630163,0.07050743306104013,0.39332754433933087,0.7723099770397112,0.18511756094842166,0.15124169571641616,0,0,-0.07130994569623567,0.01732319774109086,0.009017495465633869
2011-02-02,42.81999969482422,42.90499877929688,42.459999084472656,42.57500076293945,1654600.0,0.0696149846571979,0.07097019294483944,0.6792409182696876,0.07082247721234014,0.39504750729650306,0.7088870390854285,0.18555733149985418,0.1471792320848693,0,0,-0.08010695522057341,0.00674342305137986,0.017672412913714575
2011-02-03,42.525001525878906,42.93999862670898,42.209999084472656,42.79999923706055,1809200.0,0.06990266334592143,0.07153898036810255,0.7048932784517592,0.07117492425585104,0.390500840932275,0.6864344028867313,0.17766081657261,0.15162127801874734,0,0,-0.07398711613461459,0.01374043626516818,0.02830294761630033
2011-02-04,42.80500030517578,43.02000045776367,42.47499847412109,42.92499923706055,1313600.0,0.0702834152350923,0.07222359361496114,0.7192317916211887,0.07143361784522362,0.407806939879848,0.6857890438639367,0.17239254568760679,0.1548464999614525,0,0,-0.08014019547471725,0.00712617548160331,0.034462581785372995
2011-02-07,43.03499984741211,43.43999862670898,42.935001373291016,43.04499816894531,3084800.0,0.07092138561021016,0.07279582791912861,0.7333318176070613,0.07204626441608286,0.40271999579289575,0.7025217781899432,0.1778299180466761,0.16242046817769556,0,0,-0.0852649950486695,0.009435032882824152,0.02352937308059849
2011-02-08,43.040000915527344,43.45000076293945,43.01499938964844,43.3650016784668,1832800.0,0.07162366157511696,0.0734232181037707,0.7701932423022261,0.07242155505363956,0.3912871454504906,0.6957733141843343,0.1831173558993692,0.16692045811115327,0,0,-0.08514347941525638,0.009524912646131846,0.02555461774684624
2011-02-09,43.14500045776367,43.32500076293945,42.82500076293945,43.244998931884766,1669000.0,0.07237839627605613,0.07402234049859421,0.7444277024722021,0.07275711990410683,0.42824966614277576,0.6602998103591994,0.1806859393485881,0.16282263881884593,0,0,-0.08693647669419306,0.00703332856844397,0.027556777322058874
2011-02-10,43.03499984741211,43.900001525878906,42.90999984741211,43.7599983215332,2082200.0,0.07314159135544634,0.07468144430195836,0.8030039424426957,0.07319850486607815,0.4350272582513922,0.6832902927007675,0.1924560180475973,0.16793496915464123,0,0,-0.08463406030318045,0.020002351713067718,0.03896407480423488
2011-02-11,43.55500030517578,44.345001220703125,43.5099983215332,44.18999862670898,2031400.0,0.07412985341695866,0.0752688463549063,0.8458380085605922,0.0736469661861916,0.45999836461139676,0.7093556098922615,0.21244497594887415,0.1729225725760871,0,0,-0.09552103440367152,0.018053038067385025,0.025936891340662866
2011-02-14,44.19499969482422,44.43000030517578,44.125,44.244998931884766,2040800.0,0.07503519653966212,0.07584108065907383,0.8511518323048081,0.07409772868009012,0.44016386043448574,0.7082879190225267,0.23264454873537052,0.17793325538719604,0,0,-0.10907444771702146,0.00531795921372863,0.02489247586118369
2011-02-15,44.130001068115234,44.43999862670898,44.0,44.17499923706055,2577000.0,0.07590838686747109,0.07636160701567188,0.8338595410058743,0.07465943357501637,0.44414195332406364,0.6829247882156173,0.24607737518420472,0.17160606526360345,0,0,-0.10746979733089303,0.0070063863956915115,0.0866764420172468
2011-02-16,44.084999084472656,44.5099983215332,44.060001373291016,44.34999847412109,2346400.0,0.07690849449167037,0.07696486640398129,0.8528439886964126,0.07517704115566337,0.4506361034091861,0.6772382935564308,0.2601066857878078,0.17736707376418462,0,0,-0.1066213733065831,0.009620809154513679,0.07968309040310233
2011-02-17,44.290000915527344,44.79999923706055,44.17499923706055,44.72499847412109,1676800.0,0.07827750844235348,0.07758536177481382,0.8911234184576534,0.07555937113295785,0.4166234261384013,0.6868698309214861,0.27942124138002666,0.18148404403940388,0,0,-0.1108230233287454,0.011499398851857799,0.07350616535951997
2011-02-18,44.96500015258789,45.16999816894531,44.560001373291016,45.06999969482422,2684600.0,0.07962960034506517,0.07829548446516674,0.9229330940423487,0.07618913785277692,0.4566959313146748,0.7007116405574966,0.3045661332685563,0.1880754195170122,0,0,-0.12498603338851746,0.004583522042511381,0.073337035018453
2011-02-22,44.369998931884766,44.56999969482422,43.47499847412109,43.52999877929688,2736800.0,0.08026418682701658,0.07877878103639482,0.6062225213155378,0.0767313854461128,0.38910648501507134,0.5930065845600354,0.2865675286421221,0.18135587976914716,0,0,-0.1108275785601655,0.017750149600121203,0.08442423631994705
2011-02-23,43.540000915527344,43.84999847412109,42.57500076293945,43.275001525878906,3479800.0,0.08076677952729322,0.07916831434661756,0.5673979648953785,0.07739546467931879,0.38251059525629394,0.524344046362828,0.26602790949742017,0.17281208613621063,0,0,-0.09568116315933008,0.03744537788025863,0.10716749474723268
2011-02-24,43.20500183105469,43.630001068115234,42.34000015258789,42.97499847412109,2596800.0,0.0809630776076874,0.0795468163755452,0.5231837172640248,0.07786976534670698,0.37326228845576764,0.49281862612690125,0.2521743466579506,0.1664362819790724,0,0,-0.08850379424629959,0.04540719280426914,0.11161173532181234
2011-02-25,43.3650016784668,43.875,43.150001525878906,43.71500015258789,2764200.0,0.08155705091629334,0.0799673742439094,0.6229783484988316,0.07841703452003113,0.3967304385112628,0.5512645903779467,0.23251521216904794,0.1732230956925511,0,0,-0.09284471949125297,0.04200108329417296,0.1001744419623638
2011-02-28,43.790000915527344,44.3650016784668,43.775001525878906,44.18999862670898,2675400.0,0.08242854865198435,0.08040034204073018,0.6779894809269931,0.07897147885744105,0.4527646240812643,0.605058238927034,0.210331816843752,0.17979188283134023,0,0,-0.10099510237027826,0.03156804869269282,0.08418163770629493
2011-03-01,44.435001373291016,44.58000183105469,43.82500076293945,43.869998931884766,3718600.0,0.08301406029106984,0.08083330983755108,0.6274126437936921,0.07970959021119184,0.4046998352574155,0.5944480546074074,0.19487644933310036,0.17066177449079253,0,0,-0.11450557887622763,0.016632650339347507,0.05532925482705109
2011-03-02,43.70500183105469,44.34000015258789,43.70000076293945,44.005001068115234,3117200.0,0.08335250641477726,0.08124697341810608,0.6439775511394625,0.08033241416402448,0.3745020107082919,0.5778480773764529,0.1770253994981056,0.17831529294374668,0,0,-0.09870075077452617,0.03339403632457953,0.055390849091459436
2011-03-03,44.45500183105469,44.90999984741211,44.44499969482422,44.869998931884766,2083600.0,0.0841292396489724,0.08175577943282855,0.7389606306056037,0.08078581245937533,0.40606714606187644,0.6652449785377376,0.17389133862155973,0.18343106063544926,0,0,-0.11544146591864332,0.016248070004222563,0.04067712890312958
2011-03-04,44.744998931884766,44.90499877929688,43.95000076293945,44.28499984741211,2217600.0,0.08463183234924909,0.08217564771461164,0.6463932830486082,0.08123728276168896,0.3838478390713013,0.6087633529428323,0.15716820780364524,0.17798628887833673,0,0,-0.08558057151766872,0.009471790665868304,0.03521287873113661
2011-03-07,44.46500015258789,44.81999969482422,43.43000030517578,43.7599983215332,2910000.0,0.0849144345526881,0.08251209390410288,0.5725425660058715,0.08179251027853152,0.35404066897533354,0.5444465151992054,0.143157286340703,0.17084149909965826,0,0,-0.07733994013462087,0.015919566868839448,0.027774631285410422
2011-03-08,43.93000030517578,44.57500076293945,43.595001220703125,44.415000915527344,1613400.0,0.08537810667173729,0.0829278257184006,0.6464156806294384,0.0821217652835936,0.38939447087830115,0.5717222302477308,0.13014714498225669,0.1748028062573627,0,0,-0.0583866636923185,0.028336332525848367,0.06032905600796972
2011-03-09,44.255001068115234,44.40499877929688,43.68000030517578,44.025001525878906,1723600.0,0.08560148106174137,0.08327461412860623,0.5929091951120647,0.08245740433444815,0.3743936088016294,0.535799381466644,0.11806629943512789,0.1705709300846719,0,0,-0.06259152396014626,0.02060108256150453,0.0678824569965145
2011-03-10,43.60499954223633,43.650001525878906,43.0,43.22499847412109,2717200.0,0.08559471198433893,0.08345386824164666,0.49543503719638393,0.08293637615509442,0.3497495700361851,0.37417149751473516,0.12296664637592128,0.1638995133195086,0,0,-0.048381623947546665,0.03554795167443758,0.08438387334079088
2011-03-11,43.01499938964844,44.0,42.97499847412109,43.75,2404800.0,0.08559132809117243,0.08368069383477103,0.5576880291857,0.08338504152667114,0.3464792562470063,0.43374369795114387,0.11705086474247364,0.16980390866650724,0,0,-0.03562755280256061,0.04985538126940775,0.08559863258652635
2011-03-14,43.625,44.09000015258789,43.375,43.91999816894531,1807400.0,0.08549994748284312,0.08395577996855999,0.5771565208310135,0.0837271846323353,0.3423620065503403,0.4853390218489394,0.10891884629639881,0.1742415351427902,0,0,-0.04468575613839286,0.03531424386160714,0.07680001395089285
2011-03-15,42.64500045776367,43.720001220703125,42.505001068115234,43.400001525878906,2989800.0,0.08521396138623755,0.08414399712915269,0.5131949956472689,0.08425635385322638,0.3654916534856226,0.3877919868427576,0.12036737524564653,0.16690081607739746,0,0,-0.00990440326563114,0.05749084281535787,0.09460380128692188
2011-03-16,43.185001373291016,43.525001525878906,42.345001220703125,42.7599983215332,3613000.0,0.08473505981133489,0.08420122019136919,0.4428024300304806,0.08484110135678202,0.3586828655276885,0.35745447117719625,0.13402743842980677,0.15802998258242656,0,0,-0.022465489735915726,0.04573725174803662,0.08951608721065654
2011-03-17,43.5099983215332,44.34999847412109,43.3849983215332,43.58000183105469,4111000.0,0.08447445743222137,0.08445838128205438,0.5422494139637207,0.08557236079754904,0.31958010856430635,0.5140051422492301,0.12313955783346817,0.16812353267869706,0,0,-0.030402228439889566,0.03882132629963556,0.08945278094207146
2011-03-18,44.28499984741211,44.47999954223633,43.70000076293945,43.72999954223633,4042000.0,0.08413770390063191,0.08470382150486352,0.5591415316069811,0.08629728246145141,0.25699491155427573,0.5557780395527138,0.10972168412137925,0.17804767023382367,0,0,-0.044630555601267344,0.020307441127791828,0.06379069900166612
2011-03-21,44.435001373291016,44.47499847412109,44.10499954223633,44.27999877929688,2847200.0,0.08387033115304637,0.08504578333500226,0.6189766778905548,0.08683695147070924,0.23250926255275106,0.6280987680418416,0.0972622299601538,0.18503827004751897,1,0,-0.0479076433257147,0.016807610412719193,0.036931120070323724
2011-03-22,44.47499847412109,44.48500061035156,43.97999954223633,44.04499816894531,2062000.0,0.08404463070018459,0.0854435895801958,0.5886112737986784,0.08721527951369179,0.24414578786364047,0.5989373976058412,0.08890299337484084,0.1799755358469571,0,0,-0.04821586224910681,0.015695567163140325,0.016260190617705454
2011-03-23,43.8849983215332,44.29999923706055,43.5,44.13999938964844,1911400.0,0.0843373858741926,0.0858365697713229,0.5995207879285019,0.08756816609083551,0.2542194311499694,0.5565571372239434,0.0927471755609211,0.18466850876206573,0,0,-0.03507772126630806,0.029174705433819743,0.028039520074774824
2011-03-24,44.38999938964844,44.4900016784668,43.95500183105469,44.34000015258789,1267200.0,0.08479936540112376,0.08629504701163812,0.6230362667053663,0.08780658380787809,0.26168248954717505,0.6113409220860582,0.0903909638978713,0.18777980690898716,0,0,-0.04644311883568593,0.01767101925877683,0.018237433536634057
2011-03-25,44.5,45.0,44.38999938964844,44.720001220703125,1886200.0,0.0851395041169492,0.08673835650317294,0.666469774820542,0.0881752166137546,0.2443087348818952,0.7021962121187999,0.07452737822727445,0.19241090741776493,0,0,-0.04871447541675395,0.01511046835001439,0.0257104056320555
2011-03-28,44.91999816894531,44.994998931884766,44.6349983215332,44.68999862670898,1987400.0,0.08530872717880295,0.08720993273252539,0.6615993768780158,0.0885606159961223,0.21344523953926314,0.6976884729339499,0.05979690581886313,0.18753133518197607,1,0,-0.05769226176056122,0.005590339740068309,0.021690545488045804
2011-03-29,44.69499969482422,45.31999969482422,44.505001068115234,45.29499816894531,2650800.0,0.08579101264687211,0.08772356480131435,0.7286735408276405,0.08910540833835157,0.285508677381397,0.7200486290369124,0.05509159496164917,0.19403972306696607,0,0,-0.05269634402783048,0.013985232025191174,0.006712894300275327
2011-03-30,47.220001220703125,48.27999877929688,46.84999847412109,47.96500015258789,9503600.0,0.08713125898689678,0.08860191032341266,0.9172411449783126,0.09155585482117445,0.35381266090847985,0.9835305281720987,0.0982083075751832,0.21737347706718899,0,0,-0.10773818888154874,0.02340208856262857,-0.052213307739755355
2011-03-31,47.77000045776367,47.97499847412109,47.56499862670898,47.60499954223633,3821000.0,0.08805690934180765,0.08945819380892142,0.8643685803181814,0.0924976746811359,0.2937895139448263,0.8562812983426372,0.13824525500203624,0.20799195069456686,0,0,-0.11320755317213968,0.010632718021698868,-0.07369956918933489
2011-04-01,47.76499938964844,48.275001525878906,47.32500076293945,47.54999923706055,3171600.0,0.08916193572914127,0.09040548326111222,0.8561390418238816,0.09326959046663008,0.28119262687238905,0.770138888174301,0.17851973327298873,0.20020486641207316,0,0,-0.11395860286160393,0.010818178649314437,-0.07257636907006086
2011-04-04,47.59999847412109,48.380001068115234,47.59000015258789,48.244998931884766,2891200.0,0.09067986680054019,0.09139413896615847,0.8966950548203311,0.0940094721377912,0.32409599120385013,0.7383116134341701,0.21701094508636545,0.20730349741142545,0,0,-0.11062036605530678,0.01640384030513743,-0.08180861097925231
2011-04-05,48.08000183105469,48.90499877929688,47.73500061035156,48.17499923706055,2635200.0,0.09195242365760947,0.09229316787768474,0.8854748194466183,0.09467584146950336,0.30234321946500575,0.7059663498708101,0.2580445835007197,0.2008334114922593,0,0,-0.11897609711984618,0.017100154762299313,-0.07337549992539813
2011-04-06,48.42499923706055,48.57500076293945,48.10499954223633,48.20500183105469,2234600.0,0.09336712855799201,0.0931777186270116,0.8873393967344451,0.09523915037519182,0.28733303309223085,0.6762722424056784,0.2961472477426199,0.20631992257110293,0,0,-0.12631030992921172,0.009963664760519112,-0.08220029366240796
2011-04-07,48.19499969482422,48.48500061035156,47.775001525878906,48.03499984741211,1998000.0,0.09499505487780974,0.09395540607429495,0.8570063455544809,0.09573351227122806,0.29110149749610037,0.6470888982539166,0.3204198721497822,0.2014143246405876,0,0,-0.12135666947226212,0.014728743024655728,-0.08650550794625032
2011-04-08,48.20000076293945,48.34999847412109,47.28499984741211,47.66999816894531,1797600.0,0.09632176306302948,0.09474274562971116,0.792882143770575,0.09616309967351755,0.269474869531392,0.6201439304359134,0.3276692708180251,0.1970007596556555,0,0,-0.12189027918882708,0.014676756918849263,-0.1013843852889517
2011-04-11,47.73500061035156,48.0,47.25,47.470001220703125,1570600.0,0.0975232478350464,0.09555007898797432,0.7585210104078323,0.09653066551518463,0.24950564128083294,0.6030235305052164,0.33333256486646534,0.1931445373785447,0,0,-0.11306900769213288,0.02454370073182668,-0.10006294610833645
2011-04-12,47.06499862670898,47.369998931884766,46.73500061035156,46.880001068115234,1931200.0,0.09870104019061982,0.09620366767669139,0.663387593731718,0.0969578662859032,0.21869529080337807,0.5727818544088499,0.3233547476243086,0.18840295042989044,0,0,-0.09943116251590313,0.03876132515845448,-0.07162413363703032
2011-04-13,47.14500045776367,47.21500015258789,45.79999923706055,46.1349983215332,3508600.0,0.0998432958581324,0.09663525630035011,0.5603632496794485,0.09767677175781397,0.20899741670480615,0.5396772709829554,0.2912900323167874,0.17978844547543296,1,0,-0.10238905989115256,0.03754262545719625,-0.07668517787530969
2011-04-14,46.0,46.43999862670898,45.85499954223633,46.244998931884766,2554200.0,0.10074525379659982,0.09714130449474892,0.5736805245965512,0.09820220233524557,0.25027027477513447,0.5239416526327484,0.2615156538169462,0.18605965580282147,0,0,-0.07922399289631986,0.0629673541776416,-0.0455185553380834
2011-04-15,46.3849983215332,46.5099983215332,45.91999816894531,46.32500076293945,3470400.0,0.10162352190076279,0.09762735941230119,0.5837751555678766,0.09891685596553179,0.3131019493106594,0.5210566153992368,0.23549317197064387,0.19458037004609494,0,0,-0.08736073508793189,0.05449238871159757,-0.044004754987874706
2011-04-18,45.720001220703125,45.85499954223633,45.06999969482422,45.69499969482422,2666400.0,0.1021024234756655,0.09800930884813372,0.49827094503088043,0.09942878926047205,0.3347749404083356,0.47553756349291454,0.22483106214275408,0.18803368019528108,0,0,-0.07285482880552999,0.06875331907477901,-0.05051268459902365
2011-04-19,45.755001068115234,46.595001220703125,45.69499969482422,46.56999969482422,2242400.0,0.10295700045445455,0.09849536376568599,0.6072301680291015,0.09989590671073512,0.38040004983085235,0.5114068121586794,0.19978362663325835,0.19353934225703662,0,0,-0.07462522967908791,0.06893528246458094,-0.05843094433689216
2011-04-20,47.22499847412109,47.47999954223633,46.79499816894531,47.27000045776367,3214800.0,0.10401633718315823,0.09903381569138828,0.6795405410071588,0.1006060443574125,0.3816110581571146,0.5607464275118353,0.193115784991734,0.20143249352181172,0,0,-0.10478843215367947,0.0360747330080509,-0.10221168891401607
2011-04-21,47.30500030517578,47.8650016784668,46.959999084472656,47.31999969482422,2151600.0,0.10502490647687795,0.09959570882684224,0.6844711661368184,0.10108063879553864,0.3691521049482122,0.5679761034605492,0.19323982884487997,0.20671521850043875,0,0,-0.10492911014258349,0.033848074013680604,-0.11116989670458419
2011-04-25,47.43999862670898,47.5,46.59999847412109,46.71500015258789,1589200.0,0.10570010613217479,0.10000316770616915,0.5985271178097589,0.10141080858179807,0.35242653115344785,0.5236718205179423,0.18500923599625038,0.20281332849484568,0,0,-0.10767112085512406,0.030959428614454196,-0.09721045020683351
2011-04-26,47.040000915527344,47.34000015258789,46.77999877929688,46.98500061035156,1622200.0,0.10647684065743951,0.10038856454890646,0.6287867032241883,0.10175525552417586,0.3642500791587931,0.5208900762262589,0.1773665426368087,0.2067962418896815,0,0,-0.10050304355107934,0.0399228910987432,-0.10307187039877422
2011-04-27,47.09999847412109,47.14500045776367,46.21500015258789,46.79999923706055,2237200.0,0.10698620243511858,0.10074086807375918,0.6023091309201367,0.10222016624707564,0.34035823339585086,0.47180113982033817,0.1572842995093842,0.20130334714986722,0,0,-0.10120245166859396,0.038416521905463685,-0.09513668932508301
2011-04-28,46.77999877929688,47.15499877929688,46.72999954223633,47.06999969482422,1269800.0,0.10668329299947216,0.10114005349211483,0.6345251470222002,0.10248974361302621,0.2834073087544438,0.5072960005283768,0.1388515106893429,0.2044210289577593,0,0,-0.07254274600661115,0.04540598364619693,-0.1009615075031756
2011-04-29,47.29499816894531,47.3650016784668,46.869998931884766,47.334999084472656,2200000.0,0.1065919123911428,0.10155164883892712,0.6654390815679537,0.10296642190714866,0.34603352247224695,0.5359650755700689,0.12640191298978357,0.209822588240609,0,0,-0.0806245632791582,0.034204389649244125,-0.11419163022835181
2011-05-02,47.5,47.744998931884766,47.005001068115234,47.06499862670898,1531200.0,0.10642776581457353,0.10187430645280002,0.6219762505292564,0.10328878102794159,0.35086443572113113,0.5500145566012339,0.1229689645915685,0.20606310297974562,0,0,-0.08450406839264361,0.029682028234321128,-0.10034858121626429
2011-05-03,47.119998931884766,47.20000076293945,45.66999816894531,46.04999923706055,2552400.0,0.10568487667632137,0.10200943649266128,0.4825804830637952,0.10377337141862186,0.3110086673650424,0.43079623100896347,0.11788016197593185,0.19979631210995216,0,0,-0.07691488446852833,0.03792627004134543,-0.10910439756433216
2011-05-04,46.01499938964844,46.244998931884766,44.89500045776367,45.19499969482422,2317000.0,0.10467630738260159,0.10223901990610942,0.39103381358278855,0.10417252470549787,0.3030808675319792,0.3415098544415427,0.1258592774269728,0.19410748808342362,0,0,-0.05461453705355098,0.06275785966403674,-0.08599346688556928
2011-05-05,44.98500061035156,45.68000030517578,44.88999938964844,45.119998931884766,2361600.0,0.10363220010975138,0.10249342265047043,0.38361320242349917,0.10457387889359815,0.3067967741710765,0.34226305936272183,0.13334643947747196,0.18830915971870643,0,0,-0.022790104795925723,0.08673521839616789,-0.05774976497345707
2011-05-06,45.54499816894531,45.95500183105469,44.970001220703125,45.19499969482422,2912000.0,0.10267101306677956,0.10279953386840127,0.39538364457004804,0.10507017619368297,0.29370607486059747,0.3799286377305665,0.13349246379452637,0.19545886000582385,0,0,-0.02559837780671304,0.07446810039654438,-0.06272158872675768
2011-05-09,45.255001068115234,45.810001373291016,45.130001068115234,45.63999938964844,1509200.0,0.10198396784879571,0.10306496789405731,0.4639111649907991,0.105339101308905,0.30936686600575475,0.41150056527772694,0.1336280578032197,0.19916432967385875,0,0,-0.016594756169140783,0.08076109604664185,-0.03075560126196044
2011-05-10,45.86000061035156,46.15499877929688,45.650001525878906,45.88999938964844,1566600.0,0.10144922235362464,0.10329937736157188,0.5004863683975327,0.10562486194051046,0.316514018957683,0.4641102664499636,0.12488914583039948,0.20301073093409164,0,0,-0.02968885977995114,0.06671775218375556,-0.0436021407773758
2011-05-11,45.88999938964844,45.900001525878906,44.790000915527344,44.994998931884766,2334000.0,0.10081125068743724,0.10345450120427999,0.39594107731242,0.10600877000351094,0.3112291907971679,0.39281947388542016,0.13284200067204985,0.197280167585832,0,0,-0.02397033098172636,0.06570057593699921,-0.051972071328272786
2011-05-12,44.97499847412109,45.02000045776367,44.26499938964844,44.85499954223633,2295800.0,0.10037804006223394,0.10357170567503707,0.38126586944591856,0.10637838012535616,0.3504851670057948,0.35894862835422414,0.14850238214994085,0.19164339494875637,0,0,-0.015779511086275927,0.08734304697117978,-0.031003370956363418
2011-05-13,44.7599983215332,45.02000045776367,43.90999984741211,44.23500061035156,2041400.0,0.09969776392165264,0.1034841471152598,0.3199834124522336,0.1066813577880169,0.32926209750393964,0.35693103276606997,0.16822849448043756,0.18663123898511574,0,0,-0.018949916013725938,0.09240888418381694,-0.02853636812751728
2011-05-16,44.084999084472656,44.84999847412109,43.95000076293945,44.310001373291016,2291200.0,0.09901579518895331,0.10348759452216458,0.33277382910781894,0.1070231159601881,0.30735227188467396,0.3800956178983444,0.18654559878732743,0.19225671745278178,0,0,-0.003956126023418541,0.10896348204630257,0.0032779576299980856
2011-05-17,44.165000915527344,44.2599983215332,43.415000915527344,43.709999084472656,2869200.0,0.09834397942682294,0.10348070023435543,0.2768009282777313,0.10741607126512986,0.2767774469942493,0.35405545627286755,0.21128652399027367,0.18521210204625796,0,0,-0.016926201235734597,0.1069735435988204,0.009140121118141024
2011-05-18,43.869998931884766,44.6150016784668,43.61000061035156,44.540000915527344,2237000.0,0.09765693420883914,0.10349793621687856,0.4104014459252754,0.10775594990792337,0.2740929854764456,0.4075632982337284,0.2235671985175747,0.19070450573522832,0,0,-0.010409472109072941,0.10764131616571164,0.034889077049206366
2011-05-19,44.76499938964844,45.040000915527344,44.17499923706055,44.46500015258789,1569800.0,0.09670759272855428,0.10355860668599978,0.4024631657244987,0.10799127345948323,0.2520756132701736,0.4395527765210522,0.22301005376963537,0.1868502476614931,0,0,-0.030309798975564527,0.0835204567633108,0.026044001427214053
2011-05-20,44.44499969482422,44.44499969482422,43.505001068115234,44.025001525878906,1727000.0,0.09559241337065172,0.10366891739494818,0.35662530396966474,0.10823492336846563,0.25987223182510333,0.4051202863236862,0.23348312970437832,0.18261002362445608,0,0,-0.02316425898487101,0.0878218546249031,0.029236460870334352
2011-05-23,43.470001220703125,43.5,43.02999877929688,43.33000183105469,2109400.0,0.09444677380997268,0.10361100474615068,0.29254197935195037,0.10850371866323083,0.28195996040072085,0.36549111822191516,0.25006774614241567,0.177430910373891,0,0,-0.009994376516888918,0.10289605047790941,0.06325950598264085
2011-05-24,43.46500015258789,43.77000045776367,42.875,42.96500015258789,2030000.0,0.09308622023774055,0.10347932211319424,0.2622834700876385,0.10874735111366118,0.26711565505837775,0.3762692571170506,0.2577957369989716,0.1724467443083524,0,0,-0.013616434979355031,0.1015463037143335,0.07431343375562344
2011-05-25,42.79999923706055,43.82500076293945,42.79999923706055,43.665000915527344,2050400.0,0.09202519220798833,0.1035158623119832,0.3747477010044066,0.10901929128371013,0.27753024070178,0.4079274946075739,0.26616466150426943,0.17748099755996835,0,0,0.0,0.11788670833045888,0.07587576224025942
2011-05-26,43.595001220703125,43.83000183105469,43.20000076293945,43.54999923706055,1934400.0,0.09083386169760993,0.10362479384776943,0.36352618567438055,0.10927061638758839,0.2706913262704845,0.42439418163672615,0.2737797289828029,0.17273155379781177,0,0,-0.01820684683324658,0.09779000041759424,0.03526845456408665
2011-05-27,43.77999877929688,44.150001525878906,43.68999862670898,43.900001525878906,1246600.0,0.0896713000889594,0.1036689179209486,0.417796039287163,0.10944019565487528,0.24516308774272194,0.4613250031152032,0.2707839254857697,0.17579227370781197,0,0,-0.02250286014706441,0.09380029783545035,0.026291629800748253
2011-05-31,44.290000915527344,44.46500015258789,43.89500045776367,44.34999847412109,1907800.0,0.08875241881145102,0.1037544082469832,0.4832044667624451,0.1097148789237008,0.27543233900951186,0.49878985778645935,0.25862971245680555,0.18047640770773046,0,0,-0.03394081154162252,0.08143509427515627,0.015375836300657917
2011-06-01,44.21500015258789,44.31999969482422,43.36000061035156,43.380001068115234,2265600.0,0.08784876828086552,0.10363030948841692,0.3794768152725655,0.10999877524619561,0.26434609669280773,0.44678742438415925,0.2582454759819903,0.17491378374808306,0,0,-0.03190532050081171,0.082299924497376,0.00022544130500996962
2011-06-02,43.31499862670898,43.81499862670898,42.86000061035156,43.084999084472656,2019400.0,0.08713464675327176,0.10349793726887943,0.35189647150870096,0.1102396363104764,0.2670889549842881,0.4073147452281947,0.2668095954206211,0.16995564337727093,0,0,-0.011871815974365213,0.10488711248792755,0.035039198255827055
2011-06-03,42.47499847412109,42.63999938964844,42.19499969482422,42.46500015258789,2184400.0,0.08623607270797085,0.10326697520826963,0.2980305209725441,0.11047395605603261,0.28525432885118945,0.3377060444192411,0.28496995961208504,0.16459238606024507,0,0,-0.0064987532841279845,0.1251016204915786,0.04363470135926665
2011-06-06,42.43999862670898,42.709999084472656,42.025001525878906,42.04999923706055,1402200.0,0.08517165949398264,0.10295121188220593,0.26514725601560973,0.11061304811270478,0.28877773630661163,0.34077416206612554,0.3042324009680972,0.16114962859369422,0,0,-0.00977268572562999,0.12492641672232498,0.05133640168003003
2011-06-07,42.435001373291016,43.130001068115234,42.35499954223633,42.84000015258789,3086000.0,0.08422401060581575,0.10269198255777798,0.3839534965806731,0.11096270588803492,0.2890513500514562,0.40755365274430067,0.30874106168144966,0.16872654311500065,0,0,-0.0097502938133411,0.12627818442179212,0.05326986693011211
2011-06-08,42.6150016784668,42.619998931884766,42.1349983215332,42.22499847412109,2152400.0,0.08298360525257137,0.10235208896138195,0.33081162369600514,0.11118091566964294,0.27309686784728743,0.3699343029790345,0.31657032335868585,0.16344185393299807,0,0,-0.013772179049636388,0.11974783462058589,0.05543884200608553
2011-06-09,42.34000015258789,42.875,42.16999816894531,42.630001068115234,1453600.0,0.08218318089300225,0.10198461821374924,0.3874761460130507,0.11133855172578566,0.2970434380596413,0.40921022662458306,0.31574704627832884,0.16701081146643004,0,0,-0.007460003270385934,0.1280047122466919,0.050444076852262584
2011-06-10,42.525001525878906,42.540000915527344,41.97499847412109,42.05500030517578,2139600.0,0.08123553200483546,0.10116970098109593,0.3374753835630302,0.11154717600335162,0.2617085964731223,0.3815844879407241,0.3185761181876937,0.16175754953843674,0,0,-0.012901783672935208,0.12244891567479022,0.04105090209131846
2011-06-13,42.125,42.27999877929688,41.70000076293945,41.91999816894531,2083200.0,0.08045202840216825,0.10038580830658403,0.32612117231948057,0.11174428073904596,0.2659988745661526,0.3750889177937722,0.32615084058591437,0.15664276394842197,0,0,-0.010105795600439968,0.13363449984788378,0.027820667232317648
2011-06-14,42.43000030517578,42.93999862670898,42.43000030517578,42.75,1447800.0,0.07992405198439967,0.09972394668289611,0.4413317952937851,0.11190272179757454,0.2763427341875888,0.4686706059521603,0.3124237349428025,0.160197481007381,0,0,-0.017414111978113538,0.11378818382910447,0.0016698401212258429
2011-06-15,42.22999954223633,42.47499847412109,41.625,41.98500061035156,2365000.0,0.07934023293743214,0.0988607689095782,0.37159700051071465,0.11212756758187825,0.2826464580690497,0.4051785372697349,0.31450423975908426,0.15439080477831754,0,0,-0.014152036075703582,0.09391811437774122,0.001052677979943348
2011-06-16,41.86000061035156,42.34000015258789,41.380001068115234,42.05500030517578,2479800.0,0.07849919411344813,0.09801689535252614,0.38109195395435325,0.11236532382040931,0.27144718198331264,0.4073705363053763,0.3204140773401547,0.16047934419177695,0,0,-0.011432643450241666,0.10229839481975311,0.005716276295833892
2011-06-17,42.36000061035156,42.630001068115234,42.14500045776367,42.375,3378200.0,0.07779184166325687,0.0972130088751674,0.4251054293617891,0.11270687856297434,0.2757367449106487,0.46606539098526467,0.3171849775312616,0.1687736839960146,0,0,-0.023302806684695657,0.09023892857939803,-0.0097491343344884
2011-06-20,42.2400016784668,42.869998931884766,42.20000076293945,42.71500015258789,1530200.0,0.07734847677641515,0.09647944550106316,0.4704991147340838,0.11287023283019915,0.2837198274910008,0.4979513326667119,0.3071749042422396,0.17253071400265854,0,0,-0.02029499965431416,0.09238931211398431,-0.032566396887675146
2011-06-21,43.0099983215332,43.94499969482422,42.915000915527344,43.8650016784668,1862400.0,0.0775295454009558,0.09595478267697963,0.6019401067732637,0.11310703254071552,0.2960935768232038,0.6243128206836127,0.27919984793555186,0.17710337946101276,0,0,-0.03815983255519701,0.07362754176586697,-0.03956452348523744
2011-06-22,43.869998931884766,44.30500030517578,43.59999847412109,43.869998931884766,2220800.0,0.07783583872976879,0.09545838606471344,0.6024558555426479,0.11338844270132231,0.3098719285971362,0.6560486441818038,0.2605434974168528,0.18255600803162758,0,0,-0.05676502378869996,0.04627841140584438,-0.11466997804233726
2011-06-23,43.16999816894531,43.540000915527344,42.625,43.505001068115234,2461600.0,0.0777816874016184,0.09499301453658901,0.5568030991488877,0.11368275873120459,0.320662430560635,0.5730733645763536,0.24123741876130375,0.17651215424496267,0,0,-0.040802305548476005,0.04262600392321667,-0.09642123649932362
2011-06-24,43.58000183105469,43.70500183105469,43.13999938964844,43.58000183105469,6506400.0,0.07779184166325687,0.09464071153773676,0.5657264829857523,0.11446244225449942,0.36333097003087383,0.6048614425065032,0.21974675761304965,0.19248702029856873,0,0,-0.05056891642169919,0.03355933912486875,-0.1633146346970406
2011-06-27,43.35499954223633,43.75,42.709999084472656,43.47999954223633,2778200.0,0.07764969361994356,0.09425945168848529,0.5522773584699519,0.11478734636562771,0.38138667648957314,0.5920496136181408,0.20804607286227625,0.18566583302601733,0,0,-0.04531891673106193,0.038664554898900895,-0.10784764950583987
2011-06-28,43.744998931884766,44.22999954223633,43.435001373291016,44.22999954223633,2621200.0,0.07760908044659814,0.09397057645307758,0.6421082265513018,0.11512715299291154,0.39993204524750214,0.6838806013037874,0.18650837074120472,0.19210154538611082,0,0,-0.05439277572834793,0.029783854583177203,-0.16593836772190523
2011-06-29,44.400001525878906,44.69499969482422,43.959999084472656,44.56999969482422,2270800.0,0.07801183086902497,0.09381545261036947,0.6784380428078035,0.11543378753039779,0.4458147516866604,0.7244803109164201,0.1695543131810616,0.1976769366676995,0,0,-0.06827945939451793,0.014469803216644534,-0.15702011681443193
2011-06-30,44.755001068115234,45.48500061035156,44.58000183105469,45.39500045776367,2171400.0,0.07879364187957416,0.09365343447985222,0.7565385361126973,0.11575738070992492,0.48091646525979537,0.7635777134584452,0.16793632687541446,0.20300827567987215,0,0,-0.07572358140249054,0.016378719928981753,-0.16210460709644947
2011-07-01,45.4900016784668,46.005001068115234,45.220001220703125,45.92499923706055,1576000.0,0.07996466515774509,0.09346797513958319,0.799803489159641,0.11600611929667881,0.4907745329410773,0.7651965682598605,0.17454142663894848,0.20687775632976813,0,0,-0.0905386181056564,0.011344848209167929,-0.15816720415844435
2011-07-05,45.79999923706055,45.880001068115234,45.5,45.744998931884766,1991400.0,0.08121522348155846,0.09325080165459174,0.7704425720592974,0.11631300360385588,0.5142346449022774,0.727463649311749,0.18067473356223004,0.20198836307710136,0,0,-0.09624383761292397,0.004463839618080062,-0.1785520065141825
2011-07-06,45.89500045776367,46.69499969482422,45.790000915527344,46.255001068115234,3381000.0,0.08237101730387597,0.09318737336514674,0.8123959594638513,0.11686156153367333,0.5056939320366318,0.7288508257346359,0.19824069439721606,0.21028957759315356,0,0,-0.0986993003622399,0.017488233812219825,-0.1802382582664771
2011-07-07,46.7599983215332,46.92499923706055,46.54499816894531,46.685001373291016,2125800.0,0.0838804879968239,0.09314600711229135,0.8449960039725558,0.11722062410200973,0.5156238995602213,0.7226008270828603,0.21759111460406363,0.21550895701291806,0,0,-0.11631168801607789,0.0035672016369508452,-0.24981074961954056
2011-07-08,46.01499938964844,46.1150016784668,45.685001373291016,46.060001373291016,2855200.0,0.08504135830442588,0.09304397039031467,0.742213930498623,0.11766936774934633,0.5366482843151194,0.6556492279896863,0.2141022807657064,0.20849871516546695,0,0,-0.0992823858881781,0.01949233845225353,-0.24793831899856458
2011-07-11,45.290000915527344,45.584999084472656,44.93000030517578,45.1349983215332,2099400.0,0.0860837716940886,0.09277715719149657,0.6140928584204155,0.11796387481864112,0.5460058600667914,0.6025015258214268,0.19510922490824198,0.20334415445709664,0,0,-0.08488926901507683,0.035497140095208414,-0.23491097204131767
2011-07-12,45.0099983215332,45.345001220703125,44.85499954223633,44.92499923706055,2209200.0,0.08710080265732884,0.09244484746949069,0.5878230459585694,0.11826441663859033,0.5325628222887839,0.5842009208704912,0.17598777659318984,0.19792000683542774,0,0,-0.08042533263341574,0.04242829260533564,-0.20915030414890495
2011-07-13,45.21500015258789,45.46500015258789,44.86000061035156,44.96500015258789,2290400.0,0.08785046087298354,0.09215528317350238,0.5923430157287422,0.11857623689335639,0.509250986044568,0.5812758846148377,0.16052940785554595,0.20354352109971818,0,0,-0.08536447745354667,0.03806341933250396,-0.20634392020459855
2011-07-14,44.9900016784668,45.119998931884766,44.150001525878906,44.22499847412109,3396800.0,0.08860857946708922,0.09190363772346469,0.5003208225254588,0.11899265292754602,0.47786941042605113,0.5363147259479975,0.1464640345431181,0.19520351356699822,0,0,-0.0802846791526986,0.043033416035302384,-0.21016347672347496
2011-07-15,44.42499923706055,44.875,44.29499816894531,44.834999084472656,2330800.0,0.08954945927785363,0.09185399800963803,0.5726781671336344,0.11930135535443587,0.49039639339064817,0.5396270129154181,0.13340333075300656,0.20092622010175554,0,0,-0.0688524199888246,0.05652911444333711,-0.18665916004374247
2011-07-18,44.744998931884766,44.744998931884766,44.09000015258789,44.35499954223633,2775800.0,0.09021958244786593,0.09174851388075658,0.515780049447429,0.11964425118263233,0.48595031597321436,0.5085227619484103,0.12539088690884606,0.1941109254393309,0,0,-0.07505292589455866,0.048622735579150776,-0.15612802816860666
2011-07-19,44.59000015258789,44.95500183105469,44.4900016784668,44.619998931884766,2765200.0,0.09086432190038635,0.09166922825595011,0.5475709183045846,0.11999660650830302,0.46042711281029247,0.524054513561892,0.11287563080017779,0.20090019440702908,0,0,-0.07237062603091646,0.05264342483532643,-0.1431630828464875
2011-07-20,44.71500015258789,44.845001220703125,44.34999847412109,44.67499923706055,1683400.0,0.09113846243430485,0.09153616644983156,0.5543217199775823,0.12021178772709284,0.447348755614581,0.5116321615190592,0.10433355476981004,0.2050333693600969,0,0,-0.07474224931210201,0.049529339699141604,-0.14388171531431712
2011-07-21,45.775001525878906,45.82500076293945,44.880001068115234,44.9900016784668,2847800.0,0.09151752302242722,0.09141206769126534,0.5933815169963316,0.12058957224928024,0.4265299268866751,0.5685203878476905,0.09953332255797617,0.2120254423263239,0,0,-0.09837718036529387,0.025741415351332557,-0.18489092954204933
2011-07-22,45.0,45.290000915527344,44.334999084472656,44.470001220703125,2869800.0,0.09184412358344768,0.09133967688026848,0.5234713479847967,0.12094275856588788,0.37236876602190694,0.5014648862114222,0.08281973338425164,0.2049793537672684,0,0,-0.08046229821808112,0.04278726750930294,-0.18259612905326408
2011-07-25,44.07500076293945,44.84999847412109,43.89500045776367,44.275001525878906,2958600.0,0.09207934353613878,0.09125970219488136,0.4985519699334896,0.12129504986450457,0.31945967860290836,0.44904598316290106,0.07569067818101344,0.19771523863352333,0,0,-0.06060264494819835,0.06408811324237763,-0.16809089461725402
2011-07-26,44.2400016784668,44.255001068115234,43.209999084472656,43.29499816894531,3417000.0,0.09201673053846787,0.09113008726966718,0.3883689846827213,0.12164271705443952,0.26698535420291136,0.34873223523890795,0.08152150154675611,0.18932563496556995,0,0,-0.06459628485116779,0.060643646890093474,-0.1521174563125634
2011-07-27,43.09999847412109,43.26499938964844,42.45500183105469,42.5,2532600.0,0.09143121889938238,0.0908805100533722,0.31666101444126604,0.12186491107116282,0.20606363986561999,0.27358644064115895,0.09859982786536514,0.18310745812932216,0,0,-0.039727392972603796,0.08834740558282461,-0.13119299100120835
2011-07-28,42.665000915527344,43.18999862670898,42.209999084472656,42.275001525878906,2436000.0,0.09065448566518719,0.09068264131064699,0.2980779420334675,0.12206838446285395,0.16091054319698894,0.2954689047820417,0.11792948994190569,0.17712645885067585,0,0,-0.03023529052734375,0.10023525462431067,-0.14388239243451287
2011-07-29,41.70000076293945,42.45500183105469,41.525001525878906,42.09999847412109,2502400.0,0.0895393050162151,0.09034619459515533,0.2834842850979744,0.12226906451539943,0.14656201441528283,0.2915562435662582,0.14488593265274005,0.17098243069185626,0,0,-0.0041395441926458595,0.12359546506278843,-0.12158484220283126
2011-08-01,42.709999084472656,42.85499954223633,41.40499877929688,41.95000076293945,3004200.0,0.08819398219090596,0.08999940671095011,0.2707321437994742,0.1225011814657504,0.12154729374102627,0.3356480762841825,0.15960518524727288,0.16360635596570303,0,0,-0.030997633075401633,0.10011877209874143,-0.12743463321186108
2011-08-02,41.68999862670898,42.09000015258789,40.84999847412109,40.86000061035156,3657200.0,0.08654067344466576,0.08956299150722444,0.18972222887237014,0.1227153252180524,0.06935008828518874,0.3234261235932556,0.1806620339959968,0.15462700023423123,1,0,-0.020023841175468706,0.12479143063511952,-0.08796182502024864
2011-08-03,41.025001525878906,41.380001068115234,39.82500076293945,41.31999969482422,5202400.0,0.08487044135938471,0.08928583661369241,0.26712087215176195,0.12305726918769444,0.1282100575588646,0.338715341203484,0.21175479395299188,0.1674002147856391,0,0,-0.029368593857422565,0.1443954386453661,-0.05665693604565836
2011-08-04,40.755001068115234,40.755001068115234,38.810001373291016,38.84000015258789,5494200.0,0.08221533110575774,0.08871704919042925,0.1271919545080797,0.12318919440620624,0.06862721045817849,0.3060806852163057,0.24977959739347663,0.1539105570529878,0,0,-0.04707162897360455,0.1493223188411149,-0.03472897831291042
2011-08-05,39.57500076293945,39.79499816894531,38.119998931884766,38.93999862670898,6098200.0,0.07980559377539087,0.08806552873545484,0.14164398373060658,0.12334410384474759,0.04046678265382342,0.32307414619733954,0.2903898209731193,0.1688831883342033,0,0,-0.037461427016954874,0.18923785904340082,-0.018408860704915587
2011-08-08,37.84999847412109,38.30500030517578,36.0,36.47499847412109,6841400.0,0.07687465039572744,0.08708997201944588,0.05311446489772273,0.12323988546025655,0.0,0.2856438068822246,0.34047732082136895,0.1520858121170724,1,1,-0.04750895067705963,0.23305087526928955,0.02336928298677306
2011-08-09,37.04499816894531,38.7599983215332,36.380001068115234,38.65499877929688,5494200.0,0.07475259304515358,0.0863667498140552,0.28933528182981527,0.12335213942155066,0.08236521979167749,0.35628460648676596,0.3768659041561825,0.1655754698497237,0,1,-0.028649711107917822,0.27087049983360706,-0.007539348120240519
2011-08-10,37.67499923706055,37.93999862670898,36.45500183105469,36.52999877929688,5031400.0,0.07189779952689651,0.08528846678948857,0.20502893546274084,0.12328067201797765,0.04450729838151252,0.3518029631149578,0.41065530296708075,0.15322210376984643,0,1,-0.04333202147085967,0.23929634696959765,-0.0679084227886696
2011-08-11,36.685001373291016,37.875,36.47499847412109,37.45500183105469,6495000.0,0.06960652040553844,0.08447148132309254,0.28374105069726674,0.12328617618742399,0.11289544811695185,0.3859717175482142,0.44203117329148633,0.16916897992535043,0,1,-0.01875174914265903,0.2803174981098816,-0.06227762392284139
2011-08-12,38.07500076293945,38.13999938964844,37.375,37.52999877929688,5024600.0,0.0671341713685702,0.08370551421768482,0.29007375317223094,0.12329643485088282,0.050405864633096376,0.4148145604749497,0.46441290891048903,0.18150565027653526,0,1,-0.05539983077023984,0.23628348795816595,-0.049526083341379284
2011-08-15,37.81999969482422,38.334999084472656,37.56999969482422,38.310001373291016,3972200.0,0.06508826517047217,0.08313259032693629,0.35590355581136635,0.12335400201255009,0.1034495079048042,0.4378696784748238,0.48016989463068893,0.19125841108714237,0,1,-0.04849453114899132,0.2426059109615273,-0.014921433293516008
2011-08-16,37.875,38.0099983215332,37.209999084472656,37.59999847412109,2853200.0,0.06271237322711781,0.08251898924391296,0.32123294946079517,0.1233628039352187,0.11780051573726777,0.4346721572390782,0.4980626195394616,0.18425307974813018,0,1,-0.04894283301454574,0.236230720768651,-0.055468544083151834
2011-08-17,37.834999084472656,38.38999938964844,37.38999938964844,37.650001525878906,2539000.0,0.06033478998271491,0.08180335143891296,0.32566579675919627,0.12337261859240234,0.09597173272201168,0.44972714768931327,0.5045785773371253,0.19048697021138264,0,1,-0.048803169120754865,0.2417553330180121,-0.04414893390367119
2011-08-18,36.56999969482422,36.625,34.93000030517578,35.20500183105469,4565200.0,0.05702309471388062,0.08083537912329467,0.22053647884929542,0.1232133187195138,0.0847306485044639,0.39320565684538944,0.5302179502443545,0.1792782436486256,0,1,-0.043559078968992235,0.2535192987198626,-0.03293486888485816
2011-08-19,34.69499969482422,35.6150016784668,34.400001525878906,34.439998626708984,4102000.0,0.053628479215167946,0.0797060772117392,0.19376116042805988,0.12302173932130422,0.06255589510249071,0.3798105338989255,0.5571212659181952,0.16920679084033038,0,1,-0.008379439102459913,0.31614828828945973,-0.010083781388222496
2011-08-22,35.165000915527344,35.400001525878906,34.349998474121094,34.470001220703125,2695200.0,0.05031001486893116,0.07866019791847609,0.1965960313883687,0.12289788852544192,0.04411285719901742,0.38653038251313043,0.582396726356403,0.17582419201266516,0,1,-0.02366441561859406,0.30952381743549323,0.004936067820092047
2011-08-23,34.619998931884766,35.56999969482422,34.43000030517578,35.56999969482422,2898200.0,0.04769551907971914,0.0777846102167015,0.29787213130766976,0.12281544032015324,0.11612410043835561,0.40947461904578364,0.6015629970033168,0.1829400097915538,0,1,-0.007832911174993117,0.325065315759978,0.05105895195540025
2011-08-24,35.404998779296875,36.0,35.150001525878906,35.94499969482422,2250200.0,0.04547700463553145,0.07684628328606255,0.3304901295956564,0.12276494367838808,0.1687660050146287,0.4327121280126983,0.6085322107188349,0.18846482283622126,0,1,-0.029659834529863493,0.2929435499871199,0.04076471114365633
2011-08-25,36.17499923706055,36.369998931884766,35.345001220703125,35.540000915527344,1811200.0,0.04319756978579087,0.07595759606925026,0.3103638306800435,0.12271296128499165,0.18115418719796178,0.43903287257964346,0.6059968320145435,0.18401786639390427,0,1,-0.05077203445357764,0.2684657562333608,0.0157185268104928
2011-08-26,35.665000915527344,36.34000015258789,34.56999969482422,36.16999816894531,2721000.0,0.04119058416892035,0.07514612571750126,0.3672772516671381,0.1226619436989661,0.2012392529629226,0.4434216773501149,0.6108669167042748,0.19069861312510158,0,1,-0.03700063048765225,0.2858750586855846,0.07189083397179957
2011-08-29,36.66999816894531,37.7599983215332,36.63999938964844,37.744998931884766,2654800.0,0.03976741759901731,0.0745077047775646,0.4920185376317503,0.12267754160607336,0.24287002693241622,0.5354167071423986,0.5855444083242314,0.19721682202696947,0,1,-0.06414154858365778,0.2531103969436859,0.03967380276295046
2011-08-30,37.58000183105469,38.470001220703125,37.459999084472656,38.2400016784668,3296200.0,0.0388806891164033,0.0738906568136369,0.5269141575869536,0.1227221548694587,0.31030296774984306,0.587530997156676,0.5497012627312844,0.20530983098521002,0,1,-0.08557433960357265,0.21843950629761108,0.0344416286620261
2011-08-31,38.52000045776367,38.81999969482422,38.03499984741211,38.29499816894531,3230800.0,0.03785688907576057,0.07312262094848607,0.5308853954515715,0.12276838869577611,0.23663810327195994,0.6233579581666732,0.5106555426800781,0.21324226631749676,0,0,-0.10904816424186337,0.19103033432368483,0.008237411424758442
2011-09-01,38.34999847412109,38.57500076293945,37.47499847412109,37.51499938964844,3396800.0,0.03740844770363436,0.07224634366013041,0.47581971307167226,0.12277579630796687,0.26383256913192765,0.5969620137388244,0.481932644120985,0.20490225878477683,0,0,-0.10445228335965102,0.1812247753816094,0.039300199505837734
2011-09-02,36.75,37.005001068115234,36.66999816894531,36.78499984741211,4484400.0,0.036679096720187127,0.0713197370713671,0.42798045462575285,0.12273514033968436,0.2478517776911774,0.5305507833022435,0.4651282451475345,0.19389191676295353,0,1,-0.06397445195057479,0.21591359738516028,0.0578434813874496
2011-09-06,35.76499938964844,36.630001068115234,35.650001525878906,36.59999847412109,4522800.0,0.036721402485650506,0.07035727934439531,0.41605429160202567,0.1226816278208096,0.3512250802310256,0.4934811920222518,0.46034655642841615,0.18278729297910234,0,1,-0.038466791393146946,0.23080064465635938,0.12505103460376873
2011-09-07,37.16999816894531,37.51499938964844,37.150001525878906,37.505001068115234,4785000.0,0.03633219021802869,0.0695333995901902,0.4936642597821428,0.12269156358583144,0.345141317986557,0.5786092238982102,0.44046032075263586,0.19453568441930044,0,0,-0.07704917520196532,0.16653009494010615,0.06147541239901736
2011-09-08,37.27000045776367,37.709999084472656,37.17499923706055,37.41999816894531,4882800.0,0.03663340706155718,0.06859438307297014,0.48734031821563983,0.12269530997803613,0.39656126778279793,0.5794038166473462,0.41875356005012043,0.18254716911643748,0,0,-0.07785633650134753,0.15784556726697907,0.08185574209819634
2011-09-09,36.95500183105469,36.98500061035156,36.32500076293945,36.54999923706055,4372800.0,0.03632711244167472,0.0674885223711664,0.4244480964605388,0.12264102231284779,0.34668036331568064,0.5205157340881157,0.4083599248453258,0.17181083346550785,0,0,-0.06961527216469707,0.15766964189960922,0.13054512454752715
2011-09-12,36.13999938964844,36.72499847412109,35.76499938964844,36.560001373291016,3634200.0,0.03599882057960577,0.06627028325267206,0.4254043404350695,0.12259675755158939,0.41386698159299495,0.5043656237057325,0.4045880700380414,0.18073371834993165,0,0,-0.048974034278839035,0.1837209382422939,0.1658003146316448
2011-09-13,36.79999923706055,37.45500183105469,36.55500030517578,37.345001220703125,2617000.0,0.03567222001858536,0.06508720568580498,0.49922347413419754,0.12259599934749554,0.392169623169949,0.5700286900463181,0.3882604108061014,0.18715911864230333,0,0,-0.06701314745379923,0.14469367387365487,0.12212800833891121
2011-09-14,37.59000015258789,38.46500015258789,36.90499877929688,38.0,3188800.0,0.03580759898449612,0.06401926435595226,0.5555418145735664,0.12262646224252971,0.40916321559611474,0.6234789879930548,0.35742727347919134,0.19498843329737203,0,0,-0.0867586443315102,0.10148616392135136,0.12960235625604202
2011-09-15,38.38999938964844,38.86000061035156,38.244998931884766,38.709999084472656,1939000.0,0.03616635104934149,0.06297890017733618,0.6118880501153299,0.12266555740650276,0.4368188486372986,0.6802791218244431,0.3231619405843127,0.1997491712289382,0,0,-0.10631581356650904,0.06223688627544202,0.1598684411299856
2011-09-16,38.93999862670898,39.3849983215332,38.76499938964844,39.31999969482422,3665800.0,0.037559056125398615,0.06196335585563348,0.6568087721202966,0.1227725644064529,0.5116021734826304,0.7000606633529639,0.29627315694716905,0.2087496421466975,0,0,-0.11857401862944045,0.022087304635956255,0.14841133770231663
2011-09-19,38.4900016784668,39.0,38.0,38.86000061035156,3521800.0,0.03905498866354151,0.06097056315710139,0.6121619695471607,0.12285059686653865,0.5912192110045309,0.6500159345996551,0.26996744740771084,0.2001027278365429,0,0,-0.10529001110065271,0.022761868006428716,0.11991353482153096
2011-09-20,39.06499862670898,39.56499862670898,38.5099983215332,38.7599983215332,3230600.0,0.04050692155303348,0.06009152804842202,0.6023623606880418,0.12291697168529403,0.595965897725838,0.6651757308931565,0.24403227221749754,0.19217078355510006,0,0,-0.12133299224220541,0.01286670077577944,0.08324756972571501
2011-09-21,38.69499969482422,38.81499862670898,36.75,36.77000045776367,3403000.0,0.04091305715969629,0.05896705271693345,0.43687770591186115,0.12288608280921753,0.5180036681394455,0.5367470253291479,0.23539060363170008,0.18381555344621936,0,0,-0.11210013954745839,0.022445793848278592,0.12009801292253341
2011-09-22,35.560001373291016,35.6150016784668,34.45500183105469,35.04999923706055,4302400.0,0.04061014772404986,0.057599894456959094,0.3335292044004904,0.12273793069075778,0.4949005648277487,0.3301107372282837,0.2478371631936793,0.17325206769234092,0,0,-0.032907339790757065,0.10892023942230712,0.2385096640898181
2011-09-23,34.75,35.29499816894531,34.1349983215332,34.40999984741211,4296600.0,0.04022770324276098,0.056246525298603495,0.3007679361866058,0.12255053485168899,0.4806798521207698,0.31429023218520785,0.2617953358155266,0.16270282241293546,0,0,-0.017546410609233832,0.13737514212604546,0.2711840592014908
2011-09-26,34.779998779296875,36.25,34.244998931884766,36.220001220703125,4231800.0,0.040244626581802,0.05505862167766992,0.45271432651224186,0.12247964500100395,0.5045219883235255,0.39330113075040596,0.2608957859894193,0.17309296721891881,0,0,-0.01874456438895279,0.13905840943419737,0.2810230173357538
2011-09-27,37.22999954223633,38.08000183105469,36.790000915527344,37.2599983215332,4353000.0,0.04008048000523273,0.05408030714133724,0.5253364968727189,0.1224734270212906,0.45744969632157995,0.5381831173588763,0.23774132808715717,0.18378068883630277,0,0,-0.08545005843163919,0.06446711777408716,0.20596352382805996
2011-09-28,37.34999847412109,37.42499923706055,35.724998474121094,35.75,3150400.0,0.039237748589130705,0.052857241968776364,0.43672948217901153,0.12239957873825702,0.3967744050600699,0.46012187910871843,0.2262334162342742,0.17604565594326202,0,0,-0.08628556890540381,0.05944713506086777,0.14385402178759443
2011-09-29,37.06999969482422,37.06999969482422,35.494998931884766,36.17499923706055,3277800.0,0.03852024316837044,0.05168519515720385,0.46652538524660814,0.12234340687498813,0.40481684174675464,0.4637392907047645,0.21763310094291852,0.18409348822386418,0,0,-0.0820979405116368,0.06979017991286038,0.16895107456020542
2011-09-30,35.53499984741211,36.095001220703125,35.25,35.33000183105469,3580000.0,0.03778073921435421,0.0503531984488568,0.41900718612548615,0.12223852498081755,0.40791317474062555,0.42221674510450663,0.21194231831177232,0.17530367811813602,0,0,-0.03870080319019422,0.11140287116214273,0.23552178679896435
2011-10-03,35.0,35.779998779296875,34.290000915527344,34.34000015258789,4649600.0,0.036953238545175154,0.04895639427790263,0.36774680773169754,0.122036704560615,0.37125306268792396,0.38625953719590156,0.21533733309837702,0.16388772809925511,0,0,-0.024483488073484043,0.1292102572917614,0.24469289583123685
2011-10-04,33.83000183105469,35.3849983215332,33.21500015258789,35.334999084472656,3800000.0,0.03652510440525639,0.047723676471208426,0.4417939779892215,0.12192734431277186,0.3634886682549468,0.3911418108055724,0.2271959318530621,0.17321769413326824,0,0,-0.0179091926538751,0.16700631246858325,0.2866918276721071
2011-10-05,35.58000183105469,36.54999923706055,35.10499954223633,36.380001068115234,2834600.0,0.0361443525160855,0.04677018231778948,0.5123742146480775,0.12188877180033852,0.33404054855035914,0.48446386956288917,0.22267576489296984,0.18017735774379814,0,0,-0.06693085438641076,0.11277761140244168,0.19484925710833526
2011-10-06,36.20000076293945,36.90499877929688,35.599998474121094,36.85499954223633,3156000.0,0.03595313092097588,0.04599180528392513,0.5427972231206392,0.12186752125081812,0.3756129349589548,0.5159365960887526,0.21401743449281,0.18792614006046798,0,0,-0.08205059160835831,0.09249581541982778,0.14169869785448974
2011-10-07,36.92499923706055,37.32500076293945,36.21500015258789,36.7400016784668,2431800.0,0.03601743651076478,0.04522859599884113,0.535124335973854,0.12184721904294704,0.3913662446911326,0.5359177419220982,0.20067706481659967,0.18195545284954348,0,0,-0.10066474374042379,0.07163205596090037,0.13227513391807763
2011-10-10,37.494998931884766,38.32500076293945,37.47999954223633,38.220001220703125,1773000.0,0.036579257024476286,0.044693591480043676,0.627747896008244,0.12186995619576346,0.37820529788461316,0.6100136352354035,0.17651366965271745,0.18630861858067646,0,0,-0.11649424561146303,0.05634185085074267,0.09308660390309756
2011-10-11,38.05500030517578,38.40999984741211,37.83000183105469,38.10499954223633,1768200.0,0.03683647551042332,0.04416341248931219,0.6191577829271627,0.12188966673341528,0.3523388416739717,0.6101075268830355,0.15506316935668438,0.18196723806979698,0,0,-0.12663526944018372,0.03950806575891096,0.06750387059014223
2011-10-12,38.459999084472656,39.220001220703125,38.459999084472656,38.880001068115234,2265200.0,0.03713430846078533,0.04389039458926594,0.6652080678527436,0.12193983737386771,0.3392185359025433,0.6466518568116683,0.14442795439114156,0.18752887992775658,0,0,-0.13764595184081044,0.028998807387768576,0.03477236002773852
2011-10-13,38.380001068115234,38.959999084472656,38.084999084472656,38.834999084472656,2230600.0,0.03717661422624874,0.043547743172546144,0.661433070174427,0.12198763840799876,0.3467224084873223,0.6332514653935334,0.12967655547154808,0.1820521898657909,0,0,-0.13284467010375328,0.030478331431053825,0.034593553730862925
2011-10-14,39.41999816894531,39.915000915527344,39.06499862670898,39.85499954223633,1723800.0,0.03735768285078947,0.043687699266473895,0.7207795442878482,0.12204942461709001,0.3290082826896161,0.6865133960843605,0.12669336413285662,0.18628455708932556,0,0,-0.15977850296482582,0.012746305092097903,0.04776627785927455
2011-10-17,39.790000915527344,39.94499969482422,38.76499938964844,38.91999816894531,2406600.0,0.037377988791927386,0.043684941446150066,0.6407304281880325,0.1221035187065006,0.27511782630037435,0.658746017083291,0.11975980197104705,0.18037574228473188,0,0,-0.1649730482614006,0.0038890673962400897,0.044661869269638846
2011-10-18,38.845001220703125,40.595001220703125,38.63999938964844,40.3650016784668,2569400.0,0.03792119595661897,0.044221325664110106,0.721357379109105,0.12221354715069244,0.32093464006426214,0.6872377215150813,0.12056438833294827,0.18668427247625646,0,0,-0.14465573825765166,0.04496403089238436,0.12923944028626305
2011-10-19,40.25,40.5,39.150001525878906,39.41999816894531,3214200.0,0.03881807740980192,0.04432680979299161,0.6458073803799705,0.12230771784873284,0.338546261636584,0.6605179496196464,0.12131150424042805,0.17879259436401304,0,0,-0.1742846415181748,0.008547038433226923,0.07494119658349055
2011-10-20,40.084999084472656,40.470001220703125,39.14500045776367,40.34000015258789,3083600.0,0.040608457714070845,0.04485216272965656,0.6958701536448538,0.1224375331829266,0.368145084152637,0.6592466081740731,0.12192247663900038,0.18636361627519274,0,0,-0.17427699774214814,0.01293764992186741,0.05961446976092627
2011-10-21,40.98500061035156,41.880001068115234,40.85499954223633,41.84000015258789,3253000.0,0.04312311251650247,0.04545680076512762,0.7671491529702034,0.12264228398240273,0.4338943459099634,0.7094131924918247,0.13808466975337377,0.19435055825115188,0,0,-0.19261280189323973,0.02218642673223331,0.0396628276665599
2011-10-24,41.98500061035156,42.42499923706055,41.79999923706055,42.20000076293945,4141200.0,0.04514702018134453,0.04610073734571182,0.7828628934516116,0.12292229116954478,0.39706417647571607,0.7133740344816978,0.1582855271160021,0.2045182570248506,0,-1,-0.209608040769121,0.010516219529262348,0.017566936129805467
2011-10-25,42.04999923706055,42.32500076293945,41.209999084472656,41.26499938964844,2437200.0,0.0465024972682922,0.04650819569903822,0.7051642475867507,0.12305441872798828,0.3843645760820551,0.6694744152419195,0.16658368185940323,0.19853431144114092,0,-1,-0.20936016409344851,0.008886255763514808,0.006753550764444527
2011-10-26,42.03499984741211,42.70000076293945,41.375,42.43000030517578,2575600.0,0.04876331747794327,0.04717419431621203,0.7602654048011496,0.123235318138885,0.4416758739122142,0.6751326005704555,0.17822582462006328,0.20485806420882624,0,-1,-0.21374045378119566,0.016115374418111904,-0.017448230494430797
2011-10-27,43.56999969482422,44.97999954223633,43.22999954223633,44.46500015258789,3321400.0,0.05156903615333447,0.04811389989401263,0.8399287327907842,0.12356147723989475,0.46435663457681686,0.7281471763395864,0.208397326397565,0.2130129455733976,0,-1,-0.2440490093744634,0.03323120050131397,-0.03770913180799387
2011-10-28,44.10499954223633,45.0,43.89500045776367,44.685001373291016,2747600.0,0.05473519948568906,0.04942107674544635,0.8476658436676286,0.12383840570245419,0.5154107411588608,0.715375225318049,0.2365568394586607,0.219759002066833,0,-1,-0.24491171375863882,0.020128200937644263,-0.0639829351386507
2011-10-31,43.88999938964844,44.040000915527344,43.17499923706055,43.20500183105469,2570200.0,0.057735524940425886,0.05062966428180829,0.7294197198828821,0.12404373608316022,0.5397379308506973,0.6645956107139837,0.2498272878698137,0.21344850767193285,0,-1,-0.23889445919187496,0.024840563415871993,-0.07183616394362086
2011-11-01,41.540000915527344,43.31999969482422,41.540000915527344,42.29999923706055,2919000.0,0.06009280224369079,0.05170932595353658,0.6649454475693647,0.12423946060354951,0.48908336983886025,0.6140185664128227,0.23738976807514736,0.20628162060527908,0,0,-0.1926860412017307,0.08008329910509793,-0.03332953085008826
2011-11-02,42.81999969482422,43.66999816894531,42.67499923706055,43.34999847412109,1528000.0,0.06245177084800424,0.05278209333745579,0.7138886133355916,0.12436369721772578,0.4687968903974722,0.6331969989740449,0.22948408912983834,0.21003324905264015,0,-1,-0.2270685511932833,0.051536651170097536,-0.0652481884471305
2011-11-03,44.0,44.47999954223633,43.3849983215332,44.33000183105469,1808200.0,0.06498165639735892,0.05393828333966724,0.7558953850467318,0.12453474953500387,0.44877451797339285,0.6520169671153214,0.23023522444135794,0.21447283973229872,0,-1,-0.24878893257286955,0.0230680515616852,-0.08223757213825979
2011-11-04,44.04999923706055,44.39500045776367,43.275001525878906,44.255001068115234,1379400.0,0.067525078810449,0.05513997606221957,0.7500722230647019,0.12466349503957419,0.46335341611955033,0.639449665235038,0.22924583104886395,0.21108606206195193,0,-1,-0.24441684270092603,0.021430199045783593,-0.10117303011726186
2011-11-07,44.3650016784668,44.68000030517578,43.54999923706055,44.45000076293945,1545400.0,0.06963359800621788,0.05628168790223162,0.7589508344196523,0.12481155235672559,0.4581510704231218,0.6411723738697934,0.2312982063247395,0.2148804119327319,0,-1,-0.2519489607223677,0.014348622894751337,-0.08982040883244408
2011-11-08,44.3849983215332,44.79499816894531,43.76499938964844,44.68999862670898,1592800.0,0.07186226542097457,0.057239319049136456,0.7702763886674784,0.12496903158743655,0.4751497251740475,0.6397387807656392,0.2344394874433148,0.2187911408535151,0,-1,-0.25129354279468064,0.013835808051989045,-0.07435312561870827
2011-11-09,43.400001525878906,43.60499954223633,42.400001525878906,42.709999084472656,2782400.0,0.07315851340341784,0.05785567742648309,0.612746189276174,0.12516773804030767,0.455278722742267,0.5682577032910819,0.21555003193168512,0.2119596415132419,0,-1,-0.22790337181178497,0.03580215984085653,-0.04967557146838535
2011-11-10,43.15499877929688,43.48500061035156,42.53499984741211,43.11000061035156,2048000.0,0.0746053710986948,0.05851960780991419,0.6354346725940112,0.12532466197014702,0.4407481862742142,0.5680384123196124,0.19800982324231478,0.2169880021547311,0,-1,-0.23273235401034478,0.04319834371932528,-0.03277915572914683
2011-11-11,43.81999969482422,44.290000915527344,43.79999923706055,44.05500030517578,1770600.0,0.07602684507647989,0.05942139454176418,0.6868215241474654,0.12548278965830317,0.4231413403659388,0.6132206910422551,0.1919883619131689,0.22133527527573732,0,-1,-0.24599859411019953,0.02737184617187038,-0.04268151534532964
2011-11-14,43.88999938964844,44.04499816894531,43.310001373291016,43.64500045776367,2215400.0,0.07762600378563916,0.060367305346793326,0.6548053122382518,0.12566765556525472,0.44287729123145203,0.5860233935495539,0.17861730157743685,0.21589590507790765,0,-1,-0.24231072893231598,0.025195791684540166,-0.056633728625616234
2011-11-15,43.42499923706055,43.994998931884766,43.15499877929688,43.67499923706055,1856000.0,0.07874625962882625,0.06134286206280229,0.6565708462708622,0.1258228099126527,0.4238354746833095,0.5765276340758165,0.1637432762375403,0.22045285690925723,0,0,-0.1906289290310739,0.03608662496094185,-0.032764355371232665
2011-11-16,42.93000030517578,43.40499877929688,42.40499877929688,42.46500015258789,3101800.0,0.07977682874687142,0.06202678572307982,0.5623796969792754,0.12603014882827068,0.41381973671631567,0.5014891924989036,0.1458287609932626,0.21283714937128304,0,0,-0.1678306115420557,0.04739552904371237,-0.027132258591672266
2011-11-17,42.34999847412109,42.76499938964844,40.98500061035156,41.35499954223633,3370400.0,0.08012035135586337,0.06256937464226794,0.4873960636971848,0.12620364769371128,0.35820788566540773,0.3920673222743517,0.14729798131929847,0.2045619605499573,0,0,-0.14447187800514627,0.062404368688490815,0.004945317282828999
2011-11-18,41.665000915527344,42.125,41.29999923706055,41.79999923706055,1875000.0,0.08010681320105839,0.06329328590823921,0.5193962807141831,0.12631107470714265,0.325681823735866,0.39284144119592246,0.14866225733633184,0.20916556221147692,0,0,-0.10119698753754855,0.08064318997432424,0.023818174858049997
2011-11-21,41.18999862670898,41.22499847412109,40.55500030517578,40.915000915527344,2667000.0,0.07967190998373713,0.06389378747622484,0.46147798373243887,0.1264314838417152,0.31367213393389065,0.33518720278564806,0.158485758503874,0.2026173992081314,0,0,-0.08038269992778524,0.09114835987635653,0.025837364850886117
2011-11-22,40.755001068115234,41.30500030517578,40.31999969482422,40.6349983215332,3696000.0,0.07945868856430194,0.06434743813647317,0.4437768135788277,0.1265836162715126,0.32448364023138265,0.3362657202062869,0.17019462095493956,0.1935427796129439,0,0,-0.06525728764261877,0.10375165188555031,0.03971648450784486
2011-11-23,40.150001525878906,40.33000183105469,39.69499969482422,39.78499984741211,1838200.0,0.07856349841216753,0.06459356794586332,0.391866449288794,0.12663795383858623,0.2889357567674989,0.3081186348904406,0.18773740337089748,0.18902953130670103,0,0,-0.05081832230104877,0.11935520301353117,0.04958778080176895
2011-11-25,39.61000061035156,40.20000076293945,39.53499984741211,39.72499847412109,648800.0,0.07695926321772378,0.06473352403979102,0.3882530178484318,0.12665657348073212,0.2683728910833691,0.3391463484537332,0.2056960220264953,0.18743656236910425,0,0,-0.024381078909724328,0.1354781804780889,0.08696742736566124
2011-11-28,41.14500045776367,41.625,40.97499847412109,41.275001525878906,1879200.0,0.07580516198752424,0.0650030950589329,0.5161026771237616,0.12674949636385824,0.2517978612083186,0.4463854283511007,0.19593168610389614,0.1920504760983457,0,0,-0.06305855668558732,0.09704215708775102,0.05424792604336416
2011-11-29,41.96500015258789,42.02999877929688,41.31499862670898,41.56999969482422,2540400.0,0.07525180185226371,0.06537677103379416,0.5379445496898388,0.12688473858043847,0.2725978467425247,0.4750446740238547,0.1803924713135118,0.19828780391750542,0,0,-0.08055725354376352,0.0735311868010278,0.049303446933519554
2011-11-30,43.16999816894531,43.89500045776367,42.95500183105469,43.875,2561600.0,0.07578485475531682,0.06608206767008065,0.6821670187459191,0.12709953741151714,0.30859474036701884,0.5921185612601995,0.17406347780605855,0.20457718312611806,0,0,-0.09682457880034057,0.04402217571540027,0.01419293136683256
2011-12-01,43.595001220703125,43.88999938964844,43.08000183105469,43.275001525878906,1896600.0,0.07575947232889435,0.0669790283478642,0.636268330505009,0.12724285152535497,0.2894822056442935,0.5814108202346014,0.16818655526342344,0.1999205479734577,0,0,-0.10142451881343482,0.03202276420049858,0.009686592297676282
2011-12-02,43.2599983215332,43.4900016784668,42.29499816894531,42.435001373291016,3056800.0,0.07511811676954044,0.06799733048989068,0.5753125688239595,0.127438778155751,0.24380278621073215,0.5447715932551006,0.1509534769034028,0.19241532687535998,0,0,-0.08607737360548688,0.04020800963868846,0.039052625807433204
2011-12-05,43.20500183105469,43.525001525878906,42.31499862670898,42.584999084472656,2882600.0,0.07455291107159295,0.06912456364170297,0.5849897246616981,0.12762847279674472,0.21091005227815987,0.5537615298396863,0.13542917536326263,0.1994928426884248,0,0,-0.08648525662479445,0.04229994369871992,0.015906662312149652
2011-12-06,42.560001373291016,43.125,42.25,42.720001220703125,1924800.0,0.07396739943250741,0.07002083473290546,0.5941216713585522,0.1277581358021479,0.20124103993949494,0.5527100969944112,0.1199869400662674,0.20421871601007438,0,0,-0.07103443914319309,0.05729713934873975,0.044616596266980266
2011-12-07,42.58000183105469,42.72499847412109,42.060001373291016,42.334999084472656,2954000.0,0.0731703589661048,0.07072061572854446,0.563071622186114,0.12794134895421094,0.17899864610181176,0.5376800159907831,0.10252003317724007,0.19696589504573891,0,0,-0.07127813428448354,0.0566478955944534,0.037102037434037526
2011-12-08,42.18999862670898,42.26499938964844,41.21500015258789,41.31499862670898,2837200.0,0.07269822646860463,0.07148796148111378,0.48629331385806285,0.12807831592203156,0.1671705743772468,0.4844836207901551,0.09736162662062273,0.18999984777423837,0,0,-0.06271403889720764,0.06637537342764833,0.048659535085394064
2011-12-09,40.79499816894531,42.17499923706055,40.59999847412109,41.970001220703125,2948400.0,0.0723123980941493,0.07228702190440608,0.5374954145581287,0.12824551486982416,0.18904813662881886,0.48828276965304274,0.10103989002509589,0.19723891931494478,0,0,-0.030497358427083423,0.10177906258809054,0.09475979778918367
2011-12-12,41.39500045776367,41.47499847412109,40.94499969482422,41.2599983215332,1896200.0,0.07136644050703089,0.07310469643138276,0.4852783814259387,0.12833493112136762,0.1926178351803015,0.46825614197363913,0.10445542032924962,0.19258326626397224,0,0,-0.04431738280326888,0.0810101885225697,0.07195616797537653
2011-12-13,41.60499954223633,42.03499984741211,40.369998931884766,40.68000030517578,2925200.0,0.07036294769859563,0.0739789054859957,0.4449912209888951,0.1284500857058316,0.1721120580314091,0.45833073178358863,0.115461283815708,0.1854011566211577,0,0,-0.05016965048551409,0.07731456026366715,0.07089188938560922
2011-12-14,40.41999816894531,40.67499923706055,39.935001373291016,40.09999847412109,2869000.0,0.06915300254812773,0.07463594105561713,0.40648890788802605,0.12854072620602208,0.14671131645704655,0.3972422262605706,0.13123090073849084,0.17835703226547778,1,0,-0.02175512081843823,0.1075467051912328,0.10607183896351263
2011-12-15,40.70500183105469,40.79999923706055,39.81999969482422,40.060001373291016,2821400.0,0.06833904003375363,0.07514336842317795,0.4038080627596472,0.1286280154624322,0.16284190685276592,0.4088708818956825,0.14307817741799014,0.171429778010645,0,0,-0.02917710793424718,0.1019949250254995,0.10187030523477324
2011-12-16,40.45000076293945,41.06499862670898,40.09999847412109,40.435001373291016,2922600.0,0.06802767021965617,0.07563700721512048,0.44070899836059396,0.12873236991142933,0.17629313666697038,0.4462361208409968,0.14805444941046406,0.17860550399248887,0,0,-0.02284076096256445,0.10846223806928712,0.12431351401691702
2011-12-19,40.5,40.720001220703125,39.400001525878906,39.56499862670898,2262200.0,0.06727124292659892,0.07602653999934275,0.37879382808098994,0.12878717903841963,0.15010619682903323,0.4072615588997189,0.1624773982181971,0.1730512278971877,1,0,-0.027204116155853234,0.1062198101415754,0.10881665330634287
2011-12-20,40.02000045776367,40.685001373291016,39.97499847412109,40.38999938964844,4068400.0,0.06709355819522472,0.07632575640346398,0.4587494336319645,0.12892892828124602,0.15621492740092147,0.4483121799205668,0.17587013639680635,0.18304018416370849,0,0,-0.015670389318962988,0.12068742264427132,0.14128649934576953
2011-12-21,40.58000183105469,41.1150016784668,40.27000045776367,41.08000183105469,2117000.0,0.06724416790805843,0.07673597310311461,0.5196053296367195,0.12902131690072904,0.1971473299921578,0.4850656476559635,0.1777968948879036,0.18823795734634158,0,0,-0.029215160262621935,0.09185439813162,0.12032673605090125
2011-12-22,41.1349983215332,41.32500076293945,40.85499954223633,41.18000030517578,2810800.0,0.06771630040555865,0.07705311507634008,0.5283060663574767,0.129147187612618,0.22707562503816067,0.5024927884297254,0.17460076709190805,0.19513918590644794,0,0,-0.042234584185016154,0.07680142291544632,0.10954235149517925
2011-12-23,41.27000045776367,41.775001525878906,41.18000030517578,41.755001068115234,1213800.0,0.06840334691461197,0.07745574790160045,0.5780813601763335,0.1292104174254851,0.24470865734567893,0.533011612853728,0.16132147093752439,0.19811937347804928,0,0,-0.04541036712060761,0.0733365817237281,0.11012627036921416
2011-12-27,41.650001525878906,42.220001220703125,41.59000015258789,41.97999954223633,1048600.0,0.06864195076046953,0.0777487596044936,0.5971544031641864,0.12926800344991585,0.24963753272721723,0.5626427405850492,0.14025944820574113,0.200693953052593,0,0,-0.05388576080574298,0.05735831832837056,0.1045383248020729
2011-12-28,42.060001373291016,42.119998931884766,41.31999969482422,41.39500045776367,1399200.0,0.06858272294703466,0.07809003237405174,0.5403181228319793,0.12933413319992548,0.2445300444242875,0.5340036527672898,0.12548921972823898,0.1972585613487006,0,0,-0.06336350348779465,0.04609332014515478,0.07991899901906485
2011-12-29,41.42499923706055,42.02999877929688,41.22499847412109,41.994998931884766,1251000.0,0.06794644387296528,0.07831478920743298,0.5939485302767681,0.1294028339491281,0.22814589515258454,0.5573761810915749,0.11373690018019897,0.2003300843772665,0,0,-0.04891889573108702,0.05966907098414765,0.09940818052811555
2011-12-30,42.060001373291016,42.1150016784668,41.744998931884766,41.744998931884766,1114000.0,0.06742862042576564,0.07863537858756317,0.5687170507258892,0.12946031515564116,0.22651321200205965,0.5815095466519457,0.1007689269237863,0.19759493117676896,0,0,-0.06334087189111703,0.04369565736741644,0.07619947683371853
2012-01-03,42.650001525878906,43.13999938964844,42.47999954223633,42.560001373291016,1474400.0,0.06747092619122907,0.07894148980549406,0.6396817538874515,0.1295517320695665,0.24181220886589525,0.6758602407090173,0.10040925072076984,0.20121495799796604,0,0,-0.07785363715790289,0.02982390618613329,0.055575512137627736
2012-01-04,42.54999923706055,42.84000015258789,42.290000915527344,42.650001525878906,1453800.0,0.06749292601555451,0.07905317916160406,0.6471995902241245,0.12964336602959203,0.2673880894772279,0.6642211138708151,0.09548295071219068,0.20478440658224192,0,0,-0.07401310172791618,0.031602471271234375,0.07401319135895808
2012-01-05,42.244998931884766,42.31999969482422,41.6349983215332,42.27000045776367,2289200.0,0.06734062500167232,0.07906283126973698,0.6039991557782437,0.12977609139088286,0.29004457460727373,0.6133208063459101,0.08130985563870444,0.19916383862301484,0,0,-0.06670568122440955,0.038687021497003427,0.08944905755962063
2012-01-06,42.2400016784668,42.470001220703125,42.119998931884766,42.380001068115234,1253400.0,0.06735585574859526,0.07921657646528343,0.6145147420834426,0.12985034762712055,0.30404399995948317,0.6427703390168286,0.06632974395512117,0.2022412542617075,0,0,-0.06718713323473058,0.03915303433579461,0.08859708756395168
2012-01-09,42.400001525878906,42.48500061035156,41.959999084472656,42.165000915527344,1711600.0,0.06764353572838827,0.07918003626649447,0.5885045367155672,0.1299468160071009,0.32807397743460104,0.62159616102786,0.054564112398247266,0.19803884113965042,0,0,-0.07078810581383072,0.03527604752727423,0.08258612344946917
2012-01-10,42.70500183105469,43.33000183105469,42.65499877929688,43.06999969482422,1536000.0,0.06801582594803862,0.07898768263841635,0.6755218727499452,0.1300509895375358,0.30521549251188673,0.6899251779975192,0.05578450428305587,0.2018101116207673,0,0,-0.07838255030035368,0.028222426203500094,0.08051693512038287
2012-01-11,42.95000076293945,43.29999923706055,42.90999984741211,43.29999923706055,1591000.0,0.06870625635025845,0.07879670765749988,0.6956857292718497,0.13016333356129794,0.32063507757814774,0.6844405243422216,0.056917725318949564,0.20571642108395544,0,0,-0.08242394386381097,0.021941019306247655,0.0669839410720938
2012-01-12,43.375,44.04499816894531,43.22499847412109,44.0,1364200.0,0.06982989737768153,0.07890632825386676,0.7533672578536839,0.13027166414140223,0.35877556972407604,0.7134304048395299,0.07167793148276785,0.20906587889016615,0,0,-0.09180135205912164,0.015473399093546862,0.07147808949738059
2012-01-13,43.84999847412109,44.0099983215332,43.20500183105469,43.7599983215332,1440200.0,0.07106861013880794,0.07910764440349674,0.7197385911076355,0.13038138828402468,0.3854736090407603,0.6890489011704816,0.08482926098017407,0.20552982176327517,0,0,-0.10113629427823137,0.004431811246005133,0.059431856328791
2012-01-17,44.369998931884766,44.52000045776367,43.79999923706055,44.02000045776367,1382200.0,0.0724088564788326,0.0792000295433409,0.7418518072603008,0.13049106570503355,0.3967511850769582,0.7074677925358388,0.10569689340064492,0.20892347414543647,0,0,-0.11357398529789814,0.003427822934926719,0.028679184557867766
2012-01-18,44.1349983215332,44.9900016784668,44.040000915527344,44.95000076293945,2100000.0,0.07393694052080046,0.07928551986937551,0.8130341966329647,0.13068216068211713,0.43196794614131945,0.7244263142203617,0.1322333877668724,0.21407950800633846,0,0,-0.10756466938698543,0.019423065607506132,0.04986377752602586
2012-01-19,44.70000076293945,44.70000076293945,43.369998931884766,43.880001068115234,4021200.0,0.07539733637088247,0.07923381192180615,0.6700255077515052,0.13099185132238322,0.4414629842447018,0.655342421368118,0.13799370243687573,0.204206439738977,0,0,-0.11790876856737031,0.006451633161404634,0.03448274106234268
2012-01-20,43.845001220703125,44.59999847412109,43.845001220703125,44.459999084472656,2433200.0,0.0767748119910861,0.0792351905689678,0.716412835596474,0.13119627815940194,0.4520060272513461,0.6663189622561058,0.14334256605902165,0.21018056430580878,0,0,-0.10129898784469522,0.02609390223091106,0.04478122390055568
2012-01-23,44.42499923706055,44.5,44.0099983215332,44.165000915527344,1358000.0,0.07781891797286677,0.07916279975797094,0.6796125915532142,0.13130499178102473,0.42149179751170207,0.646191641224709,0.14830936799387143,0.2068463290757588,0,0,-0.11302289281730071,0.012708107355845023,0.017543918354837554
2012-01-24,43.75,44.30500030517578,43.619998931884766,44.25,1800800.0,0.07885794746936298,0.0793751471888959,0.6869772254458779,0.13145076804912126,0.4269325757475476,0.6224092000230982,0.14167006032253596,0.21126775087419325,0,0,-0.09849424621186274,0.028076568612293233,0.034529638724466835
2012-01-25,44.040000915527344,44.845001220703125,43.82500076293945,44.709999084472656,1366400.0,0.07985805509356225,0.07959576755479172,0.7265823039212147,0.13156907505243287,0.42533841711479126,0.6444948969604043,0.1466143167502246,0.21462261023968682,0,0,-0.10485874326889125,0.02146894379524188,0.05491526113391596
2012-01-26,44.97499847412109,45.44499969482422,44.255001068115234,44.415000915527344,1910000.0,0.08068217186957488,0.07964540726861843,0.6855761366100172,0.13172695619722385,0.40475720420457123,0.6516428445542067,0.16185160246031174,0.20993307468048547,0,0,-0.12469239683295637,0.01051221718468697,0.03153656623316272
2012-01-27,44.369998931884766,44.7599983215332,44.03499984741211,44.52999877929688,1581200.0,0.08174319989932705,0.07976743779344195,0.6963866850255874,0.13185962975884025,0.4261980753843118,0.6211903716422269,0.16948112166713156,0.21381532265232273,0,0,-0.11189907246559043,0.02420355152044219,0.04896992440002797
2012-01-30,44.01499938964844,44.79499816894531,43.80500030517578,44.73500061035156,1609600.0,0.082670542846356,0.0799135991145982,0.7160884642786856,0.13199853828306374,0.4296025842898618,0.6151404458795502,0.16983828971013168,0.21776729984399312,0,0,-0.10363795172424663,0.03211318985799354,0.07051424827589058
2012-01-31,44.900001525878906,45.0,44.26499938964844,44.790000915527344,2158600.0,0.08370111196440116,0.08023418849472844,0.7215386526415877,0.13218582555795533,0.45509853243005294,0.6326371726728851,0.17427029801182223,0.22306721160215648,0,0,-0.12294623728533748,0.01218281349076815,0.043366460271380296
2012-02-01,45.36000061035156,45.81499862670898,45.150001525878906,45.43000030517578,2308600.0,0.08467245197794204,0.0807960816301824,0.7819625696994607,0.13240404642273218,0.4645066637058326,0.6969266090690732,0.19272741654326722,0.22873541149324142,0,0,-0.1330653932272304,0.01015847303096796,0.03259654062580112
2012-02-02,45.4900016784668,45.4900016784668,44.84999847412109,44.900001525878906,1325800.0,0.08543395575628371,0.08122353431235615,0.6953145609887681,0.13252023714144323,0.4449013978283077,0.6508424080001362,0.2007592429041364,0.22548023544905862,0,0,-0.1213956233171628,0.007153795863064388,0.028725434332207984
2012-02-03,45.48500061035156,45.77999877929688,45.34999847412109,45.61000061035156,2186800.0,0.08656436586110927,0.08187091777384467,0.7613088652744048,0.13273085499114345,0.4261801295857105,0.699556524697377,0.21321518539081777,0.23084938537621122,0,0,-0.11614699276974709,0.007349621495384908,0.038864117429461664
2012-02-06,45.334999084472656,45.47499847412109,45.21500015258789,45.43999862670898,972800.0,0.08760001017336949,0.08253346898411365,0.7340450403111427,0.13282227240217914,0.42745665641533714,0.669154433317276,0.22051800665665364,0.22846091407150387,0,0,-0.09822406231714796,0.01052399771569793,0.03573779974353459
2012-02-07,45.28499984741211,45.70000076293945,44.994998931884766,45.6349983215332,1378400.0,0.08877441734470692,0.0833401127557957,0.7525051274137602,0.13295495303719662,0.44620090719765004,0.671724541493944,0.23144285046414467,0.23184523648763114,0,0,-0.09033890110690868,0.011663705882802166,0.039282568251727726
2012-02-08,45.6150016784668,45.84999847412109,45.185001373291016,45.80500030517578,1224000.0,0.08970006769961786,0.08417847119820074,0.7687498104297392,0.13307515682938642,0.45502387295606983,0.6783816331793173,0.24433608725141628,0.23485046765227116,0,0,-0.0961981673235705,0.0051494862341959335,0.018954703529842704
2012-02-09,45.80500030517578,46.04499816894531,45.58000183105469,46.01499938964844,1846400.0,0.09061894897712625,0.0848320593609174,0.7888901561464113,0.13326093297194164,0.45523846457274353,0.6965206117457247,0.2598757816533315,0.23938384904311374,0,0,-0.09998912346993638,0.005239555991060925,0.022268321165111224
2012-02-10,45.58000183105469,45.58000183105469,45.09000015258789,45.415000915527344,1490000.0,0.09109785055202896,0.08536223835164883,0.6817914798817509,0.13339936155359622,0.44613663363050005,0.6120576732430103,0.25715420981842163,0.2357255202560928,0,0,-0.09464312538735586,0.010105320961826002,0.04618059389734647
2012-02-13,45.70500183105469,45.915000915527344,45.415000915527344,45.540000915527344,1035200.0,0.09170028553015541,0.08559182176509697,0.6959543342201799,0.13349697942256,0.432842240899383,0.6357118937872309,0.2615101395174052,0.23826719942409555,0,0,-0.08961804310192041,0.007486432479061794,0.04767140938424748
2012-02-14,45.52000045776367,45.68999862670898,44.84000015258789,45.2599983215332,1943200.0,0.09211995800055373,0.08586552872572381,0.6473304854770766,0.1336730753786597,0.4392771531972419,0.5783349562380437,0.24755655480267016,0.2334961494248076,0,0,-0.08530966311214623,0.0115282762544398,0.04106277765240821
2012-02-15,45.310001373291016,45.310001373291016,44.67499923706055,44.970001220703125,1619600.0,0.09212672707795616,0.08621507443025281,0.5988789964840473,0.1338136494686909,0.41379617102506905,0.535379186102252,0.22985000814799858,0.2295196196909424,0,0,-0.08119759584722229,0.016239434885365646,0.05600972031424139
2012-02-16,45.03499984741211,45.7599983215332,44.95000076293945,45.70000076293945,1404800.0,0.09274269891981812,0.08664459534616928,0.6899297618938559,0.13394805037194168,0.4404778436935075,0.6014319490413814,0.22382152535809421,0.23296876081846388,0,0,-0.07560599140730345,0.022459379455569677,0.0637091750210542
2012-02-17,45.93000030517578,46.22499847412109,45.77000045776367,46.060001373291016,1616800.0,0.09328421349239169,0.08710514082022716,0.7291378434320017,0.13410962531119097,0.42689126407316835,0.6755811297132983,0.22776931933266129,0.23693841584051453,0,0,-0.08687092241632102,0.006455102057340336,0.06367614439455288
2012-02-21,45.65999984741211,46.150001525878906,45.45000076293945,45.98500061035156,2848400.0,0.0939001853342536,0.08760843172030267,0.7154450847976465,0.13439075962689018,0.4519533677536256,0.642667486759666,0.22158917863500768,0.22994486972175585,0,0,-0.08033001851113679,0.01226657859017358,0.04732957534039298
2012-02-22,45.9900016784668,46.58000183105469,45.8650016784668,45.900001525878906,2048600.0,0.09445862195479865,0.08824064795901118,0.6992622777265372,0.13459012054296826,0.4099462079917,0.680267031459785,0.22463824558274617,0.22491503592773499,0,0,-0.07252371109937925,0.01283027388837475,0.021093778256632355
2012-02-23,45.845001220703125,46.25,45.7400016784668,46.09999847412109,1010200.0,0.09492906186018085,0.08881012444285494,0.7240996074180446,0.13469071580618797,0.40258490917693796,0.6585604750755943,0.22352262204601617,0.22739533374025078,0,0,-0.06394338291331496,0.01601308466051273,0.05010891417430091
2012-02-24,46.0,46.27999877929688,45.744998931884766,45.834999084472656,1290600.0,0.09540965473613205,0.08944096150840139,0.6707504274956128,0.13481481121950478,0.40933684534057657,0.6359241896760746,0.22314231849868796,0.22422658264459358,0,0,-0.060629029532708684,0.012581385038012096,0.024403471523573594
2012-02-27,45.595001220703125,46.59000015258789,45.34999847412109,46.470001220703125,1776400.0,0.0960662410424089,0.0902393323451127,0.7496253759866635,0.13499915380564986,0.4200226091106841,0.6637285464484071,0.20994699795415725,0.22858809624007279,0,0,-0.05214354614131733,0.021708278646433692,0.009817758421088988
2012-02-28,46.39500045776367,46.834999084472656,46.17499923706055,46.46500015258789,2121400.0,0.0966517526814944,0.09111698880663036,0.7485805073555225,0.1352185784301928,0.3991214506235886,0.7240193492764104,0.20372297625775806,0.22337951993887398,0,0,-0.06509579183163912,0.009468444483555511,0.018829351775660672
2012-02-29,46.459999084472656,46.56999969482422,45.470001220703125,45.625,2340400.0,0.0969343548849334,0.09188433455919973,0.590725769142206,0.13543577018501052,0.3665381108362325,0.5799554208703972,0.18110505263459983,0.21763324296360967,0,0,-0.06650167098763674,0.008070590740740893,0.042074719135577206
2012-03-01,45.744998931884766,46.4900016784668,45.744998931884766,46.33000183105469,1628400.0,0.0972389569126979,0.09269718355811038,0.6806135628321364,0.1356005604765803,0.382710913477664,0.6389548535649548,0.16010269498452437,0.22163137893460624,0,0,-0.052054794520547946,0.023890414303296234,0.046356201171875
2012-03-02,46.47499847412109,46.70000076293945,46.05500030517578,46.25,1115800.0,0.09769585866327507,0.09361896409280726,0.6667177859258439,0.1357121705640243,0.391181973852659,0.6612434479860223,0.14287520391528383,0.21889180627651367,0,0,-0.06162312603930514,0.00777035605706071,0.04262901383039738
2012-03-05,46.08000183105469,46.150001525878906,45.59999847412109,45.810001373291016,1310200.0,0.0977635481462305,0.0943663165685302,0.5925136815615835,0.13583594810670674,0.38158689284272623,0.5443135717137214,0.13137333836050766,0.21567493219815473,0,0,-0.05318925187394426,0.016324264938766892,0.06681073163006757
2012-03-06,45.1150016784668,45.47999954223633,45.02000045776367,45.20500183105469,1556200.0,0.09768401439165764,0.09493510399179331,0.5030405180903111,0.1359711594023174,0.368891513777108,0.3988804372586817,0.134509484081788,0.2118540655818044,0,0,-0.03263485487371487,0.03754632950106576,0.08993666903242842
2012-03-07,45.31499862670898,45.46500015258789,45.025001525878906,45.275001525878906,1958200.0,0.09756217487162133,0.09549975494757104,0.5137274462353404,0.13614256566397898,0.3581737985321103,0.4099661365325614,0.13742161939440553,0.21666194439438452,0,0,-0.03340334609821574,0.033624607813188434,0.11469972709367436
2012-03-08,45.755001068115234,46.69499969482422,45.70000076293945,46.470001220703125,2057400.0,0.09778724185374343,0.09614989622938333,0.6687071628718761,0.13635215965239533,0.35903116959769155,0.6370975609959976,0.12858674174413323,0.22171338442553679,0,0,-0.04307014240131709,0.023854179568389453,0.10800660905231212
2012-03-09,46.5,46.81999969482422,46.29999923706055,46.3849983215332,1498600.0,0.09791246655801572,0.09675729208517811,0.6553579994967301,0.13650290490163652,0.3263117459269353,0.6693645612979755,0.1231251658874821,0.21803394045222835,0,0,-0.05799439690187814,0.007208932121211325,0.08618465596964398
2012-03-12,46.47999954223633,46.81499862670898,46.34000015258789,46.54499816894531,1302800.0,0.09829490974823507,0.09746741424953062,0.6741456205613324,0.13663624334509172,0.3179993128640431,0.6708987831104949,0.11805370259202028,0.22123264564936315,0,0,-0.05766949086680764,0.007653326615978931,0.09744530821003312
2012-03-13,46.85499954223633,47.20500183105469,46.685001373291016,47.15499877929688,1717600.0,0.09884149951502363,0.0981789155870452,0.7408501264482567,0.13682441917087895,0.3418167010114858,0.7348874209926266,0.12223844745949983,0.2254497902967371,0,0,-0.055645080126266525,0.0075196541537707025,0.11236437314387454
2012-03-14,47.09000015258789,47.29499816894531,46.625,46.84000015258789,1530600.0,0.09937624501019471,0.09888145440300791,0.686354464767241,0.13698587996963008,0.3352473486516149,0.6992519005617519,0.12811478358573233,0.22169177818840538,0,0,-0.05121410196256087,0.004347323118740595,0.11706076981571664
2012-03-15,46.95000076293945,46.98500061035156,46.630001068115234,46.81999969482422,2040600.0,0.10000236982262567,0.0994688564559558,0.6828543461311275,0.13720012404227044,0.3384789907595114,0.6672387137174677,0.13357138141723393,0.21668158642814034,0,0,-0.0485696310518311,0.007365444169128561,0.12553375424765806
2012-03-16,47.03499984741211,47.2599983215332,46.66999816894531,46.79499816894531,2810400.0,0.100372967450158,0.10004040117354221,0.6781851916384771,0.1374933713763501,0.30326637934872375,0.6696717369291569,0.14509956042242275,0.2097813399697218,0,0,-0.05040582284780433,0.005553146587524327,0.1192866108687749
2012-03-19,46.67499923706055,47.3849983215332,46.67499923706055,47.22999954223633,3569800.0,0.10076894879518233,0.10072432483381974,0.7323012599920266,0.13788301601750919,0.32285888556942605,0.6834631048774271,0.158668093633305,0.21854610648241127,0,0,-0.042739610604948484,0.015172542200115628,0.1462763433816243
2012-03-20,46.880001068115234,47.095001220703125,46.65999984741211,46.96500015258789,2414800.0,0.10110062584148721,0.1013565405465279,0.6801598713099486,0.138137811207375,0.31618065652759775,0.6359270558909659,0.17063960584827811,0.2126171585932179,0,0,-0.04668646733910769,0.010692298503335054,0.14217658728924767
2012-03-21,46.94499969482422,47.32500076293945,46.68999862670898,47.06999969482422,1573200.0,0.10149660718651154,0.10203288033241517,0.6941010199147705,0.13830535096609753,0.3431595331620479,0.6435251348665388,0.18732706932991441,0.21647976453129933,0,0,-0.04833387523450459,0.009368649532192951,0.1417012404487379
2012-03-22,46.79999923706055,46.810001373291016,46.28499984741211,46.47999954223633,1403600.0,0.10162521707501981,0.10250307791460597,0.5832608883519735,0.13844456098276237,0.3334458007334593,0.5529572205458971,0.1857996099996371,0.21303356970884121,0,0,-0.045145528229813506,0.012428278909400169,0.12821329693094757
2012-03-23,46.540000915527344,47.084999084472656,46.185001373291016,46.82500076293945,1505000.0,0.10196027930556079,0.1029891328321583,0.6334909204142438,0.13859978064782186,0.3520987080471507,0.5786590879142963,0.19161822772858086,0.2167287273091543,0,0,-0.04012482136046649,0.018179806676590242,0.14866609112448462
2012-03-26,47.165000915527344,47.709999084472656,46.915000915527344,47.70500183105469,1606400.0,0.10237826047491055,0.10350000760662395,0.7406332666094494,0.1387820945298005,0.354019488261382,0.6966354750470425,0.21102268918720643,0.22067284768732237,0,0,-0.05317675681572133,0.011639042393281961,0.13005873045084793
2012-03-27,47.78499984741211,48.165000915527344,47.720001220703125,47.869998931884766,1613400.0,0.10285377686557723,0.10406672679614434,0.7581435728535733,0.1389680024119121,0.35066110691804897,0.7392196297910494,0.23740936611282012,0.2246341548450268,0,0,-0.06519233814025419,0.007965644136457485,0.10868884130124312
2012-03-28,47.880001068115234,48.20000076293945,47.185001373291016,47.38999938964844,2311200.0,0.10345113406734968,0.10453140873768771,0.6694492789369537,0.1392203251061983,0.3544523477244261,0.6729209997679063,0.2415309932100099,0.21895957129297122,0,0,-0.06695220185016408,0.006684765029544978,0.10413621728809364
2012-03-29,47.0,47.90999984741211,47.0,47.845001220703125,2069600.0,0.10396387973819532,0.1049305941560433,0.722072328696297,0.1394568772759991,0.365017633261391,0.6582951749042377,0.23893461150350517,0.22404096542560112,0,0,-0.04325805578103332,0.025321814272940748,0.11806290974389125
2012-03-30,48.20000076293945,48.20000076293945,47.70500183105469,47.900001525878906,1379800.0,0.10452231635874037,0.10548490341710706,0.7282706480047559,0.1396151305280372,0.3668737329988848,0.6908724004765565,0.2430032192183161,0.22742872519763568,0,0,-0.06646463003536837,0.0,0.07022678492267753
2012-04-02,47.81999969482422,48.900001525878906,47.79499816894531,48.84000015258789,3147400.0,0.10554780770043154,0.10608885239199753,0.8221577639403262,0.1400103186691669,0.40582520359208824,0.7468794348120751,0.2602203800407622,0.23515639232801802,0,0,-0.05845509703267531,0.02254701036849019,0.06826723076401137
2012-04-03,48.61000061035156,48.685001373291016,47.255001068115234,47.84000015258789,4339800.0,0.10643961266833007,0.10659559017297729,0.6548955908444263,0.1405008967322452,0.39976607027564026,0.6533018270911405,0.2580839514085431,0.22450108006633113,0,0,-0.0735053263999154,0.0059377746646460125,0.04637590873407116
2012-04-04,47.4900016784668,47.52000045776367,46.8650016784668,46.959999084472656,4387600.0,0.10700989356049256,0.1069692661478385,0.5395850313866896,0.1409482206265792,0.3574804650437767,0.5217795055948808,0.24450361465929651,0.21372840665295323,0,0,-0.05163046013430063,0.029473240863604717,0.04044727325296793
2012-04-05,48.84999847412109,49.275001525878906,47.650001525878906,48.14500045776367,10618200.0,0.1075767905594886,0.10744291113693419,0.6602103545082172,0.14216827282757782,0.2915099752425244,0.696539936667133,0.26150211932656886,0.23979878700620538,0,0,-0.08155873277314021,0.00905032069939599,-0.0014906238541079948
2012-04-09,47.4900016784668,47.81999969482422,47.09999847412109,47.125,5608400.0,0.10782724125910265,0.1078165871117954,0.5464224694877533,0.14273871623029744,0.23886782346291144,0.5361257445830131,0.2631452481183868,0.2260287392416898,0,0,-0.05130337931702776,0.037075497568600964,0.047356916764328565
2012-04-10,47.04499816894531,47.18999862670898,45.92499923706055,46.04499816894531,6467600.0,0.10765801819724896,0.10802548713581564,0.44812799212906274,0.1433097545835823,0.17557221275788518,0.3837117540015783,0.23972888448859322,0.21014913705179947,1,0,-0.042970773712077255,0.04732102614182692,0.054854172926682696
2012-04-11,46.65999984741211,47.43999862670898,46.560001373291016,47.27000045776367,3005000.0,0.10769694006954589,0.10837503284034458,0.562499949305811,0.1436163639433562,0.18128268850118703,0.49532277964397015,0.2222190133727238,0.21752717598132826,0,0,-0.03561731903280913,0.056792307144241876,0.08122492837863139
2012-04-12,47.380001068115234,48.560001373291016,47.220001220703125,48.415000915527344,3351600.0,0.10822999297259894,0.1088748763335152,0.6499433817008418,0.14400158046964506,0.22097502666632263,0.638577302369064,0.22274329892712427,0.22575620602332785,0,0,-0.04992596969530923,0.040088860575681146,0.09985185869044423
2012-04-13,48.15999984741211,48.30500030517578,47.79999923706055,47.86000061035156,2812000.0,0.10858197725111135,0.10920994387584479,0.5987309662746115,0.1443053596458196,0.19237374998289736,0.6169847495150487,0.22323013551335333,0.21885203115815813,1,0,-0.06485591924550388,0.02303008690245012,0.07084581721190743
2012-04-16,48.6150016784668,48.744998931884766,47.755001068115234,48.45000076293945,2475000.0,0.10914210646377437,0.10969944567430143,0.642469268266082,0.14458875127977866,0.22512715016414592,0.6525063814875135,0.22978824026447145,0.22492878535136404,0,0,-0.07511494306010452,0.013790218115236695,0.08221891994173221
2012-04-17,48.78499984741211,49.369998931884766,48.630001068115234,49.16999816894531,2452200.0,0.10979869147898175,0.11019032611991977,0.692153176373875,0.1448890798343021,0.2140680451799965,0.7293001812254394,0.24385932556818254,0.2309495597483659,0,0,-0.07770896450693916,0.012074284319106468,0.048400437229649575
2012-04-18,48.81999969482422,49.44499969482422,48.58000183105469,49.23500061035156,3161200.0,0.11056696433472596,0.11071361082284206,0.696578497223295,0.14527721440592856,0.22225553641728474,0.7061957497840032,0.2578554540347413,0.238711109386977,0,0,-0.07718117368859594,0.01271100311723697,0.058979085496702
2012-04-19,49.48500061035156,50.95000076293945,48.69499969482422,50.5,7325800.0,0.11172783464232794,0.11138443549408225,0.7762250825247703,0.14627719824632202,0.27342308599099974,0.781115770633571,0.28684097694438715,0.2566978107480226,0,0,-0.07687620189886461,0.02975525813804656,-0.00010157546568980665
2012-04-20,50.650001525878906,51.09000015258789,50.14500045776367,50.64500045776367,4019000.0,0.113137463057426,0.11205181275841772,0.7845923080080139,0.1468284980079977,0.2808606328952896,0.7942333063856393,0.31502001547807756,0.26656547745610126,0,0,-0.09356440175877939,0.008712844093247215,-0.03495055850189511
2012-04-23,50.29499816894531,50.52000045776367,49.70000076293945,50.505001068115234,3354000.0,0.11438294489595485,0.11267092948208854,0.7678718246796562,0.14728103581778595,0.31331758939937204,0.7177786296185079,0.32997841096255187,0.25833055480397493,0,0,-0.08628687713270349,0.015697541247049345,-0.015796213443175323
2012-04-24,50.61000061035156,51.08000183105469,50.54999923706055,51.0,3629600.0,0.11549812425385747,0.11344103305498168,0.7989939945304335,0.14778909538394247,0.32516640466211544,0.731452068837688,0.3497127626085377,0.26724214551898917,0,0,-0.09276311799246245,0.00950400023928246,0.005840969462557987
2012-04-25,51.334999084472656,52.1349983215332,51.19499969482422,52.084999084472656,2344400.0,0.11692467471692702,0.11434350884741232,0.8595025936607411,0.14814501268553315,0.35793444408598174,0.7475474391651235,0.3774990306460213,0.2729982435111314,0,0,-0.1060784283806296,0.0156862595502068,-0.0008823170381433823
2012-04-26,51.845001220703125,52.90999984741211,51.70000076293945,52.61000061035156,2474200.0,0.11869136389582197,0.1153569849353723,0.8854521002006482,0.14853427329506552,0.3907552079878818,0.7381207026505976,0.409146636134878,0.2790730335009617,0,0,-0.11366040295097984,0.020447319678008346,-9.601743694232435e-05
2012-04-27,52.86000061035156,53.05500030517578,52.53499984741211,52.83000183105469,1886000.0,0.12037851802907457,0.11644078360058649,0.89615955047317,0.14883489046117393,0.371749385771729,0.7222653469518191,0.4395773554846456,0.2837036429588956,0,0,-0.13181907038272267,0.0037065138293469347,-0.03573467109493484
2012-04-30,52.94499969482422,53.20000076293945,52.45500183105469,52.619998931884766,2057600.0,0.1219759828550463,0.11739496734058649,0.8665552393433557,0.1491571329215864,0.3610776014841259,0.6890449752019836,0.46891467007989096,0.2786517118768994,0,0,-0.13287905005593156,0.004826823003540743,-0.016467895168108062
2012-05-01,52.53499984741211,53.834999084472656,52.4900016784668,53.52000045776367,3296000.0,0.12355991081728257,0.11842361065132648,0.912656154518586,0.1497051900716727,0.3479059955543244,0.6857120822599478,0.5007145897093911,0.2867442297842961,0,0,-0.12561765002899444,0.02470542119819049,-0.030026568765284253
2012-05-02,53.119998931884766,53.65499877929688,53.04499816894531,53.595001220703125,2404400.0,0.12550766862071822,0.11947293735149436,0.9163044151062699,0.1501055934843566,0.3819213021478775,0.6720579222286506,0.5302430865082125,0.2926476430296069,0,0,-0.13443571811069563,0.013359494515553053,-0.041853472432932214
2012-05-03,53.5,53.97499847412109,53.275001525878906,53.59999847412109,2159200.0,0.12775495067556436,0.12053467345411853,0.9165634657654554,0.15046425081655268,0.4189395627623163,0.6643315532847949,0.5599774692943726,0.2979490279403019,0,0,-0.14133782237910125,0.008862738376757426,-0.02668159851862059
2012-05-04,53.29999923706055,53.375,52.709999084472656,52.834999084472656,2346400.0,0.12934226253096714,0.12146334827662461,0.7998293352881481,0.15083264464722201,0.45251099848258397,0.6280838473482051,0.5707080217201295,0.2921880194397208,0,0,-0.13759328749908015,0.012593269706648218,-0.016977609576826227
2012-05-07,52.505001068115234,53.52000045776367,52.47499847412109,53.45000076293945,2005200.0,0.1314829345216304,0.12251336456337356,0.8398212505909451,0.15116050354259625,0.5394780082783345,0.6254448791145392,0.5739988360918261,0.29711129520061635,0,0,-0.12453869490060127,0.02782241755423557,0.011072188787916113
2012-05-08,53.0,53.369998931884766,52.47499847412109,53.255001068115234,2474400.0,0.13392313205477374,0.12344893367368878,0.8110956655434564,0.15155851173375223,0.6279907072687143,0.6128036779560869,0.5770545922941159,0.2910360141599421,0,0,-0.13236671023295918,0.018241318245164926,0.00037419003701005674
2012-05-09,52.44499969482422,53.34999847412109,52.1349983215332,52.970001220703125,3002800.0,0.13585227521811993,0.12434589435147234,0.7689226164035817,0.15203024439886392,0.6189949213672536,0.5968629134939708,0.5697211411250777,0.28366337678969616,0,0,-0.12242982493652259,0.028729673244019645,-0.02319032176474747
2012-05-10,53.494998931884766,53.505001068115234,52.7400016784668,52.8650016784668,1949800.0,0.13735836072683183,0.1253442026906519,0.7531355620456452,0.1523333072412565,0.5697457482001406,0.600602333588528,0.5650871960269456,0.27887612211255963,0,0,-0.14291107268967765,0.009061724205675779,-0.02643001092917583
2012-05-11,52.595001220703125,53.18999862670898,52.459999084472656,52.595001220703125,2072600.0,0.13896090332915756,0.12620807005055087,0.7119497378047912,0.15264837849394308,0.5802208342437378,0.5813129483737014,0.5522199010664364,0.27378736221727135,0,0,-0.12617046764153292,0.026104174966480105,-0.03650809124937411
2012-05-14,52.0,52.255001068115234,51.4900016784668,51.560001373291016,2829800.0,0.14001347098045874,0.1269402547774934,0.5734884545625671,0.15304449093432504,0.538810364026584,0.5165849747603699,0.5147599998947497,0.2668394838269949,0,0,-0.11550528799204843,0.03755106812971538,-0.011027698784925204
2012-05-15,51.40499877929688,51.80500030517578,50.93999862670898,51.09000015258789,2805000.0,0.14066328820933316,0.12766830251095004,0.519816472488038,0.1534210374251629,0.5018148291828786,0.472060197830558,0.4681453152878242,0.25995249574136153,0,0,-0.10628392933044162,0.0498448337155303,0.006497340772831169
2012-05-16,51.21500015258789,51.72999954223633,50.810001373291016,50.875,1595000.0,0.14121833964564218,0.12845012642571882,0.49597632386702384,0.15363074162181845,0.4643557727368004,0.4452536602986501,0.4275702742159776,0.2560363652612955,0,0,-0.10354278527555233,0.05402228054981503,0.010471713560662609
2012-05-17,51.0,51.06999969482422,49.3849983215332,49.42499923706055,2631800.0,0.1408545098044428,0.1290223607298863,0.36040816874257464,0.1539333662442759,0.3779720215532951,0.351860586847603,0.41472513628746477,0.24957462720647558,0,0,-0.09975431475065265,0.05847662848395256,0.04049142748483569
2012-05-18,49.834999084472656,49.875,48.54499816894531,48.77999877929688,2702000.0,0.1402233072156579,0.12934088135027336,0.3122556570271281,0.1542236648221853,0.3532019276265016,0.3078739191958685,0.41385956846457206,0.24294053030544835,0,0,-0.07910976039996089,0.08376326663742502,0.050885168001431114
2012-05-21,49.06499862670898,49.86000061035156,48.810001373291016,49.77000045776367,1885200.0,0.13997454910816182,0.1298076320515598,0.4308260316293213,0.15444635110820548,0.33233030229183785,0.3485367019745754,0.4130558269147431,0.24756917556000665,0,0,-0.06437063280495824,0.10065600595086531,0.06918819361333013
2012-05-22,50.0,50.36000061035156,49.369998931884766,49.630001068115234,1652200.0,0.13951087828018216,0.1302330164999909,0.4190917756870799,0.15463852206521,0.29084120843689426,0.38243410324230487,0.40033310934301325,0.2435126045385865,0,0,-0.0691179143071994,0.0798673586007778,0.05515368508413527
2012-05-23,49.18000030517578,50.625,48.935001373291016,50.400001525878906,3235000.0,0.13894059738801962,0.13068046298501154,0.5035076516184539,0.15504122543531562,0.29432484941285425,0.4124876206032728,0.39477385842546486,0.25145535193859503,0,0,-0.03949222329821501,0.09661491166128242,0.07263750684366513
2012-05-24,51.935001373291016,52.29499816894531,51.119998931884766,52.09999847412109,4060600.0,0.1387679891419299,0.1314057528981444,0.6506858714491418,0.15562064018883348,0.3126486050442135,0.526310795827756,0.356733897212951,0.26142515722220394,0,0,-0.08293651148064897,0.04047613172754753,-0.004960317310141993
2012-05-25,51.7599983215332,52.32500076293945,51.32500076293945,51.59000015258789,1927600.0,0.13834831538046216,0.13206347805434696,0.6012018011908076,0.15588383886290824,0.2981462643431293,0.5237541866176328,0.3219124688286775,0.25669240918873976,0,0,-0.076871350685496,0.042514399567364865,-0.013243736025284489
2012-05-29,52.30500030517578,52.97499847412109,52.1349983215332,52.54999923706055,1975200.0,0.13832462425508818,0.13285702283699172,0.6724906673350981,0.15617377393808451,0.31218363805190363,0.5757786231041507,0.30021732461722794,0.26154202732305104,0,0,-0.07288238273133359,0.03237057887198967,-0.036150449175241
2012-05-30,52.040000915527344,52.10499954223633,50.86000061035156,51.130001068115234,2990600.0,0.13751573822599855,0.1333947857021134,0.5465340624887972,0.1565647340692614,0.2691016440314536,0.5052298961170854,0.27848410304404947,0.2541993440542827,0,0,-0.06650814076733998,0.03682202829089859,-0.03254042072881117
2012-05-31,51.20500183105469,52.06499862670898,50.65499877929688,51.720001220703125,2496000.0,0.13688115174404714,0.13405044262457325,0.5907933747082541,0.1569061031043436,0.2608886491613156,0.5187086877484708,0.26126924293838394,0.26032765858609763,0,0,-0.05202432244360265,0.054175563958549854,0.0090943932755088
2012-06-01,50.18999862670898,50.75,49.36000061035156,49.47999954223633,2962200.0,0.13548675407587202,0.13438275234657907,0.4326919550424476,0.15723717823903127,0.23217450020524588,0.4182109428214845,0.26196814967953796,0.25305470453716244,0,0,-0.03180588590367596,0.07318251659083493,0.016918019708973712
2012-06-04,49.45500183105469,49.5,48.369998931884766,48.8849983215332,2805400.0,0.13414989162901386,0.13471437248200388,0.3982761667458101,0.15753136629064235,0.24737895129833282,0.3750659246096559,0.27299058975832347,0.2461667343498413,0,0,-0.021928110533706836,0.09134997342124289,0.0527485210145644
2012-06-05,48.66999816894531,49.58000183105469,48.650001525878906,49.494998931884766,1931000.0,0.13281133659003763,0.1350825328162176,0.44757655299737786,0.15774614443137946,0.24539650090047482,0.41282462169704465,0.28167510586711686,0.2509078302476516,0,0,-0.006136836398916294,0.10852000587752891,0.07006245615946238
2012-06-06,49.95000076293945,50.90499877929688,49.935001373291016,50.90499877929688,1831200.0,0.13201598742468357,0.13552377354800924,0.5494358478152243,0.15797753258933023,0.24530481584969835,0.5060422192855184,0.2663249242313217,0.2554038917743582,0,0,-0.0319224540893332,0.08132130110197301,0.1218304658940469
2012-06-07,51.77999877929688,52.22999954223633,51.19499969482422,51.290000915527344,3591000.0,0.13144739783356946,0.1359953503033622,0.5748491354628551,0.15844484615609222,0.19458734642045034,0.5801688855908859,0.2413649907129848,0.2642207096765006,1,0,-0.06698752439218145,0.04311953143031826,0.10107063316257542
2012-06-08,51.20500183105469,51.90999984741211,50.8849983215332,51.84000015258789,1161200.0,0.13110049004034163,0.13660895138638549,0.6107006123717927,0.15860247189534538,0.223535324920752,0.5871028981573965,0.21444480511836225,0.2670717508761575,0,0,-0.05527398807886673,0.054006562558430775,0.08130236097700873
2012-06-11,52.39500045776367,52.459999084472656,50.89500045776367,50.97999954223633,2061400.0,0.13055389898248354,0.13704122959662526,0.5462402250148137,0.15886248060601638,0.2168901304189763,0.5877428992351742,0.19630889479616168,0.2620104898281273,1,0,-0.07764277611943593,0.03047835670730684,0.036361850231188896
2012-06-12,51.22999954223633,52.125,50.915000915527344,52.07500076293945,1430800.0,0.13072819852962175,0.13761691130769757,0.6179405249670806,0.1590595806347158,0.2622085119059554,0.6092656789347374,0.17946840663983263,0.26552346756535516,0,0,-0.05610044401789541,0.05384462449064087,0.04933306026346254
2012-06-13,51.685001373291016,51.81499862670898,50.790000915527344,50.95500183105469,1292800.0,0.1306825088709918,0.13790854436342906,0.5377697506137096,0.15922166670744242,0.27415653140865737,0.5677433275841379,0.1618290292610153,0.26234931491041513,0,0,-0.0636582312595079,0.043974979688522785,0.04666347133124105
2012-06-14,51.02000045776367,51.22499847412109,50.310001373291016,50.880001068115234,2165000.0,0.13068420146310977,0.13832772358463155,0.5325809103474102,0.15949077855741367,0.2979381047072501,0.5381290372274997,0.14294874463036053,0.2570336895252471,0,0,-0.05200670063098407,0.05799230517457232,0.08222938820807532
2012-06-15,51.2400016784668,52.130001068115234,51.09999847412109,52.06999969482422,2017200.0,0.1315793916152443,0.13903233063433698,0.6121563776677398,0.15976686430382658,0.35156553781641586,0.610454044432831,0.13385989105934412,0.2619864283367764,0,0,-0.05640728550181899,0.04481129582219433,0.08362808891693264
2012-06-18,51.77000045776367,52.44499969482422,51.65999984741211,52.38999938964844,1156400.0,0.13280118232839916,0.13961766445354215,0.6321608595033023,0.1599288347770228,0.38584377382786333,0.6362675144786281,0.12979077123603036,0.26482568431617975,0,0,-0.06529674564635858,0.0336086039995493,0.056846535468039985
2012-06-19,52.619998931884766,53.345001220703125,52.60499954223633,53.09000015258789,1549400.0,0.13392482335582223,0.14044016556058572,0.6749076628600458,0.16015721515719428,0.372334423636073,0.6995632320865045,0.1375514179316004,0.26862985520383764,0,0,-0.0811223525389035,0.01689257771599313,0.026913530518015497
2012-06-20,53.01499938964844,53.44499969482422,52.665000915527344,53.02000045776367,1381200.0,0.13507215550861928,0.1414019337009764,0.6687021335766352,0.16035939966411783,0.380591903914722,0.692463650668829,0.14597494929225072,0.2652386580758958,0,0,-0.08749294489382761,0.009229641685034193,0.01516293657679602
2012-06-21,53.04999923706055,53.21500015258789,51.125,51.209999084472656,1698200.0,0.13534629604253778,0.14194521168074511,0.5250188223298501,0.16057437701881971,0.3314074541965356,0.5772136837642284,0.12755538491763266,0.26106914536037973,0,0,-0.08826858288890288,0.008581701756437122,0.029234236583896046
2012-06-22,51.90999984741211,52.3650016784668,51.18000030517578,52.095001220703125,3313000.0,0.1353446047414893,0.142452639048306,0.585169650753353,0.1610240696371643,0.3200349844852536,0.5799516962673497,0.11045150371263021,0.2692034025895075,0,0,-0.0691271427224201,0.029974611889370947,0.05936342452404183
2012-06-25,51.6150016784668,51.6150016784668,50.59000015258789,50.665000915527344,2720000.0,0.1350315423352738,0.1428394145382049,0.48862474201921036,0.1613501380370711,0.3023304980140431,0.49111445473120274,0.09969733848902443,0.2625251111125297,0,0,-0.062290098292433316,0.03512809239805067,0.07956611087320868
2012-06-26,50.90499877929688,51.72999954223633,50.57500076293945,51.41999816894531,2111800.0,0.134649097853985,0.14324894112527406,0.5399303063755183,0.16161967527505605,0.3148551218484958,0.5257989339545717,0.08778514722571079,0.2677101169732215,0,0,-0.05003453669405171,0.0501332452310072,0.09177936330508996
2012-06-27,51.16999816894531,51.959999084472656,51.16999816894531,51.7400016784668,1488400.0,0.13485555019601764,0.14360331340986995,0.5612205182374885,0.16181434332402578,0.3442743471627761,0.564106865299625,0.07276272688098406,0.27136451735349126,0,0,-0.05445350713278678,0.044243516275597125,0.08780636649404827
2012-06-28,51.505001068115234,51.845001220703125,50.82500076293945,51.75,2177200.0,0.13486570316658664,0.14395010129407512,0.5619158179676197,0.16209870880622512,0.3504894871251563,0.5485883849825202,0.0646102466406259,0.2767100968401369,0,0,-0.06059145795380206,0.03749514038992339,0.07547349541200461
2012-06-29,52.61000061035156,53.084999084472656,52.415000915527344,53.060001373291016,1540600.0,0.1360773409091725,0.1443030944055089,0.6482641118192828,0.16232107307032873,0.39895749672745806,0.6841092280899731,0.06335530045137813,0.2804926614906634,0,0,-0.08193239958389946,0.016135248009133456,0.047536214192708336
2012-07-02,53.15499877929688,53.15499877929688,51.88999938964844,52.34999847412109,1776400.0,0.1372500567794615,0.14453819293360406,0.5922161061013771,0.16256348483406668,0.39600414611741874,0.6374566096349451,0.053167031141868326,0.27613114789518417,0,0,-0.09018092204235707,0.005465527855664839,0.020448602922880362
2012-07-03,52.2400016784668,52.619998931884766,51.96500015258789,52.43999862670898,1090200.0,0.13824678051049427,0.14480500560642176,0.5983264584483367,0.16271304982309176,0.3824128767199078,0.6120442993546991,0.043706495354466385,0.27880786604525815,0,0,-0.07392555605317055,0.023018109865907743,0.04727790919315107
2012-07-05,52.20000076293945,53.060001373291016,52.0099983215332,52.744998931884766,1239200.0,0.13886952142975872,0.14504561977516447,0.6197436365195279,0.16288685406920766,0.36571428663892147,0.6366341350636501,0.042104514830622775,0.28185041707403424,0,0,-0.07303588732559527,0.023741399017708158,0.05377573929584208
2012-07-06,52.095001220703125,52.94499969482422,51.93000030517578,52.78499984741211,1773400.0,0.13937549802320187,0.14514214138249407,0.6226617526379568,0.16313589301465592,0.41755430607457544,0.6172950386717226,0.039043898652652204,0.286204564906855,0,0,-0.07062285267327148,0.025594814702043896,0.05744618145143647
2012-07-09,52.68999862670898,52.78499984741211,51.5,51.685001373291016,2057000.0,0.13932303928716944,0.145014595217023,0.5267121587780768,0.16340000627120232,0.3867045893783391,0.5359292319219788,0.027773017049365967,0.2811541069773905,0,0,-0.08184142668015956,0.014303326139959379,0.035805687407582165
2012-07-10,51.744998931884766,52.220001220703125,50.810001373291016,51.06999969482422,1250200.0,0.1393534994899459,0.14477191228853717,0.47886282170368055,0.16355203208462232,0.3998124559912738,0.4480987816639076,0.026761879770654584,0.2780845481522002,0,0,-0.0652994081517831,0.03289156849704474,0.03850249831849979
2012-07-11,51.08000183105469,51.09999847412109,49.915000915527344,50.43999862670898,2796000.0,0.13880013935468533,0.14447131671125382,0.4327655127661375,0.16387250137877185,0.37941826601367185,0.34967480170493304,0.039426407492354515,0.2712196573545421,0,0,-0.05306447846806179,0.0463089461112571,0.08703739419200947
2012-07-12,49.94499969482422,50.630001068115234,49.560001373291016,50.33000183105469,1505400.0,0.1385886105273682,0.14403145462662384,0.4247739498750137,0.1640428487554998,0.3986463820394457,0.33290116153999905,0.05604151150117345,0.26752351765254123,0,0,-0.03122523405671663,0.06938937540229592,0.09020617289730123
2012-07-13,50.63999938964844,51.72499847412109,50.63999938964844,51.66999816894531,2042600.0,0.13885598198388427,0.14376602007496733,0.5450095631510512,0.16430251357033498,0.4149399500300607,0.4660653737167667,0.05004614540014796,0.27253861992124523,0,0,-0.04510233211163988,0.05573217172913028,0.07818401013574046
2012-07-16,51.45000076293945,51.69499969482422,50.79999923706055,51.06499862670898,1320200.0,0.13851584326805882,0.1434164743704384,0.49679801982527083,0.16446154960509152,0.3859246849925678,0.45374106626185523,0.044479019734909975,0.2692971933006915,0,0,-0.05960909503004065,0.03861039292785962,0.06270559277311581
2012-07-17,51.29499816894531,52.15999984741211,50.959999084472656,52.06499862670898,1810400.0,0.13840584801964,0.14331030065497594,0.5770533242112761,0.16469838935818415,0.39254391256698706,0.5202730840678675,0.03197091746842698,0.2737421855396329,0,0,-0.051796665312803324,0.04210323281501807,0.06168611790055612
2012-07-18,51.7400016784668,52.43000030517578,51.7400016784668,52.095001220703125,1674800.0,0.1380690944880506,0.1431234626675453,0.5793755799196655,0.16491757027470666,0.38712966285089456,0.5722227089049788,0.02512350913210662,0.27785424530641323,0,0,-0.04187074546579276,0.032747489893964386,0.05982902037707073
2012-07-19,54.625,56.09000015258789,53.42499923706055,55.97999954223633,8464000.0,0.1390708947043679,0.14349920687614923,0.801085265516034,0.16636451720393497,0.48577192608900266,0.8927303546538057,0.061424561362095176,0.29863551702006774,0,0,-0.09722619268691174,0.028121703009111043,-0.007294386394297996
2012-07-20,55.27999877929688,57.310001373291016,54.72999954223633,56.92499923706055,5981800.0,0.1410051143529985,0.14404455308966072,0.837953593055074,0.16743772963786285,0.5577489653033789,0.873248066246459,0.10377574169908621,0.3133223567101361,0,0,-0.10217930426544909,0.036262997688353275,-0.004823159342114079
2012-07-23,55.45000076293945,56.244998931884766,55.08000183105469,55.375,4179800.0,0.14211521722561665,0.14439065138728482,0.7136560794101872,0.16811545427580454,0.5094073455896336,0.7512044719315973,0.14310183772629217,0.3030598851235656,0,0,-0.10346946804724422,0.032674582964958995,-0.023978949438055047
2012-07-24,55.51499938964844,55.51499938964844,53.81999969482422,54.27999877929688,2908000.0,0.14333869923982007,0.14462299209505627,0.6371331895568284,0.16855178166127105,0.5218148275176921,0.6614008745190592,0.15784565017737553,0.29592000585332606,0,0,-0.10753946756401665,0.03241538570912105,-0.02040633983052342
2012-07-25,54.540000915527344,54.82500076293945,53.650001525878906,53.744998931884766,2652600.0,0.14412558673565368,0.14492427673292022,0.6017243874712479,0.168933710487574,0.4817805906155057,0.6193813432199924,0.16880402104004008,0.289407198510741,0,0,-0.09174649326145097,0.05103169712708592,0.03610904805731547
2012-07-26,54.89500045776367,54.89500045776367,53.959999084472656,54.1150016784668,2406200.0,0.14492939627945878,0.14534138772038005,0.6223180995102968,0.1692884093339727,0.45342488848148776,0.6209133090499814,0.1796720874121779,0.2953150312136469,0,0,-0.09926503284955158,0.04493443043115627,0.031165676255448516
2012-07-27,54.5,55.34000015258789,54.39500045776367,55.209999084472656,2467400.0,0.1461004195576298,0.14593913146804185,0.6804195068863306,0.16967917924948617,0.45363612996939645,0.6412137751156912,0.19423533353313585,0.3013731254747848,0,0,-0.09128704561557256,0.051926476691012635,0.06273677081145866
2012-07-30,55.130001068115234,55.93000030517578,55.04999923706055,55.494998931884766,1442600.0,0.14692453504257286,0.14677611073728483,0.6949272286871891,0.16991139971278224,0.43601571335388345,0.6490397099354209,0.21342588123678327,0.3049150752118025,0,0,-0.10088751652217894,0.0394856066170247,0.05080601977341209
2012-07-31,55.415000915527344,55.56999969482422,54.68999862670898,54.72999954223633,2165200.0,0.14773003717849598,0.14759654361058563,0.6361499724812278,0.17024203418386308,0.4174621047048577,0.6145693796176194,0.22433788205569774,0.29959895877579057,0,0,-0.10550499423241409,0.03414722937628341,0.044508468394378456
2012-08-01,54.96500015258789,55.54499816894531,54.02999877929688,54.02999877929688,1861200.0,0.14826816656683356,0.14818394566353357,0.5852160618184638,0.1705120882758958,0.38805154999432406,0.5872436616408263,0.22239121998663022,0.2950292396224997,0,0,-0.09875751552173356,0.04284672465406174,0.07902431571558403
2012-08-02,53.625,54.02000045776367,52.935001373291016,53.81999969482422,2126400.0,0.14863199640803293,0.14876169560834854,0.570039287348314,0.17081529124458816,0.39863935283719865,0.5422501918412288,0.20302067542976568,0.28980838705020356,0,0,-0.0752359562937211,0.06820287722647567,0.10725519711034733
2012-08-03,54.744998931884766,54.84000015258789,54.220001220703125,54.59999847412109,2135800.0,0.14924627565777682,0.1493408242003252,0.6206485206579694,0.17113630136251756,0.3894864151626839,0.5818826437865988,0.19528367268553695,0.29505231901216283,0,0,-0.0963396058713167,0.04765890850892967,0.08370496272129249
2012-08-06,54.55500030517578,55.27000045776367,54.415000915527344,54.95000076293945,2053800.0,0.15035130204511044,0.14973380491745272,0.6426302125643997,0.17145166140308976,0.41425766833243083,0.5917307158117333,0.1931297974615007,0.30009492012812494,0,0,-0.09148349947761004,0.050457896430547156,0.0763735949722008
2012-08-07,55.31999969482422,55.8849983215332,54.85499954223633,55.7599983215332,2094600.0,0.15193861390051322,0.15030879704194391,0.6915864463349832,0.1717900094162479,0.44395747208214387,0.6153148451999264,0.1980109064903339,0.30523769561624176,0,0,-0.10482253396833406,0.03621477071587115,0.06005458036838104
2012-08-08,55.20500183105469,55.75,54.31999969482422,55.55500030517578,1953200.0,0.15366976639134727,0.15072315020908003,0.6732143350096217,0.17210065928649498,0.4657014826730914,0.5971298604985628,0.19347734835497196,0.30044209307475905,0,0,-0.10123745745493871,0.03775106896700581,0.07137732535941174
2012-08-09,55.375,55.935001373291016,55.22499847412109,55.685001373291016,1057400.0,0.1554821452288721,0.1513512294543027,0.681602554275584,0.1722699590310166,0.4613440814156532,0.6191787996939253,0.19152322506991135,0.30303827888643414,0,0,-0.10467102141600079,0.034830372831637646,0.06156058230867633
2012-08-10,55.369998931884766,55.40999984741211,54.90999984741211,55.40999984741211,1301200.0,0.15674793429960848,0.15186003546902518,0.6545613980652115,0.17247433154055003,0.4546633279671949,0.590563366369149,0.18414668799846998,0.2998435020960505,0,0,-0.10433684861827949,0.03483886852046952,0.05450300390704195
2012-08-13,55.41999816894531,55.494998931884766,54.57500076293945,55.06999969482422,919800.0,0.15810341138655615,0.1526308286284994,0.6209920647287405,0.17261540114450435,0.46227030349970033,0.5668930230526179,0.1714294260864321,0.2975851592649754,0,0,-0.1057570260204212,0.034109424464002676,0.03780908187100403
2012-08-14,55.1150016784668,55.40999984741211,54.06999969482422,54.2400016784668,1705600.0,0.15883953273847534,0.1533692185826704,0.5439689145503935,0.17286205891579431,0.4273035280029906,0.4996496594624999,0.15107999845039502,0.2933974776682352,0,0,-0.10087162404139019,0.039858356763900926,0.0396767309007105
2012-08-15,54.15499877929688,54.775001525878906,53.97999954223633,54.71500015258789,986600.0,0.1597262612210893,0.15408899338115625,0.5839343047135063,0.17300932678347258,0.4371703394878303,0.45815740504350905,0.1306684600598825,0.29581983148117136,0,0,-0.08471602625023653,0.05816745015416666,0.06379061194873692
2012-08-16,54.880001068115234,55.14500045776367,54.42499923706055,55.02000045776367,901600.0,0.1594013532521869,0.15465640215725776,0.609147598467275,0.17314658198040445,0.3474367319648785,0.5207275344730516,0.11797698096171069,0.298033488685452,0,0,-0.09723110079480819,0.044411958300266,0.04642231734892798
2012-08-17,55.27999877929688,55.32500076293945,55.025001525878906,55.125,1243800.0,0.15879215048772743,0.15518520197482713,0.6180420285463162,0.17333703823981883,0.28978183915447475,0.5852181534078332,0.10922455891997329,0.3010873338836376,1,0,-0.10396214755390353,0.03689572113966944,0.045347196034600606
2012-08-20,54.91999816894531,55.09999847412109,54.400001525878906,54.58000183105469,1397600.0,0.1585230864390934,0.15556301494317423,0.5611774552045948,0.17354292089992707,0.3070886666909822,0.50550236902917,0.0937069009590244,0.2976558705864964,0,0,-0.09723350196198272,0.043356067199015025,0.04344672032224335
2012-08-21,54.58000183105469,54.77000045776367,53.58000183105469,53.73500061035156,1883000.0,0.1583386339213862,0.15594289614526405,0.4817681845821187,0.17380351051231568,0.30630277142287754,0.38964871623289726,0.09275886154513882,0.29303262689122095,0,0,-0.09197508774921687,0.05001831166453031,0.06824841240664196
2012-08-22,53.45000076293945,55.53499984741211,53.43000030517578,55.525001525878906,2452600.0,0.15894106889951265,0.1564186093681024,0.6342855711947908,0.17418693973409538,0.36448087726135714,0.5299450868299382,0.07792066037430065,0.2990543833899105,0,0,-0.07239228334351343,0.07183401072871615,0.09416576721167817
2012-08-23,55.275001525878906,55.34999847412109,54.369998931884766,54.494998931884766,2025400.0,0.1590696774969515,0.15690673199339691,0.5451570192693908,0.1744814861598719,0.36572739398247134,0.5056238914168038,0.06414233071566522,0.29408151149378153,0,0,-0.08347594793077498,0.0366501538313987,0.06654659330539713
2012-08-24,54.47999954223633,54.7400016784668,54.084999084472656,54.57500076293945,1521800.0,0.15885476477646782,0.1574162275947005,0.5516191523003519,0.17470359043034234,0.35280584643931784,0.45514021853162834,0.05640561108388245,0.29781791736498187,0,0,-0.06752913803660303,0.05193140446872946,0.0803743674459
2012-08-27,54.75,54.90499877929688,54.27999877929688,54.68999862670898,1852800.0,0.1585823155435978,0.15777749364110508,0.5614036662232653,0.17497565493082323,0.3598287865208235,0.4950722884856651,0.04593460052676393,0.3023670123828291,0,0,-0.06944573270809812,0.0469079493816416,0.05689417313475985
2012-08-28,54.47999954223633,54.66999816894531,54.32500076293945,54.44499969482422,1355400.0,0.15848585844998397,0.15806085323586525,0.5384289934804816,0.1751709391163515,0.37928214417229167,0.4688534234829302,0.03621151929515384,0.2990391608137498,0,0,-0.050100529028563504,0.051746240667715035,0.05851162631729648
2012-08-29,54.525001525878906,54.95000076293945,54.130001068115234,54.85499954223633,1431000.0,0.15876507676025647,0.15830422522493168,0.5763685211015209,0.17538275575158535,0.41630000034344816,0.5038131024914899,0.02626830985220452,0.30255262960182155,0,0,-0.02920378660116042,0.05115253674391817,0.05886671015377199
2012-08-30,54.619998931884766,54.78499984741211,54.14500045776367,54.244998931884766,1632000.0,0.15890891610461827,0.15847313764325818,0.5169918943969912,0.1756137908200207,0.38548564601691976,0.42734225631403694,0.017035329655180176,0.2985456547156349,0,0,-0.03071730147944608,0.04903841881057801,0.0454835979838259
2012-08-31,54.709999084472656,55.1349983215332,54.30500030517578,55.0099983215332,1298200.0,0.15904767896369548,0.15899711140676107,0.5879115019809408,0.17580734832129596,0.39079849161050223,0.5305035935759057,0.016221898597776785,0.3017330657433601,0,0,-0.03272186830366608,0.02829753668793694,0.06194120520807277
2012-09-04,54.84999847412109,54.994998931884766,53.81999969482422,54.084999084472656,1607600.0,0.158754922498618,0.15927150795396902,0.502013202604684,0.17603155946124138,0.3733071775202927,0.4113630997235315,0.006546788018451738,0.29778599906012865,0,0,-0.034811800750054946,0.01972373990684551,0.07380478998672808
2012-09-05,54.20000076293945,54.48500061035156,53.71500015258789,54.3849983215332,1455200.0,0.15828955907852027,0.15978445043617692,0.5303174897365045,0.17623858808536585,0.3669431479488926,0.39428583852742627,0.0,0.30135888500031177,0,0,-0.023389098845554165,0.032079146523451944,0.0977165561038049
2012-09-06,54.79499816894531,56.505001068115234,54.67499923706055,56.5,2598000.0,0.15860939056213824,0.16048492101839693,0.6929672531648762,0.17666295920392272,0.3814882346375384,0.7902915844367346,0.02349165796357139,0.3077376354625134,0,0,-0.03420054892081976,0.031442547613224126,0.08734026195821881
2012-09-07,56.5,56.84999847412109,55.51499938964844,56.56999969482422,2659600.0,0.15890891481354874,0.16115091910957022,0.6974845265924423,0.17709798528899823,0.3968825683550947,0.8401599056918745,0.049896085923585826,0.3142676295846348,0,0,-0.06309732082670769,0.0061946632587802945,0.04185843678702295
2012-09-10,57.3650016784668,58.39500045776367,57.17499923706055,57.89500045776367,3120000.0,0.1597499536375328,0.16199824007352712,0.7766114176099492,0.17764835567734294,0.3876478737056441,0.9335833248843018,0.09126386153106103,0.32192802274940346,0,0,-0.07831006415192003,0.01820750901278709,0.02625060639323562
2012-09-11,57.96500015258789,58.2400016784668,57.39500045776367,57.935001373291016,1966600.0,0.16071960235002514,0.16267044339192896,0.7788292499414103,0.17799506561273715,0.39361125025564175,0.8131060573906846,0.12967679602371665,0.3267565256974272,0,0,-0.08688140149452847,0.007427244179564016,-0.003368161210508626
2012-09-12,58.1150016784668,58.42499923706055,57.6349983215332,57.8849983215332,2183200.0,0.1619532373347975,0.16343365267701296,0.7730565364858327,0.17837796620382285,0.39950537166913536,0.7520094022102828,0.16717248257707804,0.3213962146854647,0,0,-0.08941054945005743,0.0053507819322614865,0.008112494948909001
2012-09-13,57.97999954223633,59.81999969482422,57.900001525878906,59.290000915527344,2454000.0,0.16350162860897283,0.16437818483488045,0.8499767508362369,0.17884189013732787,0.4027751756522323,0.7591553867479637,0.21384950476559236,0.32742140854006163,0,0,-0.08715553796722794,0.031787167762660384,0.0005182479082100183
2012-09-14,59.39500045776367,59.93000030517578,59.06999969482422,59.41999816894531,2532000.0,0.16499079077864376,0.16529858619641527,0.8563993847378958,0.17932252601432463,0.38952625465254054,0.73416797985502,0.25800747415688496,0.33363811222377776,0,0,-0.10060718604282781,0.009023441375457953,-0.02251642880516529
2012-09-17,59.09999847412109,59.51499938964844,58.88999938964844,59.25,1369800.0,0.1663868810389369,0.16619003123355133,0.8347035429647652,0.17957964489363798,0.39731365948669983,0.6886486384101341,0.2940780903824377,0.33027490499393797,0,0,-0.09542238881973944,0.013968392067175772,-0.009424395419897784
2012-09-18,59.25,59.25,58.400001525878906,58.72499847412109,1491200.0,0.16778973908556294,0.16716076136949334,0.7684706567367617,0.17985125970053573,0.4014141591276633,0.6494091190227695,0.31446565913342983,0.32661362990185366,0,0,-0.09822784295061973,0.011476798399591245,0.02784812701905327
2012-09-19,58.709999084472656,58.97499847412109,58.119998931884766,58.619998931884766,1683800.0,0.16944304783180308,0.16820181460869002,0.75528490542589,0.18015564193389066,0.4223952656238754,0.6271837712673037,0.32620441364779773,0.32247947284709805,0,0,-0.08991058180484522,0.020774819112864766,0.021285654022636536
2012-09-20,58.18000030517578,59.22999954223633,58.005001068115234,59.185001373291016,2218200.0,0.17068176059292944,0.16940764432472818,0.7936634789327214,0.18056828437690997,0.41771818434241215,0.6250954329082177,0.3401761425571491,0.32792571775674223,0,0,-0.08103036653957299,0.029853292935632155,0.0462299408708898
2012-09-21,59.64500045776367,59.650001525878906,58.68999862670898,58.79499816894531,2510600.0,0.17213707866665745,0.17057486455623375,0.7423589251528296,0.18102431515275164,0.41205796601067385,0.6241912057000532,0.3580483577395833,0.32176155651332294,0,0,-0.10500971544105757,0.004815406619906306,0.03294754950904586
2012-09-24,58.5,58.67499923706055,58.040000915527344,58.40499877929688,1231800.0,0.17343332664910072,0.17150353937873983,0.6926439458333931,0.18124280303186224,0.4049208997936309,0.5904331186597204,0.3576383196272963,0.318737174365771,0,0,-0.08623181992889525,0.024321802019054865,0.030955008954920198
2012-09-25,58.6150016784668,58.72499847412109,57.5,57.51499938964844,1412400.0,0.17438943720678812,0.17239291618213318,0.589926052465127,0.18148042514780227,0.3804656851183962,0.5661864922780652,0.3446176182948393,0.3152693733061815,0,0,-0.08877667120385198,0.022515172574151626,0.0032531226894971558
2012-09-26,57.525001525878906,57.900001525878906,57.040000915527344,57.29999923706055,1253400.0,0.17535570073504442,0.17311475921436173,0.566906866354082,0.18168830009669368,0.3794276361264521,0.5383280517700498,0.322586649937473,0.3121919576674888,0,0,-0.07119883967937839,0.041815157868709416,0.020255535307190622
2012-09-27,57.5099983215332,58.02000045776367,57.150001525878906,57.6150016784668,1011400.0,0.1762898127594758,0.17387590026570296,0.5980295331008274,0.18185900039526282,0.366553268963651,0.5411778276807261,0.3042120170335084,0.314675201785068,0,0,-0.07120415481120211,0.04223389207442375,0.021378748780611696
2012-09-28,57.130001068115234,57.60499954223633,56.595001220703125,57.41999816894531,1058400.0,0.17736437894403295,0.17407445859500922,0.5752832805941076,0.18203537421677862,0.38896778329728354,0.5098296279477463,0.2753460628853709,0.3120765607191734,0,0,-0.06421939868349084,0.048598440605565875,0.027683717079573938
2012-10-01,57.63999938964844,58.15499877929688,57.369998931884766,57.775001525878906,1563200.0,0.17830018356058236,0.17419166359176677,0.6123304912603887,0.1823010068364398,0.3782476043915778,0.5364633397232591,0.2586300829793726,0.31591461411506006,0,0,-0.07331938729927663,0.03988159158050712,0.008968990004722323
2012-10-02,57.88999938964844,57.95500183105469,57.0,57.31499862670898,897200.0,0.17939336438522901,0.17445916585116547,0.5563628101305164,0.18244915792395822,0.38546378636402034,0.493747752084166,0.23532367440705662,0.3137117600293452,0,0,-0.0771960011541481,0.035309404788394075,-0.004586748293372826
2012-10-03,57.19499969482422,58.31999969482422,57.084999084472656,58.30500030517578,1887600.0,0.18072007386151823,0.1750141646988103,0.6554915187687153,0.18277891808139146,0.39502303458746046,0.5173072997325189,0.22045010991761996,0.31834629789403024,0,0,-0.06568960097460311,0.04771875906627071,0.010730204888816033
2012-10-04,58.525001525878906,58.82500076293945,58.08000183105469,58.5099983215332,1485800.0,0.18140035000209953,0.17567120026843172,0.6740387509565856,0.18304102065088623,0.36558427035485824,0.5695099498263344,0.21539702315699208,0.32199431461332934,0,0,-0.08249723605376652,0.02409739768361089,0.025726781444967144
2012-10-05,59.11000061035156,59.20500183105469,58.51499938964844,58.970001220703125,1723600.0,0.18221262121542514,0.17634064576650985,0.7146624012132633,0.18335238866880244,0.3531507371983156,0.6125624296645131,0.21685143698173268,0.32622619078602016,0,0,-0.09220647090290843,0.014014693528412519,0.028456690536505794
2012-10-08,58.76499938964844,59.01499938964844,58.18999862670898,58.86000061035156,1269600.0,0.18253922177644555,0.1768439366665853,0.6990791907216974,0.18357997943581839,0.35602548053282096,0.5795816710623877,0.21035959522536327,0.32310900002897197,0,0,-0.08563674974603186,0.019755823154338624,0.035780915154717444
2012-10-09,58.81999969482422,58.81999969482422,57.78499984741211,57.85499954223633,1067000.0,0.18251214546683564,0.17716935210078197,0.5696759508916047,0.18376039339684358,0.3376505167396713,0.5048060152386306,0.19501223231920398,0.3204892437767899,0,0,-0.08673121796295946,0.018858318023128758,0.048674849622120736
2012-10-10,57.54999923706055,57.98500061035156,57.20500183105469,57.68000030517578,1537800.0,0.18244276468283172,0.17757612139352782,0.5493854617620858,0.18401737808990093,0.351861733561403,0.43706779924527234,0.1737948624236558,0.3167135538380779,0,0,-0.0662863903693053,0.04113734486122922,0.06836058875374093
2012-10-11,58.23500061035156,58.53499984741211,57.72999954223633,57.72999954223633,1022800.0,0.18191478826506313,0.17808630658141236,0.5552141340185333,0.18418856408503037,0.3253296453923116,0.49285725082387005,0.159651768486518,0.31922478785375913,0,0,-0.07836339171028195,0.029386263624414752,0.05131759828037046
2012-10-12,57.79499816894531,58.07500076293945,56.69499969482422,57.1150016784668,1450000.0,0.1811346711377015,0.17854064735424216,0.48230804832555596,0.1844221148365951,0.32412547258880464,0.40570045013725076,0.14961960915590014,0.3156646692355173,0,0,-0.07067379263310786,0.03698254206062243,0.054651006738461565
2012-10-15,57.185001373291016,58.125,56.880001068115234,58.06999969482422,1237000.0,0.18073530460844117,0.17901911839740428,0.5923856636037523,0.18463271923452695,0.3356222749612971,0.4696375087247104,0.13927632550241612,0.3187018187050105,0,0,-0.06075463746351192,0.048060909589707164,0.07239776240945396
2012-10-16,58.4900016784668,59.45000076293945,57.970001220703125,58.90999984741211,1788600.0,0.18079791760611208,0.17956515419749677,0.6720792007725753,0.18495153883877935,0.34605363966600344,0.6378627905094886,0.13307050130700807,0.32309328640196733,0,0,-0.0822283718094199,0.02479763448039645,0.06276901433135852
2012-10-17,59.025001525878906,60.0,58.720001220703125,59.48500061035156,2254400.0,0.18109067407118956,0.18007878679228614,0.720038044119092,0.1853652569973413,0.3479886055842309,0.7119000081837832,0.13542457934066573,0.32862841151435657,0,0,-0.07384149210805767,0.01655064465534751,0.024528937337753142
2012-10-18,59.435001373291016,60.0,58.79999923706055,59.54499816894531,2065600.0,0.18121251359122587,0.18062895905986406,0.7249640235301026,0.1857446471942349,0.32853261909069775,0.7028771895548069,0.1376105089433479,0.3336999846301086,0,0,-0.0658989987966886,0.009498169637921522,0.012103848005686542
2012-10-19,59.720001220703125,59.81999969482422,58.46500015258789,58.8650016784668,1844200.0,0.18123620600766932,0.1810674424973324,0.6349408628192859,0.18607032662024114,0.34361224090267195,0.6495575155664977,0.13242989972892763,0.3291720047985488,0,0,-0.052481318265113173,0.004702305616039193,0.0001679120302403096
2012-10-22,58.665000915527344,59.165000915527344,58.165000915527344,58.84999847412109,768800.0,0.18138681442943355,0.18154177654700862,0.633011173034987,0.1862057863525617,0.34486472870220786,0.6014353084280596,0.1213142791776746,0.3272844053546148,0,0,-0.035165202340959725,0.022678995097370525,0.049944764170192064
2012-10-23,57.28499984741211,58.15499877929688,56.84999847412109,57.77000045776367,1471800.0,0.18147311855247839,0.18191407387470823,0.50610418314478,0.18644919729028575,0.3696364408095175,0.45871727037378573,0.11785191354475613,0.32367076219438834,0,0,-0.011724700842811523,0.04613424338119218,0.05777402912548987
2012-10-24,58.150001525878906,58.8650016784668,57.970001220703125,58.584999084472656,1768600.0,0.18190802176979964,0.18251319626953175,0.5908597756582934,0.1867553047388788,0.38410932908788964,0.5641979837497125,0.10168837378218595,0.3280131248069556,0,0,-0.026917090061521817,0.032023514963854804,0.06525872621072065
2012-10-25,58.98500061035156,59.0,57.75,58.0099983215332,1274400.0,0.1820417068525229,0.18296753651636113,0.5295279469099748,0.1869683314831173,0.37393147849816455,0.5315027434149286,0.09034596333646577,0.32488414882965394,0,0,-0.040795415669501685,0.017325243757107995,0.06033967573021648
2012-10-26,58.0099983215332,58.31499862670898,57.56999969482422,58.060001373291016,1049600.0,0.18225831345619403,0.18338671573756363,0.5348942729960714,0.18714407199908778,0.3696856078945914,0.4865902709577561,0.08286498477530271,0.32746118365841714,0,0,-0.024392296875913436,0.03430446019730554,0.07352186395017601
2012-10-31,58.220001220703125,58.7400016784668,57.97499847412109,58.540000915527344,1499400.0,0.18251722453425911,0.1838576029063355,0.5862206998982766,0.18740181592209038,0.3780079507032264,0.5457378815838642,0.06772920856323175,0.3311425918351012,0,0,-0.027988287315947925,0.03065791831199847,0.07552528794032043
2012-11-01,59.34000015258789,60.970001220703125,58.68999862670898,60.900001525878906,1877800.0,0.183730554868963,0.18472905414062465,0.7722656672570126,0.1877673172135087,0.40386287149443306,0.7726801200429875,0.08443961176113624,0.33575306820843537,0,0,-0.04689099571156093,0.027844226898241942,0.09608807819151813
2012-11-02,61.46500015258789,64.20999908447266,59.935001373291016,59.959999084472656,1355600.0,0.18429068279055655,0.18558740585987613,0.671427976804871,0.188018267758716,0.3640833475983384,0.8407842175106733,0.12643285340466257,0.33242472558851216,0,0,-0.0799671397350508,0.04507387295743011,0.05968798407974659
2012-11-05,59.91999816894531,60.94499969482422,59.6349983215332,60.88999938964844,994400.0,0.18509618492647967,0.18632717393520845,0.7319069446974105,0.1882111423162126,0.3726051702028857,0.7069906620733797,0.16035812557635995,0.3348662303843602,0,0,-0.055453585707329243,0.07154771482707194,0.10532025580103109
2012-11-06,61.040000915527344,61.875,60.86000061035156,61.595001220703125,2455200.0,0.18598460600121164,0.1873061780581222,0.7731292618066512,0.18870333138047346,0.3794952613080839,0.745619441746326,0.1978651816749323,0.3408943705440205,0,0,-0.0730004884115648,0.052061064225995476,0.0749713004954032
2012-11-07,61.27000045776367,61.29499816894531,59.845001220703125,60.31999969482422,1317200.0,0.18647873703196782,0.1880983436676049,0.648404916965309,0.1889504894881685,0.36390664045416554,0.6471122046643617,0.21608023213450125,0.3376603096861252,0,0,-0.0758990038868479,0.04773112376724495,0.0961928585053596
2012-11-08,60.33000183105469,60.68000030517578,58.790000915527344,58.80500030517578,1652400.0,0.18680026110770376,0.18866575244370634,0.5283542804229944,0.18923568426588544,0.35511049152554136,0.5620002176412079,0.21766263501787206,0.3336032476138612,0,0,-0.06191977170503941,0.06432356221896489,0.10444289546148414
2012-11-09,58.685001373291016,59.275001525878906,58.3849983215332,58.68999862670898,1338600.0,0.18714209112457764,0.18925108626291157,0.5200005501648668,0.18946484702188293,0.345654249922895,0.5073149765931853,0.213593592629682,0.33031664431566904,0,0,-0.03554119788694121,0.09395455628788343,0.15194288456630775
2012-11-12,58.91999816894531,59.30500030517578,58.375,58.73500061035156,1865400.0,0.18748222984040308,0.1897860913077095,0.523619730497005,0.18978445640381036,0.3531760799787047,0.5049835129633428,0.21011388184695654,0.33489667553668173,0,0,-0.03961487481078445,0.09013462326305013,0.14397690876399583
2012-11-13,58.2400016784668,59.255001068115234,58.14500045776367,58.72499847412109,1074600.0,0.18802712701507363,0.19040382885821824,0.522787355295907,0.1899681759342896,0.3608755352103625,0.4885560957648457,0.20345578309607856,0.3322582593524316,0,0,-0.026304621904954646,0.10164292745327215,0.14165311643259984
2012-11-14,58.915000915527344,59.060001373291016,57.994998931884766,58.15499877929688,1789800.0,0.18805589462573208,0.19083748624162009,0.4750632431505012,0.1902638009260228,0.33112084162115696,0.4559890741251701,0.19496174445666295,0.3278638453504114,0,0,-0.037803342330973995,0.09016599925973111,0.1266070285530991
2012-11-15,58.130001068115234,58.52999877929688,57.10499954223633,57.625,1508000.0,0.18762099140841082,0.19132560939291512,0.4330878899767251,0.19050469078037313,0.3199824875564847,0.40702635499015904,0.17392040405228318,0.32416132198743985,0,0,-0.024675460466209734,0.10454815826635172,0.164130378883966
2012-11-16,57.685001373291016,57.880001068115234,56.90499877929688,57.810001373291016,1504600.0,0.18705409440941478,0.1917978757348491,0.452197094900755,0.19074734145185523,0.33058841681412643,0.4017249711038161,0.15162587138793823,0.3278554974860652,0,0,-0.017180072511354394,0.11323206440228444,0.20112798529436687
2012-11-19,58.63999938964844,60.26499938964844,58.63999938964844,60.025001525878906,1940600.0,0.1872165496849355,0.19228393065240137,0.6391587113702554,0.1911013028377304,0.34144387596238085,0.5767203186593111,0.1583542517674115,0.33262016382438253,0,0,-0.033644692070926574,0.09635010486952925,0.17704550021132273
2012-11-20,59.915000915527344,60.79499816894531,59.525001525878906,60.775001525878906,1949800.0,0.18786298172957389,0.19286374935695952,0.6880801460142709,0.19147032625196103,0.37449997364741605,0.6233079265507837,0.16945329471610235,0.33740741850151906,0,0,-0.053644333841705416,0.0715534870431213,0.1635984913818031
2012-11-21,60.76499938964844,60.970001220703125,60.44499969482422,60.875,1234800.0,0.1885483356465092,0.1932746551171908,0.6945049446870785,0.19170481838990083,0.38079497841820326,0.6384898425985194,0.18136812953214534,0.3404391664117294,0,0,-0.0669683190890773,0.056684485534028106,0.1376387931509568
2012-11-23,61.2599983215332,61.72499847412109,61.03499984741211,61.685001373291016,430400.0,0.18987335253068044,0.19379173459288454,0.7452079825487358,0.19178984489131123,0.3780081757743214,0.6719420075281841,0.19921478559686515,0.3414959078277924,0,0,-0.07498971050035293,0.048459971465124485,0.14546200480059676
2012-11-26,61.2599983215332,61.59999847412109,61.08000183105469,61.505001068115234,1428800.0,0.19086161588326223,0.19429088902547456,0.7259595740383388,0.19206934406588538,0.381068622375627,0.6504738765938336,0.21578668051410502,0.33798784059900344,0,0,-0.07400500162241357,0.04782363130848164,0.1530355583455723
2012-11-27,61.3650016784668,61.55500030517578,61.0,61.19499969482422,2635600.0,0.1919395672520554,0.19455356523080683,0.6922299227439703,0.1925759179907518,0.3805771429645764,0.6299313730442723,0.22965806241553924,0.3315167725781495,0,0,-0.07592881721066339,0.04625635893990306,0.15478416864379063
2012-11-28,60.584999084472656,61.09000015258789,59.97499847412109,60.95000076293945,2857800.0,0.19291767634299867,0.19476453401457025,0.6653715313168641,0.1931168455585771,0.4031965721878782,0.5854496328437504,0.22415274420501882,0.32450014706972774,0,0,-0.061034408513404574,0.05923686605241698,0.17101076917188499
2012-11-29,61.20500183105469,61.54999923706055,60.70000076293945,61.31999969482422,1920800.0,0.19385855615376307,0.19504996184307313,0.6939587758650951,0.1934863134469006,0.4052709886187674,0.6142280198341205,0.22435146225794542,0.3292161993744994,0,0,-0.07145206402657919,0.04930266145698151,0.15274811225686938
2012-11-30,61.310001373291016,62.435001373291016,60.97499847412109,62.1349983215332,3122200.0,0.19427653603204337,0.19552015942526393,0.7522959910890089,0.19410965838751426,0.40622870529322747,0.6480781382252163,0.23395531252274374,0.3368819940985509,0,0,-0.07273325051151917,0.04729285266820407,0.14285711619585348
2012-12-03,62.494998931884766,62.5,60.3849983215332,60.470001220703125,3184000.0,0.1944491442781331,0.19577525228220652,0.5803699247263758,0.19469243409590153,0.38636929176425555,0.6004751514461828,0.23253386616131436,0.32906446466373573,0,0,-0.09085057713451929,0.027601194156523352,0.11378456104458183
2012-12-04,60.5,60.91999816894531,59.70000076293945,60.15499877929688,2586600.0,0.194200386170637,0.1959090031489056,0.5525763493961369,0.19515661641248438,0.366762011055633,0.5430842177248814,0.22003957542022387,0.3227137040996362,0,0,-0.060360533358634394,0.06135272051561433,0.1734744113115392
2012-12-05,60.10499954223633,60.59999847412109,59.51499938964844,59.72999954223633,3033600.0,0.1935691835818521,0.1960379284875388,0.515488713647969,0.19568707637133742,0.3301026092829821,0.5268631192074981,0.2054969842378753,0.3152654448994303,0,0,-0.05411023413129038,0.06824037279590331,0.1871830861944673
2012-12-06,59.834999084472656,61.67499923706055,59.375,61.60499954223633,2827000.0,0.19400408679917336,0.19647916974533083,0.6596732617972261,0.19623039811590592,0.3689773188497653,0.591660584263919,0.2052491328074443,0.32220644857789216,0,0,-0.049974897592972745,0.07324627546508428,0.19337021832036955
2012-12-07,61.275001525878906,61.67499923706055,60.060001373291016,60.685001373291016,3183000.0,0.19464036587324274,0.19691627453563756,0.581135470973689,0.19681231837210356,0.3803153803331452,0.5814054449243996,0.20501898505061558,0.3143913743972965,0,0,-0.07093584577637979,0.047642197555435715,0.16930444578649795
2012-12-10,60.584999084472656,62.18999862670898,60.51499938964844,61.91999816894531,2216200.0,0.1957335466978894,0.1975533163024121,0.6623158771480683,0.1972423427812714,0.4043576368947542,0.6266009917193482,0.2108984071845563,0.3198327087985017,0,0,-0.060641018734415554,0.0597346942072486,0.18793768676285308
2012-12-11,62.125,62.84999847412109,61.86000061035156,62.52000045776367,2718400.0,0.1970145652244792,0.19822965608829943,0.6977756289327095,0.19778391499169012,0.42095412537336974,0.6790459027171087,0.22362945965407613,0.32650707186872835,0,0,-0.08430234778852272,0.033672466830245225,0.16117576957453555
2012-12-12,62.880001068115234,62.880001068115234,62.09999847412109,62.275001525878906,2763400.0,0.1982160499964961,0.19889910211237796,0.67557073885876,0.19832643885505408,0.4013013228811878,0.671143861876591,0.23577795106541447,0.3197222223586252,0,0,-0.09556945369593935,0.02127316069448723,0.11388353934345839
2012-12-13,62.36000061035156,62.92499923706055,62.125,62.60499954223633,2962800.0,0.19972213550520795,0.19956510020355125,0.6964343113957798,0.19891560273761466,0.4243648686695657,0.676803806037832,0.24758128445569835,0.32699664956009206,0,0,-0.08759537049208756,0.02970691977184956,0.13119225963487452
2012-12-14,64.5250015258789,66.44000244140625,64.05000305175781,64.96499633789062,6973600.0,0.20220632881379375,0.20061994201836628,0.8193581868391383,0.2004502463321176,0.4090282392755402,0.8550509994464508,0.2873496146408572,0.3441186103850378,0,0,-0.12171556269146214,0.030588625980827497,0.08928993496948029
2012-12-17,65.27999877929688,65.9000015258789,64.36000061035156,65.0999984741211,4298000.0,0.20467360007440794,0.20155688977584316,0.8252799439413455,0.20139594496647806,0.3908229685490977,0.80359109967356,0.3242773498127903,0.3546712930203506,0,0,-0.12891557718930097,0.01785582586776514,0.05626104803095492
2012-12-18,65.38500213623047,66.62999725341797,65.11499786376953,66.23500061035156,4133600.0,0.20677535019277438,0.2026220738113725,0.8727767993777459,0.20234549128761992,0.3984595614067401,0.7894303545223333,0.3627954703318337,0.3648203318619813,0,0,-0.1302611913317418,0.01912434940658896,0.07519196248541068
2012-12-19,66.18499755859375,66.36000061035156,65.57499694824219,65.6050033569336,2568000.0,0.20841004558999454,0.20353696005826025,0.8098413503661445,0.2029181628969875,0.34519409032888937,0.7299078583732127,0.3985622965280883,0.358515239026364,0,0,-0.14010717436071918,0.006718497633027451,0.049596189806571496
2012-12-20,66.00499725341797,67.25,65.94499969482422,67.19499969482422,2605400.0,0.21054902498853983,0.20468625524666215,0.8747590336848446,0.2035363841723199,0.3651729159064996,0.732890622472703,0.43676435643324163,0.36491215836978974,0,0,-0.1387089095112337,0.018977252997129077,0.04847191742182415
2012-12-21,66.40499877929688,67.125,66.16500091552734,66.62999725341797,6761000.0,0.21222263967591798,0.20589622090418522,0.8208953612983129,0.2050972069326994,0.35777304361340956,0.6895484767614375,0.47223769777374125,0.3483121845919048,0,0,-0.14137956757415898,0.012575358650804672,0.041074516686738845
2012-12-24,66.44999694824219,67.75499725341797,66.19999694824219,67.62000274658203,1883600.0,0.21429223829045946,0.20726682657106446,0.8607098739597464,0.205547471639692,0.3658978560085346,0.6809046239896105,0.5086046242836879,0.35293690143971196,0,0,-0.1432537680084576,0.019585777562205104,0.03804598178907076
2012-12-26,68.0999984741211,68.11000061035156,67.36000061035156,67.37000274658203,2716400.0,0.21638214413720835,0.20859606598508826,0.8363197636255714,0.20618894147394318,0.3426366932471137,0.6711466494716174,0.5442182206761447,0.34626744887792427,0,0,-0.16555751612107236,0.00014791682674065442,0.01981668016647469
2012-12-27,67.2249984741211,68.3949966430664,65.7249984741211,66.55999755859375,6768600.0,0.21828082580670854,0.20989841625645503,0.7592464788165414,0.20772863594614766,0.2841806786095838,0.6339513696834698,0.5414126454124498,0.3296488151679713,1,0,-0.15318389897717186,0.017366752578983256,0.03636640162911405
2012-12-28,66.08999633789062,66.86499786376953,65.5,66.3499984741211,5229000.0,0.21998320939581462,0.21104012757046672,0.7397059203704853,0.20890058559573843,0.28920701863264653,0.6048896933782381,0.5345322891683821,0.3168102908543253,0,0,-0.13799576165110364,0.034630414509054866,0.032076355386747045
2012-12-31,66.1449966430664,67.94499969482422,66.06999969482422,67.67500305175781,4479400.0,0.22185820252207994,0.2122487151068286,0.805423768113949,0.20995427608991168,0.30608980425719723,0.6261156502475033,0.5375549569032675,0.3278083566050512,0,0,-0.1392614630936798,0.03391107839855613,0.05139417845562423
2013-01-02,69.16999816894531,70.20500183105469,68.70999908447266,69.2750015258789,6377600.0,0.22483822074460924,0.2135986373842799,0.8704807195796934,0.21153996573590517,0.32323204742399053,0.6787780079854905,0.5552430140392404,0.3434669859151886,0,0,-0.15559657634952062,0.015293736467478319,0.00487627360433663
2013-01-03,69.34500122070312,69.48500061035156,68.58999633789062,68.875,5271400.0,0.2277894713564802,0.21488513137228618,0.8324330469153775,0.21282345957680082,0.30751635376589564,0.6589412753897149,0.5694590213373127,0.3305243588226368,1,0,-0.14391917720822647,0.012414299406840057,0.005052305541853299
2013-01-04,69.0,69.80500030517578,68.625,69.73500061035156,3902400.0,0.23117562518567236,0.21638397226521697,0.8665992557185965,0.21379989274991906,0.37341863418866533,0.665501046850753,0.5845851422707515,0.3401057428887244,0,0,-0.1397459165154265,0.017495489380104357,-0.016624270679730036
2013-01-07,69.56999969482422,69.63500213623047,68.54000091552734,69.12999725341797,5349000.0,0.23372243149192895,0.21780145929959863,0.8084012900049916,0.21510243301581566,0.34541419364644327,0.6503274973404387,0.5968941381262175,0.3269725880687412,0,0,-0.14619630896383556,0.009105931464438936,-0.05470714000165859
2013-01-08,69.1449966430664,70.23999786376953,68.0999984741211,70.11499786376953,9107000.0,0.236913977250706,0.21950368457590222,0.849711855193127,0.21738533840077867,0.45497491760524256,0.6585353287173078,0.612219214422789,0.3493325882455195,0,0,-0.14132788993541226,0.015839740549808648,-0.05938081716524444
2013-01-09,70.34500122070312,71.37000274658203,70.23999786376953,70.69999694824219,6973400.0,0.23988553380371486,0.22117419570748317,0.8725931941822939,0.21915613241462095,0.41999415307943205,0.700058023260048,0.6329126954024393,0.3664540580196214,0,0,-0.15645727098241338,0.014618862684278202,-0.05968762299223089
2013-01-10,71.12999725341797,71.19000244140625,69.99500274658203,70.88500213623047,6312400.0,0.242716636196598,0.2229495024333655,0.8798494791799766,0.22075888632546325,0.4473019151172549,0.6822212210655492,0.6468788817587678,0.3819526047546489,0,0,-0.16626588063396278,0.00339470302013966,-0.08458268720883931
2013-01-11,70.91500091552734,71.43499755859375,70.45999908447266,71.05000305175781,5700400.0,0.24568650144855836,0.2247406659686089,0.8865839289998275,0.22220598051199147,0.4813361554923594,0.6772727823109731,0.6613515739916844,0.39594853590735635,0,0,-0.1627989076356261,0.007335778054531899,-0.0645412208473132
2013-01-14,70.25,71.375,70.0,70.51499938964844,5870600.0,0.24836361023544123,0.22639187288392407,0.8265161590069322,0.22365945988968627,0.4555097244838726,0.6484019804645841,0.6644699111600163,0.38153472048649384,0,0,-0.15306121791547125,0.016678360417951208,-0.04109779090112327
2013-01-15,69.94000244140625,70.75,69.6500015258789,70.06999969482422,4872800.0,0.2500913788331088,0.22765630430934033,0.7780151292139289,0.22484001064183645,0.4615395609241789,0.6175074230878034,0.65969437283055,0.36957075772582565,0,0,-0.14982631401620897,0.021201093811637536,-0.03701341037995824
2013-01-16,69.72000122070312,69.84500122070312,68.5,69.56500244140625,9656600.0,0.2516025421181747,0.22898071766929765,0.7245463980249258,0.22711920271175567,0.5341030399295298,0.5716060342859722,0.632604851465088,0.3458613498300227,0,0,-0.14763809427370767,0.02447547231853784,-0.033038425167529285
2013-01-17,69.76499938964844,71.375,69.55999755859375,70.98999786376953,8565000.0,0.2532118525068335,0.23037338484676598,0.8037250851048577,0.22923078123585983,0.5710281590391042,0.6305599106476135,0.6219801907162039,0.36689060221984443,0,0,-0.14935670272418672,0.024006297855763487,-0.02831885505017315
2013-01-18,70.73500061035156,71.75,68.875,71.36499786376953,11176800.0,0.2551613003202481,0.23172054877789308,0.8222688121749325,0.2319964501264693,0.7030018738572147,0.6266604215532339,0.6003963464509778,0.3943324875800965,0,0,-0.1600225517987972,0.014297780253441207,-0.036977040132293
2013-01-22,71.3949966430664,71.87000274658203,70.5199966430664,71.38500213623047,11673200.0,0.2565793904048666,0.23324627828748037,0.8232910243833976,0.23485468393389108,0.7142553171270629,0.6524696245822574,0.5815308630118654,0.42299316113489704,0,0,-0.1588312983826196,0.006656009496733627,-0.051425744816122124
2013-01-23,71.18000030517578,71.88500213623047,70.93000030517578,71.70500183105469,23592400.0,0.2582970060319652,0.23502503189426707,0.8402211351973085,0.24059824535673413,0.9006842898234586,0.6594160202445167,0.5641689644446823,0.4809185007824895,0,0,-0.14940114304646732,0.009876049729735506,-0.04825943253808151
2013-01-24,71.5,73.05500030517578,71.26499938964844,71.98999786376953,20920000.0,0.2597760139399976,0.2368589403295274,0.8553380262392317,0.2456337640916233,0.83153755627819,0.6791475435624307,0.5594561895154648,0.5322824190539512,0,0,-0.13443970634519187,0.021686078592390842,-0.03946728622533893
2013-01-25,72.5,73.99500274658203,71.33499908447266,72.1050033569336,26017800.0,0.2613785565423234,0.2387025013989212,0.8615934946469667,0.25178259071758635,0.7276236086890584,0.6853459695921709,0.5628274955163972,0.5961627322854636,0,0,-0.14446453444212326,0.02076681193144503,-0.050145863557086875
2013-01-28,69.3499984741211,70.875,68.58499908447266,70.0,16384600.0,0.2625428120341614,0.24025718723290726,0.6226656803718592,0.25528749557846364,0.8076288896011177,0.5147734311158979,0.5237718448744155,0.5559343740010184,0,0,-0.10020106979755573,0.06441999939265346,0.0030511228134069528
2013-01-29,70.0,70.6500015258789,69.56500244140625,70.52999877929688,10351800.0,0.26395751693454395,0.24196354950269663,0.6604109384377462,0.2575201636650837,0.8923849635357938,0.5305093164364363,0.48750588356400404,0.5813506746302018,0,0,-0.08499995640345982,0.057071467808314735,0.010857173374720983
2013-01-30,70.3949966430664,71.45500183105469,69.87999725341797,70.11499786376953,4009600.0,0.2647833237205355,0.243685768581847,0.6204294233850628,0.25836525105654706,0.8173341153503764,0.537929730028276,0.4622479554631457,0.5715060873117863,0,0,-0.08556637086581569,0.05104219716181759,0.010208439432363518
2013-01-31,69.58499908447266,70.0999984741211,68.88500213623047,68.93499755859375,4834800.0,0.2646682506957627,0.2452197705004047,0.5179363645327791,0.25933249634199396,0.7813262100118226,0.4201564982515176,0.42583428265540235,0.5596354242114583,0,0,-0.06375242611271482,0.06289672390317726,0.015189367094833327
2013-02-01,69.67500305175781,70.45999908447266,68.9749984741211,70.27999877929688,20167400.0,0.2651437670864294,0.24663381012788163,0.6186921288291344,0.2635447298840784,0.9962909130022463,0.4718461995398648,0.3960101772166229,0.6091515181573415,0,0,-0.06056434611764685,0.06266772826316969,0.012693117153681809
2013-02-04,69.87000274658203,70.1449966430664,69.18000030517578,69.47000122070312,11622000.0,0.265054079070218,0.24783274503011019,0.5534669689855747,0.26585939688403926,0.8953120102873733,0.4362986782302329,0.36831636502347065,0.5806165536185782,0,0,-0.0621798921810646,0.0586937972630578,0.008039197806277642
2013-02-05,69.71499633789062,70.22000122070312,68.5,69.18499755859375,12343000.0,0.26507269371030756,0.24897859281160725,0.5313423569978635,0.2682620491706187,0.8587160999304406,0.4008545241605347,0.3332869646728961,0.5503113507875719,0,0,-0.06067361830755937,0.061609418936009734,0.011371828150938788
2013-02-06,68.96499633789062,69.43499755859375,68.43000030517578,69.16500091552734,9345000.0,0.2647511709256411,0.250009993942671,0.5297223038122917,0.27006168255913066,0.812212903200458,0.3768169669400085,0.29980649432973594,0.527367000106558,0,0,-0.05008305933603699,0.07270371592383772,-0.004625275798459146
2013-02-07,69.38500213623047,69.5,68.01499938964844,68.98500061035156,15494000.0,0.26417073706290956,0.2510413950737348,0.5143748053435047,0.2729895178689241,0.8877749003866412,0.3812799194569369,0.27401825689881487,0.4893252912299792,0,0,-0.05617005833593934,0.06665221642925809,-0.020241473394741326
2013-02-08,68.99500274658203,69.63999938964844,68.69499969482422,69.44000244140625,8719400.0,0.26368168251743795,0.2521782808596804,0.5554603156316342,0.2746511917701525,0.9120132118438568,0.4337127185323938,0.24792698039808872,0.5107336348712882,0,0,-0.050663227015433084,0.07247952389304935,-0.02971664903414089
2013-02-11,69.57499694824219,69.8499984741211,69.07499694824219,69.67500305175781,8051600.0,0.26321631909734017,0.25338135275539475,0.5764768033912979,0.2761892557955713,0.9522353220281484,0.465991406362023,0.22038142616699527,0.5305023597448303,0,0,-0.05868370974901226,0.06365215499624244,-0.03679435793988776
2013-02-12,69.19499969482422,69.19499969482422,67.7249984741211,68.2249984741211,8948200.0,0.2624412771641935,0.25433346826165204,0.4497285790404938,0.27778201575734796,0.9348805727527102,0.3766405327580929,0.21371354060138573,0.508532253938105,0,0,-0.04485109240222933,0.06889132172971917,-0.03566559743823174
2013-02-13,68.51000213623047,69.88500213623047,68.4749984741211,69.55500030517578,7626000.0,0.2622669776170553,0.255356596457745,0.5641920963737671,0.27921016054139136,1.0,0.46537509965619295,0.19643989044578022,0.5272560226158376,0,0,-0.011506100105039068,0.08039576010297922,-0.022572384755882295
2013-02-14,69.33000183105469,69.68000030517578,68.95500183105469,69.5,4826200.0,0.26224497779272987,0.2566017236668955,0.5594815866486715,0.2801068803143669,0.9599103833961191,0.4712363800442807,0.1804000724441466,0.515406474701797,0,0,-0.02307531234119139,0.06706923866090772,-0.03234850104418117
2013-02-15,69.88999938964844,70.03500366210938,69.25,69.69499969482422,3477600.0,0.2618066906822421,0.25791717397930036,0.5759131959042522,0.2807560295572329,0.9040675243141564,0.4992771290592752,0.15968022977268712,0.5239448667754507,0,0,-0.031151092309745953,0.05906479650264164,-0.04381292329417716
2013-02-19,69.33999633789062,69.625,67.76499938964844,67.8550033569336,5937200.0,0.26061874664716916,0.25903751336930403,0.42841809310272716,0.28177329036057785,0.7346970259036378,0.39799240572338157,0.16064179350751703,0.509367531423571,0,0,-0.02317236345277531,0.06679111025287948,-0.04275766899472943
2013-02-20,67.63999938964844,67.75,65.74500274658203,65.75499725341797,5181200.0,0.2587132933181275,0.25960974767347145,0.30846363655974685,0.2825708111077416,0.6294763551852803,0.24939861908683247,0.1813455839922893,0.4966463682616161,0,0,-0.027927146847201073,0.09365563396268292,-0.010168777647488596
2013-02-21,65.32499694824219,65.32499694824219,64.0999984741211,65.04000091552734,4398400.0,0.2564575495937609,0.2602102492414571,0.2749759564600438,0.2832202184645458,0.47509548137835445,0.18059693121921538,0.21247975137765016,0.48584717810266786,0,0,-0.01862973956792946,0.13185318470816565,0.00821231751324078
2013-02-22,65.18499755859375,66.18499755859375,65.05000305175781,66.16000366210938,3289800.0,0.25448441065497224,0.2607948945260822,0.3736619284117966,0.28373328386721053,0.5641020222509345,0.3083591724688789,0.22785564868697009,0.4939244734339038,0,0,-0.016682027509222076,0.13545518241044524,0.008302596985333475
2013-02-25,66.42500305175781,66.88999938964844,65.13999938964844,65.1500015258789,3971600.0,0.25213051724487384,0.2611575397456488,0.3227910266394258,0.28431921645857494,0.6519834386060325,0.34449296093345094,0.23179530224672792,0.48417318577582835,0,0,-0.03514214705172812,0.11441957792937137,-0.0015115794737009618
2013-02-26,65.31500244140625,66.52999877929688,65.31500244140625,66.33999633789062,3456800.0,0.2508918031926779,0.2617180531819402,0.4181688202696453,0.2848597893930538,0.633378640728325,0.3918450496353485,0.2354535519807888,0.49266050856171695,0,0,-0.018649331371121028,0.13323100693601533,0.030928616154337906
2013-02-27,66.05500030517578,67.70999908447266,65.93000030517578,67.33000183105469,2088800.0,0.24980877662966977,0.2623695736369146,0.48890610688424974,0.28520183903634944,0.5475429285602064,0.45629356669942195,0.22210555225410264,0.4977890435753608,0,0,-0.02946942928813628,0.11968650708036373,0.041453122577718854
2013-02-28,67.45999908447266,67.94000244140625,67.30500030517578,67.33000183105469,2700600.0,0.24886620551785688,0.26269567918369274,0.48890610688424974,0.2856431486119928,0.5516083194268587,0.49378123095446924,0.20665033962357696,0.5044197031204807,0,0,-0.049903468275294564,0.09705931211032923,0.009876739899636014
2013-03-01,66.81999969482422,67.70999908447266,66.3550033569336,67.40499877929688,1854200.0,0.24834838336172677,0.2630135107434992,0.4945746030988598,0.2859466313499234,0.6198315602777731,0.4794802502049321,0.20253011081182073,0.5089722354942353,0,0,-0.04039805653842379,0.10656472384719999,-0.016337419340656252
2013-03-04,67.30000305175781,67.82499694824219,67.08999633789062,67.79499816894531,1574600.0,0.24750734453774276,0.26322861546874754,0.5248889630436572,0.28620876249285,0.4468812301079076,0.5084307549323255,0.19702546934514523,0.512838278788224,0,0,-0.047474291752670206,0.09932497316327459,-0.00037091501122592333
2013-03-05,68.0,68.4749984741211,67.8949966430664,68.11000061035156,1673800.0,0.24704705760292955,0.2635740241797907,0.5494328926644003,0.28649112893974926,0.4994436314839934,0.5481350834781178,0.18248560359761187,0.5169478833007848,0,0,-0.05752639031215979,0.08842839307469953,-0.026550676309072246
2013-03-06,68.27999877929688,68.45500183105469,67.37999725341797,67.7249984741211,2598400.0,0.24655292657217343,0.2636471045773685,0.5183792613108935,0.2869208588921339,0.5192128626401551,0.5338978679394518,0.17508015237919164,0.5105681507368954,0,0,-0.061371315045040425,0.08390844099356201,0.030024932471289796
2013-03-07,67.86000061035156,67.9800033569336,67.45500183105469,67.73500061035156,1932800.0,0.24606894851198624,0.2637994711257534,0.5192527766738716,0.28724003103044726,0.4667608820964335,0.5296153334299389,0.1682036619620871,0.5153136660923008,0,0,-0.05551867435873375,0.09058696603108467,0.04333698965995937
2013-03-08,68.1050033569336,68.7699966430664,67.73999786376953,68.66999816894531,2103800.0,0.24596233715673388,0.26394425274774713,0.5980770769048006,0.28760214116224014,0.42860004384294303,0.5776603339118375,0.14974361703363895,0.5204790299192368,0,0,-0.059127553653560275,0.08695651194470207,0.05418171013324605
2013-03-11,68.45500183105469,68.9800033569336,68.45500183105469,68.88999938964844,1740800.0,0.24577619075583917,0.2641538418323479,0.6155470526027574,0.2879042493687882,0.38002714702552814,0.6073314805875154,0.12952318521155268,0.5247531364645026,0,0,-0.06341930206870255,0.04368720081540198,0.05744866462816172
2013-03-12,68.7750015258789,69.6449966430664,68.7750015258789,69.56999969482422,2597600.0,0.2457406527767088,0.264568884586065,0.6678157168450795,0.2883679249087897,0.35169765896627125,0.6483245513413985,0.11945060868584176,0.5311309048250165,0,0,-0.06786185358074323,0.038902603119756796,0.05392649689076421
2013-03-13,69.52999877929688,70.83000183105469,69.4800033569336,70.76000213623047,2648000.0,0.24659861493973378,0.26517697055444134,0.7470434254848063,0.28886397351828785,0.41714531828390666,0.7000689225302258,0.12471191795777228,0.537632417998192,0,0,-0.0780508887307032,0.027670016676757676,0.056418040376243095
2013-03-14,70.9000015258789,71.61499786376953,70.80500030517578,71.11499786376953,1949400.0,0.24712659006643295,0.2656513040781171,0.7683659081561917,0.28923379229841306,0.36070937787154367,0.7318999428828996,0.13792567830014438,0.5424186905736407,0,0,-0.0960995314650518,0.010104526799110048,0.02211694127706098
2013-03-15,71.05999755859375,71.75,69.55500030517578,70.6500015258789,3185200.0,0.2475158036251242,0.26584089988587156,0.7165384147426054,0.28982524586624825,0.33023877733289253,0.6873589234969373,0.1307087885644785,0.534598214833762,0,0,-0.09786963781965491,0.009702629011225504,0.034451306352142996
2013-03-18,69.50499725341797,70.93000030517578,69.36000061035156,70.55000305175781,1337200.0,0.2478051761970353,0.2660718624724817,0.7053054597252761,0.2900720282758792,0.3330490666904755,0.6607993314836909,0.12120398877478503,0.5313150488914772,0,0,-0.07650387349697421,0.03177640053920866,0.05753718830306395
2013-03-19,70.84500122070312,70.8550033569336,69.7699966430664,70.43499755859375,1732200.0,0.2486783652337748,0.2661683835538109,0.6917631684409814,0.29038974482064983,0.40499038332910176,0.6502490675004825,0.11237810325578393,0.5270620575324989,0,0,-0.09560598802006677,0.012827763857542827,0.024875934479130283
2013-03-20,70.68000030517578,71.08000183105469,70.41999816894531,70.50499725341797,1729000.0,0.250285984321385,0.26635797936156513,0.697456174109938,0.2907073361375401,0.4530770559624191,0.6508090046730218,0.10723379885547382,0.5313071920779749,0,0,-0.09341949398920457,0.015191307331757952,0.05054302096954351
2013-03-21,69.56500244140625,70.02999877929688,68.63500213623047,68.6449966430664,2032800.0,0.25150608115135237,0.2661552840387731,0.5015852330807883,0.29105093906977386,0.39861854151571124,0.5638640285124061,0.10229124088489294,0.5263161513006218,0,0,-0.07751229246406674,0.03099067645858003,0.093255757809755
2013-03-22,68.49500274658203,69.12000274658203,67.80000305175781,67.98500061035156,1468800.0,0.2521237442942628,0.26578091900333134,0.4472681898928976,0.29129135673474926,0.34607916850553544,0.5118067749830243,0.10721177514165031,0.5227098739030538,0,0,-0.06402512182080297,0.04741783687954692,0.10758241485880923
2013-03-25,68.15499877929688,68.23500061035156,66.31999969482422,66.94499969482422,2310800.0,0.2527312544666042,0.26523764049756204,0.3717968740919859,0.29165045948580726,0.3851367362797693,0.43563062585706225,0.12603028073786424,0.517036272452686,0,0,-0.05964551399236668,0.05287932909359629,0.12436569471424419
2013-03-26,67.34500122070312,67.94999694824219,66.91500091552734,67.0199966430664,2388200.0,0.2529613979340109,0.26468195153733576,0.3798337966198161,0.292022219824032,0.3316309317565313,0.4356234659196886,0.14350460736292006,0.5228999105796412,0,0,-0.04847266803158885,0.06580026588061129,0.15273729958522397
2013-03-27,66.53500366210938,66.8499984741211,65.9749984741211,66.70999908447266,1873000.0,0.25275156040774227,0.2641572881872518,0.35748084800122126,0.2923087812886984,0.33258974234644423,0.3886288870621295,0.1678971156952024,0.5183012194265606,0,0,-0.03633251730758175,0.07781254251122297,0.1555505214045964
2013-03-28,66.66500091552734,67.04499816894531,66.43499755859375,66.97000122070312,2106800.0,0.25262971959663644,0.2637298360310786,0.38802858548157804,0.2926347728781509,0.38356234233489905,0.41347273386703975,0.1870933926025148,0.5234739490161551,0,0,-0.03845004462012168,0.07622544077738168,0.15589869088005429
2013-04-01,66.82499694824219,67.23500061035156,66.5999984741211,67.08000183105469,3316800.0,0.2525197256392871,0.2633871846143587,0.40129106492620903,0.29314959915812633,0.392041257309768,0.42442847072268103,0.20144400517904024,0.5316175362113168,0,0,-0.04068983760565749,0.07354043544851087,0.14603563133380998
2013-04-02,67.37999725341797,67.49500274658203,66.59500122070312,66.84500122070312,1682000.0,0.25219820285462063,0.26281563989677226,0.3810816788590854,0.2934070853342752,0.3646134956925194,0.42880788476539655,0.20990918089531677,0.5274877986141563,0,0,-0.048896820062076976,0.06514613338246718,0.16435601110515893
2013-04-03,67.0250015258789,67.0250015258789,66.0999984741211,66.36000061035156,2736200.0,0.2516059221381327,0.26212551153526664,0.34059135157905807,0.29381499505963204,0.35504659176788156,0.41138650064287274,0.22304475349371408,0.5207697320188229,0,0,-0.04375799234560991,0.07068589105893643,0.16770138199953707
2013-04-04,66.5199966430664,67.44499969482422,66.25,66.94999694824219,1830600.0,0.25134362587583164,0.26151397815998556,0.41801062196140515,0.2940956334011411,0.3706085543251321,0.4392808162931344,0.22708121894816954,0.5252643203929978,0,0,-0.03646772372946323,0.07881258753511465,0.16960525586639041
2013-04-05,65.86499786376953,66.375,65.31500244140625,65.86499786376953,1768600.0,0.2507107306949287,0.2607087125094647,0.32984444671801405,0.294351673376709,0.3698319707164483,0.3952350894167944,0.24092460020565307,0.5209219577804305,0,0,-0.01217318669397067,0.08790145488400927,0.20246453955262916
2013-04-08,65.80000305175781,66.02999877929688,65.27999877929688,65.7249984741211,2031800.0,0.24971400696389595,0.25984484514956585,0.31950082748952413,0.294643166215962,0.35337707679907837,0.40375092764805454,0.2541405341501327,0.5159333722572969,0,0,-0.010020552395287092,0.09033625053095329,0.19327406271034697
2013-04-09,65.76000213623047,66.4749984741211,65.69000244140625,66.32499694824219,2561800.0,0.24884589183030192,0.25904785243401574,0.3975302480439681,0.29502170959589524,0.35886386438936774,0.4374897149818249,0.25723365903549833,0.5222232425167533,0,0,-0.0073032083389487305,0.0911372841815746,0.20859641540913695
2013-04-10,66.55500030517578,67.44000244140625,66.41000366210938,67.33000183105469,2082200.0,0.24808777323619619,0.2586796920998019,0.5105086672617171,0.2953447366724016,0.3524583911397498,0.4837287051939707,0.24221966885582888,0.5273355728525487,0,0,-0.01922354443338874,0.07832642192020338,0.18424427867277862
2013-04-11,67.34500122070312,69.06500244140625,67.30999755859375,68.80500030517578,2174000.0,0.24742611044463492,0.25844183575138313,0.6403522550566872,0.29570582847752447,0.341911206284492,0.553026865295752,0.22544679446632063,0.532673295525692,0,0,-0.030669870566583095,0.0654240109832457,0.16463684513609964
2013-04-12,68.4749984741211,68.72000122070312,67.76000213623047,68.125,1380000.0,0.24641415725774862,0.2581674392041752,0.5748473113725244,0.29592754798852716,0.34349468452513443,0.5535855615944647,0.20987198253320585,0.5292850447028136,0,0,-0.04643557416834832,0.04759830697410153,0.1444662800278852
2013-04-15,67.58499908447266,67.7300033569336,65.69499969482422,65.72000122070312,2477400.0,0.24474561776458553,0.2577241302386408,0.3965088852400359,0.29627960589597335,0.3133705475284715,0.45346435684956277,0.20177117210560827,0.5232023978994809,1,0,-0.0338348668649656,0.06113762811783257,0.16264222871272935
2013-04-16,66.3550033569336,67.33499908447266,66.05500030517578,67.2750015258789,2623000.0,0.24363720619301588,0.2573097775975052,0.5175998631913332,0.2966825418271122,0.3344663641235753,0.49142068860359184,0.1942489909942677,0.5296425297171694,0,0,-0.016357342630390438,0.08209063516217455,0.18555994321835995
2013-04-17,66.69499969482422,66.98999786376953,65.875,66.19999694824219,2198600.0,0.24220388665254383,0.25685888370557974,0.45031590970460145,0.2970016499271326,0.318111334672995,0.45320153101432803,0.18941094712036607,0.524244407790227,0,0,-0.021033086338660734,0.07513935623221438,0.17034557896017735
2013-04-18,67.83000183105469,71.0,67.83000183105469,70.32499694824219,4781000.0,0.24214296624699094,0.25701607578203056,0.6807071007599289,0.2978429405084764,0.36848224282170544,0.7789033225396882,0.19339785044673616,0.5359829782135471,0,0,-0.03851968533701757,0.059214476580869396,0.13557400132719202
2013-04-19,70.33000183105469,71.11499786376953,69.80000305175781,70.79499816894531,3607000.0,0.24287062592938968,0.25724083261541186,0.7005273398078569,0.29848822417782395,0.4166849690329757,0.8181448580770075,0.19805483148058625,0.5448390801832012,0,0,-0.07180950260793492,0.02019194071192642,0.10295056065339081
2013-04-22,70.80999755859375,72.0250015258789,70.40499877929688,71.7750015258789,2211400.0,0.2441533370480975,0.2576255398715681,0.740637549925476,0.29889924622557096,0.4490183513584437,0.8073941007661425,0.2098038560149593,0.550268629364153,0,0,-0.07811284585529724,0.01716228545391962,0.08432800868864074
2013-04-23,71.9749984741211,72.44000244140625,71.55999755859375,72.4000015258789,1593400.0,0.24599956127263484,0.2580336878114755,0.7651523423706221,0.2992024500980007,0.4771633690909973,0.7714962311396427,0.22394977896768845,0.5541808314374678,0,0,-0.09327759738758482,0.006478634028555141,0.04207599036235558
2013-04-24,72.5,72.92500305175781,72.17500305175781,72.48999786376953,1783800.0,0.2478508619824566,0.25842184142253566,0.7687583619521992,0.29954261333053356,0.49739666201627347,0.7356183333005561,0.2408324220354762,0.5585605139141712,0,0,-0.0997237716648719,0.005870207773488761,0.043301133565720754
2013-04-25,73.0,74.27999877929688,72.7300033569336,73.45500183105469,1935800.0,0.2501336820164332,0.25914299539418373,0.8070579353463493,0.29992527103633937,0.4799102600431134,0.7303895766097396,0.2660072020209404,0.563313395032235,0,0,-0.10649746790186593,0.017657591626673474,0.06152571686999265
2013-04-26,73.37999725341797,73.42500305175781,72.125,72.46499633789062,1144800.0,0.25199344181363653,0.25954424852028146,0.7299956618468764,0.3001427328254277,0.4532186773332741,0.6724629474780309,0.27994866232129656,0.5605026200017775,0,0,-0.1102715713322145,0.012252419895773676,0.051119798369196834
2013-04-29,72.81999969482422,73.6050033569336,72.44000244140625,73.51000213623047,1112400.0,0.2541696504923608,0.2600971791341836,0.7740174818869479,0.3003625970781417,0.44363336024929134,0.6664857108266965,0.2942543773888767,0.563233844795524,0,0,-0.10405024903844251,0.020147645873946584,0.04319322999511904
2013-04-30,73.55000305175781,73.68000030517578,72.81500244140625,73.56999969482422,1635800.0,0.25644570015786533,0.26063149459240054,0.7765122228236935,0.3006862760731178,0.46823145773301866,0.6536738157010532,0.3081336522597722,0.5672501496477447,0,0,-0.11250175530038443,0.009930563274725761,0.02618685031182334
2013-05-01,72.91000366210938,73.54499816894531,72.55500030517578,72.5999984741211,2144400.0,0.25855760324680077,0.2612857718156978,0.6992021609483137,0.301094273639239,0.4588356787604977,0.6287908467064709,0.3164209191800931,0.5619851024994978,0,0,-0.10371081846489778,0.018621654517743346,0.06422452757538213
2013-05-02,72.94000244140625,74.44000244140625,72.65499877929688,74.23999786376953,1647000.0,0.2610248757984845,0.26245575039352764,0.772356144367199,0.30142743915758585,0.47088757780402535,0.6417273372195316,0.3317613268944627,0.5660289061989767,0,0,-0.10550969453311836,0.02066115745904166,0.05475204624884416
2013-05-03,75.30000305175781,76.29000091552734,75.00499725341797,76.13999938964844,2041200.0,0.264502410236006,0.26398630543118096,0.8415416991984673,0.30186883373574014,0.48961671540672985,0.682497335916784,0.3588241078913176,0.5710405711117734,0,0,-0.13496773384675542,0.013335100919401672,0.03710933907182206
2013-05-06,76.06500244140625,76.06500244140625,75.30500030517578,75.87999725341797,1144200.0,0.26793933020911254,0.2653265745484984,0.821041250133744,0.30211369525162224,0.4922158419404216,0.6685277312278377,0.38395383310268283,0.5682312692338477,0,0,-0.14164701534756832,0.0029550627255676503,0.029156832656935163
2013-05-07,75.94000244140625,76.69000244140625,75.88999938964844,76.61000061035156,1017600.0,0.2714202498308701,0.26690676929997836,0.8468967757958902,0.30233684071602973,0.48260476188106793,0.6753697301657238,0.4111949428824485,0.5707297359275877,0,0,-0.14048502962523765,0.009884027769468806,0.015089571488022565
2013-05-08,76.4800033569336,77.58999633789062,76.19000244140625,77.56999969482422,1932400.0,0.27488593741463513,0.2684552504327363,0.8789661645142447,0.3027739739997951,0.4856023570258444,0.6834234645213966,0.44166701626496296,0.5754742691813053,0,0,-0.1461950722935169,0.01448887837245427,-0.01879653348040408
2013-05-09,77.33000183105469,77.56500244140625,76.79000091552734,76.95999908447266,1772000.0,0.27764596514032686,0.2697831101475975,0.8270756622918763,0.3031661039436271,0.4540379569183317,0.6717337695484586,0.46996251297729785,0.5711235587043918,0,0,-0.15534360060803037,0.0033517404648550665,-0.03712781866885408
2013-05-10,76.8949966430664,77.30000305175781,76.55500030517578,77.06500244140625,1081600.0,0.2806716743125557,0.27112544855065857,0.8310897791953132,0.303406018655377,0.46316393092725233,0.6586530325089652,0.4912073169024943,0.5737791616681782,0,0,-0.15092253121028112,0.009030661422713568,-0.04619283195772586
2013-05-13,76.82499694824219,76.98500061035156,76.21499633789062,76.6050033569336,763400.0,0.2843556610921098,0.27239401749556114,0.7897725738760456,0.3035725926388626,0.49350282023611314,0.6398425339693049,0.5036003541995163,0.5719048205970294,0,0,-0.1498085746214458,0.009926677031251361,-0.03776027951114853
2013-05-14,76.74500274658203,78.43000030517578,76.66999816894531,78.40499877929688,1248600.0,0.28812256551940335,0.2738570077762841,0.8608075151923563,0.3038616239424168,0.4789491435542208,0.6661693180233046,0.525074367659746,0.5749704510154685,0,0,-0.14966390529173507,0.021995920432803417,-0.029306215628262012
2013-05-15,78.02999877929688,78.92500305175781,77.78500366210938,78.23500061035156,1648600.0,0.2921957658576489,0.27525312236065724,0.8454184400329138,0.3042406920837416,0.4860739915413398,0.6672096985229617,0.5479685062681303,0.5709227189092385,0,0,-0.16261718255860344,0.011415142993373359,-0.04483131744626193
2013-05-16,78.03500366210938,78.69999694824219,77.69999694824219,77.7750015258789,991000.0,0.2947171910285525,0.27663889577631684,0.8029850250560836,0.3044648981583682,0.4412210584861889,0.6462562987366348,0.5673509364904618,0.5684895619777367,0,0,-0.1630345086381304,0.011375974726210693,-0.06173709712243055
2013-05-17,78.3550033569336,79.44499969482422,77.94499969482422,79.41999816894531,1144800.0,0.297636288845529,0.2782501150859382,0.8676940429151389,0.30473773739157484,0.4319077863467773,0.6655299676920788,0.5899363471612077,0.5713003370081942,0,0,-0.16811320245729772,0.014014738881463588,-0.053166210930315254
2013-05-20,79.18000030517578,79.23999786376953,77.9000015258789,78.52999877929688,1293000.0,0.2999224914816025,0.2796096894715224,0.7895445417788313,0.3050369921255195,0.41182649181625025,0.6436812207047757,0.609844195056069,0.5681256933024101,0,0,-0.16985643634835,0.0033366834016379664,-0.0584235645508081
2013-05-21,78.7699966430664,79.71499633789062,78.51000213623047,79.47000122070312,1410400.0,0.30231530547292845,0.28106854328475994,0.8273326660602528,0.3053729432644192,0.4041786861720285,0.6600602206745552,0.6313030406803704,0.5715885838535607,0,0,-0.16649684390023436,0.012033614026661008,-0.0506175797263483
2013-05-22,79.44499969482422,80.41500091552734,78.29499816894531,78.7750015258789,1292600.0,0.3044424405998562,0.2823378012902431,0.7679549248585569,0.3056737888030824,0.39890430452049086,0.6486954224920009,0.6552980334425341,0.5684149222494645,0,0,-0.17302126322879582,0.01220587902105663,-0.04070719215628748
2013-05-23,77.71499633789062,78.94999694824219,77.18000030517578,78.43000030517578,1117600.0,0.3061262095488729,0.28339540092538174,0.738906078634807,0.30593076902765426,0.4062290838580792,0.6030918126428059,0.6520111698620574,0.5656709301337769,0,0,-0.1525864349125736,0.03427489083259138,-0.013963801368632482
2013-05-24,77.81999969482422,78.71499633789062,77.16500091552734,78.41500091552734,1100600.0,0.30813996553421547,0.28440198272553274,0.737588026279677,0.3061834838127603,0.4214901867466963,0.5937211538182783,0.6486361264153382,0.5629686773398204,0,0,-0.1545964548364262,0.033086844455002186,0.005673845379226043
2013-05-28,79.44499969482422,79.75,78.04000091552734,78.66500091552734,1137000.0,0.30988465488878486,0.2855071538407554,0.7509003127081227,0.3064464306646083,0.4060255330881191,0.6234986811522806,0.653881117690529,0.5657603013873659,0,0,-0.17305361903193137,0.01237009767745919,-0.018172582224323365
2013-05-29,78.1050033569336,78.95999908447266,77.79000091552734,78.55000305175781,767800.0,0.311570117720989,0.2866102567222354,0.7394576943007575,0.30662319703937546,0.39364632718702575,0.5966010830031534,0.6531784849769148,0.5638751571976514,0,0,-0.15546943640242894,0.02936499754286267,0.01156799112850736
2013-05-30,78.69499969482422,78.81500244140625,77.86000061035156,78.15499877929688,809600.0,0.3134501860414693,0.2876747511711837,0.6993884750946161,0.3068070845932823,0.414152280061384,0.5799848986516817,0.652526040314273,0.5618873833815626,0,0,-0.13831950912351226,0.021896895657276927,0.0021642032124848942
2013-05-31,77.81500244140625,78.2699966430664,76.80500030517578,76.80500030517578,1100600.0,0.31431830117506326,0.2885434451111496,0.5770196790741245,0.307045816795639,0.3844127269882257,0.49007696008481677,0.6288737042818087,0.5591851305876061,0,0,-0.10255261358626747,0.03326720638129968,0.008700662987610616
2013-06-03,77.23500061035156,77.6449966430664,76.0999984741211,77.56999969482422,1323200.0,0.31480227923525045,0.2897740946841012,0.6306784304793319,0.30734007069730507,0.3797875592528498,0.46196916139877925,0.5936857907704333,0.5624339229708183,0,0,-0.08892652566781414,0.04140355826496215,0.002408665553787951
2013-06-04,77.44499969482422,78.1050033569336,76.42500305175781,76.77999877929688,1132000.0,0.31510688126301484,0.29098681816194794,0.5651760186244772,0.30758490323049437,0.3642740581239383,0.4475612032351253,0.5668300146533581,0.5596545751943701,0,0,-0.07586698671371968,0.038288013824773745,0.0126982159884846
2013-06-05,76.52999877929688,76.7249984741211,74.96499633789062,74.99500274658203,1146200.0,0.3145602914962264,0.29209681585723757,0.4414666715792134,0.3078173755124831,0.34025260968248106,0.3025878012467763,0.5179416937671787,0.5568403628080054,0,0,-0.05737169639659656,0.05059914297990363,0.04519407757061314
2013-06-06,74.57499694824219,75.79000091552734,74.5199966430664,75.63500213623047,888200.0,0.3139053990731369,0.29328472053017196,0.4902964999684084,0.30800158918363396,0.32517600753057346,0.31627990858780686,0.47580424520768905,0.5590211196057451,0,0,-0.03266880270037524,0.07787190817259247,0.06673784518316599
2013-06-07,76.54499816894531,77.66999816894531,76.26000213623047,77.45999908447266,1367000.0,0.31407462213499066,0.29476701502716074,0.6103188152596137,0.30830335537573483,0.34961297753555276,0.47546195221334525,0.4509525099515853,0.5623774521237703,0,0,-0.058438527720065435,0.051166822731247515,0.043895016871215
2013-06-10,77.99500274658203,77.99500274658203,76.55000305175781,77.13500213623047,636600.0,0.3140983132603647,0.29616864525218134,0.5871669427253099,0.30844223371114665,0.34310618134484167,0.4820337057594033,0.43136109578093607,0.5608144372876511,0,0,-0.07171443804327796,0.031241908049937175,0.02026852199045449
2013-06-11,75.8949966430664,76.91500091552734,75.50499725341797,75.94999694824219,881200.0,0.31387662888033946,0.29739170989874175,0.5075790821845512,0.30862660795459107,0.3389187003500689,0.39002220157485906,0.39803666843443064,0.5586508672694479,0,0,-0.043300657877622876,0.0585986147310662,0.034290584030703924
2013-06-12,76.67500305175781,76.84500122070312,75.33999633789062,75.4749984741211,818600.0,0.3128849816345913,0.29858168175341804,0.477904836185131,0.30879488111524145,0.3153514611654367,0.3927411590504225,0.3648268306052658,0.5566409961653839,0,0,-0.054246252957583375,0.049242896827477636,0.03541797129820658
2013-06-13,75.2300033569336,77.94999694824219,75.2300033569336,77.63500213623047,1655200.0,0.31268191447679455,0.30013636758740403,0.6135121858054885,0.30916126755498596,0.33559339185203785,0.48045929192134074,0.3471188546161039,0.5607049329494624,0,0,-0.03411731871077331,0.06869821349346016,0.044054283080009124
2013-06-14,77.18499755859375,77.86000061035156,76.55500030517578,76.91500091552734,919400.0,0.31239085060383515,0.30151042066118805,0.5665389843811459,0.3093596620348935,0.34097231641160264,0.49737890299639154,0.3306757340547394,0.5584475722200752,0,0,-0.034327311678963024,0.041604988317843115,0.043794698683884026
2013-06-17,77.5,78.47000122070312,77.18000030517578,78.05500030517578,1115600.0,0.31192887236797345,0.30319127401348345,0.6301141153989431,0.30960960589889,0.33210955547170606,0.5656900142763442,0.32238096272195194,0.5611866538273239,0,0,-0.03874411131069753,0.03789899084482586,0.039329148928973476
2013-06-18,78.0199966430664,78.375,77.55500030517578,78.28500366210938,1032400.0,0.3118459547202341,0.30492314625276773,0.6424725525587621,0.3098424610895091,0.3431498198666077,0.5833918436979729,0.31467867505579217,0.5637214582835121,0,0,-0.044840176623097354,0.03068354702577749,0.028185312523672332
2013-06-19,78.16000366210938,78.61000061035156,77.04499816894531,77.08499908447266,1002000.0,0.3110387599921928,0.3064068199229185,0.5605824632375123,0.3100593764584191,0.32079794258945277,0.5503319368395818,0.29853998937639503,0.561261293555596,0,0,-0.04649686209064794,0.028804970913086987,0.041131678363414304
2013-06-20,76.125,76.37999725341797,74.80500030517578,75.04000091552734,2130400.0,0.3097746635135746,0.3074699351987048,0.44493206513201944,0.31048777973418484,0.3109528836710204,0.3586800885716611,0.28211010298555317,0.5560306199664219,0,0,-0.020821215229888897,0.05565286328700865,0.06557696523595104
2013-06-21,75.95500183105469,76.0199966430664,73.81500244140625,74.44999694824219,2092600.0,0.3084276468050779,0.30824831170656875,0.4157141464037296,0.31089873349815933,0.2940947996220459,0.3355363781184214,0.277235673552905,0.5508927549867441,0,0,-0.028518115185758572,0.05943495509139565,0.06649783852463942
2013-06-24,74.41500091552734,74.43499755859375,72.6050033569336,73.33999633789062,1538400.0,0.3067100311779793,0.30896739639247317,0.3637988400519664,0.3111877991104065,0.28187634292162783,0.2917163844788322,0.2836806205635548,0.5471155918955004,0,0,-0.024311586739917054,0.08059100397507356,0.0845533704094254
2013-06-25,74.58999633789062,75.12000274658203,73.38500213623047,73.91500091552734,1300400.0,0.3051024120903691,0.3100973873646091,0.4043731783873641,0.3114373733544247,0.279374884399298,0.36868623173225695,0.2794831907291331,0.5503084044825085,1,0,-0.027065626944018508,0.07942466414642113,0.08119719291529437
2013-06-26,74.34500122070312,74.9800033569336,73.44999694824219,74.5,1524600.0,0.3037317042564985,0.31109362694404563,0.4449235694020762,0.31173620965026416,0.28360475352684844,0.3981920249401374,0.27558557731145583,0.5540516850655234,0,0,-0.023540524145539303,0.08212135046526249,0.08888587720282443
2013-06-27,75.05000305175781,75.26000213623047,74.16999816894531,74.51499938964844,1559800.0,0.30249976057277467,0.3122401648381241,0.4459904911970526,0.3120417301074707,0.2803167156549521,0.4309640437822934,0.2675809938460729,0.5578813905970638,0,0,-0.03281878784998951,0.07201339414455747,0.07778521032141358
2013-06-28,73.95999908447266,74.12000274658203,73.0,73.20500183105469,4672000.0,0.3012813550438557,0.31263728254873757,0.375681755125184,0.3129095094632923,0.25704659189376017,0.3741543564733478,0.2720169485888425,0.5464104428836666,0,0,-0.01818420101506835,0.08662687893615431,0.09004897187726212
2013-07-01,73.5250015258789,75.09500122070312,73.27999877929688,74.22000122070312,1363000.0,0.30014756104586365,0.31310954889067155,0.4500475568935667,0.3131722115834039,0.24271863438115893,0.43175492129459947,0.2612705757653053,0.5497569543848139,1,0,-0.01256742225167236,0.09411924345756377,0.10730135279098993
2013-07-02,73.92500305175781,74.91000366210938,73.87000274658203,74.54000091552734,1403800.0,0.29938944245175797,0.31349080873992297,0.4726121653434524,0.3134457691777617,0.255953947485679,0.45398955000328944,0.25129180100059234,0.553203640258116,0,0,-0.017784959217381616,0.08744270758593296,0.09781722429843905
2013-07-03,73.56999969482422,74.97000122070312,72.29000091552734,74.79499816894531,738400.0,0.29932175167773306,0.3138210497021856,0.4910286521160593,0.3135909165978079,0.2778234273909977,0.4379127232004172,0.25785391289748427,0.5550165999737778,0,0,-0.017171971606861625,0.09182990524054649,0.07801183753668205
2013-07-05,75.28500366210938,76.3499984741211,75.28500366210938,76.20999908447266,1289200.0,0.2995163571660093,0.314333992710394,0.5857969206983907,0.3138575085642956,0.28131009531565204,0.5479734913669478,0.2443078369139612,0.5581819137135278,0,0,-0.04004282131028313,0.05969645627646368,0.05361313730870411
2013-07-08,76.6500015258789,76.82499694824219,75.65499877929688,76.61499786376953,1203000.0,0.2992303697783342,0.31476971780153806,0.6106213544761823,0.31410959444818,0.2789512771979693,0.5755943240273494,0.22563848460404115,0.5611355845395588,1,0,-0.05721034854650572,0.040677056965779446,0.023028438190541053
2013-07-09,77.26499938964844,78.3949966430664,76.5199966430664,78.26499938964844,1716000.0,0.29961281296855363,0.3155694678114115,0.7015669653543876,0.314489497886446,0.2989467943022397,0.6528796080885617,0.20884263058236993,0.5653488007801816,0,0,-0.06493504682943704,0.03243491065248329,0.028976065817433658
2013-07-10,78.29000091552734,78.5,77.68000030517578,78.0199966430664,1164400.0,0.3003133963413424,0.3161913413034052,0.682294735739778,0.3147448900097878,0.30052439051259433,0.6578125653863746,0.19435022125021503,0.5624899027670224,0,0,-0.076662621181769,0.008560635969722227,0.01616302816729786
2013-07-11,79.55999755859375,79.75499725341797,78.56500244140625,79.01499938964844,1771000.0,0.30151149592912335,0.31694214066003257,0.7332774248897403,0.31514576189298504,0.30352706030399834,0.6882398061508033,0.19340161685155047,0.5668381579897164,0,0,-0.09318119656331063,0.0024993553347140303,0.0066008640323904095
2013-07-12,78.95500183105469,79.06500244140625,78.09500122070312,78.86499786376953,1584600.0,0.30192778321528563,0.3178060080199314,0.7204871234556678,0.3155022114562652,0.29926728444148054,0.6555983414566877,0.18627201396723284,0.5629475621535329,0,0,-0.08435108481947934,0.010124602019146339,0.027399872584330808
2013-07-15,78.98999786376953,79.0199966430664,78.3550033569336,78.49500274658203,850600.0,0.3024625287104566,0.3183927215382991,0.6881298572634882,0.3156910591743547,0.29826318000592944,0.6440618655560728,0.17965166843179511,0.5608591229144456,0,0,-0.08495526697173926,0.009700112982566594,0.014518535516082868
2013-07-16,78.5199966430664,78.54499816894531,77.06500244140625,77.41999816894531,1139400.0,0.30224761469890354,0.3185692178310159,0.5999374762309252,0.3159348679376407,0.2858771746910683,0.6031805537923999,0.15708543876262346,0.5580616062567734,0,0,-0.07936805541178658,0.01573349343446375,0.004586286996050055
2013-07-17,77.81999969482422,78.46499633789062,77.69000244140625,78.43000030517578,1294000.0,0.30229668825069994,0.318920832295288,0.6617814669947286,0.3162210302604298,0.2905203154924815,0.6256347400507488,0.13613108264124976,0.5612387052167768,0,0,-0.07142855735063898,0.024993510777037393,0.0007749620254811141
2013-07-18,78.3949966430664,80.73500061035156,78.08999633789062,80.0,2736800.0,0.30328325901116376,0.31938827205715503,0.7436662420585893,0.3168566199607038,0.3176096933968024,0.67472775249804,0.14057907484565044,0.5679582449646419,0,0,-0.077840057424253,0.029835572589316104,-0.0038250085578985247
2013-07-19,80.03500366210938,80.47000122070312,79.51000213623047,79.58000183105469,1756800.0,0.3048198047226521,0.3196654269506871,0.7088469571182188,0.31725848994356654,0.31753539607057985,0.6649675932248731,0.14470935332116533,0.5636448543518644,0,0,-0.0968125343322754,0.008749961853027344,-0.024125003814697267
2013-07-22,79.50499725341797,80.56500244140625,79.45500183105469,79.86499786376953,2017000.0,0.3066524907923845,0.32006599101620437,0.7238125020230294,0.3177233608511131,0.32204120219117705,0.6530475815950607,0.1494809511167439,0.5685971021125498,0,0,-0.09066343518322338,0.01545618658749021,-0.011309297257808913
2013-07-23,80.38500213623047,80.66999816894531,79.47000122070312,79.56500244140625,1342200.0,0.30875931997817435,0.32041071066666693,0.6970804525777443,0.3180293519941918,0.31170041539297666,0.6403334183068823,0.1550033499934584,0.5653016598991676,0,0,-0.10135856053625956,0.004382376303547981,-0.011456845176257504
2013-07-24,79.77999877929688,79.93499755859375,78.08999633789062,78.54000091552734,1704000.0,0.3103246333003212,0.3206775233394846,0.6105863987787791,0.3184046355815322,0.30711352736753106,0.5953146021525593,0.13982744017923074,0.5611179067091785,0,0,-0.09413683948901229,0.012002787679897023,0.006347073051174715
2013-07-25,78.54499816894531,79.3949966430664,78.47000122070312,79.36499786376953,1127600.0,0.3119711729691588,0.32080989555902206,0.6620168540564217,0.31865945512863925,0.3131961259492049,0.5987868995710854,0.1257355239231622,0.563886451367061,0,0,-0.07964091138915885,0.02788391158489644,0.013750978080790566
2013-07-26,79.25,79.25,78.19000244140625,78.55500030517578,1044400.0,0.3133384956187935,0.3208540196322013,0.5968239690706912,0.318889114590195,0.31628769017663744,0.577272968516966,0.1086505977234852,0.561322183860239,0,0,-0.08769607852090583,0.01871102690509202,0.01978201646926435
2013-07-29,79.11499786376953,80.73999786376953,78.70999908447266,80.58499908447266,1548400.0,0.3158362270821841,0.32124148418268084,0.7122687186953022,0.31925208091185486,0.36972285617302286,0.6358800318678832,0.11109979538728096,0.5651238994936775,0,0,-0.08688176337251578,0.020686143385998217,0.03488009016000896
2013-07-30,80.54499816894531,80.81999969482422,80.0,80.5250015258789,1307000.0,0.317970129995445,0.32139385073106563,0.7073632205058424,0.3195575357069549,0.3736962952741858,0.6555325347197294,0.11426536325699874,0.5619148822288208,0,0,-0.10243838614138007,0.003412564732930478,0.020661425010156272
2013-07-31,80.75,81.12999725341797,80.00499725341797,80.22000122070312,1263000.0,0.31989250408138864,0.3216268815514186,0.6814019744698142,0.31984960421015407,0.35887750939131846,0.6540740867389717,0.1207635304097279,0.5588138961496212,0,0,-0.10506052684461986,0.004718997158861851,0.008506644465863281
2013-08-01,78.12999725341797,82.81999969482422,78.12999725341797,81.37999725341797,953600.0,0.32212117149614533,0.32189024681733147,0.7440690593322707,0.3200779514909343,0.3554522556929536,0.6741855025670316,0.10499475356034518,0.5611552265733146,0,0,-0.07279975378987458,0.05846425292992712,0.03851912141940594
2013-08-02,81.24500274658203,81.7699966430664,80.2249984741211,81.18000030517578,998000.0,0.32380324914411346,0.32222186695275623,0.7260093837484367,0.32031529439790407,0.34651884998974125,0.6842025772996667,0.09035231791448978,0.5587048828622764,0,0,-0.11003934791455865,0.019353612698432936,0.016650230686535844
2013-08-05,80.80999755859375,81.2699966430664,80.33999633789062,80.94499969482422,1447000.0,0.3252687214794799,0.3225686548369615,0.7041090914983839,0.32065661279714486,0.34232409186806684,0.6564201209141699,0.07675577052905264,0.555152130006693,0,0,-0.104951916864223,0.024759819274136136,0.023035264098943416
2013-08-06,80.78500366210938,80.82499694824219,79.7699966430664,80.70999908447266,1322400.0,0.326096222148659,0.32288510722360586,0.6816367437489639,0.3209659400389616,0.33677328949810525,0.6129375445849605,0.0720300349612725,0.5519053018268564,0,0,-0.10494783839161863,0.025140478601360292,0.03854463066218281
2013-08-07,80.47000122070312,80.96499633789062,80.05000305175781,80.54499816894531,1053200.0,0.326950799127448,0.3231443360220333,0.6653611678375719,0.3212108028820676,0.3403384477536362,0.6137595677944852,0.06535901308260872,0.5493194280829031,0,0,-0.10135051911739502,0.029116571686013025,0.04367490479326572
2013-08-08,81.01499938964844,81.36000061035156,80.19000244140625,80.91500091552734,1592600.0,0.3275938472789199,0.3234704405168106,0.6914955808302901,0.3215849414920686,0.35050028183734433,0.6323359386563524,0.0526825433401131,0.5532296659528424,0,0,-0.10832452259568215,0.02240983731093698,0.026382767996874928
2013-08-09,80.73500061035156,81.36499786376953,80.40499877929688,80.84500122070312,825800.0,0.3282639717400017,0.32384135919734847,0.6838055958164624,0.32177833342340345,0.3379974498909732,0.630085659703594,0.04082763347705751,0.5512021170183982,0,0,-0.10436877710278378,0.02576776939852387,0.012049662770676612
2013-08-12,80.51000213623047,80.95500183105469,80.13500213623047,80.66999816894531,1501200.0,0.329000090509782,0.3243742954824034,0.6637356398189642,0.32212766606804233,0.34987717967885845,0.5973995350672731,0.03437862772801298,0.5475162893841191,0,0,-0.10167606032020336,0.02857316499121032,0.015152433120470918
2013-08-13,80.43499755859375,81.6500015258789,80.20500183105469,81.37999725341797,1327800.0,0.33034033684980674,0.3248996478930679,0.7191975192439073,0.3224431074874883,0.3676869135938524,0.6428589100949514,0.02786864033761932,0.5507763759367408,0,0,-0.10096686287271915,0.029564921164812893,0.023366830036152378
2013-08-14,81.4800033569336,81.71499633789062,80.9800033569336,81.18499755859375,1328600.0,0.33127275499105063,0.32550704374886263,0.695266347984332,0.3227565299765449,0.34562309591463075,0.6628706473001111,0.022927524854892495,0.5475143251807435,0,0,-0.11292704290451754,0.016465917708474057,0.022671340053788264
2013-08-15,80.5,80.5,79.1449966430664,79.38500213623047,1157400.0,0.33106461134796944,0.32611237137091476,0.510530223664316,0.3230142538978782,0.32107676399121315,0.4547259064865832,0.0333783069907663,0.5446726139471206,0,0,-0.06423596101147627,0.028576704620207723,0.026297988550034394
2013-08-16,79.02999877929688,79.69000244140625,78.78500366210938,79.29499816894531,1377800.0,0.33096815296328613,0.32661704039215134,0.5026878958855896,0.3233198475024993,0.3420282891160868,0.41136952582691,0.04762323729599846,0.5412897646835251,0,0,-0.04251432775939532,0.04774202700181862,0.05668577034586043
2013-08-19,79.07499694824219,79.66500091552734,78.26000213623047,78.40499877929688,1051600.0,0.33047402193253,0.32674734437794617,0.4286088900399878,0.32354611314610615,0.3381826248010253,0.3770023076000531,0.06721306153805054,0.538707819346323,0,0,-0.03222145613437202,0.047228738672809564,0.05460624164249577
2013-08-20,78.4749984741211,80.0250015258789,78.40499877929688,79.48500061035156,1613600.0,0.33044694562292004,0.3270713806389808,0.5307348050683084,0.323905487321657,0.3590326547534919,0.4426242151560581,0.07816646482354153,0.5426696175548712,0,0,-0.017983496647756576,0.05541740052740666,0.06179454494146954
2013-08-21,79.40499877929688,80.27999877929688,78.9000015258789,79.55500030517578,887400.0,0.3307904682319119,0.32756846683782803,0.536963847891092,0.324103374037259,0.36938246735590535,0.463565761803105,0.08325292923048555,0.5448484101492352,0,0,-0.02943947059095676,0.042964092461522836,0.04831105161726653
2013-08-22,79.71499633789062,80.23999786376953,78.93000030517578,80.07499694824219,660600.0,0.3310307646698874,0.32820275078427885,0.5833323108187709,0.3242530675953684,0.3623771492188636,0.4755958720514236,0.08797607475121924,0.5464703510866218,0,0,-0.03331021163118478,0.03902964420869451,0.07208849963361069
2013-08-23,80.2300033569336,81.20999908447266,79.34500122070312,81.12000274658203,1401800.0,0.3318988798034815,0.3286832900611837,0.6663790672990862,0.3245810001299234,0.38227827757120614,0.5642717749728752,0.07353558413866301,0.5499121264514849,0,0,-0.0395254578351479,0.03234463236464077,0.046518871259262226
2013-08-26,81.31999969482422,81.42500305175781,79.87999725341797,80.13500213623047,858400.0,0.33174658008066876,0.32912728913929956,0.5721792758761834,0.3247755450248192,0.3586845202000217,0.5510356478586921,0.06042132148466142,0.5478045362294857,0,0,-0.05245312018430931,0.018491123634277764,0.0010478190531895374
2013-08-27,79.13999938964844,79.5,78.5,78.87999725341797,1072000.0,0.3311898347611722,0.32924104620315175,0.47151458901514354,0.3250086345827047,0.35088378526929015,0.3733197640745527,0.06585162031678155,0.5451725037062062,0,0,-0.01809442702425059,0.045922508355583945,0.02620575801010239
2013-08-28,78.47000122070312,78.8499984741211,77.80000305175781,77.87999725341797,1638400.0,0.3303978694889846,0.32918520073609614,0.4036377295129606,0.32535271496587326,0.3432753190165493,0.32857739867259095,0.07984176996650785,0.5411498151930149,0,0,-0.008493891889889495,0.055147041399429095,0.0493787624073178
2013-08-29,77.6449966430664,78.62000274658203,77.63500213623047,78.09500122070312,1412400.0,0.329286075315318,0.32932446776944324,0.42342853602621233,0.3256511517322149,0.33750840830288287,0.3549861198448788,0.09486299023373768,0.5446176162526044,0,0,-0.0001283321416077588,0.06644842365515997,0.07357477605306563
2013-08-30,78.2699966430664,78.625,77.8499984741211,78.1050033569336,748400.0,0.3282453545177733,0.32974709439755046,0.4243967512270873,0.3258092036578486,0.331360818213832,0.38200212767812775,0.10870362559361213,0.5464551285104611,0,0,-0.008131051884375915,0.05826241091794232,0.06139965072525896
2013-09-03,79.2699966430664,79.95999908447266,78.23500061035156,78.6050033569336,992200.0,0.32745339182772465,0.3303200193403,0.47349961955467545,0.3260221580694639,0.31882962261955455,0.45497104305574854,0.09579789070714262,0.5488912317470263,0,0,-0.020933287709676472,0.045451672737719294,0.04442738712711525
2013-09-04,78.44999694824219,79.71499633789062,78.17500305175781,79.47000122070312,1130200.0,0.32703371935732634,0.3311652725965146,0.5515080504016822,0.32627153993448,0.31553481088197727,0.47706526892191115,0.08476663440515722,0.5516661600658793,0,0,-0.010368230738582236,0.05559446040271127,0.059283804631990074
2013-09-05,79.42500305175781,80.66999816894531,79.16999816894531,80.28500366210938,639000.0,0.3269457252243025,0.3320436186446134,0.6167325098741394,0.32641617317888993,0.3183438215774117,0.5639568578172799,0.07871560688936574,0.5532350675121253,0,0,-0.022524234151653968,0.04272048057024515,0.09827604679285104
2013-09-06,80.48999786376953,80.58999633789062,78.79000091552734,79.625,1290200.0,0.32650912941486326,0.33275029392806144,0.5570845149371074,0.3267018700872736,0.3124132904295874,0.5347237438650848,0.06652697665922105,0.5500672985181558,0,0,-0.03556075975975177,0.02902163199569405,0.09210940941827497
2013-09-09,79.7699966430664,80.9800033569336,79.7699966430664,80.81999969482422,834600.0,0.32650066774534275,0.33361967692860794,0.6467209073589749,0.3268936721394836,0.3209492044564492,0.6246072592172646,0.06140914658108476,0.5521164536897315,0,0,-0.0268131178252551,0.03830459091689561,0.10718999889619309
2013-09-10,81.41500091552734,81.8550033569336,81.1050033569336,81.8550033569336,1240200.0,0.32690172815779067,0.33481240712960836,0.7125330681894653,0.327187645750474,0.33073350344702296,0.7181023056903554,0.0692827642108905,0.555161459972727,0,0,-0.04677058640893498,0.017384295775824562,0.1069660563685951
2013-09-11,81.79000091552734,82.3550033569336,81.56999969482422,82.20999908447266,806000.0,0.32718263906018114,0.3359141308379263,0.7335480631212561,0.32738059066119096,0.32669046158514214,0.7417096089421058,0.08305783419159254,0.5571403948736255,0,0,-0.050760474117614494,0.012583211007951515,0.09083131456452335
2013-09-12,82.09500122070312,82.76000213623047,81.15499877929688,81.43499755859375,891200.0,0.327267250591108,0.3368648671710214,0.6585110526255442,0.3275888418453522,0.3267809406629792,0.7097433462126579,0.08763462548356368,0.5549522723132275,0,0,-0.054251297094528673,0.008818860019401548,0.09287194041183883
2013-09-13,81.65499877929688,81.98999786376953,81.08499908447266,81.22000122070312,913800.0,0.3278882989182544,0.3377507970935105,0.6383443826637547,0.3278008141180695,0.3281090552982182,0.6573748112707496,0.09048689819697953,0.5527086610074693,0,0,-0.04936448411107222,0.013569145822574952,0.11426291624164031
2013-09-16,82.5999984741211,82.94499969482422,82.17500305175781,82.5999984741211,858400.0,0.32900686346039304,0.3386319004359326,0.727709017578991,0.3280082691173022,0.32703518067975945,0.7112225906092626,0.10616479532230844,0.5548162512294685,0,0,-0.06113021747437549,0.004247737201648595,0.0965895235508002
2013-09-17,82.5999984741211,82.76499938964844,82.12000274658203,82.68000030517578,878400.0,0.33045372115567,0.3394681906445949,0.7324790970309,0.32822091302855017,0.3455581425322185,0.6836266860877479,0.11952765897352288,0.5569729465358573,0,0,-0.06010891561270643,0.004176770303588023,0.12294187611248518
2013-09-18,82.32499694824219,83.98999786376953,81.80999755859375,83.90499877929688,1110400.0,0.3319496524027434,0.3402458780918781,0.8008580418443169,0.32849922995746184,0.3516340894527025,0.7016207191986064,0.14632478960270665,0.5596992608211646,0,0,-0.05672465886188591,0.020137891985749237,0.10286653182656158
2013-09-19,83.8949966430664,84.48500061035156,83.5999984741211,83.99500274658203,920400.0,0.3334523540182888,0.34106975889808433,0.8055560426115093,0.3287303293004513,0.3509616544319633,0.7156254148466247,0.17615700543048404,0.5619590768047714,0,0,-0.07460812344806993,0.007031809497275586,0.08813544341872533
2013-09-20,83.99500274658203,86.1050033569336,83.08000183105469,83.13999938964844,1415400.0,0.33448969221373653,0.3416385463213474,0.7138464739182563,0.3290767424236084,0.3277873181218108,0.6909810859234338,0.21720377903495516,0.5584839099825235,0,0,-0.07571879757585182,0.025120549334554595,0.08786233718789038
2013-09-23,83.08000183105469,83.08000183105469,81.66500091552734,81.70999908447266,1876400.0,0.3346893741872972,0.3420308374518939,0.5844616178324462,0.32951623231880167,0.28998241683240167,0.5896769962036156,0.22790867070718038,0.5538768709650965,0,0,-0.06549193811399237,0.036384430455691605,0.10404139510922221
2013-09-24,81.83999633789062,82.58999633789062,81.6050033569336,81.73500061035156,1591200.0,0.3352308874688013,0.34247759382433296,0.5863012719099954,0.3298886919998606,0.2825284704966671,0.5771390747437394,0.23678823363965298,0.5577836714791286,1,0,-0.051462418905585706,0.05219688002485179,0.12018121936418973
2013-09-25,81.97000122070312,82.66999816894531,81.69999694824219,82.31999969482422,1779400.0,0.33639514296063927,0.3431532445496397,0.6296760771004398,0.33031206473468344,0.2919384068410637,0.5834962492021909,0.2458678147962394,0.5621525508372662,0,0,-0.053037242944898665,0.05059034814158648,0.11537285415987984
2013-09-26,82.55000305175781,83.4800033569336,82.3949966430664,83.32499694824219,913600.0,0.33823798200094063,0.3438282051623649,0.6972277341275213,0.33053574609564396,0.3174618326873486,0.6189113861492994,0.2624655977214041,0.5643956710921805,0,0,-0.05970603661015768,0.04318513506261951,0.08831385653568581
2013-09-27,82.72000122070312,83.15499877929688,82.44000244140625,82.63500213623047,1311200.0,0.33977452771242894,0.3441915399685126,0.6328747534850099,0.3308500479095928,0.311175247187228,0.5975233435867255,0.27787782472334277,0.5611763417596021,0,0,-0.06102609385789997,0.04062408953141736,0.09678971181260138
2013-09-30,81.88999938964844,83.56500244140625,81.76000213623047,83.52999877929688,1504800.0,0.3416105963842582,0.3447361965954431,0.6916136871359585,0.33121993738410616,0.33246019137712346,0.6053909845694374,0.2782217872407422,0.5648710083090713,0,0,-0.05149146419096429,0.05100748905816426,0.11121198286236836
2013-10-01,83.56500244140625,83.90499877929688,83.05000305175781,83.40499877929688,1185800.0,0.3432351362287705,0.34522431974673795,0.6795448860917221,0.33151004892566494,0.337029554181509,0.6350874442364428,0.2825457091745256,0.5619595678556153,0,0,-0.0709924624905603,0.030408247966560362,0.09206267118870938
2013-10-02,82.76499938964844,83.31999969482422,82.43000030517578,83.31999969482422,1333800.0,0.3445381532886162,0.34574208828301234,0.6709088285404035,0.3318352371138814,0.34407151452464596,0.5957328229169058,0.27430543169201693,0.5586847497776767,0,0,-0.061507071860198353,0.04004560897031301,0.1144415599621665
2013-10-03,83.09500122070312,83.41500091552734,82.52999877929688,83.24500274658203,1540800.0,0.34553995350493355,0.346390850917663,0.6628560234951743,0.3322096438492397,0.3520471523737187,0.5920125499195233,0.26793987847909484,0.5549016940763063,0,0,-0.06553047412951236,0.03612580589600564,0.11635861414227136
2013-10-04,83.06999969482422,85.5,82.98500061035156,85.44999694824219,1846200.0,0.3475114011426737,0.34722989842064855,0.8024896071680375,0.33268656074622327,0.3753780942235596,0.7313121070196829,0.28511220952453686,0.559434584416305,0,0,-0.06528917507684155,0.03645868895396234,0.11267940349492171
2013-10-07,84.38500213623047,85.0999984741211,83.75499725341797,83.95500183105469,1843000.0,0.34857243046349534,0.3479744930760478,0.6597593398546099,0.3331424082857195,0.3515121061392724,0.6811027873626192,0.3010579454953045,0.5549095508898086,0,0,-0.07899356630859254,0.020128745256069988,0.09291977876630068
2013-10-08,83.95500183105469,84.00499725341797,81.3499984741211,81.40499877929688,1740800.0,0.34842012815854356,0.3480875610793195,0.4805618269178765,0.3335408961218398,0.31514125631120254,0.46069279426032256,0.2759086418663046,0.5506354443445428,0,0,-0.0752784176878723,0.025608974795872465,0.10035132200124482
2013-10-09,81.48999786376953,82.11000061035156,80.37999725341797,81.23999786376953,2231000.0,0.34809183500540514,0.3481861503943914,0.47077364020022594,0.3340481865286764,0.3086253160700288,0.3625763040932246,0.25206822785462146,0.5451577721808893,0,0,-0.04735576175107658,0.056691917724563154,0.1180517259929694
2013-10-10,82.3499984741211,82.9749984741211,81.9000015258789,82.36499786376953,2301400.0,0.3484065900037386,0.3484819193916078,0.5472932559664909,0.33458887031622286,0.3119990130321151,0.4800038397488754,0.22895463939779573,0.550808294241594,0,0,-0.0580378688069041,0.046221134681825406,0.1145987867158752
2013-10-11,82.43499755859375,83.3949966430664,82.28500366210938,83.375,1818600.0,0.34913594098718587,0.34875700605139714,0.6087739196336887,0.33502842111384135,0.3419352280679676,0.5384884285129595,0.21235453185510436,0.5552734195651351,0,0,-0.05566683911114981,0.04455783273873179,0.11479393038646245
2013-10-14,82.7300033569336,83.25,82.33999633789062,83.06500244140625,1238200.0,0.3492933197774221,0.3490169249624061,0.5867707328111386,0.3353246167326597,0.3500072547984237,0.5200832998012417,0.19694014627974812,0.5522333237905785,0,0,-0.05463268731845015,0.04047976011994003,0.11232381245900487
2013-10-15,83.05999755859375,83.31500244140625,82.44499969482422,82.73999786376953,911600.0,0.34931362571856,0.34926443341895796,0.5632998924948578,0.3355404065250299,0.3382505635318887,0.5112079167999394,0.18345758601968956,0.5499951140441032,0,0,-0.05880929829962739,0.036658107612622774,0.11442851505984462
2013-10-16,83.5999984741211,84.00499725341797,82.77999877929688,83.11000061035156,1916000.0,0.349044561669926,0.34959536449380213,0.5884006124714282,0.3359984532232263,0.31440020653899015,0.5702214726397131,0.17963752629768562,0.5546993811286214,0,0,-0.0581338854578333,0.03027562179705349,0.10478605744250037
2013-10-17,84.875,87.37000274658203,83.62000274658203,87.23500061035156,3069600.0,0.35014112638773914,0.3505178346150801,0.7938260645917469,0.3368201363499087,0.35125246706184055,0.849370872777598,0.20608338240047244,0.5622360294807284,0,0,-0.07321620791463157,0.030020487645999034,0.08609070781796747
2013-10-18,87.68000030517578,88.29000091552734,86.7750015258789,87.88500213623047,2707800.0,0.3517470541743008,0.3514789131688898,0.8172726559017772,0.3375557234448,0.3840029229144648,0.8803492070339507,0.23643058304219125,0.5688843668562286,0,0,-0.09067465589231337,0.006992613126424144,0.0475726657516231
2013-10-21,87.6500015258789,88.51000213623047,87.2249984741211,88.30500030517578,1685400.0,0.35397910677329353,0.3525075564796297,0.8323158404261851,0.33801776339964384,0.4203215654647786,0.8014016060460335,0.26595733777388697,0.5730224523177354,0,0,-0.08272178523921192,0.009785521868890397,0.036183651679799145
2013-10-22,88.92500305175781,90.36499786376952,88.25499725341797,90.05999755859375,1819200.0,0.35679666972030216,0.35380232340260676,0.8895970822869864,0.3385382570429841,0.45113574586676586,0.7955594083580462,0.303541292259516,0.5774890507938082,0,0,-0.09676695282043954,0.016307058570128364,0.028877135083525043
2013-10-23,90.13999938964844,90.22000122070312,89.16000366210938,89.2249984741211,1435200.0,0.35913363979135965,0.3548840538340783,0.8227024557940245,0.33893993390126087,0.4291984915545718,0.7385324092747495,0.3384406785676002,0.5739652699380146,0,0,-0.10837222297147558,0.0024983175685152972,0.008327781704769024
2013-10-24,89.375,89.80500030517578,88.9749984741211,89.7300033569336,723600.0,0.36130138938270245,0.3560623063988798,0.840343783904851,0.3391448485184587,0.42845169171359565,0.6990903495183214,0.3675672821716144,0.5757418918912283,0,0,-0.10081258504241893,0.011095521218267736,0.05093861862338459
2013-10-25,89.7300033569336,90.9749984741211,89.54499816894531,90.95999908447266,1139600.0,0.364118952329711,0.3576583579597208,0.88082888864315,0.3394771812623647,0.4498536512196719,0.6968402266979348,0.40092811990698385,0.5785398995997444,0,0,-0.10420155749156265,0.013874903272153918,0.04039897319049738
2013-10-28,90.96499633789062,91.03500366210938,90.16500091552734,90.44499969482422,1001600.0,0.3664593075850045,0.35919580781118365,0.8378559586267514,0.33976540240095987,0.42730585399499504,0.6730678976387147,0.4322162451235647,0.5760807169735161,0,0,-0.1163698239996967,0.0007696495703978148,0.029793389854263812
2013-10-29,90.5999984741211,92.83999633789062,90.5999984741211,92.75499725341795,1654600.0,0.3696237783252411,0.36117449839443827,0.9094769970916411,0.34026786071883375,0.4489384473357041,0.6875752182571029,0.46968280644639326,0.580143180605063,0,0,-0.1129968627916085,0.024766409103075232,0.006357505440619838
2013-10-30,93.13999938964844,93.63999938964844,89.56500244140625,90.83000183105467,2376400.0,0.3721655094372827,0.36273883633655724,0.7688710598661003,0.3409562962333964,0.42099596029586533,0.6528706730698091,0.4865850620802571,0.5743085144778975,0,0,-0.13756673509858006,0.005390545143718123,-0.012721689829302421
2013-10-31,90.87000274658205,92.28500366210938,90.7750015258789,91.29000091552734,1835400.0,0.37488830788279554,0.3643569504599883,0.7850428605156011,0.3414930455847015,0.40183694920937796,0.6418054368031311,0.5022800137402735,0.5788148880723258,0,0,-0.11549053486397218,0.030496494409618446,0.006440593115485519
2013-11-01,91.4000015258789,91.69499969482422,90.8550033569336,91.375,1466600.0,0.3768936021986175,0.3659150837008792,0.7881413794844839,0.34192226144778726,0.3840370884429472,0.6278512131823845,0.5168538974245744,0.582415763910611,0,0,-0.1207142530610553,0.024537165530781963,-0.0021908705841921635
2013-11-04,91.75,91.8000030517578,90.83499908447266,91.7300033569336,1215400.0,0.37952502132687055,0.36737807398160205,0.8016181820629859,0.3422806083231694,0.413219505075198,0.6226169699804252,0.5310854126653877,0.5853998798889636,0,0,-0.12443231460007695,0.02068398784840971,0.000601918524495554
2013-11-05,91.47000122070312,92.2300033569336,90.80500030517578,91.66000366210938,1102800.0,0.38299578797805905,0.3689672317806344,0.7958267120242558,0.34260492191131364,0.4368414143891712,0.618873137434497,0.5472045359810348,0.5826922255357242,0,0,-0.12089832728046986,0.02365636203567509,0.012482247914142753
2013-11-06,91.16999816894533,92.41999816894533,91.16999816894533,91.4000015258789,1724200.0,0.3864344018343531,0.37069358837927113,0.7733059475686098,0.3431082842567702,0.4233779191697762,0.6155914253227585,0.563460834451004,0.5784588762105016,0,0,-0.11771765747798844,0.026947426598501932,0.01614666482438061
2013-11-07,91.6449966430664,92.16000366210938,89.67500305175781,89.81999969482422,1768400.0,0.38895751830630526,0.3723399697665203,0.6475501750014622,0.34360432527674556,0.4077286500984304,0.5817544583987491,0.5492068895502525,0.5741170046487782,0,0,-0.1232494442186511,0.02182716316494993,0.018216639909529226
2013-11-08,90.0,90.8949966430664,89.69000244140625,90.78500366210938,2207200.0,0.391465405322404,0.3740897670489083,0.6969863892473134,0.3442373607167153,0.40836849988402346,0.5740093997309867,0.5359710835709832,0.5795362417620082,0,0,-0.10710312602168015,0.04052548877773141,0.030616789237847948
2013-11-11,90.86499786376952,91.5749969482422,90.79000091552734,91.08000183105467,1497200.0,0.39417805079734786,0.37587886182440844,0.711631506664997,0.3446692267658986,0.3942928666733143,0.5942640431726757,0.5303051187123807,0.5832122483794094,0,0,-0.11549264952805897,0.030566739152284833,0.03221901122176884
2013-11-12,91.08999633789062,91.49500274658205,90.69000244140624,91.25499725341795,1230400.0,0.39705991933414536,0.37762314241414796,0.7206130215216086,0.34502525925849736,0.40417209465368786,0.5891763799450869,0.5230752202747767,0.586233193171054,0,0,-0.11758892039043603,0.02799739789737644,0.032389158084435654
2013-11-13,90.83999633789062,92.4499969482422,90.78500366210938,92.30999755859376,1962000.0,0.4001736226393981,0.379393622033963,0.7727371213189516,0.34560670833662743,0.43562757216255865,0.6276048624615909,0.525354778294812,0.5910504019496682,0,0,-0.1146238496443643,0.030683284598454562,0.03342286059455856
2013-11-14,92.5,92.80500030517578,91.86000061035156,92.79000091552734,1034400.0,0.40205369095987836,0.3811179093468561,0.7949283212124006,0.34591635951478705,0.41253351046315967,0.6722290533827926,0.5305454895296311,0.5935901169142954,0,0,-0.13129675080847944,0.012349684972365242,0.01879537055832193
2013-11-15,93.19000244140624,93.44499969482422,92.33499908447266,92.4499969482422,1367800.0,0.403598695758748,0.3828863207329284,0.7627826458887429,0.34632219535387654,0.3832198251792192,0.6885870268229007,0.5406550217451571,0.5902318201928946,0,0,-0.13805372412540476,0.004849627587048551,0.017674311601111346
2013-11-18,92.48500061035156,92.7699966430664,92.05500030517578,92.3249969482422,924800.0,0.40495924803991074,0.3844727201856364,0.7506140974944242,0.3465955411511876,0.36604018167624963,0.6571961216851855,0.5438613409179088,0.5879612010907221,0,0,-0.13093568151993057,0.01249322679743837,0.02147107275149893
2013-11-19,92.11499786376952,92.75,92.0250015258789,92.37999725341795,625600.0,0.4057444429436264,0.3859239890724828,0.753762451427305,0.34678057960069886,0.34970799509037737,0.6502037106895474,0.5461525140274458,0.5894972081304269,0,0,-0.12710534522877093,0.016517753331027382,0.02805311728022178
2013-11-20,92.3249969482422,92.3499984741211,90.9000015258789,91.0999984741211,1337400.0,0.40637902942557785,0.38714981206536747,0.629663575794486,0.34716394707908926,0.3533431298464094,0.5364246698318146,0.5244548085973708,0.5862135511372982,0,0,-0.11284905534003556,0.014234709682864622,0.015533721916572017
2013-11-21,91.65499877929688,91.95999908447266,91.2249984741211,91.66000366210938,1333000.0,0.40703223054761867,0.38855971627735975,0.6671181575347235,0.34755084568722994,0.3489921920622533,0.5464801962438114,0.504306939269444,0.5894864050118613,0,0,-0.10285395471053985,0.021789249655316343,0.02727772395141675
2013-11-22,91.79499816894533,92.11499786376952,91.2750015258789,91.88999938964844,1349200.0,0.4073469855459522,0.39003097949305354,0.6823570662007468,0.3479441946139622,0.34287456133566047,0.5610182365068435,0.4876496760408351,0.5927990340047798,0,0,-0.10315297243396503,0.020128749148913702,0.03207508535832168
2013-11-25,91.91000366210938,92.7699966430664,91.91000366210938,92.09500122070312,974400.0,0.4079054221664972,0.3913402251042304,0.6962967251464172,0.34822940470367414,0.34039530269875345,0.6306578629917223,0.4805079907582607,0.5951914337162384,0,0,-0.10300363510886479,0.018826811829688067,0.03433451736046346
2013-11-26,92.08999633789062,92.99500274658205,91.87999725341795,92.56500244140624,966400.0,0.4078411191588473,0.3927032468967194,0.7281115817198077,0.3485152132885748,0.3240407197520242,0.6576351891672565,0.47659406356262934,0.5975641913939411,0,0,-0.10109123660558512,0.016830479735195105,0.034746778166254606
2013-11-27,92.5999984741211,92.7750015258789,92.02999877929688,92.2699966430664,909400.0,0.40832847982113146,0.39385667855260675,0.6950195791050272,0.34878210740709026,0.33126150136441596,0.6258929587724156,0.47295970259525744,0.5953313832067486,0,0,-0.09701286113208295,0.01123535772805349,0.013828107227751673
2013-11-29,92.5,92.78500366210938,91.875,92.02999877929688,394400.0,0.40857892922967604,0.39496460696215274,0.6678795120138781,0.34889714224843593,0.33530505333116256,0.5989366332451165,0.46553870080136106,0.5943630309425868,0,0,-0.062046154572514514,0.01235503881135236,0.03191719737691699
2013-12-02,92.16999816894533,92.76499938964844,91.6750030517578,91.83000183105467,1018400.0,0.40873292283567636,0.3961628528038007,0.6448660980514569,0.3491926044984457,0.3218269938297484,0.5729278990998089,0.4533468327853212,0.5918626000454713,0,0,-0.053732475936277675,0.015973065741622102,0.03455395357335528
2013-12-03,91.16000366210938,91.61499786376952,90.16000366210938,90.83000183105467,1342800.0,0.40842832080791186,0.3974203904674082,0.5390377740324694,0.34957251940740697,0.3075080409306616,0.4012387302009923,0.41298262718944745,0.5885656846795574,0,0,-0.03163461124650663,0.027006377851343875,0.02912986354159761
2013-12-04,90.8550033569336,92.3000030517578,90.8550033569336,91.4749984741211,1929600.0,0.4083657065191714,0.39876341793104986,0.5980034745999244,0.3501263858459607,0.3013273019722894,0.4973598840456742,0.3834317985293728,0.5933033432214605,0,0,-0.020698060606773306,0.03066163136157349,0.04277215048461717
2013-12-05,91.0,91.6449966430664,90.4250030517578,90.88999938964844,1156000.0,0.40819309827308164,0.3999451168507553,0.5399353586695481,0.3504531229458372,0.31151627451687874,0.4297281527913324,0.3480362531707666,0.5904650693437449,0,0,-0.022137213005275897,0.028860338165463992,0.04372779520878186
2013-12-06,92.5,93.9800033569336,91.4800033569336,93.91999816894533,1894400.0,0.4095807268638543,0.4014060388977355,0.752967607028053,0.35102764469193426,0.35359639210648286,0.6983907866434683,0.34658901973465417,0.5951163029371224,0,0,-0.032511847847929855,0.016283456561472405,0.011882515549644463
2013-12-09,94.09500122070312,94.5,93.01499938964844,93.3550033569336,1417000.0,0.41045053329849684,0.40288419692723887,0.7005907690594076,0.3514512986749899,0.32143288472755155,0.7431794404216896,0.3505006474552539,0.5916372077081232,0,0,-0.04823252627356545,0.004312167666020972,-0.006920800027164283
2013-12-10,93.3550033569336,94.0,92.95500183105467,93.6750030517578,1103600.0,0.41132880140265976,0.40428306985793616,0.7193475142255552,0.35178337241809043,0.3315373216545934,0.7122825092114035,0.35296557708683285,0.5943468262647382,0,0,-0.04059772673390254,0.012264973508582343,-0.027368648849028534
2013-12-11,93.54499816894533,93.61499786376952,90.74500274658205,91.1750030517578,2164000.0,0.41130172767518886,0.4053544591206941,0.5214195157782244,0.3523963410058265,0.3063769575583684,0.48309594978022286,0.31951852206811115,0.5890336561337897,0,0,-0.04248727619832613,0.010194841739444734,-0.020816620066345548
2013-12-12,91.11000061035156,92.29499816894533,91.0250015258789,91.95999908447266,1797800.0,0.411183272048319,0.4065458101485324,0.5726431253430947,0.3529145426932614,0.2965905470420656,0.47235894938694617,0.28846054240786967,0.5934477121695657,0,0,-0.015738936227719536,0.03718123691999241,0.0011515845793770802
2013-12-13,91.96499633789062,92.56999969482422,91.1449966430664,91.45500183105467,1353400.0,0.41073144678302637,0.4076778693544112,0.5377862675995566,0.35329946223282904,0.2745082001496398,0.47328003630125964,0.26340147663385893,0.5901247711089254,1,0,-0.02490205860081914,0.02756637328563662,-0.003969093816913279
2013-12-16,91.45500183105467,92.1500015258789,90.75,91.1999969482422,1908000.0,0.4103083891283921,0.40847072455047495,0.5200960990400164,0.3538380808677878,0.27954643616918695,0.43457969317705264,0.235142947966587,0.585440146058163,0,0,-0.01946311020347539,0.03329504245782389,0.009622188352733367
2013-12-17,91.6050033569336,92.0,90.95500183105467,91.80500030517578,1786800.0,0.41013239828020537,0.40955314404252696,0.5635799784414619,0.3543492144218092,0.29637990060192,0.4702899256293148,0.20890288563269163,0.5898271942975247,0,0,-0.02116228475611786,0.031743385306354496,-0.004660121337493137
2013-12-18,91.87999725341795,92.81500244140624,90.4499969482422,92.61499786376952,1919000.0,0.41021193332584777,0.4110988668289607,0.6182556930019186,0.3549080816822746,0.3164775740974788,0.5231848486390589,0.1958593875938465,0.5945388271447013,0,0,-0.02401823641773714,0.028538780435408757,-0.03752518581092998
2013-12-19,92.43000030517578,92.90499877929688,92.1750030517578,92.6500015258789,1435200.0,0.4107365258504499,0.41267216781863203,0.620599792450319,0.3553258599251773,0.33399481549070953,0.6003191737651351,0.18504358535052726,0.5980626080004949,0,0,-0.029746772304312805,0.02235058837737113,-0.04113801918127777
2013-12-20,92.51000213623048,93.6750030517578,92.38500213623048,93.30999755859376,4534400.0,0.41129495988885595,0.4141813504062768,0.664881361414914,0.3566633267273853,0.35554481435406265,0.6572145275098114,0.18565964257753761,0.6091957127332921,0,0,-0.030437125184898713,0.021478659805673858,-0.042093917556920664
2013-12-23,93.6999969482422,93.70999908447266,92.54000091552734,92.75,1373600.0,0.41158602376181536,0.4154740490955112,0.6145679549494796,0.3570622876774925,0.33670305802610423,0.6292898517937223,0.18670065493522223,0.6058231755374183,0,0,-0.03793798498290494,0.008573604894324838,-0.0454399097064283
2013-12-24,92.80500030517578,93.8000030517578,92.80500030517578,93.79000091552734,373000.0,0.4121596898382139,0.41695289618559517,0.6836500037236508,0.35717321468195284,0.34821474677644043,0.6659482765524436,0.18894336283116117,0.6067389853612832,0,0,-0.028517484022279313,0.018274929324250337,-0.016549904712769542
2013-12-26,93.91999816894533,94.18499755859376,93.625,94.04000091552734,609800.0,0.4126588973542546,0.4185110294264861,0.6992821093343808,0.35735554160936545,0.34912747343787004,0.693428143730228,0.19650277266796903,0.6082361993843204,0,0,-0.0400895028268783,0.006184047610544926,-0.020844459025173574
2013-12-27,94.29000091552734,94.29000091552734,93.625,93.88999938964844,783000.0,0.41320718100423054,0.4199974603909602,0.6842449239587982,0.3575887240443334,0.35118463391095955,0.6684107094173297,0.20501604276357258,0.6063137353304698,0,0,-0.043917452288497874,0.0022330825438984275,-0.018183741682528263
2013-12-30,93.91000366210938,94.41500091552734,93.5500030517578,94.23500061035156,1015200.0,0.41395345532671873,0.4209626754122552,0.7078652405389578,0.35789325029137276,0.3618466960904714,0.6608867082112626,0.21476691397735745,0.608806309414083,0,0,-0.03994035599507571,0.006283910338971344,-0.010970352704091942
2013-12-31,94.38500213623048,95.03500366210938,94.12999725341795,94.83000183105467,1038800.0,0.41496879369784107,0.42192030655916,0.7471594908995158,0.3582088467093969,0.37806294943252783,0.6868531558061588,0.23253221247185654,0.6113568274972758,0,0,-0.044834705223708554,0.006897665640885987,-0.008171106992876511
2014-01-02,94.75,95.1449966430664,94.26499938964844,94.47000122070312,1368400.0,0.4162007373815649,0.4227703853434406,0.7064691307353682,0.3586208216202851,0.37025192459340106,0.670415470306994,0.2505019806100981,0.6079970576233433,0,0,-0.0484023647502188,0.004165313038484555,-0.0031635879570293766
2014-01-03,94.6999969482422,95.0500030517578,94.44000244140624,94.70500183105467,814200.0,0.41729391949728106,0.42341087504312047,0.7232491389572032,0.35886705296121413,0.3723397366950013,0.6662443557598012,0.2671881938813223,0.6099961256088416,0,0,-0.04805751272857913,0.004710486811412074,-0.014872433165471042
2014-01-06,94.81500244140624,94.99500274658205,93.46499633789062,93.76000213623048,1564800.0,0.41826526080189136,0.42403619699401984,0.618982717105506,0.3593297322607766,0.36375512682795813,0.6088149932970794,0.2560310053068914,0.6061541438062038,0,0,-0.04915261801695507,0.003484443221371252,-0.013568487801749832
2014-01-07,93.8000030517578,94.56999969482422,93.01000213623048,94.13999938964844,2334800.0,0.4183397193622493,0.42464428191039527,0.6496862626531639,0.3600251234105697,0.35430508971150665,0.5893169208460113,0.23524041356978923,0.611886671357839,0,0,-0.03882251820301383,0.014345067839848942,0.0061326464925496515
2014-01-08,94.2750015258789,95.0999984741211,93.70500183105467,94.73500061035156,2006600.0,0.41880677408339545,0.4251648087929938,0.6955312233261859,0.3606299316543533,0.37586952936808404,0.6308223587882064,0.22576450818296748,0.6168133844746418,0,0,-0.043711471111630505,0.009241503323008986,0.007010792829763186
2014-01-09,94.8550033569336,95.61499786376952,94.625,95.06500244140624,2366000.0,0.41927721398877765,0.42580185108576885,0.7198991600949386,0.36134720783909435,0.3673668630487207,0.6614757249650784,0.22560945495130472,0.6226225159579247,0,0,-0.04955929344567084,0.008022320176698027,-0.006280690524829066
2014-01-10,95.28500366210938,95.7699966430664,94.81500244140624,95.29000091552734,2090200.0,0.4206699190648348,0.42615139731629825,0.7365515090222153,0.36198300508309433,0.38617967022473193,0.6636225738590561,0.22797212722061175,0.6277544883274758,0,0,-0.053910480917084266,0.0051016985063031895,0.0010518957718719094
2014-01-13,94.96499633789062,95.6750030517578,93.59500122070312,93.87999725341795,2609000.0,0.4213197350026396,0.42657195465866193,0.5793345081216005,0.3627501275695044,0.35187785073300354,0.5910913486466892,0.2029996934620034,0.62134873006886,0,0,-0.05042494101811142,0.008447899018170833,0.016790912877983743
2014-01-14,94.28500366210938,95.50499725341795,93.78500366210938,95.44499969482422,1919400.0,0.42267013431323325,0.4271448785494104,0.6961544820636494,0.36333396826850184,0.38376199164630764,0.6273885239741566,0.1798110049718671,0.6260613450177245,0,0,-0.043939072440160494,0.015817991312339606,0.027268828648166012
2014-01-15,95.63500213623048,95.7750015258789,95.21499633789062,95.3499984741211,2111400.0,0.42407468624304673,0.4276929825832456,0.6864366335908747,0.3639738636200113,0.3786111063255574,0.6717589191119726,0.16364250217431728,0.6208773212587204,0,0,-0.05736286334147273,0.0014668069578925795,0.0343129712017432
2014-01-16,91.28500366210938,94.94499969482422,91.28500366210938,93.83499908447266,3294200.0,0.42476173146103063,0.4279832359398147,0.5468945352677386,0.36493626958502823,0.3808132002954745,0.45399394663212506,0.18841232947122014,0.6127892228089188,0,0,-0.00901940874791927,0.047089647987652146,0.07598316972342545
2014-01-17,94.25,96.11499786376952,94.25,94.73999786376952,3656400.0,0.42548092947390886,0.4284079297496638,0.6139879602078424,0.3660241333537867,0.33918302635763387,0.6278062438463374,0.19180042776275832,0.621766614337015,0,0,-0.04076300938415145,0.01987529047760312,0.06229020384431726
2014-01-21,95.16500091552734,95.7699966430664,94.55500030517578,95.0,2339600.0,0.42627627734819346,0.4289043258359295,0.63235089541286,0.36672276303124085,0.32595010085665865,0.6288476962129569,0.1949465190334724,0.6275109271089038,0,0,-0.04976782851594569,0.010027411543836136,0.04860666910886754
2014-01-22,95.0749969482422,95.34500122070312,93.29499816894533,93.58000183105467,2843800.0,0.4263676592475923,0.4294227844847853,0.5152927097092023,0.36754294206311666,0.27566815495095043,0.48684665037593666,0.21003737130294234,0.6205286751595547,0,0,-0.04868421052631579,0.010947378058182267,0.05257897627981071
2014-01-23,93.3550033569336,94.0199966430664,92.88500213623048,93.44499969482422,2456200.0,0.42660287920028345,0.42978956564583704,0.5051082215726619,0.3682476722481184,0.28627172317069816,0.3910328834650326,0.2276183396126121,0.6144980797456749,0,0,-0.031043025773134374,0.029493422235860812,0.07138277596142355
2014-01-24,92.61499786376952,92.8499984741211,90.79499816894533,90.8000030517578,2377200.0,0.42559092601339715,0.42975095721330536,0.3414125135326723,0.3688859898561878,0.2521234066866749,0.18706441420683323,0.25916082555639497,0.6086614494151339,1,0,-0.023168718739342363,0.03745518766579717,0.08063570749336459
2014-01-27,91.0,92.24500274658205,90.21499633789062,91.59500122070312,2781000.0,0.424763425344218,0.4297978396328087,0.40628313247426784,0.36964621165385547,0.26095141992229426,0.24919986807503708,0.2919427757843738,0.6154895113994998,0,0,-0.008645414490370748,0.056332573698856234,0.08540745586756701
2014-01-28,91.54499816894533,92.33000183105467,90.86000061035156,91.21499633789062,2033200.0,0.42385808093044525,0.42964685225758603,0.3851136708803248,0.3701957918792804,0.2497954624454466,0.3121191157631777,0.32084300695686363,0.6104974885204588,0,0,-0.014520463052890738,0.049893549144811165,0.0770784987597391
2014-01-29,91.0250015258789,92.43499755859376,90.83000183105467,91.5999984741211,1591000.0,0.42296627467147724,0.42948276536732555,0.41747647779195085,0.3706293879443012,0.24157919023419727,0.363535877909864,0.34566956561425044,0.614403797983647,0,0,-0.008880175634582642,0.05580218760340213,0.0704927979315694
2014-01-30,91.8499984741211,92.8249969482422,91.43499755859376,92.33499908447266,1190000.0,0.4221218506632572,0.42946690855796454,0.47722049315860493,0.3709592553168978,0.23886380026613216,0.4223689782070182,0.36110824223562654,0.6173255505048247,0,0,-0.01784936859679524,0.04656112948357062,0.059388673930416754
2014-01-31,91.1050033569336,92.25,90.71499633789062,91.18000030517578,2721200.0,0.421008362606403,0.42930902742093313,0.4051879894974346,0.3716912988040121,0.234591729570678,0.3918647795571326,0.3810919103038818,0.6106443127227836,0,0,-0.009638891296557506,0.0542588894407475,0.07445714050108353
2014-02-03,91.25499725341795,91.66500091552734,88.33499908447266,88.43499755859375,2566800.0,0.41888630396475984,0.42876505985458335,0.2747734179118472,0.37233303859304256,0.2057606621410761,0.322005046574125,0.41419702311187256,0.6043421661922297,0,0,-0.03202454660201998,0.053301169051166226,0.08472259352555775
2014-02-04,88.86499786376953,89.72000122070312,88.4000015258789,88.62000274658203,1938000.0,0.4171466910954747,0.428423098550445,0.2900062082520326,0.372819159756409,0.20162672186907366,0.3368499967564627,0.44493748500500685,0.6091004488695764,1,0,-0.005993088640565828,0.08198111833718777,0.09854700297256076
2014-02-05,87.94499969482422,88.81500244140625,86.91500091552734,88.61000061035156,2258600.0,0.41527508444451494,0.4280025401560805,0.2895646426815843,0.37338465605241944,0.21067356168447937,0.34013129753259186,0.48062385479513303,0.6035550116894652,0,0,-0.01162264440729326,0.09219135540210086,0.10635299886764377
2014-02-06,88.71499633789062,89.65499877929688,88.41000366210938,89.45999908447266,1659000.0,0.4134897806255305,0.4276674726137508,0.36355170808882986,0.3738088830881856,0.21295864808060244,0.40014804425160283,0.4985225493652302,0.6076282784395779,0,0,-0.020313682541076555,0.08351203560441474,0.09981944656108999
2014-02-07,90.3000030517578,91.2750015258789,90.25,91.2699966430664,1596800.0,0.4122053756236353,0.4275537144978977,0.4978116853199235,0.3742360948267476,0.236015910790678,0.47354361300400366,0.48988595627221687,0.611548828377239,0,0,-0.03783816421721807,0.06500106049096765,0.07047843024481025
2014-02-10,91.06500244140624,92.45500183105467,90.86499786376952,91.96499633789062,2010600.0,0.4110800407130248,0.427470980940186,0.5425724305319105,0.37478265620500906,0.24579718525809835,0.5119765795678604,0.4664086376243215,0.6164853625109197,0,0,-0.04546950453070011,0.05533029043610597,0.05883636808039124
2014-02-11,92.20500183105467,93.30999755859376,91.75499725341795,92.58000183105467,1992200.0,0.4106400623014885,0.4275137268922039,0.5807478509293525,0.37533161182226116,0.27100111429742635,0.5507050021700133,0.434475818636031,0.6213767199669621,0,0,-0.0575218955709107,0.04251613318559858,0.03262110715448336
2014-02-12,93.01499938964844,93.53500366210938,92.625,92.87999725341795,1361800.0,0.4097719471678945,0.42763093136296104,0.5992753734827634,0.37570912384678024,0.2411917754686382,0.5790175283288125,0.40220561901288265,0.624720285163046,0,0,-0.0658889431137917,0.033484536755336594,0.018902570375765395
2014-02-13,92.5,93.91999816894533,92.08000183105467,93.61499786376952,1374400.0,0.409184742936691,0.4278770606463508,0.6437988003339877,0.3760964987886519,0.2663505238936623,0.5988767906052431,0.37777507807111443,0.6280947865622954,0,0,-0.06013134420357802,0.038921166781542796,0.03127690423343517
2014-02-14,93.61499786376952,94.73999786376952,93.5500030517578,94.4499969482422,1415000.0,0.4093928865797721,0.4283762140269398,0.691009347023264,0.37650280323341423,0.2592142756149206,0.6470453812508494,0.3451116508643881,0.6315689712828555,0,0,-0.07156969610779831,0.026705122651800427,0.0332746415023915
2014-02-18,94.2300033569336,94.25,93.11000061035156,93.29499816894533,2619800.0,0.4089038320343004,0.4286271698903965,0.6018039402175795,0.3772337068918692,0.25878360721343124,0.6204524039222242,0.3195724126744991,0.6251366962786693,0,0,-0.07744841374018052,0.019957592035380205,0.04330329772410589
2014-02-19,92.8249969482422,94.36499786376952,92.79499816894533,93.52999877929688,1718000.0,0.40840631581930825,0.4289911937571249,0.6162894143246168,0.3777149361985268,0.26524023755260184,0.6310284151273532,0.29929556562057313,0.629354823027731,0,0,-0.06334740499177255,0.03526449413257444,0.06222198852143861
2014-02-20,93.5,94.44000244140624,93.04499816894533,94.375,1690800.0,0.4086753798679424,0.42905393298598926,0.6670446151419305,0.3781974786286558,0.31008125333136966,0.6540166025118999,0.27942760464699323,0.633506166862023,0,0,-0.07040520870754319,0.027958921179290705,0.05543673287999099
2014-02-21,94.38500213623048,95.40499877929688,94.3499984741211,94.93499755859376,2260000.0,0.40917966386926746,0.4292717950055609,0.6988143161641522,0.37884995622123263,0.3135672733225973,0.6940517226340117,0.25107263197723095,0.6390550413980414,0,0,-0.0791523308153975,0.018331080556704998,0.047629087334436784
2014-02-24,94.74500274658205,95.49500274658205,94.25,94.26000213623048,1695400.0,0.41035068714743844,0.4293524592775291,0.641880327800071,0.3793310849641285,0.32228792094231273,0.662066310741026,0.2234215886884208,0.6348924033943398,0,0,-0.08247750600322114,0.014430875361237695,0.018855016185390885
2014-02-25,94.15499877929688,96.0,94.1500015258789,95.38500213623048,1679200.0,0.41163339826614626,0.4299329670426678,0.7068351049410714,0.37981959764227513,0.3168201376466224,0.6684753335831788,0.20444813527021397,0.6390152662796859,0,0,-0.07680880224579065,0.02079353957195893,0.02222577098688474
2014-02-26,95.1999969482422,97.05999755859376,95.125,96.56500244140624,1781200.0,0.41344408709369224,0.43056794110170016,0.766089250989474,0.3803511042233745,0.3408402639646334,0.6933610312921187,0.1995829382407213,0.6433885650954185,0,0,-0.08685847719416188,0.019499927333388095,0.027729771066978468
2014-02-27,96.4000015258789,97.33499908447266,95.5999984741211,96.84500122070312,1586200.0,0.4152192379421075,0.43131115658393715,0.7793401593003544,0.380826785182932,0.35027643544399284,0.6862354760123832,0.19814303337033726,0.6472830893383531,0,0,-0.09822399803807674,0.009682571686994865,-0.014705101569348997
2014-02-28,97.0199966430664,99.0749969482422,96.875,98.91000366210938,2879800.0,0.41744452275476734,0.43237427291172426,0.8646810673648225,0.3817284760962689,0.3764940275850845,0.7225562246681111,0.21372486896892515,0.6543537304396034,0,0,-0.10434194434579508,0.0212194773015965,-0.03211309764837082
2014-03-03,96.61499786376952,99.16999816894533,96.61499786376952,98.52999877929688,1615400.0,0.419932101247589,0.4333015685610683,0.8299127181344762,0.3822293539522482,0.39998336085097286,0.6947745568632584,0.2238966231108673,0.6503875127734601,0,0,-0.0980689170872821,0.02583156617710837,-0.023607309655445274
2014-03-04,99.875,100.20500183105467,99.33999633789062,100.09500122070312,1354000.0,0.4238783842894442,0.43433297021813244,0.887109289074547,0.3826627809372244,0.44277339014972394,0.7302177216037038,0.24226655375133085,0.653711926986632,0,0,-0.13153353542104998,0.003349252361139918,-0.05693698041058269
2014-03-05,100.0,100.4800033569336,99.55500030517578,99.7699966430664,1194200.0,0.42765205650307064,0.43531473110936914,0.8571444344813651,0.38304211949795697,0.4509371947001133,0.7090902957176162,0.2615535473701768,0.6507798623977324,0,0,-0.1307257997392004,0.004795477806880853,-0.04181025533299221
2014-03-06,99.87999725341795,100.6449966430664,99.7249984741211,100.06999969482422,979200.0,0.431530648770901,0.43624685333878,0.8684720401470586,0.38335486076985303,0.4257302103967918,0.6953859971253751,0.2808374091715241,0.6531840473294445,0,0,-0.12994885009642448,0.007667629702196807,-0.001503396828016078
2014-03-07,100.16999816894533,100.62000274658205,99.62000274658205,100.03500366210938,1540000.0,0.43510971807839044,0.43725136690518807,0.8649019322853536,0.3838458973691128,0.40821157703116456,0.6728949481217583,0.2966672966536492,0.6494029558314497,0,0,-0.1324572528614043,0.004746662092231896,-0.018986724609505436
2014-03-10,99.66000366210938,100.41500091552734,99.31999969482422,100.1500015258789,979200.0,0.4381151213094812,0.43812833378012483,0.8697738512238612,0.3841585752317964,0.39475847360748745,0.6528714202110889,0.30528174398879404,0.6518071407631617,0,0,-0.12740543089927933,0.009846483179868375,-0.014794854828342252
2014-03-11,100.5,100.5,98.7249984741211,98.75499725341795,1772000.0,0.44041317079931125,0.43877847453593666,0.7278166188540685,0.3847074699369596,0.3637068298881511,0.6226999233130126,0.30164788191709035,0.6474564302862482,0,0,-0.1356465189964303,0.0014477947164977217,-0.023464787202363155
2014-03-12,98.6050033569336,99.01499938964844,98.0999984741211,98.6050033569336,1605600.0,0.4424523092110762,0.4394286163437494,0.713744113256411,0.38520260682063767,0.3642694295171737,0.5914191854061315,0.28696804538256615,0.6435142741114557,0,0,-0.11837378124175538,0.020657114504270897,-0.01367025609905442
2014-03-13,99.11499786376952,99.4000015258789,97.25499725341795,97.45500183105467,1022400.0,0.44400070177632106,0.4398726154218652,0.6118486066967629,0.3855098137688203,0.36135446142750344,0.5677479105479966,0.2596021758207905,0.6410040221974623,0,0,-0.12372594222303536,0.015516441632870798,-0.026621367178478152
2014-03-14,97.29499816894533,98.05999755859376,97.125,97.29000091552734,1214000.0,0.4452444923138014,0.4402118194316802,0.5980659812252402,0.38587296674143345,0.3400451479785608,0.5430048188430299,0.23217178001882963,0.638023343575017,0,0,-0.10651066706060365,0.03437482336646553,-0.016007362672858325
2014-03-17,97.59500122070312,98.59500122070312,97.37000274658205,97.9800033569336,1668800.0,0.4464392092994854,0.44069580611548975,0.6462229922494582,0.3863792441759881,0.33089092328707337,0.5558459841680901,0.2147889984650431,0.6421206718164805,0,0,-0.10977490188790068,0.03134952609376023,-0.011255023233619524
2014-03-18,98.23500061035156,99.40499877929688,98.22000122070312,98.9800033569336,1223200.0,0.4483632772686165,0.44128527692818087,0.7092607798984796,0.3867580183461422,0.35733976719095073,0.5852986281567887,0.20976155711866903,0.645123938777745,0,0,-0.11553377533154732,0.024596815167840055,-0.014543815094255733
2014-03-19,99.44499969482422,99.61000061035156,97.2249984741211,97.58000183105467,1495200.0,0.44973398510248724,0.4418120085120075,0.5899994418644593,0.3872067401648769,0.3455783267250263,0.5459552374868416,0.18872118136598967,0.6414528426687827,0,0,-0.1265912139254251,0.01212363010248501,-0.03157203368372176
2014-03-20,97.23999786376952,98.06500244140624,97.00499725341795,97.37000274658205,1833800.0,0.4507476321725609,0.4422573867632854,0.5735638738953653,0.3877538642000111,0.31926971413948113,0.49989435599121207,0.16582200587349247,0.6369503974811055,0,0,-0.09048979335897092,0.03489443241856196,0.003586784869373937
2014-03-21,98.23500061035156,99.06999969482422,97.2699966430664,97.55999755859376,3024800.0,0.451636053247293,0.4426469195475078,0.5874944013007181,0.38865850322835493,0.290555812959905,0.517849673986419,0.15869158748507708,0.64437705044418,0,0,-0.08200678222361309,0.024750908541999,-0.0029783393996825535
2014-03-24,98.0500030517578,98.1999969482422,96.125,96.6050033569336,1008800.0,0.45242970982052905,0.4428592669784327,0.5108616164046704,0.3889534169532223,0.30463570499264636,0.435669358935302,0.1399005003639864,0.6419001899875715,0,0,-0.07364704149026884,0.026598950966046052,-0.0032288073932868625
2014-03-25,97.06999969482422,97.54499816894533,96.20500183105467,96.43499755859376,1555400.0,0.4527850767011385,0.4430171481154641,0.4978128402220866,0.3894059554902073,0.2848274753959987,0.40423342830296105,0.12245163375154508,0.6380812875745967,0,0,-0.05501787957885095,0.03700633325412126,0.023808322259043217
2014-03-26,96.70500183105467,97.0,95.20500183105467,95.20500183105467,1492400.0,0.45232478976632523,0.44319985016140984,0.4102433542682927,0.3898276027570876,0.255290733371593,0.33727870226630524,0.11970272893333797,0.6344170661774491,0,0,-0.04795976685943147,0.04085648272680048,0.014880464508975197
2014-03-27,95.21499633789062,95.4800033569336,94.01499938964844,94.76499938964844,1201400.0,0.4516208212093004,0.4431060863744041,0.3819921533176369,0.39016322233448786,0.24701906224058212,0.28309233055893046,0.13055404049121647,0.6314673237581692,0,0,-0.03292888447603975,0.05703482170833364,0.032508809003494905
2014-03-28,95.01499938964844,95.8550033569336,94.70500183105467,95.40499877929688,1012800.0,0.45043456589313696,0.4431136702487942,0.44187578263222127,0.3904501859395576,0.21916548003921424,0.35343085740334235,0.13442674674410107,0.6339540052316557,0,0,-0.023426383527688922,0.05941009116951417,0.04949087185789128
2014-03-31,96.36000061035156,97.48999786376952,96.00499725341795,96.7300033569336,1627800.0,0.449825364419747,0.4435128561931503,0.5505376033572965,0.39092512382173406,0.2086066914840503,0.45260503898390947,0.11528107554782877,0.6379506680501206,0,0,-0.03736704037545515,0.04491374757655464,0.02625645705643618
2014-04-01,97.54000091552734,98.36000061035156,96.69000244140624,98.31999969482422,1093600.0,0.44922462203373853,0.4440064949850928,0.6554866643417642,0.3912552996681131,0.20900155377872537,0.5224450356568937,0.10783891445097496,0.6406357340645408,0,0,-0.0490540947163308,0.03209961356128183,0.007650137889884487
2014-04-02,98.08499908447266,98.99500274658205,97.7300033569336,98.62999725341795,1458200.0,0.4488387936592833,0.4445070275388441,0.673835305805526,0.3916981094380859,0.2247028984850979,0.5726259387419215,0.10790678311084329,0.6442159857673823,0,0,-0.05126119742850901,0.026037404053496086,-0.007831536263795928
2014-04-03,98.625,100.0250015258789,98.08000183105467,98.68499755859376,1224600.0,0.44837004505494954,0.445210944475968,0.6772205997675527,0.39207005871365275,0.2219774578981661,0.6135932142704208,0.11828465879358338,0.647222690084554,0,0,-0.046740350184809584,0.020480550535515753,-0.009581260479975026
2014-04-04,100.23500061035156,100.79499816894533,98.3550033569336,98.87999725341795,2836400.0,0.4479791376130708,0.4459603646594331,0.6898096749372812,0.392933906842045,0.20504744425362612,0.6493985139402086,0.1348661617117153,0.6541867731526789,0,0,-0.06302884303168806,0.005674596670697268,-0.022445194528884778
2014-04-07,98.63500213623048,98.87000274658205,96.1449966430664,96.53500366210938,2327000.0,0.4467556555988674,0.44675115162175427,0.49911547992082905,0.39360554620322685,0.17796303016863002,0.4973103293316872,0.12116467530985411,0.6484733965839556,1,0,-0.04672333004562606,0.02184462067873065,-0.007989491681544825
2014-04-08,96.44000244140624,97.06500244140624,95.1500015258789,96.25,1858600.0,0.44590784898855035,0.44739301944259524,0.47994775865851214,0.3941377057068344,0.20282862540391722,0.42773357535397855,0.10734103029162476,0.6439100610916354,0,0,-0.025120453304645473,0.04511312541906968,0.022219884618995937
2014-04-09,96.34500122070312,97.98500061035156,95.8550033569336,97.84500122070312,1432000.0,0.4456506292115338,0.44830721662890227,0.592437964493524,0.39456216467015703,0.21629528384245,0.5183017970656311,0.09468374802688939,0.6474259851339267,0,0,-0.024207811231737014,0.046233734527191706,0.019013006036931672
2014-04-10,97.98999786376952,98.09500122070312,94.94499969482422,94.9800033569336,1847000.0,0.44481297557178573,0.4487732782696082,0.4211198420799308,0.3950743956273348,0.20411431080256218,0.42883816319578477,0.08262969304882667,0.6428911305905525,0,0,-0.04062546297234861,0.028667793655076337,0.014717179451591367
2014-04-11,94.6999969482422,95.38500213623048,93.81500244140624,93.91000366210938,1373400.0,0.4436690286032246,0.4489904522806001,0.37111167378967524,0.39544523596955516,0.1988420723781029,0.3370827539267066,0.08215857606039306,0.6395190844455225,1,0,-0.009317692941220146,0.06417141509037635,0.045904405730190785
2014-04-14,94.58000183105467,94.8499984741211,93.56999969482422,94.27999877929688,1304200.0,0.44241677639622384,0.44941790443677343,0.3971894940770717,0.3958001981223721,0.20071075705808272,0.35705132526735833,0.08395100671923791,0.6427212269985646,0,0,-0.010755000498822984,0.06618034389874343,0.059045873205333624
2014-04-15,94.31999969482422,94.58000183105467,92.58999633789062,94.26499938964844,1875400.0,0.440821001580231,0.4502217909141323,0.3964302895008639,0.3963098483161335,0.21241232502290341,0.35633635197934743,0.09425254314950485,0.6381166432353572,0,0,-0.018349632788852863,0.06867838945648104,0.06554943132363361
2014-04-16,95.0,95.96499633789062,94.24500274658205,95.81500244140624,2034400.0,0.44022364437845857,0.45121389402608325,0.5045461923025756,0.39688247993302905,0.24654236645245825,0.4581367221988453,0.08728186687972206,0.6431116124194615,0,0,-0.025566261896926568,0.06147560819463279,0.06158171476966294
2014-04-17,99.99500274658205,100.0,98.23999786376952,99.7300033569336,3588200.0,0.4410223774369792,0.4527472074100608,0.6988238751527704,0.3979818715897133,0.2847799890423389,0.6832647357571464,0.09572029880238031,0.6519215556097894,0,0,-0.0772844149664329,0.00834937537941934,0.012211012254169564
2014-04-21,99.0500030517578,99.70999908447266,98.19499969482422,98.2699966430664,2523000.0,0.4412626738749547,0.45396199912165036,0.6160391074161817,0.3987292174054272,0.2819908888243886,0.6443178554688361,0.10310001053269224,0.6457269492140485,0,0,-0.0647749573490619,0.01749719300562131,0.018148977215169487
2014-04-22,98.43499755859376,98.99500274658205,98.13999938964844,98.18000030517578,1778000.0,0.4417957254869384,0.45491480474048906,0.611071571761129,0.39925402214855965,0.2686177470100284,0.6201584585963165,0.10935667481730107,0.6413615072118182,0,0,-0.05947900091961123,0.024015474620636166,0.035565308496717164
2014-04-23,98.33000183105467,99.05999755859376,97.96499633789062,98.1500015258789,1542200.0,0.4423761619318088,0.455767641871094,0.6093028150054767,0.39970837805929216,0.26862259688134543,0.6089256166137952,0.11316051440618388,0.6375750141545405,0,0,-0.058464101398678144,0.02510690904694065,0.03305148815543914
2014-04-24,98.31500244140624,98.47000122070312,97.13500213623048,97.25499725341795,1536800.0,0.4430699749361257,0.45641226698625836,0.5562466726222383,0.4001517058166093,0.27152173096602955,0.5661240550770659,0.10724736252191466,0.633801779470048,0,0,-0.05832914940919401,0.0252674038612745,0.04228215824724336
2014-04-25,96.93499755859376,97.1500015258789,95.87999725341795,96.48999786376952,1429000.0,0.4436537939830932,0.4569100422456862,0.5131106270824511,0.40055639778460705,0.2704594150101131,0.503470945809198,0.09060644138054208,0.6302932211904152,0,0,-0.0446763800669424,0.03968948351613784,0.05778626194331116
2014-04-28,96.88500213623048,97.28500366210938,95.03500366210938,95.73500061035156,1583800.0,0.4437654818236299,0.4572023648879987,0.4722589308752292,0.4009966830864725,0.26022543397029396,0.4736381033461321,0.08311560873322449,0.6264045895576074,0,0,-0.044512445781207395,0.040522293701728704,0.06233806117542636
2014-04-29,96.1750030517578,96.7249984741211,95.58999633789062,96.5,987400.0,0.44368763807903605,0.45748503542217833,0.5193105424793666,0.40127581600440076,0.2681560443477701,0.4897800083277565,0.07615983556071532,0.6288289075739191,0,0,-0.037447189544171124,0.04825816146376021,0.06920144103789411
2014-04-30,96.1449966430664,97.0,96.12999725341795,96.80999755859376,1117400.0,0.443176583709239,0.4579697111665686,0.5381831936066159,0.4015937039478067,0.2630062023999348,0.5131478335262479,0.06653268381131106,0.6315724086387628,0,0,-0.0368393814007853,0.04818654430962612,0.05849745360063148
2014-05-01,96.5749969482422,97.1050033569336,96.125,96.31999969482422,789000.0,0.4423947739897593,0.45835441842272484,0.5079623764623779,0.4018155057334363,0.24935613969871157,0.5104320524541521,0.05633411094947108,0.6296352130595954,0,0,-0.041163110327935654,0.043590551876101336,0.05743213850019071
2014-05-02,96.20500183105467,97.78500366210938,96.08999633789062,97.58999633789062,1516200.0,0.4420241750711575,0.4587977273882592,0.5865034201510283,0.4022538518363825,0.26973793812241703,0.5544082779407582,0.04609192182798366,0.6333578695071665,0,0,-0.03753120332867175,0.04765361661579509,0.05507683058538128
2014-05-05,97.43000030517578,98.1050033569336,96.79499816894533,97.94499969482422,888000.0,0.4417077287717756,0.45921277014197626,0.6071386262289562,0.40251239799671945,0.29833208958734936,0.5934151334278281,0.04032248692222706,0.6355381352540623,0,0,-0.04959528792815376,0.034480971308972576,0.03919455980917039
2014-05-06,97.36499786376952,98.24500274658205,96.50499725341795,97.73500061035156,1240600.0,0.44211386308736883,0.45969193024571897,0.5920108707098445,0.4028716419097371,0.3255177817235075,0.5834425560578801,0.03109265293530411,0.6324921468693789,0,0,-0.048751866259194254,0.035019657112287106,0.045229468773074155
2014-05-07,98.16000366210938,99.4499969482422,97.5,99.37000274658205,1619800.0,0.443169815922906,0.4602414134527162,0.684999504837477,0.4033573362230647,0.3406506565575482,0.6520004261687792,0.036533389126178734,0.636469167654088,0,0,-0.05699091716820233,0.02696060255159877,0.03529950301015072
2014-05-08,98.80999755859376,99.44000244140624,97.48500061035156,98.13999938964844,1200800.0,0.4432696569096864,0.4604585864117072,0.5970690544572133,0.4037074790950528,0.3201459434544858,0.6183029050773785,0.04136485016643618,0.6335208983873398,0,0,-0.06259435492384631,0.01997585343148075,0.03497037342725783
2014-05-09,98.125,98.41999816894533,97.40499877929688,98.30999755859376,1005000.0,0.4443966805392064,0.46066059162191786,0.6069685461829089,0.4040013993141891,0.3525687362256926,0.5934103081764699,0.04459708337518892,0.6359884288779144,0,0,-0.05639905947149612,0.027206013710521292,0.04136944756311057
2014-05-12,98.91500091552734,99.8249969482422,98.36000061035156,99.70500183105467,688800.0,0.4463579752063775,0.46077021221828474,0.6835000098967516,0.40420892943108255,0.37486422394389984,0.6590394850699721,0.063060705647836,0.6376796079842902,0,0,-0.06433734853738503,0.019123154308873676,0.026446938650074404
2014-05-13,99.6500015258789,99.75,98.77999877929688,98.86499786376952,950000.0,0.44790975037371933,0.46081640452520667,0.6224504398728478,0.4044898339213754,0.3632841527209982,0.6427569865613594,0.08020549775815114,0.635347116475787,0,0,-0.07080893694732708,0.011483843558887468,0.025926473466725497
2014-05-14,98.79499816894533,99.20500183105467,98.16500091552734,98.27999877929688,866200.0,0.4492686113538335,0.46056613772233057,0.5818459668156866,0.40474252026093316,0.3388235236604067,0.5962752687756818,0.08555720250248366,0.6332203752708758,0,0,-0.06276237258007986,0.02022960646553484,0.025236461846891378
2014-05-15,98.1500015258789,98.2249984741211,96.5,97.31500244140624,933800.0,0.4497762805393946,0.46022762382509697,0.5186578427488051,0.4050089338546764,0.3171801433418257,0.4891375457844293,0.0724989973815752,0.6309276588807281,0,0,-0.05657311006356587,0.02691286809034435,0.039428164917888524
2014-05-16,97.41500091552734,97.79000091552734,96.4800033569336,97.68000030517578,1471400.0,0.44908246495293885,0.45989807192341503,0.542724087735208,0.4054318260178462,0.30138838011255936,0.49278049069690333,0.0606311487503054,0.6345403199392667,0,0,-0.049581302539059936,0.03473254039584588,0.07871341355950716
2014-05-19,97.96499633789062,99.23500061035156,97.68000030517578,98.0199966430664,986400.0,0.448997853422012,0.4596202269173014,0.5653984850005962,0.4057172372210649,0.3228711663641865,0.5902575390033169,0.061248812046586915,0.6369621827013591,0,0,-0.05502661735470116,0.0208333707591271,0.06618554409384655
2014-05-20,98.13999938964844,98.62000274658205,97.76000213623048,97.84500122070312,1540400.0,0.4488844742804267,0.45930239535749495,0.5524529864448765,0.4061608037171145,0.32756905068199954,0.5700538062968731,0.06182235653599116,0.6331801091016764,0,0,-0.05662113080831655,0.01897572611764757,0.06136502342018717
2014-05-21,98.01000213623048,98.94499969482422,97.86000061035156,98.58499908447266,1186400.0,0.44903169751795485,0.4592789546737437,0.604099340806729,0.4065077550645715,0.3453262190341249,0.607931862054714,0.06624784043910364,0.6360930227076641,0,0,-0.055393793558388076,0.02033826806625305,0.07225713737666388
2014-05-22,98.50499725341795,99.0199966430664,98.1500015258789,98.1750030517578,691400.0,0.4493430699141913,0.45921966285178417,0.571154188931186,0.406707986086825,0.3529391746600833,0.5992132297315172,0.07128160859791957,0.6343954599403177,0,0,-0.05999899549077497,0.015164606790745628,0.05766602668542989
2014-05-23,98.13500213623048,99.51499938964844,98.13500213623048,99.43000030517578,605200.0,0.45033810234417565,0.4594919911652493,0.65504128872723,0.4068880626402023,0.3602775485168542,0.6430822192418777,0.08208250783917354,0.6358813797939452,0,0,-0.05648083143339995,0.018996667235001676,0.05362871633294189
2014-05-27,99.75,99.8550033569336,98.91500091552734,99.05999755859376,1357800.0,0.4514634346726472,0.45973605221489633,0.6238631633172279,0.40728855597476143,0.3560190606762215,0.659642790782216,0.09619652175091858,0.6325476356147391,0,0,-0.07201049622984527,0.00251433168291951,0.04183851603481115
2014-05-28,99.25,100.45999908447266,98.9749984741211,100.125,1453000.0,0.45269030187108666,0.46003182121211283,0.6902308210002864,0.4077266513937621,0.35853870342809385,0.7054850296878821,0.11624281574914494,0.6361151199956394,0,0,-0.06723201924338831,0.012214810360326777,0.044871792896976515
2014-05-29,100.21499633789062,100.5,99.01000213623048,100.5,1044600.0,0.4539391688938515,0.4602414102967136,0.7120526320546395,0.4080438463873469,0.36373092291610126,0.70728514426856,0.13531221613545316,0.6386798785533052,0,0,-0.05962540415788843,0.002846478522940075,0.03795258978035269
2014-05-30,100.46499633789062,101.44000244140624,100.06999969482422,100.80500030517578,1078200.0,0.45545709996525036,0.46068609843541,0.7298968059404606,0.40837310860032083,0.3706541965872799,0.7572772220915209,0.16312480875148713,0.6413271336527455,0,0,-0.05402977786847015,0.009701553268812047,0.03512444187752657
2014-06-02,100.90499877929688,101.5250015258789,100.4800033569336,101.16500091552734,615400.0,0.45666704640678774,0.4612093826123319,0.7510419607173887,0.40856234991868245,0.3584516584649019,0.745692362994359,0.18980915418747266,0.6428380970994118,0,0,-0.05823118991534895,0.006150515794901471,0.018600267787546736
2014-06-03,100.70500183105467,101.1500015258789,100.46499633789062,100.86000061035156,832200.0,0.45765361716725156,0.46166441297174277,0.7187446944495216,0.408816495701108,0.35165589317902884,0.6967129621536949,0.2142190027927525,0.6407948345379628,0,0,-0.05604703323909165,0.008105567018270792,0.021647751615604453
2014-06-04,100.81500244140624,102.375,100.03500366210938,101.93000030517578,1573600.0,0.4590733985529187,0.4623986654064276,0.78254324417597,0.40930745499948273,0.3574292460463661,0.7202165992624021,0.2488476189350732,0.6446584225777321,0,0,-0.057307145987699336,0.015466959638642487,0.030091176029631784
2014-06-05,101.79000091552734,101.8949966430664,100.5500030517578,101.5749969482422,986200.0,0.4598196702932678,0.46310740892361835,0.7441138925251591,0.4096126174903931,0.3453012645838069,0.6840888369784998,0.2810027624957997,0.6422370508664837,0,0,-0.06627094312953676,0.005739223807722791,0.029284809196650132
2014-06-06,102.12000274658205,102.9000015258789,102.00499725341795,102.46499633789062,873600.0,0.46128344874544674,0.4641084740311209,0.7953186589804216,0.4098877468998514,0.350559824380403,0.7240600685432514,0.31917581179455123,0.6443819609526189,0,0,-0.06975140829275978,0.007679043098512827,0.02220031820002903
2014-06-09,102.31500244140624,102.8249969482422,102.18000030517578,102.55500030517578,840400.0,0.4627201534701549,0.46518262058820214,0.8003183564915778,0.41015274316354533,0.3424282141034666,0.6990136146090056,0.35462221471482047,0.6464453565986675,0,0,-0.07104864138471435,0.0057092578478563135,0.026740818442369075
2014-06-10,102.1999969482422,102.94499969482422,101.62999725341795,102.9000015258789,834400.0,0.4638014887321145,0.4662160904790089,0.8199253214770509,0.4104175358609925,0.344945547421589,0.6744858011952891,0.3728143781693921,0.6484940207193992,0,0,-0.06445322598295561,0.007264421474965546,0.028813824994016787
2014-06-11,102.25,102.95999908447266,102.1449966430664,102.8000030517578,763400.0,0.4651332759847577,0.4670530697482519,0.8070884869549072,0.4106591691102952,0.36053948694377735,0.6631635634359161,0.3898642922561705,0.6466196796482504,0,0,-0.05986398027953538,0.0068998938187002316,0.026822177796920192
2014-06-12,102.68499755859376,102.8550033569336,101.6750030517578,101.79000091552734,1284000.0,0.4663212226019697,0.467531540791414,0.6855912639567107,0.4110569757728205,0.35604959910409656,0.6253587288039251,0.39319853897079504,0.6434671332304418,0,0,-0.06415370646810861,0.002675112040030136,0.017023345798140774
2014-06-13,101.91500091552734,102.375,101.6050033569336,102.13500213623048,504200.0,0.4679525328149538,0.468014838414643,0.7108153376611688,0.4112142007632299,0.3590668975690098,0.6141972998997355,0.39445272824002897,0.6447050724079021,0,0,-0.05722570513061225,0.01026621632327646,0.023774419365155532
2014-06-16,101.875,102.125,100.90499877929688,101.51000213623048,861000.0,0.4692487820884666,0.4684043722508662,0.6408657911373158,0.4114791090898158,0.343670878068725,0.580691853681563,0.37811785206400195,0.6425910985249323,0,0,-0.05282221109537366,0.01062318560512149,0.006070423788262801
2014-06-17,101.26000213623048,102.05999755859376,101.0250015258789,101.25499725341795,725600.0,0.4703436555052312,0.4687318559188055,0.6133668896554128,0.41170104674261687,0.34557060885054647,0.5714990382029816,0.36294975275769126,0.6408095660632797,0,0,-0.047088943736617594,0.016747088094439297,0.009407882785565324
2014-06-18,101.125,102.0,100.63500213623048,101.79499816894533,1122800.0,0.4716805166610199,0.46945714530593796,0.6594049477946953,0.41204812923350753,0.3708456257527445,0.5667652433260639,0.33943344108150053,0.6435663255009086,0,0,-0.04587424590453594,0.018122553298580178,-0.01920892546129187
2014-06-19,101.70500183105467,102.0250015258789,101.48999786376952,101.61000061035156,850200.0,0.47270431670166263,0.47019622432068964,0.6379225728283734,0.41230975331625697,0.35999385619307167,0.5772745388177474,0.3180927031206189,0.6414788683635092,0,0,-0.051328636653142294,0.012328673078171398,-0.02465742110496135
2014-06-20,101.91500091552734,102.7300033569336,101.63999938964844,102.28500366210938,1507000.0,0.47409533047667135,0.4708084467565513,0.6951275180141144,0.4127796038139021,0.3715992750254183,0.6150872591080798,0.3114729070201957,0.6451789364722612,0,0,-0.05348880549106165,0.010284402742527421,-0.015795722343200824
2014-06-23,102.44000244140624,102.53500366210938,101.8499984741211,102.18499755859376,599800.0,0.47502774861791514,0.4718019279896636,0.6825206021623974,0.41296608451320205,0.36480008209921205,0.6085153911501274,0.3053259534983742,0.6437062749914189,0,0,-0.05826855229101853,0.005083801382890783,-0.032604966173629464
2014-06-24,101.8000030517578,102.74500274658205,101.26000213623048,101.51499938964844,1050800.0,0.4758586344713303,0.47285056457725005,0.600976079432527,0.41328809085587104,0.36791332714402536,0.5605251837205842,0.28410465251824457,0.6411262938575922,0,0,-0.052062434035619276,0.01135192112765581,-0.023046468788955055
2014-06-25,101.70999908447266,102.9250030517578,101.70999908447266,102.23500061035156,1229400.0,0.47657275599892407,0.4739474627575019,0.6663130218819608,0.41367017621730273,0.35585509875463417,0.6099527127815263,0.26812153891219836,0.6441447833950175,0,0,-0.05151943810258614,0.012313451288140022,-0.03004477604985625
2014-06-26,102.36499786376952,102.38500213623048,100.95500183105467,101.29000091552734,955200.0,0.47684012874650955,0.4749161251857018,0.5618529183229976,0.4139610465953343,0.3364465653473737,0.48898114774893475,0.2426940299553372,0.6417995245645729,0,0,-0.05756340266740363,0.0058199365887507395,-0.02205699848344922
2014-06-27,100.80500030517578,102.0999984741211,100.8000030517578,102.0250015258789,1474000.0,0.47725303343057485,0.4757724086712105,0.6274089358702194,0.4144164253352586,0.35176611039661543,0.49470788483814776,0.2224186350057554,0.6454185692840821,0,0,-0.04269915005577992,0.021275533219651917,-0.011995300190572919
2014-06-30,105.96499633789062,106.50499725341795,104.3000030517578,105.0749969482422,2919000.0,0.47857635643155855,0.47650941840021854,0.8172506000476422,0.41537358576561934,0.33853129705452456,0.9726790637671223,0.24960036973740587,0.652585456350736,0,0,-0.08120554676603786,0.005292829281559549,-0.06076938843925959
2014-07-01,105.11000061035156,105.49500274658205,104.41500091552734,104.43000030517578,1358600.0,0.47978460898990855,0.4773588081239186,0.7538139439691852,0.41581281693968253,0.3204210011715956,0.8250668529902716,0.2748405519882242,0.6492497479681543,0,0,-0.06995002319858776,0.013276199700995842,-0.039067365940116554
2014-07-02,104.28500366210938,104.73999786376952,103.97000122070312,104.15499877929688,925600.0,0.48053765109872976,0.4781826878781238,0.7272276406097448,0.41611019560799667,0.30221693897072277,0.7224481705734376,0.2892591506450951,0.6469771646626062,0,0,-0.06152449519278011,0.021258197690520852,-0.03351527329093125
2014-07-03,104.34500122070312,105.18000030517578,104.19000244140624,105.08000183105467,577200.0,0.4817239064148931,0.4791382507912859,0.7778986614875129,0.4162989417036618,0.3015125865583999,0.7263656959047236,0.30674189096725757,0.6483943373980885,0,0,-0.05962266964864117,0.020738284844991777,-0.030819443349757888
2014-07-07,104.5,104.52999877929688,103.65499877929688,104.19000244140624,1244000.0,0.48230772804399963,0.48009450381702945,0.6928494121277428,0.4166984201978975,0.30467405377953244,0.6450319822794701,0.31211982674758443,0.6453400011490589,0,0,-0.06057287545543653,0.019080673948231798,-0.024885780531045797
2014-07-08,103.9499969482422,104.43000030517578,103.34500122070312,103.4000015258789,960000.0,0.4825937154316747,0.48104730943586826,0.6241435528462703,0.417001630535757,0.292177070107138,0.6039137048167176,0.31101063754946345,0.6429829570983608,0,0,-0.04832513595098925,0.02452250931285484,-0.01569243179311225
2014-07-09,103.9000015258789,104.0500030517578,103.19000244140624,103.91000366210938,849400.0,0.4829355467396181,0.482174543113681,0.6573115892426613,0.41727249269958644,0.2896208413386065,0.5953369018400808,0.30688306417381106,0.6450684500323848,0,0,-0.04763058973964507,0.025193381906160526,-0.017988400221503307
2014-07-10,102.8249969482422,103.90499877929688,102.5,103.69499969482422,1188000.0,0.483238454884195,0.483166646225632,0.6379560865884002,0.41764943109217545,0.29423711173468664,0.5676398068707554,0.28977668209349094,0.6421516080196459,0,0,-0.036714413218742394,0.03541526489732633,-0.002742719879421786
2014-07-11,103.5199966430664,104.0999984741211,102.8949966430664,104.01499938964844,701000.0,0.4839914969930162,0.4841601285107452,0.6602709533937237,0.4178731274734635,0.31469065979339716,0.5820622044013799,0.27671474657407336,0.6438727412274994,0,0,-0.03360811023881009,0.02878635053895024,-0.012006317767023843
2014-07-14,104.24500274658205,104.47000122070312,103.95500183105467,103.99500274658205,631200.0,0.4846210069896832,0.48521841825846546,0.6582527304556829,0.4180743744766755,0.3056501730327914,0.6049649475142177,0.26991948003053046,0.6423229847641654,0,0,-0.04047492293589004,0.021727582753423767,-0.010863864725696344
2014-07-15,104.36000061035156,104.74500274658205,102.69000244140624,102.77999877929688,1512400.0,0.48505083243065045,0.48593405658946587,0.5437761894717958,0.4185445334497052,0.2884845142938968,0.5520297189952433,0.24076057340401733,0.6386096582826282,0,0,-0.0415885074668584,0.020625958809707235,-0.01086588031707233
2014-07-16,103.375,103.59500122070312,102.4749984741211,102.8949966430664,2035800.0,0.4856058838669595,0.4866166010765812,0.5535862540639553,0.41917809215503044,0.28716109739202217,0.5171221359163276,0.2171193946697961,0.6436080648226398,0,0,-0.032496559423616234,0.0304533692410243,-0.007345760482437705
2014-07-17,102.51000213623048,104.875,102.51000213623048,103.8499984741211,1891000.0,0.4863013907544638,0.48745978504705234,0.6310272969981275,0.4197772286708109,0.2804882525254764,0.5676868646658884,0.20745880615101578,0.648250950551671,0,0,-0.019048536356648587,0.03882594146968831,0.0020409066652784897
2014-07-18,104.0999984741211,105.25,103.9800033569336,104.7750015258789,1398000.0,0.4873725730458545,0.48820506876303205,0.6961166742745969,0.42022785100486315,0.2907541506467031,0.6347606616384907,0.20339408887778795,0.6516833959505001,0,0,-0.03336539613675652,0.02315839012646856,-0.011266231931980916
2014-07-21,104.29499816894533,104.90499877929688,104.11000061035156,104.375,1377600.0,0.4880799242049762,0.4890647996554456,0.6559169035138742,0.4206679684282918,0.28155515829498434,0.6107257553592094,0.19961970855264785,0.6483010377377484,0,0,-0.034931958763186874,0.021092808897996237,-0.01622521520863267
2014-07-22,104.63999938964844,105.54499816894533,104.4749984741211,105.05500030517578,1163000.0,0.4890512655095866,0.4899948536511137,0.7031343735006561,0.42104420254634556,0.28294262497607126,0.6519333679582652,0.2046128916982284,0.6511564983950002,0,0,-0.03837123117047142,0.017868243006175014,-0.027544910179640718
2014-07-23,105.08499908447266,105.83000183105467,104.86499786376952,105.15499877929688,1485000.0,0.4902832091933104,0.4907463420683217,0.7099720758490983,0.4215250954375107,0.2841612221030958,0.6639291525405123,0.21284382843547042,0.6548025509109238,0,0,-0.04235873528452062,0.013516711863503167,-0.03117416130945974
2014-07-24,105.0,105.66000366210938,104.70999908447266,105.01000213623048,914600.0,0.4912223977030263,0.49159366355827894,0.6933798217048955,0.4218201828652215,0.28203565774589795,0.6397448475615531,0.21707123879697496,0.65255697540179,0,0,-0.04151013184766359,0.014312179838228113,-0.02871947770552387
2014-07-25,105.0,105.25,104.26499938964844,104.43499755859376,629400.0,0.492286809625945,0.4924423631693975,0.6287446962866258,0.42202085148434554,0.28322988788849707,0.5869441677102649,0.21132307936487468,0.6510116383960511,0,0,-0.04156744857605815,0.014331941936973843,-0.02894963197490008
2014-07-28,104.63999938964844,104.81999969482422,103.7750015258789,104.33499908447266,960000.0,0.4930686193454246,0.4934103354850158,0.617649033669129,0.42232614446042704,0.2677877778223723,0.5342308116871812,0.19599406876664047,0.6486545943453531,0,0,-0.038349187025842855,0.01785797776002389,-0.037439518591659095
2014-07-29,104.25,104.28500366210938,102.45500183105467,102.49500274658205,1429800.0,0.4921954303086851,0.4940742658684468,0.4455427124686504,0.42276381788026596,0.2615337291844494,0.3806744680422126,0.1848324772403169,0.6451440718623447,0,0,-0.03464798864705706,0.021613047138594816,-0.028945192596602498
2014-07-30,102.625,103.33499908447266,101.8000030517578,102.21499633789062,1270400.0,0.4914457708019609,0.49465270539984296,0.42390331088810096,0.4231500783846167,0.27075348560554624,0.33133075207260543,0.18359849903508027,0.6420249169019209,0,0,-0.01941555988529283,0.037855477334941025,-0.018683846667745998
2014-07-31,101.91000366210938,101.91000366210938,99.16999816894533,99.18000030517578,1586600.0,0.48976200185294433,0.49483678556694977,0.2472009933628864,0.4236015683974297,0.2570724940317277,0.1703867568180371,0.20912639728888846,0.6381294105572984,0,0,-0.026806296447014995,0.04495420198538164,-0.020251503188201042
2014-08-01,98.48999786376952,99.62000274658205,98.25,99.19499969482422,1409200.0,0.48777024569192723,0.49492089724582267,0.2487308833217993,0.42400228668498763,0.258001232314855,0.19066324949592472,0.23956368989834084,0.6415893548033856,0,0,-0.0024198211638540657,0.08081265744087893,0.0137629107578541
2014-08-04,99.05500030517578,100.49500274658205,99.05500030517578,100.30999755859376,991000.0,0.4864570730793735,0.49521528706987705,0.3581432773271299,0.4242908232322705,0.26374175288193125,0.3170318670798592,0.2527259781639105,0.6440225117348874,0,0,-0.008115331495059065,0.07510456143114337,0.012147808203658638
2014-08-05,99.62999725341795,100.3499984741211,98.83999633789062,99.1050033569336,1059400.0,0.48500344759776354,0.49517047393611735,0.29559434350345426,0.42459099641646203,0.26593139756331646,0.33531694033163084,0.26676521604627323,0.6414214154147734,0,0,-0.013757325162049387,0.06853753531380687,0.012810324926573585
2014-08-06,98.9499969482422,99.90499877929688,98.81500244140624,99.44499969482422,1186600.0,0.4834922843126976,0.4952235610568487,0.32744996962735073,0.4249294897230246,0.26108272932630233,0.36878775620884907,0.2800235442148382,0.644334820071605,0,0,-0.0070631847488175125,0.07623227939326022,0.026537559091142204
2014-08-07,99.81500244140624,100.0,98.5,98.66000366210938,1035600.0,0.481788209422543,0.4950215558466382,0.2873625890301945,0.4252195512202156,0.24048291604120953,0.38341479636542736,0.2952307723006833,0.6417921588019144,0,0,-0.015737366848095923,0.06727331522491735,0.015988700716677594
2014-08-08,98.8949966430664,100.19000244140624,98.51000213623048,100.11000061035156,763400.0,0.48046657772260787,0.4949677796653261,0.41561529405970477,0.42544021465387105,0.24159057549279472,0.4218499761560268,0.30552893484530086,0.6436664998730633,0,0,-0.006537569624215601,0.07713359343077127,0.009578346439765522
2014-08-11,100.3249969482422,100.55500030517578,99.58000183105467,99.58999633789062,753800.0,0.4789757203786799,0.4948002453681608,0.3858736371992988,0.4256555165755094,0.23902489276698602,0.4446294869730785,0.3077096406442634,0.6418157292424215,1,0,-0.02072716946949697,0.061732097367870054,-0.011836954863340928
2014-08-12,99.6750030517578,99.99500274658205,99.23500061035156,99.76499938964844,557800.0,0.4779553055222731,0.49460720215350173,0.4010343243732928,0.4258153781491144,0.2590317463931926,0.44619188557900963,0.3136336731893671,0.6431852700460458,0,0,-0.014308696698040071,0.06180338393039087,0.0059744313002071375
2014-08-13,100.36000061035156,101.05500030517578,99.5999984741211,101.00499725341795,815600.0,0.4773156425550373,0.49462719543034805,0.501839499481258,0.4260553810649099,0.27489233920584344,0.481700584002476,0.2988025777557054,0.6451877753874513,0,0,-0.021149708046512502,0.05482886036353422,-0.01658897197836911
2014-08-14,100.7750015258789,101.0500030517578,100.45999908447266,100.78500366210938,867400.0,0.4762783069417285,0.49446931429331664,0.4866031844173717,0.4263092742924868,0.2728462112436642,0.493274242508096,0.2850308462815909,0.6430580878774769,0,0,-0.024998778224247332,0.05004703175718079,-0.015345805592855073
2014-08-15,101.02999877929688,101.88500213623048,100.43499755859376,101.13500213623048,882200.0,0.4750463632580047,0.4944086443501958,0.5147565912100853,0.42656928458212884,0.2680615292855821,0.5115901245811362,0.25769406239619363,0.6452241131498996,0,0,-0.027583456648144464,0.047626163390837715,-0.012898698964397826
2014-08-18,101.1500015258789,101.96499633789062,101.11000061035156,101.88500213623048,974400.0,0.47420363313297204,0.49432867019080917,0.5727383527013742,0.4268608806059848,0.2837066431757028,0.5358046998646356,0.23097844663554565,0.6476165128613581,0,0,-0.0286745584083002,0.04627478327307227,-0.027487998423653143
2014-08-19,102.0500030517578,102.6449966430664,101.91000366210938,102.31500244140624,814600.0,0.4732762914770127,0.49429557739892516,0.6043856865202675,0.42710670590548916,0.28352286248273073,0.570270059564868,0.21398066253533857,0.6496165629485442,0,0,-0.0372969816173416,0.037100639937589996,-0.06345393170469568
2014-08-20,102.0,102.37000274658205,101.59500122070312,102.04000091552734,939800.0,0.47222203252466305,0.4941769937550059,0.580147323470395,0.4273885132498261,0.2926742698341662,0.5691351062036032,0.19261317212970594,0.6473091150330796,0,0,-0.03665151649825303,0.03743343341313058,-0.062698536504469
2014-08-21,102.3499984741211,103.0,102.04000091552734,102.54000091552734,929000.0,0.4713860701859634,0.49414114261679754,0.6188883319014856,0.42766981980085605,0.297371349024558,0.6087893910859081,0.18269769149844264,0.6495900462029739,0,0,-0.04018030612833129,0.034104305426402935,-0.06296545829789
2014-08-22,102.5500030517578,102.7249984741211,102.21499633789062,102.2750015258789,644800.0,0.4706550279014677,0.4942080183131473,0.5936202808817455,0.42786388709017964,0.29635954590861074,0.6156123154547554,0.17349045948369815,0.648006898282255,0,0,-0.04193488407806968,0.031987504876257455,-0.06743710604434172
2014-08-25,102.55500030517578,103.18000030517578,102.45999908447266,103.11499786376952,921000.0,0.4702421232174024,0.49434314782700817,0.6586870102441444,0.42814579213555803,0.304934448978119,0.6576961872091365,0.1720664849547129,0.6502681874183934,0,0,-0.04209240030259472,0.032021525074729135,-0.09137131343223237
2014-08-26,103.4250030517578,103.4250030517578,102.7750015258789,103.2300033569336,871600.0,0.4704908813248985,0.49458031511484657,0.667262406012098,0.42841303852882384,0.3263894856586379,0.671290485238126,0.1744664178632028,0.6524081869960897,0,0,-0.0501867154048217,0.02332346243632029,-0.08398393872393357
2014-08-27,103.05500030517578,103.3249969482422,102.28500366210938,102.62000274658205,859000.0,0.4706279541739968,0.4947685328014396,0.6035241226502042,0.42867297118809555,0.3298639218920133,0.6437105306533126,0.165955307394246,0.6502991236215588,0,0,-0.046546547989170885,0.026881734337292407,-0.09725855457751463
2014-08-28,102.34500122070312,103.05999755859376,102.18000030517578,102.72000122070312,758000.0,0.4718260537617777,0.49489607949291115,0.6121406786721915,0.428902687239786,0.35171103998220143,0.6266395116751573,0.15579180428068776,0.6521602063199226,0,0,-0.039904512873729356,0.03396024670704487,-0.10300135852584814
2014-08-29,102.97000122070312,103.0999984741211,102.6050033569336,102.93000030517578,777000.0,0.47309015024039597,0.49507809142627535,0.6308489918823588,0.4291390588442269,0.34806541279915565,0.6301140490544673,0.14710421680663813,0.6540679388484563,0,0,-0.04595016710096975,0.027842684738745092,-0.14286412458492143
2014-09-02,103.19499969482422,103.2699966430664,102.28500366210938,102.59500122070312,858000.0,0.4738635008724941,0.49512083632629234,0.592438132534695,0.4293981185291301,0.33488306432619,0.6120875552093692,0.13161924855496596,0.6519613307281449,0,0,-0.048042355777352136,0.02559994295558119,-0.1399494679548012
2014-09-03,102.86499786376952,103.05999755859376,101.6500015258789,101.76499938964844,1174400.0,0.4747637662188436,0.4950629236774948,0.5051831868063807,0.4297463442499039,0.3311909852545806,0.5724604733645882,0.12080486995779108,0.6490778801727909,0,0,-0.044982677604747036,0.028900082187306747,-0.12295918625345148
2014-09-04,101.91500091552734,102.50499725341795,101.61000061035156,101.80999755859376,799000.0,0.47556419057841276,0.4951036003437692,0.5100900329174985,0.42998332052252775,0.3233516787730912,0.5544891465052258,0.11157187239995695,0.6510396282941532,0,0,-0.03601435599183179,0.036800498885110534,-0.10809217379230804
2014-09-05,101.875,102.00499725341795,101.4749984741211,101.9800033569336,1059200.0,0.4766878316058358,0.4950684393181424,0.5294354650711598,0.4302983942292118,0.3455322982023261,0.5336952002400437,0.10584472873474027,0.6536402335634234,0,0,-0.035605540584692945,0.033149986061610674,-0.08103329926171499
2014-09-08,101.8550033569336,102.68499755859376,101.61499786376952,101.95999908447266,656000.0,0.47731395641826674,0.4951608239319861,0.5270963951228819,0.4304933312049882,0.33398335562974296,0.5486868310008103,0.0923941663090116,0.6520295867954463,0,0,-0.035350100394838734,0.029074291432537355,-0.06143368123959777
2014-09-09,102.05999755859376,102.1449966430664,100.55500030517578,100.7300033569336,836800.0,0.47769978737486113,0.49498225940552676,0.39930088319786583,0.43073541691498707,0.3350555324559286,0.4380265098409164,0.09311416812731366,0.6499750300645879,0,0,-0.03736757152613572,0.021822343306145183,-0.03962339105339011
2014-09-10,100.58999633789062,101.3249969482422,100.05999755859376,101.2300033569336,804200.0,0.47819561228880475,0.4944520814667962,0.46159241253959193,0.430970456319561,0.3408475955208407,0.38601795550425644,0.10198855143445465,0.6519495455078914,0,0,-0.023230380819098374,0.028144610536956067,-0.037079250039555756
2014-09-11,100.49500274658205,101.06500244140624,100.2249984741211,100.70999908447266,900800.0,0.47809577130202435,0.49393913845858783,0.4123419581769404,0.43123063888225244,0.3330937882420298,0.35796399212069446,0.11022905021965698,0.6497378525069863,0,0,-0.022177246588308816,0.028943990990938428,-0.030080072086960775
2014-09-12,100.66000366210938,100.88999938964844,99.4749984741211,99.83999633789062,949800.0,0.4777759372362675,0.4933441520052493,0.33961148230886895,0.43149962510616413,0.32624170370677597,0.30120838423055407,0.12958862288480452,0.647405852049327,0,0,-0.023930132896614695,0.027455063199129028,-0.0271571903010101
2014-09-15,99.87999725341795,100.19499969482422,99.23999786376952,99.8550033569336,992600.0,0.4773427266110642,0.49262368814618285,0.34164959978993226,0.43178063492523977,0.330195955000792,0.3035438816252618,0.15090733431761014,0.64984293738758,0,0,-0.013822088381770372,0.03550687027614069,-0.03585731503378972
2014-09-16,99.69000244140624,100.93499755859376,99.26499938964844,100.26000213623048,1623600.0,0.4767927516600397,0.49208178881357567,0.3972799098489448,0.43224397593640684,0.3241824182037926,0.37275278792668887,0.15165108915048245,0.6538292881383231,0,0,-0.011917304104958563,0.03740424099732622,-0.019978996339831287
2014-09-17,100.7300033569336,101.4499969482422,100.41500091552734,100.91500091552734,1358600.0,0.47631892657042146,0.49173913739685593,0.4799977851764198,0.4326368501113065,0.32256865046738,0.4544768824377775,0.14073827104115935,0.6571649965209048,0,0,-0.02224220336544106,0.026880108092979235,-0.046928004496365985
2014-09-18,101.1050033569336,102.0199966430664,100.94499969482422,101.58000183105467,1057600.0,0.4761632416633727,0.4914178584301446,0.5544683590628314,0.4329468188489056,0.32322383058003645,0.508779615597543,0.12257065034048684,0.6597616733834237,0,0,-0.025813836726951596,0.022989641517877017,-0.04885299767576218
2014-09-19,101.9800033569336,102.58000183105467,101.38999938964844,101.40499877929688,1459000.0,0.4757791045899659,0.49110209510408087,0.534877598124395,0.43337246311182887,0.30495724229191234,0.5364646485480615,0.11596297467962877,0.6561794574772066,0,0,-0.034160279170641586,0.014225237928499864,-0.0013290227780759537
2014-09-22,101.4800033569336,101.7300033569336,99.76000213623048,99.83999633789062,1357000.0,0.47495498652288376,0.49052641286700815,0.3872325288101831,0.43375470611319844,0.29553311485527756,0.42780558720368156,0.11405400148917308,0.6528476775013761,0,0,-0.022138975135418838,0.019180511002789943,-0.012770630776874695
2014-09-23,99.62000274658205,99.96499633789062,99.04499816894533,99.13999938964844,1344200.0,0.47360966369757457,0.4898569668429297,0.3350729263026364,0.43412711705753226,0.2727607700266659,0.3613272541780024,0.12190551605313052,0.6495473247795549,0,0,-0.005759260804564921,0.03811098201865322,-0.0038561914097784223
2014-09-24,99.3499984741211,100.41500091552734,99.23999786376952,100.2699966430664,1175600.0,0.4726078608991184,0.489510868019305,0.45977289308584246,0.4344608160797254,0.2794726227882395,0.42138587830131014,0.12062144702134206,0.6524337216399723,0,0,-0.0030764606319698363,0.04110353644063256,0.03303410879605937
2014-09-25,99.69499969482422,99.80999755859376,98.70500183105467,98.70500183105467,1002600.0,0.4712828440149472,0.4889331186004905,0.34958829257921686,0.43473541089333034,0.27075779713061154,0.3660061478254729,0.12668807400225654,0.6499720837595245,0,0,-0.009873321002429724,0.03719959590914683,0.033409779458218
2014-09-26,98.55999755859376,99.3499984741211,98.5,99.2249984741211,766800.0,0.47009997388301966,0.48829538724713484,0.40138941808758466,0.434947779972889,0.2753714650817445,0.3781243175272796,0.13503448649410224,0.6518547726950196,0,0,-0.0006078471959957729,0.049288338006325844,0.049541556141382295
2014-09-29,98.63999938964844,99.94499969482422,98.36499786376952,99.7300033569336,1099400.0,0.4690169473200116,0.4875997432449817,0.44977911431442674,0.43525552562178027,0.28233458696329555,0.4151878113482206,0.13086479168178852,0.6545540791839127,0,0,-0.0027714943825435656,0.0482237715867271,0.04530111177330367
2014-09-30,99.54000091552734,99.69000244140624,98.19000244140624,98.37000274658205,1598800.0,0.4675870129637754,0.4867717270232911,0.35893496154323956,0.43568910541906714,0.2711171855561528,0.38146064665471147,0.12963095529611476,0.6506286187378126,0,0,-0.013536532925698043,0.03895519909215319,0.030983618107697408
2014-10-01,98.25,98.25,94.83499908447266,95.58499908447266,3029000.0,0.46549541581597803,0.48546592881901907,0.22605556602819607,0.43645675142483886,0.2621683466969297,0.23597986095134504,0.1637763918691089,0.6431916537070165,0,0,-0.03471587699682158,0.05260753184168848,0.03761306134934271
2014-10-02,95.43499755859376,95.9499969482422,93.94499969482422,95.58499908447266,1724800.0,0.4633885892123271,0.48414634203912865,0.22605556602819607,0.4368931501776486,0.28140770715570235,0.23324840840225386,0.20159323175001617,0.6474264761847706,0,0,-0.01558819770927412,0.08359057979487886,0.07511639246688145
2014-10-03,96.01499938964844,96.83000183105467,95.36499786376952,95.9250030517578,1442600.0,0.4613392978299932,0.482893630955588,0.25976614759092065,0.4372607949174223,0.26516556981805,0.3288936555390167,0.22114612197456293,0.6509684259217883,0,0,-0.021656114606381584,0.07752266289777139,0.0620913073750071
2014-10-06,96.7699966430664,96.7699966430664,95.27999877929688,95.63500213623048,939400.0,0.45919862713039944,0.48168021841716047,0.24631882652309298,0.43749830998205075,0.26192979880973305,0.35152563055284825,0.2399991251695441,0.6486619601080115,0,0,-0.02945005846617401,0.06937718214197587,0.06145430372600768
2014-10-07,95.19499969482422,95.19499969482422,93.16500091552734,93.20999908447266,2348000.0,0.4566535108341218,0.48014621597260243,0.15258274312935668,0.43805595793728114,0.24203300143697698,0.30518630144437325,0.27248356790715456,0.6428970232006792,0,0,-0.021226525162881003,0.08605639329845025,0.0946829100529227
2014-10-08,93.2249984741211,94.87999725341795,92.54000091552734,94.76499938964844,2850200.0,0.454465455301641,0.4790803423504919,0.29232866188714723,0.43875913907999364,0.26562239386426323,0.3553018647859735,0.3062848676955735,0.6498949887770329,0,0,-0.007348970768393238,0.10835745706818284,0.12986807720020765
2014-10-09,94.99500274658205,95.12999725341795,92.80500030517578,93.01499938964844,2205000.0,0.45186111248299804,0.47781177445759027,0.22649595937608982,0.43927828395279356,0.24128971402618565,0.37228821741709656,0.3331920081635509,0.6444811532230859,0,0,-0.02590620848273726,0.08732120455633403,0.11961166208492369
2014-10-10,92.88999938964844,93.70500183105467,91.7300033569336,91.7750015258789,2004000.0,0.4491315462511523,0.4767907150212405,0.18672527927686958,0.43973403476659545,0.22312374746778185,0.3630333154619835,0.3646330141455665,0.6395608237672537,0,0,-0.012471064240462047,0.1115948752516269,0.15895289748026137
2014-10-13,91.6449966430664,91.99500274658205,88.08999633789062,88.29499816894531,2501000.0,0.44521910730524,0.47528773713482386,0.10078115169132015,0.44024809206924276,0.19156209082071718,0.31980302096866586,0.4093419231059321,0.6334202329643414,0,0,-0.038736041907592174,0.1266684805962325,0.17586496050879144
2014-10-14,88.55999755859375,89.9800033569336,87.70999908447266,88.79000091552734,2546000.0,0.4413371298531736,0.47369926944837304,0.1384706656442419,0.44077827638558786,0.18612947033805655,0.33681456439971114,0.45209740636325435,0.6396713102071301,1,0,-0.009626802103723821,0.1642222130437722,0.21677331430513896
2014-10-15,87.68499755859375,90.56999969482422,86.50499725341797,90.25,3388200.0,0.43772760163397734,0.4724782719835545,0.24376158956811658,0.44151293593577956,0.22239803262635252,0.3641623564384087,0.49553720883512087,0.6479902025535625,0,0,-0.013289788185703534,0.16893794172015666,0.23414799753529056
2014-10-16,86.94999694824219,91.75,85.77999877929688,90.91500091552734,4098600.0,0.4341180734147811,0.4713020887044965,0.28865758875750924,0.44241614262191853,0.2569104321968507,0.39044958339523184,0.5176508591123793,0.6580533074975116,0,0,-0.012963968630972992,0.17434903723381248,0.24886434031985805
2014-10-17,92.31999969482422,94.18499755859376,91.8249969482422,93.625,3454600.0,0.4314849629854796,0.47060782282350466,0.4472707298765576,0.44323309660936727,0.29738840514139775,0.48270153001600447,0.507228413607375,0.6665352287241173,0,0,-0.07193533354967364,0.11400756486160152,0.19375238064548142
2014-10-20,93.88999938964844,95.63500213623048,93.38500213623048,95.58999633789062,2413200.0,0.43004656695972304,0.469984569106348,0.5399629350415684,0.44383179917043714,0.34194371256511696,0.5294365790767342,0.48249279811106005,0.6724602482065595,0,0,-0.08662216940295393,0.09281711552903857,0.16742326357017676
2014-10-21,95.9749984741211,98.13999938964844,95.9749984741211,98.0199966430664,2398800.0,0.4296675063716007,0.46976808520793756,0.6357191701573365,0.4444617769318975,0.3819479210245297,0.5998271521978497,0.4383109389203068,0.6783499120282412,0,0,-0.10665341652265609,0.06909722366330338,0.16377235462965933
2014-10-22,98.62999725341795,99.25,96.6500015258789,96.8550033569336,2937400.0,0.4285117151314222,0.4693668320818396,0.5829660221411516,0.44521077839115075,0.33994105843298367,0.6116553202587417,0.4054628733125999,0.6711378482839491,0,0,-0.13109568367884702,0.04029794646923331,0.134921511491922
2014-10-23,97.98500061035156,98.28500366210938,97.05500030517578,97.4499969482422,1712000.0,0.4280869635936006,0.4688766406968019,0.6062106744145983,0.44565287375836116,0.3448194473689668,0.616097871246353,0.3749610981054433,0.675341243507694,0,0,-0.12601312692206895,0.047442063511881204,0.1387641523471601
2014-10-24,97.43000030517578,98.05500030517578,96.30999755859376,97.9250030517578,1615000.0,0.4276469851820642,0.4684822813325128,0.6250027339788857,0.4460741507802648,0.35523609393064515,0.6158601210935011,0.3401649150575371,0.6793064790721496,0,0,-0.11954850580515126,0.05284763147416176,0.1435607829849388
2014-10-27,96.58000183105467,96.91999816894533,95.5999984741211,96.3000030517578,2100200.0,0.42648611487446225,0.46781559365475844,0.5475443467603369,0.4466003791680442,0.346822532463679,0.5893764994225517,0.31008840428693385,0.6741499541604037,0,0,-0.11028851381346914,0.06127137924957458,0.16609649101620821
2014-10-28,97.38500213623048,98.43000030517578,96.9800033569336,97.69499969482422,2245800.0,0.4262576627081041,0.467237843183943,0.6056895831070946,0.44718144063571963,0.3616278636526672,0.6374438141700459,0.28653958625121667,0.6796639640865054,0,0,-0.12050885762377739,0.053945997198276974,0.1354101817475414
2014-10-29,97.50499725341795,97.71499633789062,95.38999938964844,96.0250015258789,3746800.0,0.42640657982881985,0.4663705284171391,0.5302259899256165,0.44811060309520034,0.3616077980425237,0.5950217944676993,0.26097986396947426,0.6704646175769685,0,0,-0.12001636225750721,0.05194743429540732,0.14120482973982432
2014-10-30,95.66999816894533,96.72000122070312,95.38999938964844,96.1750030517578,1368200.0,0.4266062643845195,0.46556181641171435,0.5369047410061912,0.4484505631349307,0.35098087775632253,0.5837292326620432,0.23724583613642777,0.6738238964000571,0,0,-0.10299400398325513,0.07196046396570052,0.14829476976708345
2014-10-31,97.3949966430664,102.25,96.7750015258789,101.84500122070312,5398200.0,0.4286098648171541,0.46546598439096587,0.735187821112419,0.4499755625099783,0.4127387128996355,0.6949964763801204,0.24265552024961604,0.6870778497276386,0,0,-0.12076940468115996,0.050480927505880215,0.12123736201842797
2014-11-03,102.0250015258789,102.38999938964844,99.94000244140624,100.18499755859376,2409200.0,0.43014979313073937,0.4651777982161388,0.6621557118472786,0.45062997047706954,0.3947887343016343,0.6905352343486176,0.2483909438815092,0.6811626512620743,0,0,-0.15950711917002497,0.0035838564425814375,0.06190780332470635
2014-11-04,100.125,100.3949966430664,98.63500213623048,99.23500061035156,1712600.0,0.43218893154250443,0.4646427936973413,0.6224862402463384,0.4510845948463329,0.4160318681076435,0.6397056461168615,0.24233121297368518,0.6769577828857978,0,0,-0.1431851232247959,0.022608169335171565,0.10984675871236728
2014-11-05,100.20999908447266,102.7300033569336,99.8249969482422,102.625,2963400.0,0.43484911828141576,0.464559371079049,0.7209781220378171,0.4519311633903421,0.41827141560643827,0.6787748263682869,0.2492163198751138,0.6842336832397963,0,0,-0.14541240707838052,0.025394309033722792,0.13397488877083202
2014-11-06,102.5,103.12999725341795,101.58000183105467,103.04499816894533,1990200.0,0.43824373248905896,0.464617972788427,0.731955861432115,0.45250384217989603,0.46301609856032633,0.6825963414674461,0.2575884081956098,0.6891201301873997,0,0,-0.1629232762066078,0.006138828291526963,0.11157122483061829
2014-11-07,101.52999877929688,103.74500274658205,101.52999877929688,103.4499969482422,1819400.0,0.4421950894340598,0.4647186303372416,0.7429143714131047,0.4530311766026959,0.503620246980638,0.6768814971836384,0.26845239880678884,0.6935872197143164,0,0,-0.15284584676470572,0.021495502029643457,0.1287787326727335
2014-11-10,103.28500366210938,103.66500091552734,102.66999816894533,103.13500213623048,1232000.0,0.44721763125259,0.4647468976010598,0.7273492935291012,0.4533855310163638,0.5306017575053639,0.6732653798198488,0.2785403900885981,0.6905623465159205,0,0,-0.16921223198847027,0.004446583838014185,0.11841469658166238
2014-11-11,103.125,103.50499725341795,102.3550033569336,102.62999725341795,1409600.0,0.4519017243652739,0.4647517231291257,0.7016341068107927,0.4537862803185472,0.522948674956314,0.6560410730569428,0.284556376866134,0.6871014201681456,0,0,-0.16817763961251683,0.006011564781499564,0.12057010036387493
2014-11-12,102.62000274658205,102.79499816894533,101.58000183105467,101.9499969482422,2076600.0,0.45586154297979514,0.4647772320466197,0.6667436831593622,0.45436738853360625,0.47710357583771923,0.6262843758133446,0.281897208505168,0.6820028392559794,0,0,-0.16408461870756152,0.0109617073965432,0.12837372868510435
2014-11-13,102.11499786376952,103.49500274658205,101.50499725341795,102.61499786376952,1980000.0,0.45982136159431636,0.4648882318161487,0.6906763056444611,0.45492869090148835,0.4430536504844417,0.6286777436824792,0.2840180869247487,0.6868642426105441,0,0,-0.16022559660070973,0.015988277897056206,0.13845027872173413
2014-11-14,102.55500030517578,103.1750030517578,101.73500061035156,101.9499969482422,1606400.0,0.462638924541325,0.46488409429666233,0.6545837577282104,0.45537705337955436,0.40627043274372465,0.6133247492431758,0.2859874740286451,0.682920122232376,0,0,-0.163475143742138,0.011596769148561477,0.129367069163736
2014-11-17,102.0,103.18499755859376,101.70500183105467,102.66500091552734,1093200.0,0.46503343241583833,0.46498130549057304,0.6825093915694516,0.455686635186909,0.381368012055997,0.6128737642255477,0.2874463233406601,0.6856042061451084,0,0,-0.15909761359716046,0.017116260900605473,0.13315348067282368
2014-11-18,102.4749984741211,104.375,102.1750030517578,104.25,1803000.0,0.46714195290267674,0.4654666702955438,0.7401610493916365,0.45621403374191905,0.3746816560106305,0.638573225225072,0.2972358947753224,0.6900310295028257,0,0,-0.16261627181556104,0.018506808639121578,0.11907659246192209
2014-11-19,104.34500122070312,105.54000091552734,104.01000213623048,105.33000183105467,2718600.0,0.4700102832846694,0.4660320103119021,0.7759326274009674,0.45702580902393286,0.4302781697890409,0.6697170555806108,0.31368152490642565,0.6967058836238963,0,0,-0.17808155819094723,0.011462826808865408,0.07093521959775916
2014-11-20,104.91999816894533,106.44000244140624,104.80500030517578,106.33000183105467,1405800.0,0.47301568651576015,0.46680694046486215,0.8072308590192879,0.4574535001360388,0.4531478279367209,0.6850905578419382,0.3341454108641362,0.7001574800056372,0,0,-0.1817146022682909,0.014430876730629306,0.062138023878925086
2014-11-21,107.5199966430664,108.86499786376952,106.8499984741211,107.6750030517578,2580800.0,0.4763155362219074,0.4678872927751724,0.8463262577031126,0.45825858682653753,0.43011840285609754,0.7312843967938278,0.36484624609040694,0.7064940000952639,0,-1,-0.2044577963829223,0.012649310613575956,0.04175681712543247
2014-11-24,107.8000030517578,108.2699966430664,107.2249984741211,107.78500366210938,2368000.0,0.4802025901592583,0.4689807435485195,0.8494667646779946,0.45899763077531885,0.4306520503851218,0.7223953614740561,0.3933541645148013,0.7123080420869857,0,-1,-0.20450432921628273,0.009890826856998474,0.06631064952202828
2014-11-25,107.58999633789062,108.72000122070312,107.58999633789062,107.6999969482422,1364000.0,0.4835887426973809,0.4700066285129353,0.8431991232453889,0.4594220949975908,0.41730518113315684,0.7135052390736525,0.421852280073731,0.7089590753316188,0,-1,-0.2023472358637662,0.011829117990066968,0.054692249127169267
2014-11-26,107.5749969482422,108.56500244140624,107.2750015258789,108.4749984741211,909200.0,0.4878023959046827,0.4710490603992936,0.867485489846857,0.4597090646787364,0.44834463789919854,0.6933960130529029,0.44350096180879983,0.7111913924679675,0,-1,-0.20236767675508321,0.01197772471755274,0.05153206322210932
2014-11-28,109.1500015258789,109.7699966430664,108.23999786376952,109.41000366210938,1286400.0,0.4922817305585215,0.47212872259702243,0.8953364847365813,0.46012204373899845,0.4537729662694597,0.6992235120338623,0.46942000307065923,0.7143498314959028,0,0,-0.15971426431289543,0.005715557740573855,0.040055324100693374
2014-12-01,108.7300033569336,110.38999938964844,108.3949966430664,109.93499755859376,3195800.0,0.4950197584598878,0.4733049058760803,0.9104542680226878,0.4611565682135187,0.4179944583792587,0.6857319052590043,0.49626010634613615,0.7221963329305079,0,0,-0.14025226859595982,0.01517225095651587,0.04346035183494568
2014-12-02,110.6050033569336,111.12000274658205,108.9749984741211,109.56500244140624,1815200.0,0.49819438475283223,0.4746458661579802,0.878467548799683,0.46173913999002514,0.43188255460069214,0.6736887935455135,0.524324632207943,0.717739555471313,0,0,-0.13840000277596567,0.004684580898580222,0.022695185087512317
2014-12-03,109.8000030517578,111.81500244140624,109.56500244140624,111.62999725341795,1591600.0,0.5023894233200445,0.4763680852371306,0.9381540476898979,0.46226914343885983,0.4553236897299555,0.6843320518222267,0.5532399981062195,0.7216473380870329,0,0,-0.13152013271587906,0.018390903525293396,0.04919453538579466
2014-12-04,111.55500030517578,112.58499908447266,111.2300033569336,111.8550033569336,2052800.0,0.5055132821780051,0.4779655170231346,0.9440350095357505,0.4629546681104154,0.41896080453913,0.686734423384131,0.5830951619527145,0.7266874839487755,0,0,-0.14480875493376755,0.00922689962052595,0.022619381779135358
2014-12-05,111.9499969482422,112.7249984741211,111.2249984741211,111.4250030517578,1527800.0,0.5083494623472424,0.4797194507730078,0.9052300324963959,0.4634603094209805,0.3827972233511092,0.6662790852605102,0.6113616604370932,0.7229363465522584,0,0,-0.14804878692596501,0.006928626370032215,0.01846142219330801
2014-12-08,111.1999969482422,111.9749984741211,110.83499908447266,111.41999816894533,1805200.0,0.5110468783663327,0.4814009931858839,0.9047601160081787,0.46405703718807356,0.3667020643678209,0.6446509397083033,0.6303276280699609,0.7185041216352582,0,0,-0.14188913731732092,0.013686349419892021,0.04016159731615103
2014-12-09,110.50499725341795,112.8949966430664,110.50499725341795,112.84500122070312,1781200.0,0.5143331899176751,0.48320939217765,0.9483851797203505,0.464660361842388,0.3890475885947049,0.6505950683113096,0.6521640152132745,0.7228774204509909,0,0,-0.13565785417489198,0.0214503628515997,0.0305151820297423
2014-12-10,112.80500030517578,112.80500030517578,110.23999786376952,110.4250030517578,1528000.0,0.5169713794144,0.4848716303742603,0.7477422589686304,0.46515516162898096,0.3818940676528507,0.6214713384865765,0.6673919193605732,0.7191257920036298,0,0,-0.1543267378008792,0.0007975217060311733,0.009792222473128602
2014-12-11,110.43000030517578,112.15499877929688,110.23500061035156,111.3000030517578,1498800.0,0.5201358527367754,0.48703853864410795,0.7817152279785863,0.46564787923729745,0.39409475136601185,0.6171902875234605,0.6814322263894673,0.7228057270277821,0,0,-0.13620104595766122,0.02232280977828224,0.02309262378342511
2014-12-12,110.81999969482422,111.20500183105467,109.87999725341795,109.91000366210938,2742000.0,0.5226048191716468,0.48901378287245856,0.6848513586909046,0.4665251724933096,0.35850197357953356,0.585075938827056,0.6871198749584309,0.7160734199579758,0,0,-0.1261904562789093,0.018643278448763855,0.0004492637051822345
2014-12-15,110.51000213623048,111.23500061035156,108.11499786376952,109.05500030517578,2577400.0,0.5250094800167291,0.49082425009796726,0.6304291638112666,0.4673351439778698,0.35978196546264296,0.5505934179450421,0.6609002289585292,0.7097452477326954,0,0,-0.10804294062719438,0.021699521675642812,0.02133564864497891
2014-12-16,108.1449966430664,110.66500091552734,108.0199966430664,108.33000183105467,1945000.0,0.5269267776173885,0.49257473644093597,0.5861837116265503,0.4679370184130506,0.3370997363958817,0.5216310161923616,0.6350490764243989,0.7049697782758124,0,0,-0.08720365393813653,0.04355600372938208,0.030214165229647406
2014-12-17,108.54499816894533,111.5199966430664,108.34500122070312,111.12999725341795,1943000.0,0.5292552860189255,0.4950456866429709,0.7115855974554814,0.4685700213572167,0.33544367656570706,0.5693980301093773,0.6189013979424925,0.7097403372242564,0,0,-0.08049479436271352,0.04015506693062824,0.030647093498640143
2014-12-18,112.21499633789062,113.5500030517578,111.45500183105467,113.50499725341795,1510200.0,0.5320220815309502,0.4976297048482775,0.7924431062295348,0.46908289110693235,0.32885430863259346,0.6844811864637508,0.6189814827353818,0.7134482621465108,0,0,-0.09637361062872941,0.012013018508610765,0.011113116538060496
2014-12-19,114.04000091552734,114.8000030517578,113.50499725341795,113.9499969482422,2125800.0,0.5346010393410316,0.5005163868646102,0.8060813058570565,0.46980959509224995,0.30532949821415756,0.7338282955584557,0.626385839613402,0.7186676415662754,0,0,-0.11043569856332405,0.006695759258366651,-0.0027752297170049434
2014-12-22,114.31999969482422,115.01499938964844,113.66500091552734,114.8000030517578,1643600.0,0.5370124679724471,0.5036912550557701,0.831899646298543,0.4703790918603322,0.3251795103921149,0.726874773999473,0.634451199556108,0.722703097401408,0,0,-0.11246163040466803,0.006099163786199117,0.007591030161786143
2014-12-23,115.08999633789062,116.08000183105467,115.0,115.53500366210938,1018800.0,0.5396354254311795,0.5074473211246501,0.8535701574792532,0.47073625419091136,0.3229362967303762,0.7513321471415297,0.6475838532110157,0.7252045104002113,0,0,-0.11833622581305897,0.008623741000404873,0.0029617069533688497
2014-12-24,115.75,115.91999816894533,115.19000244140624,115.55999755859376,541600.0,0.542295612170091,0.5111385786789222,0.8543246878313197,0.4709261058603472,0.33676327641293546,0.722877906766697,0.6597784601762874,0.7265342760854802,0,0,-0.12329599078252168,0.002856293076510284,-0.020253570465398666
2014-12-26,115.69000244140624,116.3949966430664,115.29499816894533,115.79499816894533,605000.0,0.5447730376923436,0.5146609238148677,0.8618194781582468,0.4711389486668177,0.3262938190810099,0.7074412514808983,0.6736264175788625,0.7280197048882637,0,0,-0.12275013402276932,0.006100676847995854,-0.01358601356864978
2014-12-29,115.45500183105467,116.58000183105467,115.30500030517578,116.2300033569336,868600.0,0.5470812401527427,0.5181515553320913,0.8760120086048507,0.471446630597414,0.32267630451037616,0.6881513887787419,0.6874761117683575,0.7301523387033017,0,0,-0.11874433453454267,0.009715445552826218,-0.011615365447311888
2014-12-30,115.76499938964844,116.30500030517578,115.56500244140624,115.83000183105467,843200.0,0.5490763814979958,0.5212133555199795,0.8411494659780875,0.471743134608945,0.2979527134208088,0.6613397236630443,0.7003365420871743,0.7280820683454385,0,0,-0.12096702359559063,0.007011979849156716,0.00645272286276037
2014-12-31,116.125,116.83499908447266,115.51000213623048,115.5749969482422,1267200.0,0.5511104408423373,0.5239690444899368,0.8184772732422368,0.47218649647402045,0.2938733922543208,0.6481240616169666,0.715316591225675,0.7249707701985171,0,0,-0.12043509218439924,0.0061296647953803405,0.01951137097905634
2015-01-02,115.5749969482422,116.16999816894533,113.79499816894533,114.6999969482422,888600.0,0.5521494703388334,0.5262690140399027,0.7425241011607265,0.47249254148403164,0.27460243380216093,0.5995257673174595,0.6953200239541562,0.7227890312990897,0,0,-0.10006485068038423,0.010902030452094405,0.020333170370473785
2015-01-05,113.52999877929688,113.875,111.29499816894533,111.73999786376952,1931800.0,0.552110547175467,0.5283214740813158,0.540321799645862,0.4731232165172906,0.2607694472790532,0.5037254753206988,0.6419833837763035,0.7180459711979037,1,0,-0.07606799220803995,0.028814301596425902,0.040017472444714944
2015-01-06,112.3550033569336,112.6500015258789,109.90499877929688,111.46499633789062,1710600.0,0.5521240827481331,0.5302539723576485,0.5246951337343525,0.4736782022513294,0.27769981640165436,0.4694972429663138,0.5945541970484243,0.7138460133300661,0,0,-0.04926619821063589,0.040093035736415136,0.0482816963147238
2015-01-07,111.48999786376952,112.3499984741211,110.69499969482422,111.95999908447266,2366400.0,0.5523068439647916,0.5321892279283045,0.5541192989290452,0.47445187988072124,0.29274910495120204,0.48078974046055645,0.5505128093725361,0.7196561269150369,0,0,-0.03826312770620537,0.047952284540525275,0.0612748580760771
2015-01-08,113.12000274658205,115.34500122070312,112.46499633789062,114.94000244140624,2075800.0,0.5530158890071009,0.5347594575579928,0.7008316470491046,0.47516629520205,0.29006467919814166,0.5716078391024877,0.5218169014067197,0.7247527436238275,0,0,-0.052206156381737256,0.03318146095274335,0.04577527725891852
2015-01-09,115.11499786376952,115.38500213623048,112.875,113.48500061035156,1600200.0,0.5540515333193612,0.5369367069965542,0.6136952165854601,0.47570253148511277,0.29613092211953934,0.555151824774569,0.49549362591695656,0.7208238458218201,0,0,-0.06820946729914383,0.014964339517740625,0.028449662458707
2015-01-12,113.5,114.0250015258789,112.41500091552734,113.125,1446800.0,0.5546691964622716,0.5392945891953174,0.5932068699431241,0.47618378223419844,0.29194629377249764,0.5236310589063914,0.46564877309220454,0.7172715840170807,0,0,-0.0482883493630059,0.029387135449937634,0.03819887263654152
2015-01-13,113.70500183105467,115.12000274658205,112.23500061035156,113.49500274658205,1656400.0,0.5558825255059059,0.5416828068916416,0.6117069173144886,0.47673782148366184,0.32205758173818366,0.5345669560993023,0.44738298771233587,0.7213384671062226,0,0,-0.050254189507078606,0.027668484008114766,0.037259636136049976
2015-01-14,112.16000366210938,113.5199966430664,111.26499938964844,113.48500061035156,2555800.0,0.5573818419372154,0.543287821500035,0.6110663642713254,0.4775913529749761,0.3658297462417423,0.48502518449943466,0.4189888804838847,0.7150633283720829,0,0,-0.03647743881981312,0.041191200574723724,0.04872460148438914
2015-01-15,114.55500030517578,116.98999786376952,112.38500213623048,113.0999984741211,3105000.0,0.5589962288111587,0.5450686433405644,0.5853601894667028,0.47861927774666657,0.35768095569495933,0.543084294620235,0.41776956938632204,0.7074397640206064,0,0,-0.05758473478400178,0.021456558536350107,0.03784639508169103
2015-01-16,113.03500366210938,115.4499969482422,112.52999877929688,115.19000244140624,1886400.0,0.5603703218292653,0.5472686444022963,0.6934679492380814,0.4792660758202635,0.358741344495155,0.5472374533315713,0.4166373519385852,0.712071355580228,0,0,-0.04434135355174629,0.03496900313897972,0.03744467761355504
2015-01-20,115.54499816894533,116.0,113.08000183105467,114.08000183105467,2082000.0,0.5605649298996804,0.5488481500931957,0.6199654723048926,0.4799653416316899,0.33246811764095235,0.5424089778344771,0.41900435272374104,0.7069595162952766,0,0,-0.06532686315122414,0.012544488794148772,0.018447781534520976
2015-01-21,113.73500061035156,114.80999755859376,113.1050033569336,114.01499938964844,1469000.0,0.560586929724006,0.5503607800877451,0.6157268506116839,0.48045758150312123,0.34201963781863054,0.5133767799969865,0.4212022820242429,0.7033527478468647,0,0,-0.0500964575346757,0.02853258416175695,0.03497543653337653
2015-01-22,114.3550033569336,115.9800033569336,113.15499877929688,115.6750030517578,1175400.0,0.5608830700822498,0.5520464600201076,0.6980497544842577,0.4808626229229701,0.3395377833408175,0.5796125630444485,0.43060122652800903,0.7062386536564382,0,0,-0.05556292371863443,0.023110946111842525,0.01429634050031805
2015-01-23,115.5,115.5,113.88500213623048,113.90499877929688,952200.0,0.5603314012480378,0.5535315118114197,0.5854551577209991,0.48118056692447475,0.3280447565062924,0.5487243040323755,0.43932881785293476,0.703900760588652,0,0,-0.06466395642614965,0.012880897553145775,0.0055759379818456365
2015-01-26,113.5500030517578,114.0749969482422,112.6050033569336,113.91000366210938,1002200.0,0.5597729672096319,0.5550868877579872,0.5857187743026483,0.4815150202570372,0.33766999325423336,0.4888461598061803,0.4296224632779284,0.706361416367412,0,0,-0.04854928640494849,0.030200560544994842,0.0025020502679348453
2015-01-27,113.0,114.01499938964844,112.12999725341795,112.9800033569336,1246400.0,0.55882024312725,0.5566077917395085,0.5297785464528292,0.4819238196154373,0.3368282679672012,0.4603135074843354,0.41447938393162764,0.7033011875082558,0,0,-0.04371875337398593,0.035027633530809336,-0.0035993648400325456
2015-01-28,113.06500244140624,113.8550033569336,110.62000274658205,110.87000274658205,1411200.0,0.5570061716976071,0.5577460566986162,0.42119477901261504,0.4823687030277525,0.31701275096598425,0.38182922586112195,0.38267139772172787,0.6998363327537296,0,0,-0.044653971043011276,0.034740620514616086,0.015799220921206607
2015-01-29,111.0,113.03500366210938,110.15499877929688,112.8550033569336,1528800.0,0.5559992949960053,0.5592497246976144,0.5327278544513128,0.4828680839385767,0.33673044444851,0.41283794111918765,0.34815049910393603,0.7035899254044663,0,0,-0.026878355579597592,0.05402721850256453,0.02665285251060185
2015-01-30,111.37000274658205,113.02999877929688,111.37000274658205,111.44000244140624,2708400.0,0.5545998221336153,0.5604596908811379,0.4655028928511893,0.4837289747058181,0.32001213661620953,0.4206401141743554,0.31609537895884376,0.6969401148764344,0,0,-0.026804319134274963,0.049798369146406035,0.03251958761046655
2015-02-02,110.625,112.12000274658205,109.94000244140624,111.86499786376952,1589600.0,0.5536403276827613,0.5615097066418865,0.488741136344381,0.4842375076686739,0.3378808527734487,0.3880925073481059,0.29595478496824856,0.7008429869837153,0,0,-0.006460886619970173,0.057115916406374395,0.02696515782111495
2015-02-03,113.21499633789062,113.875,111.91999816894533,113.4499969482422,1328000.0,0.5542190702444445,0.5626293553933082,0.5701865588591788,0.48467433025171613,0.363087837372452,0.5215641829447222,0.2710680875753132,0.7041035645871808,0,0,-0.029589215767247438,0.03374604744976738,0.014347681469481502
2015-02-04,113.3000030517578,114.47000122070312,112.50499725341795,113.7249984741211,1100000.0,0.554983959207022,0.5636490356564958,0.5835972122756156,0.48503764712316666,0.3634906767743326,0.5537307688070648,0.2535129610875504,0.7068043442286057,0,0,-0.029925115590878168,0.03252529670578269,-0.0018951429975201362
2015-02-05,114.4800033569336,115.61499786376952,113.91500091552734,115.18499755859376,1352800.0,0.5560754474395506,0.5646845727290445,0.6515717813222749,0.4854957139069004,0.35620521744056,0.6625114266114458,0.24719289378472312,0.7101258121367144,0,0,-0.040228662466658925,0.02207073678182629,0.00043961682157910123
2015-02-06,115.08999633789062,116.0,114.55500030517578,115.43000030517578,1146000.0,0.5562412853171683,0.5657387249572784,0.6624793117371589,0.4858850889905223,0.3405747827003421,0.6883868256421802,0.244511333823929,0.7129395334722352,0,0,-0.0450145215826061,0.01649521696532029,-0.016278161563932848
2015-02-09,115.18000030517578,115.43000030517578,113.08999633789062,113.41000366210938,1741800.0,0.5562159028907461,0.5665260655646955,0.546547201036985,0.48645567052151917,0.33503594098991873,0.5700471604817513,0.22513847839390858,0.7086629716727499,0,0,-0.04569870494613851,0.01568047781173381,-0.021095014746218905
2015-02-10,114.58999633789062,114.7249984741211,112.9499969482422,114.12000274658205,1005000.0,0.5565526577134048,0.5673044431245604,0.5818492299603115,0.4867887836140158,0.3411707274873027,0.5630588993452623,0.20562800042807752,0.7111305021633244,0,0,-0.04131026723667254,0.021162167783976008,-0.029626954170354332
2015-02-11,113.95999908447266,114.5999984741211,113.45500183105467,114.11000061035156,776000.0,0.556760801356486,0.5679525156466295,0.5812738973228394,0.48704579764737177,0.3451891558063619,0.5710857440311766,0.18751112803123435,0.7092252248890102,0,0,-0.03553277433913513,0.026550987612797013,-0.029004534515688893
2015-02-12,115.12999725341795,116.79499816894533,114.55999755859376,116.51499938964844,1624800.0,0.5577862926981771,0.5688598180191271,0.6925481536816388,0.48760644231363515,0.32945014364005515,0.7112104969226386,0.1910115902989559,0.7132145219448166,0,0,-0.04578913720246786,0.016300066605931043,-0.03198662586067193
2015-02-13,116.84500122070312,118.4250030517578,116.5500030517578,118.38500213623048,1251200.0,0.5595749817013977,0.5700759889038788,0.7618925699993181,0.48805149095331835,0.3711942098142113,0.8042854561404529,0.20604168377425294,0.7162865360242264,0,0,-0.059563167641597414,0.013560501560583157,-0.039479882403275865
2015-02-17,117.1500015258789,118.48999786376952,116.75499725341795,117.9250030517578,1739200.0,0.5605006320563086,0.570943993783264,0.7326414164134807,0.48866482505886155,0.3593910311061022,0.7531484792459284,0.22043984911429407,0.7120163578857118,0,0,-0.06119865367949995,0.011318970424552783,-0.036997971058633325
2015-02-18,117.1500015258789,118.19000244140624,116.61499786376952,118.12000274658205,1144000.0,0.5618679547059433,0.5718078611431628,0.740125920728494,0.4890691868006546,0.38062535519428664,0.7105772701014795,0.23186825367554734,0.7148251687127937,0,0,-0.061437375951579734,0.011363123198754385,-0.0417214165072856
2015-02-19,117.23999786376952,118.56999969482422,117.01000213623048,117.75,948800.0,0.5631320511845614,0.5726800014380328,0.7145128561861093,0.48940226665150266,0.3787781248120184,0.688059830788418,0.24538981557260056,0.7124956235093537,0,0,-0.06180151754673504,0.011259751101666708,-0.04613949222414725
2015-02-20,117.31500244140624,118.5999984741211,116.0500030517578,118.31999969482422,1347400.0,0.5640272400456265,0.5736314278837094,0.7389255551812484,0.48987941845001337,0.38040236914656234,0.6628535378578092,0.24420410176241417,0.7158038330446772,0,0,-0.06263269639065817,0.010912917475285418,-0.044203837206409115
2015-02-23,117.6050033569336,118.5500030517578,117.41000366210938,118.24500274658205,1347600.0,0.565496097565229,0.5743760225391086,0.7332029003282383,0.49035562942275746,0.39984684544192434,0.6595171213468853,0.24310308179581244,0.7124951324585098,0,0,-0.06478195516647432,0.008409356995891076,-0.043568343661151074
2015-02-24,118.4250030517578,118.5999984741211,117.75499725341795,118.38500213623048,994800.0,0.5670106434523918,0.575473609779941,0.7398099902275288,0.4907077148715374,0.3962378039724496,0.6499747876768849,0.2425711496984634,0.7149376193560457,0,0,-0.07175779452207613,0.0014799392642269936,-0.04532961635460317
2015-02-25,118.0,118.70500183105467,117.58499908447266,117.83499908447266,1086200.0,0.5686537979369934,0.5763747063992095,0.6939838635982075,0.49108839392800563,0.3902490296459685,0.6305982601794362,0.2393496329841404,0.7122707222228496,0,0,-0.06808292784688041,0.005955161704042533,-0.03235208651385868
2015-02-26,117.62000274658205,118.40499877929688,117.33000183105467,117.91999816894533,967600.0,0.5710398415598474,0.5774791874018508,0.6986885922792486,0.49142776097041885,0.4063483098002947,0.6159607131982777,0.23215589844385678,0.7146464262056157,0,0,-0.06517588462550274,0.009207782856558789,-0.024356114642345095
2015-02-27,117.93499755859376,118.4800033569336,117.0500030517578,117.69000244140624,1394800.0,0.5726762282581161,0.5786698493691086,0.6780663785190263,0.4919147083987251,0.3877931450455981,0.603394805374207,0.2208063712103632,0.711221837620289,0,0,-0.0678001631727725,0.006529887079524163,-0.02662821776124627
2015-03-02,117.69000244140624,118.875,117.69000244140624,118.8499984741211,1454800.0,0.5751841126920758,0.5801204291953743,0.7446367882582823,0.49243198853327075,0.4362237436655987,0.623942436717952,0.2153738874656387,0.7147937414587844,0,0,-0.06585096303195724,0.010068803925666782,-0.03152348549163912
2015-03-03,118.44499969482422,118.48999786376952,116.91500091552734,117.2699966430664,1237600.0,0.5770134135775722,0.5809670605727502,0.6121511568068648,0.4928602355623498,0.41249956832371665,0.5802847716332586,0.1973061342176207,0.7117551188367595,0,0,-0.07156076872201136,0.003618008503966547,-0.040471162140074284
2015-03-04,116.55999755859376,118.9499969482422,116.1050033569336,117.66999816894533,1687000.0,0.5784416566327597,0.5815413636366608,0.636656402420726,0.49344737045300013,0.4052274567692524,0.5755487233240217,0.1781823535364874,0.7158971327050173,0,0,-0.05645088519390638,0.0203803143008766,-0.027159526304822122
2015-03-05,117.91500091552734,118.13500213623048,117.05999755859376,117.7249984741211,974400.0,0.5797954411275894,0.5820618905192594,0.6401347000476534,0.4937865144138368,0.40479273036378316,0.5738990548186419,0.16042455718972073,0.7182895324164759,0,0,-0.06777427210180595,0.008795751243480575,-0.039177366211332214
2015-03-06,116.68499755859376,117.38500213623048,115.8249969482422,115.98500061035156,1090000.0,0.5800661990594109,0.5822252872969383,0.5084645246511622,0.49415457780287075,0.385601925452187,0.493008365856789,0.1605979770469211,0.7156133053172458,0,0,-0.05729450163187089,0.019239748728018383,-0.024166500382911807
2015-03-09,116.22000122070312,116.86000061035156,115.76000213623048,116.1449966430664,1418600.0,0.580308186798435,0.5823093979238103,0.5201686816870718,0.49463453253561107,0.3772561244057717,0.4780478900584223,0.16156387323080387,0.719096328952996,0,0,-0.05414492172478727,0.02353748944409133,-0.02323576049180701
2015-03-10,114.96499633789062,115.05999755859376,113.81999969482422,113.83499908447266,1606800.0,0.5804520248517273,0.5820715415753914,0.3810180243995288,0.49515600126082215,0.3734735053330473,0.3371104148111672,0.18291750211367938,0.7151512264731402,0,0,-0.04326483311138285,0.03431056632252675,-0.015196516773534126
2015-03-11,113.91000366210938,114.0749969482422,112.50499725341795,112.58999633789062,1594200.0,0.5799342001134582,0.5816296107310183,0.32203083751026385,0.49566128490563754,0.3516989752033915,0.2724528313651253,0.21311147772411085,0.7112370601964497,0,0,-0.03487504943674793,0.044274549362387554,-0.008521115900245565
2015-03-12,112.69499969482422,114.91500091552734,112.55500030517578,114.8499984741211,986400.0,0.5801846495220027,0.5814393248106824,0.4786167386918312,0.4959866405129626,0.3619547179366129,0.3404779584909717,0.22677478553114264,0.7136589229585419,0,0,-0.024469289839481292,0.05555553296801156,-0.009237063232564877
2015-03-13,114.3550033569336,114.74500274658205,113.16999816894533,113.95500183105467,1181600.0,0.5793182282715961,0.5811807850728354,0.433765811017947,0.49636995296897213,0.34668253360775736,0.35743111527115456,0.23946214278052927,0.7107577945728079,0,0,-0.038441453845749776,0.04000865174015643,-0.03421854904126389
2015-03-16,114.37000274658205,115.125,114.01499938964844,115.04000091552734,1091200.0,0.5781861255746525,0.581107015614677,0.5002562141318105,0.4967305652942665,0.3432599386183138,0.42066062080030525,0.24460108008606637,0.7134369679771012,0,0,-0.03887499656876456,0.04019125205623076,-0.03501386888729571
2015-03-17,114.23500061035156,114.7699966430664,113.06500244140624,113.62999725341795,1116200.0,0.5767324975109036,0.580959475646359,0.42999111147182645,0.49709002351716036,0.3309702096353437,0.3947869308322546,0.2584213688473289,0.7106964132173209,0,0,-0.02012345638893134,0.040985711929477565,-0.027381793296332804
2015-03-18,112.95500183105467,116.08000183105467,111.5,114.81999969482422,2110200.0,0.5756156242698136,0.5813841705082091,0.5003093880618997,0.4977834676962706,0.32980509130249513,0.4247255641906097,0.2835421650431842,0.7158774906712615,0,0,-0.012804733487845854,0.05275891280554617,-0.019141099219663803
2015-03-19,114.08499908447266,114.48500061035156,112.9250030517578,113.08499908447266,1015800.0,0.5740367727928617,0.5816075492204291,0.4187534148699634,0.49810669911016936,0.3203177839041906,0.41228254672617126,0.30686861865362125,0.7133834434351166,0,0,-0.022513491476600145,0.04237064863873925,-0.015763782994290845
2015-03-20,113.66999816894533,115.125,112.88999938964844,114.52999877929688,1555000.0,0.572754061674154,0.5819619209790245,0.49938450249395616,0.4986141397091596,0.3162611240288433,0.4520635682449112,0.3168001944001644,0.7172013637464036,0,0,-0.01918908950358989,0.04669053209570972,-0.010213545462684435
2015-03-23,114.36499786376952,114.91000366210938,113.20999908447266,113.21499633789062,1290200.0,0.5710516755029089,0.5817240635786046,0.43984956764401517,0.4990249340492766,0.2923905086257178,0.44415254172950464,0.32602237187909733,0.7140335947524342,0,0,-0.025015261453817557,0.040033171512628155,-0.03121450263115179
2015-03-24,113.19499969482422,113.93499755859376,112.74500274658205,112.74500274658205,1172800.0,0.5691428395717701,0.581622026856628,0.41949831488820033,0.4993948531189297,0.27161760750826447,0.42663570528650374,0.3388977723887179,0.7111540726038315,0,0,-0.01497151216403775,0.05083246424565673,-0.019167055947861746
2015-03-25,112.8949966430664,113.51499938964844,111.13999938964844,111.2300033569336,1306800.0,0.5669074043706805,0.5813607298244579,0.35771682071791244,0.4997952262996149,0.2640347501503409,0.3876340639036995,0.3635341254710529,0.7079455463898187,0,0,-0.01556607575204634,0.05370526548999847,-0.003902565978917161
2015-03-26,110.29499816894533,111.25,110.0250015258789,110.6500015258789,1125200.0,0.5644469021874687,0.5809684386939113,0.33561452695801797,0.5001359070728416,0.26314023799697545,0.344124548718332,0.3934673934407985,0.705182894342063,0,0,-0.002427372425765463,0.07781172811371097,0.03802933767213538
2015-03-27,111.01000213623048,112.0,110.46499633789062,111.4800033569336,1222800.0,0.5623451520691023,0.5806919739129608,0.38907973128305995,0.5005117383815035,0.2699000729205536,0.38171340695274114,0.4073636154131508,0.7081851792016397,0,0,-0.008901948457011128,0.07175774697259907,0.023994566133611013
2015-03-30,112.1500015258789,113.0250015258789,111.5749969482422,112.24500274658205,1265200.0,0.5601097168680127,0.5805740803816232,0.43652229059987757,0.5009058947480186,0.25127767394733114,0.4283063757337861,0.4031674535303682,0.7112915668401222,1,0,-0.019061714531854054,0.060997445439531055,0.000852181717280425
2015-03-31,111.46499633789062,113.1999969482422,111.08000183105467,112.7699966430664,1837000.0,0.5585867093113293,0.5802403909604548,0.4684858360651176,0.501483196918301,0.2734274908945856,0.43811122246987577,0.40354129357311164,0.7158018688413016,0,0,-0.012829032712154019,0.06668448863822136,0.011002722438698355
2015-04-01,112.6750030517578,112.9800033569336,111.1750030517578,112.2300033569336,1623600.0,0.5567455641542156,0.5799852986295126,0.4411980022942933,0.5019877925106079,0.27474476990083924,0.4345112967584443,0.40388843075565906,0.7118155180905585,0,0,-0.023499171807786212,0.05564417915472393,0.015296608366327982
2015-04-02,111.70999908447266,112.63500213623048,111.46499633789062,111.79000091552734,1421000.0,0.5547368872362965,0.5796784983510013,0.4189877810408661,0.502425372600399,0.26395831378094353,0.43415797142353785,0.40421077242516734,0.7083266018446815,0,0,-0.015013788721317457,0.06451035950470063,0.03688852593616774
2015-04-06,111.33000183105467,112.48500061035156,111.0,112.11000061035156,1100600.0,0.5534254085069301,0.5791869277928013,0.44142792887111115,0.5027660495487744,0.2816024602681295,0.43690543354335304,0.4090220717575628,0.7110288546386381,0,0,-0.01167367648705785,0.06816347665070223,0.036988947785772955
2015-04-07,112.0199966430664,113.16500091552734,111.70500183105467,112.4499969482422,1187400.0,0.552174850183117,0.578986300703752,0.4657226303505413,0.5031356560437504,0.28722879463996526,0.4871076399042697,0.4004936669987037,0.7139442234988452,0,0,-0.017794979094873844,0.06181429192264157,0.02653649172526135
2015-04-08,112.16000366210938,113.33000183105467,112.16000366210938,113.06500244140624,1620000.0,0.5519142478040033,0.5788697852935755,0.5092545182804571,0.5036452175919098,0.3179131677473472,0.5250452324563822,0.3895056685639138,0.7179217353343982,0,0,-0.01898623560846475,0.06038233410764861,0.020497934533890455
2015-04-09,113.18499755859376,114.26000213623048,112.70999908447266,114.16999816894533,1177200.0,0.5524489932991745,0.579033871131835,0.5816069573407908,0.5040226754215688,0.34869740404338073,0.5926930462022554,0.3630205229240767,0.7208120606015667,0,0,-0.027948489492603736,0.05098836302273144,0.01264759451906281
2015-04-10,114.5,114.9499969482422,113.51499938964844,114.75,1408600.0,0.5524151492032314,0.5795688756506326,0.6168505429655016,0.5044786680145946,0.34974646243174595,0.6459940436583599,0.3277464294611777,0.7242705316951222,0,0,-0.039195923148734095,0.03897693807139447,0.0008321031989730354
2015-04-13,114.6750030517578,115.375,114.20999908447266,114.79499816894533,1344600.0,0.552699442707719,0.5798363773840309,0.6196365158744318,0.5049139056491027,0.3498654533262402,0.6678748334283595,0.3000701264303235,0.7275718665186311,0,0,-0.040522889114413,0.037254848771105915,-0.01145971626497809
2015-04-14,114.70500183105467,114.86000061035156,113.45999908447266,113.9800033569336,1281200.0,0.5523406906428736,0.5801866126751408,0.5571012156875272,0.5053222499201927,0.33419211460491655,0.61973533976501,0.27428873993784575,0.724426194812637,0,0,-0.040768329455331744,0.036978920553142156,-0.0011760280359233953
2015-04-15,114.37000274658205,114.54499816894533,113.26000213623048,113.63500213623048,1849800.0,0.5523423845260611,0.5804306747767889,0.5316010225911977,0.5059075471024929,0.32926938098373615,0.5970575031970418,0.25321190028169627,0.7198844655574482,0,0,-0.03812073252091921,0.04018243610081055,0.004737681168830044
2015-04-16,116.51499938964844,116.55500030517578,113.28500366210938,113.375,2492600.0,0.5518533299805894,0.5804203336080752,0.5121116434799224,0.5066914009224196,0.2879515618051366,0.6413998493315045,0.24424307925980857,0.7137644988899795,0,0,-0.05711266547950644,0.014256194976261955,-0.018216215566596416
2015-04-17,112.56500244140624,114.00499725341795,112.1750030517578,113.30500030517578,2211800.0,0.5519277885409473,0.5803624209592778,0.5066498886396165,0.5073850091179494,0.3045454557894972,0.5456532994232072,0.22022789027610454,0.70833396760734,0,0,-0.022403536189877216,0.04251377900616756,0.017199532068288437
2015-04-20,114.0199966430664,114.47000122070312,112.73500061035156,113.83999633789062,1912000.0,0.5516942598893047,0.5801769616190088,0.5521345750589406,0.5079896901800053,0.30199965345222113,0.5905840283467173,0.20360931307894567,0.7130284136749803,0,0,-0.03525877151429661,0.025065124748562616,0.0009267318887143341
2015-04-21,114.1050033569336,114.13999938964844,112.78500366210938,113.5250015258789,1181400.0,0.5517991799435085,0.5799142854136765,0.5248214146142127,0.5083608048234488,0.3193993938676493,0.5762990644413313,0.18817777711015524,0.71012777634009,0,0,-0.03583979236036478,0.02152140747589543,0.007817985051640618
2015-04-22,113.58000183105467,114.1999969482422,112.74500274658205,113.1999969482422,872200.0,0.5519531709673697,0.5798853280372769,0.49666795856676116,0.5086329806268476,0.3299784592841676,0.5664055081651449,0.1746526022958669,0.707986303609862,0,0,-0.031314690661910075,0.02620566777480231,0.0070909517230202685
2015-04-23,113.04000091552734,113.43000030517578,112.68499755859376,112.94000244140624,854600.0,0.5525319135290527,0.5797226203201785,0.4740779682825027,0.5088982400652787,0.34170904193215124,0.5324398668177293,0.16109208752599594,0.7058880433538969,0,0,-0.02663427094460938,0.031051232194428246,0.011263264666533991
2015-04-24,112.93499755859376,113.40499877929688,111.25,111.65499877929688,1729600.0,0.5528720509538088,0.5793841053709442,0.374492990674961,0.509421884799737,0.32792452235128317,0.4394512318506322,0.1523033283064811,0.7016414356558892,0,0,-0.02576585771037659,0.032052440838754984,0.009872547096344395
2015-04-27,111.7300033569336,111.9800033569336,110.19000244140624,110.4250030517578,2169400.0,0.5525149901900117,0.5785443688073779,0.29807315965292824,0.5100625503352744,0.3029913576181433,0.3301600314322689,0.15678987493655697,0.6963150071521554,0,0,-0.015270268682057697,0.04321344320445097,0.02592805225665542
2015-04-28,110.26499938964844,110.66999816894533,109.3000030517578,110.37999725341795,1957200.0,0.5518837863101573,0.5774405758133164,0.2954658053401823,0.5106392805868746,0.31830268849950705,0.3025118061718074,0.17013313674461025,0.6915095835937949,0,0,-0.008738929691840999,0.05696174545341991,0.051392373963511165
2015-04-29,109.8499984741211,111.16500091552734,109.56500244140624,111.08499908447266,1753400.0,0.551313505417995,0.5764974223026106,0.37384545612348086,0.511162427981965,0.324382545553938,0.3654044691607691,0.17414272190704802,0.695814626342226,0,0,-0.004982745389099606,0.060744718226988945,0.06473096983375495
2015-04-30,110.23999786376952,111.58499908447266,110.01000213623048,110.77999877929688,2217800.0,0.5508227569893358,0.5754853248618123,0.35295164769498766,0.51181942063433,0.32033597105774814,0.3942303009158865,0.17095156721807706,0.6903693635342697,0,0,-0.008461941934184255,0.05684838181079815,0.057478527153563906
2015-05-01,110.86499786376952,112.40499877929688,110.58000183105467,112.2750015258789,1515600.0,0.550986903565905,0.5747303890376995,0.5004516023993674,0.5122808306756333,0.3444829366033054,0.4614167178183632,0.15535539920421357,0.6940905468293092,0,0,-0.01412705207850384,0.051363084528844034,0.041207821734146784
2015-05-04,112.44000244140624,113.0,112.28500366210938,112.51499938964844,1090800.0,0.5511239738328642,0.5739299499672456,0.5213563112652011,0.5126141359404094,0.3328075380441311,0.5156162733674613,0.13625052116744832,0.6967687381319149,0,0,-0.027967039385207053,0.036651060412776354,0.03170783798896854
2015-05-05,113.25,113.48999786376952,110.70500183105467,110.79000091552734,1420800.0,0.5505621546102222,0.5729019957170862,0.3958403865714437,0.5130339099645883,0.31582210503807934,0.45553390626444584,0.13428751745852177,0.6932803129368817,0,0,-0.03510640332106341,0.029373864134596854,0.030395931098053865
2015-05-06,111.33000183105467,111.4000015258789,110.33000183105467,111.0250015258789,1411400.0,0.5498717242080025,0.5718871409819645,0.4176043254553894,0.5134524261075167,0.31001985407481675,0.42107181513818026,0.13652074840718234,0.6967456587422518,0,0,-0.018322942165553933,0.047161281983425084,0.05848899425932681
2015-05-07,110.75,112.87999725341795,110.33999633789062,112.45500183105467,2165000.0,0.5492912903452709,0.5711453046728895,0.5375576862590382,0.5141113591327041,0.31502137845761363,0.4869127455768999,0.11824145422331486,0.7020612841274197,0,0,-0.013060093927620624,0.0522855233091142,0.05899574836061635
2015-05-08,113.88999938964844,115.26000213623048,113.4000015258789,114.5250015258789,1585200.0,0.5492151404838646,0.5706771758504419,0.6702416622243248,0.5146119864549697,0.30647424967646386,0.64411722526479,0.12288389565828725,0.7059533531161349,0,0,-0.040816293300909474,0.023698375991590605,0.03805965683702438
2015-05-11,114.26499938964844,115.08999633789062,113.6050033569336,113.66500091552734,1722000.0,0.5488326972936453,0.570122177002797,0.6053295747778581,0.5151467923872125,0.28661107914631406,0.6314255769931789,0.12719473413361873,0.7017254053501953,0,0,-0.043352947144634724,0.01999564186873098,0.03514517766646253
2015-05-12,113.25499725341795,113.66000366210938,112.20999908447266,112.24500274658205,1247600.0,0.5482454930624416,0.5692114282753956,0.5107141717235727,0.5155237897468786,0.2758841560090106,0.5456634745764399,0.11404129534692317,0.6986622301859756,0,0,-0.03479518030883928,0.029032710378547367,0.04148158121944001
2015-05-13,112.25499725341795,112.9000015258789,111.25,112.6999969482422,1544600.0,0.5479290441809208,0.5685812807964302,0.5404573957223976,0.5159941264673563,0.3001443861169731,0.5218400685250161,0.10048199150700304,0.70245461585338,0,0,-0.026326287401245915,0.038309082333634364,0.048866323454373875
2015-05-14,113.61499786376952,114.5,113.0,114.4000015258789,1527400.0,0.5482759519741487,0.5681303879565056,0.640186803685397,0.5164735697089579,0.3461462554715887,0.6459100981014517,0.09494527557494437,0.7062047711482095,0,0,-0.0382874439117633,0.026086978891015133,0.03899737703169046
2015-05-15,114.33999633789062,115.88999938964844,113.91999816894533,115.8499984741211,1263000.0,0.5491372967392707,0.5678718482186587,0.7108917549195654,0.5168801003769344,0.3547985471458345,0.7122869443824464,0.10153925156268634,0.7093057572274091,0,0,-0.04405588478067204,0.019361922532702858,0.005594466875056729
2015-05-18,115.8499984741211,115.8499984741211,114.75,115.46499633789062,1842600.0,0.5496872716902952,0.5678001459422422,0.6828580611210303,0.5174685665256179,0.35516518586580775,0.7033938006903139,0.10766222926558963,0.7047817058026005,0,0,-0.056538588766804794,0.006085471215713247,-0.00975396865171639
2015-05-19,115.44000244140624,115.95500183105467,114.69499969482422,114.99500274658205,1481600.0,0.5501847879052872,0.56764157574463,0.6484882556123377,0.517937278606342,0.34409897642484166,0.6785672538079723,0.11425944217205539,0.7011440011510232,0,0,-0.05317628358711128,0.009656587703053096,0.00918025022485467
2015-05-20,115.0,115.38999938964844,114.11499786376952,114.46499633789062,1284800.0,0.5506129220452061,0.5677284447178262,0.6101308019012337,0.5183395012609165,0.3409391362996569,0.6369531337401727,0.11279670953461376,0.6979894905298389,0,0,-0.04956734477239378,0.0135223293885438,0.007913419195395625
2015-05-21,114.16000366210938,115.11499786376952,114.12000274658205,114.61499786376952,664400.0,0.5511798177531326,0.568007667845101,0.6191824477746058,0.5185479380644812,0.3442678022577351,0.6240251044514165,0.1114384577998466,0.6996207614332595,0,0,-0.042458400085955375,0.020923397717120318,0.008212072180013325
2015-05-22,114.31999969482422,115.16000366210938,114.31999969482422,114.59500122070312,742800.0,0.552174850183117,0.5679725068194742,0.617585769499772,0.5187807821251061,0.35455878157081,0.6170135383730047,0.11066876059803077,0.6977969985990319,0,0,-0.043798776221530354,0.01950007112514251,0.006456378986710806
2015-05-26,114.20999908447266,114.58999633789062,112.875,113.36000061035156,1470800.0,0.5531681887299136,0.5678904633743439,0.5235668623812397,0.5192311836052698,0.3665728477154982,0.5582088175230352,0.09506229695747409,0.6941858106930249,0,0,-0.042846511456974455,0.02046338143656714,-0.009686291710174754
2015-05-27,113.76000213623048,114.8249969482422,113.61000061035156,114.56999969482422,1433800.0,0.5545862788145322,0.5678256559117368,0.6049247032601045,0.5196797058421622,0.3628638867346662,0.5887281657107182,0.07911791256662637,0.6977061541929113,0,0,-0.03934367555098104,0.024655947017435627,-0.009880052404302576
2015-05-28,114.1449966430664,115.06500244140624,113.6750030517578,114.91000366210938,1230800.0,0.5558808367869965,0.5680021532564544,0.6262353945872355,0.5200667766620083,0.3550899115170998,0.5946516250467181,0.06739975312800411,0.7007280810862437,0,0,-0.04228850138966601,0.021035207022159472,0.0065899003650482495
2015-05-29,114.63500213623048,115.16000366210938,114.0199966430664,114.44499969482422,1199800.0,0.557121242140241,0.567950445308885,0.5892664392154436,0.5204406408367771,0.3518900197084006,0.5888637452991671,0.05778781408458347,0.697782267073715,0,0,-0.046427629574881446,0.011487247870129946,0.016491137261109075
2015-06-01,114.08499908447266,115.12999725341795,113.63999938964844,114.51499938964844,903400.0,0.5578793607343466,0.5681476249910297,0.5942074859409837,0.5207223164881795,0.3376106166671563,0.5762432511774083,0.044272386310615,0.7000003437355907,0,0,-0.0418104420942321,0.016339750548896966,0.030800834770226528
2015-06-02,114.33499908447266,114.95500183105467,113.50499725341795,114.125,768600.0,0.5584242592000868,0.5680917805759749,0.5612614398237702,0.5209601346433271,0.341083091427588,0.555269871367874,0.03374422133398497,0.6981132353425006,0,0,-0.043968004711616805,0.014146642406815197,0.02309744825183165
2015-06-03,114.66500091552734,115.0500030517578,114.01000213623048,114.99500274658205,1114000.0,0.5598474257699897,0.5683372218507848,0.625988621752732,0.5213101167708195,0.37021909509262746,0.589713226887228,0.022417074794692987,0.700848388542998,0,0,-0.04700983889392811,0.011303403421926218,-0.02492881682981928
2015-06-04,114.46499633789062,115.125,114.12000274658205,114.38500213623048,1406600.0,0.5609846049522178,0.5685633578573283,0.5729803782748218,0.5217468076464066,0.35662900512407847,0.5705364886395661,0.011216622128303794,0.6973948279578815,0,0,-0.044914936847430476,0.012957132549904089,-0.023174861711214988
2015-06-05,113.95999908447266,114.58000183105467,113.23500061035156,114.31500244140624,1045800.0,0.5616141149488847,0.5689887417797589,0.5668901345082152,0.5220708183777637,0.3465412782257652,0.49034260289669923,0.014598925381541866,0.6948271230951524,0,0,-0.040739572021556515,0.017441121732078166,-0.027188884488961302
2015-06-08,114.20500183105467,114.28500366210938,113.6050033569336,114.0500030517578,1051000.0,0.5614533535565516,0.569457560714788,0.5430056005658666,0.5223946464479675,0.3464436510634359,0.4853415568605719,0.017739635545262922,0.6922466509104819,0,0,-0.04290774329302054,0.015308576850155667,-0.05244283443596863
2015-06-09,114.23999786376952,115.1449966430664,113.8000030517578,114.625,1070600.0,0.5617782615254538,0.5698912175721895,0.5926255613612202,0.5227277785653978,0.36927024347796006,0.5615317415753567,0.008417920556219566,0.6948752460778541,0,0,-0.043314289169899156,0.015037298740858945,-0.05392372960382928
2015-06-10,115.21499633789062,116.49500274658205,115.00499725341795,115.94000244140624,1979400.0,0.5630288198492672,0.570400713173493,0.6906039930267266,0.5233578347099442,0.3904282894620528,0.7478412230380718,0.01966316709836688,0.6997351762798871,0,0,-0.04929111360073622,0.011166904328823734,-0.08362049364861654
2015-06-11,116.40499877929688,117.4749984741211,115.4800033569336,116.99500274658205,1806200.0,0.5644824479130162,0.5709832902243754,0.755422361967188,0.5239428515924723,0.3875139142936961,0.8473894536521303,0.041631114431893324,0.7041698564511067,0,0,-0.05515781014666009,0.009228908679426459,-0.11346384769954744
2015-06-12,116.8249969482422,116.97000122070312,116.09500122070312,116.625,1160800.0,0.5652354900218375,0.571589306907008,0.7172004328024001,0.5243160468140787,0.3740311604357412,0.7608176011333655,0.06202992267016788,0.7013197973531377,0,0,-0.055515149918463305,0.0055558058944349354,-0.12338131731883288
2015-06-15,115.63999938964844,116.13999938964844,114.9499969482422,115.43000030517578,990500.0,0.5650933432695937,0.5720912186339214,0.6048892181724486,0.5246275840087652,0.35648705092387123,0.6168139066491964,0.060092595142160476,0.6988878680487456,0,0,-0.04553052568997869,0.015734182932241426,-0.07476957102424961
2015-06-16,115.22000122070312,116.19000244140624,115.0,116.0,1286900.0,0.5652744131852039,0.572627602325881,0.6446841942856545,0.5250362004372467,0.3605279214210845,0.6382630770919366,0.058984491681786794,0.7020475347037907,0,0,-0.042363331687777776,0.01953562546527046,-0.05761068620200572
2015-06-17,116.2699966430664,116.83000183105467,115.13999938964844,116.66999816894533,2525400.0,0.5658413088931304,0.5732094892641818,0.6888613776436784,0.5258466547776074,0.3958285009541377,0.6753903791549624,0.06666912127362609,0.7082480337096583,0,0,-0.051206851827687354,0.010387946819436961,-0.0668103448275862
2015-06-18,117.12000274658205,118.23999786376952,116.79000091552734,117.80999755859376,1668900.0,0.566973411590074,0.573863766487479,0.7558148362164983,0.5263922683682508,0.4115639138128518,0.7591205209271762,0.08983023675000204,0.7123456074765436,0,0,-0.05811268119567084,0.009599684021299544,-0.07491219362588851
2015-06-19,117.16000366210938,118.0199966430664,116.81999969482422,117.3000030517578,2210000.0,0.5678821411880828,0.5742953561631386,0.7061934098450602,0.5271075461075995,0.4060794064185303,0.7019194948705617,0.11133698683520826,0.7069194956514991,0,0,-0.05016555287822654,0.00916725425720341,-0.07885579414350528
2015-06-22,118.0,118.63999938964844,117.76000213623048,118.16999816894533,901000.0,0.5690920850474812,0.5747669323924911,0.7561055744556698,0.5274032927873239,0.40851763423390336,0.7238063288684595,0.13767378809779016,0.7091316797032481,0,0,-0.05754475553612399,0.005456090136383392,-0.09769819937187907
2015-06-23,118.4800033569336,118.69000244140624,117.76000213623048,118.29000091552734,1174900.0,0.5707606245406445,0.5752488508425581,0.7627977630245585,0.5277894878434405,0.4185596917139251,0.7020309916423557,0.16263775165393893,0.7120163578857118,0,0,-0.061183070736761797,0.001777093066993286,-0.10061781504002446
2015-06-24,118.27999877929688,118.48999786376952,117.9000015258789,117.97000122070312,1918300.0,0.5719113418776773,0.575799023110136,0.72867901781824,0.5284159716224496,0.38986348084240596,0.6734649104261023,0.18581857495607698,0.7073064437164888,0,0,-0.05943020310158846,0.0034660889249815,-0.11049116234395585
2015-06-25,118.0999984741211,118.55999755859376,117.6999969482422,117.73999786376952,1207800.0,0.5728691424453438,0.5763650521870749,0.7038618263109111,0.528808466911037,0.36420960960023196,0.6496332216828011,0.20247472988526724,0.7043409876702043,0,0,-0.0442909080279312,0.005001305087564917,-0.12020005220350248
2015-06-26,118.13999938964844,118.2300033569336,117.5999984741211,118.01000213623048,751300.0,0.5740757037026452,0.5770041627135926,0.7226469232509075,0.5290536061818419,0.37085885765866045,0.6342958214246778,0.21543476449240542,0.7061856201652975,0,0,-0.04471716906042651,0.004671335669584236,-0.09792762857561457
2015-06-29,117.13999938964844,117.30999755859376,114.87999725341795,114.9800033569336,996800.0,0.5742330824928814,0.5772351253002029,0.4601489590156317,0.5293616761641945,0.3574502625724659,0.5024097578026296,0.2026544769727527,0.7037382227593226,0,0,-0.03614099917331526,0.013134505751203005,-0.10787217606219161
2015-06-30,115.69000244140624,116.0,114.4000015258789,114.72000122070312,1114600.0,0.5744344583496295,0.5773564672904462,0.4431258244753933,0.5297042949222429,0.3504802860439428,0.45665280530827623,0.19695217175169058,0.7010015964062934,0,0,-0.024482539217428923,0.026091493411137496,-0.10140896957458849
2015-07-01,115.77999877929688,116.55999755859376,115.2300033569336,116.5,1256400.0,0.5749438188362392,0.5777666834640963,0.5755391465096498,0.5301027884206689,0.3523166882932514,0.5169754719413535,0.18237710391258308,0.7040863778076445,0,0,-0.025322513497085107,0.025366140438849667,-0.1068689156709837
2015-07-02,117.1500015258789,117.31999969482422,115.23999786376952,115.91000366210938,943200.0,0.5754599496913209,0.5781403604909585,0.5336501435692071,0.53039860966976,0.35643348145883236,0.5147109060856503,0.16162126178181677,0.7017705820278337,0,0,-0.03669529206763009,0.013218891978775361,-0.10686699208271849
2015-07-06,114.80999755859376,115.9800033569336,114.20999908447266,115.0999984741211,1425900.0,0.5757256285557188,0.5784381977219176,0.4792631769603496,0.5308390016167547,0.34861072465047005,0.43360054322860797,0.15216122550461866,0.6982696350362813,0,0,-0.016693965123446106,0.03347428832909988,-0.09101885160074447
2015-07-07,115.33000183105467,115.33000183105467,113.36000061035156,115.05999755859376,1640800.0,0.5760674572815232,0.5789077057175274,0.4765913151961968,0.5313449101638389,0.3594444078423931,0.39082305643513315,0.15352027753153977,0.6942410539129632,0,0,-0.021329295079066852,0.029192012640269667,-0.0934839468190759
2015-07-08,113.91000366210938,114.48999786376952,113.0199966430664,113.0999984741211,1537000.0,0.5755513264264416,0.5792765551123219,0.3598632296904395,0.531801433920882,0.339282912024309,0.3254540419785813,0.1586027075800239,0.6904673281776268,0,0,-0.007735155900639897,0.04154353277178429,-0.0991656866349131
2015-07-09,114.66000366210938,114.8499984741211,112.62999725341795,112.63999938964844,1718900.0,0.5744344531853516,0.5795881819709001,0.3363465894716908,0.5323070300741871,0.31167253242845605,0.34131402091452906,0.16766015187347674,0.6862469916997676,0,0,-0.017948774854810588,0.03563217359564317,-0.1307692406283409
2015-07-10,114.12000274658205,115.02999877929688,113.54000091552734,114.9000015258789,1364100.0,0.5737254081430423,0.5801142244941463,0.5056690478711422,0.5327251648506598,0.3140358891727568,0.4251991807493246,0.1727403117649762,0.6895962039805563,0,0,-0.013228031793659807,0.04057173046508531,-0.1501243230978161
2015-07-13,116.19000244140624,116.61000061035156,115.95999908447266,116.52999877929688,1474700.0,0.5736932553481477,0.5809070796902099,0.6006387179451105,0.5331902724287009,0.3248671675034828,0.5422247198721414,0.151903759129659,0.6932169673780192,0,0,-0.030983508622377712,0.021758050189728897,-0.20826805907209672
2015-07-14,116.5,117.88999938964844,116.45999908447266,117.61000061035156,1185100.0,0.5744310680011155,0.5816427112980569,0.6554230334145007,0.5335709025962317,0.33627582580021836,0.5946526303470758,0.1458520502438743,0.6961266891535216,0,0,-0.03321035602095624,0.018793464896142427,-0.21839867171408345
2015-07-15,117.31999969482422,117.98999786376952,116.79000091552734,116.9800033569336,1509800.0,0.5747627463384899,0.5822583811408233,0.6139056530068145,0.5340500848549369,0.3124238085421219,0.584938638062868,0.1413996543022217,0.692419746332955,0,0,-0.039877581983393584,0.011648692623690327,-0.20593487879440905
2015-07-16,117.08999633789062,118.2699966430664,111.54000091552734,111.81999969482422,5355400.0,0.5731212831549368,0.5824004054684937,0.3684768660772496,0.5355916574690657,0.22543777061604817,0.4008376985066015,0.158113796698763,0.6792708778859672,0,0,-0.04744396702938138,0.013677603501460113,-0.18721143159538423
2015-07-17,112.45999908447266,113.54000091552734,111.66000366210938,111.8000030517578,3351900.0,0.5710872238105953,0.5825072687705373,0.3677568950214257,0.5365535215616203,0.18127888675543963,0.34734122756839725,0.17363407178126553,0.6710411112677017,0,0,-0.008227492143231478,0.055714571399895524,-0.14621712143393864
2015-07-20,111.9499969482422,112.0,110.62000274658205,110.8499984741211,2146900.0,0.5689042447633992,0.58228595829206,0.33315276286087214,0.5371571596361963,0.16890932751887683,0.326785794146144,0.1949552178126119,0.6657699259839063,0,0,-0.011896191103361917,0.060286272890741774,-0.14901606062570602
2015-07-21,111.12000274658205,111.5500030517578,107.86000061035156,108.20999908447266,3796700.0,0.5655333216811298,0.5814151961183515,0.2504524902015324,0.5381668192669459,0.13121125299086583,0.2862464747692811,0.22954136453043747,0.6564480622888174,0,0,-0.029409131088004112,0.0682904808211745,-0.17834916143076388
2015-07-22,108.12000274658205,108.80999755859376,107.29000091552734,108.08999633789062,2440900.0,0.5620811696700307,0.5806464706666196,0.24704055287386725,0.5388130393861875,0.13076400105516678,0.2891233377872091,0.2642277772584005,0.6504550322644956,0,0,-0.007670287756002771,0.09768043419511412,-0.13483046013054378
2015-07-23,108.0999984741211,108.19000244140624,105.0999984741211,105.62999725341795,3033200.0,0.5579047431607691,0.579734341714055,0.18269181627255268,0.5395731797163364,0.12414245887008041,0.2848558886767618,0.30520854316101087,0.6430077551659776,0,0,-0.027754649844024086,0.09797395065294168,-0.13063184009228962
2015-07-24,105.54000091552734,105.5999984741211,102.19000244140624,103.25,3111900.0,0.5530006595512476,0.5784313018561071,0.13230889447564773,0.5403103796972925,0.12311984031177503,0.2725204216509141,0.3522303623743318,0.6353672495603867,0,0,-0.03171446143356507,0.12449116603052252,-0.11578153625804287
2015-07-27,102.69000244140624,103.20999908447266,101.61000061035156,102.38999938964844,2766000.0,0.5477141301693675,0.576775268360725,0.11599416399160647,0.5409512292239173,0.11942214206773327,0.30194492932838113,0.397439156854013,0.6285760163893129,1,0,-0.010460066160335818,0.1549636803874092,-0.06092010571939302
2015-07-28,103.01000213623048,107.19000244140624,102.63999938964844,106.91999816894533,3080800.0,0.5449862526564313,0.575543929727193,0.36268442031835413,0.5417411703483189,0.16480843170599696,0.39654459904475997,0.39779383054166084,0.6361401635886781,0,0,-0.013673225258564263,0.15313995896713514,-0.06748709545170664
2015-07-29,107.08000183105467,108.98999786376952,106.83999633789062,108.56999969482422,2653500.0,0.5429048084792027,0.5745931933940979,0.43324431015423925,0.5424446181674715,0.1933855721026498,0.45810947915916034,0.38346054851171496,0.6426551806600607,0,0,-0.05115975789730102,0.10858586615393023,-0.09764312214923429
2015-07-30,108.5,108.76000213623048,107.56999969482422,108.5199966430664,1233500.0,0.5402040072758765,0.5737003686577993,0.4316350317126334,0.5427708861951651,0.18829542033415167,0.46877329644347154,0.37015107234105094,0.6396266245803356,0,0,-0.06346135589035007,0.09385652086256768,-0.10850141671188063
2015-07-31,109.0,109.37000274658205,108.18000030517578,108.37999725341795,1362400.0,0.5376555057953629,0.5728613211548136,0.42683079071776375,0.543129902962357,0.18118221508684162,0.4823557068874119,0.35273204147885484,0.6362815862317199,0,0,-0.06809804292525844,0.08929232161034491,-0.13674895684618313
2015-08-03,107.30999755859376,108.70999908447266,107.06999969482422,107.87000274658205,1535400.0,0.5352085417669561,0.5719312682111464,0.4086537297766557,0.5435298094991731,0.18061338530792762,0.47349520376721754,0.343137476728014,0.6325117889031348,0,0,-0.05259270246071576,0.10500097039311913,-0.12022512557210796
2015-08-04,108.0,108.45999908447266,106.1999969482422,106.54000091552734,1598100.0,0.53232498192911,0.5708205814552761,0.3627071111144117,0.5439338789740294,0.15175201323939308,0.4634027260553307,0.3391683450874825,0.6285880471349884,0,0,-0.05923796446599154,0.09910078955425777,-0.11986650575649012
2015-08-05,107.69000244140624,108.08999633789062,106.26000213623048,106.58999633789062,1207700.0,0.5301216969407758,0.5698870800527032,0.3654585519073996,0.5442393077479731,0.15922356504104343,0.46733535305920965,0.3354827228498459,0.6315532576558509,0,0,-0.0570677846706172,0.10202736083892143,-0.12417874266232913
2015-08-06,106.23999786376952,106.54000091552734,104.91000366210938,105.20999908447266,1507300.0,0.5276070421383441,0.5685964495972116,0.31832221147452555,0.5446086824274013,0.16861284488013462,0.4435949605819427,0.3397961805331362,0.627852452970833,0,0,-0.043437446406704515,0.11558307644340102,-0.12243170907891539
2015-08-07,104.86000061035156,105.1500015258789,103.73999786376952,103.91999816894533,1589300.0,0.5238909025638956,0.5670810612563377,0.27802290938799923,0.5449864466360227,0.13973504163112851,0.42169922497051404,0.34994065358961046,0.623950317439818,0,0,-0.030890600021682244,0.1274593303812123,-0.10844980288373844
2015-08-10,104.72000122070312,106.61000061035156,104.4000015258789,106.61000061035156,1196600.0,0.5205335176364314,0.5660007099980283,0.42455086301013356,0.5452884112681567,0.14079671226450283,0.4622423640980218,0.34453710451461517,0.6268882746388443,0,0,-0.029926873221221166,0.13038871883287292,-0.12605849408141911
2015-08-11,105.36000061035156,105.41000366210938,103.8000030517578,104.41000366210938,1476900.0,0.5160660298363491,0.5646073537599795,0.35209583831494506,0.5456428571219812,0.12730848216951623,0.4311086212314513,0.34304944421183337,0.6232621096820985,1,0,-0.03517493648373438,0.121095544121602,-0.14463932164585383
2015-08-12,103.63999938964844,104.20999908447266,102.25,104.02999877929688,3558600.0,0.5116831509850546,0.5632153756430917,0.3403926019637482,0.5464881115020882,0.17653022302723004,0.40529047018972225,0.35022103497665236,0.6145248420166672,0,0,-0.019442569754775003,0.1401206468755946,-0.14874052518525815
2015-08-13,104.26000213623048,104.4000015258789,103.45999908447266,103.5199966430664,1230500.0,0.5088740471254274,0.5616331116058682,0.32430697560098465,0.5467764933677549,0.22449777592586245,0.4234750930119396,0.35484183356872057,0.6115036516996005,0,0,-0.02547343609511125,0.13467263934664264,-0.1530328365389553
2015-08-14,103.63999938964844,104.8000030517578,103.38999938964844,104.6999969482422,1344700.0,0.5064710775813934,0.5602976669646158,0.389175620720729,0.5471001369936027,0.2745943308610246,0.449411829975664,0.35469264127151723,0.6148052320485314,0,0,-0.01960972609278809,0.14132532580986962,-0.18479518811595
2015-08-17,104.20999908447266,105.08999633789062,103.8499984741211,104.26000213623048,1578000.0,0.5042407188655884,0.5589112044883755,0.3732755816723158,0.547475764329295,0.2858074551669888,0.4607917022031148,0.3512526212247934,0.6109308408901966,0,0,-0.024832841928413684,0.1342884237670439,-0.17440308183826583
2015-08-18,104.41999816894533,105.70999908447266,104.36000061035156,104.56999969482422,2426300.0,0.5030087751818644,0.5576040271109414,0.3911831538353787,0.5480567516572784,0.3033748476414947,0.4891421818984704,0.3409566429855322,0.616888024202914,0,0,-0.02695182717263044,0.1328409571296967,-0.1604641797885153
2015-08-19,103.77999877929688,104.08999633789062,102.1500015258789,102.5,2175200.0,0.5011168625897668,0.5559321368061982,0.3163825796105493,0.5485521008179782,0.2843847446603129,0.4042680881775442,0.3461237813623954,0.6115473552247073,0,0,-0.02075163216293591,0.13856744674435267,-0.13053458511728905
2015-08-20,101.91000366210938,102.4000015258789,99.87000274658205,99.87000274658205,2302400.0,0.4991674147763521,0.5537162789351053,0.2396383732872848,0.5490424014127834,0.28051229717491394,0.3300495592638808,0.3628525608266626,0.6058943779097831,0,0,-0.01990244795636419,0.159609687619093,-0.09024390243902439
2015-08-21,98.55999755859376,99.30999755859376,97.12000274658205,97.20999908447266,2543000.0,0.4971231998793027,0.5509881671163847,0.17785494587433168,0.5495459689443355,0.2660488220523981,0.2567588634490917,0.3895981550510572,0.5996506664296527,0,0,-0.014418692023726826,0.197356548937786,-0.03975168831002169
2015-08-24,92.02999877929688,95.9499969482422,91.0,92.26000213623048,3951100.0,0.4936947415757165,0.5476285296975374,0.09379165559626465,0.5502194893304829,0.24266152381871497,0.17253286904660142,0.4309288158555914,0.5899497114830766,0,1,-0.010595605277208531,0.26993105761648795,0.014093228674876735
2015-08-25,94.87000274658205,94.87000274658205,91.0199966430664,91.0500030517578,2960900.0,0.4883236032450488,0.5442668240449473,0.07733023302025613,0.5507035064201645,0.17226852193360304,0.2507160579528934,0.46930728660265875,0.5826799492646267,1,1,-0.04194670124619796,0.2536309706771098,-0.00606985882312664
2015-08-26,92.68000030517578,93.22000122070312,91.0,93.0999984741211,3991700.0,0.4830878412981528,0.5411091918363107,0.18471852730189978,0.5513994499326663,0.19656721371560076,0.31539499095107537,0.504989869944901,0.5924805875325136,0,1,-0.01845140306278493,0.2810543160920475,0.03393735567624421
2015-08-27,94.66999816894533,95.8499984741211,93.2699966430664,95.19000244140624,4585900.0,0.47857635643155855,0.5381473611886574,0.282622057264298,0.5522493075595775,0.21536855530442034,0.39140601280242915,0.5123492323529818,0.6037401378576138,0,1,-0.039419959496191315,0.2026853174635367,0.013963513137104495
2015-08-28,94.8499984741211,96.37999725341795,94.8499984741211,96.11000061035156,1709800.0,0.4744236236298098,0.5351551950434432,0.32320467051220925,0.5525741556525429,0.24051048030734398,0.42673875890044133,0.5144336131813512,0.6079381315220759,0,0,-0.04044540787243852,0.18016599523080704,0.026158186783346686
2015-08-31,95.55999755859376,96.66000366210938,94.76000213623048,95.29000091552734,1714100.0,0.4701659707738571,0.5321202829462112,0.30313289975319246,0.5528918028872148,0.23150336506349828,0.43629607909396206,0.5137793576600753,0.6037295802644701,0,0,-0.04744560950614153,0.1663719216691153,0.01685571466334518
2015-09-01,93.2699966430664,93.62999725341795,90.80999755859376,91.3499984741211,2433800.0,0.4650249733284569,0.5284221305781294,0.2193311738654287,0.5532899090736482,0.22669638036473724,0.3948992671628955,0.5275490663685574,0.5977539825451067,1,0,-0.025815920462141474,0.1689579803634168,0.04250186811676136
2015-09-02,92.8499984741211,93.52999877929688,91.62000274658205,93.52999877929688,2497700.0,0.4606048677791225,0.5250080268653885,0.31328295452153676,0.5537275526461,0.2675805375417021,0.4241697245732666,0.540335224455005,0.6038864710090948,0,0,-0.022331701692422573,0.18084296166836794,0.0701697183270923
2015-09-03,94.05999755859376,94.88999938964844,93.55999755859376,93.9800033569336,1471700.0,0.4568041192558861,0.5217000973941106,0.3319662406085545,0.5539887210029953,0.27271042711607346,0.4525835539160211,0.5394954982222079,0.6074998686438993,0,0,-0.034748209584275075,0.16369085200263248,0.07142093865454417
2015-09-04,92.66999816894533,93.83999633789062,92.29000091552734,93.30999755859376,2149400.0,0.4532132056767792,0.5183314969277111,0.3156592288726042,0.5543618880752771,0.2960043726763775,0.4451037568823448,0.5436307368184425,0.6022225452245551,0,0,-0.019791450775835034,0.1776974247831269,0.09055120059859638
2015-09-08,94.94000244140624,96.41000366210938,94.5199966430664,96.4000015258789,1709600.0,0.44975767106358316,0.5153517401849531,0.44107174973586993,0.5546871177464557,0.3021923719058222,0.49275858342235945,0.5256313518701502,0.6064200478381732,0,0,-0.04426111875331522,0.1546458116250033,0.06901720051988793
2015-09-09,97.36000061035156,97.87999725341795,95.97000122070312,96.0999984741211,2925400.0,0.44694518201972006,0.5127484167113797,0.4323419933564856,0.5552380797417161,0.2750671400579827,0.513307077566686,0.4979752472531076,0.5992374471445148,0,0,-0.0679460886730321,0.12458508242872131,0.034024883064097754
2015-09-10,96.08999633789062,97.38999938964844,95.56999969482422,96.63999938964844,2114900.0,0.4444440653720933,0.5102554039467547,0.45385524733013227,0.5556419944719361,0.24339442028987437,0.5164990445123453,0.4744041181689358,0.6044300642932869,0,0,-0.05494275612000888,0.138189454938104,0.07835594722427791
2015-09-11,96.3000030517578,96.77999877929688,95.41999816894533,96.72000122070312,1472600.0,0.4421426332801663,0.5075279822406156,0.4571879017621099,0.5559235735549083,0.2736037895534446,0.5181727663023831,0.45334435708744025,0.6080456716568889,0,0,-0.05680883203474124,0.1352442029943166,0.0795736223156002
2015-09-14,96.30999755859376,96.7699966430664,93.73999786376952,94.16000366210938,2396200.0,0.4385754134085725,0.5045289212815918,0.375838618745823,0.556347905368555,0.23752085895405126,0.4911850234999742,0.4428016443334324,0.6021623914961779,0,0,-0.05686517711522437,0.12820514236330102,0.078784146509615
2015-09-15,94.16000366210938,95.33000183105467,93.66999816894533,94.27999877929688,2385600.0,0.43519771995783124,0.5016580960746201,0.3813769155823513,0.5567713016353278,0.2362973125279189,0.48513403679684425,0.4333786137103456,0.6080196459621625,0,0,-0.035577803453969874,0.15186910435643597,0.09313929802442768
2015-09-16,94.41999816894533,95.36000061035156,94.31999969482422,95.06999969482422,1827500.0,0.4319824817826107,0.49890171804408223,0.41879340552543143,0.5571030630950028,0.2673028583901273,0.5128030126363766,0.42434173948788667,0.612506623048257,0,0,-0.03829020637561028,0.14499361843380845,0.10511247126029348
2015-09-17,95.06999969482422,96.04000091552734,94.11000061035156,94.45999908447266,2171400.0,0.42926137463814645,0.4963314884143939,0.3977645512308896,0.5574895992949348,0.2673839578341147,0.5258915249852099,0.40926112735119935,0.6071752840360843,0,0,-0.04480911065430851,0.12138425320890794,0.09687597679643271
2015-09-18,93.11000061035156,93.98999786376952,92.7300033569336,93.19000244140624,2220800.0,0.4270005544284953,0.49364956995459597,0.35533887912643536,0.5578691273114437,0.2886790083444562,0.45610463065111684,0.4037059404887633,0.6017226554654695,0,0,-0.024348963307748675,0.14291763848025626,0.11803939904665697
2015-09-21,93.5500030517578,94.33000183105467,93.0199966430664,93.4499969482422,1186600.0,0.42572799628035646,0.49069187472242715,0.3693615636637051,0.5580733753021977,0.3127653278621191,0.48172455559400335,0.3950429412914652,0.6046360601223011,0,0,-0.02940235455929759,0.1401437623827225,0.11213645964665253
2015-09-22,92.2300033569336,92.56999969482422,90.54000091552734,91.62000274658205,1904700.0,0.425511390967755,0.48725708867225925,0.3095840422387306,0.5583820604167021,0.3385424286266045,0.36965941121200396,0.4009017292308965,0.5999595374104629,0,0,-0.01808456390150839,0.14424822009362967,0.1279828729271843
2015-09-23,91.75,92.16999816894533,89.80000305175781,89.94000244140625,1698800.0,0.4251357155638686,0.48344173183342054,0.2614095949881098,0.5586416403096736,0.3562553493683078,0.33280256356115673,0.409967900021008,0.5957885515424152,0,0,-0.021283528594032198,0.15236846393778836,0.13217638340229515
2015-09-24,89.05000305175781,89.45999908447266,87.19000244140625,88.11000061035156,3718200.0,0.42344687012956744,0.4794609089311592,0.21508483998536035,0.5591720986151812,0.30293476893940635,0.25940725711684476,0.42957974318283265,0.5866594253035553,0,0,-0.020680459860597716,0.18523455170649378,0.15743824381080868
2015-09-25,88.66000366210938,89.2300033569336,87.62999725341797,88.33999633789062,1507100.0,0.42112851211646046,0.476223301511135,0.22902567772237184,0.5593886427716154,0.2728116083590412,0.31636401301103995,0.44779074040452704,0.5903597389377293,0,0,-0.016683704579732152,0.19350806156231226,0.16275106388100397
2015-09-28,87.5,87.83000183105469,84.4000015258789,84.51000213623047,2321800.0,0.41720253759788223,0.47246034168044626,0.14514991379941364,0.5596738724724716,0.23181010762443788,0.2706000330086105,0.47598413195282996,0.5846591296909472,1,1,-0.03509167537503562,0.20613538419020805,0.16108222715456563
2015-09-29,84.69000244140625,86.31999969482422,84.5,85.94999694824219,2483700.0,0.4140414494597426,0.46902693375143956,0.22637512514776928,0.5599978361233772,0.2597133510486774,0.3222706397634332,0.5021637098191114,0.5907572445958627,0,1,-0.0034315573091556794,0.24872791517839613,0.19441486084322385
2015-09-30,87.08999633789062,88.22000122070312,86.94999694824219,87.69000244140625,2928400.0,0.41280273798968575,0.4661974753233238,0.31624140455446315,0.5604066354991292,0.28454438681470795,0.4015854374558256,0.5058226644375932,0.5979472110521795,0,0,-0.031297206602946055,0.19778941947184883,0.16893548328110666
2015-10-01,82.93000030517578,90.18000030517578,82.93000030517578,90.12999725341795,3581500.0,0.4116520206526528,0.4637210094806413,0.426373598238204,0.5609526601457778,0.2974778693903538,0.42151222036796454,0.5236513991731431,0.6067407040392369,0,1,0.0,0.22203216648001375,0.18565398934929941
2015-10-02,89.05000305175781,92.72000122070312,88.3499984741211,92.66000366210938,2322000.0,0.4112052718726445,0.4619326048177226,0.5231524069000082,0.5613376326468315,0.33249282898536053,0.5100121226181175,0.5182192070887619,0.6124418043368628,0,0,-0.06790195199245883,0.11383551336396903,0.13070009029485613
2015-10-05,93.44000244140624,94.8499984741211,93.1999969482422,94.58999633789062,1973100.0,0.4116384824978477,0.46073849544356005,0.5877570137409185,0.5616848064319854,0.34089240551479094,0.5810771769999988,0.4973356207324068,0.6172862664373131,0,0,-0.11342544486136488,0.04791705845601349,0.09184107673757715
2015-10-06,94.61000061035156,95.1999969482422,93.25,93.4000015258789,2351700.0,0.41062314412672557,0.4594988838750571,0.5451145345949528,0.5620830284185386,0.2948623650705471,0.578129194712407,0.47545221682846983,0.6115122450893687,0,0,-0.12348029133496262,0.03457021640412629,0.07506077544139828
2015-10-07,92.9000015258789,94.33999633789062,92.4800033569336,94.30999755859376,2207500.0,0.4100173252554325,0.4577601178739642,0.5762413078111829,0.5624671044148429,0.35317171769580946,0.5778245530843586,0.45892266294918893,0.6169322187788645,0,0,-0.1067451933385748,0.05331901120107809,0.12130622747276311
2015-10-08,94.16999816894533,95.98999786376952,93.79000091552734,95.7699966430664,1293600.0,0.40972287619823705,0.4559951528427959,0.6242866583609283,0.562702071449985,0.36146182347057926,0.6196754436144636,0.4314234895351384,0.6201083356371802,0,0,-0.11918140340090941,0.039338343553318895,0.0975506819615901
2015-10-09,95.6999969482422,96.45999908447266,95.01000213623048,95.97000122070312,1695300.0,0.40946904160545644,0.45426466082867467,0.6308306008049048,0.5630115453516454,0.3515446687837549,0.637849353430451,0.40254515666847746,0.6242707281154598,0,0,-0.13334026407727714,0.02276287335897679,0.09313987794720924
2015-10-12,96.66000366210938,97.70999908447266,96.01000213623048,97.33999633789062,1818700.0,0.41054529779999266,0.4527423787259921,0.6753839529533375,0.5633565514074884,0.386040567737121,0.6629063614481389,0.36699023413058074,0.6287360989644228,0,0,-0.14306557447424195,0.012712238989170675,0.09179949407662624
2015-10-13,96.54000091552734,98.0500030517578,95.87000274658205,97.18000030517578,2226700.0,0.4115267920751719,0.4512683571639742,0.6678530041722791,0.5637765356058878,0.39956612603533087,0.6550362762846773,0.3316253183447212,0.6232689843939131,0,0,-0.13981920199696704,0.015512658650498327,0.09194572924756
2015-10-14,96.8499984741211,98.2300033569336,96.76000213623048,97.31999969482422,2241800.0,0.41228829585351373,0.4499970309247483,0.6727543155712599,0.5642004832891608,0.3827854866809536,0.6573551398608992,0.2985851085507645,0.628773173303137,0,0,-0.14323933036871928,0.01420050296850021,0.09888866618823973
2015-10-15,97.80999755859376,99.37999725341795,96.30999755859376,99.26000213623048,3253600.0,0.41391283828016484,0.4489863137091129,0.7376569105717848,0.5648485171776835,0.4375892330869034,0.6678146556028156,0.2761643372465573,0.6367615884316278,0,0,-0.1528976294705984,0.016132343811625472,0.08631320953780922
2015-10-16,100.1999969482422,103.26000213623048,99.98999786376952,100.73999786376952,3795600.0,0.41646810496487247,0.4483699548057658,0.7815417745457978,0.5656329203298068,0.41939375925863115,0.7088549413302412,0.2778279904263029,0.6460807513470752,0,0,-0.17398746999183037,0.03082817975148281,0.055813024343117384
2015-10-19,100.02999877929688,101.27999877929688,99.4000015258789,101.18000030517578,1295800.0,0.419084294637272,0.4479921423634192,0.7941486100149687,0.5659033498195106,0.4389686379114049,0.6747207769014478,0.2745545869483045,0.6492622697646736,0,0,-0.16974388362848075,0.03206276975806109,0.0668056730161398
2015-10-20,101.16999816894533,102.4000015258789,100.75,101.37999725341795,1435700.0,0.42238752694551623,0.44727098839177126,0.8000933630688251,0.5662042646725297,0.43320039810914546,0.6735337689352251,0.27731030401417545,0.652787278247577,0,0,-0.18027275952514987,0.020656295324978802,0.04121366037129756
2015-10-21,101.72000122070312,101.8499984741211,100.0,100.63999938964844,1977600.0,0.42600889943632997,0.44675115056975323,0.7535994216732276,0.5666105316904965,0.44431321758247333,0.6489670841486608,0.27342803033105645,0.647931767503139,0,0,-0.1853422906350873,0.015190382296794133,0.0254488252214634
2015-10-22,101.5999984741211,104.0,101.33999633789062,103.62000274658205,2496900.0,0.4312581995380311,0.44669461709411795,0.8420947062538505,0.5671624574558122,0.47541963812802557,0.6718309583450592,0.28086059880452663,0.6540622917637514,0,0,-0.18551270153192845,0.023847392094934413,0.04332274082664612
2015-10-23,104.5,104.87999725341795,103.7300033569336,103.98999786376952,1546600.0,0.4365548818904799,0.446759424556725,0.8517518335625837,0.5675069622726711,0.46694579028901206,0.678102516828315,0.29187004819231066,0.6578595879395948,0,-1,-0.20816443855513905,0.003667219101965223,0.004728796089379372
2015-10-26,104.0999984741211,104.4800033569336,103.41999816894533,103.93000030517578,1279200.0,0.4431275049931646,0.44665325136726297,0.8477289147837793,0.5677912557125312,0.49351060205549924,0.6636569358271975,0.29918086916450715,0.6547188267420396,0,-1,-0.2035772536189369,0.007500709638620111,-0.012982003095044181
2015-10-27,103.47000122070312,104.19000244140624,102.62999725341795,102.93000030517578,1315200.0,0.44887432130985766,0.44646986026073665,0.7803544136221381,0.5680763231393985,0.4649629984904462,0.6434077925991182,0.2984836782521324,0.6514896763925833,0,0,-0.19763303045525382,0.013566785611224624,-0.018473955193952882
2015-10-28,103.47000122070312,104.3499984741211,102.70999908447266,104.33000183105467,1040500.0,0.45450606460177795,0.4464367674688525,0.8246094705425527,0.5683094442893347,0.47160091430579004,0.6431630358261857,0.2987642964016761,0.6540443684079493,0,0,-0.19955310263896406,0.01369859155284515,-0.0251627704226766
2015-10-29,104.4000015258789,104.66999816894533,103.58000183105467,104.27999877929688,1099800.0,0.4592950777686658,0.44668220769166167,0.8211325811554665,0.5685554022584517,0.4313485678128523,0.6409749033319491,0.3009618246704431,0.6513440798173683,0,-1,-0.20578933043124326,0.004600744935443619,-0.054346765737883766
2015-10-30,104.58000183105467,104.77999877929688,103.68000030517578,104.26000213623048,1519900.0,0.46322105228724403,0.4472875353137137,0.81964234396712,0.5688948849623997,0.4041495434568876,0.6338615589230306,0.3036988248378508,0.647612338929185,0,-1,-0.20761413290481504,0.0028768261016017633,-0.06568851701483754
2015-11-02,104.22000122070312,104.69000244140624,103.36000061035156,104.0,1457200.0,0.4664058315507575,0.44822379401060997,0.7992168792705207,0.5692180617202102,0.3865690679315088,0.6217254821662879,0.3025051617309018,0.6440345424805629,0,-1,-0.20420104046908552,0.006330289844541257,-0.05438325391108922
2015-11-03,104.0500030517578,104.79000091552734,103.66000366210938,104.19000244140624,1012600.0,0.4700576655354172,0.4498687962246971,0.8066887272378879,0.5694434932530771,0.41066523198967064,0.6213031478142046,0.30213199337865215,0.6465207329032054,0,-1,-0.20307694948636554,0.007980713477501502,-0.03682694068321801
2015-11-04,104.6500015258789,104.72000122070312,103.79000091552734,103.86000061035156,730400.0,0.47328982704967865,0.4516351393770266,0.7782669085539307,0.5696047350334134,0.3761965905027644,0.613668515547197,0.3017854799087061,0.6447274152212994,0,-1,-0.20846531060326917,0.0022074644605982415,-0.06152225272971089
2015-11-05,103.72000122070312,104.01000213623048,102.44000244140624,103.20999908447266,910000.0,0.4758078670363463,0.45302918572765716,0.722923140803922,0.5698023857003015,0.3630396286787127,0.5816301006788416,0.2844266690826591,0.6424931338815751,0,-1,-0.20017331786396347,0.01116884292218283,-0.07153861218478796
2015-11-06,102.48999786376952,103.26000213623048,101.83000183105467,103.0,1012100.0,0.4781871428728673,0.45410608957906173,0.7050867912304731,0.5700209586043802,0.3642217888515891,0.5572795911332675,0.26130919244606055,0.6400081710860424,0,0,-0.18951649774344803,0.023156665156951823,-0.05096400109964984
2015-11-09,102.70999908447266,102.7699966430664,100.75,101.7300033569336,893100.0,0.47967292373151066,0.4548810197320218,0.6036945509646428,0.5702077026627849,0.3510488708591652,0.5116951016514075,0.23718176389142784,0.6378153835426273,0,0,-0.19203882309996967,0.02106794338781843,-0.038349484934390034
2015-11-10,101.38999938964844,101.8499984741211,100.37999725341795,101.12000274658205,1316200.0,0.48100640228520236,0.4556849062093805,0.5595474250580497,0.5704784751423292,0.34554164878972454,0.4683979393161367,0.21853550795655793,0.6345837779389515,0,0,-0.18146071439419137,0.03430647546058151,-0.011304447930115398
2015-11-11,101.51000213623048,101.97000122070312,100.8499984741211,101.61000061035156,1010800.0,0.4824583364657639,0.4570996359494388,0.5920029484775958,0.5706889038638815,0.3567293346471926,0.4665575015230853,0.19978473253394793,0.637065548903999,0,0,-0.18374210172460387,0.03332669131381507,-0.011075976227857675
2015-11-12,100.61000061035156,101.12000274658205,99.20999908447266,99.20999908447266,1903900.0,0.4824414131267229,0.4578828390373697,0.43841432964399585,0.5710606918369466,0.2954231828247823,0.35796853406361623,0.19850773632171645,0.6323909903955365,0,0,-0.12065743590775528,0.04202338960158794,-0.006987492178012296
2015-11-13,99.33999633789062,101.4800033569336,98.86000061035156,100.83000183105467,1938300.0,0.4824718746205688,0.45882737066923673,0.5416425375219542,0.5714554048632029,0.3333216005968666,0.399681861792521,0.19268753092814642,0.637150009649149,0,0,-0.06914618530654425,0.0558411547893502,0.012498795530763404
2015-11-16,100.91000366210938,102.12000274658205,100.2300033569336,101.9499969482422,1766600.0,0.4827324769996824,0.46001872169707503,0.6035507438853757,0.571825237223364,0.3369580548931191,0.455549170421246,0.1791841185621151,0.6414874617532773,0,0,-0.08360607113050178,0.03937313814553418,-0.011306228288610994
2015-11-17,101.9000015258789,103.05999755859376,101.4499969482422,101.70999908447266,1381100.0,0.48284416484021925,0.46075090589801715,0.5881725104436792,0.5721123427895233,0.3295101042861405,0.4916376349359816,0.1573934688619493,0.6380965101507575,0,0,-0.09239821923415692,0.02922997368064589,-0.030210906554694036
2015-11-18,101.80999755859376,104.5199966430664,101.5500030517578,104.2300033569336,2128300.0,0.4840591877670411,0.46187193487460176,0.7107436271333906,0.5725826925797016,0.35854295510115086,0.5708735889022207,0.15206993230585839,0.6433220277060706,0,0,-0.07885160471199705,0.030183853332595944,-0.03785270385189552
2015-11-19,104.2300033569336,104.56999969482422,102.87999725341795,103.37000274658205,1252200.0,0.48397457623611423,0.4627999206365272,0.6547387289348304,0.5728534550323857,0.3296654547001678,0.5793148986896631,0.14760733460397682,0.6402475583724414,0,0,-0.08845822626647529,0.006236149626307403,-0.05679752094094141
2015-11-20,103.5,105.08000183105467,103.30999755859376,104.62000274658205,1761000.0,0.48418779894661895,0.4638892349423889,0.709490611574494,0.5732455313455423,0.3508332272796966,0.6260562032773757,0.14847316681334946,0.6445712610529406,0,0,-0.0738124896070997,0.015284916214311665,-0.06800811253271756
2015-11-23,105.0,106.02999877929688,104.29000091552734,105.47000122070312,1999700.0,0.48470900628698504,0.465448746304441,0.7439333637340176,0.573699237918683,0.3603459837288575,0.6755818890225307,0.15803163371904108,0.6494810329156291,0,0,-0.08726818021151536,0.009845141963834686,-0.09319441544670132
2015-11-24,104.52999877929688,106.04000091552734,104.52999877929688,105.48999786376952,1159600.0,0.4855754275373915,0.4669944690908747,0.7447527359349629,0.5739622138972617,0.37440237423860995,0.665582861426519,0.1669979910937935,0.6523281457085347,0,0,-0.07793686475362982,0.01431688744433298,-0.09519295344007796
2015-11-25,105.91000366210938,106.76000213623048,105.37999725341795,106.45999908447266,1152300.0,0.4862963168513183,0.4685650117342218,0.7843716985096744,0.5742292566965784,0.3698532669878482,0.6960776393420397,0.1818506354083194,0.6551573351456382,0,0,-0.0910039463259173,0.008057621493355243,-0.10863595550230935
2015-11-27,106.27999877929688,106.68000030517578,105.54000091552734,106.20999908447266,491600.0,0.4869495179733591,0.4701851940913956,0.7645310451171583,0.5743424799797473,0.36702072853009093,0.679212404887497,0.19564237655752195,0.6539503321713434,0,0,-0.06969752238169548,0.004508767246491712,-0.10482806808836927
2015-11-30,106.36000061035156,106.48999786376952,105.12000274658205,105.73999786376952,1560400.0,0.48745041679044826,0.4719156861055167,0.7266810150019735,0.5746977785839377,0.36413264041606447,0.6511560205070074,0.20120274565729726,0.6501191534872712,0,0,-0.07061482030552489,0.0037661381162500977,-0.1253177447822765
2015-12-01,106.38999938964844,106.87000274658205,105.81999969482422,106.76000213623048,1008300.0,0.48838452881487965,0.4737509742399397,0.7731449616380023,0.5749326162373231,0.37478331193699704,0.6697018310433012,0.21032985243491006,0.6525947863167699,0,0,-0.07121239768699612,0.004539468192083964,-0.12124077883319903
2015-12-02,106.1999969482422,106.73999786376952,105.08000183105467,105.33999633789062,996000.0,0.48877373979143196,0.4756427947979972,0.6639976925051936,0.5751569952256891,0.36701521592975755,0.6268187458918072,0.20604796381068605,0.6501493531141708,0,0,-0.0687523060230411,0.00627581289746404,-0.13394525230634474
2015-12-03,105.4000015258789,105.98999786376952,103.91999816894533,104.3000030517578,1131600.0,0.4889226569121478,0.47762286455441383,0.5935619159736537,0.5754055596548656,0.36581888898231013,0.5812417452338565,0.18468384704394655,0.6473709874394105,0,0,-0.06208468903444338,0.013954825059875022,-0.13100440033710134
2015-12-04,104.51000213623048,106.37000274658205,104.37000274658205,105.95999908447266,1079800.0,0.48985338375234316,0.4800841626483159,0.6775990059194379,0.5756520362653718,0.3740019950120502,0.6086979309901869,0.16975089719579692,0.6500221709456018,0,0,-0.054170674597920826,0.022627042581968446,-0.10536917710069865
2015-12-07,105.2699966430664,105.86000061035156,104.27999877929688,104.98999786376952,1000700.0,0.490526890815522,0.4823799957307964,0.6144145347119087,0.5758752045451948,0.36468196324133323,0.5818690765022189,0.15452841051251273,0.647565198048171,0,0,-0.06049448931765952,0.015100095482636746,-0.1259909266654324
2015-12-08,103.91999816894533,104.52999877929688,102.66000366210938,102.75,1568200.0,0.49087210472556236,0.4848950700060105,0.4902718477787136,0.5762061729876965,0.34729307152871003,0.5060274137429726,0.1484588355137916,0.643714868381187,0,0,-0.04819504392370213,0.028097958259457413,-0.10248590080740506
2015-12-09,102.75,103.58000183105467,100.58999633789062,101.5500030517578,2035900.0,0.4910176366620422,0.4870461214664973,0.4342184373840743,0.5766225391755392,0.3380715371215013,0.4412690045179848,0.1630336369104962,0.6387162163157535,0,0,-0.03785887483842761,0.04009735033169874,-0.11328466559268552
2015-12-10,101.33000183105467,101.73999786376952,100.51000213623048,100.87999725341795,1651600.0,0.4907705698555946,0.48886486162697684,0.40461006507629294,0.5769541257023175,0.3253310115653843,0.4055996639853301,0.1772461711151511,0.634661118446865,0,0,-0.02432300488897283,0.05455441407228472,-0.08616444841996033
2015-12-11,100.87999725341795,100.87999725341795,98.41000366210938,98.7300033569336,1783100.0,0.4906081171622128,0.4900506980661685,0.32026134432150044,0.5772915999499976,0.33261822716525513,0.3351651406822387,0.20607769158636716,0.6302831546481154,0,0,-0.02448447322122516,0.05937753426099683,-0.08009510727248156
2015-12-14,98.55999755859376,98.95999908447266,96.87999725341795,97.7300033569336,2216300.0,0.4895589346951477,0.4907497894752264,0.2860975255979217,0.5776989280251598,0.3153455709628328,0.2947020090388235,0.24168105680812277,0.6248415747214882,0,0,-0.017016107039945997,0.0841689952946273,-0.06553226983404903
2015-12-15,98.72000122070312,99.41999816894533,98.47000122070312,98.5500030517578,1258100.0,0.4884082199402536,0.49129582632731983,0.3395614494425445,0.5779353330022471,0.2841496807084829,0.35144680771838654,0.26771203757950557,0.6279305300550124,0,0,-0.018827421509083873,0.0833930343388319,-0.0368361644373736
2015-12-16,99.18000030517578,100.33000183105467,98.52999877929688,100.22000122070312,1585800.0,0.4879039359389285,0.49223622149170154,0.4389244844178083,0.5782469671704432,0.3132451773876473,0.39768095995909636,0.278569804949236,0.6318240721962592,0,0,-0.023338437143932717,0.07803147847055394,-0.03642824815946186
2015-12-17,100.52999877929688,100.66000366210938,98.16999816894533,98.23999786376952,1583900.0,0.48587664179878104,0.4927781208243086,0.3617760574560841,0.5785414854566658,0.27314017298728316,0.3978586343010223,0.29124623137938044,0.6279351950380294,0,0,-0.036419891053891894,0.06326086499762956,-0.07473555949450808
2015-12-18,97.98999786376952,98.1999969482422,96.25,96.29000091552734,1808000.0,0.48348044262321915,0.4928498231007252,0.29764098991495413,0.578858853139575,0.25803907862227154,0.36639035197778813,0.3152609611264011,0.6234960954092147,0,0,-0.01771170502448902,0.09039093114727596,-0.02931593359164847
2015-12-21,96.91999816894533,97.37000274658205,96.48999786376952,97.2300033569336,1202200.0,0.4809793259755925,0.4930235620991186,0.35169318439084885,0.5790756193717329,0.2577140352888437,0.39198882552750336,0.33756035303434884,0.6264478020318701,0,0,-0.006958128181275004,0.10333372606741995,-0.012670071753072259
2015-12-22,97.9000015258789,99.16000366210938,97.55999755859376,98.76000213623048,887300.0,0.4787083527953723,0.493219363660102,0.4334400038394809,0.5792426231495867,0.2543519850367434,0.4389120726766505,0.33318851604991817,0.6286263491008122,0,0,-0.016970086073346234,0.09225548607433506,-0.051732989875888605
2015-12-23,99.37999725341795,100.5199966430664,99.23999786376952,100.23999786376952,828000.0,0.4769315106459084,0.4936413001756278,0.504675664964428,0.579404807883526,0.25623870416537525,0.48113254740792843,0.31332647019838633,0.6306592995945393,0,0,-0.031692964618413096,0.0758404752040437,-0.09852162329965729
2015-12-24,99.94000244140624,100.79000091552734,99.94000244140624,100.38999938964844,371800.0,0.4748771427782899,0.4940646158643157,0.511738096783776,0.5794779009253436,0.2483687114544075,0.49592002765081816,0.29191955452778207,0.6315721631133409,0,0,-0.036811677175224086,0.06913408273006928,-0.08928576185526421
2015-12-28,100.1999969482422,100.33000183105467,99.41999816894533,99.9000015258789,680700.0,0.4727415485639806,0.49415286401067404,0.4893927718423141,0.5796099332146752,0.2477580313250313,0.48849482004489625,0.27686271488851444,0.6299008715661428,0,0,-0.03934651830119943,0.066440938727883,-0.08825580898713664
2015-12-29,100.81999969482422,100.94000244140624,99.9499969482422,100.58000183105467,676300.0,0.47099516790836266,0.4941308025000849,0.5244713844849679,0.5797434682375845,0.25191567036337936,0.5113892176100994,0.25573671155985234,0.6315613599947751,0,0,-0.04574574199220977,0.06056059018368068,-0.11561564439782121
2015-12-30,100.33000183105467,100.70999908447266,99.70999908447266,99.7699966430664,730400.0,0.4686294276445076,0.4939363801122637,0.4850209239160498,0.579884528550595,0.23391336856743067,0.5049201180624752,0.23856476388143136,0.6297680423128691,0,0,-0.040564742063814004,0.06502287528799894,-0.08500698842817016
2015-12-31,99.37999725341795,100.0,98.79000091552734,98.81999969482422,895400.0,0.4664227600540765,0.4935833875268303,0.4408319656881713,0.5800529205103236,0.2318253511598918,0.47902438700549027,0.23169783175285422,0.6275696076847492,1,0,-0.031372129485136915,0.07507272471863528,-0.05773273229067713
2016-01-04,97.2699966430664,97.98999786376952,96.05999755859376,97.95999908447266,1636400.0,0.4642770102870592,0.49321384801945445,0.4028138923719138,0.580353077490449,0.2606039025809601,0.4057678385460059,0.24650286893442427,0.6235518296799969,0,0,-0.012244475695298112,0.09714638871850197,-0.022971024590939148
2016-01-05,98.62999725341795,99.31999969482422,97.47000122070312,98.30999755859376,1401500.0,0.46168789692426965,0.4924816627665115,0.4247449251773301,0.5806124850908848,0.25102793328422396,0.4585083951331967,0.2442483325485694,0.626992868468594,0,0,-0.026235195169898213,0.08411602256201112,-0.04022044557814043
2016-01-06,96.44000244140624,97.1999969482422,95.93000030517578,96.47000122070312,1809300.0,0.4588043370864236,0.4914447465208007,0.3460508370414056,0.5809296596897339,0.24891064336099733,0.36743248569242015,0.25274843494400956,0.6225505770092941,0,0,-0.005187693509263776,0.10609297695241446,-0.008239296186590889
2016-01-07,95.06999969482422,97.13999938964844,94.68000030517578,95.25,2597600.0,0.45626599115861793,0.4902478798523149,0.3007563377272854,0.5813678889523263,0.24920349397690797,0.3375461797310091,0.2681852149662557,0.6161728086487802,0,0,-0.004042701199476516,0.12231784909758522,0.017103778428529805
2016-01-08,95.68000030517578,96.63999938964844,94.16999816894533,94.48999786376952,1979300.0,0.45387655976938907,0.48908410597571317,0.2742604087248601,0.5816935104952169,0.2399774052707725,0.3324072267730937,0.28543666925414724,0.6113131239721692,1,0,-0.015853040800319733,0.11748034059219176,-0.008503911376312187
2016-01-11,94.83999633789062,95.72000122070312,93.7300033569336,94.4499969482422,2187200.0,0.4517003510906648,0.48772177324380483,0.2728399346394904,0.5820524414844249,0.24064570256860923,0.3393323193967859,0.30398127997031354,0.6059429919433288,0,0,-0.01174720082603196,0.12731513049704607,0.008889871798877885
2016-01-12,95.33000183105467,95.55999755859376,93.79000091552734,95.12000274658205,1320700.0,0.45047856037750994,0.48645872099155063,0.3233681932440885,0.5822735680731154,0.2654670674526621,0.37570559425667704,0.3212012756353252,0.6091856461909922,0,0,-0.01694016438134842,0.12218106181465728,0.017787192794685165
2016-01-13,95.9800033569336,96.23999786376952,93.01000213623048,93.0500030517578,2119900.0,0.44889463241527366,0.4849129982051169,0.24689630524981784,0.5826052829992675,0.24468011065582063,0.37017727447995236,0.34189472174545577,0.6039807527711226,1,0,-0.031223729341301267,0.11448695411270647,0.02291842138591733
2016-01-14,93.29000091552734,94.12000274658205,91.5999984741211,93.56999969482422,2300200.0,0.4472091695830696,0.48347482778130735,0.2854279702464926,0.5829709770982899,0.2739673886190846,0.35712384753386406,0.36874548155043196,0.609628328526764,0,0,-0.018162303986881217,0.14454590550374077,0.03481996515322333
2016-01-15,91.63999938964844,92.3499984741211,90.33999633789062,91.9000015258789,2052800.0,0.4443932979371094,0.48178018585339366,0.22865638577255779,0.5832790837689513,0.2707373066741136,0.3292519191048734,0.3995950407481258,0.6045881826650212,0,0,-0.013893374543098578,0.15742228711098724,0.08485628371595937
2016-01-19,92.8000030517578,93.25,89.9000015258789,91.5999984741211,3318000.0,0.44214601588226327,0.4800896803929652,0.21912946797655827,0.5837711335207133,0.29004711049740106,0.35913804799387883,0.4152214777095127,0.5964416491647961,0,0,-0.03155605525275487,0.14766049477162366,0.07105548064064
2016-01-20,90.4499969482422,94.69000244140624,90.0199966430664,93.5199966430664,4935200.0,0.44120851867359584,0.47875354669113224,0.35696009819568986,0.5845504570847871,0.34251302456894284,0.41373404448685636,0.4110383909151317,0.6085588197887597,0,0,-0.0060043169380475546,0.16823148382980604,0.10753281951525827
2016-01-21,93.0,94.66999816894533,90.61000061035156,91.91999816894533,4310700.0,0.43941136800085495,0.47722574894780223,0.29764742924678456,0.5851935773400697,0.3131474399467694,0.4182272278920329,0.40715409603463526,0.5979749554248596,0,0,-0.03314797460860397,0.12328912738633756,0.10147560098819901
2016-01-22,92.79000091552734,94.80999755859376,92.33000183105467,93.16000366210938,1860700.0,0.43751607022452127,0.4760440500280969,0.37653905768163476,0.5854826408188379,0.2999078793936946,0.4551599988868153,0.4016840353805857,0.6025434469510407,0,0,-0.03144037692795351,0.11738469463082161,0.11510010924509677
2016-01-25,92.80999755859376,93.31999969482422,90.93000030517578,91.11000061035156,1623200.0,0.43442605804464257,0.47466379225308475,0.30307492738412356,0.5857173159749117,0.27684595219463215,0.4175862217868822,0.4066734339966471,0.5985580783019854,0,0,-0.031236538410511355,0.09585659031921892,0.09338776551782425
2016-01-26,91.4800033569336,93.29000091552734,91.11000061035156,92.58000183105467,1236800.0,0.43178279464477204,0.4734186650439344,0.389269201421266,0.5859053944243383,0.2819637265131241,0.4399511105100036,0.4113064469972757,0.6015947367206348,0,0,-0.017341694879488057,0.10383052377455296,0.11853797991453671
2016-01-27,92.43000030517578,94.23999786376952,91.9000015258789,92.8000030517578,1887400.0,0.42937982768287725,0.472534804407189,0.4017685355257884,0.5861942987766354,0.276050212663502,0.465524658304388,0.402064101107828,0.6062287835344758,0,0,-0.02732770284357698,0.09192052244457714,0.11319942913868276
2016-01-28,93.29000091552734,94.04000091552734,91.9800033569336,92.08999633789062,2347300.0,0.4265064182334612,0.47132966375173135,0.3733310910107459,0.5865445407098008,0.24752894312495566,0.4622516105899208,0.3934819227819122,0.6004655653050972,1,0,-0.036530164635422656,0.08243535855933344,0.12629311244921496
2016-01-29,92.72000122070312,95.13999938964844,92.27999877929688,95.12000274658205,2365400.0,0.4249326458239329,0.47038789046618856,0.5332448855954594,0.5869340485068485,0.28472755053662946,0.5278775367381893,0.370445951897974,0.6062732236358485,0,0,-0.03062221529988186,0.08926052283184828,0.13052445565274431
2016-02-01,93.70999908447266,95.9000015258789,93.25,95.58999633789062,1748400.0,0.42383946370821673,0.4695440163831359,0.5546587586664864,0.5872258592354155,0.3121141989491082,0.5753668294155666,0.33963709496133043,0.6105659901131822,0,0,-0.04005464096489059,0.07600928456862745,0.11616907835039868
2016-02-02,94.97000122070312,94.97000122070312,92.66000366210938,93.04000091552734,1636000.0,0.4221743093992896,0.4680010508910255,0.4451960493387068,0.587477102132331,0.2785640449605985,0.5149089552717312,0.3173707354181077,0.6065491942101177,0,0,-0.05303901965748415,0.062454246777041464,0.12177005790965277
2016-02-03,94.29000091552734,95.1500015258789,91.87000274658205,95.11000061035156,1831600.0,0.42109128283628156,0.4668620968713372,0.5383749745870424,0.5877776698705967,0.3025170242310279,0.5595344829131532,0.30472198957017593,0.611046237838512,0,0,-0.04718399985436582,0.07147465026270308,0.16240327237389215
2016-02-04,95.33000183105467,96.31999969482422,94.5999984741211,95.6999969482422,1457500.0,0.42083067787502887,0.4656321363589664,0.562976382783445,0.5880210569563858,0.31098703309928727,0.6712213703174279,0.27821089491478745,0.6146247708634,0,0,-0.05709179129775736,0.058984339967935846,0.1426768963068149
2016-02-05,95.30999755859376,95.83000183105467,92.70999908447266,92.87000274658205,1544400.0,0.42002517703017533,0.4638947495310355,0.4501895756966493,0.5882561954538498,0.3110850326339776,0.5564344946143787,0.27155169328513284,0.6108328762468395,0,0,-0.05653078584360632,0.05882972896913851,0.14190180004289027
2016-02-08,92.20999908447266,92.27999877929688,88.86000061035156,89.6500015258789,1926800.0,0.4183870990308582,0.4617106063306655,0.3498642291406743,0.5885172876934585,0.3164590735320132,0.3153070046809209,0.2904042840158597,0.6061020924167508,0,0,-0.03607191100513223,0.09400240226928254,0.18983521839151465
2016-02-09,88.62000274658203,91.68000030517578,88.37000274658203,90.98999786376952,1567200.0,0.4172160757526872,0.4595774809652834,0.40925668659341974,0.5887402567043175,0.3354432099945423,0.34716497781354827,0.31039729562540475,0.6099499668295154,0,0,-0.002788622373060791,0.13742330714035558,0.22889008693594926
2016-02-10,91.66999816894533,93.20999908447266,91.04000091552734,91.33999633789062,1240200.0,0.4159367472360764,0.45752708810561216,0.4246306876065209,0.5889187955370582,0.3159206489435913,0.45926843456601774,0.31152337682835096,0.6129949731125109,0,0,-0.036267672269913204,0.10187937674578239,0.18991097027135376
2016-02-11,89.3499984741211,90.7300033569336,88.47000122070312,89.2699966430664,1796500.0,0.41465741871946554,0.45525607488004505,0.36050232871755916,0.5891580538227293,0.33521019162654364,0.3260917294963137,0.3263851461673688,0.6085841089072204,0,0,-0.010729097512920857,0.12437049557488417,0.21950956706400104
2016-02-12,90.05999755859375,92.13999938964844,89.62000274658203,91.77999877929688,1438700.0,0.4140515998481727,0.4531905142715934,0.46786571194003856,0.589368060369427,0.3318530408327638,0.4455047791683694,0.32602520019725834,0.6121164831527821,0,0,-0.01893127451061667,0.11134762871281333,0.22975246899847934
2016-02-16,93.05999755859376,93.7699966430664,91.77999877929688,93.62000274658205,1198900.0,0.4146337275940916,0.4515744694339059,0.5365288132234481,0.5895542760427842,0.33040921579340216,0.5585782658464314,0.31104688736487995,0.6150600874365132,0,0,-0.05110040176934139,0.06820660513718098,0.20527352601724969
2016-02-17,94.30999755859376,95.4499969482422,93.01000213623048,95.0,1850200.0,0.4157844449311246,0.45029211191338503,0.5841205681591659,0.5898545258645361,0.34439095238383466,0.6390677244449676,0.2838002874791663,0.6196027987933899,0,0,-0.06344792392380692,0.05351422761428368,0.183507795355229
2016-02-18,95.1999969482422,95.58000183105467,94.13999938964844,94.69000244140624,1506400.0,0.41618042885828793,0.44873811619198045,0.5720589583647596,0.5900963492864034,0.3091566094836636,0.6441302168358379,0.2575010813222949,0.6159042038371695,0,0,-0.07189467580694917,0.021052631578947368,0.18852635433799328
2016-02-19,94.66000366210938,95.73999786376952,93.68000030517578,95.62999725341795,1592300.0,0.4174360636673858,0.44744748573648874,0.605677918499748,0.5903594219855236,0.3460562671261578,0.6438770029620127,0.2365237533511775,0.6198137051308429,0,0,-0.06642729700444953,0.02619068184176754,0.18513040793450553
2016-02-22,96.87000274658205,98.0,95.86000061035156,96.72000122070312,1291100.0,0.41864093104149974,0.4466160221078934,0.6434699076013102,0.5905797802115865,0.3505804251822259,0.7158798084177935,0.21969627169548497,0.6229836838536098,0,0,-0.08888424389969551,0.011816347232798513,0.15225345578553115
2016-02-23,96.54000091552734,96.66000366210938,94.6999969482422,94.87000274658205,1260300.0,0.4199134891896385,0.44569493115977754,0.564526817293304,0.5907827592420082,0.3547944591117187,0.6322313050611617,0.19498622770005739,0.6198893269608028,0,0,-0.084470616892388,0.015095110277564185,0.16066998262403825
2016-02-24,93.61000061035156,95.80999755859376,92.9499969482422,95.68000030517578,815200.0,0.4209626716567037,0.44497791470761583,0.5945822120590902,0.5909173619798739,0.3586694307777541,0.5966731645713576,0.18265016486850918,0.6218908502005206,0,0,-0.05523345327359882,0.04627384065092798,0.17919257413126272
2016-02-25,96.11000061035156,97.05999755859376,94.55999755859376,97.01000213623048,1036800.0,0.4223875295276553,0.44474074741977754,0.642030927657219,0.5910955365040637,0.37656031172595567,0.652284237611865,0.16159548939065957,0.6244364577752745,0,0,-0.08089462624459083,0.01975333803950875,0.16429767109702592
2016-02-26,97.7300033569336,98.4499969482422,97.36000061035156,98.16000366210938,1079000.0,0.4244418999774127,0.44480003924173706,0.6807209277797117,0.5912872133622072,0.40908788701657217,0.7128524679075778,0.1480924886263307,0.6270856770780903,0,0,-0.09648490263104394,0.007421849040859992,0.14379957366305696
2016-02-29,97.97000122070312,98.83999633789062,96.48999786376952,96.52999877929688,1430900.0,0.4249191076691278,0.44452150517504296,0.6056620461778949,0.5915292658061574,0.36264386569594315,0.6649635343586354,0.12895327003633925,0.6235724538154405,0,0,-0.09779949180897166,0.008863030610534969,0.15250611921565832
2016-03-01,97.5500030517578,100.48999786376952,96.91999816894533,99.58000183105467,1503400.0,0.42626950956186055,0.44443325702868464,0.7041909220837622,0.59180686104566,0.35511219437218655,0.7101149876805869,0.12253932306936408,0.6272636830090024,0,0,-0.09509997328565836,0.030456799432201687,0.17279602730869623
2016-03-02,99.22000122070312,99.73999786376952,98.43000030517578,99.33000183105467,945100.0,0.42839833598983695,0.4445835553433267,0.6926173874271285,0.5919800366738691,0.3732579776852585,0.6933099436760438,0.11658351517145857,0.6249432222461745,0,0,-0.10895760468581805,0.012753531027455106,0.15354489490237258
2016-03-03,98.95999908447266,100.75,98.2300033569336,100.3000030517578,1921700.0,0.4301548721981629,0.44513648595722877,0.7223591769822321,0.5923414135784145,0.3663618071877337,0.6909994662003168,0.11791032311360136,0.6296614842797438,0,0,-0.10661427708319797,0.018020747835803576,0.1650055279121544
2016-03-04,100.66999816894533,102.93000030517578,100.31999969482422,102.48999786376952,2072600.0,0.43245292168799293,0.4458617753443612,0.7836108814232925,0.5927539443043749,0.37845320257860443,0.7241033681274057,0.1322058254922874,0.6347502441750321,0,0,-0.12263205431824493,0.02253242340445619,0.15034896682179502
2016-03-07,101.83999633789062,103.4499969482422,101.63999938964844,103.37000274658205,1649000.0,0.4360066059869208,0.44649743846397416,0.8061849274032998,0.5930892334563503,0.4145785218343768,0.7145514019269943,0.14832059256627414,0.6387989583829499,0,0,-0.13142739654666605,0.01570885592652272,0.14352626617691833
2016-03-08,102.37999725341795,102.6500015258789,101.3499984741211,101.51000213623048,1280000.0,0.44002057722066196,0.4466725566355296,0.7117122826084464,0.5933371067229495,0.4154753012023108,0.6725401119556549,0.1603502875474536,0.6356562329820191,0,0,-0.1355324962231286,0.010351162488090647,0.13243689733633995
2016-03-09,102.1999969482422,102.70999908447266,101.37999725341795,102.27999877929688,1147500.0,0.44384163426717543,0.4469331646071193,0.734525236486155,0.5935636824851885,0.4091198884900167,0.6648354227030264,0.1718926213285997,0.6384736371988692,0,0,-0.1362426747179038,0.012314057469159048,0.07940109366928623
2016-03-10,102.5999984741211,104.22000122070312,101.83999633789062,102.91000366210938,901500.0,0.44775745839732367,0.44734820736083636,0.7531786293135248,0.5937444826544535,0.41920249308634516,0.6699819745620936,0.19164388650685735,0.6406870488777278,0,0,-0.13912784412761886,0.01583890072268896,0.10353934389593217
2016-03-11,104.1500015258789,105.2300033569336,103.77999877929688,105.01000213623048,1479600.0,0.4530846022436184,0.4479590506235359,0.8108907456286706,0.5940568891987127,0.4386486226030185,0.693533237223775,0.21544585533105157,0.6443198430208662,0,0,-0.15333785072157122,0.010494624357421293,0.08211054948541807
2016-03-14,104.33999633789062,105.0999984741211,104.0,104.73999786376952,878700.0,0.4574708636970099,0.4486443534569755,0.7957780303754541,0.594241084233763,0.42959500241163917,0.6762092831019021,0.23754768352494612,0.6421624111382116,0,0,-0.1520806900907455,0.008475449966074224,0.08770599491959769
2016-03-15,103.9499969482422,104.9499969482422,103.62000274658205,104.76000213623048,819300.0,0.4612411533085394,0.44946340768311477,0.7963554543309003,0.594412828279398,0.424181668875214,0.6582138449613869,0.25320833064830306,0.6441740009202293,0,0,-0.1487492316156465,0.012220798499120052,0.08630896601015046
2016-03-16,104.22000122070312,106.66999816894533,104.12999725341795,106.61000061035156,1122600.0,0.46517051301135365,0.45065613788411507,0.8477808275956401,0.5946586177258072,0.42295400471722744,0.6737021669515019,0.27758511662178753,0.6469302693070142,0,0,-0.15129818777122273,0.02338675924286649,0.08161507491422938
2016-03-17,106.9000015258789,109.70999908447266,106.9000015258789,109.4000015258789,1789700.0,0.470149055181233,0.4521853148006073,0.9116867588075929,0.5950756067672437,0.44484115805695845,0.715722206876105,0.31355741248257263,0.6513244377836125,0,0,-0.17381107469478485,0.02635772950479569,0.03273612084972319
2016-03-18,109.62000274658205,110.58000183105467,108.0500030517578,108.9000015258789,2628400.0,0.4746402366888283,0.45389926094478683,0.8809528772910008,0.5956805407992757,0.4162767440815191,0.7068680592117942,0.3501126303954931,0.6448710475931387,0,0,-0.19424131356134636,0.008775128620501317,0.014807999036492304
2016-03-21,109.62000274658205,110.52999877929688,108.27999877929688,108.88999938964844,2170300.0,0.47875912539463433,0.45578005127355015,0.8803092207417963,0.5961792497953807,0.4070227064446295,0.6915516351556614,0.3840567613146336,0.6395424093606076,0,0,-0.1951331469444487,0.008815418466679216,-0.0011019535803544328
2016-03-22,108.8000030517578,110.1999969482422,108.55999755859376,109.83999633789062,1663300.0,0.48382566169753755,0.45789662971698974,0.9033881634224673,0.5965690836299268,0.4317136649440161,0.6811976570526559,0.41557631145383556,0.6436262337038638,0,0,-0.18762053833860093,0.016346760852917128,-0.0019286134176169116
2016-03-23,108.91000366210938,109.68000030517578,108.12999725341795,109.13999938964844,1222300.0,0.48838114621278267,0.4599222027197477,0.8552624132715004,0.5968509698499825,0.42708166226328703,0.6558394686239144,0.43855093552045044,0.6406251764713969,0,0,-0.1860888849497824,0.01520391683015026,-0.0030043867630835273
2016-03-24,108.1999969482422,109.05999755859376,107.37999725341795,108.9499969482422,1386000.0,0.4924221911739948,0.4618291910265856,0.8419674947483003,0.5971690321931064,0.4296969644649065,0.6335607190391663,0.4491138636296934,0.6372221941232017,0,0,-0.18077694555503543,0.0218068984434886,0.0010078853854382163
2016-03-28,109.38999938964844,109.61000061035156,108.73999786376952,109.4000015258789,1043300.0,0.4962263248814672,0.4640836573302102,0.855653000402267,0.5974106733686225,0.43013179710088634,0.6413343132150611,0.4620466133506961,0.6397837608503821,0,0,-0.18145935931010942,0.01092246420136715,-0.017898090893646995
2016-03-29,108.8000030517578,110.58999633789062,108.61000061035156,110.56999969482422,1026300.0,0.500978108768176,0.4664277509533552,0.889852911124157,0.5976543419845067,0.4599868914543179,0.6442231025314454,0.47934362113257345,0.6423035882558316,0,0,-0.15557590525658987,0.016361912807737924,-0.0006398509492492639
2016-03-30,111.0,112.0999984741211,110.7300033569336,111.9000015258789,1636800.0,0.505147764908966,0.4691855081570552,0.9249965784756738,0.5980537266170555,0.4652626238960204,0.6678803227066065,0.5025767209957107,0.6463223483622718,0,0,-0.16324503121620898,0.009948435173710005,-0.03237769594768528
2016-03-31,111.9000015258789,112.08000183105467,111.12999725341795,111.48999786376952,1438900.0,0.5092632684305358,0.47192809761197474,0.8925077785073171,0.5984015202408631,0.4564866855167726,0.6546166849800503,0.5241503137257669,0.642789483065866,0,0,-0.16934767041316057,0.00178728280174272,-0.03941021985678433
2016-04-01,110.44000244140624,113.29000091552734,110.22000122070312,113.11000061035156,1453000.0,0.5135987624489433,0.47462932134003943,0.9352330088202166,0.5987643852880337,0.4570772589826611,0.6590131436419959,0.5495223775041864,0.6463569674467664,0,0,-0.15687510833514595,0.025562817550714666,-0.033545659384925056
2016-04-04,113.1500015258789,113.2300033569336,111.62999725341795,112.19000244140624,1390500.0,0.5168816913981886,0.4774243088551098,0.8638759122661736,0.5991048695981503,0.43468449758433664,0.653155846477814,0.573082151012719,0.6429429364545834,0,0,-0.17858725549143042,0.0012377277773228577,-0.04411632779456336
2016-04-05,111.48999786376952,112.04000091552734,110.91000366210938,111.43000030517578,1319200.0,0.5196095663289859,0.47994351959780945,0.8074488496310978,0.5994225606542868,0.4145750700765049,0.624621152804711,0.5828162428245252,0.6397039650882491,0,0,-0.16525537491819067,0.016044237566515063,-0.03993221882563745
2016-04-06,111.37000274658205,112.1999969482422,110.63999938964844,112.08000183105467,812100.0,0.5231869417532877,0.482835028194209,0.8295159825458042,0.599620690814321,0.43523173035031865,0.6267986809983044,0.5873675428307715,0.6416978770398866,0,0,-0.16530562458846423,0.01723053184678235,-0.04469176472489243
2016-04-07,111.3499984741211,111.83000183105467,110.08000183105467,110.61000061035156,921200.0,0.5260061985834839,0.4853211461450244,0.7243766431302994,0.5998384613214688,0.42562004798466807,0.598822228210284,0.5823214268372211,0.6394360968529041,0,0,-0.14980371735571496,0.01730908645353646,-0.05094574403272853
2016-04-08,111.02999877929688,112.13999938964844,111.02999877929688,111.83000183105467,712000.0,0.5290251373872408,0.48794515195602484,0.7708673680864951,0.6000111033037111,0.43068659369003504,0.6238794959555789,0.5799190261045465,0.6411842378571719,0,0,-0.1314528599158747,0.020432168192384623,-0.043576527151498214
2016-04-11,112.06999969482422,112.83999633789062,111.58999633789062,111.68000030517578,887100.0,0.5312825724126558,0.49064637568408953,0.7602097956510324,0.6002254308322011,0.4083058917316645,0.6299232533150706,0.5827091211802746,0.6390061818390738,0,0,-0.1393186226947571,0.01090942681505292,-0.050433687716190626
2016-04-12,112.08999633789062,113.16999816894533,111.36000061035156,112.94000244140624,871300.0,0.5340578321763401,0.49310353731050616,0.8071919146401386,0.600441399424206,0.4126360618201228,0.6406218239803168,0.5875970006598035,0.6411454448405042,0,0,-0.13583451045390307,0.010745026632858139,-0.03877143794616796
2016-04-13,113.41999816894533,114.29000091552734,112.73999786376952,114.2300033569336,1062900.0,0.5372629173809915,0.4956737679921953,0.8501554142583269,0.600711661638598,0.4175798426939363,0.6904246979173569,0.5993715836348458,0.6437551345503865,0,0,-0.13449614382550035,0.007703229394150034,-0.04515670589583181
2016-04-14,113.73999786376952,114.58999633789062,113.73999786376952,114.51000213623048,1070100.0,0.5399366422747078,0.49863422051868744,0.8591123761818392,0.6009851079191307,0.4150681302132505,0.7094814814632326,0.6121094625334499,0.646382502090649,0,0,-0.13577864003358175,0.00744111397305246,-0.05287578340214324
2016-04-15,114.69000244140624,115.4000015258789,114.38999938964844,115.3499984741211,1284900.0,0.5419503956779115,0.5014250705142717,0.8856981576603523,0.6013186882197642,0.4121029774361195,0.7300008243887822,0.6286124072200242,0.649537258237255,0,0,-0.1254912451183634,0.0062003237379036754,-0.053183161764681255
2016-04-18,115.0,115.93000030517578,114.63999938964844,115.75,1543200.0,0.5442687511088795,0.5041897225317812,0.8980912840307606,0.6017221308291366,0.43679498380808135,0.7308193690323017,0.6468000675559987,0.6533262065487522,0,0,-0.11833551544381944,0.008062421477919897,-0.06345903590511506
2016-04-19,116.23999786376952,116.8000030517578,115.7699966430664,116.5500030517578,1466600.0,0.5468612496559051,0.5074549071030421,0.9223489762197824,0.602111156521067,0.4586531409083875,0.7406793401912628,0.6680595251955407,0.6569270823870373,0,0,-0.1286393035822758,0.004838057779596382,-0.07136064368756737
2016-04-20,116.8499984741211,117.0,115.5500030517578,116.06999969482422,1593700.0,0.5489697701427434,0.5110979041166496,0.8783485702835793,0.6025296636194085,0.44135209925677654,0.7038171818034881,0.683150148379999,0.6530141437374567,0,0,-0.13273273973088773,0.001287014345356072,-0.07421708536582002
2016-04-21,111.6999969482422,113.0,110.0999984741211,110.26000213623048,3641300.0,0.5493488307308658,0.513755003771535,0.5118671475597698,0.6033776094495625,0.39621324412993425,0.47129313207571233,0.6265998972934024,0.6440738265480745,0,0,-0.08494874331244831,0.04566212686906844,-0.034720416902668264
2016-04-22,111.3499984741211,113.38999938964844,110.77999877929688,113.19000244140624,2145500.0,0.5507838441545254,0.516767854358178,0.6313449390663975,0.6039081461681496,0.40386775014766213,0.5233931152668544,0.5733763432992581,0.6493415744759627,0,0,-0.07010697966419718,0.05124253053158943,-0.02929435574967851
2016-04-25,113.0,113.3000030517578,111.97000122070312,112.5999984741211,951000.0,0.5518668707175334,0.5199847783887743,0.6039974530645783,0.6041402717920618,0.39649449932157216,0.5230090125624298,0.5239544717332673,0.64700662771324,0,0,-0.08286948538828409,0.035338810086788665,-0.04620552384598586
2016-04-26,113.37000274658205,113.91000366210938,113.01000213623048,113.5500030517578,1525900.0,0.5528754413023227,0.5229865976941223,0.640274804676192,0.6045197746021033,0.38773723947610794,0.5611051884780554,0.4840674435302931,0.6507531001267401,0,0,-0.0865896992195861,0.032237986701680446,-0.021492058891066812
2016-04-27,113.88999938964844,114.6500015258789,112.58999633789062,112.98999786376952,1246900.0,0.553244346337737,0.5256574848726251,0.612406905314877,0.604826125086137,0.3637110231997404,0.551938196023582,0.454035388333514,0.6476916436404742,0,0,-0.08595334102969357,0.027388820138859682,-0.030471149198433193
2016-04-28,111.88999938964844,113.4000015258789,111.52999877929688,112.7699966430664,1617400.0,0.5536775569629404,0.5281077516852322,0.6011561868266474,0.605221389997925,0.3746635404401531,0.5003968718569395,0.4143942848088593,0.6437205154658918,0,0,-0.04416318221180872,0.04522524742864957,-0.0234534169039811
2016-04-29,112.4000015258789,112.7300033569336,109.75,110.38999938964844,2308500.0,0.5527569830933139,0.5302725906693363,0.48955316144579275,0.6057572521542135,0.3421603571219733,0.4142885023711843,0.3890381065873394,0.6380525611002288,0,0,-0.044515424509144946,0.04079097819503147,-0.04176642036605276
2016-05-02,110.18000030517578,111.25,109.04000091552734,111.23999786376952,1390100.0,0.5524354577265085,0.5324250202509843,0.5294374714884457,0.6060855436987022,0.36459973863133255,0.40112292441937386,0.3714174133213416,0.641465609990724,0,0,-0.02536464414565791,0.061780955997212804,-0.02808224015998865
2016-05-03,110.08999633789062,110.22000122070312,109.0199966430664,109.5,1303300.0,0.5517822566044674,0.5341872269358284,0.4555821974748324,0.6063816898960049,0.3626544245004659,0.36486795510339665,0.35522504626187157,0.6382656771664794,0,0,-0.024361732618796712,0.06211797729960169,-0.03119375816204276
2016-05-04,108.51000213623048,109.36000061035156,108.0,108.58999633789062,1062100.0,0.5506010777735886,0.5360790474938859,0.420098016883771,0.6066180054134741,0.35230479977867263,0.33990275636314443,0.3487210720686508,0.6356579516599727,0,0,-0.010319679295091583,0.07753422706638828,-0.014155279011487002
2016-05-05,109.04000091552734,109.52999877929688,108.2300033569336,108.58000183105467,810200.0,0.5499140325556049,0.5378578011006726,0.4197007880887371,0.6067981380892778,0.3521707440142804,0.35987669446990345,0.34045392638506855,0.6336687046913524,0,0,-0.015286893066503947,0.0733032448007842,-0.007919703834187164
2016-05-06,107.6999969482422,108.30999755859376,107.18000030517578,108.30999755859376,1172300.0,0.5487227007541569,0.5394159332895625,0.40835782775643636,0.6070570401280636,0.36289854321842935,0.3510958657168254,0.341361332799724,0.6307904101698594,0,0,-0.004789064600270596,0.08565115946699063,0.00663106657359808
2016-05-09,108.13999938964844,108.2300033569336,107.29000091552734,107.44000244140624,1046600.0,0.5472876899126362,0.5406955324637592,0.37195999889155007,0.6072834600216389,0.3634833996045997,0.370186237104819,0.34220392447047554,0.6282207411037546,0,0,-0.00886343925871953,0.08180224180651893,-0.0007386375483149073
2016-05-10,107.8000030517578,108.83000183105467,107.26000213623048,108.7300033569336,817500.0,0.5458628320416847,0.5423777649892167,0.4500818499302115,0.6074655245886548,0.3642772780073498,0.410377777264274,0.3341831010161752,0.6302279114281771,0,0,-0.005770688128196417,0.08562915803412734,9.302407491489544e-05
2016-05-11,108.73999786376952,109.1999969482422,107.37999725341795,107.41999816894533,1623300.0,0.5435580121833827,0.5434588053081068,0.39334450945366406,0.6078161174626778,0.3326116718549934,0.41593703016736333,0.3214109434043435,0.6262422972536998,0,0,-0.014347443303874932,0.0759680114155331,0.022808822591427438
2016-05-12,108.2300033569336,108.5500030517578,106.36000061035156,107.48999786376952,1130300.0,0.5411821189489587,0.5445839697001759,0.39771475940355683,0.608060443379853,0.32220184505105365,0.412066201603696,0.31931892219075253,0.6290174710979749,0,0,-0.017408329719397084,0.08164212244049149,-0.05120089456108395
2016-05-13,107.56999969482422,108.06999969482422,106.47000122070312,106.6999969482422,1547600.0,0.5382545594624617,0.5454664511637591,0.36337763538559353,0.6083885845117213,0.29393980858398333,0.4109700661981846,0.31737633106384655,0.6252177196679121,0,0,-0.011256852809748705,0.08772909566085542,-0.08261231212109892
2016-05-16,107.19000244140624,108.63999938964844,107.08999633789062,108.16000366210938,1488600.0,0.5356857546229492,0.5462482761305287,0.45615411064885625,0.6087148529887111,0.28711419200180527,0.44604565368451926,0.30658937879668513,0.6288726110990257,0,0,-0.007778836502284894,0.091939998492712,-0.062136879779186305
2016-05-17,107.81999969482422,108.2699966430664,106.69000244140624,107.01000213623048,1227000.0,0.5324569782929238,0.5467501878574421,0.40351063893242434,0.6089765019588259,0.2685510310141646,0.43278497805522986,0.30085431509687055,0.6258600141717273,0,0,-0.013498511788458114,0.08487426030285648,-0.04927886141447967
2016-05-18,106.93000030517578,107.79000091552734,106.06999969482422,106.38999938964844,1755100.0,0.5291808197121504,0.5474230802364246,0.3765719496432791,0.6093449964086638,0.26040627373169056,0.417636148714045,0.3019227383327058,0.621550797491123,1,0,-0.008036637633711355,0.09410335009623189,-0.025978868552471956
2016-05-19,106.0,106.6500015258789,104.95999908447266,105.63999938964844,1153900.0,0.5276171976910522,0.5478863835308063,0.34481090055841646,0.6095827303479627,0.2980937030585852,0.39323443725465673,0.31313230198338204,0.6187176796472683,0,0,-0.009775363488051058,0.10339317664353968,-0.013911113501496979
2016-05-20,106.37999725341795,107.02999877929688,105.93000030517578,106.20999908447266,906300.0,0.5252548426114332,0.5483414128382162,0.3845133644424453,0.6097719330683234,0.2698159424255451,0.4239822972953563,0.3169269009477703,0.6209428765463805,1,0,-0.013441860821180983,0.10053012881428215,-0.035308554989489586
2016-05-23,106.19000244140624,106.83000183105467,105.8000030517578,106.43000030517578,1485400.0,0.5231666306478717,0.5485372133471987,0.4000489198084567,0.6100834604041679,0.27458903274515095,0.4263215798475446,0.3217113863770007,0.6245899111639918,0,0,-0.011580862136674282,0.10177947134710152,-0.030317307677802795
2016-05-24,106.56999969482422,108.1500015258789,106.45999908447266,107.76000213623048,1084700.0,0.5212070272817491,0.5489536352740779,0.4894390301436664,0.6103180106697329,0.27807611608592986,0.47963969066817413,0.3042161416234591,0.6272531254158586,0,0,-0.01512731941872659,0.09799868716780001,-0.03326130701284223
2016-05-25,108.26000213623048,108.7300033569336,107.6999969482422,108.31999969482422,800600.0,0.519626484503749,0.5494445157196962,0.524296747193197,0.6104932817214136,0.2896529391119367,0.5342197244461906,0.2795536840142926,0.6292188019439721,0,0,-0.030623635730685623,0.081106140409318,-0.01800299186105906
2016-05-26,108.3499984741211,109.0,107.58999633789062,107.6999969482422,685700.0,0.5179105627598379,0.5495948129823375,0.4877176229345167,0.6106412081463136,0.27582035843536484,0.5412294475255903,0.25280689431005343,0.6275352341256766,0,0,-0.03129615398079086,0.07985599658649394,-0.016063495833379994
2016-05-27,107.95999908447266,108.70999908447266,107.3000030517578,108.5999984741211,732400.0,0.517304743888545,0.5494845022733891,0.5451609404806231,0.6108024451030113,0.30001513707442923,0.5663772340642935,0.23193826167838175,0.6293334623160216,0,0,-0.027855153992638656,0.08393687253186953,0.006870918149841444
2016-05-31,108.6500015258789,108.87000274658205,107.1999969482422,107.68000030517578,1807500.0,0.5160998765144311,0.5493162789156433,0.48948521146701307,0.6111917647533517,0.27318318837207217,0.5548931160227603,0.21005127559508888,0.6248955903143167,1,0,-0.03397792351061185,0.07688764817166054,0.007550641863219004
2016-06-01,107.68000030517578,108.20999908447266,106.48999786376952,107.9800033569336,998400.0,0.5155854395425368,0.5491908015099154,0.5095043233048041,0.611408140614386,0.2855871630341173,0.5258537353804835,0.19972205191354017,0.6273469161270426,0,0,-0.0252600409824886,0.08655274580618887,0.008822408483931909
2016-06-02,107.36000061035156,108.1999969482422,106.88999938964844,108.1999969482422,759900.0,0.5154534457608622,0.548964665503372,0.5246176111459808,0.6115735830454215,0.2968462049494241,0.5589709496720602,0.19013062992353066,0.6292126638084233,0,0,-0.02222635165092165,0.06751250869505775,0.017688423535247088
2016-06-03,108.06999969482422,108.16999816894533,106.86000061035156,107.66999816894533,1338700.0,0.5151454585488617,0.5487619701805799,0.4891450774350079,0.6118613233251241,0.30548266221323456,0.5416071555652064,0.18167091671663452,0.6259258149848093,0,0,-0.028743074843516316,0.060813327325713804,0.011367868684154911
2016-06-06,108.0999984741211,108.87000274658205,107.68000030517578,108.12000274658205,935900.0,0.5150811555412118,0.5486475240561471,0.5226994587727766,0.6120644622290662,0.2877765496471495,0.6338095305138615,0.16087031303294155,0.628223687408818,0,0,-0.02916317862958867,0.0608340592843717,0.002600527389788879
2016-06-07,108.1500015258789,108.36000061035156,107.37000274658205,107.7699966430664,1238100.0,0.5151928407996096,0.5484227661707649,0.4976235062759833,0.6123308671570084,0.2937150151701269,0.5757614298468157,0.14673347107756993,0.6251838371596833,0,0,-0.029504276363025658,0.06011838545023975,0.017388061465595923
2016-06-08,108.05999755859376,111.26000213623048,107.51000213623048,110.9499969482422,1908000.0,0.5159441890252432,0.548475163178915,0.6948251305097571,0.6127713421819782,0.30470772318154676,0.8211760280889788,0.15835946800750159,0.6298684622104457,0,0,-0.028764949157308456,0.06114878141001708,0.004917869498059034
2016-06-09,110.20999908447266,110.48999786376952,109.5199966430664,110.43000030517578,2689500.0,0.5169629125806015,0.5482724678561229,0.6565222577836426,0.6133844615317602,0.3535802356188825,0.7926197442468135,0.16915503658529532,0.6232650559871619,0,0,-0.04731861328891345,0.028751712745827072,-0.023073435142030516
2016-06-10,109.7699966430664,109.86000061035156,108.7699966430664,109.23999786376952,1255800.0,0.5175551932970894,0.5479622201707066,0.5746029262565547,0.6136629779012212,0.3509677518247392,0.6783694830427709,0.16632710868244674,0.6201817477383426,0,0,-0.04355698220864995,0.026804371146311172,-0.028796525367995828
2016-06-13,108.94000244140624,109.25,107.61000061035156,107.69000244140624,1285700.0,0.5178902568186998,0.5472148682209841,0.4826313369286115,0.6139379911390913,0.3502476796431544,0.5642023168908455,0.14644838368572718,0.6170250273883607,0,0,-0.03643357226990193,0.02123763951110161,-0.01995606323513826
2016-06-14,107.30999755859376,107.8499984741211,106.43000030517578,107.08000183105467,1221800.0,0.5175247343853824,0.5465102611712788,0.4498149463567983,0.6141954402805653,0.3418718368266711,0.4629802188772722,0.13884184200798436,0.6140251977830036,0,0,-0.02182188151959356,0.03667939909079213,-0.011328825267386707
2016-06-15,107.3000030517578,107.63999938964844,106.5,106.62000274658205,1056500.0,0.5173927406037078,0.5458470209004291,0.4253539018206952,0.6144154967651604,0.3405703857739032,0.4474518749180418,0.13177862473579458,0.611431221700126,0,0,-0.021852856997304503,0.03698168674595811,-0.016996634887023132
2016-06-16,105.62000274658205,107.01000213623048,105.05999755859376,106.95999908447266,843400.0,0.5175856547909354,0.5451410346775616,0.44989714460523333,0.6145925022791497,0.36435419431544447,0.39760124834258714,0.14092882554570643,0.613501983108833,0,0,-0.006190242403933414,0.052898135850303576,-0.008535018182960622
2016-06-17,107.0,108.26000213623048,106.62999725341795,108.18000030517578,1807100.0,0.5184453082550089,0.5448059671352321,0.532907083223877,0.6149824551956175,0.3875483960974501,0.5120506904870382,0.13162381671272402,0.6179388730088502,0,0,-0.019072559208945336,0.03982799338719241,-0.021783861733343252
2016-06-20,109.27999877929688,109.7300033569336,108.31999969482422,108.41999816894533,1227900.0,0.5191932738785456,0.5443357690270407,0.5484241103721216,0.6152486659005499,0.3799360664480817,0.6205065340187819,0.11897702868858676,0.6209536796649462,0,0,-0.039933441325915135,0.018302859598336278,-0.051673103365883336
2016-06-21,108.6500015258789,108.6500015258789,107.83000183105467,108.05999755859376,1346300.0,0.5197449401306187,0.5438366145944508,0.5238901788497465,0.6155379266116722,0.3683984538820478,0.5426578346251335,0.10146988212246055,0.617648170909264,0,0,-0.03403433410556149,0.024073055288974885,-0.0398450448974607
2016-06-22,108.4000015258789,108.4000015258789,107.66000366210938,107.80999755859376,1219400.0,0.5197618608875205,0.5431292491984211,0.5065491040770034,0.615798219739831,0.3520297726882912,0.5123423404213732,0.08545017770051061,0.6146542339140336,0,0,-0.031834189516254295,0.0264667839623149,-0.039792736895317864
2016-06-23,109.6999969482422,111.26000213623048,109.44000244140624,111.22000122070312,2078300.0,0.5207433551627001,0.5427142064447039,0.706817649502783,0.6162766657886797,0.3748324372774043,0.7758897941706855,0.09667148474245582,0.6197569887583729,0,0,-0.043966218079110886,0.014469949200587195,-0.048882262892198144
2016-06-24,108.08999633789062,108.08999633789062,102.20999908447266,102.7300033569336,3821500.0,0.519061280096871,0.5410898876200448,0.33137282798078116,0.6169939183252741,0.34273780750738325,0.21985422302400154,0.11025331824983231,0.610374234758641,0,0,-0.0528681638993134,0.028502119794526444,-0.03245812750706072
2016-06-27,101.41000366210938,101.47000122070312,98.08000183105467,98.69000244140624,3445900.0,0.5157072803536427,0.5387926764164032,0.237060373592024,0.6175703323192071,0.30742938469455394,0.06770955411121982,0.14055497969101885,0.6019136742437449,0,0,-0.03241508539121398,0.09588239221503246,0.028813384481145256
2016-06-28,99.9499969482422,100.55999755859376,98.41999816894533,100.55999755859376,1941300.0,0.5132975430232758,0.5366981594835527,0.32033279710567664,0.6179125737896397,0.34131053685406876,0.2292310005152089,0.1686922367435493,0.6066800592600158,0,0,-0.018948171759320537,0.11460132645860663,0.04802923676061562
2016-06-29,101.94000244140624,102.72000122070312,101.56999969482422,102.48999786376952,1582800.0,0.511439471944982,0.5347594554539911,0.39864973162542383,0.6182064766772305,0.3440397847496357,0.36682735700005764,0.1770639682264464,0.6105662356386042,0,0,-0.038385050756414726,0.09268098569109172,0.027844028344688403
2016-06-30,102.56999969482422,104.1500015258789,101.98999786376952,104.1500015258789,2193000.0,0.5100687666932504,0.533115832413066,0.46066579788066664,0.6186312853407757,0.361958411882533,0.4255493732892135,0.1742727846342809,0.6159506081419176,0,0,-0.04380913218222216,0.08478878546721293,0.013854992667994497
2016-07-01,104.1500015258789,105.48999786376952,104.06999969482422,104.5199966430664,1334300.0,0.5090026608871443,0.5323243553381635,0.4742849431508175,0.6188919458989518,0.3518880303451431,0.47273769660376175,0.16239854033111137,0.619226653846966,0,0,-0.05828132122797882,0.06826692756778216,0.0029764527513398325
2016-07-05,103.91999816894533,103.93000030517578,101.8000030517578,102.6500015258789,1898800.0,0.5071513601773223,0.5308710171655735,0.4176009409292505,0.6192449865709636,0.35014351644603864,0.4293539093906473,0.16330837280753877,0.6145646171350228,0,0,-0.05587444054207271,0.07022583431906447,-0.0025832056232115404
2016-07-06,102.1999969482422,103.0199966430664,101.72000122070312,102.97000122070312,1451500.0,0.5055268203328103,0.5295431574507122,0.43059360904637634,0.619516908844486,0.3698674379707097,0.4360648496261662,0.16455660733573765,0.6181284186345938,0,0,-0.04013633761270665,0.08826113057294188,0.013541153131868128
2016-07-07,103.27999877929688,103.77999877929688,102.52999877929688,103.02999877929688,1547900.0,0.5028463276527608,0.5280925765724456,0.4331700680970483,0.6198071096567525,0.3460844806622295,0.4596972768627113,0.15997070822140355,0.6219289066409225,0,0,-0.05050011543747259,0.0774983321582126,0.004758646770521863
2016-07-08,104.18000030517578,106.61000061035156,103.9800033569336,106.31999969482422,1649100.0,0.5014553138777522,0.5271728647974918,0.5619879034118674,0.6201428172104059,0.3326886635138731,0.5350816717402592,0.14068477205195198,0.6259778663742622,0,0,-0.05920604237983217,0.06871786775637016,0.005338280678193423
2016-07-11,106.62999725341795,107.04000091552734,106.41999816894533,106.61000061035156,892200.0,0.5005652015019717,0.5263234761257927,0.5722256640338791,0.6203255933000486,0.3305312576168717,0.5716602729888837,0.1254185992991407,0.6281684441888797,0,0,-0.0804175643990291,0.04354782633655258,-0.013355889512990899
2016-07-12,107.5500030517578,109.5,107.30999755859376,108.6999969482422,1404000.0,0.500907030227776,0.5260904453054398,0.6428289189221547,0.620627523496681,0.3497678277446243,0.626318606994904,0.12527894891876326,0.6316156211130256,0,0,-0.08882845105043187,0.03479972857361051,-0.010411786924272696
2016-07-13,109.0999984741211,109.5500030517578,107.95999908447266,109.47000122070312,1238500.0,0.5017159162568658,0.5258463842557927,0.667124823363042,0.6208983761827621,0.36498590938317454,0.6349747096076996,0.12541940776281238,0.634656453463848,0,0,-0.10137991676590039,0.01987123939973872,-0.024930995037313844
2016-07-14,109.80999755859376,109.98999786376952,108.3499984741211,108.62999725341795,1359100.0,0.5023961911063775,0.5257264214387114,0.6297366545687904,0.6211897577194382,0.3642238871463652,0.6283587400579966,0.12804195387800818,0.6313195174541567,0,0,-0.10715260433669108,0.013245679743013392,-0.027952841184540455
2016-07-15,109.0199966430664,109.4800033569336,108.13999938964844,109.2699966430664,1341000.0,0.5031780008258573,0.5258201852257173,0.6518498355648357,0.6214812781022535,0.3657308997561533,0.619862517732247,0.12871994156776015,0.6346120133624755,0,0,-0.10070878292015711,0.020620505843689477,-0.030102151576400952
2016-07-18,109.0,109.5,108.61000061035156,109.3000030517578,870100.0,0.5035570614139795,0.5259194646533707,0.652926997017139,0.6216704430227237,0.35134369752441563,0.620344365272249,0.12947818443745077,0.6367483300588426,0,0,-0.09993592481397996,0.020682732732324,-0.012812314165727043
2016-07-19,108.63999938964844,108.9800033569336,107.7699966430664,108.37999725341795,1424200.0,0.5035435232591745,0.5259291167615036,0.6069531182174238,0.6219734185705746,0.3646660313062465,0.6012058653858513,0.12256125385806241,0.6332515569994632,0,0,-0.0966147965576286,0.02397074724088866,-0.012442823169067519
2016-07-20,108.79000091552734,110.13999938964844,108.4800033569336,110.02999877929688,2360900.0,0.5042102625360205,0.5262862458144223,0.6701354874081347,0.6224943282697167,0.3976635056275066,0.6285904407866024,0.12428265913687989,0.6390481666862268,0,0,-0.09881896434662359,0.022790194531262947,-0.026850006789584203
2016-07-21,109.0,110.12999725341795,107.55999755859376,108.58999633789062,2133100.0,0.50447425009937,0.5262669405461555,0.5991241668753697,0.6229492727929705,0.40143660151589156,0.6057652576147783,0.11741038185801675,0.6338108639106601,0,0,-0.09924564473411611,0.02053987241028419,-0.02744702968800401
2016-07-22,108.58999633789062,108.58999633789062,107.30999755859376,107.6500015258789,1708800.0,0.5032659975410201,0.5262986552168785,0.5556629969784013,0.6233054345708698,0.36657795624517747,0.588495286030827,0.10873605221621044,0.6296153255004175,0,0,-0.09678602874368704,0.024587953664090924,-0.014273832531868655
2016-07-25,107.2300033569336,107.3499984741211,106.4000015258789,106.58999633789062,1670800.0,0.5045723972029628,0.5261745559323118,0.5087451372305161,0.6236446419962108,0.39337383041256935,0.5563470318396923,0.09239718036815284,0.6255130867505152,0,0,-0.08499769062872956,0.037436123754518325,0.003622846113519993
2016-07-26,107.06999969482422,107.06999969482422,106.18000030517578,106.76000213623048,2284800.0,0.5073036573179961,0.5261828299192836,0.516851961425521,0.6241099101567263,0.429620372934059,0.545257888092393,0.07655441285723363,0.6311228515911765,0,0,-0.0843418535757448,0.03930952796099123,-0.003189758416097844
2016-07-27,106.87000274658205,106.87000274658205,105.76000213623048,106.08999633789062,1627400.0,0.509175263968956,0.5258974010387797,0.4858989745930753,0.6244355950298902,0.39709809230766047,0.520375062514939,0.06574077733330222,0.6271271708743995,0,0,-0.08233421449646415,0.04112026322411088,-0.01470587920016017
2016-07-28,105.72000122070312,106.31999969482422,104.81999969482422,105.4800033569336,2163000.0,0.5101872197379811,0.5256864327810168,0.45799276518542176,0.6248615388598063,0.38197871410664674,0.4842899104553442,0.06414658760782921,0.6218164559976704,0,0,-0.07201432419052486,0.052219823798303935,-0.045810168518365633
2016-07-29,104.98999786376952,105.2300033569336,103.73999786376952,104.70999908447266,2107700.0,0.5103767487409727,0.5254547811338259,0.4234390546841932,0.6252681427493517,0.36251775502355504,0.4393703026673462,0.07158683585624184,0.6166415166792785,0,0,-0.06551000960184009,0.05944258696355848,-0.02114140743808052
2016-08-01,104.0999984741211,105.05999755859376,103.73999786376952,104.66999816894533,1641900.0,0.5104275161759568,0.5253210297411264,0.4216105103749961,0.6255842401496304,0.3770255688409895,0.43736481524298076,0.07849563780119637,0.6126102347763189,0,0,-0.05749208953970013,0.06837936896869995,-0.028077498211416637
2016-08-02,104.87999725341795,104.87999725341795,103.3499984741211,103.69000244140624,1473500.0,0.5107795004544691,0.5249735527963405,0.37688628651336076,0.6258605949283628,0.371583133017539,0.40957924811659124,0.08823156993272888,0.6089924176839193,0,0,-0.0649660412851787,0.06095352053522267,-0.040126082179375404
2016-08-03,104.12999725341795,104.37999725341795,102.87000274658205,104.33000183105467,2415800.0,0.5112397873892824,0.5246839885003522,0.41978233505294327,0.6263207720419063,0.383035891847703,0.39762651092359713,0.10135146971366632,0.6149238208273322,0,0,-0.058346950331899634,0.06876270339410585,-0.0278715336252551
2016-08-04,104.3000030517578,104.81999969482422,103.8499984741211,104.0999984741211,1282200.0,0.5116019246383636,0.5241793184271146,0.4084226001245701,0.6265633222126744,0.37913866863387213,0.4092079482929476,0.10750952209437481,0.6117756938671186,0,0,-0.05961852881758209,0.0667113865841128,-0.03920256777056549
2016-08-05,104.61000061035156,104.98999786376952,104.3499984741211,104.43000030517578,1063100.0,0.5109622616711278,0.5236429347351551,0.4320880955743437,0.6267660148955848,0.3530973645574585,0.4296486679681346,0.11085899324937376,0.6143858746278448,0,0,-0.06272813520665156,0.05312198713116806,-0.033909690980201454
2016-08-08,104.4499969482422,104.6999969482422,104.0500030517578,104.4800033569336,1210900.0,0.510241372357201,0.5231989367090402,0.4358294082369101,0.6269970403569552,0.36230728589882394,0.4326892546838835,0.11701719921269552,0.6173589419622096,0,0,-0.06099775063269647,0.054486281957084576,-0.03054672797749303
2016-08-09,104.3499984741211,105.1999969482422,104.19000244140624,104.37000274658205,1044600.0,0.5087759026039735,0.5226156716495781,0.42915829515955994,0.6271956525992045,0.3491723548490448,0.4488865783915123,0.11526044116874049,0.6147941834045438,0,0,-0.05675727521674352,0.05541731172947079,-0.01808958010071706
2016-08-10,104.69000244140624,105.06999969482422,104.08999633789062,104.69000244140624,1102400.0,0.5071581305457944,0.5222033872421852,0.4558772458796051,0.6274068574893504,0.33833963301279224,0.4573605880649052,0.11478350808559037,0.6175008556560955,0,0,-0.029893673129027413,0.052218039712762974,-0.01485103967584746
2016-08-11,104.81999969482422,105.37999725341795,104.43000030517578,104.73999786376952,1096100.0,0.5058415753311436,0.5217566298177452,0.4602101697912354,0.6276169973678517,0.34476969643220984,0.4735011111892691,0.10942986297407917,0.6201920598060643,0,0,-0.029611217898825884,0.05081669281459574,-0.014805645387441184
2016-08-12,104.61000061035156,104.87000274658205,103.70999908447266,103.98999786376952,977600.0,0.5040545802111107,0.5211761220526064,0.40781455505247877,0.6278007277224483,0.3269356786572948,0.45015367240702875,0.11331583981970109,0.6177918032811035,0,0,-0.0275921276359708,0.052797392515603156,-0.023582215687227164
2016-08-15,104.12999725341795,104.75,104.0199966430664,104.45999908447266,1037100.0,0.5024164996296545,0.5207335021476527,0.451611175298977,0.6279979161072496,0.32361045369573566,0.4655711600758248,0.11692424689063571,0.6203381474321232,0,0,-0.02317526764325938,0.05779404038553586,-0.016155402824189025
2016-08-16,104.51000213623048,105.36000061035156,103.6500015258789,103.6500015258789,1287100.0,0.5008156509105164,0.5201171432443056,0.39525369598230065,0.628237388470129,0.30737023693302495,0.459994967939812,0.10969725800972516,0.6171779897262342,0,0,-0.02670879705131143,0.05389620240054951,-0.008998683224629569
2016-08-17,103.66000366210938,104.02999877929688,102.9000015258789,103.58999633789062,1242200.0,0.49863605704755604,0.5195407719466523,0.3911654679250036,0.628467983422179,0.2851993040883534,0.4164741556607764,0.11287691009340348,0.6141280729347997,0,0,-0.010902121236634666,0.06251804758460291,-0.015436624022780432
2016-08-18,103.58999633789062,103.95999908447266,103.36000061035156,103.7699966430664,1036900.0,0.4970047468345718,0.5185507370684439,0.41016319072276697,0.6286612595381494,0.2952456432936839,0.4253589045420728,0.11582944417110466,0.6166739260349755,0,0,-0.006950416225135283,0.06323007320507053,-0.0022202503684705297
2016-08-19,103.22000122070312,104.86000061035156,103.22000122070312,104.7300033569336,1089900.0,0.49601648477305954,0.5177647766861897,0.5053746340366416,0.6288694051813092,0.3167277791443633,0.48094142754303687,0.10281798684054591,0.6193499076087837,0,0,-0.0033728291938271483,0.06668592457170215,0.0021200850710233745
2016-08-22,104.43000030517578,105.27999877929688,104.0,105.20999908447266,1148500.0,0.4955494300519134,0.5172090887779643,0.5485541240480051,0.6290912988423586,0.34205191370168153,0.5662714912685449,0.0870905304156678,0.6221697670798532,0,0,-0.014895421642230445,0.05452113913347477,-0.022725075691123964
2016-08-23,105.87000274658205,106.7699966430664,105.5999984741211,106.44000244140624,1341700.0,0.49544112739561247,0.5170367289527331,0.646249685234958,0.6293583949471638,0.34069782873352816,0.7980469893648932,0.09267271509700523,0.6254639816661256,0,0,-0.02851440002001438,0.04058546412150456,-0.040775600730525136
2016-08-24,106.27999877929688,107.12000274658205,106.0,106.38999938964844,1808400.0,0.49554266226558036,0.5169415859925651,0.641295148711487,0.6297176487456037,0.3420830890282782,0.823416229496601,0.10194334793301271,0.6210238999356232,0,0,-0.032036790252724635,0.03626456709709717,-0.03842536869671838
2016-08-25,106.0999984741211,107.19000244140624,106.0500030517578,106.75,914100.0,0.4959724877065476,0.5169595110356688,0.6688963050789797,0.6299007121265491,0.34793498297029063,0.7978618207871095,0.1113893382027176,0.6232682478176472,0,0,-0.030359956255938483,0.03797350257265279,-0.11627028093009914
2016-08-26,106.97000122070312,107.6500015258789,105.41000366210938,105.75,929700.0,0.49632447198505997,0.5167926668510852,0.5687886687905763,0.6300822749811256,0.33188037017406385,0.7020438938094835,0.10846308939160823,0.6209855979697994,0,0,-0.03840747985125133,0.029695533198550936,-0.12290400699374268
2016-08-29,105.91000366210938,107.88999938964844,105.91000366210938,107.5999984741211,1301700.0,0.4973161192308084,0.5167126916396977,0.7011400133668565,0.6303480650900136,0.3349900197544305,0.7385298675168164,0.10905427440477211,0.6241816023872927,0,0,-0.02874705357472652,0.03999995959847813,-0.12869976936502672
2016-08-30,107.3499984741211,107.6999969482422,106.66999816894533,107.27999877929688,1036500.0,0.49853113957549117,0.5165554995632469,0.6707657643729306,0.6305579547326415,0.34761601457137475,0.7032220537864643,0.10960323191699572,0.6216367313888047,0,0,-0.04163564861589225,0.025929376906063503,-0.14321557854316438
2016-08-31,107.08000183105467,107.08000183105467,105.43000030517578,105.87999725341795,1392300.0,0.49905572951795435,0.5162549039859635,0.5511030023224107,0.6308302164919067,0.31149747375406656,0.6062305409762403,0.09552294630344044,0.6182182809390266,0,0,-0.039243094075100626,0.028430233567003693,-0.13944816605795526
2016-09-01,106.0199966430664,106.3000030517578,105.08999633789062,105.9800033569336,929600.0,0.4996920098830933,0.5160025700013455,0.5586799402801871,0.6310123359490091,0.32474091510425657,0.574223403947019,0.08767276133243987,0.6205006852614526,0,0,-0.029750604251953496,0.02427275936429301,-0.12674724704445622
2016-09-02,106.73999786376952,107.06999969482422,106.31999969482422,107.04000091552734,662700.0,0.5005753544725406,0.5154261987036923,0.6352808025854239,0.6311455292160469,0.34233326368804656,0.6370501882007432,0.07535349777220401,0.6221277822327002,0,0,-0.03651627660506469,0.010851118035973181,-0.1328551967887721
2016-09-06,107.37000274658205,107.97000122070312,107.01000213623048,107.62000274658205,1320400.0,0.5016380750944109,0.5161004702558368,0.6733183509260249,0.6314144937857397,0.3419129190946198,0.669435532807629,0.0768178525928262,0.6253696999040977,0,0,-0.042040358384817844,0.005605366862754231,-0.13602396359729654
2016-09-07,107.23999786376952,107.79000091552734,106.41999816894533,106.7300033569336,1337900.0,0.5024368081529316,0.5172090887779643,0.5952591400070861,0.6316810354736039,0.3411607966566145,0.6223290975665574,0.06825281658309432,0.6220848152838593,0,0,-0.04060578893941963,0.006783156832402074,-0.13640587186885184
2016-09-08,106.54000091552734,106.87999725341795,105.27999877929688,105.3000030517578,1042400.0,0.502643260494964,0.5178626779926819,0.48832987788250726,0.6318813249050738,0.3253587322789667,0.5414700378507684,0.06336854610315137,0.6195254582854763,0,0,-0.034385815173937975,0.013398297200399019,-0.1300477543039098
2016-09-09,104.58000183105467,104.58000183105467,100.76000213623048,100.86000061035156,2339500.0,0.5013300904645495,0.5176379211593006,0.2730396600523427,0.6322799588927911,0.30239921952967647,0.3208995793718694,0.09897807412829501,0.6137813910390095,0,0,-0.036277298994441216,0.03219372546439695,-0.11585948930732781
2016-09-12,100.4800033569336,102.9800033569336,100.41999816894533,102.76000213623048,1597200.0,0.5009138031783871,0.5174462571178036,0.3985055056363421,0.632566558681588,0.32525967927894534,0.3449094946794948,0.13408443581666638,0.6177029230783584,0,0,-0.0005949354315402267,0.07426133074007547,-0.07178272307506821
2016-09-13,101.70999908447266,101.9499969482422,100.58000183105467,101.16000366210938,1425400.0,0.4997969325194361,0.5169829548754228,0.3366689976249698,0.6328110490471838,0.31986336316488995,0.3345037197556456,0.1666832002415826,0.6142032037139157,0,0,-0.012553531419911376,0.06091866490944103,-0.10208249947156271
2016-09-14,101.06999969482422,101.37999725341795,99.95999908447266,100.68000030517578,1098700.0,0.4987917471188828,0.5167113156225381,0.319272625411945,0.6329968140170116,0.33615002077443185,0.34099738901651633,0.2009141933244706,0.6115056159029761,0,0,-0.010972722125032166,0.06820879078777041,-0.08451960006166265
2016-09-15,100.69000244140624,101.5999984741211,100.37999725341795,101.23999786376952,1193000.0,0.4979963992445981,0.5164727691615377,0.35619344492333993,0.6332016392109511,0.33882723255317704,0.37574240147965793,0.228962582241751,0.6144347341868124,0,0,-0.007250728592777441,0.07230829119219458,-0.07290429027648508
2016-09-16,100.62999725341795,100.81999969482422,99.77999877929688,100.20999908447266,1986700.0,0.49679153187048425,0.516083925437896,0.3161045145410566,0.6335325174197682,0.32977428398097913,0.36792241915976465,0.25909587467864326,0.6095568806289772,0,0,-0.008395876057453634,0.07250102846862977,-0.07664949299265994
2016-09-19,100.93000030517578,101.5500030517578,100.52999877929688,101.08000183105467,1265600.0,0.4955562030025244,0.5153613933450869,0.374432111300563,0.6337484509670633,0.3195483761617508,0.4130534835320714,0.27445252537232767,0.6126642503691474,0,0,-0.011475915940379415,0.07025247959131234,-0.0778365744239032
2016-09-20,100.41000366210938,101.9499969482422,100.41000366210938,101.26000213623048,1317400.0,0.4942193418467356,0.5146236935034973,0.38648647976635053,0.633974214581161,0.3084702761044618,0.4320583159477759,0.28206276436170286,0.6158988022778866,0,0,-0.006232735174119718,0.07479221825925118,-0.07588054668973514
2016-09-21,101.8000030517578,102.54000091552734,101.26000213623048,102.45999908447266,1144000.0,0.4928723251382389,0.5137632735505031,0.4644933934651272,0.6341767824401144,0.31367345340233704,0.46621840023524397,0.279591298112282,0.6187076131049685,0,0,-0.019948688819335633,0.0609322342364214,-0.09302790440065968
2016-09-22,103.51000213623048,104.22000122070312,102.91999816894533,103.13999938964844,1149800.0,0.49177237523618983,0.512890443143052,0.5057938127410578,0.6343840375562319,0.3110270825269261,0.5101287705945944,0.2540351721217643,0.6215306644065233,0,0,-0.03640448360592337,0.043529173573343655,-0.11477652002060829
2016-09-23,103.11000061035156,103.76000213623048,102.77999877929688,103.2699966430664,1649000.0,0.4905945815895469,0.5121513641283003,0.5137873412012829,0.6346820879681939,0.30842027935234306,0.5096858212352563,0.2319276841649708,0.625579378614441,0,0,-0.03228623085864494,0.04712042504471192,-0.09986429234739311
2016-09-26,103.06999969482422,103.29000091552734,102.01000213623048,102.13999938964844,928400.0,0.489372790876392,0.5111682240639015,0.4501479631114724,0.634844698761795,0.3072655883054265,0.4890867027381171,0.22017226967290945,0.6232999205970785,0,0,-0.03185824559381581,0.04744845245628169,-0.08443886418280996
2016-09-27,102.0,102.62999725341795,101.5500030517578,102.4499969482422,1290400.0,0.48762979282287106,0.5102236913800335,0.4712161306928907,0.635072514271526,0.30651378011724095,0.4850874731762151,0.21423813891279844,0.6264681806418918,0,0,-0.02173488578391469,0.05844919969040224,-0.07107893263768965
2016-09-28,102.91999816894533,103.9499969482422,102.37000274658205,103.56999969482422,1300300.0,0.4863741580137731,0.5095604511091839,0.5440009137338246,0.6353089601209626,0.3125609229595244,0.5309085132409892,0.19096872311695592,0.6296607477034779,0,0,-0.030649092075959564,0.049292368981807416,-0.074475329240592
2016-09-29,103.6500015258789,103.95999908447266,101.9800033569336,102.05999755859376,1162400.0,0.48508129392449634,0.5084614846951894,0.45704009492668995,0.6355117039593038,0.30711436796192687,0.5112274474229541,0.17397366434481423,0.6268067601987577,0,0,-0.03736605926412327,0.041710917326961285,-0.06546296030968979
2016-09-30,102.6500015258789,103.8499984741211,102.6500015258789,103.36000061035156,1716500.0,0.4841945641508129,0.5077403317755423,0.5368161968943556,0.635821643761545,0.30557370202222817,0.544675026694668,0.15819253834211125,0.6310212040664902,0,0,-0.028120740890027272,0.05212619853111351,-0.06741137612572069
2016-10-03,103.2699966430664,104.04000091552734,103.2699966430664,103.44000244140624,1348300.0,0.4829761586218941,0.5071598240104036,0.5415650821130368,0.6360654194090084,0.2885363659144257,0.5710585169513599,0.14080887049634436,0.6343316233306112,0,0,-0.033765459008908,0.0454721802426732,-0.06985287876038887
2016-10-04,103.8000030517578,104.08000183105467,101.8000030517578,102.0500030517578,1560000.0,0.48109101381612923,0.5065338140509245,0.46152488204071673,0.6363367794540803,0.2688371770658508,0.5348896938036507,0.14246972173051545,0.6305014267482268,0,0,-0.03886314943522997,0.04031320640491506,-0.0731825165908348
2016-10-05,102.3000030517578,102.7300033569336,101.5500030517578,101.58000183105467,912400.0,0.47934801576260816,0.5058195548930862,0.436431216594942,0.6364933144176769,0.26716684004104585,0.5002694215391268,0.14671215306883936,0.628261252798376,1,0,-0.02469381868791151,0.05556097990579787,-0.05820678357445595
2016-10-06,101.4000015258789,102.36000061035156,101.22000122070312,102.19000244140624,1078800.0,0.47829544811130703,0.5052817930799653,0.47839855664400455,0.6366814741979222,0.28934025441360667,0.5098205243005332,0.154251747483346,0.6309099810503479,0,0,-0.015948048015163255,0.06467808206728799,-0.04715495992502495
2016-10-07,97.19000244140624,97.5,92.51000213623048,93.7300033569336,7136800.0,0.4758823281788432,0.5036616107227916,0.1844583219147665,0.6376326726170783,0.27145986030818126,0.06745428925464053,0.2096865854320122,0.6133873227367834,0,0,-0.04579704661284428,0.10548975948481781,-0.019571386165165825
2016-10-10,94.30999755859376,94.98999786376952,93.22000122070312,93.8499984741211,3251600.0,0.47286677197718335,0.5021641484770224,0.19155828919658127,0.6380667168158792,0.243207324476667,0.18529913264237396,0.2611617920986309,0.6213708273568354,0,0,-0.019204047347664243,0.14573779123948868,0.020057663666704646
2016-10-11,93.25,93.25,91.51000213623048,92.3000030517578,4157700.0,0.46986813911456454,0.5004584763198145,0.15817648311254925,0.638589630118548,0.24115896229942402,0.23359294633734412,0.3138147389971474,0.6111626168885153,0,0,-0.018540201300581982,0.15684604645744485,0.03590839426077684
2016-10-12,92.38999938964844,92.55999755859376,91.43000030517578,91.94000244140624,2171200.0,0.4669101207163607,0.4988382939626408,0.1506674306814139,0.6388584828818894,0.2383229309695676,0.3014951442464954,0.3629248157918217,0.6058317689271865,1,0,-0.010400856475967078,0.16879741404036688,0.056337993242819906
2016-10-13,91.01000213623048,92.36000061035156,90.30999755859376,92.12000274658205,2603400.0,0.4638234937207179,0.4971546833160221,0.16286457516827577,0.6391826909312285,0.257139250074339,0.34420630799199536,0.4115595365819744,0.6122237777621732,0,0,-0.007613710670530325,0.18446811653372885,0.0774417547109059
2016-10-14,92.75,93.11000061035156,92.5500030517578,92.5999984741211,2453200.0,0.46124791851273333,0.49556897292389457,0.1964802699947021,0.6394934300937648,0.23624213018547757,0.39683267948261575,0.4463735174858785,0.6182470074133946,1,0,-0.026487216333661776,0.1652192875262136,0.04993484951119119
2016-10-17,92.5999984741211,92.87999725341795,92.23999786376952,92.66000366210938,1918800.0,0.45839820277083027,0.4939460332723975,0.200853014417787,0.6397367461834947,0.24249880275135097,0.41362681811845675,0.47976442112614137,0.6229581492097273,0,0,-0.024730031892682112,0.16598275377809518,0.05831535221232259
2016-10-18,93.75,93.83000183105467,92.79000091552734,92.80999755859376,1317500.0,0.4555383314762192,0.4923368811445178,0.2124519588646506,0.6399046162400027,0.22494762651007522,0.43636866428421606,0.4975148818981082,0.6261929466438884,0,0,-0.03712499790039319,0.15152169610013297,0.02352687480053737
2016-10-19,92.81999969482422,93.18000030517578,92.16000366210938,92.55999755859376,2165900.0,0.45218771433508803,0.49070842480037236,0.20442294327217578,0.6401777344401315,0.20659048223717374,0.43939573750498634,0.5167856727921117,0.6208751115299229,0,0,-0.027044523243800477,0.15149227376842925,0.02607475738179478
2016-10-20,92.69000244140624,94.47000122070312,92.51000213623048,92.66000366210938,2411400.0,0.4486408004046321,0.4890496340106669,0.21312387540349917,0.640482592628259,0.19056526346962327,0.4567665733776818,0.517530989318743,0.6267957115547701,1,0,-0.025713104425114576,0.1284572137344931,0.020419181498486975
2016-10-21,91.41999816894533,92.58999633789062,90.4800033569336,92.37999725341795,2366900.0,0.4449551223240295,0.48734533997462026,0.20300705705877845,0.6407782719479457,0.21426892557929955,0.4431001373192974,0.5283469550057525,0.6209843703426896,0,0,-0.011979285198382364,0.1381394619671485,0.049320089728131095
2016-10-24,92.75,93.51000213623048,92.6999969482422,93.23999786376952,2011100.0,0.4419429513066056,0.4858630454776316,0.28168769571139984,0.6410374813432761,0.23190093210904278,0.4700970581065407,0.5272919758856214,0.62592213210348,0,0,-0.026412670642463765,0.12416109073091305,0.03756225724043025
2016-10-25,90.5500030517578,92.05999755859376,89.63999938964844,91.22000122070312,4338500.0,0.4381422027833691,0.48403741050334237,0.20472625140754516,0.6415538590633126,0.23773246915036805,0.44054630000567774,0.5401059963448009,0.6152700116722785,0,0,-0.009759799259529616,0.1466108803318314,0.08183180424956647
2016-10-26,91.01000213623048,92.62000274658205,91.01000213623048,92.5199966430664,2515800.0,0.43440237208354665,0.4825027179462028,0.30979644651047156,0.6418683601389005,0.25684289365226287,0.46313499041639195,0.545709948111833,0.6214469402376391,0,0,-0.015018666172426143,0.14481472163666803,0.09208508455898204
2016-10-27,93.02999877929688,93.62999725341795,92.73999786376952,93.3499984741211,2290700.0,0.43145450665591173,0.48109074655246853,0.3709491710391607,0.642163425159688,0.2808224362304354,0.48954365228112534,0.539844363461918,0.6270711910781954,0,0,-0.03664072106192072,0.12094685308492006,0.06776917963637656
2016-10-28,93.44000244140624,94.52999877929688,92.2699966430664,92.87000274658205,2062000.0,0.42790420754121977,0.4795877697180527,0.348992906346699,0.642424004519211,0.2647953632725434,0.49383688557999117,0.5250020447168186,0.6220084568776335,0,0,-0.04070704996113366,0.11547936749335212,0.0558114533436978
2016-10-31,93.3499984741211,93.44000244140624,92.80999755859376,93.12999725341795,2173000.0,0.4244148262499418,0.477988269698306,0.36907946782546264,0.6427009940602672,0.27464057546195764,0.49728214009094845,0.5112198915963688,0.6273437242965574,0,0,-0.039948303809102644,0.11704535829769949,0.03984068556273278
2016-11-01,93.25,93.58999633789062,91.75,92.73999786376952,2224200.0,0.4212638910823712,0.4762688079134789,0.349571759002272,0.6429800474936752,0.29198438065599447,0.48796874371384924,0.5048399667606058,0.6218827478615963,0,0,-0.03876302713215287,0.11779234987898077,0.031354002524016614
2016-11-02,92.8499984741211,93.98999786376952,92.37000274658205,92.37999725341795,2226700.0,0.41815018519497954,0.4743301038839173,0.33143024727702,0.6432552688705332,0.2753146407592924,0.509639229088771,0.49429563339862037,0.6164156332910865,0,0,-0.034612887194455044,0.12260085193536455,0.03504421042551769
2016-11-03,92.76000213623048,93.13999938964844,91.66000366210938,91.75,1646900.0,0.41461680683718966,0.472311425694969,0.3002307191524708,0.6434536811139558,0.24776133063441869,0.4636494168558477,0.4890077052876425,0.6123720751170296,0,0,-0.03377357479263845,0.12253734608554952,0.03420649628345737
2016-11-04,92.0199966430664,93.66000366210938,91.54000091552734,92.80999755859376,1528600.0,0.4143054344409532,0.47038926858734964,0.3928480044463426,0.6436453913339101,0.29714834507886867,0.5377985611560504,0.4777512105914087,0.6161251767169224,0,0,-0.02594002456041383,0.13144419823420456,0.04577661664999148
2016-11-07,94.16000366210938,94.41999816894533,93.56999969482422,94.3499984741211,2066800.0,0.41447465750280693,0.4688173467708405,0.5073534699347817,0.6439194811059924,0.3304485857090366,0.7457287768072974,0.4582531089876173,0.6211996961377377,0,0,-0.04870169584486113,0.10688501702289673,0.01594651186802043
2016-11-08,93.83000183105467,95.19000244140624,93.5,94.73999786376952,1692100.0,0.41530046428879847,0.4670441088047014,0.5336664242295193,0.6441467913303781,0.3451186039147033,0.755464060838147,0.4313988361798431,0.625354231802515,0,0,-0.04440914159161853,0.10863805157147335,0.021621631674821028
2016-11-09,92.36000061035156,95.97000122070312,90.87999725341795,95.29000091552734,3225500.0,0.41643425828679054,0.4653908336556435,0.5703994199413722,0.6445879490283738,0.37731511575544296,0.6803199597357007,0.42561091435134324,0.6332736542874385,0,0,-0.028710167638111257,0.12370700321901817,0.02786573199468085
2016-11-10,95.91000366210938,98.20999908447266,95.77999877929688,96.87000274658205,2826800.0,0.41804187737440074,0.46414846479281724,0.6643394255626742,0.6449951412068297,0.34874929212644384,0.9223199778223725,0.3979392810603689,0.6402141669150565,0,0,-0.06579918367320794,0.0857382526020525,-0.012803035040209996
2016-11-11,96.31999969482422,97.2699966430664,95.48999786376952,95.7699966430664,2013800.0,0.41911475096683987,0.46274062881456757,0.5857243497595832,0.6452743499788912,0.35668794659974523,0.7719499902864694,0.37437549003497983,0.6352697759678735,0,0,-0.06895839904795995,0.08010738016113308,-0.004851875785868175
2016-11-14,96.4000015258789,96.8499984741211,95.12999725341795,96.0500030517578,2002300.0,0.4202620831196369,0.4612252415256948,0.602517642581273,0.6455543259313449,0.350936945761204,0.7109027007331884,0.3552188736180165,0.6401859314915325,0,0,-0.0705858032075005,0.080192132968314,-0.01806414762006603
2016-11-15,96.0999984741211,96.54000091552734,95.51000213623048,96.2300033569336,1778800.0,0.421419570825142,0.45965469888234756,0.6136803517491258,0.6458043182816925,0.3756300249799837,0.6839707141988818,0.33743058694512196,0.6445533376971384,0,0,-0.06725662549944535,0.06902659731556526,-0.00822489214395576
2016-11-16,95.95999908447266,96.56999969482422,95.86000061035156,96.36000061035156,1636400.0,0.4227056671280857,0.45822480139350885,0.6221138632573506,0.6460350972463164,0.3898284762522531,0.6698457845118099,0.32057210329283947,0.6485711157018909,0,0,-0.06567597915779194,0.06650733973415965,-0.012470091513882408
2016-11-17,96.7699966430664,96.83000183105467,96.0999984741211,96.61000061035156,1118700.0,0.4240425282838744,0.4570265555518609,0.6389256364120379,0.646194074525558,0.42092092236672507,0.6626615678449745,0.30181485389027474,0.6513178085972199,0,0,-0.07399332926791226,0.014943985391087227,-0.015774145220409215
2016-11-18,96.2300033569336,96.2300033569336,95.12000274658205,95.19000244140624,1276900.0,0.4249935636473467,0.4562447316370922,0.5246589475941653,0.6463668405427753,0.38326549405030813,0.6026079914202707,0.2933847905891438,0.6481826944843696,0,0,-0.06821244100664099,0.02049472844457171,0.010764861604000232
2016-11-21,95.55999755859376,96.33000183105467,95.30999755859376,96.19000244140624,1807100.0,0.42599198126156707,0.45533880843775676,0.5949651714405141,0.6466196893792456,0.39127621862126094,0.6145479087588605,0.2842454393669607,0.6526195843843867,0,0,-0.06219138582950824,0.02783907404047067,0.000630372795979464
2016-11-22,96.4499969482422,96.70999908447266,96.02999877929688,96.62000274658205,1513600.0,0.427819590846015,0.4547127974262767,0.6233116562276146,0.6468343626621335,0.38860421693754416,0.629518529340108,0.2706286176355537,0.6563358571709873,0,0,-0.07079735300705546,0.018297142026818775,-0.008940644438339033
2016-11-23,96.58999633789062,97.69000244140624,96.36000061035156,97.58999633789062,1089300.0,0.429535512589926,0.45428672339126464,0.6833817970642505,0.6469937445290558,0.372627698560695,0.6547177497822524,0.24547153337298508,0.6590103655922638,0,0,-0.07193124353836809,0.01676674291586417,-0.0024839355924984306
2016-11-25,97.62999725341795,98.12999725341795,97.3499984741211,98.12999725341795,482500.0,0.43115328464810515,0.4538578920619293,0.7144532370171692,0.6470655437222498,0.36804062542253935,0.6716583091219477,0.21923901612159327,0.6601950257531615,0,0,-0.08187312392251103,0.005943250874265155,-0.012706198486535564
2016-11-28,97.91999816894533,97.9499969482422,96.7699966430664,97.3499984741211,1251200.0,0.4326695218363165,0.45346353269764006,0.6456217163294335,0.6472470358596011,0.37986783740542773,0.6368189259435236,0.19939101729078487,0.6571230116737516,0,0,-0.08437785601801277,0.0029552728385226624,-0.013145836661912678
2016-11-29,97.3499984741211,98.4499969482422,96.91999816894533,98.0,1467900.0,0.4343177553883418,0.45303883783579,0.6856344743887948,0.6474643136171635,0.3869942987192567,0.6505046605308002,0.17586058268265745,0.6607270793425222,0,0,-0.07919875917124163,0.01129941953120343,-0.004930618747432721
2016-11-30,98.45999908447266,98.69000244140624,95.83000183105467,95.93000030517578,2704300.0,0.43539739934925287,0.45230389528852377,0.5270569234606501,0.6478377514692034,0.3534298725072089,0.5953705021473922,0.16557628796201326,0.6540873353567901,0,0,-0.08999999688596141,0.002346973029934485,-0.021836728465800384
2016-12-01,96.41999816894533,96.8000030517578,94.8499984741211,95.23999786376952,2444100.0,0.4363653554696271,0.45130834476966797,0.482947877734628,0.6481668492672271,0.3625918796118676,0.5185687674667219,0.16612248044333375,0.648086448518966,0,0,-0.07067652202364355,0.02366313213008959,-0.004690888635574441
2016-12-02,95.29000091552734,95.5,94.1500015258789,94.58000183105467,2084400.0,0.43732315861943255,0.45012802502312455,0.44268060904519735,0.6484406962664052,0.37121987007981017,0.43974421819138737,0.17322704687963528,0.6429687166238879,0,0,-0.059323830875769444,0.035699302836421996,0.014699722357002174
2016-12-05,95.36000061035156,96.98999786376952,95.2300033569336,95.98999786376952,1634600.0,0.4383994173961077,0.4491242015692979,0.5417190018515293,0.6486660953751845,0.3646464004868937,0.526938007651599,0.1600025876423772,0.6469820751710452,0,0,-0.06047791404065086,0.035208307957140375,0.02262634117380387
2016-12-06,95.9800033569336,96.36000061035156,95.5199966430664,96.22000122070312,1358000.0,0.43903231257701064,0.44830790568948287,0.5567675340922877,0.6488546768761637,0.35438048990491483,0.512585648853582,0.1477227326363519,0.6503163104010952,0,0,-0.06604858952370211,0.02823209860175968,0.031461576312903264
2016-12-07,96.30999755859376,98.20999908447266,96.20999908447266,98.18000030517578,1581700.0,0.4401965680688486,0.4477191249893734,0.6709390378911058,0.6490887449807693,0.36367398366488135,0.6562461629247082,0.13911328857706792,0.6541997860000421,0,0,-0.05643317643200639,0.02473503276468863,0.040843902050690856
2016-12-08,98.18000030517578,99.66999816894533,97.87999725341795,99.41000366210938,1494200.0,0.44159096702809325,0.4471455120380443,0.7298240781876063,0.6493183328507198,0.34737533517204083,0.7720763513698875,0.14429924794926488,0.657868426854785,0,0,-0.07435325961567542,0.01517618516131739,0.03687108102800831
2016-12-09,99.4800033569336,100.16999816894533,98.91999816894533,99.3000030517578,1354900.0,0.4424133912119878,0.4467649423013743,0.7212152446417476,0.6495256602072635,0.344370816378825,0.7624129351204214,0.15322065714484503,0.6545418029128154,0,0,-0.08651046963791205,0.006940899171043165,0.016094944323303825
2016-12-12,99.06999969482422,99.8499984741211,97.76000213623048,98.6500015258789,1528900.0,0.44338811770083414,0.4461154906061431,0.6699074569966419,0.6497547638853508,0.35879316712323384,0.6768403228435798,0.14709023570778632,0.6507879647366568,0,0,-0.08247736344114126,0.011077527092801392,0.027995958649143907
2016-12-13,98.12999725341795,98.38999938964844,96.6500015258789,97.0500030517578,2145200.0,0.4437265638245415,0.445234387263721,0.5576663492452703,0.6500597819818629,0.3425562039002214,0.5645402817187775,0.12914523109412476,0.6455209533850343,0,0,-0.07349214280648646,0.0206791777392139,0.039432329746370925
2016-12-14,97.06999969482422,97.87999725341795,95.91000366210938,96.16999816894533,1576800.0,0.44370625530126456,0.4444236059725526,0.5036785525005429,0.650277245361088,0.31919147624701094,0.5063656922251881,0.11508807691494946,0.6416495085317628,0,0,-0.06378157904956551,0.03194228105760951,0.05110766541478042
2016-12-15,96.1999969482422,97.12000274658205,95.62999725341795,96.0999984741211,1684600.0,0.44361825858610177,0.4436679800358584,0.499402678343592,0.6505088237365314,0.3030592718848033,0.4766246453009136,0.10485195009926185,0.6375133872736316,0,0,-0.055318704337275856,0.04128107826027905,0.039617398986481284
2016-12-16,96.06999969482422,96.6999969482422,95.77999877929688,95.91999816894533,2050100.0,0.44338472993445915,0.442803422563378,0.4878230978431195,0.6507886394383383,0.27967075059423696,0.46722671372642693,0.09534697519898047,0.6324798705982816,0,0,-0.05400626975872312,0.0426638765787827,0.046722142924681354
2016-12-19,96.05999755859376,96.87000274658205,95.97000122070312,96.22000122070312,1473400.0,0.44373332902873547,0.44314676304067835,0.5104403090633615,0.6509916297993009,0.28543487583691357,0.47931875489285863,0.08435603303328906,0.6360974421652592,0,0,-0.054003340325884885,0.04284821402011035,0.04712264760993592
2016-12-20,96.26000213623048,96.4000015258789,95.55999755859376,95.63999938964844,1418600.0,0.4435471826278408,0.4433935824366496,0.4701158819998289,0.6511830646577218,0.25468371664535905,0.4401285327972703,0.07898139131191734,0.632614418529509,0,0,-0.05591358152731911,0.04063600065589639,0.048638539241348325
2016-12-21,95.38999938964844,96.1999969482422,95.0500030517578,95.87000274658205,1189500.0,0.4432933480350603,0.44388584205543,0.48907786600833725,0.6513447561453395,0.24710516824248346,0.4334970200074474,0.0798718153817064,0.635534943423577,0,0,-0.04715602431004011,0.04997907580302903,0.04736510673574086
2016-12-22,95.94000244140624,95.98999786376952,94.93000030517578,95.0,1177500.0,0.4424167738140848,0.4443077785709558,0.4283164095057951,0.651499917137038,0.2227552010088858,0.4150395563849793,0.08209261446171687,0.6326438815801426,0,0,-0.01867112615255606,0.04412220304948201,0.042453317807684646
2016-12-23,95.04000091552734,95.04000091552734,93.8000030517578,94.69000244140624,1816200.0,0.44125252090438577,0.44466215032955125,0.4076970198953509,0.6517364164020335,0.22661160702915462,0.37218450360925903,0.09647369534866798,0.6281846488667283,0,0,-0.013052609092311004,0.05399997108861035,0.053263132195723685
2016-12-27,95.0500030517578,95.93000030517578,94.87999725341795,95.8499984741211,1200000.0,0.44074485171882466,0.44511028587515256,0.5083812198863858,0.6518990704664461,0.2395944209466025,0.4551960311515763,0.09599064377689259,0.6311309539301009,0,0,-0.013200971251146547,0.0540711266784026,0.0536486859296855
2016-12-28,96.33999633789062,96.47000122070312,94.58999633789062,94.66999816894533,1155100.0,0.4396178255071656,0.4453874397166837,0.4278328796614568,0.6520491624156713,0.21882343994182138,0.4391453142126275,0.08777530023062113,0.6282948897811828,1,0,-0.026499669552092993,0.03995828786673146,0.04381851480958233
2016-12-29,94.6999969482422,95.31999969482422,94.66999816894533,95.30999755859376,1150100.0,0.4394079879808969,0.44573215936714616,0.48035238906984323,0.6522019589100049,0.26420949158386875,0.4361553559958995,0.08014676693765477,0.6311186776590034,0,0,-0.009506643222684978,0.0577796696577676,0.06453998868203031
2016-12-30,95.43000030517578,95.5,94.45999908447266,94.76000213623048,1248700.0,0.43924553528751525,0.44603551329075375,0.4431591089737771,0.6523645384410165,0.27593986394981246,0.42685742059310905,0.07587109083045154,0.6280528017151423,0,0,-0.01710205954434013,0.049732430859160764,0.0644213571181108
2017-01-03,95.43000030517578,95.97000122070312,94.56999969482422,95.25,1358100.0,0.4394722935706859,0.4463926423436725,0.4843933342811034,0.6525443531906546,0.28491422978579084,0.449492735010132,0.06440066352188215,0.6313872824706143,0,0,-0.01720132140852676,0.05002108228063513,0.06405655928645677
2017-01-04,95.70999908447266,97.5199966430664,95.62999725341795,97.2699966430664,1334500.0,0.4399055041958892,0.4470669138958171,0.6274881925042176,0.652733519909454,0.29997287042400156,0.5600733708782005,0.0670395450428724,0.6346638192265065,0,0,-0.02005245178703263,0.04682413736979182,0.0636220216125328
2017-01-05,96.45999908447266,96.62000274658205,95.4000015258789,95.62000274658205,1661900.0,0.4397024370380925,0.44739508767633795,0.5133768442468084,0.6529560995042184,0.27536791153723733,0.49367966828581056,0.06587956685775487,0.6305834322391575,0,0,-0.0273465212759876,0.03814124820099011,0.06075875260689305
2017-01-06,95.7699966430664,96.13999938964844,95.29000091552734,95.58999633789062,1379800.0,0.438825860234978,0.44799765695206584,0.511449959996715,0.6531405572927499,0.25111021435316805,0.4832121079089298,0.06301445262004873,0.6271956724671228,1,0,-0.020602316824123137,0.046015492569479136,0.07561182963040682
2017-01-09,95.0500030517578,96.45999908447266,94.7699966430664,96.3499984741211,1454000.0,0.4377902133405787,0.4485257677090546,0.56370086896517,0.6533399503039564,0.2536681730542434,0.5053783878000443,0.05193162128605913,0.6307656121022426,0,0,-0.013076682162237058,0.05356203905573359,0.08117998539727954
2017-01-10,96.06999969482422,96.6500015258789,95.66999816894533,96.38999938964844,1418100.0,0.43680533388116344,0.4489449469302571,0.56645259452701,0.653534539440845,0.2686315631421358,0.5603920890473766,0.04451375673759822,0.6342474081108832,0,0,-0.023559903259117592,0.04255317632643593,0.06777372997105739
2017-01-11,96.25,96.66999816894533,95.58000183105467,96.62999725341795,1169900.0,0.4361216712652766,0.4494634045271121,0.5837401125992836,0.6536962728521022,0.28502110881850945,0.5945741964616628,0.036062779150903695,0.6371198100222495,0,0,-0.025417542937605963,0.040668100360692655,0.0732440875951697
2017-01-12,96.4499969482422,96.9800033569336,95.8000030517578,96.87000274658205,1027100.0,0.4360607508597238,0.4499791058816446,0.6014541902161753,0.6538393334397891,0.30995917080157137,0.6457476848222122,0.033300059018905925,0.6396416016310744,0,0,-0.02742413300017629,0.038497374794984204,0.062092519616497976
2017-01-13,96.83000183105467,97.0999984741211,96.16999816894533,96.31999969482422,1237900.0,0.43611151829470757,0.4504727446735871,0.5537217135151942,0.654008479019306,0.31398555150817864,0.6448563387316181,0.03272758687673785,0.6366022424327837,0,0,-0.031279020268261376,0.034479160144428735,0.05780941793478681
2017-01-17,95.79000091552734,96.08000183105467,94.62000274658205,95.97000122070312,2251600.0,0.43606752122819575,0.45096776263869165,0.5241105142165887,0.6543121838185527,0.3456710393053627,0.4960062047681364,0.03526449602281581,0.6310739920322089,0,0,-0.020660276890308988,0.045473393555807325,0.07786544875168863
2017-01-18,95.97000122070312,96.8499984741211,95.66000366210938,96.69000244140624,2144200.0,0.43632812618944833,0.4516489290046458,0.584156487835168,0.6546082622588624,0.38310345507921045,0.6276321769871008,0.024506493558224263,0.6363385481296119,0,0,-0.02261121330982336,0.04376364379305809,0.06679166355300653
2017-01-19,97.83999633789062,98.9800033569336,96.0,97.5,3378000.0,0.4367613368146515,0.45229562340555385,0.6453496624547098,0.6550867720619854,0.39157467507483273,0.7640428188763717,0.03873691635106022,0.6446323968830057,0,0,-0.04178294740018284,0.024097649935076522,0.04364464902418886
2017-01-20,98.02999877929688,99.81999969482422,97.87000274658205,99.0,2805500.0,0.4378985159968796,0.45293680216581433,0.7402937528574872,0.6555031160436778,0.4115099175621554,0.8423239147732599,0.060285687524219034,0.6515206125957487,0,0,-0.04338457156450335,0.02194871168870207,0.03251280173277258
2017-01-23,98.73999786376952,100.30999755859376,98.6999969482422,100.23999786376952,2340700.0,0.43937752390491197,0.45369518539683185,0.8039412310097639,0.6558635076590656,0.43189450372870775,0.8319235180976219,0.0848377704312859,0.6572676261472788,0,0,-0.049898937495067866,0.015858582776002498,0.020606069853811696
2017-01-24,100.73999786376952,102.5500030517578,100.44000244140624,101.8000030517578,2264400.0,0.44167895857897804,0.45459283566119646,0.869768001864783,0.6562281425763875,0.45285794566083254,0.8602025748221921,0.12459128357226304,0.6628273038018629,0,0,-0.06923378850669441,0.018056716146863414,0.06075423081674178
2017-01-25,102.1999969482422,102.27999877929688,100.87999725341795,101.08000183105467,2107500.0,0.4438416291028973,0.4551733434263352,0.8010378865203646,0.6565600835093425,0.42414672438514095,0.7700889395972159,0.16150526006031332,0.6576528555343149,0,0,-0.08251467234449518,0.003438173801798849,0.007170956139976014
2017-01-26,101.63999938964844,102.0,100.76000213623048,101.8499984741211,1591700.0,0.44587230584514187,0.4560117018687402,0.8341280634998803,0.6568162304678687,0.42651571300967583,0.7233123723256064,0.19357688625451966,0.6615608836754566,0,0,-0.07756228923496089,0.009002806149829151,0.004451888999708502
2017-01-27,101.69000244140624,102.12000274658205,101.22000122070312,102.0199966430664,1333600.0,0.44835988433796353,0.4568348915103638,0.8413436604923478,0.6570317313282291,0.4526980703974566,0.6977720288520509,0.22427012883872346,0.6648352107025512,0,0,-0.07746685820180149,0.008443796006242246,0.00972015590182942
2017-01-30,102.1500015258789,102.1500015258789,100.44000244140624,102.02999877929688,1996100.0,0.45063424270241964,0.4576346404682363,0.8417931288838726,0.6573541023876447,0.4602155442788949,0.663724342468343,0.23784913779935038,0.6697361436500496,0,0,-0.0818466844626053,0.003920814928845397,-0.004116822022791714
2017-01-31,101.72000122070312,101.86000061035156,99.29000091552734,100.01000213623048,2571500.0,0.4524110848518836,0.4581379313683117,0.6519061124815535,0.6577448436338155,0.4526839010560004,0.6112277169509144,0.23131209193833727,0.6634224574246641,0,0,-0.07762421115065612,0.008134880338968413,0.02273840755249499
2017-02-01,99.6500015258789,100.76000213623048,99.0,100.55999755859376,1643600.0,0.4542082329424854,0.4586825879952421,0.6837250857509621,0.6579985041582713,0.46904898224198266,0.5933032520883227,0.22079674711889566,0.6674579132597968,0,0,-0.058494134078233735,0.028997114927850925,0.03969604175485696
2017-02-02,100.51000213623048,101.08000183105467,100.04000091552734,100.58000183105467,1971400.0,0.45532849136781156,0.4594258034774792,0.6849067029768913,0.6583026531682322,0.4577254900339719,0.6017142636943775,0.21483949441263453,0.6722982014280741,0,0,-0.06672632505348798,0.02028640577818887,0.03957831965160889
2017-02-03,101.11000061035156,101.1500015258789,100.41999816894533,100.94000244140624,921600.0,0.45712902464264954,0.46008077081335796,0.7069269414546324,0.6584462673973489,0.4759040958910643,0.6037682034467013,0.2101655727793009,0.6745609637167441,0,0,-0.07267843930717408,0.014316985635226211,0.04434280178244742
2017-02-06,100.31999969482422,100.98999786376952,99.5500030517578,99.91999816894533,1606000.0,0.45859449697801596,0.460535800120768,0.614472549913171,0.6586887916398366,0.47121699864909283,0.5740707645311792,0.19146471416496577,0.6706178254402638,0,0,-0.06459279260322145,0.022092364800843495,0.04121263682873575
2017-02-07,100.04000091552734,100.81999969482422,99.7699966430664,100.01000213623048,1084100.0,0.45983321103021185,0.4608694895419364,0.6208277263695875,0.6588528406012705,0.4480454087207307,0.5703546677154809,0.17409963116594027,0.673279566539599,0,0,-0.06244993973297437,0.025120117916600918,0.042133698575077684
2017-02-08,100.08000183105467,100.2699966430664,99.56999969482422,100.0999984741211,1029100.0,0.4610888458393096,0.46114112879482083,0.6275383153627325,0.659008910075776,0.4463401878727308,0.5562557938838847,0.1546182865626011,0.675806268656863,0,0,-0.056194406824695654,0.024697541925242306,0.04539546863865802
2017-02-09,100.19000244140624,100.4800033569336,99.79000091552734,100.12999725341795,726400.0,0.46227340727228566,0.46152445687781507,0.6299144082285868,0.6591191240246873,0.43265432149989047,0.5575385319502036,0.13995736598824196,0.6775897653218912,0,0,-0.05724279165114034,0.023576430033230168,0.03596402126870978
2017-02-10,100.1999969482422,100.9499969482422,100.0199966430664,100.54000091552734,1304200.0,0.46351550392657853,0.46187469216892507,0.6630075801788599,0.6593193726634016,0.42413532719191294,0.571172853079135,0.13385591816360207,0.6807919078749333,0,0,-0.057325457117932854,0.023469551263124385,0.03615302952041625
2017-02-13,100.94000244140624,101.25,100.63999938964844,100.80999755859376,980900.0,0.46503512629902594,0.46254758454790756,0.684527241426154,0.6594711161155636,0.4291916809416135,0.5904090601182617,0.1328177243886561,0.6832002667388184,0,0,-0.06445199222126535,0.016013532879358815,0.040083536329812174
2017-02-14,100.91000366210938,101.75,100.47000122070312,101.56999969482422,1531000.0,0.4669304240753596,0.4634204149553588,0.7415556926433656,0.6597131788840086,0.4190400352986235,0.613198632616417,0.1392460215525049,0.6869592609488379,0,0,-0.0628906271285262,0.016268221697904584,0.048209434566569245
2017-02-15,101.0,101.66999816894533,100.91000366210938,101.5,877500.0,0.4685583491041078,0.4643745986953589,0.7326680734570002,0.6598515486207067,0.4055027933868365,0.616620515955343,0.14521515463322168,0.6848047753712466,0,0,-0.06281379612668311,0.015260441630549527,0.041646188536408404
2017-02-16,101.8000030517578,101.98999786376952,100.98999786376952,101.7699966430664,878500.0,0.4700035129161973,0.465171590358908,0.7532912911319505,0.6599911081984416,0.41137052229239457,0.6324314385564664,0.15560345132874617,0.6869617162030573,0,0,-0.0707389192628153,0.007389162561576354,0.03231525890932882
2017-02-17,101.70999908447266,102.37000274658205,100.73999786376952,102.37000274658205,1306000.0,0.47114407728266133,0.46601960090944594,0.7969299773005133,0.6602020799655667,0.42212345217944697,0.6528738897148716,0.17078532636390129,0.6901682782136944,0,0,-0.06966686225565139,0.008253945121284148,0.03311391232920528
2017-02-21,102.5,103.12999725341795,102.3499984741211,103.0,2263300.0,0.47207818930709283,0.4666842203534576,0.8384111622847842,0.6605739339247133,0.41426780890303827,0.7478394516288641,0.1948111122582664,0.695725255088637,0,0,-0.0769756475725117,0.006154119727607305,0.022174431788243725
2017-02-22,102.4000015258789,103.33999633789062,102.31999969482422,102.80999755859376,1950600.0,0.4724200180328972,0.4671530382364859,0.8102609003622615,0.6608923564171972,0.40512615129714563,0.7218649383576325,0.21965164983832905,0.6909360362081249,0,0,-0.07553396873103749,0.009126163223414745,0.025242703632243627
2017-02-23,103.2300033569336,103.2300033569336,102.19000244140624,102.5999984741211,1521200.0,0.4729344550047912,0.46760806754389583,0.7786560288676858,0.6611389886404796,0.41992441722082596,0.6846048437131531,0.23903407252772604,0.6872011034894564,0,0,-0.0837467251708134,0.0010698665846611245,0.019842362946951474
2017-02-24,102.12999725341795,103.37000274658205,101.93000030517578,103.30999755859376,1348600.0,0.47342858603554744,0.4682506244253174,0.8300159166108719,0.6613618860062039,0.42029452333537665,0.6844652844244096,0.24961046854054417,0.6905122593298432,0,0,-0.0731968286405985,0.012085823699859595,0.03820668476255963
2017-02-27,103.08000183105467,103.4000015258789,102.26000213623048,102.4499969482422,1149000.0,0.47357411797202714,0.4689952180287157,0.7084649545950698,0.6615471215987886,0.39774792265437187,0.6576429954206551,0.25989824981121756,0.687691172231664,0,0,-0.08188945198333217,0.0030974707422942345,0.026231721503387463
2017-02-28,102.31999969482422,102.76000213623048,101.95999908447266,102.43000030517578,1277500.0,0.4737094969379379,0.46985839632803417,0.7057832280245901,0.6617528272842065,0.37908811404394993,0.6208185296313875,0.26050809991627966,0.684554584966282,0,0,-0.07515858640905784,0.010541745858716863,0.036505592729875774
2017-03-01,103.4499969482422,103.81999969482422,103.0500030517578,103.29000091552734,1680000.0,0.47481959981055605,0.47084981037940454,0.7747659164072764,0.6620297863742389,0.3853138697145486,0.6816318962790618,0.2774710371561717,0.6886794120550035,0,0,-0.07605187213632371,0.0036122497850204615,0.015718057264031946
2017-03-02,103.3000030517578,103.3000030517578,102.3000030517578,102.37999725341795,1398800.0,0.47543557165241795,0.4717405658299596,0.6569736773812066,0.6622543509780451,0.3547423653110867,0.6151892142793067,0.2734506649200694,0.685245002452799,0,0,-0.07067482802839636,0.005034336706915941,0.010843209480688098
2017-03-03,102.43000030517578,103.16999816894533,101.68000030517578,102.05999755859376,1077300.0,0.4759364704695071,0.47254583042847953,0.61937228370664,0.6624256066599669,0.3471949031822475,0.5808981931784889,0.25564875955350597,0.6825999570821562,0,0,-0.044539926557201584,0.013576864885118292,0.028911888688039955
2017-03-06,101.9499969482422,101.95999908447266,100.95999908447266,101.1999969482422,928000.0,0.47602446460253095,0.4733124865944679,0.5267986910181655,0.6625693838453103,0.3362677652796653,0.503396436901169,0.23009977191391542,0.6803214811664814,0,0,-0.03184401408724451,0.018322582709336514,0.027336870294608278
2017-03-07,101.13999938964844,101.25,100.66999816894533,100.77999877929688,1211900.0,0.47631552847549047,0.4739895154409357,0.4859027266735876,0.6627547041432674,0.33662398309556574,0.4584568104670722,0.21165970147898547,0.677345958577897,0,0,-0.021146239665826475,0.02648221725289619,0.03814229967146861
2017-03-08,100.63999938964844,113.48999786376952,100.33999633789062,106.83000183105467,12605300.0,0.47862373093588956,0.47562072907940456,0.8555018444569286,0.6650247958664365,0.3419448358675609,0.8783451927320503,0.26598205511328665,0.7082951745906723,0,0,-0.01627306419441375,0.12750544383575485,0.05685655314882496
2017-03-09,106.0,106.0,101.41999816894533,102.93000030517578,5750000.0,0.47958153408569487,0.47675692475276865,0.596010061693149,0.6659528902246884,0.3108392936274537,0.6218404034462099,0.31642424063085195,0.6941774628286786,0,0,-0.06552466423308768,0.0701113707328631,-0.0005616171259516292
2017-03-10,103.94000244140624,104.5199966430664,101.94000244140624,102.08999633789062,3039000.0,0.48024488817830474,0.4776173447057628,0.5528433493298065,0.6664306411163775,0.27739139330352713,0.5695805320192502,0.3632634128971626,0.6867159452556877,0,0,-0.047993805758862224,0.0927814572432588,0.03954143284520703
2017-03-13,102.26000213623048,102.7300033569336,101.58999633789062,102.68000030517578,1442700.0,0.48096916267646744,0.478721826760405,0.5812868786512967,0.6666610728007348,0.2919187061798723,0.5174847977192092,0.4020538125099541,0.6902581405181273,0,0,-0.03193263055315181,0.11000094162380755,0.08384756455727974
2017-03-14,102.47000122070312,102.47000122070312,101.4499969482422,101.7300033569336,1208600.0,0.4812805350727039,0.4796070676223133,0.531211196932123,0.6668487388756837,0.2905324888040218,0.46754766756814986,0.4361142230318914,0.6872907202684673,0,0,-0.033794324214938797,0.1073236911795267,0.07800937000802394
2017-03-15,102.88999938964844,104.41000366210938,102.19000244140624,104.04000091552734,1789400.0,0.48211649741140344,0.48088666679650993,0.6381800228210965,0.6671452473431142,0.2916893552364382,0.6227733606866511,0.47423782396837644,0.6916841521687996,0,0,-0.03823846713146999,0.10419736679777292,0.0825715251026421
2017-03-16,104.6500015258789,104.6500015258789,103.0199966430664,103.62000274658205,1194400.0,0.48283400412323324,0.4820407885649788,0.6151970174960972,0.6673407227919906,0.2816864275262952,0.633798051520579,0.5103795625354526,0.6887515965290562,0,0,-0.04901959274550491,0.08496728431469376,0.04988460944195497
2017-03-17,104.38999938964844,105.0,103.37999725341795,104.48999786376952,2972900.0,0.48375457799285965,0.4830363390838346,0.6533198506295348,0.6678385464702458,0.289302394856407,0.667437714328012,0.5450547166525985,0.6960508217981397,0,0,-0.046709092931869166,0.08782086694570414,0.04892877398607727
2017-03-20,104.2300033569336,105.72000122070312,102.36000061035156,105.56999969482422,2573600.0,0.4848376045558677,0.48440832287187496,0.6980072781382257,0.6682815651196597,0.30227857661765695,0.6673758361779667,0.5619543306086892,0.7023696640573861,0,0,-0.0447889788578369,0.08862086990286656,0.05014832013492106
2017-03-21,105.38999938964844,106.23999786376952,104.43000030517578,104.4800033569336,2055700.0,0.4853385059550959,0.48563414691676055,0.633078040122896,0.6686248095670021,0.25912933522789217,0.6824505108463336,0.57991430525482,0.697322397958407,1,0,-0.05512929536467125,0.07672632847907641,0.03608977521651501
2017-03-22,104.4000015258789,104.4000015258789,102.63999938964844,104.25,2044200.0,0.48582586919951903,0.4867234612226221,0.6195910042771513,0.6689636376594529,0.28128848926688305,0.5753572903786084,0.5721711847795187,0.6923033672829518,0,0,-0.046228959378513984,0.08700225924415969,0.05254591967243844
2017-03-23,103.93000030517578,105.45999908447266,103.5,104.62000274658205,1838800.0,0.48650953181540596,0.4878582787748251,0.6375053282902466,0.6692712159274007,0.2885966886638257,0.6237321383336679,0.5709736680324367,0.6968180887417263,0,0,-0.03971222436113609,0.09170261447092312,0.0635970959560478
2017-03-24,104.5,104.87000274658205,103.55999755859376,103.79000091552734,1284300.0,0.4866719870909267,0.4888455563587101,0.5856473009487341,0.6694810227603311,0.26272056100056596,0.5845849422109017,0.5698616881958604,0.6936648057476519,0,0,-0.0428216711844806,0.08593000982370191,0.03756452114320151
2017-03-27,102.76000213623048,104.01000213623048,102.1999969482422,103.81999969482422,1588200.0,0.48713565920997587,0.4898038765661955,0.5873057535084594,0.6697405030274327,0.28798709647846815,0.5282429588797412,0.5514197444508921,0.6975642404990254,0,0,-0.023316367443810444,0.10338178661614975,0.04904129774537009
2017-03-28,103.8499984741211,105.3000030517578,103.56999969482422,104.97000122070312,1084900.0,0.48799531267404933,0.4909966067671959,0.649539581762608,0.6699233056191624,0.29358168608299917,0.6165185223408574,0.5427866104918868,0.7002279458017362,0,0,-0.03380853541271446,0.09285300922736384,0.03852822203581083
2017-03-29,104.88999938964844,105.9499969482422,104.5500030517578,105.7699966430664,1144100.0,0.48883465761484596,0.49234790716580845,0.6893662129027627,0.6701201338699104,0.3121196455932421,0.6596579787561596,0.5387462372585184,0.70303700215424,0,0,-0.04334574639273625,0.0819281544642386,0.02448318248011357
2017-03-30,105.4499969482422,105.95999908447266,105.16000366210938,105.2300033569336,1413300.0,0.48979923113312324,0.49352546961802846,0.6501205076599025,0.6703596498352079,0.3122326270747307,0.6481570449512544,0.535057125797598,0.699566991365853,0,0,-0.048312383213889,0.07601400369387612,0.015789031401555957
2017-03-31,104.94000244140624,105.5199966430664,103.94000244140624,105.08000183105467,1235900.0,0.49082133987271753,0.4945706598507109,0.6390337631909409,0.6705681186941591,0.32567833807022584,0.5997019108663837,0.515702037269407,0.6965325426760012,0,0,-0.04371382644465645,0.0812505478438714,0.028889107845182376
2017-04-03,105.5,105.62000274658205,104.18000030517578,105.08000183105467,1317300.0,0.49213451248527124,0.4954090182931159,0.6390337631909409,0.6707901741520467,0.33582971315524984,0.6004837913536345,0.4985135091500842,0.6997668490593184,0,0,-0.049105477466640284,0.07603728325600584,0.01817666186550165
2017-04-04,105.08000183105467,105.29000091552734,104.52999877929688,104.7699966430664,1214200.0,0.4934849117958649,0.49603365013143386,0.6135831799696944,0.6709930105061347,0.33964158655808974,0.5856949519431316,0.48255273303928437,0.6967856793860292,0,0,-0.04510854026044771,0.08003422046219842,0.003806637979717912
2017-04-05,105.0,106.66999816894533,104.5500030517578,105.0,1664000.0,0.49286555476976696,0.4964748908632255,0.629261851852422,0.6712725212638936,0.3297058959158175,0.6482007513218031,0.4787148611027866,0.7008712224072392,0,0,-0.04447841759492669,0.08103462952942052,0.0037224339233024816
2017-04-06,105.18000030517578,105.86000061035156,104.98999786376952,105.2699966430664,1247100.0,0.4936575174598156,0.4970526402820401,0.648068177686392,0.6714833758903177,0.34863775428750915,0.6351394198178579,0.4751511228760388,0.7039331699443492,0,0,-0.04609527587890625,0.07914283389136892,0.01476193382626488
2017-04-07,105.1500015258789,106.1999969482422,105.1500015258789,106.0500030517578,1116700.0,0.4949977663819793,0.49763176992601765,0.7002659224830478,0.6716760194007411,0.39219080791049316,0.6653609301721227,0.4745218761363831,0.7066749523312392,0,0,-0.04569208075779958,0.0792248181233311,0.012064184321887396
2017-04-10,105.88999938964844,106.41000366210938,105.26000213623048,105.79000091552734,1029700.0,0.4960503340332805,0.4981516077480356,0.6742173398529901,0.6718523443771142,0.37472694097738546,0.6632960223591742,0.47562593784227203,0.7041467770614437,0,0,-0.05233383207965707,0.07166429283752018,0.00763788340674016
2017-04-11,105.48999786376952,106.11000061035156,104.87000274658205,106.05999755859376,1154400.0,0.4975158037865079,0.49870729565626093,0.6931402782807954,0.6720513260914681,0.3948116561471998,0.6440033621185907,0.4698387515964869,0.7069811225324081,0,0,-0.04868136384639165,0.07562151366638091,0.013706442623008751
2017-04-12,105.5,105.5,104.5199966430664,105.05999755859376,1174500.0,0.4978610176965484,0.4994036287189947,0.5936555890187818,0.6722483324158445,0.38139444754457585,0.5567306596690224,0.4583860265467591,0.7040974264516322,0,0,-0.048651742229757135,0.07533469779079878,0.013294396516748987
2017-04-13,105.0,105.30999755859376,104.2699966430664,104.41999816894533,857500.0,0.49813177304623085,0.4999358759434689,0.5368901521732625,0.6723896067778196,0.3777051793101417,0.4985100788188027,0.44337852508556175,0.7019920459584306,0,0,-0.04435564220825734,0.08081094670723268,0.021321129981182723
2017-04-17,104.81999969482422,105.45999908447266,104.31999969482422,105.38999938964844,859800.0,0.49843637507399535,0.5005991162143184,0.6140782566398936,0.6725349751916957,0.37336826791713057,0.552293999660466,0.43115097470473074,0.7041030735363369,0,0,-0.04290369120372149,0.08303005478814277,0.015897373024500422
2017-04-18,104.87000274658205,105.37999725341795,104.31999969482422,104.73999786376952,1148600.0,0.4981554641716048,0.5011230894518209,0.5568247266191182,0.6727256933586289,0.3410819483903744,0.5114156070469156,0.4197968207796733,0.7012829685398455,0,0,-0.0429832662959135,0.08179139545601079,0.014137943565790236
2017-04-19,104.97000122070312,105.8000030517578,104.66999816894533,105.0,1176000.0,0.49833145501979165,0.5018235600340409,0.5779404152527017,0.6729222302283354,0.3592492235625452,0.5658078295691484,0.4144018213657822,0.7041703475019506,0,0,-0.044204744865801254,0.08134425068585507,0.04000384310543898
2017-04-20,105.62999725341795,106.61000061035156,104.36000061035156,106.37000274658205,2230500.0,0.49904896173162133,0.5027005269089776,0.6779046065129655,0.6733084994432127,0.3599858057829999,0.6569284608766262,0.4184629649476711,0.7096467920384945,0,0,-0.04009522937592979,0.00990477062407021,0.045619056338355925
2017-04-21,106.66000366210938,107.16000366210938,105.94000244140624,105.94000244140624,2044900.0,0.4994957105116295,0.5035057925594985,0.637331417882015,0.6736582700134689,0.3311330544578146,0.7220408077153981,0.42777350417548754,0.7046260426850856,0,0,-0.04898003741035519,0.00470057334858973,0.015981920695182204
2017-04-24,108.02999877929688,108.22000122070312,106.9000015258789,108.01000213623048,2096800.0,0.5009239535668171,0.5045923495710368,0.7613218262631134,0.6740361544938237,0.35942774013679896,0.8592665781430544,0.4457648781297453,0.7097742197324852,0,0,-0.06211064451026391,0.0017934910046026986,0.0033037423641240544
2017-04-25,108.18000030517578,111.05999755859376,108.18000030517578,110.81999969482422,2342600.0,0.503293076432769,0.5060098366054184,0.8760305009264066,0.6744875898504891,0.3681477054623317,0.977505874302508,0.4797400097382549,0.7155258982670324,0,0,-0.062309075306240476,0.026664171803140138,-0.003055289552151512
2017-04-26,110.88999938964844,110.88999938964844,109.61000061035156,110.4800033569336,1332600.0,0.5051579152973957,0.5073432130129281,0.8459014201800709,0.674742108081816,0.36574585860283687,0.8524544735872894,0.5112883462318712,0.7122540264941571,0,0,-0.07850565757264237,0.0015340026115635008,-0.02680022765639678
2017-04-27,110.58000183105467,111.98999786376952,110.3000030517578,111.29000091552734,1715900.0,0.5070261393462585,0.5086834831822464,0.8751243268151704,0.675075853973706,0.35880078248117475,0.7987399848218031,0.5456598768118942,0.716466997209358,0,0,-0.07585087462152537,0.012762454651268384,-0.0058834314457694
2017-04-28,111.0500030517578,111.0500030517578,109.80999755859376,109.83999633789062,1046800.0,0.5085863736009819,0.5098334674312288,0.7518143732681549,0.6752724698647264,0.3609241290503712,0.7021039333879253,0.5676106735344669,0.7138968370924094,0,0,-0.07952202381805203,0.00844635460759143,-0.008176868133913329
2017-05-01,109.66999816894533,109.9499969482422,109.11000061035156,109.45999908447266,706500.0,0.5100687666932504,0.5108938254126918,0.7219062528282513,0.675403899265428,0.35260553708887443,0.6471297983451976,0.5744310991641474,0.7121621999863488,0,0,-0.06800802503419474,0.021121629389784298,0.017297902305405156
2017-05-02,109.69000244140624,113.0,109.08999633789062,109.47000122070312,1109200.0,0.5115545449697547,0.5118728290096052,0.7224019211021022,0.675610198223176,0.3373148320471949,0.6642549913720822,0.5970328870420993,0.7148855679665927,0,0,-0.06842687334013071,0.03023933479151016,0.016535698645465453
2017-05-03,109.31999969482422,109.66999816894533,109.04000091552734,109.1999969482422,927300.0,0.5130538614010642,0.5127277333219519,0.6991200384633681,0.6757814487445034,0.3372028730951326,0.6077992374099905,0.6171663221007939,0.7126088107288716,0,0,-0.06504067477104834,0.033616518353338745,0.01826984541607694
2017-05-04,109.33000183105467,110.29000091552734,109.22000122070312,109.88999938964844,1102100.0,0.5147088627394223,0.5137039796245418,0.7367748329395163,0.6759883039052851,0.35265313702080775,0.615437039518718,0.6386261245885024,0.7153147464041574,0,0,-0.06529308683215347,0.03360804277938584,0.01675825899447664
2017-05-05,110.0,111.33999633789062,109.83000183105467,110.55999755859376,1214000.0,0.5164992430436914,0.5148015668653743,0.7713183303206298,0.6762196935570818,0.35770668405762684,0.6312607159866975,0.6628854522715889,0.7182954250266026,0,0,-0.07098009914533272,0.027300027451657244,0.010101015711317983
2017-05-08,109.75,109.9499969482422,108.16000366210938,108.43000030517578,1310000.0,0.517304743888545,0.5155075530882419,0.5970070360119096,0.6764566555599049,0.3362950768326095,0.5663567420146427,0.6580819342622611,0.7150790419990876,0,0,-0.06828874112227168,0.029395803832915148,0.009316197558262462
2017-05-09,108.47000122070312,108.72000122070312,107.52999877929688,107.8499984741211,1257900.0,0.5180019420770976,0.516252147743641,0.5570019569684901,0.6766807616486276,0.33003342598060803,0.5338020140165349,0.6445123554864098,0.7119905777164073,0,0,-0.045190459393967285,0.041778094314739576,0.02038180465048993
2017-05-10,107.94000244140624,108.54000091552734,107.5999984741211,107.8499984741211,1044000.0,0.5186077609483906,0.5169994996933635,0.5570019569684901,0.6768666519747429,0.3106534051248035,0.5280284710804519,0.6319120323374049,0.7145538631215415,0,0,-0.03708854943525856,0.04691699239854811,0.024385695786996772
2017-05-11,107.30999755859376,107.76000213623048,106.2699966430664,107.45999908447266,1128600.0,0.5194200321617162,0.5175744918178548,0.5284401020506304,0.677065515513427,0.317583823389391,0.48871326057223463,0.6014497280425177,0.7117828632094395,0,0,-0.0312470576250974,0.05275848420870926,0.031247128365891063
2017-05-12,107.29000091552734,107.47000122070312,106.81999969482422,107.12000274658205,500500.0,0.5203338382450098,0.5182280810325723,0.5034847029108026,0.6771529037563958,0.3247313381593006,0.4791111460451829,0.5731633026258367,0.7105540084725912,0,0,-0.03117437653696354,0.05313604255648759,0.03284942126718238
2017-05-15,107.16000366210938,108.41999816894533,107.16000366210938,107.9800033569336,730300.0,0.521210415048124,0.5190443779643882,0.5691934919962526,0.6772832014381075,0.3180550468229656,0.5026851813565189,0.5553124252644237,0.7123470806290754,0,0,-0.027819298735302533,0.05451826165190204,0.03108657688833372
2017-05-16,107.91999816894533,108.06999969482422,107.25,107.41000366210938,599800.0,0.5221140681608487,0.5199006625018978,0.5249478506834223,0.6773886422613843,0.3164629170764548,0.4781405690670043,0.538736610571683,0.710874419148233,0,0,-0.03380256910914929,0.04704576470758627,0.029172082125858024
2017-05-17,107.41000366210938,107.41000366210938,105.4000015258789,105.4800033569336,1294000.0,0.5222765234363693,0.5205487360759679,0.3987028814861392,0.6776047813161149,0.3076872675429602,0.39281480681773007,0.498104111174684,0.7076973201882295,0,0,-0.029233841467139407,0.05204353549298488,0.020854648425635672
2017-05-18,105.62000274658205,106.11000061035156,104.9000015258789,105.38999938964844,1326900.0,0.521944845098995,0.5203501772206612,0.393489653962087,0.6778257331648904,0.2825943280807828,0.3610200678898833,0.4544920458114672,0.7044394433644053,0,0,-0.012798692269162677,0.06996584204159337,0.04114520477596597
2017-05-19,105.11000061035156,107.12999725341795,105.11000061035156,106.7300033569336,1080600.0,0.5222122178465805,0.5208741515101646,0.5007090441687334,0.6780120700019189,0.3163228261670274,0.40758857615200317,0.42489127374412916,0.7070925910739724,0,0,-0.007970433363221584,0.07486478257275145,0.05218711482922941
2017-05-22,106.9499969482422,107.18000030517578,106.1500015258789,106.41999816894533,959400.0,0.5216740871671735,0.5214712061972459,0.47995390987138686,0.6781760865024676,0.2927406779265628,0.4286509811963256,0.39792592143066596,0.704737020175806,0,0,-0.025110092953086114,0.05668512003625611,0.034948029978594246
2017-05-23,106.4800033569336,107.06999969482422,106.08999633789062,106.6999969482422,794300.0,0.5202796882079288,0.5220255149323091,0.5021174880149699,0.6783128172012077,0.27076407480536924,0.4396455394857677,0.37205931933201497,0.7066872286023367,0,0,-0.020766836608648757,0.06126664870559096,0.033546323588135286
2017-05-24,106.8000030517578,107.44000244140624,106.18000030517578,106.94000244140624,510900.0,0.5190815886201479,0.5227439105576328,0.5215234842515164,0.6784012853802569,0.26609422782431225,0.45803487564857914,0.352324761934253,0.7079416179830675,0,0,-0.023711400947074458,0.05810681467263474,0.03936267168104538
2017-05-25,107.16999816894533,107.51000213623048,106.56999969482422,106.91000366210938,1340300.0,0.5175991955278794,0.5231396490950841,0.5190830055235782,0.6786330854713548,0.2577774804844529,0.4712137996497316,0.3348323590129253,0.7046508407527023,1,0,-0.027118023748576848,0.05451656721486428,0.03562750234717656
2017-05-26,106.72000122070312,107.66999816894533,106.4800033569336,107.23999786376952,664300.0,0.5167192361226678,0.5236388024756733,0.548118774621561,0.6787489001007917,0.2725360710842161,0.4851736986631308,0.3205842375146766,0.706281866130701,0,0,-0.022448802204367572,0.058740983670198935,0.03975306196258478
2017-05-30,107.0,107.0,105.87999725341795,106.4800033569336,975100.0,0.5157106681200176,0.5239132000748821,0.4827566412021347,0.6789155043034519,0.27487930969326735,0.44795053933939266,0.2972343673047161,0.7038877477412888,0,0,-0.02499067846476716,0.055949273773970014,0.04513238002894247
2017-05-31,106.66999816894533,106.66999816894533,105.69000244140624,106.36000061035156,1696100.0,0.5146581004687165,0.5240221316106682,0.4727405039014849,0.6792041906772467,0.2938427133225867,0.4382598175367233,0.2724219276764944,0.6997233910596337,0,0,-0.021694191263784794,0.05944779894339181,0.05381295244446912
2017-06-01,106.48999786376952,110.47000122070312,106.38999938964844,109.16000366210938,2198900.0,0.5146445648960505,0.524667446838414,0.6887916999598716,0.6796056957065154,0.30938650208545443,0.6282610496031809,0.2887579605913476,0.705122249562842,0,0,-0.02002629974797735,0.06120724049334852,0.059326863029127846
2017-06-02,109.13999938964844,110.6500015258789,108.69000244140624,110.41999816894533,1314500.0,0.5148239409284732,0.5255182146832754,0.7569655881217785,0.6798529272324013,0.3184876496245206,0.7242438491669897,0.3052360732068665,0.7083496812343446,0,0,-0.03884204581830076,0.035360942477610145,0.03499449951145597
2017-06-05,110.0,110.37999725341795,108.30999755859376,108.36000061035156,1066200.0,0.5140793604891725,0.526033914985807,0.5946928402298028,0.6800434977060791,0.3063032291535927,0.6732561158106826,0.3142397964577802,0.7057318891855381,0,0,-0.04618727185919683,0.027168991575329732,0.02671614741134693
2017-06-06,107.86000061035156,108.55999755859376,107.6500015258789,108.37999725341795,1258100.0,0.5140624371501314,0.5266668197590958,0.5959002553621199,0.6802683500129437,0.3272488676442149,0.6089669583656229,0.3119922122597907,0.7088208445190622,0,0,-0.027316344294943548,0.04743447176722715,0.052971556214823357
2017-06-07,108.56999969482422,108.75,107.52999877929688,107.8499984741211,1915100.0,0.5140624371501314,0.5272225076673211,0.5574886337330582,0.6806058080462986,0.3231343108058367,0.59511391201612,0.31173572171857267,0.7041187871633416,0,0,-0.03386232018777406,0.04087470398082219,-0.017069556384979062
2017-06-08,107.8499984741211,108.0,106.63999938964844,107.91999816894533,1293600.0,0.5140861282755054,0.5276292764340665,0.5623760700257705,0.68083397468639,0.3435159913764119,0.5509970702417104,0.2974951454074829,0.7072949040216573,0,0,-0.027352776912185562,0.0477515215460542,-0.013722723676200862
2017-06-09,108.06999969482422,109.93000030517578,108.06999969482422,109.93000030517578,1617300.0,0.5149220906142051,0.5282028904373967,0.6867483604717122,0.6811335722235737,0.35530886051480276,0.6874622898416227,0.3025923475602912,0.7112657866708176,0,0,-0.02937359361313907,0.04568199025965533,-0.0248332130341619
2017-06-12,110.0,110.83999633789062,109.86000061035156,110.13999938964844,2196600.0,0.5159441967716603,0.5288799192838645,0.6981220753946185,0.6815421577440316,0.34401949255943887,0.7266636536101178,0.31438359177604447,0.7166589980893211,0,0,-0.04639314527392913,0.027290093620228547,-0.026289451301969743
2017-06-13,110.05999755859376,111.58000183105467,109.8499984741211,111.56999969482422,1357600.0,0.5171592171163433,0.529774811201905,0.769973622447365,0.6818031362914946,0.35804392080204184,0.732443339955277,0.33063425362795906,0.7199922512176833,0,0,-0.04684942855737679,0.026693321751394102,-0.03005263825073941
2017-06-14,111.68000030517578,111.70999908447266,111.02999877929688,111.5,892800.0,0.5185434605228798,0.5306600510118124,0.7636857161065073,0.6819743882684993,0.3668849974393751,0.7170881543227342,0.3466488882717472,0.717800200250534,0,0,-0.06076901315624367,0.00026887854601532866,-0.0495652845247199
2017-06-15,110.47000122070312,111.62000274658205,110.47000122070312,111.31999969482422,978300.0,0.5205199846459043,0.5315632169168245,0.7466848157384159,0.6821611660551689,0.38762652879767806,0.6804232843169847,0.3521198405157868,0.7153982250476196,0,0,-0.049955154213670125,0.0111210570741662,-0.03982064969871076
2017-06-16,111.1999969482422,111.73999786376952,110.83999633789062,111.16000366210938,2188200.0,0.5224728202256941,0.5324126066405245,0.7309553453995706,0.6825770457866555,0.3828766215020172,0.6674019088702632,0.358229610861301,0.7100256377645597,0,0,-0.056593563058159185,0.004850888582534038,-0.0534494876442121
2017-06-19,111.51000213623048,111.56999969482422,110.97000122070312,111.11000061035156,1242200.0,0.5239552133179626,0.5332178722910453,0.7257764644210236,0.6828126538112808,0.36643273148371963,0.6513196956135403,0.36390296903927843,0.7069757209731252,0,0,-0.059463839443941104,0.002069051097174727,-0.05757467897655765
2017-06-20,110.87999725341795,111.23999786376952,110.61000061035156,110.77999877929688,884300.0,0.5254308386238979,0.5338700812806,0.6905417724861571,0.6829789876915305,0.36704986770616765,0.6244349380261549,0.36237235926313405,0.7048045396668415,0,0,-0.053820499457201174,0.0077400828514750325,-0.042030403593663716
2017-06-21,111.0,111.08999633789062,110.47000122070312,110.68000030517578,1372500.0,0.5267778553323945,0.5345443528327445,0.6796080152806198,0.6832363929333397,0.3590819650117716,0.6099325865326352,0.35826810574044343,0.7014347032506092,0,0,-0.055064077823957266,0.006679886910305794,-0.057140295186911085
2017-06-22,110.7699966430664,110.93000030517578,110.4000015258789,110.56999969482422,1184200.0,0.5280064138318825,0.535166227376739,0.6669924327483755,0.6834577611228622,0.35245571823985783,0.5974865227894999,0.3530498574628056,0.6985271912039044,0,0,-0.05303573455910985,0.008764015341783029,-0.05204187288538131
2017-06-23,110.5,111.02999877929688,110.33000183105467,110.68000030517578,1442700.0,0.5292823545821184,0.5359411575296991,0.6762778197386929,0.6837279832157156,0.3570908858670345,0.5931936348153033,0.34948479484751305,0.7020693864663441,0,0,-0.05064663552118315,0.011214595886695669,-0.04847608415614805
2017-06-26,110.5500030517578,111.05999755859376,110.31999969482422,110.81999969482422,734600.0,0.5304939923247041,0.5368236400452833,0.688562077434688,0.6838659599390672,0.358014766769896,0.5901993274712054,0.34658053879853323,0.703873016215972,0,0,-0.05104808014365969,0.010751669757233191,-0.06460066413231237
2017-06-27,110.48999786376952,111.22000122070312,110.48999786376952,110.48999786376952,955900.0,0.5318511594216309,0.5375268679218266,0.6447160245690199,0.6840440211006033,0.3451918007646842,0.5849019745537426,0.3461486298465821,0.7015260387075738,0,0,-0.05044212554849599,0.01127955245842128,-0.06424828674241556
2017-06-28,111.0,111.3000030517578,110.88999938964844,111.06999969482422,1967400.0,0.5334452403544361,0.5383996983292779,0.6988038574782673,0.6844153170597179,0.3344013607275568,0.6041525132731185,0.34692112873265835,0.7063565058589731,0,0,-0.055208603421661645,0.006697419477570356,-0.087519217629709
2017-06-29,111.05999755859376,111.3000030517578,109.2699966430664,109.6500015258789,835900.0,0.5336110782320538,0.5390408770895383,0.5329361140052282,0.6845676753095801,0.3180242316219425,0.5198291230273746,0.3122746958605226,0.7043041588569121,0,0,-0.05546048482614617,0.006122268002558033,-0.09300435968346853
2017-06-30,110.18000030517578,110.52999877929688,109.66000366210938,109.95999908447266,786700.0,0.533455393325005,0.5395358940026421,0.5638284134458085,0.6847120940379953,0.3023931801184896,0.5171900875055664,0.2801030081935395,0.7062357073513749,0,0,-0.04623802666913442,0.01422706371988107,-0.0694938681308052
2017-07-03,110.61000061035156,111.0999984741211,110.20999908447266,110.61000061035156,381500.0,0.5342168971033467,0.5401798300572258,0.6250678883298966,0.6847832117733258,0.314597908203088,0.5631205901564642,0.26045211742522234,0.7071723868361054,0,0,-0.04474352682711212,0.01027643927633972,-0.0697526212514165
2017-07-05,111.22000122070312,111.5999984741211,110.22000122070312,110.68000030517578,630100.0,0.5349953242207295,0.5405479903914395,0.6315059110860342,0.6849008393686519,0.3024643502943136,0.5757743160362613,0.2504648954724301,0.7087194425197979,0,0,-0.04999546830107655,0.004701172047708384,-0.06762501867515208
2017-07-06,110.44000244140624,110.62000274658205,109.81999969482422,110.0500030517578,864900.0,0.5357399072421691,0.5404418172019775,0.5586585866379113,0.6850598145465917,0.309252225355718,0.48121707947430764,0.2327897823091272,0.7065958931453721,0,0,-0.04291651596406685,0.011745531430961596,-0.07011205380225835
2017-07-07,110.3499984741211,111.12999725341795,109.9499969482422,111.0,721000.0,0.5367823219229013,0.5405135184263933,0.6480530336767764,0.6851953355516084,0.3020093869962463,0.533454576768097,0.2248871490296032,0.7083661314376152,0,0,-0.042344351690051366,0.012630616547958572,-0.07514762756687017
2017-07-10,110.7300033569336,111.4000015258789,110.7300033569336,110.9800033569336,1069900.0,0.5371376913856498,0.5404707735263762,0.6456609679348504,0.6853962520826898,0.2783933968655369,0.6019418176406588,0.22185082749717508,0.7057392549481966,0,0,-0.045405413653399625,0.009099049611134445,-0.07513517087644285
2017-07-11,111.0999984741211,111.27999877929688,110.5500030517578,110.97000122070312,749900.0,0.5374186022880403,0.5406265874816658,0.6443779304158481,0.6855369788233697,0.29157698418547273,0.5680969962306518,0.21483849780279654,0.7038980598090107,0,0,-0.04874748485378256,0.0057667991556105734,-0.05910972571784399
2017-07-12,111.66999816894533,112.18000030517578,111.26000213623048,111.83999633789062,1418900.0,0.5375099816053002,0.5409547602101858,0.7232037541233388,0.6858085959192451,0.2794265723260805,0.7569262649696066,0.22230242007459086,0.7073818200210268,0,0,-0.053888399222829175,0.004595855912591501,-0.07245202151108375
2017-07-13,111.79000091552734,112.62999725341795,111.7300033569336,112.4000015258789,906100.0,0.5378145836330646,0.5413587716826079,0.7673931223969911,0.6859842043484025,0.28069717224777885,0.8249666362065214,0.23531248684023134,0.709606525869295,0,0,-0.04828327702698094,0.007510697115482879,-0.07224608454602782
2017-07-14,112.63999938964844,113.13999938964844,112.31999969482422,112.8000030517578,658100.0,0.5383154850322927,0.5418551688208746,0.7969424600409237,0.6861128691694484,0.27625203883493,0.8326077095508984,0.25378924982844775,0.7112223286711329,0,0,-0.05338078219348212,0.00444839851612351,-0.0793594132371215
2017-07-17,112.8000030517578,113.45999908447266,112.5199966430664,112.95999908447266,466400.0,0.5389246865056827,0.5422784845095625,0.8086609732757492,0.6862043610041976,0.28378339830704186,0.7922784382018243,0.27474554683128893,0.7123674592390971,0,0,-0.0546099600660726,0.005851028500522483,-0.07668440861575045
2017-07-18,112.83999633789062,112.98999786376952,112.12000274658205,112.9499969482422,826500.0,0.5395474261338775,0.5426080364112446,0.8070177317508408,0.686366403506481,0.30145077647488067,0.7096721076902985,0.28360554085200473,0.7103381916266992,0,0,-0.05488665898098818,0.005488692914368623,-0.07949712996034755
2017-07-19,113.12999725341795,113.66999816894533,112.69000244140624,113.5999984741211,1102200.0,0.5405018440994469,0.5433209163959208,0.8555554865107503,0.6865855784011669,0.31835293503092194,0.7261048568778516,0.3004180812153835,0.7130443728274068,0,0,-0.057459035317579246,0.004780884728795701,-0.08251438642441888
2017-07-20,109.58999633789062,109.58999633789062,105.83000183105467,106.72000122070312,4708100.0,0.5391615977594224,0.5431651034926321,0.2827577814919007,0.6873767327308914,0.292889441428288,0.22017123406563988,0.3112114731717701,0.7014847904366865,0,0,-0.033098543638559165,0.03591550955860405,-0.046390816143073714
2017-07-21,106.25,107.4000015258789,106.25,106.37000274658205,2676700.0,0.5377401250727067,0.5429610300486788,0.26858866901037304,0.6878215524886379,0.27171441118106854,0.22928855536816878,0.32123390855984346,0.6949128114674121,0,0,-0.003935515031308389,0.0695277181790913,-0.015554756775877388
2017-07-24,105.19000244140624,105.83999633789062,104.69000244140624,105.38999938964844,2567000.0,0.5359497447684378,0.5426756022201759,0.2303637701886276,0.6882364418387591,0.2786918908279211,0.23285168100648668,0.3403705317276773,0.6886101738860143,0,0,-0.00470057334858973,0.07972168382605006,-0.016452006720064055
2017-07-25,106.1999969482422,107.5199966430664,105.87000274658205,107.11000061035156,1822800.0,0.5346941099593401,0.5426742230470138,0.367859220629711,0.6885446166624681,0.2869294264710697,0.35885471096129196,0.33652678820592974,0.6930856112772772,0,0,-0.014327683039955305,0.07087960208714869,-0.01897713266517433
2017-07-26,107.12999725341795,107.22000122070312,106.61000061035156,106.75,1049800.0,0.5334283221796732,0.5425046205161058,0.351268276838136,0.6887203034779051,0.2917804071580262,0.38686376052513793,0.33295759779287837,0.6905080853976701,0,0,-0.02278027073203011,0.06105873287517579,-0.029128887119863785
2017-07-27,106.83000183105467,107.19000244140624,105.48999786376952,106.1500015258789,1896400.0,0.531763167870746,0.5423308815177125,0.3237450715027017,0.6890324042256614,0.2894803105996038,0.3886554202578463,0.3377234082612237,0.6858519412958537,0,0,-0.020046832689915105,0.06407490714651666,-0.030351339514417316
2017-07-28,106.1500015258789,106.54000091552734,105.4499969482422,106.02999877929688,1723900.0,0.530537991973355,0.5424067192096137,0.3181636497911724,0.6893149469003562,0.2974031854685364,0.4019817057293297,0.34243155803333714,0.681619328546897,0,0,-0.013754112703585116,0.07084311384803021,-0.0023551577617175173
2017-07-31,106.31999969482422,106.4499969482422,104.98999786376952,105.25,1566000.0,0.5289439110405498,0.5423874149933479,0.28211569524664937,0.6895660001281251,0.28784948345267497,0.40736760326573573,0.35015481627798184,0.6777744004391958,0,0,-0.015372981912513723,0.06931999017957405,0.003489604365196529
2017-08-01,105.27999877929688,105.62000274658205,104.62999725341795,105.11000061035156,2103500.0,0.5270824573601591,0.5421640362811279,0.2757031723503284,0.6899016157425301,0.2875348682135213,0.41127237837651787,0.35995097449790625,0.6726097731885257,0,0,-0.006175786469158389,0.07971495857148173,-0.002090272880789651
2017-08-02,104.91999816894533,106.8499984741211,104.7699966430664,106.20999908447266,1974600.0,0.5255696027740446,0.542135079956729,0.37533537472673784,0.6902259440151001,0.29965688136506796,0.4445509925347084,0.35117611462447484,0.6774579181703052,0,0,-0.0027590230600646765,0.08324612262573113,0.014841643791548346
2017-08-03,106.45999908447266,106.45999908447266,103.86000061035156,104.66999816894533,2121600.0,0.5237487609759297,0.5418551677688737,0.2990671639951935,0.6905596388215484,0.29425408494500516,0.42969740903669185,0.35055762446605643,0.6722488508182625,0,0,-0.024479790005959994,0.06788437196707155,-0.0015064121466342104
2017-08-04,104.94000244140624,105.29000091552734,104.30999755859376,105.01000213623048,846600.0,0.5217214694179213,0.5415890441566367,0.32854158978507686,0.6906939692007644,0.2917620734998958,0.43536810932908376,0.3499833121760966,0.6743274690404719,0,0,-0.010318160408405361,0.08340494774298376,0.017770140851148006
2017-08-07,105.1999969482422,105.91000366210938,104.9499969482422,105.13999938964844,1143200.0,0.5197449427127576,0.5413449820549887,0.3401729850251741,0.6908759281834099,0.28652045055623343,0.4535557815007196,0.34028427656667937,0.6771343156641781,0,0,-0.012760654324644705,0.08065899484236665,0.029901907682802178
2017-08-08,104.26000213623048,104.43000030517578,103.19000244140624,103.4000015258789,1398200.0,0.517182905659578,0.5408154931768387,0.25760585483863707,0.6910876020951474,0.2735467031282269,0.4167234519011398,0.3460676020631067,0.6737013792145052,0,0,-0.010176904137680583,0.08949967745235982,0.043275589202744956
2017-08-09,103.04000091552734,103.81999969482422,102.8000030517578,103.37000274658205,1910100.0,0.514316269160773,0.5403866618475033,0.2563045864253517,0.6913762845457826,0.2717285836261337,0.4113382922411199,0.3543298152796398,0.6690115981298819,0,0,-0.002321062478025969,0.10280461408656277,0.05754348994620673
2017-08-10,102.8000030517578,103.12000274658205,101.22000122070312,101.33000183105467,2084300.0,0.5105696706746174,0.5396930860790928,0.17722830870443287,0.6916722448599583,0.24314647234315892,0.37106764403754794,0.3725753883191988,0.6638941117602257,0,0,-0.015284916214311665,0.1051561848540915,0.05765695004462746
2017-08-11,101.55999755859376,101.55999755859376,100.4499969482422,100.7300033569336,1536900.0,0.5064846260647544,0.5385306913756532,0.15743986273318358,0.6918862200162578,0.23222007439465508,0.34356330546365277,0.39402398975230246,0.6601206315503113,1,0,-0.010954313532947948,0.1195105140779757,0.07500252606515233
2017-08-14,101.70999908447266,102.8000030517578,101.1999969482422,102.55999755859376,1304000.0,0.5029647858617696,0.5374468927104391,0.31821025181127616,0.6920781529776415,0.24400530040661966,0.3910395068373649,0.3956740281017823,0.6633222830525095,0,0,-0.01250870737853226,0.11873323424891381,0.06750722550521746
2017-08-15,102.5999984741211,103.20999908447266,102.25,102.94000244140624,1332600.0,0.49957694202259845,0.5366995407607166,0.3480968088362193,0.6922763980206511,0.24191127133514112,0.4201698328383887,0.39156087349875446,0.6665941548253848,0,0,-0.02096335391048123,0.10793681706651571,0.052554597483965924
2017-08-16,103.16999816894533,103.87999725341795,102.73999786376952,103.73999786376952,1319700.0,0.49623986303627216,0.5360597411736183,0.4094743668020622,0.6924772429306475,0.24254671354544782,0.4617820333744275,0.37870256962583393,0.6698343538188287,0,0,-0.026423170353540238,0.10200116330846827,0.05517777511622696
2017-08-17,103.55999755859376,103.9800033569336,102.68000030517578,102.68000030517578,1009600.0,0.49487254038663747,0.5353468611889421,0.35624850046301393,0.6926260966936718,0.2609225113349347,0.4549805961369986,0.3654058576827286,0.6673555291588446,0,0,-0.029978799637489763,0.09745518429283109,0.049161424797915416
2017-08-18,102.43000030517578,102.8499984741211,101.9499969482422,102.08000183105467,1778800.0,0.49342060620607603,0.5345415965904221,0.32803690907652383,0.6928834861156835,0.27158999344520685,0.42578980314380416,0.35973966219567055,0.6629881229532386,0,0,-0.019283242608578114,0.1094662819474395,0.08346318337897621
2017-08-21,102.0999984741211,102.52999877929688,101.72000122070312,102.38999938964844,1351600.0,0.4924052678349537,0.5335019219983871,0.3537116205232089,0.6930807524538772,0.27567028447257297,0.43322770591201926,0.3565455716586722,0.666306644556284,0,0,-0.016163807761383975,0.11334247146637902,0.09688478852122921
2017-08-22,102.66000366210938,104.75,102.37000274658205,104.54000091552734,995800.0,0.4915354614003113,0.5327297501917513,0.5092552389601934,0.693235417542949,0.27445923110238274,0.5219580798326867,0.32433160951513595,0.6687515867080392,0,0,-0.02158420477625868,0.1075299792212818,0.09375914182388072
2017-08-23,104.0199966430664,104.41999816894533,103.58999633789062,103.62999725341795,891500.0,0.490479508564774,0.5316349202452421,0.458169528944145,0.6933702534186944,0.2714878806175265,0.5295299881952289,0.2944186446675666,0.6665627275713755,0,0,-0.03414960458732837,0.09230917774409168,0.08618712509397168
2017-08-24,103.91000366210938,104.56999969482422,103.5999984741211,103.70999908447266,685300.0,0.48965369919664353,0.5305607736881608,0.4636735689125595,0.6934741031814896,0.27016285126722106,0.5424482665979953,0.2648084281364371,0.6682453132879831,0,0,-0.03338808072537177,0.09418117114264465,0.09041778795259454
2017-08-25,103.9800033569336,104.08999633789062,103.2300033569336,103.72000122070312,863200.0,0.4888718894771638,0.5295128261611549,0.46440906277642713,0.693604900013102,0.2702846589560402,0.5317935621352496,0.24183737679301284,0.6703646887302358,0,0,-0.03403728126365301,0.09343356376003004,0.08350203557191438
2017-08-28,103.87999725341795,104.36000061035156,103.56999969482422,104.1500015258789,809400.0,0.4884995992575136,0.5285462319666979,0.4970799256555628,0.6937290232264884,0.2876310064944304,0.5650903670652754,0.2168491702477676,0.6723519714954805,0,0,-0.0330698058697198,0.0943887466284876,0.08195140667143909
2017-08-29,103.4499969482422,104.04000091552734,103.02999877929688,103.86000061035156,866900.0,0.4880765416028792,0.5275465449803566,0.4771359256925203,0.6938608055317234,0.2954036914210115,0.541623111517964,0.20060816799093537,0.6702235116126158,0,0,-0.028804608315387958,0.09812771071504676,0.08602982796539677
2017-08-30,103.62000274658205,104.3000030517578,103.45999908447266,103.80999755859376,1301300.0,0.4872642703895536,0.526585466426547,0.47355499414847146,0.6940582326418464,0.2831959068078695,0.572283904621454,0.18169306582847558,0.6670284892968102,0,0,-0.030521911994133902,0.057481162682696534,0.09416521010805871
2017-08-31,104.22000122070312,104.47000122070312,103.81999969482422,104.31999969482422,1714400.0,0.48714581476268387,0.5257084995516104,0.5173424146200885,0.6943219780622946,0.3047369633830022,0.6111323835893029,0.1615599935687785,0.6712377771306819,0,0,-0.03631638918335403,0.031788801656609765,0.08939407569159165
2017-09-01,104.8000030517578,104.91999816894533,104.0999984741211,104.58999633789062,997600.0,0.48700366542830104,0.5248839296848237,0.5402607001482703,0.6944765298370451,0.30263409810550107,0.6467450991795882,0.14416000649186064,0.6736871387400323,0,0,-0.04169867826151288,0.026073558275168964,0.08023384913413494
2017-09-05,104.45999908447266,104.6999969482422,103.31999969482422,103.44000244140624,1009300.0,0.4864283080508541,0.5238856218716444,0.4495906779401855,0.6946277265004276,0.30084505472433476,0.5879298749554189,0.13155139509540284,0.671209050656314,0,0,-0.038340207253432325,0.02925707683082862,0.08126972270406935
2017-09-06,103.91999816894533,104.63999938964844,103.0999984741211,104.1999969482422,1589300.0,0.48669906340053654,0.5229728038584994,0.515573012080808,0.694870953500616,0.32092228751687396,0.6020849747928824,0.1229669500110139,0.675111186187329,0,0,-0.03354602802401047,0.03190258095389248,0.08662025205913965
2017-09-07,104.37000274658205,104.37000274658205,103.0999984741211,104.01000213623048,938700.0,0.48691566871313824,0.5220792911136212,0.5004128656627111,0.6950137418345702,0.32319541847373673,0.5824359218040421,0.11499567957550985,0.6728064390515058,0,0,-0.03762001836033616,0.027063337595152993,0.09539342709337192
2017-09-08,103.62999725341795,103.94000244140624,101.61000061035156,103.58999633789062,1210300.0,0.48768055509357694,0.521047889456557,0.4667355350738831,0.6951955196886604,0.35682511385052934,0.49417106217404966,0.1272833393928022,0.6698348448696726,0,0,-0.03057398557698945,0.03095857277731461,0.13585236604750084
2017-09-11,104.4800033569336,106.11000061035156,103.94000244140624,105.9000015258789,1038900.0,0.4894303209334308,0.5205308099808632,0.6457471791984906,0.6953619824759204,0.3768222191347726,0.7562235806029323,0.11097284033512092,0.6723856084782874,0,0,-0.03890343229230636,0.022878609913808978,0.1197991743549814
2017-09-12,106.08000183105467,106.75,105.5500030517578,106.69000244140624,796900.0,0.4908281050769115,0.5200799171409387,0.6934630743162798,0.6954923698387044,0.37437680980591237,0.855823695290133,0.1035433496924337,0.6743422005657888,0,0,-0.05316340700369736,0.007270978583302999,0.10727101460499512
2017-09-13,106.41999816894533,106.54000091552734,104.75,105.05999755859376,1369800.0,0.49154560920660223,0.5193146390961116,0.5646983782110508,0.695706598830914,0.35589216338563084,0.7167785097337783,0.08644640918524155,0.6709789933359489,0,0,-0.05595651967466987,0.004030371125091328,0.10591435742035642
2017-09-14,105.25,106.62000274658205,104.5999984741211,106.4800033569336,1353300.0,0.4924729534447006,0.5187355105041349,0.6495573490509438,0.6959265181399951,0.3580196259241928,0.72490988145364,0.07251022105865951,0.6743016888711674,0,0,-0.04568820829336831,0.014277556014251992,0.1277365170455174
2017-09-15,106.25,106.58000183105467,105.95999908447266,106.3000030517578,1856400.0,0.4936981293420916,0.5182184310284411,0.6359247197584328,0.696226495730658,0.37288950262657183,0.7195629053241048,0.05956947494111903,0.66974375493813,0,0,-0.05447035000849409,0.004695717357595686,0.10969196033947365
2017-09-18,106.1999969482422,106.93000030517578,105.97000122070312,106.8000030517578,1278700.0,0.4952955954591329,0.5176393024364645,0.6652847713686708,0.6964357604498203,0.40036321070421965,0.7082611566618822,0.04840062581360979,0.6728832885085754,0,0,-0.054092190356761397,0.006867387920752351,0.0936971441949782
2017-09-19,107.0,108.37999725341795,106.7699966430664,108.33999633789062,1034200.0,0.4973093488623363,0.5172752775177353,0.7461878654424248,0.6966118804544946,0.40159391002647543,0.75782497758806,0.05658724680763533,0.6754225124223586,0,0,-0.06132961483702873,0.012921322228325923,0.08651683145825002
2017-09-20,108.5199966430664,109.2699966430664,108.18000030517578,108.80999755859376,1442100.0,0.4987545126744259,0.5169774392347752,0.7683726256847129,0.6968602785237111,0.39415240783704814,0.7619691006951534,0.07359985969247679,0.6789632345322667,0,0,-0.07448772353338005,0.006922651147789419,0.06830350540902555
2017-09-21,108.66000366210938,109.9000015258789,108.66000366210938,108.98999786376952,1018900.0,0.5005685841040688,0.5165844590436481,0.7770015637582321,0.697036477597805,0.39826577316330425,0.7415571680971673,0.09547716279148269,0.6814648930564919,0,0,-0.0754526872353445,0.01139599201904032,0.06892748982887606
2017-09-22,108.95999908447266,109.18000030517578,108.47000122070312,108.76000213623048,1123300.0,0.5022777380616468,0.5160825473167349,0.7548252897162897,0.6972295004249632,0.40231937522584815,0.6938600096465417,0.11243219091395082,0.6787069059917532,0,0,-0.07808057897998502,0.00862466703211787,0.06945591194786728
2017-09-25,108.2300033569336,110.16000366210938,108.0,109.16000366210938,1914100.0,0.5041188858008996,0.5155806355898215,0.7762375078976289,0.697561510730149,0.4025861720743984,0.6837872327200484,0.13750997770617215,0.6834065080932544,0,0,-0.06463779211668048,0.017745497124561506,0.07456778982772201
2017-09-26,109.38999938964844,109.73999786376952,108.12999725341795,108.51000213623048,2132700.0,0.505594511106835,0.5149670350327987,0.7111091361742701,0.6979250231064785,0.3837681060860807,0.6533536547832782,0.16079649401323473,0.6781701874193755,0,0,-0.07127151445852688,0.007053904787731464,0.06366798016748883
2017-09-27,108.63999938964844,108.93000030517578,107.80999755859376,107.98999786376952,1509100.0,0.5069922926681767,0.5142831113725211,0.661495885375184,0.698178592758297,0.3639884901717222,0.6194581457163735,0.17610375027128425,0.6744649632767626,0,0,-0.06478664308264374,0.014007964634934075,0.06893376840544826
2017-09-28,107.91999816894533,108.93000030517578,107.6999969482422,108.8499984741211,1592600.0,0.5086980614415186,0.5136281440366424,0.7160379744947202,0.6984519640363341,0.3840229622836043,0.6203099648504057,0.18809961575619313,0.6783752011467019,0,0,-0.058431314783003244,0.020742712635200142,0.06676543408740608
2017-09-29,108.73999786376952,109.55999755859376,108.41999816894533,108.66000366210938,1749300.0,0.5101669189611211,0.5138956468220416,0.6971361915812152,0.6987505399293358,0.3598180285180292,0.6258652828565674,0.20622792955520117,0.6740802249405705,0,0,-0.06550296144572845,0.013045528876855813,0.05447864389805809
2017-10-02,108.66000366210938,111.16000366210938,108.43000030517578,111.0,1329400.0,0.5123363598535124,0.5145340672359778,0.822407936573997,0.6989908330650595,0.3720578676648385,0.6651790590404607,0.23754622447277965,0.6773442398999434,0,0,-0.06488130695891192,0.023007545699832977,0.05420577205172977
2017-10-03,111.5999984741211,112.41999816894533,110.9499969482422,111.98999786376952,1299900.0,0.5152300726619274,0.5154441269027986,0.863407567056868,0.6992312503509271,0.38922728557358016,0.7102182286708782,0.27541086764690526,0.6805358248598418,0,0,-0.08999998075468046,0.0073873846380561525,0.024774774774774775
2017-10-04,112.08999633789062,112.88999938964844,111.9800033569336,112.26000213623048,1449900.0,0.5179579501748639,0.5161542495931516,0.8741107769237918,0.6995009359171326,0.3737383457789683,0.7171106951714532,0.31348476326874175,0.6840956979526617,0,0,-0.0935797475439501,0.007143522341441402,0.011608206773422785
2017-10-05,112.47000122070312,113.16999816894533,112.16999816894533,113.02999877929688,1102900.0,0.5210107330745635,0.5170201851867932,0.9038471618751863,0.6997096487355897,0.3785842251941938,0.7198002197703236,0.3505601159438507,0.686803597831323,0,0,-0.09673971498034237,0.006235497371474632,0.01371816217906825
2017-10-06,112.87999725341795,114.1500015258789,112.66999816894533,113.27999877929688,1198000.0,0.524290276839573,0.518003325251192,0.9132597406419508,0.6999375351779246,0.3653663123358258,0.7312405053020261,0.39061474909182414,0.6897449923862566,0,0,-0.09970801349004933,0.011235992976880152,0.008404888860449374
2017-10-09,113.06999969482422,113.06999969482422,111.75,112.63999938964844,1524500.0,0.5265714029903619,0.5189147640911749,0.8417940649814416,0.7002230922128753,0.36153328066964907,0.6731671678287652,0.40884396585565996,0.6860019573286638,0,0,-0.10116524724545718,0.009533914571793492,0.01597808596485024
2017-10-10,112.63999938964844,112.73999786376952,111.91000366210938,112.37999725341795,1190300.0,0.5284971596784025,0.5198979041555737,0.8132986219919897,0.7004445564465714,0.35453798415461346,0.6479822859876501,0.42577109570779315,0.6830794682312201,0,0,-0.09792257492066825,0.013405558810480936,0.02397014349140982
2017-10-11,112.37999725341795,112.58999633789062,111.69000244140624,112.41000366210938,801800.0,0.5309847407533634,0.5209044859557245,0.8148828465075043,0.7005937698345913,0.3717481558148106,0.6292692492213373,0.4368561000456882,0.6850480910643968,0,0,-0.0958355303994175,0.0157501718786269,0.02571631482719719
2017-10-12,112.25,113.81999969482422,112.16999816894533,113.4000015258789,1368800.0,0.5333267873097054,0.521895900007095,0.8650301576332621,0.7008542580179168,0.36557453759153774,0.6496367271735745,0.4568115690770346,0.6884088430400171,0,0,-0.09465349206491412,0.016902423841120732,0.034249607229741894
2017-10-13,113.87999725341795,113.9000015258789,113.1999969482422,113.5,1003700.0,0.5357635983675431,0.5231134500650088,0.869850594470771,0.7010455924978575,0.36153532644514935,0.6507937246542431,0.4759217800704132,0.6908731817001064,0,0,-0.10820102714254609,0.002380990024936942,0.0173721445696239
2017-10-16,113.7699966430664,113.98999786376952,112.6999969482422,113.16999816894533,1321300.0,0.5379194985229905,0.5242386144570779,0.8275824755163571,0.7012954341643204,0.3453948978824386,0.6306003054356575,0.48272935011395224,0.6876290542999112,0,0,-0.10713652892259774,0.0033480606415198237,0.03145374180461867
2017-10-17,113.12000274658205,113.5500030517578,112.76000213623048,112.95999908447266,1581600.0,0.5394831205440889,0.5253168974816445,0.8004690148481296,0.7015928422966916,0.3233437328926909,0.6146732157740613,0.48905066515438145,0.6837458242263862,0,0,-0.10170541947917881,0.009101341309197793,0.03437306223016165
2017-10-18,113.1500015258789,113.31999969482422,112.0999984741211,112.87999725341795,1797700.0,0.5408605961642923,0.5266240738070778,0.7897490501768526,0.7019299851957662,0.32679566558706263,0.5953460694774958,0.4804764238348246,0.6793320137160321,0,0,-0.10216006559009984,0.00885269128988032,0.03275493075628738
2017-10-19,111.0,115.36000061035156,110.0999984741211,114.30999755859376,2019500.0,0.5426611294391301,0.5281325662821411,0.8738304389454733,0.7023209062887338,0.34792422363436537,0.6104452308258834,0.4913334038481062,0.6842903996122662,0,0,-0.08318568052909935,0.038625094936557004,0.043674702561409776
2017-10-20,114.9499969482422,117.8000030517578,114.79000091552734,117.76000213623048,2265900.0,0.545707144552497,0.5303980638670607,0.9999999999999999,0.7027929729510861,0.3780742546414734,0.7520212322979694,0.5162597613649161,0.6898537601481795,0,0,-0.09631698663270806,0.024932255834007187,0.022832653889382784
2017-10-23,117.68000030517578,117.91000366210938,116.7300033569336,116.88999938964844,1977400.0,0.5483233316427576,0.5326263311406099,0.9070764319044539,0.7031970543154099,0.35828189804583005,0.7554296881344654,0.5399632192315311,0.6849987404545853,0,0,-0.11107338309932355,0.0019531534711379737,-0.00789742092650365
2017-10-24,117.6500015258789,118.72000122070312,117.27999877929688,117.44000244140624,1415800.0,0.5513456556307503,0.5346781031734432,0.9259069161777685,0.7034895097972677,0.3585916818984749,0.7619413125393519,0.5660128660329733,0.6884748893785211,0,0,-0.11164345213362621,0.009153902818130872,-0.012490367799608059
2017-10-25,117.26000213623048,117.91999816894533,116.72000122070312,117.72000122070312,1457800.0,0.5546387375505646,0.5367160855786574,0.9354602689224608,0.7037922000147409,0.38354729131880877,0.7236171503418863,0.5795193357433078,0.6920541589796748,0,0,-0.10779975646224789,0.012431872054848365,-0.009792247121696757
2017-10-26,118.58999633789062,119.06999969482422,118.06999969482422,118.66999816894533,1021400.0,0.5579622783820859,0.5387747513732994,0.9664520816808048,0.7040083536040868,0.3687788783544164,0.7284934901581535,0.5983901436143314,0.6945619556394488,0,0,-0.10728845669767766,0.004077500441353858,-0.022680922029040314
2017-10-27,118.5,119.8499984741211,117.26000213623048,117.93000030517578,2031400.0,0.5610996728127124,0.5408775412411208,0.8852155867019208,0.7044314240408874,0.36918309571709923,0.6845457369069026,0.601431823948007,0.6895743522180029,0,0,-0.10558691305833223,0.011376072258795854,-0.023763375228248573
2017-10-30,117.5500030517578,117.83000183105467,115.91000366210938,116.16000366210938,1238700.0,0.5628460560504696,0.5428190025650057,0.7196812204462356,0.7046797107543471,0.3430548454932828,0.6088576490245132,0.58306184111186,0.6865330288163366,0,0,-0.09141021267527524,0.019503056189361784,-0.014076177883605972
2017-10-31,116.56999969482422,117.08999633789062,116.02999877929688,116.23999786376952,1156600.0,0.564284452076226,0.5447287492181677,0.7238100294030057,0.7049118074043409,0.3275788851081987,0.5934692800265903,0.5660039999068663,0.6893727758465839,0,0,-0.07636021407491875,0.028236903201534495,-0.0027548182225875786
2017-11-01,116.33999633789062,116.72000122070312,115.48999786376952,115.91999816894533,1140000.0,0.565523163546283,0.5462979126883528,0.6953036600544773,0.7051388682913732,0.33026368345272666,0.5726222941292305,0.5419495785068292,0.68657378603638,0,0,-0.07432897065065586,0.03019616483771883,-0.021679255758588208
2017-11-02,116.0999984741211,116.20999908447266,115.5199966430664,116.16000366210938,984600.0,0.5665825015660562,0.5480256484601516,0.7094841325428236,0.7053358984388135,0.3308617033548696,0.5646912711288051,0.5196133300639375,0.6889912293408771,0,0,-0.07246378242377535,0.03234989699132531,-0.008712924018153115
2017-11-03,116.18000030517578,116.86000061035156,115.88999938964844,116.52999877929688,781600.0,0.5676824514681051,0.5497933707856433,0.7315840507570116,0.7054934894357406,0.33661637117901455,0.5770013713505667,0.5054409461308716,0.6909102560388205,0,0,-0.07300278141864161,0.03159433585781163,-0.00043046702979863434
2017-11-06,116.55999755859376,116.77999877929688,116.30999755859376,116.33999633789062,639600.0,0.5689347010929671,0.5515335149078974,0.7119892536350451,0.705621879998885,0.3229974557565523,0.5736617831817177,0.49228087533588183,0.6893398754400429,0,0,-0.07603192914411719,0.02823308118073921,-0.002145370313385911
2017-11-07,116.5500030517578,116.95999908447266,116.0500030517578,116.33999633789062,639100.0,0.5702749474329918,0.553214367208192,0.7119892536350451,0.7057501306197819,0.31812724477836685,0.5674223391911393,0.47530313157759596,0.6909090284117108,0,0,-0.07607019410428888,0.028365098214194494,-0.0033522382836916496
2017-11-08,116.22000122070312,116.4499969482422,115.54000091552734,116.12000274658205,877100.0,0.5715305822420895,0.5549048726686203,0.6869188914754436,0.7059252434796911,0.3151249159399829,0.5425086298885313,0.45038409902243226,0.6887555249358073,0,0,-0.07323366460933997,0.031201627709143392,-0.00034382771863914786
2017-11-09,115.0500030517578,115.7300033569336,114.55999755859376,115.12999725341795,926400.0,0.5721160925901057,0.5564657632038345,0.5824105276793988,0.7061061565918122,0.3064260626558136,0.48887059887541096,0.41143011940696983,0.6864809774268837,0,0,-0.05709614817424402,0.04133650799887345,0.009817424756149457
2017-11-10,114.68000030517578,115.04000091552734,114.37999725341795,114.66999816894533,908600.0,0.5725120739351299,0.5578929023463491,0.538712944880013,0.706281709943403,0.30684176762537263,0.4571071614494468,0.3725385366588667,0.6842501334430667,0,0,-0.0542864600807975,0.04490574387459934,0.013897320527153867
2017-11-13,114.26000213623048,114.87999725341795,114.1500015258789,114.5500030517578,1247700.0,0.5729791312384152,0.5592662663595525,0.527286196299067,0.7065220101022703,0.3128202212944337,0.43791558385509505,0.3391842542817418,0.6811867127534251,0,0,-0.03627804768933878,0.04874855173237878,0.019447072147446468
2017-11-14,113.48999786376952,114.56999969482422,113.41999816894533,114.3499984741211,974900.0,0.5734495711437972,0.5607706223671303,0.5076218567617221,0.7067088282297703,0.3301086297518219,0.40267803571759264,0.3189617547068425,0.6787930854148568,0,0,-0.029594057610951786,0.05552161013455321,0.03212571110550782
2017-11-15,114.08999633789062,114.08999633789062,113.25,113.38999938964844,952000.0,0.573622179389887,0.5620378121388708,0.42059267388358756,0.7068872291480067,0.3159090257482303,0.358524924835143,0.3025839928050458,0.6764556833979146,0,0,-0.03489285454317273,0.050371685291574646,0.023874100510385483
2017-11-16,113.79000091552734,114.19000244140624,113.37999725341795,114.01000213623048,1395600.0,0.5735206471020582,0.5634166907407209,0.4876243262115528,0.7071523441018103,0.3104338171050003,0.37116671672061635,0.28546135834947006,0.6798822361866169,0,0,-0.03254257395950843,0.0534438450587643,0.037128486701949785
2017-11-17,114.0,114.45999908447266,113.56999969482422,113.83000183105467,1809700.0,0.5721905537326024,0.5648286631864557,0.47104700076159534,0.7074944535006046,0.27344858554368795,0.3978200149804728,0.26428205103669444,0.6754389626256292,0,0,-0.03420753839841874,0.05131127413830704,0.036751182904107
2017-11-20,114.08000183105467,115.91000366210938,113.87999725341795,114.87999725341795,1058500.0,0.5715102763009516,0.5660668955817967,0.5764787085333135,0.7076992080831747,0.2912724771152361,0.4669341220961358,0.25041656451498073,0.6780378492169458,0,0,-0.034964449555580784,0.05068959457305632,0.02978124690430783
2017-11-21,115.61000061035156,115.8499984741211,115.1500015258789,115.33999633789062,794000.0,0.5707995373754549,0.5672596247307962,0.6173092894696016,0.7078543041043387,0.3005023617172523,0.5091325733434913,0.2375414698876752,0.6799873210672106,0,0,-0.04796311166404152,0.0369080602815159,0.02881265353177299
2017-11-22,115.62999725341795,116.54000091552734,115.25,115.2699966430664,1502400.0,0.5699703428230882,0.568667459657045,0.6095525081949994,0.70814716021403,0.2701479166312087,0.531451222313485,0.23544786961568717,0.6762985471278681,0,0,-0.0479451964182193,0.036587492237649885,0.026790394185837733
2017-11-24,115.80999755859376,116.52999877929688,115.66000366210938,116.0999984741211,438800.0,0.5691005363884458,0.5699939401987442,0.6816744132014148,0.7082342227748261,0.2676567892522518,0.5750558111803942,0.23350381222026964,0.6773759126793747,0,0,-0.049535865799959077,0.03504815678998581,0.02090746709720083
2017-11-27,115.9499969482422,116.37999725341795,115.70999908447266,115.8499984741211,1196300.0,0.5683965678314209,0.5713107686323102,0.6517744322353183,0.7084701998472763,0.2712084090279572,0.5806499920492676,0.23169861606738193,0.6744386920566142,0,0,-0.05038758441866029,0.03359174485043778,0.005684786139394109
2017-11-28,116.26000213623048,117.41999816894533,116.26000213623048,117.33999633789062,1832400.0,0.5687959317785423,0.5727641057528994,0.7638777576843071,0.7088431430041194,0.3024140287758847,0.6698749885480929,0.2444241815690865,0.678937699888384,0,0,-0.05317223774919107,0.03098831579779912,0.011307704582200463
2017-11-29,117.4800033569336,117.73999786376952,116.54000091552734,117.01000213623048,1156900.0,0.5690565367397948,0.573959594300224,0.7243810044806213,0.7090767912663866,0.3080114080642247,0.6704943078823994,0.26012554581073655,0.676097216281871,0,0,-0.06289419731666891,0.020197675056703557,0.005880303677740312
2017-11-30,117.0999984741211,118.5,116.5999984741211,116.8499984741211,2045100.0,0.5693712917381282,0.5750682128223515,0.7049981672580315,0.709488095656747,0.29345759949120703,0.6748605134464601,0.28317856267176467,0.6710759758776182,0,0,-0.05982394557902969,0.023502264334618807,-0.003931280027985096
2017-12-01,117.30999755859376,117.58999633789062,114.9000015258789,115.93000030517578,1540800.0,0.5692934479935343,0.5760251549086758,0.6007757100285849,0.7097916139739883,0.27841883689178354,0.5779422656428957,0.26910114710366695,0.6672929201762479,0,0,-0.03474537964579381,0.021737278123198835,-0.024047904110294855
2017-12-04,117.9000015258789,118.91999816894533,116.83000183105467,117.55999755859376,1336500.0,0.5696420470878107,0.5772385674471032,0.7228608711905927,0.7100640714517422,0.2702583700253445,0.6939355013479057,0.2716773634234573,0.6705743674405791,0,0,-0.040110424511672356,0.016820468757948657,0.004399224832984835
2017-12-05,117.37000274658205,117.63999938964844,116.6500015258789,116.75,1004500.0,0.5697808112379574,0.5782851358009469,0.641411161922574,0.7102652356894158,0.2672122797456493,0.6319855285274337,0.2708404090852161,0.6681080645771144,0,0,-0.03504595808220029,0.021095574847243247,0.009101732877213489
2017-12-06,116.81999969482422,117.18000030517578,116.02999877929688,116.19000244140624,893500.0,0.5697300463851127,0.5793441146092477,0.58940175642625,0.7104419391740974,0.262047131892653,0.591273695698226,0.2591771002697386,0.6659142949320115,0,0,-0.03057815584431879,0.025952880336589934,-0.00034262026147617776
2017-12-07,116.02999877929688,116.69000244140624,115.88999938964844,116.11000061035156,1128600.0,0.5697266612008767,0.5804637644126703,0.5819558451828952,0.7106646412230274,0.25268409761236543,0.5726375784050728,0.24593194481601224,0.6631432950199097,0,0,-0.02392631655807743,0.03287718060553976,0.010500053318428688
2017-12-08,116.23999786376952,116.43000030517578,115.72000122070312,115.91999816894533,786100.0,0.5699940339484622,0.5814386315420983,0.5635246169781665,0.7108190464072391,0.2486895835710425,0.554514855807103,0.23059723181282218,0.6612132196779786,0,0,-0.025751424063836837,0.031091211707647982,0.023253850344015975
2017-12-11,116.05999755859376,116.45999908447266,114.7300033569336,115.68000030517578,948800.0,0.5703358652564057,0.5824066038577166,0.5397801867674831,0.7110043536841869,0.2512323900666167,0.5207411515746387,0.2084561987935528,0.6588836744745388,0,0,-0.024240835084369035,0.02467219337066682,0.03580056583360667
2017-12-12,115.73999786376952,116.25,115.33999633789062,115.88999938964844,2037200.0,0.5707893818227467,0.5830808754098612,0.5606774215640014,0.7114037846497906,0.25505464941638056,0.5317188467469234,0.18789666813280262,0.6638855183704575,0,0,-0.021524877742052608,0.02748962912159959,0.049533223909208744
2017-12-13,116.08000183105467,116.95999908447266,116.0199966430664,116.25,1292100.0,0.5714324299742188,0.5836682779888095,0.5963387025716629,0.7116589187544556,0.2392793385800368,0.5750871874029422,0.17198609202411388,0.6670579523474439,0,0,-0.024419724272666237,0.02450596559537413,0.030114745725689254
2017-12-14,116.30999755859376,116.62000274658205,113.26000213623048,113.81999969482422,1834800.0,0.5715779619106984,0.5838833827140578,0.38312769057212426,0.7120018194035768,0.2319206342861322,0.3908123281807076,0.1785220533645477,0.6625530519055473,1,0,-0.026322559643817328,0.02245161815356183,0.017548394972278104
2017-12-15,114.6999969482422,115.48999786376952,114.30999755859376,115.08999633789062,2537300.0,0.5719434817618769,0.5841674313693986,0.4996951997612512,0.7124893241477769,0.2324427043660938,0.41579614080794103,0.18459116032352194,0.6687827684366267,0,0,-0.012739386330433613,0.037076095870829835,0.03540683903968285
2017-12-18,115.62000274658205,116.52999877929688,115.36000061035156,116.12999725341795,1205100.0,0.5727219062971205,0.5845604115605256,0.5801034817971754,0.7127260294973775,0.2466144784908062,0.5148571001971842,0.17383920948740691,0.6717415952965186,0,0,-0.020592604240111344,0.028673173406617243,0.01737770495819842
2017-12-19,116.68000030517578,116.93000030517578,116.0,116.30999755859376,1182700.0,0.5732058843573076,0.5850664597549244,0.5933097555688641,0.7129591143718575,0.2418807694063851,0.5578244886422922,0.15805919631710172,0.6746454244618941,0,0,-0.029535868305334254,0.01928871021051899,-0.0092138096971558
2017-12-20,116.37999725341795,117.19000244140624,116.11000061035156,116.16000366210938,1030400.0,0.5734834126576012,0.5855876767501045,0.5799961237465932,0.7131614148235864,0.23472875259971515,0.5618101419368964,0.13963563144873,0.672115530514145,0,0,-0.026910818666651147,0.02183819937101959,-0.03782988555448783
2017-12-21,116.33000183105467,116.88999938964844,116.04000091552734,116.18000030517578,645200.0,0.5737913998696016,0.5861075135201216,0.5816658947201181,0.7132880927180237,0.24752170625753356,0.5414298799116296,0.12353432521939486,0.6736996605365516,0,0,-0.026515166442434863,0.02229679972656107,-0.02040291556357015
2017-12-22,116.41999816894533,116.52999877929688,115.9000015258789,116.19000244140624,574200.0,0.5738218613634476,0.5864922207762778,0.5825620828168776,0.713400822281976,0.24688892914032934,0.5169958140726694,0.11069435914079762,0.6751094675093753,0,0,-0.027285231198300352,0.02151833356372117,-0.019710801424617945
2017-12-26,116.4000015258789,116.45999908447266,116.08000183105467,116.27999877929688,491200.0,0.5739673932999274,0.586875548859272,0.5911295628111662,0.7134974216027666,0.25591892474212385,0.5244061798913436,0.09877153349638584,0.6763154883819825,0,0,-0.02711077941036647,0.02168858413043959,-0.05250020092905405
2017-12-27,116.45999908447266,116.62999725341795,116.0199966430664,116.48999786376952,548000.0,0.5736797146112038,0.5873333365130061,0.6117668709376682,0.7136056570352002,0.23987470580986797,0.5459920557765023,0.08456454120428811,0.677660967694256,0,0,-0.027605771570098966,0.021155823101974974,-0.03517368748561439
2017-12-28,116.69000244140624,117.16999816894533,116.2300033569336,117.16999816894533,532700.0,0.5737338646482848,0.5879138442781449,0.6750587894465749,0.7137123937337179,0.2496693343374079,0.625895155009645,0.07553406654175049,0.6789688816169714,0,0,-0.029530453296335225,0.019143237775203527,-0.023263792035105705
2017-12-29,117.33999633789062,117.68000030517578,116.81999969482422,116.81999969482422,867700.0,0.5737237116777159,0.588457122783914,0.6311447921681627,0.7138848964703973,0.2576617124922399,0.6710554972487628,0.07556495745058925,0.6768384575307311,0,0,-0.03482115102346653,0.013484696217000236,-0.023726199733215242
2018-01-02,116.9800033569336,118.0,116.80999755859376,118.0,935200.0,0.5744242950505045,0.588965929324637,0.7308865426562271,0.7140754594547786,0.27386681858906603,0.7202013024299997,0.08062263691175628,0.6791346112767862,0,0,-0.03184387288496053,0.01660670105358411,-0.005649748877191761
2018-01-03,118.0,118.80999755859376,117.13999938964844,118.19000244140624,929800.0,0.5746375177610092,0.5890252211465966,0.7451771003823898,0.7142655933485041,0.2818975858021703,0.7784666424414621,0.09691358159873151,0.681417506650056,0,0,-0.04016947342177557,0.00779659465207904,-0.015338962360964103
2018-01-04,118.66000366210938,119.76000213623048,117.31999969482422,117.47000122070312,1226100.0,0.5748811993832208,0.5891051963579841,0.6541432840022978,0.714512413638488,0.27847446344289073,0.764516991877874,0.1234124593250833,0.6784071194515551,0,0,-0.04568915656428717,0.009307034870960783,-0.021152381321249213
2018-01-05,117.73999786376952,119.0500030517578,117.48999786376952,118.91999816894533,959600.0,0.5758051558549442,0.5893092698019374,0.7621891588706455,0.714711433472757,0.296536001270974,0.7440404799296012,0.14801856007098138,0.6807631814005654,0,0,-0.0381373600151923,0.017195915991060334,-0.01991994818740332
2018-01-08,119.0,119.19000244140624,118.48999786376952,118.72000122070312,1260100.0,0.5766885004443918,0.5894471576621223,0.7380466130401655,0.7149715612361477,0.29748427573360314,0.7262353229795571,0.1725326612736636,0.6776693155586022,0,0,-0.04826772580012077,0.006390869054259281,-0.028422446228229124
2018-01-09,119.0500030517578,119.18000030517578,118.1500015258789,118.22000122070312,1012800.0,0.5774669275617743,0.5893851085458395,0.6786082251840309,0.7151783608644243,0.2908336486272039,0.6744922087596289,0.18659334216609522,0.6751826340851158,0,0,-0.04877022284360977,0.005980450447880139,-0.026869966379767383
2018-01-10,117.97000122070312,118.33000183105467,116.30999755859376,116.61000061035156,1381500.0,0.5777816825601079,0.5892030966124753,0.5197284163290026,0.7154507829220896,0.2775252254711618,0.5515628135737126,0.1640220035668906,0.671790700380908,0,0,-0.0398409662987536,0.015141269641721898,-0.004314008889903101
2018-01-11,116.69000244140624,117.86000061035156,116.12000274658205,117.56999969482422,1290300.0,0.5783502721512217,0.5893975179482958,0.5984263773183702,0.7157103479429355,0.2829622667099924,0.5550714705730418,0.14613977168309109,0.6749587149002995,0,0,-0.029414289402475733,0.026327070394953078,0.007203467399828417
2018-01-12,118.01000213623048,118.5999984741211,117.66999816894533,118.16999816894533,1466300.0,0.5790000880890267,0.5896636415605327,0.6428977585117377,0.7160088797147336,0.29259181654696237,0.6278051663149253,0.13415702921188385,0.6785588541623188,0,0,-0.0404014630631075,0.014884749549565918,-0.022965081097602324
2018-01-16,118.55999755859376,118.98999786376952,116.16999816894533,116.63999938964844,2373800.0,0.5799545060545961,0.5897629209881861,0.5137895335672441,0.7164762388224218,0.28809898848961146,0.5441460247293133,0.12896305563268964,0.6727305716961239,0,0,-0.04485060086728598,0.010154900535084175,-0.051789753846301086
2018-01-17,116.5999984741211,117.04000091552734,114.27999877929688,114.5,3855100.0,0.5797548240810355,0.5895340266353186,0.3791340089932794,0.7171989536542068,0.2373650996341261,0.34807806061481067,0.14475893781262675,0.6632653211546177,0,0,-0.028635085351235254,0.027091938259987965,-0.04706788316613072
2018-01-18,115.75,122.06999969482422,115.16000366210938,118.41000366210938,3736600.0,0.5805264834120851,0.589793256485747,0.6214019313532524,0.7179604025189815,0.2298280220821301,0.6521990073775942,0.14522005528706236,0.6724396240711159,1,0,-0.021746706233794908,0.055196503884927674,-0.048034934497816595
2018-01-19,118.0500030517578,119.12999725341795,116.52999877929688,118.44000244140624,2953300.0,0.5812473753081508,0.5900828218337362,0.6228665264450098,0.7185616502557067,0.2520844536183268,0.5953706576400434,0.14564823579903827,0.6796907263574977,0,0,-0.040452670951652815,0.033949805917899825,-0.0446752871541384
2018-01-22,118.26000213623048,118.66000366210938,116.36000061035156,116.77999877929688,1672600.0,0.5814572102522806,0.5901434928288579,0.5258361094776604,0.7188899825401348,0.25049959807595623,0.5186082656258371,0.14408895210837494,0.6755840681500003,0,0,-0.042215466877194324,0.03216816514740102,-0.026933488480671036
2018-01-23,116.51000213623048,118.11000061035156,116.51000213623048,117.25,1731700.0,0.581819347501362,0.5902993057321465,0.5518231266907265,0.7192331020872574,0.25428542198440196,0.5156183050901337,0.14264104582418755,0.6798358318818688,0,0,-0.02783010818609608,0.04761087186772115,-0.01275908125311806
2018-01-24,117.54000091552734,119.12000274658205,117.3499984741211,118.94000244140624,1985500.0,0.5827500743415572,0.5908246591948121,0.6376761696641361,0.719640422945477,0.27463142526454937,0.6280722810603718,0.15024286797936418,0.6847107391346406,0,0,-0.036503187883128875,0.038635384045175906,-0.0182515939415645
2018-01-25,119.76000213623048,120.77999877929688,118.97000122070312,120.20999908447266,2489400.0,0.584080167711013,0.591588558066477,0.6937503811826905,0.7201640039002389,0.2858299839787646,0.7527848541179867,0.1698719774179547,0.6908228489886071,0,0,-0.05464940193861283,0.01942153616258514,-0.017740041760895647
2018-01-26,120.5,121.5,119.62000274658205,121.47000122070312,1686800.0,0.5857656305432171,0.592542741806477,0.7438709041654827,0.7205274510368836,0.3025408786958452,0.7947622797525653,0.19290158107344754,0.6949643718060211,0,0,-0.06022791713592731,0.013060475058492978,-0.033607860796075695
2018-01-29,120.91000366210938,121.6500015258789,119.37999725341795,119.56999969482422,1332200.0,0.5865779017565427,0.593262516604963,0.6283090098942931,0.7208035458386018,0.28201171476592396,0.7108957566010117,0.2108579037533668,0.6916934821348336,0,0,-0.06297852514201704,0.009549650292727058,-0.03984526153491332
2018-01-30,119.1999969482422,119.66000366210938,117.77999877929688,118.3499984741211,1172300.0,0.5870957239126728,0.5939464402652405,0.5634409263719306,0.7210402892086109,0.2870913540923732,0.5662601021230667,0.20649861192501137,0.6888151876133406,0,0,-0.0411474298026472,0.024002699288342054,-0.03479130252849645
2018-01-31,118.87000274658205,119.06999969482422,118.1999969482422,118.7300033569336,1400100.0,0.5873427907191204,0.5945972711336337,0.5816598664331368,0.7213251208312349,0.27922151465152223,0.5680196359356882,0.20245069808439567,0.6922527890460306,0,0,-0.038783303983640015,0.027038419852129514,-0.038783303983640015
2018-02-01,118.16000366210938,118.7699966430664,115.56999969482422,117.62000274658205,1393900.0,0.5871498765318928,0.5951198662499749,0.5232503382106326,0.7216019429479942,0.2811298400115419,0.4528875544733746,0.18561421202128267,0.6888304101895014,0,0,-0.03267922827516635,0.032931827862923306,-0.027204609328809286
2018-02-02,117.27999877929688,117.45999908447266,115.51000213623048,115.61000061035156,1659200.0,0.5865203665352257,0.5952205248507905,0.43090987300682393,0.7219170786708536,0.2759574402505697,0.38085314196245146,0.17053350905918416,0.6847566523885449,0,0,-0.025505865753664744,0.04072437343712388,-0.034517917563232935
2018-02-05,115.29000091552734,117.12000274658205,111.62000274658205,111.9800033569336,2484600.0,0.5841715521925508,0.5947572226084097,0.3045484982797205,0.722350316240877,0.23895982124488013,0.2570169632859406,0.1853419701508874,0.678656327754832,0,0,-0.031744642760746525,0.058645435027268766,-0.012455690976592852
2018-02-06,110.33000183105467,114.1999969482422,109.5999984741211,113.95999908447266,2392000.0,0.5825605479207046,0.5945765898482076,0.40591108647635266,0.7227869780937667,0.27114895447978615,0.26132289505212003,0.20968575315828827,0.6845292958478213,0,0,-0.00651905103634183,0.10484012780700303,0.03232715671251483
2018-02-07,113.86000061035156,116.73999786376952,113.4800033569336,114.12999725341795,2223300.0,0.5811763019320291,0.594304950595323,0.41423738026674584,0.7231940004853851,0.26537767732062867,0.39681928061228966,0.20795685154783214,0.6899880625539848,0,0,-0.03738155642729296,0.07204281458783629,-0.022376299335239665
2018-02-08,113.88999938964844,114.1999969482422,110.2699966430664,110.3000030517578,2099500.0,0.5790407077177198,0.5935396736024967,0.29699246317251415,0.723543957485464,0.2516703269099788,0.29743305117857055,0.2226023603960484,0.6848332563201925,0,0,-0.0375887235500557,0.07167265838982405,-0.03864011336934273
2018-02-09,111.76000213623048,113.1999969482422,108.73999786376952,112.37000274658205,1739300.0,0.5772807889072966,0.592854371821058,0.39395148387567736,0.7238488326746059,0.2545679092700106,0.3403420409753588,0.24264921984374896,0.6891036799841291,0,0,-0.02737991105080788,0.09347232342102306,0.0015412344899530727
2018-02-12,113.0,114.7300033569336,112.86000061035156,113.9800033569336,1242900.0,0.5758627014048172,0.5924365717730177,0.46166261069571246,0.7240749999181014,0.25626282941481204,0.4384835614070743,0.24832294439234834,0.6921553154535173,0,0,-0.0379104924099511,0.08071548877042366,-0.009700065064061587
2018-02-13,113.44000244140624,114.81999969482422,112.5999984741211,114.55999755859376,1423800.0,0.5751587328477923,0.5921208084469539,0.48524739616884727,0.7243374111122921,0.28968224975311035,0.45226182046425145,0.25483832374479576,0.6956511064112089,0,0,-0.04123534338666792,0.07571501139890961,-0.030443947346067743
2018-02-14,113.8499984741211,116.81999969482422,113.47000122070312,116.31999969482422,1283800.0,0.5757747046896542,0.5921745846282659,0.5537281601258716,0.7245834122622102,0.3414599908748004,0.5009580314506024,0.24472975758942986,0.6988031617781736,0,0,-0.044605453205757754,0.0717528054808037,-0.019640363547050507
2018-02-15,116.23999786376952,116.5500030517578,114.80999755859376,116.19000244140624,1276900.0,0.5750233538818816,0.5919856789330931,0.5485459577319362,0.7248272426645198,0.3535912287675914,0.5148868826542085,0.23534323187373304,0.6956680476653233,0,0,-0.06447730415815776,0.05012037350713743,-0.0686038148940445
2018-02-16,115.86000061035156,117.2300033569336,115.37000274658205,116.16000366210938,995900.0,0.574251697132971,0.5919043256005443,0.5472689249194984,0.7250171867528631,0.33438962963172364,0.5312597770738176,0.22113278767950237,0.6932228599881459,0,0,-0.06127896201889324,0.053446931353705006,-0.04888544785116227
2018-02-20,115.3499984741211,116.12000274658205,114.75,115.4000015258789,1038400.0,0.5737846424118247,0.5917953940647581,0.5140043036206255,0.725211811078693,0.34700161574524363,0.5056772314890643,0.21201056978469493,0.6906733240066409,0,0,-0.05690427343286763,0.05785124835438642,-0.03925617609188481
2018-02-21,115.4800033569336,117.7300033569336,115.31999969482422,115.62000274658205,1017400.0,0.5732329761597517,0.5917278293078277,0.5243900812873431,0.7254033515359101,0.3390716747818143,0.5354028363390265,0.19049785188974175,0.6931712996495369,0,0,-0.05840559275601573,0.05710568674830383,-0.033015642440298046
2018-02-22,116.2699966430664,117.0999984741211,115.58999633789062,115.86000061035156,919700.0,0.5721905614790195,0.5917195563728569,0.5362405899160176,0.725577350693163,0.3119084601270056,0.5384846994692681,0.17052175670157102,0.6954293969551901,0,0,-0.06512712852810836,0.050164356633603975,-0.05950525073501051
2018-02-23,116.68000030517578,117.5999984741211,115.87999725341795,117.45999908447266,738500.0,0.571259834638824,0.591964996595666,0.6115980028147998,0.7257219975753434,0.3081173075785517,0.5772590122917816,0.14902617058746595,0.697242602196274,0,0,-0.06853100638337871,0.04652165856424884,-0.061021920055061234
2018-02-26,117.5500030517578,117.75,116.23999786376952,117.52999877929688,964900.0,0.5699263560851324,0.5921911326022095,0.6147772863142197,0.7259111975121394,0.2962486753280056,0.5983030260831065,0.13034046577741795,0.6996116769926475,0,0,-0.07500430152100093,0.038481156804843965,-0.061212348862998596
2018-02-27,117.75,117.87999725341795,115.2699966430664,115.30999755859376,1090800.0,0.5684845748751399,0.5920615176769952,0.49996700075043077,0.7261147720361149,0.296896618444224,0.565714893513434,0.11770797327659113,0.6969334856900418,0,0,-0.07666129694385405,0.03675657057511341,-0.07206671750765925
2018-02-28,113.6999969482422,114.72000122070312,112.29000091552734,112.44000244140624,2725300.0,0.5664843596267413,0.5918712328086603,0.38450303685129894,0.7265899819942879,0.27279755449835036,0.43334871298533423,0.1272630296997114,0.6902421813657007,0,0,-0.043014475669833435,0.07258696491020974,-0.0317404918064894
2018-03-01,111.9499969482422,113.12999725341795,110.3000030517578,111.11000061035156,1603700.0,0.5639053992345207,0.5913224397142445,0.33979536547807865,0.7268603515476443,0.26040085518634776,0.3754007025634175,0.14719436353242796,0.6863046901739253,0,0,-0.028548550469353215,0.09000357992570897,-0.01734255519300942
2018-03-02,110.2300033569336,110.88999938964844,109.58999633789062,110.25,1360200.0,0.561411050373227,0.5905116594750769,0.31240916990723555,0.7270845845847976,0.255760740206283,0.34708697755453966,0.16929743710676717,0.6829650533845925,0,0,-0.013410183466647019,0.10278101076602252,0.013860078099840628
2018-03-05,109.5,113.08999633789062,109.5,112.76000213623048,1997100.0,0.5604464794370887,0.5900221582026207,0.44344681118983453,0.7274346470228737,0.294758594398431,0.42646899600375104,0.16916211633695763,0.6878684415863102,0,0,-0.006893443412521388,0.11020409547282455,0.032471671937003836
2018-03-06,113.08999633789062,116.13999938964844,112.6999969482422,115.06999969482422,1531000.0,0.561492276719918,0.5898718598879785,0.5426515778209344,0.7277176637484538,0.3289919027268411,0.5458180284728238,0.1480762080319407,0.6916274357963297,0,0,-0.03857749549229058,0.07591348905480287,0.0008868934162912561
2018-03-07,113.77999877929688,115.31999969482422,113.6999969482422,115.0199966430664,1311600.0,0.5618510287847633,0.5897119094652036,0.5405822643941969,0.7279596851698013,0.31253012168858296,0.5438242108763416,0.12849643603442498,0.6884071243620635,0,0,-0.04379943450850686,0.06839317604461607,-0.03597809507802278
2018-03-08,115.41000366210938,115.63999938964844,114.83999633789062,115.4000015258789,1059800.0,0.5622808568078694,0.5896029779294173,0.556919719245422,0.7281568278482909,0.334544149670403,0.5698284758715871,0.11260604981657887,0.6910092027838654,0,0,-0.05798996690148084,0.054251417543800536,-0.056859686197196314
2018-03-09,116.20999908447266,117.73999786376952,115.9499969482422,117.6500015258789,1412300.0,0.5647684353006912,0.589791884676591,0.6463425556604253,0.728432745149595,0.37627709085039085,0.6439644748797202,0.11187887852121145,0.6944767583180329,0,0,-0.06473137887288469,0.04714040181521408,-0.0635182126008111
2018-03-12,117.6500015258789,118.62000274658205,115.5999984741211,116.45999908447266,1293000.0,0.566152678707228,0.5897877482091056,0.5902274648958462,0.7286787299628458,0.3556648364043563,0.6270728371500988,0.11651350791488788,0.691302114612249,0,0,-0.07573313681725281,0.03399914958029252,-0.10097751575633693
2018-03-13,117.1999969482422,117.83000183105467,115.4800033569336,116.06999969482422,1338400.0,0.5668600298663498,0.5896360717733024,0.5721293855125069,0.7289310022994172,0.3442582451056118,0.5997564619684244,0.1197525300087757,0.6880160023649008,0,0,-0.07264296025226946,0.021123190221587082,-0.0800274752540923
2018-03-14,116.4800033569336,116.75,114.68000030517578,115.04000091552734,1000500.0,0.5670224851418704,0.5893906315504931,0.5248372057485209,0.7291151537197399,0.32246738777999207,0.5477610760415721,0.1155510489270953,0.6855595205183139,0,0,-0.06668394514960284,0.022314089296978933,-0.0756440633391585
2018-03-15,115.20999908447266,115.83999633789062,113.97000122070312,114.27999877929688,1127000.0,0.5663320547396504,0.5888776885422848,0.49112676098304386,0.7293188893931274,0.3017877571768777,0.5084669278045204,0.1054008093299659,0.6827924490129632,0,0,-0.056241317534880694,0.030945736528703773,-0.06293461236223204
2018-03-16,114.29000091552734,115.20999908447266,113.8499984741211,114.93000030517578,2409700.0,0.5659056119007804,0.5884281738235215,0.523215798469701,0.7297607188378407,0.3101518712512308,0.5097821980477228,0.09489882773169092,0.6887088751056373,0,0,-0.04856495546938414,0.03788941089697606,-0.07359121239011561
2018-03-19,114.41999816894533,114.86000061035156,112.62000274658205,113.22000122070312,1109300.0,0.564910579470796,0.5878421504177352,0.44761120231080975,0.7299559894546165,0.30558671169428353,0.4608646176719904,0.08209696083689014,0.6859852615999713,0,0,-0.04942138945526493,0.03654402302692394,-0.06525711285204133
2018-03-20,115.0,115.58000183105467,113.6999969482422,113.8499984741211,1446900.0,0.5643859869461938,0.5871430590086774,0.48042073954980746,0.7302143579541122,0.2910458369700228,0.5050493868132954,0.06877377001896667,0.6895377689301327,0,0,-0.05529060297418364,0.031973173534289814,-0.08205264807777266
2018-03-21,114.0,115.4499969482422,113.72000122070312,113.9499969482422,1233800.0,0.5638207799571768,0.5864853333264743,0.4857742913902089,0.7304350528537312,0.28927485927009583,0.5088857656706063,0.056402235688037816,0.6925670615861237,0,0,-0.04620116123608134,0.04057973481336677,-0.07940273198670442
2018-03-22,113.12000274658205,113.76000213623048,111.12000274658205,111.30999755859376,1251000.0,0.5622808490614526,0.5855325277076355,0.37463750599975654,0.7306448533810092,0.2832714656243057,0.403013018668051,0.061690002532878735,0.6894955385575577,0,0,-0.03843795524454461,0.04826678496971073,-0.058973246166522185
2018-03-23,111.44000244140624,111.8000030517578,109.38999938964844,109.4800033569336,1371600.0,0.5595800504402653,0.5845493876432368,0.3122305673399399,0.7308642224095324,0.2596721402363886,0.3458180616122322,0.07803126450570372,0.6861279118701229,0,0,-0.024256622377656883,0.06450454103546491,-0.04698592643648651
2018-03-26,110.62000274658205,112.0999984741211,110.01000213623048,111.93000030517578,1187400.0,0.5576847526639315,0.5837717001959535,0.4414154806970557,0.7310662019827693,0.2635544502834105,0.41460029563016293,0.09010950386010902,0.68904328073033,0,0,-0.011234959072146479,0.0730727051032132,-0.0359883295633525
2018-03-27,112.58999633789062,113.91999816894533,111.47000122070312,111.91000366210938,1530500.0,0.5565340379090373,0.5829085229486362,0.4406525035356994,0.73132625018037,0.26451219980425483,0.4707242655529716,0.0838100284175575,0.6852855141474203,0,0,-0.028589269539153354,0.05387301342134085,-0.04949516010924777
2018-03-28,112.18000030517578,112.83999633789062,109.94000244140624,109.97000122070312,2016700.0,0.5556980755703378,0.5819888111736824,0.3696567271133736,0.7316522519990866,0.2696868963540906,0.41557498384400615,0.08872762967795753,0.6803340029630007,0,0,-0.024930755287536334,0.05754626244898183,-0.05424000979529417
2018-03-29,110.36000061035156,112.52999877929688,110.04000091552734,111.5999984741211,1277000.0,0.5558639134479555,0.5815889361687457,0.4515983033289678,0.73186722999097,0.28230004266590353,0.436068937379203,0.09329397370547182,0.683469362601273,0,0,-0.008820598435353214,0.07511141260836361,-0.09029735559652194
2018-04-02,111.5500030517578,111.58000183105467,107.04000091552734,108.26000213623048,1504700.0,0.5551904063847768,0.5801893741774677,0.34194469857332943,0.7320993575704994,0.27333589607311687,0.344007652370769,0.11574437220961839,0.6797749415772258,0,0,-0.04041220607432426,0.06335125261192283,-0.07688173788859225
2018-04-03,108.5,110.43000030517578,107.79000091552734,110.18000030517578,2203000.0,0.5543172147658981,0.5790504201577794,0.4293758232455094,0.7324565972226477,0.2752840995027082,0.379857165194925,0.13659117082061165,0.6851838666227339,0,0,-0.01348604337394568,0.09347868600489587,-0.05052652053174609
2018-04-04,108.38999938964844,110.88999938964844,107.9499969482422,110.79000091552734,1259400.0,0.5528686657695727,0.5782244721698315,0.4556913952246391,0.7326638675584364,0.2827255171753552,0.41236069322679514,0.1509744647132044,0.6882760137867434,0,0,-0.012252663554019582,0.09284809701033415,-0.044381914831223016
2018-04-05,111.6999969482422,112.3000030517578,111.08999633789062,111.66999816894533,1472500.0,0.5517348717715806,0.5774550576575189,0.49351876372689474,0.7329114682384025,0.2716391423123431,0.4814793249605982,0.1498772809181411,0.6918913756249235,0,0,-0.042061521745702546,0.062460562696592566,-0.06580010132585103
2018-04-06,110.5999984741211,111.86000061035156,108.4000015258789,109.38999938964844,1677800.0,0.5497008098451002,0.5761382281719518,0.41377703019252554,0.7331774091662228,0.25736523746300743,0.4284794224103974,0.165310739653078,0.6877719500954848,0,0,-0.03187962404376363,0.07181879111637042,-0.05059551910559733
2018-04-09,110.3000030517578,111.37000274658205,109.37000274658205,109.61000061035156,1270100.0,0.5469797027006358,0.574676617064391,0.42388198442018754,0.7333797554702578,0.22941305974767742,0.4429263762604537,0.17964180847837644,0.6908903684796427,1,0,-0.029801646900264524,0.07605813823243852,-0.04817628944021754
2018-04-10,110.62000274658205,111.25,109.9000015258789,110.36000061035156,1522100.0,0.5449151818624485,0.5731446828535757,0.45905763059828986,0.7336268553107356,0.23031045392813915,0.46327737754646453,0.19294922953043928,0.6946275109271088,0,0,-0.03266127005856988,0.07298604101316354,-0.07097898335342841
2018-04-11,109.37999725341795,109.8499984741211,108.56999969482422,109.27999877929688,1298800.0,0.5426171323726183,0.5717258166460318,0.41903108083608354,0.7338317140715397,0.24041835313920107,0.4169783330477129,0.2130875660666278,0.691438626746852,0,0,-0.021203301240930977,0.08372603698859889,-0.060438547771443786
2018-04-12,109.75,110.43000030517578,108.62999725341795,110.04000091552734,1901900.0,0.5409249017540814,0.5705799688645348,0.4564480202897243,0.7341375032435483,0.26205230875767777,0.44341496327404883,0.22506328449769822,0.6961082747468755,0,0,-0.024798674183240076,0.08116766879267635,-0.06634333895484555
2018-04-13,110.6500015258789,110.93000030517578,109.55999755859376,110.0,1185900.0,0.5394763527577557,0.5693762073822393,0.4548131227222538,0.7343278385467159,0.2661683402932429,0.472058187116993,0.2304084314330753,0.6931965887679976,0,0,-0.0328062575455883,0.0724282184150593,-0.06588513213086478
2018-04-16,110.87999725341795,112.0,110.45999908447266,111.7699966430664,1739300.0,0.5384068617674136,0.5685695625585564,0.5414217152057416,0.7346196323927158,0.26369624490737725,0.549766362196942,0.22352609601170695,0.6974670124319342,0,0,-0.03490905761718737,0.07036368630149173,-0.08945451216264191
2018-04-17,112.1999969482422,113.48999786376952,111.66999816894533,113.08000183105467,1604200.0,0.5383594795166657,0.5682207064406084,0.5985371670130588,0.7348973058203773,0.2811568540185632,0.6373466056655201,0.20242565823509515,0.7014057312508194,0,0,-0.04616620012249911,0.05743943805278897,-0.09635856640006915
2018-04-18,113.30999755859376,113.83000183105467,112.77999877929688,113.19000244140624,2156800.0,0.538136106417731,0.5683875506251922,0.6032738293200924,0.7352712910940963,0.2904541120357535,0.6810495813278564,0.17967063125001184,0.7067012235513876,0,0,-0.05544744023292471,0.046957951025872885,-0.10956843994537172
2018-04-19,113.75,113.9000015258789,108.37999725341795,109.63999938964844,2374000.0,0.5366774044508367,0.567791875111273,0.44552332741254197,0.7356474364706863,0.28564688438671104,0.5173731746649801,0.18967918678505477,0.700872450034349,0,0,-0.05928084583217625,0.04302502554590052,-0.1037193887317639
2018-04-20,109.45999908447266,110.16999816894533,108.23999786376952,108.87000274658205,1971200.0,0.535851597664845,0.5670665857241406,0.41706440363964525,0.7359531327036334,0.29048124863104136,0.4073725274151472,0.1997594787421322,0.6960326529169156,0,0,-0.022072219832334244,0.08354618490607382,-0.0641189239185695
2018-04-23,108.8000030517578,109.8000030517578,108.6999969482422,108.87999725341795,1431100.0,0.5356485279249095,0.5668707841631572,0.41758858670222265,0.7361749537570347,0.2943124249302038,0.41962068520777757,0.20911974984513268,0.6995463672304093,0,0,-0.0161660888383298,0.09019931521157737,-0.05786720761293988
2018-04-24,108.97000122070312,109.4499969482422,104.38999938964844,105.7699966430664,2372200.0,0.5335636985634449,0.5659607234443355,0.31142365427313834,0.7365116634953203,0.26839898587480454,0.27556995914562066,0.23905175145472365,0.6937220131709657,0,0,-0.042064676217751396,0.08137399737189482,-0.04628950259611738
2018-04-25,107.45999908447266,109.47000122070312,105.91999816894533,107.87999725341795,2649100.0,0.5321997585159073,0.5651196066556062,0.41808895808505053,0.736910452342821,0.28411407764426744,0.37012009938767243,0.26663518404299025,0.7002262271237826,0,0,-0.029025241488702155,0.08783209993735341,-0.04131609043469229
2018-04-26,107.97000122070312,108.08999633789062,106.44000244140624,107.6999969482422,1173700.0,0.5314314843690935,0.5641736958505771,0.4117996022859265,0.7370861045022269,0.3165458499769761,0.36931494446726,0.2922483714463805,0.6973444952463822,0,0,-0.03318503821097625,0.07295138410784632,-0.035409712570262326
2018-04-27,107.30999755859376,108.33999633789062,107.1999969482422,107.97000122070312,1022500.0,0.5302029258696057,0.5630223324284325,0.4256382022529396,0.7372401966655718,0.31699203491320077,0.4094908983730541,0.3130351025232787,0.6998549926857976,0,0,-0.027112332884731662,0.07678741417639275,-0.031383447996217874
2018-04-30,108.51000213623048,108.9000015258789,105.75,105.87999725341795,1413100.0,0.529397422442613,0.5616007078745645,0.3511076610716396,0.7374407774860282,0.30948424475692826,0.36825627282263523,0.3391568294976822,0.6963854729482545,0,0,-0.03815877280727528,0.06548114860508611,-0.04612395388191121
2018-05-01,105.0999984741211,106.94000244140624,104.0199966430664,106.91999816894533,1316600.0,0.528294087356328,0.5603266232890145,0.40608715425445996,0.7376332226838082,0.30339253059407595,0.35267392757154126,0.37047518971934257,0.6996180606536181,0,0,-0.01020024422998201,0.09898001160549964,-0.01700033499297422
2018-05-02,107.0500030517578,107.2699966430664,105.4000015258789,105.70999908447266,1889900.0,0.5265747804281811,0.5589904895871816,0.3635506247062694,0.7378997791468446,0.27292132003632047,0.3843441246306626,0.3954230103763182,0.6949778757042282,0,0,-0.02833900543005668,0.07856335615729708,-0.028900149833547478
2018-05-03,105.5500030517578,106.1999969482422,104.27999877929688,104.95999908447266,1281300.0,0.5243038072479609,0.5575206044926491,0.3382595894436228,0.7380763810070451,0.2690094960130024,0.36489011111279124,0.42317330249018315,0.6918319584728122,0,0,-0.01447362048947486,0.07917884012560705,-0.001608228169635991
2018-05-04,104.4800033569336,107.04000091552734,104.13999938964844,106.4000015258789,1193900.0,0.5232918540610747,0.5562161854615391,0.4169898626694378,0.7382479668681782,0.28632185206990535,0.41273225764709054,0.43825688957264575,0.6947632864854459,0,0,-0.004382685955408311,0.08993897574650653,0.004954236352916779
2018-05-07,106.4800033569336,106.9800033569336,105.63999938964844,106.20999908447266,997700.0,0.5221411367240416,0.5546649470344578,0.40963231303600955,0.7383904970356426,0.2965291965539817,0.4398879129181138,0.4522630775777894,0.6923136793506736,0,0,-0.023120363520566848,0.06992476226799825,-0.02208652321254022
2018-05-08,106.06999969482422,107.16000366210938,105.9499969482422,106.68000030517578,900600.0,0.5208956548855128,0.5531688639618507,0.4360525390495962,0.7385208524976202,0.30491762069452516,0.45944991140203156,0.46279831079793077,0.6945248813007348,0,0,-0.01930141295008741,0.07391016421982755,-0.008756240591209481
2018-05-09,106.70999908447266,107.41000366210938,106.11000061035156,107.0500030517578,1153300.0,0.520140921475643,0.5520299109941632,0.4572367446669061,0.7386894723697447,0.3095750618816298,0.47466297652791256,0.46901099197060814,0.6973565259920577,0,0,-0.025215620863433194,0.06739784796436125,-0.022590888880958622
2018-05-10,107.26000213623048,107.6999969482422,105.94000244140624,106.11000061035156,1951500.0,0.5188108281061874,0.551157080586712,0.4144146672075022,0.7389669963600597,0.2764128533885864,0.4690175395216107,0.4705188125607732,0.6925650973827481,0,0,-0.030266281184481242,0.06202708267498169,-0.01718826636927352
2018-05-11,105.8499984741211,106.29000091552734,100.36000061035156,100.43000030517578,7285000.0,0.5155718988055928,0.5496844381978562,0.23000359023847713,0.7398298023861921,0.19277934530893626,0.3208550068414755,0.4984177057651399,0.6746785703938571,1,0,-0.05173874123259551,0.0758646970639306,-0.006973874842267608
2018-05-14,101.04000091552734,102.97000122070312,100.97000122070312,102.97000122070312,3719800.0,0.5125935744662511,0.5486806147440295,0.360825972340135,0.7403082531875332,0.22403833398584505,0.3329004270308566,0.5243238208834804,0.6838116250394681,0,0,-0.0067708882117840305,0.12804939332145762,0.04769492085006467
2018-05-15,102.77999877929688,103.23999786376952,101.79000091552734,103.02999877929688,1787800.0,0.5091921898901359,0.547338965401549,0.36373298106297747,0.7405383558188249,0.22889615878103173,0.3519965062186017,0.5447496434905147,0.6882011285330494,0,0,-0.023501972810103727,0.10799264460284619,0.02262796740247312
2018-05-16,101.88999938964844,103.9800033569336,101.20999908447266,103.5,2090300.0,0.5059126461251264,0.5457436029012886,0.3875499763732225,0.7408112048030638,0.2518810611830581,0.37200179968097846,0.5537512924724523,0.6933333464280225,0,0,-0.014850032004506993,0.11656801202101723,0.03717365695848478
2018-05-17,103.26000213623048,104.72000122070312,103.25,104.41000366210938,1292900.0,0.5041425743441346,0.5442806136725665,0.43346217597299164,0.7409846888461497,0.2773607010165419,0.4424216933366442,0.5524799390196574,0.6965077446083845,0,0,-0.028019338414289087,0.10280192647003307,0.004541074596165322
2018-05-18,104.16000366210938,105.3000030517578,104.02999877929688,104.9499969482422,2830000.0,0.5028158635767759,0.5428396849024328,0.4604259927188883,0.7413703619765012,0.30179770666779854,0.4827066010307427,0.5439344129304088,0.7034561140495047,0,0,-0.03639500927569493,0.09328605997649436,-0.014174919117167796
2018-05-21,105.5,105.86000061035156,104.83999633789062,105.02999877929688,1229700.0,0.5015128465169301,0.5410995397281778,0.46457134566886504,0.7415381946700111,0.30418797352870885,0.5156756181612592,0.5289841862447516,0.7064753401631958,0,0,-0.048975698324062955,0.08003813025379604,-0.03334921488112174
2018-05-22,105.02999877929688,105.2300033569336,102.72000122070312,102.83999633789062,1549200.0,0.5005211992711818,0.5392215066937377,0.3771301961397491,0.7417355252401238,0.3001518649965815,0.4385289345668121,0.5283683173309647,0.7026716603263818,1,0,-0.04446346970600789,0.08445208844780501,-0.02113682992006955
2018-05-23,102.23999786376952,102.9800033569336,101.6999969482422,102.70999908447266,1312500.0,0.49877143343132774,0.537379324797506,0.3722998683646944,0.7419018935068292,0.30618705233901267,0.397443830169653,0.5332310181597224,0.6994491391633181,0,0,-0.01828079852551768,0.11338004742628864,0.00739014161118232
2018-05-24,102.36000061035156,102.93000030517578,101.5,102.5,1087500.0,0.4970115146209048,0.535650210904546,0.3640819650745224,0.7420387254315955,0.30386916995841107,0.4064575487000616,0.5387960804723001,0.6967790501996367,1,0,-0.01947230082589255,0.11235518467911194,0.015188370874297858
2018-05-25,102.04000091552734,103.51000213623048,101.66999816894533,103.4000015258789,1121500.0,0.49546481593884756,0.5341499913644536,0.42013088610634797,0.7421839174292814,0.3117291445571901,0.4436034715101672,0.5361248017429795,0.6995326178067802,0,0,-0.01639024687976372,0.11570732302782012,0.02692685010956541
2018-05-29,102.44000244140624,103.11000061035156,100.61000061035156,101.04000091552734,1618300.0,0.4938267379395303,0.532234729070644,0.327246591240156,0.7423775835149963,0.31466570996884163,0.39645010477729103,0.5398603897897502,0.6955592799034004,0,0,-0.020116071570212612,0.11083171098024082,0.012669221849729843
2018-05-30,101.52999877929688,101.83999633789062,100.36000061035156,101.43000030517578,2070100.0,0.49196866944337553,0.5306090310728228,0.3516173788070479,0.7426284275089287,0.3099719314476286,0.3942404829234417,0.5447521492962961,0.70064190166314,0,0,-0.01157955421955576,0.12242678775234521,0.022862208409172337
2018-05-31,101.68000030517578,101.7699966430664,100.81999969482422,100.91999816894533,1774400.0,0.49034751220096034,0.5288261409985506,0.33207628196352135,0.7428395310691974,0.30825219877162896,0.40549376247555063,0.5492944974095174,0.6962852985760998,0,0,-0.013013898164770702,0.12047718805024554,0.02277430298376782
2018-06-01,101.56999969482422,102.9499969482422,100.87000274658205,102.01000213623048,1420600.0,0.48934909716887903,0.5271797606633023,0.4023779391965694,0.7430147807666491,0.3146328215668718,0.4488356491392869,0.5361055572674325,0.699773232720289,0,0,-0.01198968595349214,0.08521599910975289,0.007927101330487343
2018-06-04,102.4499969482422,102.86000061035156,101.97000122070312,102.43000030517578,1013900.0,0.4880054656446184,0.5259553168435799,0.4286027061666934,0.7431415380888527,0.3067211308459365,0.4762254124795354,0.5238586842783536,0.7022626149734169,1,0,-0.02048815110404104,0.07205181795506624,0.029016828270567004
2018-06-05,102.45999908447266,102.91999816894533,101.97000122070312,102.5,854900.0,0.48674983083552054,0.5249928591166082,0.433146081689607,0.7432486172863081,0.3098207583029294,0.48357510144778937,0.5115667308383764,0.7043616118056479,0,0,-0.020501791153611674,0.06843700200473643,0.04188226986962696
2018-06-06,102.52999877929688,104.0999984741211,101.86000061035156,103.93000030517578,1367000.0,0.4858191039953251,0.5238897562351281,0.5222067857378146,0.743427777436288,0.32199204133372994,0.5388280855307246,0.4828962271429392,0.7077179443236732,0,0,-0.021170713843368903,0.06770734089176829,0.037658542540015244
2018-06-07,104.19000244140624,104.1999969482422,102.41000366210938,103.08999633789062,1261300.0,0.4844788550731614,0.5226735842983755,0.4766201769606271,0.7435886362125274,0.31176988117392035,0.5501430432884721,0.45488441470043817,0.7046211321766467,0,0,-0.03685174463396915,0.04531895574562131,0.007793683789236223
2018-06-08,102.98999786376952,104.37999725341795,102.52999877929688,104.1500015258789,1444900.0,0.48381550098055154,0.5218710769941789,0.5395051918463544,0.7437790804114522,0.34503071556906595,0.6115678688239276,0.42625705076717246,0.7081687289983691,0,0,-0.025511663079294356,0.05732858543072014,0.01377442864277158
2018-06-11,103.88999938964844,104.38999938964844,103.45999908447266,103.93000030517578,1094700.0,0.4850000624135275,0.5208134773590403,0.5266551725191511,0.7439222948682122,0.4341147671091194,0.6227604609717035,0.3995210377563806,0.7054809622043076,0,0,-0.03389341073048137,0.04810371639779187,0.020739353148954576
2018-06-12,104.0,104.30999755859376,102.72000122070312,103.52999877929688,2211700.0,0.48518959141651913,0.5201612673174847,0.502721599690921,0.7442077950062588,0.3881263572133703,0.5797564173691023,0.3836739000898969,0.70005067644709,0,0,-0.035023567583566756,0.03560085574307402,0.05080341348785628
2018-06-13,103.62000274658205,104.0500030517578,103.02999877929688,103.3000030517578,2391500.0,0.4852809733159181,0.5192125992181322,0.48866113118730603,0.7445139258885553,0.35817629678715723,0.5703419632999245,0.36895870082816196,0.6941789359812104,0,0,-0.03148847845714833,0.03940881145336246,0.06799962328344135
2018-06-14,103.62000274658205,104.16999816894533,102.6999969482422,103.95999908447266,2071500.0,0.4854366582229667,0.5182708248805885,0.5342822770571994,0.7447844234512305,0.3595990087622173,0.5793919527483623,0.35938431294121853,0.6992649950968572,0,0,-0.031558587027311895,0.039496554512354676,0.05634075046356114
2018-06-15,104.08999633789062,105.41999816894533,103.9000015258789,105.37999725341795,3221900.0,0.4857649487939662,0.5174035101137847,0.6223024227291539,0.7452233571746408,0.3884158781357713,0.6828100947010514,0.32917172248377846,0.7071755786665906,0,0,-0.03587914352046363,0.03472490036690239,0.05434784124313031
2018-06-18,104.44000244140624,105.01000213623048,103.76000213623048,105.0,1978600.0,0.4857818721330072,0.5167981824917326,0.5950332200529883,0.7454895146576251,0.3968781828099588,0.6585027872149998,0.3031046945171786,0.7023176126679332,0,0,-0.03871704248808319,0.030935610094924626,0.05902449594627785
2018-06-19,104.0500030517578,104.29000091552734,103.0,104.12999725341795,2613800.0,0.4854772701052427,0.5160425565550384,0.5348255194318364,0.7458314521170267,0.4310996676242818,0.6032830298228302,0.28929694201608225,0.6959000691890639,0,0,-0.0351428803943451,0.034761846633184795,0.05409524100167424
2018-06-20,104.01000213623048,105.26000213623048,104.01000213623048,105.13999938964844,1810700.0,0.48625569722262535,0.5153227817565526,0.5988437991477386,0.7460755629936969,0.4669108287761312,0.6792439779524226,0.26099747711306276,0.7003457980042711,0,0,-0.03505235400127808,0.035436424751183776,0.05099392776964124
2018-06-21,104.80999755859376,104.80999755859376,103.58999633789062,104.3000030517578,3472600.0,0.48679382790203235,0.5146361008019518,0.541257095967921,0.7465312485532373,0.4645418063693906,0.6216721605700548,0.24060962282223128,0.6918196822017147,0,0,-0.04232449090807515,0.027487154331608,0.05839832057534662
2018-06-22,104.6500015258789,105.86000061035156,104.5199966430664,105.41999816894533,3094300.0,0.4877820899635447,0.5139990585091768,0.6101079083384782,0.7469508272521707,0.4724031765037269,0.6921442633747341,0.22059130824798592,0.6994169753330429,0,0,-0.04113135944395395,0.015723867130038382,0.05436239696111643
2018-06-25,105.11000061035156,105.18000030517578,104.5,105.11000061035156,3175600.0,0.4883608325252277,0.5133247869570321,0.588032039676408,0.7473768011858647,0.4915883482422813,0.6509151593761096,0.20169388264066876,0.6916200700336713,0,0,-0.04505786456557971,0.007114399668249428,0.046006436713729795
2018-06-26,105.51000213623048,106.7300033569336,105.29000091552734,105.83000183105467,2075000.0,0.4899819897676429,0.5125057337828939,0.6319206882955913,0.7476608978647646,0.49837587574837494,0.7147198961798407,0.20338685171559726,0.6967147225390864,0,0,-0.048996303833830745,0.011606899568250608,0.03558175094712339
2018-06-27,106.2699966430664,106.33999633789062,104.98999786376952,105.11000061035156,2166800.0,0.4912274716061718,0.5114067673688993,0.5783343085666462,0.7479509214731935,0.4645573915947078,0.6647790291703495,0.19999036425245606,0.6913946776963233,0,0,-0.05584424010640638,0.004346656958407077,0.027780425120842604
2018-06-28,105.5,106.94000244140624,103.9000015258789,105.72000122070312,2833500.0,0.492852014032823,0.5103767448849972,0.617052424806837,0.7483367879998534,0.489065167623611,0.6549946774659908,0.18021105402252777,0.6983516405272118,0,0,-0.04890114508421223,0.01369995655070351,0.018647122757980743
2018-06-29,105.69000244140624,106.02999877929688,103.66999816894533,103.7300033569336,3074300.0,0.49343414177874195,0.5095618281783444,0.4831929596458252,0.7487299951969159,0.4508726992345226,0.5578985611514029,0.1585876193516498,0.6908034524802732,0,0,-0.05041621045697548,0.01182368506968209,0.003688983968457087
2018-07-02,102.72000122070312,103.37999725341795,101.16999816894533,102.68000030517578,2304300.0,0.4935187533096688,0.5087083019871589,0.42472050226882685,0.749014520112424,0.4610053717357755,0.36430064066308937,0.1648063465354845,0.685145810182332,0,0,-0.022751378906552534,0.04068255166426768,0.039814876311212506
2018-07-03,102.87999725341795,103.83000183105467,101.87000274658205,102.0,800600.0,0.4933495302478151,0.5077596338878064,0.3894199861159525,0.7491110917484561,0.45108530364818816,0.37755409406937357,0.16415043698100248,0.6831801336542186,0,0,-0.02454223447191952,0.03954036984730734,0.04041684372365289
2018-07-05,101.9499969482422,102.88999938964844,101.62000274658205,102.80999755859376,1445500.0,0.4929704696596929,0.5073514859478989,0.44881837260441504,0.7492901235759893,0.4523840840115577,0.3775028204641063,0.16608515726773435,0.6867292036284729,0,0,-0.015588199391084698,0.04892162248200033,0.05833337821212455
2018-07-06,102.36000061035156,103.33999633789062,101.87999725341795,103.0,1025400.0,0.4929400107479858,0.5066785935689164,0.4626005596831514,0.7494178445494205,0.4630222528465683,0.40999466110495136,0.16112393499875602,0.6892468213051247,0,0,-0.01945336102999277,0.04454821456876726,0.05894366017409964
2018-07-09,103.22000122070312,104.16999816894533,103.08999633789062,103.91999816894533,1171200.0,0.49286216700339197,0.5061573776257372,0.5277072078962474,0.7495680303041296,0.45731250815534363,0.4957775690663847,0.14478591651319936,0.6921224150469764,0,0,-0.02776699621700546,0.036116516705855445,0.06320390423524727
2018-07-10,104.12000274658205,104.87000274658205,103.70999908447266,104.8000030517578,1340700.0,0.4931566160605875,0.505720273361431,0.584835289349788,0.7497446447413728,0.47190546906500375,0.5573844894650682,0.12853914482925397,0.6954141743790293,0,0,-0.03618169940801725,0.02713625620200307,0.06697458821311356
2018-07-11,103.91000366210938,104.79000091552734,103.33999633789062,103.75,1683500.0,0.49323107462094534,0.5054265725979573,0.5143958826026275,0.7499590895823246,0.46223815263176893,0.5115186809320094,0.11037962254059702,0.6912807539005396,0,0,-0.03387407393494602,0.028912201250609018,0.06383582650000226
2018-07-12,104.44000244140624,104.44000244140624,103.3000030517578,103.83999633789062,1476800.0,0.493413833255465,0.5050018777361073,0.5206321846464126,0.7501476095785301,0.47533739391294794,0.5000516377010389,0.0940654689735553,0.6949066733318634,0,0,-0.03489159273813992,0.024096385542168676,0.0513734380882908
2018-07-13,103.41000366210938,104.1500015258789,102.9000015258789,103.98999786376952,1568700.0,0.49342398622603395,0.504764710448269,0.5315773232597409,0.750348677464073,0.4714295512609199,0.4830301952532627,0.08452444323209266,0.6987582306259572,0,0,-0.024460718462106665,0.03399459653109391,0.06943373785387724
2018-07-16,103.8499984741211,104.02999877929688,101.91000366210938,102.37000274658205,2177000.0,0.49240526525281475,0.5044075813953502,0.42533732173968464,0.7506131781199145,0.41785764599550257,0.41392462017336884,0.08836253209769049,0.6934131421901555,0,0,-0.025771712282239487,0.029714434376017142,0.07000672111594723
2018-07-17,102.3499984741211,105.66000366210938,102.08000183105467,105.41000366210938,2170700.0,0.49254402940296155,0.5042710727083273,0.6179632211888215,0.7509033967743942,0.41686480234596546,0.5576858024642645,0.07559085960320047,0.6987427625243745,0,0,-0.011526817168276037,0.0448373922451457,0.07345906096219218
2018-07-18,106.33000183105467,107.45999908447266,105.62000274658205,106.75,2899700.0,0.493430759176645,0.5043455322790673,0.6821617411318336,0.7513063734380644,0.4005664331123707,0.7223587697999079,0.08311289074689948,0.7058622631845923,0,0,-0.04895174540216963,0.010720019107865483,0.05056447818880611
2018-07-19,106.75,107.0199966430664,103.33999633789062,106.38999938964844,2543700.0,0.4938538168312793,0.5043055446733735,0.6579528135142358,0.7516557348353986,0.403188715170269,0.6329101208727653,0.07085726215998062,0.6996168330265083,0,0,-0.05227167991620303,0.0066510452878000585,0.03662766896589578
2018-07-20,105.87999725341795,105.94000244140624,104.8000030517578,105.0,1391700.0,0.4940907280850189,0.504022874139194,0.5698917045727668,0.7518388787934701,0.3847748999422867,0.5999349254013467,0.059477035614984575,0.696199855729262,0,0,-0.044271069757435326,0.014851037128668629,0.04380114379963799
2018-07-23,104.52999877929688,105.0500030517578,103.8499984741211,104.41000366210938,1772600.0,0.49374889935921445,0.5037884651976798,0.5352965975936153,0.7520677514296222,0.37001611478069263,0.5434262618627076,0.05852109729269367,0.6918476720998168,0,0,-0.032000005812871886,0.027904764811197916,0.050952366420200755
2018-07-24,104.77999877929688,106.52999877929688,104.37999725341795,106.0500030517578,1375500.0,0.49406703954178394,0.5045633953506399,0.6230060050422965,0.7522543468820136,0.34800419871083843,0.63094294350553,0.04744661977056047,0.6952248742787076,0,0,-0.03457523689046307,0.02566804148239255,0.05574178230717092
2018-07-25,108.01000213623048,109.61000061035156,107.38999938964844,109.27999877929688,1933400.0,0.4952346776357189,0.5054334674117669,0.7547577402266092,0.7525416692112493,0.37147749437777644,0.8159939713912256,0.06242908079929657,0.6999718627866447,0,0,-0.06449791391280664,0.015087208185559399,0.03762374114993844
2018-07-26,109.36000061035156,111.0,109.13999938964844,110.66000366210938,1482900.0,0.4971130546551506,0.506485552458259,0.7992943282188455,0.7527701412158888,0.4055161640043646,0.8241130422834567,0.08513835356911861,0.7036127592687074,0,0,-0.07494511834637606,0.015007315226646358,0.019674245515147633
2018-07-27,110.2699966430664,110.48999786376952,108.52999877929688,109.44000244140624,1259800.0,0.4983720746484845,0.5073046066843981,0.7245373431379447,0.7529579118502198,0.39739867593566797,0.7368227772513096,0.09949837174111201,0.7005196300030101,0,0,-0.08223385299992514,0.006596813055985386,0.016446770599985054
2018-07-30,109.56999969482422,111.04000091552734,109.0500030517578,109.73999786376952,1420700.0,0.5004061339928259,0.5080395481796636,0.7353174884242719,0.7531712573426358,0.4284379852882422,0.714609377647254,0.11646746589837767,0.7040078096726212,0,0,-0.07675439819526887,0.013432028398301234,0.027594997950436826
2018-07-31,109.87000274658205,110.83999633789062,109.43000030517578,110.66000366210938,1390300.0,0.5031069351961523,0.5088268887870807,0.7681612142198587,0.7533850686626945,0.430823322404782,0.6978232102644462,0.13222448190155298,0.7074213496139603,0,0,-0.07927833740653836,0.010661547218159472,0.019682851054874575
2018-08-01,110.25,111.16000366210938,109.68000030517578,109.7300033569336,1155500.0,0.5057231248685519,0.5094749623611508,0.7083888589686047,0.7535583319634661,0.42603425722946076,0.6687644312142247,0.1491518941217311,0.7045843033633545,0,0,-0.08205314956232664,0.00822341977222404,0.024399031799116924
2018-08-02,109.31999969482422,109.86000061035156,108.63999938964844,109.31999969482422,975400.0,0.5079264098568861,0.5103684761580299,0.6824843284942501,0.753702906139973,0.4116371565103466,0.6253747188677472,0.15168969665976986,0.7021894483976765,0,0,-0.0742732277093648,0.01676846724682881,0.02597282773108585
2018-08-03,109.93000030517578,111.05999755859376,109.66000366210938,110.9499969482422,1041900.0,0.5106170555075045,0.511504671831394,0.7473772792160611,0.7538641173437318,0.4157676551587699,0.6497249217844303,0.16336617545691598,0.7047475777689497,0,0,-0.0801317431456707,0.011251402857365984,0.027991196186754216
2018-08-06,110.37000274658205,110.83999633789062,109.70999908447266,110.31999969482422,854600.0,0.5127831112156598,0.5125829548559607,0.7062609671115151,0.7539941201790307,0.40875437071064374,0.6288243282661315,0.17420862005426593,0.7026493175129845,0,0,-0.08292027787912865,0.007120332918042912,0.026137845662467192
2018-08-07,110.5500030517578,110.83000183105467,109.83999633789062,109.95999908447266,581600.0,0.5145294918712777,0.5134874988821341,0.6826606511478606,0.7540817210059524,0.38850515659056556,0.616673073639469,0.18427660432323376,0.7012213416589367,0,0,-0.08502542520631048,0.005529374655901087,0.04079042795910307
2018-08-08,110.16000366210938,110.16000366210938,108.58000183105467,109.25,797700.0,0.5163909455516684,0.5146195580880129,0.6363412163953521,0.7541995501683577,0.39613565813933066,0.5846054166084214,0.1766895734251712,0.6992627853680597,0,0,-0.08175705318311083,0.009094216154292503,0.052382635092703585
2018-08-09,108.80999755859376,110.0199966430664,108.0999984741211,109.20999908447266,1013200.0,0.5182084021655473,0.515692325471932,0.633684266442598,0.7543489867347247,0.3990871767774635,0.5724815044051301,0.1637177223523925,0.6967751217928855,0,0,-0.06993134452767448,0.02151035335025731,0.06562934369189775
2018-08-10,108.68000030517578,108.98999786376952,107.37000274658205,107.45999908447266,628200.0,0.5193828106279543,0.516594112203782,0.5248977940763216,0.7544371749022721,0.377512476548824,0.5271379395473736,0.14298889352746866,0.69523273109221,0,0,-0.0687666166027669,0.022708574102407418,0.036718269113149286
2018-08-13,107.29000091552734,107.63999938964844,105.58999633789062,106.08000183105467,1272800.0,0.5206384454370521,0.5171553157526549,0.452270121492757,0.7546087001748875,0.38461353756277045,0.4583567632805601,0.14018967244560818,0.6921076835216594,0,0,-0.05695144982991463,0.03601342620094275,0.03954960018805826
2018-08-14,106.05999755859376,107.20999908447266,106.05999755859376,106.8499984741211,771300.0,0.5211258060993362,0.5177647798421924,0.4988097052530227,0.7547149869071473,0.3648690283127541,0.4595169252900778,0.13759039572673773,0.6940014211011422,0,0,-0.04185515399106941,0.04807697978397466,0.04081826693358027
2018-08-15,106.5199966430664,107.1999969482422,105.44000244140624,107.02999877929688,1310100.0,0.5212205706008322,0.5183894116805103,0.5097200864854687,0.7548963866118826,0.36980947252491136,0.45320883338952356,0.1410945023464513,0.6972180496540792,0,0,-0.0458586239256815,0.043425428968693634,0.02311653023842898
2018-08-16,107.8499984741211,108.47000122070312,107.37000274658205,107.9000015258789,1213400.0,0.5217316249706294,0.518936826653765,0.561962407759847,0.7550685519210595,0.34834253190596576,0.5054559274153422,0.12827375631564444,0.7001972551239928,0,0,-0.05577876566189342,0.03092595744874983,0.011959252488980264
2018-08-17,108.0199966430664,108.75,107.4800033569336,108.41999816894533,773200.0,0.5228891100939952,0.5196717692010312,0.5920303998643414,0.7551798282008854,0.36428146565227215,0.5107165824258836,0.11305774791651044,0.7020956576864925,0,0,-0.05662644017193643,0.029101084102300633,0.01603339511092284
2018-08-20,108.8499984741211,110.48999786376952,108.48999786376952,109.7300033569336,1488800.0,0.5246896433688333,0.5204411837133437,0.6623214198024586,0.7554018305776157,0.37022664001942973,0.575983419322519,0.10968701184597321,0.70575104016845,0,0,-0.06401028342757838,0.021306080308069353,0.012543816946319656
2018-08-21,109.9800033569336,111.80999755859376,109.6999969482422,111.08000183105467,1587700.0,0.5263920269579392,0.5214270821240666,0.7253724773408399,0.7556470389536488,0.3668229571573621,0.6542508868235073,0.1180754376933881,0.7096492472927138,0,0,-0.07354414880106985,0.016677245472302607,-0.011391597209142118
2018-08-22,111.04000091552734,111.33000183105467,110.2699966430664,110.5999984741211,1271900.0,0.5268387757379476,0.5224019492534945,0.6904187888627188,0.7558408931124053,0.3438346466701597,0.6349560031582209,0.1258646902659877,0.7065264094509609,0,0,-0.08219298796289264,0.006931910608333752,-0.023226519522197158
2018-08-23,110.26000213623048,110.8000030517578,109.6500015258789,109.7699966430664,1389900.0,0.52653755631228,0.5232940828252107,0.6318079428198361,0.7560479676646695,0.31831999410819245,0.5909239685150055,0.12493945802848691,0.7031138516113097,0,0,-0.07549727476781923,0.01401442535033994,-0.020253214503327573
2018-08-24,110.23999786376952,110.83000183105467,109.73999786376952,110.62000274658205,869000.0,0.5269369228415404,0.5242124164790033,0.6755135828029113,0.7561803391846867,0.3261238569565488,0.6078290994739304,0.12437896499831244,0.7052474675280352,0,0,-0.07588589283414453,0.014302630434884101,-0.006012535782987402
2018-08-27,110.77999877929688,111.4499969482422,110.55999755859376,111.12999725341795,1137300.0,0.5274073627469225,0.525005271675067,0.7007826850737069,0.7563558326278662,0.3355634739532086,0.6436975878712339,0.13009263948467817,0.7080398281518466,0,0,-0.07864759295091425,0.009311144040165144,-0.1104682780445934
2018-08-28,111.36000061035156,111.36000061035156,109.62000274658205,109.87000274658205,1505700.0,0.527139989999337,0.5256767859328884,0.6101638071449482,0.7565804140465048,0.3092016701461647,0.5945261874083614,0.1223356364105643,0.7043429518735799,0,0,-0.07216777171488926,0.004049284255951527,-0.10582203209645787
2018-08-29,109.98999786376952,111.81999969482422,109.37999725341795,111.66000366210938,1406500.0,0.5277931911213778,0.5267150824037621,0.6992469312468458,0.7568001727349941,0.337952831070651,0.6327917137831738,0.12010871092139444,0.7077962669332745,0,0,-0.0605260886469375,0.016656064306065848,-0.1238736713399687
2018-08-30,111.33999633789062,111.33999633789062,110.20999908447266,110.66000366210938,887500.0,0.528246710269858,0.5274762239811037,0.6322324248552693,0.7569352056344111,0.3342947950200931,0.611061966119538,0.11804085153859381,0.7056172288134885,0,0,-0.06707861022855385,0.004298794028219056,-0.14553107170920024
2018-08-31,110.37000274658205,111.2699966430664,109.8499984741211,110.54000091552734,956900.0,0.5281079487018503,0.528336643934098,0.6242823165438948,0.7570802766128265,0.32297769376921054,0.5999875611515761,0.11069720915135878,0.7032677960508709,0,0,-0.05891924865978871,0.013103170976476848,-0.12850172374946478
2018-09-04,110.5,110.56999969482422,109.06999969482422,109.87999725341795,924600.0,0.5279590315811347,0.5289516236642829,0.5800931808994015,0.7572179425874269,0.3230514180565272,0.5585855842767551,0.0930490127970135,0.7009976679995423,0,0,-0.05536459829830145,0.011941375826773681,-0.11145286405632418
2018-09-05,109.33999633789062,110.98999786376952,108.76000213623048,110.5999984741211,1633100.0,0.5281756368937363,0.5297086277221383,0.6213153779736218,0.7574656768564735,0.3418375885859952,0.5759822357497258,0.08200992011493191,0.7050073436653704,0,0,-0.035493210720507866,0.022570107562106353,-0.10211133847620812
2018-09-06,110.9499969482422,112.20999908447266,110.52999877929688,112.0,1297300.0,0.5291063637339315,0.5305593955669996,0.6937636839630356,0.7576696268684991,0.3555181712737492,0.6519422399793231,0.0865540166649563,0.7081925449642981,0,0,-0.049819119193977475,0.011392424535388019,-0.10813742540214558
2018-09-07,111.41999816894533,111.87000274658205,110.56999969482422,111.51000213623048,859500.0,0.5298847908513142,0.5314418780825838,0.6579916061615119,0.7578029958313831,0.358333378520328,0.627954885088912,0.09077353488997894,0.7060822539626574,0,0,-0.05339281899588474,0.007053579602922585,-0.08955356052943651
2018-09-10,112.12000274658205,112.52999877929688,111.44000244140624,112.08999633789062,984600.0,0.5314517954745095,0.5323202230786817,0.6880785171770759,0.7579580029611727,0.3676870385011423,0.66036123427338,0.10221262680255302,0.7084996972671547,0,0,-0.059904942850013854,0.0036767646386908154,-0.09380323633833143
2018-09-11,111.6500015258789,113.0999984741211,111.33999633789062,112.58999633789062,1288600.0,0.5336550778807048,0.53354190855208,0.7135456669615506,0.7581633483869413,0.38276775698588456,0.6801202510165715,0.11890496380781382,0.711663537854373,0,0,-0.05540190282237932,0.01293600674114782,-0.09831389626636804
2018-09-12,112.4000015258789,112.56999969482422,111.5199966430664,112.02999877929688,1214700.0,0.5354082289047948,0.5348311598344095,0.6682963450652526,0.7583540835505126,0.37872786797849145,0.6581291954404452,0.13440499102698464,0.708681140553974,0,0,-0.061817206775504424,0.006217221520653102,-0.12985170283429406
2018-09-13,112.91000366210938,113.79000091552734,112.33999633789062,112.9499969482422,1032600.0,0.5374118293374293,0.5363410314826349,0.7174586711920189,0.7585199489643163,0.36346361289719703,0.7305647936190228,0.16097992711524364,0.7112164360610062,0,0,-0.06667857986341061,0.007855014397988122,-0.08212090223941766
2018-09-14,112.81999969482422,113.25,111.5199966430664,112.16999816894533,1316100.0,0.5388569931495188,0.5376316619381265,0.6544517285590156,0.758727130667833,0.3599251746555908,0.659769226575981,0.17043883435104243,0.7079850759827523,0,0,-0.06533862286689363,0.008587881778762817,-0.08844619861607722
2018-09-17,112.27999877929688,113.41000366210938,111.9000015258789,112.98999786376952,1414800.0,0.5404036918315762,0.5390091613668145,0.6994513603427449,0.7589543583893207,0.36313070905063566,0.6832630919672089,0.18093340973587693,0.7114587696524686,0,0,-0.06097883970354131,0.01346172916893671,-0.0837122184445938
2018-09-18,113.4800033569336,113.75,112.5199966430664,113.2699966430664,998100.0,0.541601788837218,0.540298412649144,0.7144310132935489,0.759115693050192,0.3614023839030367,0.6965651649785972,0.1943653411641181,0.7139093588889287,0,0,-0.07115674898251681,0.002743584073410726,-0.08195417569079987
2018-09-19,113.66000366210938,115.22000122070312,113.27999877929688,115.0500030517578,1529700.0,0.5429454203614787,0.5417117632160403,0.7995296710002925,0.7593737114959193,0.37106129825246076,0.7588756956686065,0.22068117549847974,0.7176651612684628,0,0,-0.0725699784966517,0.01377238107907406,-0.07565999451049993
2018-09-20,115.5999984741211,116.5,115.20999908447266,115.91999816894533,1259900.0,0.5447459536363166,0.5433898582220116,0.8349044401304156,0.7595904741610607,0.37864993424519233,0.792168914719805,0.25461070579520106,0.7207585360595821,0,0,-0.08830939385672296,0.00782269884403237,-0.07700999891643383
2018-09-21,116.51000213623048,116.7300033569336,115.55999755859376,115.9800033569336,3487400.0,0.546847706336822,0.5450638178124984,0.8373284274094858,0.7601906735906757,0.38010336255888677,0.7609295374022575,0.28767569610743726,0.7293209896245867,0,0,-0.09549689328575121,0.0018978711540563891,-0.08281572313458614
2018-09-24,113.0,114.0,110.25,112.69000244140624,2396500.0,0.5475482897096109,0.5462634428273083,0.5845636424905915,0.7605710857096432,0.3824538749760207,0.5399849217088578,0.2659025976839531,0.7234369728876097,0,0,-0.06518362941693955,0.03216074537827304,-0.056475279032367966
2018-09-25,113.0199966430664,113.13999938964844,110.95999908447266,111.54000091552734,1629000.0,0.5476870538597576,0.5475278742527246,0.5182733899036722,0.7608219546220131,0.3689294869195042,0.5110492257922994,0.24568472057643206,0.7194373637640814,0,0,-0.0672641231470505,0.03292223474567964,-0.05022624820385277
2018-09-26,111.51000213623048,112.16000366210938,110.19000244140624,110.38999938964844,1425300.0,0.5478630447079442,0.5482145552073254,0.45817404711765175,0.7610347606265698,0.36814331637533615,0.44779566149001254,0.2337673825323436,0.7159378899250607,0,0,-0.05441993585262066,0.04679936505161388,-0.017751509240466343
2018-09-27,110.38999938964844,110.38999938964844,108.91999816894533,108.98999786376952,1806900.0,0.5469593915952198,0.5485234237195795,0.3928642287818207,0.7612942531463248,0.33242283238263964,0.3683058201151296,0.23304897794307064,0.7115014910758874,0,0,-0.027357520244262138,0.057432774729045566,-0.01558113262263864
2018-09-28,108.79000091552734,109.16000366210938,107.12000274658205,109.12999725341795,2456700.0,0.5464415668569507,0.5489012361619262,0.4021192989745783,0.7616481015758069,0.36449482929745985,0.33303520461092684,0.24482934968431116,0.7175333141168769,0,0,-0.01532249015210266,0.07285074407773401,-0.009909182972960695
2018-10-01,109.66000366210938,110.33000183105467,109.33000183105467,109.75,1337800.0,0.5461741941093652,0.549556203497805,0.44374852680057764,0.7618439346302847,0.3621554118102609,0.4122236986494618,0.24249075190481187,0.7208179532116934,0,0,-0.023275002102575208,0.06478511749987959,-0.03903603265322217
2018-10-02,109.87999725341795,110.72000122070312,109.8499984741211,110.20999908447266,1314700.0,0.5462858819499021,0.5503559524556774,0.47429856780911883,0.7620386831490827,0.3583964012460377,0.43414139678469715,0.236070341880907,0.72404587593404,0,0,-0.025148013729712156,0.062414634200598076,-0.05075170564760082
2018-10-03,110.6500015258789,111.38999938964844,108.58999633789062,108.7300033569336,2440500.0,0.5456529893511382,0.5507254919630533,0.39750011985797706,0.7623855072682962,0.31765632507159297,0.4006304502218957,0.23939040721706153,0.718053828011406,0,0,-0.032029750554586456,0.05516742474877029,-0.048090038070824404
2018-10-04,108.1999969482422,108.9000015258789,107.43000030517578,108.45999908447266,1294800.0,0.5444548897633572,0.5506124239597816,0.3843809383861615,0.7625679686561037,0.311988551186471,0.36125932939606586,0.2501504213533289,0.714874764848027,0,0,-0.009932807581315008,0.07845126593705234,-0.010300699738883137
2018-10-05,108.37000274658205,108.9000015258789,107.68000030517578,108.0199966430664,868200.0,0.5432737109324781,0.5502483990410524,0.362667370271069,0.762688734258589,0.30238893229684505,0.38234765578815966,0.2601418630512915,0.712743113134677,1,0,-0.011524986267300757,0.07707911378314203,-0.011064029022368983
2018-10-08,108.0199966430664,109.76000213623048,107.80999755859376,109.58000183105467,1310200.0,0.5424242130211128,0.5502677032573182,0.4751012115591462,0.7628790294912952,0.31337480475895907,0.4317190345819184,0.25876083005812,0.715959987213036,0,0,-0.008331734164538411,0.0806332807308624,-0.002962411634593813
2018-10-09,100.06999969482422,101.91999816894533,98.30999755859376,98.55999755859376,10425700.0,0.5376758143186398,0.5487261169383699,0.14369289590863274,0.763933045934518,0.19429873211557822,0.17975498399144002,0.29979742837871104,0.6903622432970332,1,0,-0.016061344285647518,0.15203507377007522,0.05302060103586527
2018-10-10,101.18000030517578,101.54000091552734,97.58999633789062,99.5999984741211,5162700.0,0.5334689288976711,0.5472010764893631,0.19694662785386244,0.7644744817906118,0.1958765938618531,0.25393976690518827,0.3397673630043233,0.7030379842559278,0,0,-0.036424554141764307,0.15777195045599873,0.0571225384829272
2018-10-11,99.3000030517578,99.80999755859376,96.11000061035156,96.37999725341795,2762300.0,0.5278608767311248,0.5453602727142927,0.1416383187807533,0.7647284060141307,0.16842706513993316,0.2660839808406334,0.3805819930084752,0.6962558355254661,0,0,-0.03202813745258328,0.17500000574502622,0.0802208633150288
2018-10-12,97.23999786376952,97.98999786376952,94.4000015258789,95.08999633789062,2449300.0,0.5220802163184886,0.5433981280009798,0.12211486933619628,0.7649407787568215,0.15366467519341678,0.297160869389545,0.42240741284651495,0.6902421813657007,1,1,-0.029466657178078465,0.20222044042933293,0.10479351278216527
2018-10-15,94.83999633789062,96.66999816894533,94.37000274658205,96.1500015258789,2355200.0,0.5163807848346824,0.5413573883014422,0.17601336557894445,0.7651546623964117,0.1619481243908056,0.34380789923800514,0.46131332160949834,0.6960247961034133,0,1,-0.004942618670827529,0.2302030482918468,0.11525930314396202
2018-10-16,96.62000274658205,98.33999633789062,95.97000122070312,98.18000030517578,1854200.0,0.5112736340673643,0.5396834297629565,0.27279969740696286,0.7653377924425541,0.1792623091778185,0.39771441119865003,0.4803707539018023,0.7005773284771678,0,1,-0.023400935666073906,0.20915236912335267,0.11461254777099868
2018-10-17,97.97000122070312,98.55999755859376,97.30999755859376,98.12000274658205,2665300.0,0.5055437410897121,0.5380508380033264,0.2714524242878653,0.765600135376917,0.17335244376313483,0.4223117085377547,0.4958760699140202,0.6940333394059954,0,0,-0.036667330035965555,0.19107763371275416,0.10694642460137035
2018-10-18,99.2300033569336,100.62000274658205,97.4000015258789,98.98999786376952,3516100.0,0.49981384811206003,0.536636108263268,0.31349189801366106,0.7659578426839299,0.1712187196380408,0.4472307808159969,0.4907715977150292,0.702666258767099,1,0,-0.04953119113646624,0.1783530321049609,0.10293516297799846
2018-10-19,100.36000061035156,101.81999969482422,99.7699966430664,101.38999938964844,3417100.0,0.49487591782445645,0.5355578252387014,0.42011034319034357,0.7663373433744248,0.2083186860680485,0.48105010914712837,0.4757878357414369,0.7110561079604742,0,0,-0.0605111424692925,0.16537027073291286,0.10304068257764268
2018-10-22,101.61000061035156,101.83000183105467,99.81999969482422,101.66000366210938,3852000.0,0.491142857493106,0.5347580762808289,0.43146312444926826,0.7667685636757876,0.2393055847441931,0.48864980150605597,0.4617882058184529,0.7205137472139003,0,0,-0.07140741599125303,0.14912716084033956,0.05049810412667549
2018-10-23,100.11000061035156,101.12000274658205,98.29000091552734,100.62999725341795,3073900.0,0.4874504090440313,0.5340065868116202,0.3984936166902411,0.7670996651173297,0.27396025125903356,0.47935187933859663,0.45669664053770054,0.7129665412686494,0,0,-0.05646269581936798,0.16348615136610137,0.0558725172197965
2018-10-24,99.9000015258789,100.58000183105467,97.54000091552734,97.77999877929688,2990900.0,0.48318260321750955,0.5327559439618222,0.31756925442259676,0.7673877973809954,0.25667112800030406,0.4648801203110628,0.4556255869190925,0.7056231214236153,0,0,-0.05495378048526212,0.1672463707682656,0.033091542501672705
2018-10-25,102.94000244140624,104.12999725341795,100.33999633789062,103.70999908447266,4542200.0,0.48139560809747667,0.5322981563080881,0.5389420053499172,0.7679307155426399,0.3213175398470704,0.534002121676489,0.4251232122286158,0.7167753771393244,0,0,-0.08764573329733699,0.1410308967854798,0.005318026688056374
2018-10-26,102.58000183105467,103.9499969482422,101.06999969482422,102.83000183105467,2826000.0,0.4792633990674033,0.5315990648990302,0.512421584195347,0.7682581671954102,0.29935629703317906,0.5376685178668483,0.39679957858745907,0.7098368287150819,0,0,-0.07916304268584089,0.13643816074430418,0.004435436202231546
2018-10-29,105.0500030517578,105.91000366210938,101.41000366210938,102.88999938964844,4258500.0,0.4769416584521993,0.5308365452005273,0.514419098119194,0.7687518415169213,0.28381070929322066,0.5606207330098509,0.36051917877640005,0.7202925288087253,0,0,-0.10386074214724356,0.11358553045992881,-0.01546245199817706
2018-10-30,102.9800033569336,104.61000061035156,102.12000274658205,104.22000122070312,3070700.0,0.4749143668941908,0.5300767827963476,0.5592255325031285,0.7691232918337244,0.3130120156223503,0.5769647902481713,0.3268302360947024,0.7278318779404738,0,0,-0.08368160813904897,0.13363786647454642,-0.020215782324748972
2018-10-31,105.0,106.4800033569336,104.23999786376952,105.08999633789062,2595000.0,0.47368242062832805,0.5292508337563988,0.5877933509036709,0.7694456739373013,0.33265297789639897,0.6248951653127593,0.30794123839018606,0.734203262640017,0,0,-0.10199575061323568,0.11255040510020113,-0.04663212966251752
2018-11-01,105.08999633789062,107.37999725341795,105.08999633789062,106.73999786376952,1476900.0,0.4731002928824089,0.5287185865319247,0.6396942019792016,0.7696385544198833,0.33429976343028217,0.6588567512752588,0.2958775688045019,0.7378294275967627,0,0,-0.10200774540748025,0.11076227447584483,-0.0757445937944396
2018-11-02,106.87000274658205,107.9800033569336,105.61000061035156,106.91000366210938,1315500.0,0.4727246200606617,0.5283242282196363,0.6449823573724961,0.7698111289129773,0.340700970908225,0.6750736314901691,0.2882789898044652,0.741059314522485,0,0,-0.11710699128880948,0.06679780209962016,-0.09527830243466609
2018-11-05,106.8499984741211,107.22000122070312,105.9499969482422,106.4499969482422,1474800.0,0.4716652820408885,0.5277492350431442,0.6250080500712908,0.7700018215607111,0.3234230038402043,0.677751282325336,0.2812231664472884,0.7374383055996,0,0,-0.11673365728227132,0.05883454026815847,-0.09746513714355365
2018-11-06,106.66000366210938,107.43000030517578,106.27999877929688,107.36000061035156,934600.0,0.4746436089623694,0.5272293982731272,0.6562540887161432,0.7701259380743067,0.4459878729483331,0.668515197532269,0.2760632463210747,0.7397329861931233,0,0,-0.1154532763538071,0.05166745098803707,-0.09008928362814307
2018-11-07,108.0,109.56999969482422,106.61000061035156,109.52999877929688,1299900.0,0.4780043790740696,0.5271825158536239,0.7244495480626053,0.7703095433260007,0.46065782049073933,0.6828040275759667,0.28433247153926955,0.7429245711530217,0,0,-0.12695600946283678,0.03157600009664658,-0.10879284872181348
2018-11-08,108.5199966430664,108.9499969482422,105.72000122070312,108.66999816894533,1028800.0,0.48216388224429046,0.52677023039423,0.6830551479865633,0.7704513143029651,0.5007886300510812,0.6522073931614859,0.28296683198606476,0.7403986056120236,0,0,-0.12918829593887443,0.026202892162585444,-0.11795853476616146
2018-11-09,108.1999969482422,108.58999633789062,106.36000061035156,107.70999908447266,897300.0,0.48643507325504803,0.5263634605754838,0.637880464767443,0.7705715358974684,0.5220057845284879,0.6377621576273667,0.28169873811523183,0.7381955060008868,0,0,-0.12726598357128122,0.02935495072381297,-0.08217539758574989
2018-11-12,107.6999969482422,107.91999816894533,105.2300033569336,105.4000015258789,2173500.0,0.4895656998993417,0.5256547170582929,0.5395335161607658,0.7708428795722203,0.4821320602012762,0.5982872873188141,0.2689119528557533,0.7328590109548532,0,0,-0.1237581869368133,0.03425868046394016,-0.058304696246183445
2018-11-13,105.63999938964844,105.9800033569336,104.0,104.30999755859376,3662100.0,0.49164037370809804,0.5248866817191425,0.4977710827475519,0.771283854316187,0.43062751198684623,0.5551023391371228,0.24550252344110582,0.723867624477706,0,0,-0.1069259628074983,0.05455407890661368,-0.04184056896462241
2018-11-14,105.1999969482422,106.68000030517578,104.68000030517578,105.3499984741211,1345300.0,0.4940873377365049,0.5241627704531713,0.540284641161467,0.7714511477274354,0.4152120363250621,0.5704105156274882,0.22939619418596505,0.7271706779791686,0,0,-0.10382508345450447,0.043715897753969384,-0.028472760625272583
2018-11-15,104.69000244140624,107.7300033569336,104.01000213623048,107.08000183105467,1375300.0,0.49682536822001017,0.5234843624335412,0.606005648466779,0.7716313782716241,0.4269448674570794,0.5856636021404743,0.22247768330214043,0.7305473891072155,0,0,-0.09795918219552008,0.048125294430542184,-0.028476507294273392
2018-11-16,106.62000274658205,108.0199966430664,105.8499984741211,107.16999816894533,2201200.0,0.4987815864018968,0.522885928573298,0.6093471751213527,0.7719203909412499,0.4081044050362808,0.6045345447292999,0.21822555106083688,0.7359518946951286,0,0,-0.11440044630674756,0.029323863802342545,-0.08078073756037517
2018-11-19,107.36000061035156,108.70999908447266,106.8499984741211,107.6999969482422,1291200.0,0.5008257987168072,0.5222806009512458,0.6297995664587425,0.7720924686304372,0.3666993966441875,0.6251544072401574,0.21944916234711312,0.7391221189433175,0,0,-0.12120927578343126,0.020621434377452924,-0.06951569539543927
2018-11-20,106.33999633789062,106.68000030517578,104.86000061035156,105.87999725341795,1940100.0,0.5026026408662712,0.5213553735356447,0.5450634321226384,0.7723370452996453,0.344506882550694,0.5428320792168077,0.2001257328988059,0.7343586802321098,0,0,-0.11114200492559945,0.029990746968041687,-0.05663879895050143
2018-11-21,106.5999984741211,108.38999938964844,106.33999633789062,106.80999755859376,1099700.0,0.505658808950207,0.5206355987371588,0.5839131192567903,0.7724795812901951,0.36855355536888157,0.6003003167480078,0.19529306671536958,0.7370587232972688,0,0,-0.11550808504714281,0.02805063560395256,-0.0522289282465802
2018-11-23,106.06999969482422,108.08000183105467,105.98999786376952,107.29000091552734,381900.0,0.5068704466927929,0.5198551539955522,0.6037986587717473,0.7725297807747892,0.3255131030489548,0.5919371289044828,0.18736724894695608,0.7379963848836871,0,0,-0.1095402791468448,0.03276846812097315,-0.042786254089344125
2018-11-26,108.0,108.13999938964844,106.83000183105467,107.33999633789062,1730600.0,0.5083968368515732,0.5191891553783784,0.6059592910957685,0.7727574954970075,0.3128705443127174,0.608135538980079,0.18048296933441696,0.7422454478359143,0,0,-0.12703883993951368,0.014633234051888273,-0.04986483762203813
2018-11-27,106.72000122070312,107.29000091552734,105.44000244140624,105.8000030517578,944400.0,0.5093817163109886,0.5181977423790087,0.5280934472924301,0.7728760106573852,0.32387994858074576,0.4971950808127029,0.1601899758392978,0.7399267057510401,0,0,-0.10014906248143116,0.026551132582022036,-0.04527669811961788
2018-11-28,106.0500030517578,107.72000122070312,104.51000213623048,107.63999938964844,1277600.0,0.5105392014343546,0.5174214341048876,0.6107197687040099,0.7730454371959107,0.31269093902255907,0.5224356035367648,0.14475811136290492,0.7430635385418441,0,0,-0.08260874518962336,0.033270288672339866,-0.038657881373446605
2018-11-29,108.27999877929688,109.41999816894533,107.76000213623048,108.47000122070312,2603700.0,0.5116831509850546,0.51651413173239,0.6446950962150112,0.77339885991223,0.31580619467670384,0.7091858541335062,0.133634106414476,0.7494562839530967,0,0,-0.10107764135182892,0.011984400992586786,-0.06763283928443593
2018-11-30,108.23999786376952,109.98999786376952,108.23999786376952,109.33000183105467,1962000.0,0.512559727788169,0.5156054512387314,0.6787927457015297,0.7736714934182923,0.31368956061958625,0.73930320578749,0.12790631703747815,0.7542734927317108,0,0,-0.09864475733222282,0.01613349295017788,-0.05254906318885745
2018-12-03,110.37999725341795,111.41999816894533,109.31999969482422,110.55999755859376,1206500.0,0.51379505407399,0.5148580982370079,0.7247686209513104,0.7738448139801916,0.31482301107413535,0.7891236900196872,0.13334508956252847,0.75723575694751,0,0,-0.11744256949462037,0.009512493351408366,-0.027622762210624752
2018-12-04,110.41999816894533,110.7300033569336,106.54000091552734,106.7300033569336,1457600.0,0.5138898211576248,0.5140362867165454,0.5349092156005376,0.7740323310391571,0.30217129907464746,0.5886909314680544,0.11463864113406894,0.7536569783972001,0,0,-0.1164978069630649,0.009044862717820045,-0.045133845640010835
2018-12-06,105.44000244140624,105.81999969482422,103.1999969482422,105.79000091552734,1734200.0,0.5133584608466897,0.5132434315204817,0.49689997494890925,0.7742489273214591,0.31309507105827283,0.3723576011776075,0.11941308931938091,0.7493990765297829,0,0,-0.07401856345360713,0.0560291908503028,-0.010212723067569651
2018-12-07,106.16999816894533,107.54000091552734,102.5999984741211,103.2300033569336,1185000.0,0.5112262518166164,0.5122561549885976,0.4047775910210951,0.7743850225577146,0.28624379266803823,0.363111386137396,0.11053451482874627,0.7464896002797025,0,0,-0.055109195392766104,0.049626618343562474,-0.038945033382477415
2018-12-10,103.12999725341795,103.83000183105467,101.12000274658205,103.45999908447266,1209000.0,0.5094629478219574,0.5114936352900947,0.4156978114657166,0.7745248844970137,0.28659928763585135,0.3010700910099665,0.11113852809027694,0.7494580026310503,0,0,-0.019955415011186018,0.08030611882151568,-0.008815228161607033
2018-12-11,105.1500015258789,105.75,102.5999984741211,103.04000091552734,834600.0,0.5078824050439572,0.5106538987265284,0.40072621659750907,0.774620027017407,0.2767146144795967,0.3812063845095589,0.0978065580021324,0.7474088474594748,0,0,-0.038952240623996735,0.06060309973468215,-0.01594820742779747
2018-12-12,104.0199966430664,104.8000030517578,103.41999816894533,103.45999908447266,852800.0,0.5072258187376804,0.5097865839597246,0.4228422769133139,0.7747186026200558,0.290411137365359,0.4030031481461226,0.08542687149171244,0.7495026882578448,0,0,-0.02814435045339129,0.071816784356839,-0.003105587072796532
2018-12-13,103.6500015258789,104.1500015258789,100.4800033569336,100.9000015258789,1611500.0,0.5060717187985502,0.5085028483180426,0.3331600050891821,0.7748887271271782,0.3063246694463426,0.3258729108336211,0.09153943445340845,0.7455460460831574,0,0,-0.030639843388719574,0.07510145671586949,0.00802244189444667
2018-12-14,99.94000244140624,100.83000183105467,97.58000183105467,100.13999938964844,2367800.0,0.5043084148038912,0.5073183910520129,0.3095818232609713,0.775131480143873,0.32891011178159263,0.283896810628149,0.11097333338228649,0.7397324951422795,0,0,-0.02338950024442039,0.11377597179316884,0.050644207463574176
2018-12-17,100.02999877929688,100.48999786376952,96.56999969482422,97.12999725341795,1487000.0,0.5009408743237191,0.5057561213436367,0.22827274609397588,0.775266404990587,0.3044431029328506,0.295116585245212,0.13325966273637793,0.7360815321179169,0,0,-0.034551618789307875,0.11374075753016079,0.05402440278693069
2018-12-18,97.8000030517578,98.66999816894533,96.2699966430664,96.6999969482422,1684800.0,0.49739734299536015,0.5041952308084225,0.21795027913762552,0.7754163571709219,0.28496481129189777,0.3171437711635542,0.15522489085022947,0.7319449198089418,0,0,-0.015752151260743003,0.14022439516447374,0.08205491420445961
2018-12-19,97.93000030517578,99.66999816894533,95.81999969482422,96.43000030517578,1686500.0,0.49358305631731875,0.5023820052365896,0.21123870069403053,0.7755645821812168,0.2719487385058322,0.35196780056745125,0.16705100744328147,0.7278041335677937,0,0,-0.021820069047995123,0.1395036017528516,0.0861427310645445
2018-12-20,97.4800033569336,98.94000244140624,96.0500030517578,97.06999969482422,2327500.0,0.49060134679374084,0.5021765526194741,0.2522401571669738,0.775774749437811,0.26045717728394663,0.37921323813821095,0.17803240142254392,0.7335187377636267,0,0,-0.017214597706687717,0.14456076706310575,0.098828152536938
2018-12-21,97.36000061035156,99.5199966430664,96.27999877929688,96.31999969482422,2350600.0,0.487051047679049,0.5017242806063875,0.2308229393617395,0.775979946447697,0.2392374970494971,0.39920158417572205,0.1829499847323274,0.7277474171953238,0,0,-0.015864849287822308,0.1448439023673289,0.09003809509886657
2018-12-24,96.04000091552734,98.08999633789062,95.3499984741211,95.5999984741211,1100000.0,0.48309461166662476,0.5016167282437635,0.2106531798145385,0.7760728272503609,0.22682835651331645,0.397503213819926,0.19279564000801716,0.7250466375538989,1,0,-0.007163646631981119,0.15967605172495064,0.09146592178682449
2018-12-26,95.83999633789062,99.3000030517578,94.41000366210938,99.2699966430664,1310600.0,0.48036335155159143,0.5021930995414167,0.42501534559744936,0.7762020876016048,0.24780453469787894,0.4348118131006546,0.19073674605301819,0.7282644937339456,0,0,-0.014958082621396158,0.16297073305155133,0.09435151063211211
2018-12-27,98.29000091552734,101.43000030517578,98.0,101.41999816894533,1430400.0,0.4788809558771841,0.5029197681017112,0.5212462102933558,0.7763550036395207,0.2727976686068771,0.49064861150011035,0.17147803290067634,0.7317764893694857,0,0,-0.0390852965107758,0.13226551523546423,0.06477284700930722
2018-12-28,101.69000244140624,102.75,100.62999725341795,101.2300033569336,1119500.0,0.4767115175669317,0.503340326496076,0.5135142078607556,0.7764737925900457,0.2515452258561291,0.5197798295213435,0.15449420189995308,0.729027832270781,0,0,-0.0717807031229664,0.0959376444804394,0.05837111295430907
2018-12-31,101.81999969482422,102.91000366210938,101.2300033569336,102.2300033569336,1162700.0,0.4745996144779964,0.5039070456855963,0.5570163907087288,0.7766016103670413,0.25902104212136906,0.5394634335595404,0.13985297038130404,0.7318825563517671,0,0,-0.07319960275598773,0.0948335291491776,0.05996245671771445
2019-01-02,101.02999877929688,102.1999969482422,100.4499969482422,101.69000244140624,1063300.0,0.4720138862994429,0.5042793435392964,0.5325914124719122,0.7767162200179415,0.2585390903293119,0.5332077764045646,0.12006302399018251,0.7292718845401971,0,0,-0.06475589259323358,0.10163356205097655,0.06094104619347122
2019-01-03,101.29000091552734,101.38999938964844,97.58999633789062,97.97000122070312,1118400.0,0.4677528508413931,0.5038077673099438,0.3904925427479282,0.77682059641618,0.24462236577172553,0.47944186881313205,0.12106981341045972,0.7265259282211339,1,0,-0.06765657476881488,0.09961645206228494,0.07690037867124747
2019-01-04,97.5,100.73999786376952,96.81999969482422,99.91000366210938,1801500.0,0.46544464838099425,0.5035664635546201,0.47704655093108417,0.7770021502980652,0.27418079116874194,0.4926061983768275,0.1265705472167796,0.730949068697522,0,0,-0.03154022965590863,0.1420842910636173,0.11462695944685217
2019-01-07,99.87000274658205,101.70999908447266,99.04000091552734,100.23999786376952,1277800.0,0.4635662713615624,0.5035126873733081,0.49112305344392637,0.7771324726211096,0.2513782720087499,0.5391696461880296,0.12337792086685587,0.7340863925391699,1,0,-0.054649173099203495,0.115603993584314,0.098788857525892
2019-01-08,100.73999786376952,101.63999938964844,99.5199966430664,101.06999969482422,1648100.0,0.46283522649492764,0.5039663385595567,0.5269059013524188,0.777305748699744,0.27194149411711643,0.5636122356613859,0.12041333925621237,0.7381328970182901,0,0,-0.06314838723622956,0.10654429901016549,0.09367517547645852
2019-01-09,101.33999633789062,101.79000091552734,100.25,101.5,1071000.0,0.4621718724023178,0.503661606514788,0.5455065559624739,0.7774200657972518,0.2693004094296488,0.5862968951857894,0.11626988809413888,0.7407624742873501,1,0,-0.06856626790052453,0.09973287683279668,0.09993080176127507
2019-01-10,101.25,102.70999908447266,100.61000061035156,102.6500015258789,1015200.0,0.46203987862064305,0.5036367866578747,0.5943297419677848,0.7775328936421536,0.28878860894437725,0.6278822446009518,0.10389338333676171,0.7432550483709633,0,0,-0.06738912648168104,0.10019702629502784,0.10906403640220905
2019-01-11,101.91000366210938,102.37999725341795,101.5,101.86000061035156,1065000.0,0.46149836533913896,0.5034947623302043,0.5567760787550523,0.7776479496230365,0.29641229892225696,0.6345331171106697,0.09240091463348296,0.7406402026272202,0,0,-0.07306380797382832,0.09264485499728321,0.09313197678018151
2019-01-14,101.29000091552734,102.5999984741211,100.94000244140624,101.95999908447266,870100.0,0.46185711740398433,0.503183135471626,0.561370801636622,0.7777422469549217,0.314440146930863,0.6309403628588779,0.08665047951128343,0.7427765193235872,0,0,-0.06754366004508729,0.09945019823992145,0.10681324551565238
2019-01-15,100.05999755859376,101.81999969482422,99.41000366210938,101.0,2509500.0,0.46214818127694385,0.5026191746284298,0.5140006199847743,0.778004707452849,0.3074306909044925,0.5772295478563473,0.0936583827981326,0.7366150588598094,0,0,-0.05541382843484959,0.11141624865002142,0.11681055089302289
2019-01-16,101.37999725341795,103.5,100.87000274658205,102.54000091552734,2483600.0,0.4639791760456276,0.502040046036453,0.587785448689799,0.7782789507733844,0.3290943612855039,0.6366095709783434,0.08335075140446199,0.7427129282393028,0,0,-0.0690098375377087,0.09940594965868685,0.11267331567141117
2019-01-17,103.37000274658205,107.51000213623048,103.29000091552734,107.36000061035156,3655600.0,0.4675870129637754,0.502102095152736,0.7580211117098281,0.7787500695284798,0.3850696043762331,0.7763384017570039,0.09073441824065023,0.7516883555640234,0,0,-0.08738052471692423,0.07177687287534483,0.07792078986181883
2019-01-18,106.20999908447266,107.1999969482422,104.36000061035156,105.43000030517578,2247900.0,0.4706330280771422,0.5019614499982277,0.6656612223585752,0.7790226676263926,0.3925468610373689,0.7377624360124826,0.09759068030282506,0.7461691896040608,0,0,-0.10991053795900906,0.012388243512420861,0.04228763868961454
2019-01-22,104.87000274658205,105.3499984741211,103.4000015258789,104.3499984741211,1464900.0,0.4730969154445899,0.5015464072445106,0.6180141044515782,0.779194070629769,0.4006365628337662,0.669902998356454,0.09523805159526513,0.7425724876979487,0,0,-0.09921273882382002,0.02532484265594963,0.053874611483776216
2019-01-23,104.30999755859376,104.81999969482422,100.9000015258789,102.0500030517578,2229200.0,0.4750362128695746,0.5005150066394473,0.5260672156429237,0.7794349342904484,0.4177826103483935,0.5871389859057282,0.08371619285216822,0.7370992349918902,0,0,-0.09487296637517055,0.030666072107613143,0.052994718353237984
2019-01-24,101.7699966430664,102.63999938964844,101.36000061035156,102.22000122070312,1121600.0,0.4772767271380877,0.4996256303620543,0.5327013078193351,0.7795567698008473,0.4338472631556705,0.5530463869602992,0.0730173240192925,0.7398530481244558,0,0,-0.0721214381269953,0.056246989921723535,0.07702107178149821
2019-01-25,103.3499984741211,104.02999877929688,103.13999938964844,103.5,1277200.0,0.4787083553775113,0.4990451225969156,0.5825073149340305,0.7797017334249913,0.4146111190263927,0.6255723205623971,0.06355877864553727,0.742988898813572,0,0,-0.08745837121161232,0.04069657222100329,0.07777347371060832
2019-01-28,102.88999938964844,103.83000183105467,102.51000213623048,103.6999969482422,823000.0,0.47948001212642205,0.4988107126034006,0.5902489966144475,0.779795736593038,0.405093905096383,0.6040395317717209,0.04967432238391395,0.7450095730362016,0,0,-0.08193232586994263,0.04463770769644489,0.07980678392493207
2019-01-29,103.76000213623048,104.5500030517578,103.0,104.4800033569336,1607800.0,0.48057996202847114,0.4988341543391528,0.6209897718147298,0.7799841120957772,0.4294554784281525,0.6292847765778088,0.042479476077355166,0.748957130770277,0,0,-0.09016392236528024,0.03616200685012234,0.0729990348852417
2019-01-30,105.06999969482422,105.91999816894533,104.06999969482422,105.0500030517578,1042700.0,0.48153437999404053,0.4987927886122977,0.6433397730024135,0.7801084966372046,0.42746164397157926,0.6623819807115106,0.0459630529975695,0.7515172243449258,0,0,-0.10202905522789128,0.023353774531098718,0.04412328160636137
2019-01-31,104.33000183105467,105.87999725341795,103.97000122070312,105.44000244140624,1466500.0,0.48280355295794325,0.4985666526057544,0.6588720801380477,0.7802855431266474,0.43180391294162757,0.649144588517011,0.04825024089393404,0.755117854657789,0,0,-0.09443120305344253,0.03027130140690271,0.05425984562260157
2019-02-01,105.63999938964844,106.4499969482422,105.02999877929688,105.7699966430664,945800.0,0.48544343117357774,0.4983736093910952,0.6723872618856993,0.7804008685322462,0.4434905827356038,0.6629589078505436,0.054681648675067696,0.7574400340985705,0,0,-0.10650602681633711,0.017735230493960006,0.05036037021665063
2019-02-04,105.66000366210938,106.4499969482422,104.7300033569336,106.26000213623048,1072800.0,0.48759256354269204,0.4981750515877894,0.6928319152330372,0.7805336448067938,0.44095447700350865,0.6533739476031191,0.057484432923914974,0.7600740308252256,0,0,-0.10636286619129318,0.017490768013959105,0.04954143925571384
2019-02-05,106.73999786376952,107.05999755859376,105.58999633789062,107.01000213623048,1204300.0,0.48988384524618916,0.49833086554307904,0.7237189722930071,0.7806860966447152,0.45660373973166807,0.6729454648786097,0.06501995208188685,0.7630308934817419,0,0,-0.11603608087502662,0.00724641687352672,0.03839640268239353
2019-02-06,106.51000213623048,106.76000213623048,105.5999984741211,106.0999984741211,927000.0,0.4915862288352952,0.49823296528858774,0.6640770481874183,0.7808001483717107,0.4454791647986147,0.641970673796887,0.0720172198714322,0.7607548728202866,0,0,-0.11307352801205486,0.009344920848865483,0.057284339136953584
2019-02-07,105.63999938964844,106.05999755859376,104.41999816894533,104.8499984741211,916100.0,0.49272002283328714,0.497896518573096,0.5885582224337595,0.7809084128590881,0.43168364855528424,0.585845014791483,0.06489794282913958,0.7585056144298237,0,0,-0.10584350508052247,0.01762490832681924,0.009896353127789206
2019-02-08,104.45999908447266,104.86000061035156,103.36000061035156,104.86000061035156,983800.0,0.493467988456824,0.4975545572689578,0.5890754309431071,0.7810246685486119,0.43201635298941643,0.5430502069786638,0.05336965626449164,0.7609210935309453,0,0,-0.07286599428548518,0.029089204541196283,0.024797315326264266
2019-02-11,105.08999633789062,105.41000366210938,104.52999877929688,104.72000122070312,818000.0,0.49443594457719825,0.49740563812747784,0.5802089028968385,0.7811208542732372,0.4286262054793483,0.5657262350830107,0.04226535991633257,0.7589126955794129,0,0,-0.07886702837049202,0.023078445396279734,0.031184476954295662
2019-02-12,105.4800033569336,107.68000030517578,105.1500015258789,107.61000061035156,1082100.0,0.49634816569257306,0.4974015016599924,0.7194993092648518,0.7812600558364796,0.4389170392910394,0.6659296048253166,0.051874993447815654,0.7615695261703092,0,0,-0.08269674905616115,0.021008373974381205,0.0439266464906387
2019-02-13,108.0,108.91999816894533,107.30999755859376,107.88999938964844,1023900.0,0.49868005927834597,0.49732152644860494,0.7309352410774057,0.7813928121269326,0.4253137184417522,0.7296762888407016,0.06971288378951407,0.7640834609656317,0,0,-0.10389369242416228,0.008549374256362817,0.03456928909584337
2019-02-14,107.1999969482422,108.0999984741211,106.04000091552734,107.26000213623048,847900.0,0.5002775253953873,0.497036098620102,0.6869472456176586,0.7815006534391332,0.41888613810368486,0.6626570830675903,0.07251287909478182,0.7620016509129371,0,0,-0.09620907695003562,0.015942174719005064,0.052553580780572845
2019-02-15,108.4000015258789,109.20999908447266,107.68000030517578,109.11000061035156,1043100.0,0.5008698061118753,0.4968361616436341,0.7639602608311222,0.7816406760202682,0.3877655223270562,0.73080857158288,0.08326669951175897,0.7645627265892737,0,0,-0.107961976509631,0.007551720515211024,0.054260671069465964
2019-02-19,108.58999633789062,109.56999969482422,108.3000030517578,108.7300033569336,977700.0,0.5019866793529653,0.49711193736400405,0.7369643687905322,0.7817704367025947,0.39074664554729954,0.7094425895932841,0.09581093737449561,0.7621622245388909,0,0,-0.08752630711155222,0.008981792241330243,0.05178261840595078
2019-02-20,108.83000183105467,110.98999786376952,108.5,109.73999786376952,1022600.0,0.503810903753177,0.4976565939909344,0.7772504955320386,0.7819100616797136,0.39116496167650544,0.7202706532938714,0.11697813025028439,0.7646729675037283,0,0,-0.08663660331198357,0.019865685330884366,0.05288328724799335
2019-02-21,109.52999877929688,110.29000091552734,108.93000030517578,110.12999725341795,790200.0,0.5065455464703075,0.4986080193846103,0.7923185985441935,0.7820190954486991,0.4102390919430917,0.6986364543800996,0.1366333807778026,0.7666131093879591,0,0,-0.09221792704744165,0.013304165417290011,0.04984510048463412
2019-02-22,110.8499984741211,111.5999984741211,110.43000030517578,111.44000244140624,920600.0,0.509666020144032,0.49970836497176696,0.8401098915453583,0.7821507017266381,0.41378087230317184,0.7295371896246685,0.16315633137376032,0.7688734164224097,0,0,-0.10387719147660898,0.0068101336484571945,0.03731953793564637
2019-02-25,112.0,112.6999969482422,111.27999877929688,112.31999969482422,1017600.0,0.5126511148518458,0.5009879641459637,0.8693072778893866,0.7822995487717289,0.42274492889194465,0.7317093016994661,0.19399346556995453,0.7713718831161497,0,0,-0.1129755569101884,0.006281379512803326,0.021536265912599894
2019-02-26,112.01000213623048,112.30999755859376,111.44000244140624,111.47000122070312,778100.0,0.5152808426790503,0.5020924462006057,0.8003929347152626,0.7824107837124891,0.40542361900595725,0.6913300183380064,0.22262794732356347,0.7694614498079745,0,0,-0.11217947389917705,0.006143116220499012,0.020210084127795763
2019-02-27,111.25,112.5,110.91000366210938,112.16999816894533,610100.0,0.5178834916145059,0.5036464419220102,0.8263897262623506,0.7824996133141112,0.3915982144888036,0.6746512488066012,0.24164353872287866,0.7709594004072775,0,0,-0.1062168853344518,0.013007956691157696,0.032744249447455805
2019-02-28,112.19000244140624,112.19000244140624,111.3000030517578,111.97000122070312,999500.0,0.5202255381708478,0.5052776555604791,0.809569127169336,0.7826443225896217,0.39714171100868895,0.6572405777420431,0.2593008735936714,0.7685053738149101,0,0,-0.1009182480129359,0.004546621335125953,0.020771991082239653
2019-03-01,112.7300033569336,113.30999755859376,112.06999969482422,112.76000213623048,848400.0,0.5227029636931007,0.5074328434884512,0.8403028804639859,0.7827696754552106,0.38845122589238623,0.6696091869721156,0.2831852529410558,0.7705884114947145,0,0,-0.10565331519231362,0.005179907076333319,0.0256318217906462
2019-03-04,113.0,113.02999877929688,109.97000122070312,111.36000061035156,988900.0,0.5245948788673374,0.5094542800237237,0.7249755788185138,0.7829104252991289,0.3868201686337809,0.6192015222673011,0.27696868904756833,0.7681604105970735,0,0,-0.10730754030584831,0.0027491801411926374,0.03077333411639048
2019-03-05,111.31999969482422,111.77999877929688,110.70999908447266,110.75,860000.0,0.5261145012397848,0.5114288341394929,0.6791283611969893,0.7830307707336434,0.36642097783930083,0.5994992333643517,0.2711961654321873,0.7660488919683233,0,0,-0.09357038534334125,0.017869951983320694,0.06357760230109553
2019-03-06,110.83000183105467,111.44000244140624,110.19000244140624,110.5500030517578,622600.0,0.5273126008275657,0.5132875629576671,0.6639911300154797,0.7831173906541268,0.3490867073776543,0.5819614165704811,0.25930508055713086,0.7645202506912767,0,0,-0.08966140230407013,0.022392737946176893,0.05923248359904076
2019-03-07,110.4000015258789,110.5,108.58999633789062,109.83999633789062,1039700.0,0.5285783886072324,0.5151518063644879,0.6105589352209603,0.7832591617021077,0.3547010587164824,0.5395210306923934,0.23152476888273368,0.7619675228792864,0,0,-0.0817729594389514,0.02632289418709869,0.08557212865967657
2019-03-08,109.01000213623048,109.66000366210938,107.83000183105467,109.62999725341795,1011900.0,0.5301961606654118,0.5170863728745633,0.5948783653919563,0.7833962679051377,0.37238614071346043,0.5074388596171782,0.21327168980676467,0.7594830511345975,0,0,-0.05917698667800981,0.03914781104995309,0.07492713038902386
2019-03-11,110.02999877929688,111.30999755859376,109.7300033569336,111.3000030517578,1180300.0,0.532375754528372,0.5187451647162696,0.6918118925503806,0.7835636613514082,0.37465635419956717,0.5719036875204198,0.19647623049011922,0.7623809876898463,0,0,-0.0685943339548149,0.02991880745663914,0.06923291213572055
2019-03-12,110.3000030517578,112.0500030517578,110.3000030517578,111.1500015258789,1282700.0,0.5345519632070963,0.52008681405875,0.6797038802956283,0.7837447454529852,0.38000930292921176,0.5823709171414894,0.1874583243135534,0.7592316331025231,0,0,-0.06558852517158585,0.027043975061134807,0.05696312815860709
2019-03-13,111.58999633789062,111.91999816894533,110.41000366210938,111.33000183105467,1524700.0,0.5358109832004301,0.5214794812362183,0.6900168034778381,0.7839609145604279,0.37139438889065046,0.5787954766125741,0.17908455429245654,0.7629751592109598,0,0,-0.07404404511522102,0.015474594665684046,0.035447614820670104
2019-03-14,111.04000091552734,111.12000274658205,108.98999786376952,109.68000030517578,1432500.0,0.536416802071723,0.5225067453737963,0.5602172842307831,0.7841548442327723,0.3686659078508761,0.4887707579866489,0.15708590306809297,0.7594580075415588,0,0,-0.06898410292699288,0.020389801542545397,0.06081017274516904
2019-03-15,109.5199966430664,110.5,109.13999938964844,110.02999877929688,1923900.0,0.5373542966982514,0.5236567296227788,0.5832967776564846,0.7844176864537927,0.374139045020771,0.4675667724576809,0.1366585840740411,0.7641816711344108,0,0,-0.05616334806323076,0.034555077543599426,0.06920134888919202
2019-03-18,110.27999877929688,111.0500030517578,109.6500015258789,110.9499969482422,1734600.0,0.5379770363264464,0.5254465134588595,0.6413415260221115,0.7846605798839547,0.38139147043959865,0.5107408664669371,0.12228626429879955,0.7684405551035159,0,0,-0.06289192261853747,0.027537933408275293,0.06561847951289473
2019-03-19,111.30999755859376,112.1500015258789,110.4000015258789,110.9000015258789,1520300.0,0.538711463795178,0.5269619007477324,0.6372319783354438,0.7848730270951193,0.37719127810074454,0.557337098028093,0.1200543924249853,0.7647078321136448,0,0,-0.07165387261750758,0.01802613839577655,0.037494400870060306
2019-03-20,110.8499984741211,111.4800033569336,110.26000213623048,110.81999969482422,1476900.0,0.5390769862284954,0.52842075456097,0.6302419348114011,0.7850788264972085,0.37572891836577377,0.5213035966715844,0.11620115883180124,0.7610816671568991,0,0,-0.06753830262140902,0.022182137516910862,0.0532912856699129
2019-03-21,110.61000061035156,113.22000122070312,110.51000213623048,112.63999938964844,949700.0,0.5399264867219999,0.5300161170612304,0.7402468734857502,0.7852176939577572,0.37496519186889843,0.6504521566137879,0.1284529050026055,0.7634134220891364,0,0,-0.06542140425884342,0.024363805772220224,0.06334593631472692
2019-03-22,110.4000015258789,110.76000213623048,106.4800033569336,106.69000244140624,2509900.0,0.5383188676343897,0.5307317553922308,0.38618496716548045,0.7855274381827125,0.3382999594872624,0.26513272347544287,0.11989743839972947,0.7572509795236708,0,0,-0.0625000084665689,0.025834481964515044,0.05229047781928278
2019-03-25,107.04000091552734,108.02999877929688,106.5500030517578,107.05999755859376,1493500.0,0.5365386403006898,0.5313398403086063,0.40802210409929507,0.7857137004385099,0.3265820662164334,0.268175634579879,0.11195307655420164,0.7609179017004599,0,0,-0.023526123149251524,0.058768361604545655,0.06954726777722542
2019-03-26,107.6999969482422,108.5199966430664,107.37000274658205,108.36000061035156,1132100.0,0.5354860726493886,0.5322361113998086,0.4818771854133218,0.7858604247987656,0.3458563976244748,0.36723895070537577,0.09973027176308835,0.76369749500233,0,0,-0.02381837736328816,0.052400529967145,0.05903231682183888
2019-03-27,108.61000061035156,110.5199966430664,108.33000183105467,110.08000183105467,1705800.0,0.5347787214902668,0.5333557612032312,0.567969958382828,0.7860925552838028,0.3541526793103195,0.4811773290061353,0.09473406253225441,0.7678856676499141,0,0,-0.023717235883613574,0.043373910315327315,0.039405653553110834
2019-03-28,110.79000091552734,112.08999633789062,110.5199966430664,111.72000122070312,1691300.0,0.5346941099593401,0.5348339192327346,0.6391171896041047,0.786333117469331,0.35901369025245033,0.6072598991176014,0.10166102944949243,0.7720382391113157,0,0,-0.043150435328753574,0.022892410984276565,0.013172210429897673
2019-03-29,112.0,113.0,111.93000030517578,112.87000274658205,1384900.0,0.534731339239519,0.5362583010809259,0.6841675257493174,0.7865360380236593,0.37092439704367614,0.6888915598013661,0.11416650962187605,0.7754385206798696,0,0,-0.04940920679155418,0.011725720947727713,-0.006713211527078068
2019-04-01,113.62000274658205,115.0999984741211,113.43000030517578,114.22000122070312,1526100.0,0.5356992953598931,0.537204211885955,0.7328835530063672,0.7867673564161936,0.37102749517517264,0.770531274759763,0.13808459468979165,0.7791854841442137,0,0,-0.06325860916012661,0.013112392057453598,-0.018251130839550395
2019-04-02,114.43000030517578,115.26000213623048,113.5199966430664,114.23999786376952,961900.0,0.5368804716086333,0.5384190035975446,0.7335969864095446,0.7869131524138998,0.3789028068639948,0.7420520751883215,0.16116163324360658,0.7815471931779288,0,0,-0.06960249398772725,0.0072666942933306364,-0.02180001608438275
2019-04-03,115.25,115.70999908447266,114.16000366210938,114.58000183105467,1284100.0,0.5382444090740319,0.5398295968701176,0.746343572714244,0.7871093537860269,0.37484895557944553,0.7299567970513697,0.18510782252320204,0.7846999851211593,0,0,-0.07676817933351655,0.004026602705483261,-0.020395674672833815
2019-04-04,115.33999633789062,115.98999786376952,114.5500030517578,115.0,1301900.0,0.5399907923117888,0.541615244238713,0.7624179006347991,0.7873102466750771,0.36472899670876524,0.7157511505519442,0.20894398005996503,0.7878964805894967,0,0,-0.07732582334935609,0.005672905528813858,-0.03115726686833269
2019-04-05,115.08000183105467,115.63999938964844,114.62000274658205,114.95999908447266,837800.0,0.5417947107708627,0.5433719352829096,0.7594499551483616,0.78743933918831,0.3489998812591908,0.6849272179143443,0.2310775549155307,0.7858394686044187,0,0,-0.07478259542713982,0.007913008980129076,-0.06382612145465354
2019-04-08,114.77999877929688,114.88999938964844,113.7699966430664,114.4000015258789,988200.0,0.542843893237928,0.5448749131693263,0.7167932068851769,0.7875894416923767,0.33597337622751783,0.6382111332904203,0.24013801891990197,0.7834131863847315,0,0,-0.07219898650368325,0.010525392259124274,-0.050278347471538594
2019-04-09,113.83000183105467,114.83999633789062,113.3499984741211,114.27999877929688,797500.0,0.5439032286755621,0.5463337669825639,0.7074743498620254,0.7877101678806372,0.3389077933617372,0.6191989851341637,0.24304722035221735,0.7814551211446984,0,0,-0.06424823755319974,0.018881083950215,-0.04676572030386585
2019-04-10,114.66000366210938,115.23999786376952,114.45999908447266,114.9000015258789,779300.0,0.545111481233912,0.5477705582332113,0.7380574754069618,0.7878299370427085,0.3359907602340626,0.6324184557284451,0.24895059910533282,0.783368500757937,0,0,-0.07157858236394803,0.011638031290398348,-0.06860346561979018
2019-04-11,114.9000015258789,115.2699966430664,114.25,114.5199966430664,761900.0,0.5467495592332292,0.5490763553854825,0.7060134647864675,0.7879458927745627,0.33781444896213014,0.6169447141962466,0.2514529475420736,0.7814978425681173,0,0,-0.07328109710293501,0.009486478010577842,-0.062228036822684574
2019-04-12,115.4000015258789,115.77999877929688,114.58999633789062,115.5999984741211,879800.0,0.5486347040389941,0.5504772954979217,0.7602835022648436,0.7880833578977967,0.33805825757607727,0.6290301331327371,0.25818989968979233,0.7836579752304133,0,0,-0.07789031112834365,0.005151906699137438,-0.06889625935145469
2019-04-15,115.87000274658205,116.56999969482422,115.4800033569336,116.47000122070312,1094100.0,0.5505029280878568,0.5519526962331017,0.7997719593761462,0.7882578529880792,0.3306382998651203,0.6460929000476053,0.2709434037483385,0.7863442688719432,0,0,-0.08122836949475007,0.006055337002438445,-0.0751730324923115
2019-04-16,116.9000015258789,118.43000030517578,116.62999725341795,118.4000015258789,2004200.0,0.5530412740156625,0.5536266547715875,0.8737968149723813,0.7885919839338883,0.36300902695138887,0.6829611578520136,0.29565622134474323,0.7912650893786193,0,0,-0.08946508164965233,0.013136419363451592,-0.08293984340057065
2019-04-17,118.6999969482422,118.7699966430664,117.16999816894533,117.38999938964844,1659900.0,0.5552648649451346,0.5550579303815876,0.7880239051180485,0.7888621323590869,0.34947584486902616,0.6691736041437301,0.32067582526393923,0.7871896128997092,0,0,-0.10320940400188813,0.0005912136310986836,-0.11866550034876784
2019-04-18,119.77999877929688,121.29000091552734,119.22000122070312,119.86000061035156,3742000.0,0.5577084463714443,0.5569552676322934,0.8738605203047652,0.7895055219434731,0.32482797275570374,0.7222245198376253,0.35685472427689835,0.7963771741889927,0,0,-0.11329751675197715,0.012863124150962574,-0.10222335856880643
2019-04-22,118.6500015258789,119.1999969482422,116.87000274658205,117.23999786376952,1854900.0,0.5612790514272743,0.5586636981358255,0.6952252251073878,0.7898056344762941,0.3373039430976129,0.6508846095709998,0.359258249925257,0.7918229231372845,0,0,-0.10153510851804773,0.022025691441723862,-0.0579009044390651
2019-04-23,117.33000183105467,118.5,116.37999725341795,117.62000274658205,1819800.0,0.564853044249479,0.5604231475263464,0.7100267036016137,0.7901024613655353,0.34697199175956167,0.6378113282435028,0.35582966236671953,0.7962909947658889,0,0,-0.09254519508545672,0.03377686076959937,-0.04247699972427705
2019-04-24,117.7300033569336,118.0999984741211,116.48999786376952,116.63999938964844,1038900.0,0.5676553777406343,0.5620667705672713,0.6500090593379485,0.7902679534563569,0.32618631849310964,0.6115178483673576,0.35264597391950614,0.7937402311572742,0,0,-0.09564699657624279,0.03026693993762214,-0.040299314593425464
2019-04-25,116.30999755859376,116.30999755859376,115.08999633789062,115.52999877929688,896600.0,0.569499908081984,0.5631588421674563,0.5865751286197128,0.7904069468599882,0.310303995212388,0.5347682778506606,0.33348241297366954,0.791538850224091,0,0,-0.08427635676524671,0.04269550225473977,-0.019890258118692536
2019-04-26,116.0,118.0500030517578,115.27999877929688,117.80999755859376,905500.0,0.5715610437359355,0.5645266894880113,0.6844357718391716,0.7905550906770028,0.308484122207485,0.5951171415997452,0.3288285422723429,0.7937620829198275,0,0,-0.08240281090327858,0.04578898096963642,-0.01393577968807247
2019-04-29,117.98999786376952,117.98999786376952,116.9800033569336,117.11000061035156,896800.0,0.572996054577456,0.5658848847004333,0.6447617590512934,0.7906993765732183,0.28704911956956064,0.602153073108036,0.3245070909068253,0.7915602109358004,1,0,-0.09769964133231845,0.028011230966340894,-0.00967659293160952
2019-04-30,117.13999938964844,117.72000122070312,116.29000091552734,117.5,894800.0,0.5741061574500741,0.5670417637632255,0.6613391466772458,0.7908446081851245,0.2958229715061514,0.5846357290813707,0.3123716464814509,0.7937571724113885,0,0,-0.0910254972005575,0.035436781694560764,-0.0012808600896349201
2019-05-01,117.97000122070312,117.97000122070312,115.4000015258789,115.47000122070312,794700.0,0.5745224473183754,0.5679711276463121,0.5506836941617467,0.7909674363287492,0.2885014394406037,0.5281632176477924,0.2911595174279785,0.7918059818831701,1,0,-0.09778721586186835,0.02825531655169548,-0.00902125581781915
2019-05-02,115.12000274658205,116.7699966430664,114.81999969482422,116.76000213623048,809100.0,0.5752602599713432,0.5689391010139313,0.6093085415569999,0.7910964004702766,0.30586876286587145,0.5134905307273712,0.2652658748028347,0.7937925280721491,0,0,-0.07482462369714904,0.053433775904724354,0.012384171560217856
2019-05-03,117.26000213623048,117.8000030517578,116.68000030517578,117.62999725341795,686600.0,0.5761503723471237,0.5699732599653189,0.6463580749158544,0.7912080663344322,0.3179517559647024,0.5870258138346308,0.25082708653206065,0.795478305619242,0,0,-0.0923261269447328,0.03451523386060608,-0.019955479517173674
2019-05-06,116.0,116.51000213623048,115.05999755859376,116.29000091552734,815600.0,0.5766005063113677,0.5706420158768158,0.5748166519010972,0.7913365325238265,0.32854686274869316,0.4915619926342635,0.22522299284192646,0.7934758002778365,0,0,-0.08033662474618153,0.04497152970369243,-0.011221624803581841
2019-05-07,115.04000091552734,115.37000274658205,113.76000213623048,114.45999908447266,1217100.0,0.5766208122525058,0.5709370958134518,0.4888476295331573,0.7915197270228166,0.32501730107355115,0.3948455290775221,0.21288387639410497,0.7904875103673109,0,0,-0.06595578388993872,0.0537449475517674,0.005331522415520481
2019-05-08,114.08000183105467,114.63999938964844,113.4499969482422,114.0199966430664,697300.0,0.576532815537343,0.571288709225723,0.4695554939374814,0.7916234791369005,0.3221747934659347,0.36289479557095594,0.20402216082616234,0.7887754616000695,0,0,-0.050235890669162425,0.0629914305621444,0.009697716400752114
2019-05-09,112.7699966430664,113.45999908447266,112.0,112.87999725341795,1045300.0,0.5758491529214562,0.5713866094802141,0.420924177456675,0.7917744447463398,0.32361103460658996,0.3056979429820461,0.20719751315011573,0.78620898436445,0,0,-0.01973338068973556,0.07472377234962006,0.028942318443389348
2019-05-10,112.5500030517578,112.9499969482422,110.3000030517578,112.23999786376952,1345900.0,0.5750774961725456,0.5714238387395837,0.394737514199332,0.7919654677359896,0.33590494188522085,0.28357655919386776,0.22148108186841528,0.7829044577104557,0,0,-0.019932672348925585,0.0774273394439235,0.03853648635688102
2019-05-13,110.5500030517578,111.87000274658205,110.0500030517578,111.25,1138400.0,0.573605256050846,0.5712156277761441,0.3555980718927084,0.7921226937647557,0.33276835235587854,0.2940639745855944,0.23629718827999066,0.7801093963070029,0,0,-0.004454739927978895,0.09568779462028447,0.0509621676779717
2019-05-14,111.41000366210938,112.3000030517578,110.87999725341795,111.55999755859376,759800.0,0.5719434843440159,0.5712432049273808,0.37535355944586013,0.7922284793225071,0.32119699076896907,0.3580254700917771,0.2446448508153429,0.7819748984629616,0,0,-0.012224724587429903,0.08880896407566713,0.0370336639747191
2019-05-15,111.16999816894533,112.52999877929688,110.9000015258789,111.94000244140624,1072800.0,0.5697571226947227,0.5714072918176413,0.4001854225084295,0.7923793265624545,0.30067614443376556,0.39111888868806133,0.2494392415966378,0.7846088951896167,0,0,-0.01003939711095173,0.09071354399471701,0.042309083219763094
2019-05-16,112.66000366210938,114.0199966430664,112.19000244140624,112.91999816894533,1211200.0,0.5682442681086082,0.5717340853729991,0.4625568053909125,0.7925540379798689,0.31266108785296004,0.4486094062548913,0.235981404307998,0.7875826991002475,0,0,-0.02331606712013208,0.07709484603535939,0.036180054797508215
2019-05-17,111.95999908447266,112.52999877929688,111.37000274658205,111.7699966430664,1676100.0,0.565506237625103,0.5720002089852362,0.40730651434436516,0.7927883806773931,0.3240132464026653,0.42043647435134196,0.23044939761722585,0.7834674475029818,0,0,-0.016914594967113054,0.08262488471790089,0.05906835172779561
2019-05-20,110.87000274658205,111.27999877929688,107.4499969482422,107.73999786376952,1976300.0,0.5622909994498826,0.5717396010136466,0.26089186452549684,0.7930344073484971,0.31887160028227973,0.33972763513022297,0.25055791173001174,0.7786151285890291,0,0,-0.03059860339140488,0.09322714934152856,0.06459688474685543
2019-05-21,107.43000030517578,109.16999816894533,106.68000030517578,109.0,1726700.0,0.5593735929339545,0.5714224585144208,0.33628766939808663,0.7932574066650092,0.33364935659989553,0.34955454649549844,0.2730471588986404,0.7828546160498003,0,0,-0.006961203033884668,0.1286430377312302,0.10813070128894554
2019-05-22,108.29000091552734,108.68000030517578,107.5999984741211,108.4800033569336,1367400.0,0.5566118739072143,0.571054298180207,0.31887321599305984,0.7934312048215318,0.3549836433539179,0.37102574672405875,0.2939300312695098,0.7794973014300873,0,0,-0.014770647801390481,0.11926605504587157,0.08871557953160837
2019-05-23,107.91000366210938,107.9499969482422,106.2300033569336,106.81999969482422,1499700.0,0.5536640084795794,0.5704324236362124,0.266579535662928,0.7936123115811257,0.352220773733128,0.3581241988402551,0.3201079426606379,0.7758151566771374,0,0,-0.015486727997675736,0.12334067882901457,0.07807884706123779
2019-05-24,107.87000274658205,107.91000366210938,106.63999938964844,107.75,986600.0,0.5502592413013672,0.5701663000239753,0.32358191035568684,0.7937348537396361,0.3520884391784713,0.38627249786578394,0.34441600323811405,0.7782375104900736,0,0,-0.01535292449292073,0.12563188735522474,0.07554764761167855
2019-05-28,107.51000213623048,108.3499984741211,107.33999633789062,107.51000213623048,1468000.0,0.5470101590302039,0.5698188230791895,0.3153577363080222,0.7939157662741793,0.3482391195107837,0.40613800899788205,0.3609429523165111,0.7746331972958812,0,0,-0.011879339018996652,0.1278886197614558,0.07331787959052335
2019-05-29,107.0999984741211,107.61000061035156,106.33000183105467,107.18000030517578,1200600.0,0.5435173951368288,0.5692989863091724,0.30363090371370893,0.7940621485037319,0.345419227974526,0.3991002640297473,0.3818094742544341,0.7716854190799769,0,0,-0.008092224908386592,0.13198774215840398,0.08278300947851658
2019-05-30,107.16000366210938,108.11000061035156,106.95999908447266,107.23999786376952,619100.0,0.5407319824025756,0.5687943162359349,0.30787474586301566,0.7941377428991042,0.3508429817402601,0.42358963783492737,0.3941381161462948,0.7732054669672552,0,0,-0.008676994798728984,0.13183427144229654,0.09218135123424569
2019-05-31,105.93000030517578,106.33000183105467,104.56999969482422,104.6500015258789,1214600.0,0.5366333996379076,0.5679435483910736,0.22059703298796027,0.7942741388083737,0.32702417982308024,0.3804761869769727,0.41795257098799554,0.7702233151922783,0,0,-0.01268184108022098,0.14323014655281768,0.1098470627933189
2019-06-03,104.66000366210938,107.77999877929688,104.44000244140624,107.77999877929688,1647800.0,0.5332997058358173,0.5672734133064146,0.4111081400242721,0.7944784985593331,0.34164864460434424,0.43093245059906565,0.42176980120423513,0.7742690830951326,0,0,-0.002102257214480165,0.13893925536673052,0.12603912680068108
2019-06-04,109.08000183105467,111.72000122070312,108.7300033569336,111.70999908447266,2105700.0,0.5317496219695239,0.5679656099016628,0.5815542872206505,0.7947705996953786,0.36069764236586527,0.5574014441286902,0.38789928555521636,0.7794391119050857,0,0,-0.04305065357395161,0.08740024378952568,0.06986452834088641
2019-06-05,112.37999725341795,112.7699966430664,110.1999969482422,112.3499984741211,2427300.0,0.5310355004419303,0.5686950368082816,0.6048382776855475,0.795112838505016,0.38311251578310623,0.5990651793881681,0.35195512361765124,0.7853987504720226,0,0,-0.07107684967401771,0.051204021731105734,0.04135711023583932
2019-06-06,112.91000366210938,113.2300033569336,112.12000274658205,112.98999786376952,2578400.0,0.5306869013476538,0.5693334572222178,0.6282544193548684,0.7954822064476957,0.4017762376777425,0.6379261906476197,0.3219499789968354,0.7917293779515224,0,0,-0.07538941998876961,0.045749883929303126,0.04094346717041283
2019-06-07,113.55999755859376,114.56999969482422,113.12999725341795,113.98999786376952,1859000.0,0.5310625767515402,0.5698725982085007,0.6642284015974741,0.7957552584169193,0.4036103056906385,0.671102104379503,0.30354748464047965,0.7962936955455304,0,0,-0.08071506584311454,0.03973807928182786,0.030002650267643274
2019-06-10,114.2699966430664,114.6999969482422,113.48999786376952,114.38999938964844,1647800.0,0.5317902364339391,0.5702407585427145,0.6785427337388835,0.7959995883462777,0.4058456480402953,0.6700040899999361,0.28736101465512054,0.8003394634483848,0,0,-0.08623558545380522,0.03263445293813338,0.041143982185273084
2019-06-11,115.33000183105467,117.3499984741211,115.33000183105467,116.8499984741211,1407700.0,0.5336855342102726,0.5707895516371303,0.7589395282331005,0.7962211949634347,0.41019726255493494,0.7149470476120903,0.28893323630433465,0.8037957248131428,0,0,-0.09520062459790443,0.02307893525425925,0.024215374227172935
2019-06-12,117.0,117.38999938964844,115.41000366210938,116.98999786376952,672400.0,0.5355232967652894,0.5711715005469623,0.7631819662775295,0.7963273547494373,0.4156090915578827,0.6949700775002174,0.2906208746446304,0.8054466377503192,0,0,-0.10748821328718666,0.008301251462300638,0.009756092464998315
2019-06-13,117.19000244140624,117.58999633789062,116.23999786376952,116.91000366210938,640600.0,0.5372053744132577,0.5715396619331768,0.7583758024493098,0.7964282735554321,0.4118466393017527,0.683327421745408,0.2933947908268466,0.8038738018973222,0,0,-0.10898367580831055,0.005214126177366765,0.006410804459312385
2019-06-14,116.83999633789062,116.83999633789062,115.91000366210938,116.5500030517578,811500.0,0.5384339354948846,0.5718113011860615,0.7357364714585409,0.7965549794811734,0.41872727436816387,0.6604323717074766,0.29236197603297154,0.8018813630982164,0,0,-0.10606443852591578,0.008211501871488797,0.013600238794624875
2019-06-17,116.79000091552734,116.81999969482422,114.77999877929688,114.93000030517578,1020600.0,0.5395034264852268,0.5718016490779286,0.6394344776486989,0.7967080643739134,0.4143469864440711,0.6291443783996339,0.2794207308660529,0.7993755306418181,0,0,-0.10596309009650297,0.006863967408117676,0.018618602420642193
2019-06-18,115.5,115.76000213623048,114.47000122070312,114.68000030517578,1161600.0,0.5418522434100406,0.571763040645397,0.6252898907472643,0.796881128727983,0.42552014759506807,0.608627674435848,0.2642150428411185,0.7965235073404735,0,0,-0.09623246784326064,0.018184950250944215,0.016444787128076975
2019-06-19,115.18000030517578,116.04000091552734,114.33000183105467,115.66000366210938,1156600.0,0.5441062958333587,0.5719367796437903,0.668559558662839,0.7970576184795687,0.41491264736808475,0.608646039979431,0.2524307213939009,0.7993632543707208,0,0,-0.09365188206478252,0.021014963605699214,0.0042727403423928195
2019-06-20,117.0,117.3499984741211,114.5,115.19000244140624,1506100.0,0.5463772690135789,0.5720622581015191,0.6397247915730062,0.797284655676732,0.3944346774096509,0.6082892541818916,0.2518741500793661,0.7956653959907662,0,0,-0.1085941307358653,0.005101126743988768,-0.024468284121123472
2019-06-21,115.43000030517578,116.08999633789062,114.54000091552734,116.06999969482422,2309900.0,0.5495078956578725,0.5722235866454554,0.6797312203639566,0.7976402064801543,0.428458164323962,0.5997446169739615,0.25135733385872683,0.8013367877123364,0,0,-0.0954075668967872,0.018751592906802568,-0.03880546163697569
2019-06-24,116.0,117.37000274658205,115.9499969482422,116.9000015258789,1021200.0,0.5526046782062233,0.5725517604259762,0.7156066766267822,0.7978004627557643,0.4235467318977307,0.6195549389575178,0.260435130721569,0.8038440933212665,0,0,-0.09959505116729354,0.013698598622134104,-0.04324973426609096
2019-06-25,117.0199966430664,117.06999969482422,115.5,116.2699966430664,710900.0,0.55556946439076,0.5726441450398199,0.67278407278358,0.7979103044654045,0.43555273710867515,0.6036529073159733,0.2630355230155583,0.8020986530966402,0,0,-0.1076132937335784,0.0048759596867758315,-0.03558593651338763
2019-06-26,116.19000244140624,116.5999984741211,115.29000091552734,115.52999877929688,797800.0,0.5583954890072891,0.5725145301146057,0.6239529967372163,0.7980313214807958,0.4243068771063881,0.5876750152051539,0.26267815368507974,0.8001398512803414,0,0,-0.10105788543256738,0.01204088704657132,0.00395630083214681
2019-06-27,116.20999908447266,116.52999877929688,115.7300033569336,115.88999938964844,721600.0,0.5613230484937861,0.5721684312909812,0.6425447933657874,0.7981417185730065,0.4228647524146474,0.590867347041394,0.26234631073534953,0.8019115627251161,0,0,-0.1018782720283004,0.011944925716257049,-0.007617045466252351
2019-06-28,116.1500015258789,116.83000183105467,115.68000030517578,116.70999908447266,2138200.0,0.5654047079194131,0.5720746675039753,0.6840213511340988,0.798475212446346,0.4578259777420163,0.6008208393280001,0.2647791736281705,0.8071613872972021,0,0,-0.10104408616916978,0.01242553127617276,-0.031063926940038178
2019-07-01,117.66000366210938,118.68000030517578,117.11000061035156,118.62999725341795,750500.0,0.5690768478452108,0.5719050649730674,0.7682252395473752,0.798597593619829,0.4460089429207247,0.6932781137283692,0.2818668353108422,0.8090040555889196,0,0,-0.1132722245258072,0.008739582307152197,-0.039156947648599144
2019-07-02,118.87999725341795,118.87999725341795,117.27999877929688,118.08999633789062,731100.0,0.5712361331848941,0.5720222694438244,0.7283687944915451,0.7987152959982783,0.41997092075198755,0.6944270994116761,0.2991555249167953,0.80720901922906,0,0,-0.12172296338475785,0.0,-0.0730000525433319
2019-07-03,117.80999755859376,119.0999984741211,117.80999755859376,119.08000183105467,453900.0,0.5735138767335861,0.5722235855934544,0.769812457193837,0.7987900354434022,0.40504039872872427,0.7266024418227683,0.31682707153331324,0.8083234591192806,0,0,-0.11321869363880742,0.010923879714893487,-0.06935384085014032
2019-07-05,118.12000274658205,118.20999908447266,117.0500030517578,117.95999908447266,565200.0,0.5751959543815544,0.5724055975268186,0.6882685338723951,0.7988807118021638,0.39076385250289797,0.6511701855678838,0.3205784905587141,0.8069357494344321,0,0,-0.1148807532316331,0.008229725499411917,-0.06214310893593795
2019-07-08,117.5,117.91000366210938,115.27999877929688,116.37999725341795,1338600.0,0.5760048404106439,0.5725228019975757,0.5873467244816938,0.7990874649968974,0.3835077247538721,0.5409457481847114,0.2992317152425805,0.8036491461362401,0,0,-0.1107154769409699,0.01356390714258411,-0.04984738300317562
2019-07-09,116.02999877929688,116.27999877929688,115.3000030517578,115.94000244140624,1178400.0,0.576529432935246,0.5722649523723103,0.5613354181271756,0.7992674386868411,0.3779719830008848,0.4620431657657468,0.27940970959188505,0.8007558745640082,0,0,-0.09958752888310671,0.0263791009389636,-0.04923522824168818
2019-07-10,116.5,116.91000366210938,115.16999816894533,115.41000366210938,661000.0,0.5760420722729618,0.5720305434307961,0.5300057505875642,0.799367041831648,0.3630995696395076,0.4666761829875929,0.26774988343066375,0.7991329515249338,0,0,-0.10401929709022256,0.02242537881120954,-0.0500259007212718
2019-07-11,115.43000030517578,116.02999877929688,114.56999969482422,116.0,961900.0,0.5757070113334903,0.5718237116405187,0.5649756733642888,0.799514060038243,0.3696219678830618,0.44496853580081785,0.24867703077169742,0.8014946605586488,0,0,-0.09522569547736447,0.03179965386440951,-0.046183187435463166
2019-07-12,116.27999877929688,117.8499984741211,116.2699966430664,117.04000091552734,1117000.0,0.5757510084000024,0.572040195538929,0.6231925124504772,0.7996890543227809,0.36932770356261657,0.5922705158643671,0.2490830530699529,0.8042371795218048,0,0,-0.1020689339473331,0.024310342196760506,-0.08396549882559941
2019-07-15,117.1500015258789,118.05999755859376,116.77999877929688,117.70999908447266,1070400.0,0.5761436045607906,0.5721711885853045,0.6583616251988447,0.7998593529437322,0.37157351529398785,0.624307422750919,0.2513139446668544,0.8068652836383331,0,0,-0.10859534334458873,0.01666094440352561,-0.08527002117965263
2019-07-16,117.93000030517578,118.5199966430664,117.4000015258789,117.8499984741211,1627500.0,0.5771318666223029,0.5722015240828653,0.6657684087793372,0.8001189910085954,0.3784606353174721,0.6442580303627585,0.25748480381454764,0.8108612098805322,0,0,-0.07815816005265586,0.009939666791651935,-0.08937215805699653
2019-07-17,117.98999786376952,117.98999786376952,116.05999755859376,116.61000061035156,1428100.0,0.5777850677443437,0.5722456481560445,0.5768781229108877,0.8003400563348583,0.38057688583756766,0.5487210574069477,0.24415937697403592,0.8073548613296969,0,0,-0.06610098444114904,0.009418757952681042,-0.07602884344915953
2019-07-18,114.98999786376952,119.0,114.98999786376952,117.0,2015500.0,0.578238584310685,0.5725958834471544,0.6003747536438208,0.8006547612012201,0.3726055694338771,0.5524786348902032,0.21874626721564497,0.812303426209053,0,0,-0.02461191237600165,0.03524569581373219,-0.04159161691737905
2019-07-19,118.12999725341795,118.87999725341795,117.36000061035156,117.51000213623048,2025200.0,0.5790237792144006,0.5730771128366408,0.6309469403042562,0.8009745704745569,0.361994469163731,0.629921615153067,0.19514837958285333,0.8172758070543381,0,0,-0.042735042735042736,0.008290608723958455,-0.06273501143496249
2019-07-22,117.54000091552734,118.30999755859376,116.66999816894533,116.9499969482422,1077700.0,0.5793216108736932,0.5736383163855137,0.5886790588333016,0.8011423926612661,0.3249843225046444,0.5652891367675008,0.17762610502012746,0.8146297795820077,0,0,-0.03446517724561539,0.01327544490030074,-0.060505492988663805
2019-07-23,117.4800033569336,118.95999908447266,116.9499969482422,118.95999908447266,2019400.0,0.580018809062246,0.574564922974277,0.7018303870333236,0.8014718001732736,0.34591757803095013,0.6489231452887898,0.15683538310120657,0.8195879199528198,0,0,-0.026934601180648138,0.013852032145878983,-0.05096200828893453
2019-07-24,118.66000366210938,119.29000091552734,117.58999633789062,118.0999984741211,1629700.0,0.580638166088344,0.5755094546061441,0.6381985308264405,0.8017322098633061,0.33793676134053485,0.6393578494033507,0.1415521732977502,0.8155865921513379,0,0,-0.036398805181395454,0.005295874733242156,-0.044720976506069494
2019-07-25,118.2300033569336,119.08000183105467,117.58000183105467,118.13999938964844,1803700.0,0.5815215106777913,0.5764167569786416,0.6404487238190549,0.802020486067906,0.33854361636942315,0.6250156659344115,0.12722133386999282,0.8200151341870088,0,0,-0.03302287532826274,0.008975423982126673,-0.02074517027342368
2019-07-26,118.12999725341795,118.20999908447266,117.0,117.94000244140624,1209500.0,0.5822153262642473,0.5772440841397516,0.6247840003310096,0.8022127714661663,0.35233105592352143,0.5672249424217013,0.11069477688061902,0.8170455042085512,0,0,-0.03216518911457047,0.009818890029645878,-0.013712503178914164
2019-07-29,117.69000244140624,119.0500030517578,117.4000015258789,118.43000030517578,1165100.0,0.5827974540101661,0.5780038465439312,0.6553377450587601,0.8024000341527812,0.33479564925521377,0.6181231955588372,0.10169727389276353,0.819906120899664,0,0,-0.028489066820401705,0.013566206893339714,-0.0035611818691329315
2019-07-30,117.8000030517578,119.3499984741211,117.3499984741211,118.95999908447266,785600.0,0.5829091418507029,0.5789952605953016,0.6875564814430718,0.8025278011746614,0.3320014131410312,0.6405065419716985,0.09715774231856195,0.8218349686144852,0,0,-0.029300018675685796,0.013087861338927613,-0.0010132799651506252
2019-07-31,118.88999938964844,119.41000366210938,116.48999786376952,117.38999938964844,815300.0,0.5826722305969634,0.5803258786564871,0.5613765348742613,0.8026555859162,0.3279771280653001,0.5625614963961799,0.08036961637367726,0.8198331998493456,0,0,-0.03833219228049709,0.004371253164617849,-0.005716209737803695
2019-08-01,117.38999938964844,118.23999786376952,114.98999786376952,115.66999816894533,1094500.0,0.5815181280756945,0.5812455904314409,0.4514652662177472,0.8028200511160811,0.31451944519324676,0.4250178104165825,0.08315134216420408,0.8171459241061279,0,0,-0.02461878698930533,0.01720763508785795,0.016952022098272512
2019-08-02,115.6500015258789,115.6500015258789,112.4000015258789,114.16999816894533,1124600.0,0.5802354169569865,0.582030171640533,0.3732628634946408,0.8029826800782537,0.31175329382998207,0.27023182011333524,0.10848073684993154,0.8143847452109039,0,0,-0.0280971734369107,0.03250628681379145,-0.0025071403139798974
2019-08-05,112.91999816894533,113.08999633789062,109.6999969482422,110.95999908447266,1080200.0,0.5784010395862058,0.5826010272975387,0.24807031443927277,0.8031259084341388,0.31102364803605453,0.1757234851138243,0.14806938999201139,0.8117325796030246,0,0,-0.028203567244857657,0.0568451046443947,0.03757555386117389
2019-08-06,111.48999786376952,111.48999786376952,109.38999938964844,110.9800033569336,1052600.0,0.5767223471224736,0.5830464055488167,0.24955365455661346,0.8032654937158902,0.31328179193753614,0.23807594745395322,0.18638967003608317,0.8143169801944462,0,0,-0.01892572540958993,0.07137712566409128,0.07155734054541246
2019-08-07,110.0500030517578,113.23999786376952,109.62000274658205,112.86000061035156,2167300.0,0.5758593084741641,0.5837841053904061,0.38054609256038363,0.8035678653617154,0.34067601053238256,0.34219171960369266,0.19908654216824304,0.819638252664319,0,0,-0.005947050298661992,0.08433952358289239,0.09587312189411366
2019-08-08,114.58000183105467,116.76000213623048,114.37999725341795,116.6500015258789,1807900.0,0.5760792989710017,0.5850899035946784,0.5755967048673215,0.8038453683362198,0.349658594959636,0.5082534702935014,0.1768195647789427,0.8240771067677117,0,0,-0.04598619894859549,0.04279640089432794,0.04146730710496344
2019-08-09,115.41999816894533,116.1999969482422,114.66000366210938,115.33000183105467,1098600.0,0.5755005564093187,0.5862054169306155,0.516608802277944,0.8040085041866804,0.34822820478484706,0.49025166729835423,0.15614308577459238,0.8213797644821942,0,0,-0.051693087873291875,0.03420493305590624,0.025117876269600766
2019-08-12,114.83000183105467,115.18000030517578,112.31999969482422,112.5500030517578,1221700.0,0.5737541757537008,0.5872947312364771,0.4107329036554883,0.8041772080405986,0.329345228111,0.4229896983311716,0.1541273479535574,0.818380180402259,0,0,-0.047169013743494255,0.03971214565455295,0.012139092201955944
2019-08-13,112.2300033569336,114.7699966430664,111.73999786376952,113.08999633789062,986800.0,0.5721431714818546,0.5880269154374191,0.43650610702151427,0.8043153925424625,0.33199865983584215,0.431440526635716,0.15604895973853175,0.820803025266039,0,0,-0.02523326424059836,0.06379387037309941,0.03936028596230761
2019-08-14,111.26000213623048,111.9800033569336,109.86000061035156,110.22000122070312,1249000.0,0.5699805009579353,0.5878214628203038,0.342725105456233,0.8044768945338837,0.3293647111228984,0.3716878016724903,0.16915207956552827,0.817736412745912,0,0,-0.016535527519117126,0.07206651153766327,0.0477495950193928
2019-08-15,110.33000183105467,110.86000061035156,108.9499969482422,109.62000274658205,890900.0,0.5674827694945446,0.5874450295511192,0.32521986315570417,0.8045900556591848,0.3259776176480118,0.3725601536386652,0.18626267843105906,0.8155490267617799,0,0,-0.01252045787995563,0.08238070885948388,0.07158409818785628
2019-08-16,109.13999938964844,111.44000244140624,109.13999938964844,110.72000122070312,855600.0,0.5651847200047144,0.5871320245713796,0.3814043660604183,0.804702189115685,0.3503017923500909,0.4079511529749567,0.19619154442159795,0.8176497422719645,0,0,-0.0017332825820619683,0.09368731997027027,0.08547712563229436
2019-08-19,111.9800033569336,112.70999908447266,111.36000061035156,111.62000274658205,737200.0,0.5633808041277797,0.5868052310160218,0.42573815900801526,0.8048012371551688,0.35350850913634835,0.45629430498347934,0.19295370883385424,0.819459755682563,0,0,-0.027366387060017684,0.06710621588926133,0.0441654564282473
2019-08-20,111.1999969482422,111.1999969482422,109.77999877929688,110.3000030517578,1249400.0,0.5604498620391858,0.5862412701728256,0.37979763500591524,0.8049629111800195,0.32407877662702933,0.4264511327516933,0.19983324773500685,0.8163921610607483,0,0,-0.020157677339502647,0.07355318501923773,0.02875834648700963
2019-08-21,111.41000366210938,111.91000366210938,110.5,110.6999969482422,697700.0,0.557945360207323,0.5853932596222876,0.40056120341911183,0.8050541939726731,0.32598059528113443,0.4504126307810151,0.19936410795678813,0.8181051919296776,0,0,-0.02230287076885053,0.0725294630884646,0.028921076371274692
2019-08-22,110.87000274658205,111.2300033569336,109.4499969482422,110.0999984741211,602200.0,0.5552242530628586,0.584443212349773,0.37863762682723345,0.8051316198941981,0.3296634932318388,0.4356011540161432,0.20552404942794908,0.8166266378387084,0,0,-0.017344226298737324,0.07714544851812605,0.05194218752046049
2019-08-23,109.66000366210938,109.93000030517578,105.98999786376952,106.54000091552734,974300.0,0.5513659667361663,0.5830133148609343,0.26860084277608987,0.8052439758700544,0.3125086313313882,0.36854335020375006,0.2289320468230919,0.8142344836526718,0,0,-0.033333386459605534,0.08855585953792477,0.054950004597732374
2019-08-26,107.38999938964844,108.0,106.41000366210938,107.16999816894533,1168800.0,0.5475550626602219,0.5817199260591184,0.3033855233412117,0.8053814333915502,0.3082453617680507,0.3707638518973844,0.250668044404296,0.8171041847843967,0,0,-0.01314061867700699,0.11282151463459504,0.0465552754068897
2019-08-27,108.16000366210938,108.37999725341795,106.95999908447266,107.41000366210938,1861700.0,0.5436460114806847,0.5806830098134075,0.3169789107810346,0.8056018995146047,0.29372950767653605,0.38733388107830347,0.2667963933191978,0.8216751315647973,0,0,-0.02024825823845783,0.10497340853048474,0.059904808049214116
2019-08-28,107.08000183105467,109.29000091552734,106.76000213623048,109.02999877929688,1090800.0,0.5408166016799194,0.5799039431929621,0.40553297267597055,0.8057375467949729,0.30847502059976006,0.4188735506112691,0.2721507155809486,0.8243533228674029,0,0,-0.010148067499504917,0.11479379397325457,0.07988084478654046
2019-08-29,110.38999938964844,111.08000183105467,110.06999969482422,110.13999938964844,586200.0,0.5389449950289598,0.5791428016156204,0.461167900002345,0.8058128309922378,0.3101198252870163,0.5029449654711307,0.26000286539825845,0.8257925928908605,0,0,-0.04035587980502127,0.08272956409657135,0.08052828467025606
2019-08-30,111.1500015258789,111.51000213623048,110.47000122070312,110.79000091552734,762500.0,0.5378010480603987,0.5785360948204062,0.49278199432263947,0.8059125666726684,0.30519827708871533,0.5306345708238349,0.24488344906990603,0.8276647242332118,0,0,-0.0468494978273475,0.07499548013441146,0.05502086065167803
2019-09-03,109.77999877929688,110.61000061035156,108.9499969482422,110.43000030517578,848500.0,0.5376216720279758,0.5777584073731229,0.47699870310419934,0.8060223822526872,0.31697280701769065,0.4904718781511513,0.24119860210853175,0.8255814410279854,0,0,-0.03420887159678852,0.08692124562897123,0.07608990193621622
2019-09-04,111.41999816894533,111.9000015258789,110.81999969482422,111.5199966430664,958100.0,0.5378044306624956,0.5770165700120471,0.5319604758758528,0.8061502056353783,0.31375357683856475,0.5541694683074094,0.22612233214872365,0.8279338200956664,0,0,-0.04917142343719897,0.07235357666470604,0.06827855559802923
2019-09-05,112.91000366210938,114.18000030517578,112.47000122070312,113.33999633789062,1047100.0,0.5379668833558773,0.576612558539625,0.6140750879826284,0.806296904288904,0.2925737539490694,0.6339175523843221,0.20575554755980605,0.8305047167888809,0,0,-0.06205170378984314,0.058285511080170285,0.07469507220594099
2019-09-06,114.1999969482422,116.12000274658205,113.72000122070312,115.77999877929688,1058000.0,0.5376724342986818,0.5766470305046713,0.7054117582221863,0.8064546262156128,0.2815388431572726,0.7223611274098497,0.1994507156055613,0.8331023757530878,1,0,-0.07243690973834985,0.04596794496388579,0.0884948538271504
2019-09-09,116.1999969482422,116.58999633789062,114.86000061035156,116.51000213623048,1174600.0,0.5380718008279421,0.5767325213567063,0.7297831757694913,0.8066328243997795,0.29665105454638924,0.7515909871636063,0.19645230524341792,0.8359863173592856,0,0,-0.0881844808440124,0.02772505396192117,0.0732423859590671
2019-09-10,116.41000366210938,117.2699966430664,115.73999786376952,117.2699966430664,938800.0,0.5396692643628445,0.5768097382217695,0.7547894663070016,0.8067778284804533,0.3212077380805248,0.7516159935140074,0.19782063337045516,0.8382913100205308,0,0,-0.0894344314418273,0.02574886228645177,0.07604491304186396
2019-09-11,117.25,117.87999725341795,116.4800033569336,117.68000030517578,892900.0,0.5412227334133737,0.5766787451753942,0.7683138364184424,0.806917045785574,0.33052605438340266,0.7383652839713122,0.20279381428096568,0.8404836065131019,0,0,-0.09601775781150951,0.018419064756041208,0.06156733544282921
2019-09-12,118.0999984741211,118.38999938964844,117.0,118.20999908447266,851900.0,0.543926917218797,0.5766952920973367,0.7860366887211533,0.8070514934910978,0.3487319435659619,0.712221674839431,0.21051359140431855,0.8425752375826745,0,0,-0.10290619118751784,0.002464317766615344,0.046566989656037235
2019-09-13,118.6500015258789,119.9000015258789,118.63999938964844,119.37999725341795,843900.0,0.5472301495270415,0.5767366578241917,0.8236768745857544,0.8071882851335809,0.35389846913789863,0.7126124136521614,0.22633665822501922,0.8446472266184912,0,0,-0.1070975700884878,0.010574401570773655,0.045596814409893986
2019-09-16,118.13999938964844,118.19000244140624,114.9800033569336,115.36000061035156,1246800.0,0.5488005393344726,0.5763781495981108,0.5979631791890686,0.8073717577871401,0.3380000252554059,0.6201994104469463,0.20843935077885137,0.8415860156576471,0,0,-0.10177585697281506,0.014742856229878816,0.0466577301304532
2019-09-17,115.47000122070312,117.20999908447266,114.62000274658205,117.20999908447266,1448400.0,0.5506924519265703,0.5764925967745447,0.6650209783521579,0.8075946868199985,0.36177698226499055,0.6140107478256912,0.18911183779288618,0.8451422058691378,0,0,-0.08217755987150144,0.038401528101051914,0.08304439823481619
2019-09-18,117.27999877929688,119.56999969482422,116.8000030517578,119.43000030517578,1078700.0,0.553782464106449,0.57697382511203,0.7345170891937257,0.8077694805982828,0.3780814182520861,0.6497652490759094,0.1861223369299637,0.8477906885956878,0,0,-0.09632284791155668,0.02235306515695652,0.0742257882910371
2019-09-19,119.5,120.95999908447266,119.16999816894533,120.69000244140624,1215800.0,0.5571635427414263,0.5777018728454867,0.7698413678066888,0.8079720590542677,0.3949460278793887,0.6672262582783643,0.19100959128676878,0.8507757866757282,0,0,-0.11312067404930748,0.0122247264568531,0.04705687626409969
2019-09-20,120.7300033569336,121.0,119.0,119.26000213623048,1486500.0,0.5602637104740129,0.57815138756425,0.6985388453541947,0.8082117495348154,0.38322264620468255,0.6440065251951523,0.19407617651821693,0.8471260512784754,0,0,-0.12213112266958648,0.0022371086055573398,0.039025594408777134
2019-09-23,118.41000366210938,119.1999969482422,117.98999786376952,118.3499984741211,933900.0,0.5642607583687131,0.5783320203244521,0.6553565855261817,0.8083591213746956,0.38727495445162097,0.612847850806786,0.188146385646325,0.8448330893629057,0,0,-0.10414225705071267,0.021717225318611658,0.08116713485149708
2019-09-24,118.51000213623048,118.7300033569336,116.0199966430664,116.2300033569336,1139900.0,0.5673270820053569,0.5781279468804987,0.5630883816266968,0.808529998264104,0.3758747363306103,0.5754230606360119,0.16718682393880704,0.8420343450781237,0,0,-0.10578795465889797,0.021039272461959434,0.08770593483098091
2019-09-25,116.6999969482422,117.1500015258789,116.25,116.66000366210938,675100.0,0.5704577086496505,0.5779638610422392,0.5794892234609542,0.808632233390597,0.38364849387725963,0.5617512563023378,0.1477243737818261,0.8436918872016926,0,0,-0.09214487460335936,0.03699563733602255,0.11244951343657564
2019-09-26,116.5,117.11000061035156,115.5199966430664,116.66000366210938,995900.0,0.5730400542261069,0.5779707558560488,0.5794892234609541,0.8087829975731092,0.3782168435535381,0.5465808766281244,0.13053534061595187,0.8461370748788699,0,0,-0.09009087781851392,0.0385736315681394,0.11426368431860602
2019-09-27,116.72000122070312,118.80999755859376,116.48999786376952,118.22000122070312,1136700.0,0.5757746995253763,0.5781389792137946,0.6410670415698277,0.8089615466428145,0.3915142060492132,0.5879822308553788,0.12085938926361231,0.8489279623501497,0,0,-0.09197671027005687,0.03668779911659645,0.10457737498087093
2019-09-30,118.63999938964844,119.1500015258789,117.52999877929688,118.51000213623048,840700.0,0.5783875040135398,0.5782768670739796,0.6521298916371289,0.8090944470057716,0.3973872428468668,0.6039021858119092,0.11430196135595902,0.850992094572464,0,0,-0.10700390285280766,0.01996278621200243,0.08932496573806872
2019-10-01,119.06999969482422,120.16999816894533,116.54000091552734,116.87000274658205,1004700.0,0.5805670978765001,0.5782658368446856,0.5703125802282784,0.8092471328181411,0.37880075685087855,0.5714829762392691,0.11539175617629885,0.8485253006581553,0,0,-0.11037044633598844,0.016285547805131192,0.09433803142053837
2019-10-02,115.3499984741211,115.87999725341795,113.5500030517578,114.41000366210938,1167500.0,0.5815452095495823,0.5776384477120443,0.4664583535868968,0.809413885356895,0.3714296791838534,0.3801617096158494,0.1021880056650104,0.8456587913569158,0,0,-0.08008899110448012,0.04834432611531829,0.12809111404368018
2019-10-03,114.0999984741211,114.61000061035156,112.0199966430664,114.5999984741211,674600.0,0.5819716523884526,0.5771558402013969,0.47539477673162955,0.8095106738241064,0.3795697055391234,0.325765128777152,0.1000159278203076,0.8473151058533751,0,0,-0.07088541518015412,0.060309424919318205,0.13678875120132453
2019-10-04,114.75,116.91000366210938,114.75,116.62000274658205,997500.0,0.5822559484750791,0.576946251116796,0.565385063709563,0.8096611717533871,0.3792123877860877,0.458231404236632,0.08471410465909979,0.8497642219373035,0,0,-0.07643981023445355,0.054537522541166276,0.1287085531971524
2019-10-07,116.13999938964844,116.95999908447266,115.70999908447266,115.70999908447266,996100.0,0.5819851905432576,0.5766387607257031,0.5255885712766576,0.8098080547563328,0.35342944413305555,0.4594431028941427,0.07084927932914575,0.8473185432092823,0,0,-0.08343333474860713,0.04167381663429091,0.10958667877129198
2019-10-08,114.91000366210938,114.9499969482422,112.30999755859376,112.3499984741211,1146000.0,0.5803200362343306,0.5758004022832981,0.4007462889081047,0.8099627738205376,0.32779656826330594,0.3212740665895046,0.07532000968920632,0.8445048218737615,0,0,-0.07043472120269471,0.05263154771477181,0.11995497134081319
2019-10-09,113.5,115.02999877929688,113.26000213623048,114.58000183105467,1481800.0,0.5792708537672653,0.5751964538344081,0.4961360999982485,0.8101748970086736,0.32892884593410376,0.3980741515873898,0.07885316274227439,0.8481430175761828,0,0,-0.05999108104413567,0.0667556751389504,0.11570983690751402
2019-10-10,114.3499984741211,115.87999725341795,114.27999877929688,115.66000366210938,734400.0,0.5784078177010947,0.5749579084254085,0.5381764651250341,0.8102829024801396,0.3276932862961048,0.4543627281347227,0.07542371186765684,0.8499461562749668,0,0,-0.04712865630636887,0.058038064405725585,0.09888289099314634
2019-10-11,117.5,119.87000274658205,117.0999984741211,119.16999816894533,1313300.0,0.578336744324973,0.5754405159360559,0.6556550866622957,0.8104929425486741,0.33397239377472543,0.6252311925888139,0.07411231734096144,0.8531706416414061,0,0,-0.07392359312676391,0.030261109192292135,0.06839013843729214
2019-10-14,118.58000183105467,119.7300033569336,117.12000274658205,117.20999908447266,1168700.0,0.5789628691374038,0.5758596951572584,0.5806686024576208,0.8106713255987928,0.3322657571032099,0.5851380280290291,0.07289459385188715,0.8503011860351032,0,0,-0.08080897063672161,0.020307109223200084,0.0772845449860275
2019-10-15,117.83999633789062,118.5999984741211,116.88999938964844,118.20999908447266,1275300.0,0.5793013152611113,0.5768593821435998,0.6126167186866455,0.8108705767141634,0.3228279984308011,0.5750581435239912,0.07001838787702236,0.8534323717412023,0,0,-0.05989247246736287,0.026960188437779753,0.1012713119076292
2019-10-16,118.12999725341795,120.02999877929688,117.8499984741211,118.95999908447266,1338900.0,0.5791422451698265,0.5779597266787556,0.6363866926728611,0.8110833481542713,0.31101110027109574,0.6238639756991322,0.07605749315733859,0.8567197116156603,0,0,-0.051687680041223524,0.02427884924126551,0.09356234898610256
2019-10-17,119.06999969482422,121.45999908447266,118.93000030517578,121.23999786376952,1784000.0,0.5793283889885821,0.5791152265683857,0.7037020922788115,0.811381636023529,0.3188221033511046,0.6983044799698535,0.08963416240606911,0.8610998851432076,0,0,-0.059263644132610115,0.02009078184299006,0.08212841894970763
2019-10-18,123.0,124.9000015258789,122.73999786376952,124.2300033569336,3015800.0,0.5810104666365503,0.5801604168010681,0.7780800794408549,0.8119185418304654,0.346891020044922,0.8141904759211878,0.11807591369938855,0.8685044408183067,0,0,-0.09056419952490595,0.01567140844075096,0.04536456694910237
2019-10-21,125.0,125.61000061035156,124.25,124.68000030517578,1688300.0,0.5831528312193315,0.5814496680833976,0.7883862173532977,0.8122216139175135,0.34385883593325134,0.7935091246664056,0.14730865528989653,0.8726496465170499,0,0,-0.10448364329219144,0.004910251902665805,0.02382676490773395
2019-10-22,124.97000122070312,125.62999725341795,123.27999877929688,125.2699966430664,1505600.0,0.5862123819053642,0.5832036007812701,0.8022476925935008,0.8124949759436301,0.3689599183358908,0.7448789996274674,0.16586377237419966,0.8763462772698948,0,0,-0.10386593315639518,0.005293519659122357,0.033124838568363825
2019-10-23,125.12000274658205,126.08000183105467,124.23999786376952,124.47000122070312,1670400.0,0.5888556453052347,0.584772765303456,0.7626122892982499,0.8127931535486538,0.3540459794305085,0.7118664126427412,0.1851569955249555,0.8722450206216801,0,0,-0.10457417142623285,0.007663439851507037,0.04797638937721727
2019-10-24,125.05999755859376,125.0999984741211,123.04000091552734,123.58000183105467,1144700.0,0.5911976918615767,0.5866149471996877,0.7190127663564435,0.8129936309120037,0.34183324860338377,0.6617435414865163,0.19227088449763277,0.8694344911166446,0,0,-0.10476420653684713,0.008194779966719013,0.060094767045723294
2019-10-25,123.16000366210938,124.33000183105467,122.52999877929688,124.04000091552734,1210000.0,0.5931674481982683,0.5886032898910751,0.7327866726454884,0.8132074858809478,0.3451035908162515,0.6382715375663361,0.19439326355875,0.872405348722212,0,0,-0.09014409171374177,0.02362840367114743,0.0794626308458429
2019-10-28,124.04000091552734,124.63999938964844,123.44000244140624,123.70999908447266,1169400.0,0.5949273670086912,0.5903944529003181,0.7153763092181861,0.8134126479684641,0.33485554930641226,0.6305714095322231,0.19819215807778792,0.8695341744379554,0,0,-0.0969042581727059,0.016446314902211212,0.06796194971746822
2019-10-29,123.70999908447266,125.3499984741211,123.27999877929688,125.0500030517578,1258200.0,0.5976958564039037,0.5922462869046826,0.7579283990942657,0.8136394665423751,0.3563055873742789,0.6306149580673567,0.20594825903334482,0.8726233752969016,0,0,-0.09449521079879718,0.019157729885388754,0.06951740795219612
2019-10-30,124.68000030517578,126.27999877929688,123.7300033569336,125.9800033569336,1264900.0,0.6016116779519127,0.5944083685944634,0.7858163158102262,0.8138716908117166,0.37222157226978236,0.6343551986233896,0.2185161488985539,0.8757290263591182,0,0,-0.10123953101280166,0.012794869532780894,0.072610907477563
2019-10-31,125.51000213623048,125.9800033569336,124.62000274658205,125.12000274658205,1387600.0,0.6051721326193127,0.596396712337852,0.7359589268607464,0.814121926623732,0.3592593445685026,0.6235199995446054,0.23018633234481947,0.8723221156041717,0,0,-0.10708052971663637,0.006112054473318233,0.059533197100781594
2019-11-01,125.72000122070312,126.43000030517578,125.13999938964844,125.44000244140624,960400.0,0.6081572273271265,0.5985119126601303,0.7467563077522688,0.8142961661212277,0.3437132321312286,0.623262723931823,0.24376660481589338,0.8746801417565575,0,0,-0.10949491909287036,0.0056745449879080315,0.06018221398658477
2019-11-04,126.2699966430664,128.17999267578125,125.98999786376952,128.08999633789062,1540500.0,0.6123471894090544,0.6014833954159166,0.8271306390681273,0.8145904714209374,0.3738462889873329,0.6496602706426367,0.2661886153894307,0.8784624608816621,0,0,-0.11360012534005058,0.015226371137923201,0.05444841619514123
2019-11-05,127.97000122070312,129.0800018310547,127.8000030517578,128.88999938964844,1509100.0,0.6179450886050317,0.6044783199074548,0.8483512360283642,0.8148830223098026,0.4010080779185719,0.6700587808934008,0.2915084668017536,0.882167685024275,0,0,-0.12452185989264883,0.00866578688489829,0.028729743000958007
2019-11-06,128.97000122070312,130.02999877929688,128.30999755859375,129.77000427246094,1276100.0,0.6230860860504319,0.6075614925453515,0.8710888817697172,0.815134377634868,0.4030331878267266,0.6878992580338414,0.3195079400216757,0.8853008349337498,0,0,-0.13150752314300987,0.00822404813106766,0.02676698707874513
2019-11-07,129.91000366210938,130.4199981689453,129.25,129.8300018310547,1169900.0,0.6278818670036526,0.6104295604579999,0.8726659042674524,0.8153649564439761,0.39625084980914965,0.7025804360188213,0.34731046480385475,0.8881732368451161,0,0,-0.13785933906175793,0.0039299875937829935,0.01972719021584419
2019-11-08,130.0,130.02000427246094,128.3000030517578,128.9199981689453,863300.0,0.6311817167098,0.6130190943039541,0.8093159931384238,0.8155321588833367,0.38511705409002683,0.671018573488907,0.360560713750936,0.8860536158774415,0,0,-0.1384888169402526,0.0032349854657773795,0.02318412126923318
2019-11-11,128.16000366210938,129.44000244140625,127.9800033569336,129.1999969482422,916600.0,0.635239685010053,0.6155576092629195,0.8183719657793264,0.8157105595003061,0.40641470427046344,0.6552951714827131,0.3687208070519531,0.8883041018950142,0,0,-0.12519397493236104,0.01753020895853792,0.04173122634529627
2019-11-12,129.38999938964844,130.80999755859375,129.3000030517578,130.25,843600.0,0.6393145766493469,0.6182905466097061,0.8517022281395269,0.8158779355596278,0.40046682393635635,0.6778772020864021,0.3842639621559192,0.8903753543545652,0,0,-0.13444274889217292,0.01099069816165837,0.030727564353531033
2019-11-13,129.24000549316406,130.6999969482422,129.05999755859375,130.32000732421875,893800.0,0.6431593274033733,0.6208828398539854,0.8539140770188028,0.8160554377241461,0.40615641784723866,0.6567686179605267,0.3954438132481709,0.8925698605759338,0,0,-0.13220736161303384,0.012053681884297025,0.031247539849748082
2019-11-14,129.8699951171875,130.5,129.17999267578125,129.75,738400.0,0.6460395046391223,0.6231455801445817,0.8083808320754714,0.8162004893784408,0.38647076585521284,0.6367411173700936,0.40582510354811896,0.8907569008602719,0,0,-0.13474521617319135,0.007213032447639829,0.023403950892742147
2019-11-15,130.35000610351562,130.72999572753906,129.0800018310547,129.5,767300.0,0.6478231145749194,0.6250374017546401,0.788196886344828,0.8163504699125189,0.3674459610710613,0.6247082751385394,0.416975442321477,0.8888729842976671,0,0,-0.13903667472001435,0.0035452135266136804,0.024200380652396436
2019-11-18,129.0,129.77000427246094,128.25,128.9199981689453,1048900.0,0.6492581254164398,0.6267485895524953,0.7410852655299418,0.8165531918863841,0.37365366673010203,0.5915608155001995,0.41469458896651257,0.8862976681468575,0,0,-0.12888032773286667,0.013976815124276062,0.020077267208614864
2019-11-19,129.36000061035156,129.36000061035156,127.66999816894533,128.7899932861328,1273400.0,0.6504494546357487,0.6283370572389462,0.7303688870701043,0.8167985810641619,0.3657777932588131,0.5737903299593466,0.40422101666521426,0.8831711474237753,0,0,-0.12488363871230106,0.01124726162609788,0.002559741201843885
2019-11-20,128.49000549316406,128.77999877929688,126.48999786376952,126.5,1343500.0,0.6511364998537326,0.6295532281236979,0.5646188295415963,0.8170460914889986,0.3647904111574377,0.5206682317608107,0.37891810075902854,0.8798725133799078,0,0,-0.11033471119372455,0.018013760279304927,0.004658675953135291
2019-11-21,126.48999786376952,126.5500030517578,125.30999755859376,125.68000030517578,1114000.0,0.6518472361970904,0.6305832506075999,0.5152517478489842,0.8172478794538699,0.36598289488296154,0.4595342996646554,0.34204068439013247,0.8771373601794102,0,0,-0.07588931600095715,0.03415019521600184,0.012569201322412415
2019-11-22,125.94000244140624,126.0,125.26000213623048,125.41000366210938,816100.0,0.6523109083161396,0.6314147152881963,0.4992158064269159,0.8173948428083219,0.34966151662787187,0.4390656095357125,0.3083522587967511,0.8751336272108949,0,0,-0.07200829909120472,0.03874916538321298,0.019653096870667488
2019-11-25,126.0999984741211,128.11000061035156,125.56999969482422,127.79000091552734,2404900.0,0.6536917691205792,0.6331286614323759,0.6352439919412511,0.8178485419144202,0.3801962894720021,0.4970992432435958,0.29683376923547256,0.8810382680833155,0,0,-0.07343911024264893,0.03755680525425028,0.02041308598383963
2019-11-26,128.0500030517578,129.72000122070312,127.94000244140624,129.7100067138672,2273400.0,0.6552689292964824,0.6348522607366892,0.7202786914881543,0.8182929618706799,0.3971304028255905,0.5836687192439463,0.2987348162539051,0.8866200430258748,0,0,-0.07981848739776752,0.021597890970048342,0.00031296099731033846
2019-11-27,129.7100067138672,129.7100067138672,128.4199981689453,129.19000244140625,919400.0,0.6563553410437266,0.6361980465466551,0.686028534302556,0.8184708302346794,0.3872639253032198,0.5775436672813603,0.30050007419959246,0.8843626822964876,0,0,-0.08310851785299403,0.008480385381160908,-0.00377770000617598
2019-11-29,129.07000732421875,129.41000366210938,128.50999450683594,128.83999633789062,450100.0,0.6576143584549214,0.6373218317655621,0.6627302283799082,0.8185573078186447,0.39035574368365566,0.5607289524297767,0.3021392422920165,0.883257572372301,0,0,-0.050623178429678235,0.013468458870601597,0.006656748473648678
2019-12-02,129.3699951171875,129.66000366210938,128.27999877929688,128.5,1145700.0,0.6586500027671816,0.6385959152991113,0.6396133713520898,0.8187759376639289,0.38702101709416914,0.5458956658486037,0.30575491266388366,0.880444587613046,0,0,-0.053089075848405984,0.011176672480102817,0.010633424518141308
2019-12-03,126.41999816894533,128.22999572753906,126.06999969482422,127.95999908447266,1896000.0,0.6586060057006697,0.6399210177196493,0.6027756312918621,0.8191337854009334,0.3871225023285256,0.4350756115673343,0.28045572118453954,0.8757894256129173,0,0,-0.030272368791038534,0.0341634193746959,0.007704322904000376
2019-12-04,129.13999938964844,130.39999389648438,128.6300048828125,129.10000610351562,2105900.0,0.6586770816589307,0.6416956348589505,0.6639082000654912,0.8195396799383158,0.36150825137966847,0.5863539646881641,0.27571751490918583,0.8809599454737143,0,0,-0.05165677287937442,0.01305093920673495,-0.005079664747850476
2019-12-05,129.75,131.36000061035156,129.6699981689453,131.1300048828125,1653900.0,0.6591373685937438,0.6436908723641477,0.7550643117760159,0.81987045023218,0.3654271217501718,0.6796617625291973,0.27828304412124183,0.8850206904273075,0,0,-0.0559256458509688,0.012470956887954162,-0.029899306180175677
2019-12-06,132.85000610351562,133.82000732421875,132.3800048828125,132.5399932861328,1126900.0,0.6600545546969954,0.6458805301531642,0.8075426056610321,0.8201014868958679,0.3545928893079293,0.8063087652424106,0.29558973528500376,0.8877875164072363,0,0,-0.0787005791194889,0.007397248414426508,-0.05101809038583452
2019-12-09,132.1199951171875,133.44000244140625,132.05999755859375,132.97999572753906,1140900.0,0.6614286451329627,0.6479157542120542,0.8229305324281043,0.8203371150490518,0.3623602267332295,0.7539313718563057,0.3078356442607746,0.8905887159462377,0,0,-0.06669682198343314,0.012826409334133535,-0.04421301703483734
2019-12-10,132.91000366210938,133.8000030517578,132.0,132.47000122070312,997200.0,0.662535365403484,0.6498406686139967,0.7830011110506053,0.8205411228897136,0.3487104552711673,0.7127057219926386,0.32132312099440585,0.8881403364385752,0,0,-0.07241694384276631,0.0068431620645699924,-0.05339153505511249
2019-12-11,132.36000061035156,133.11000061035156,131.8699951171875,132.30999755859375,911800.0,0.6632325635920366,0.6519696564598925,0.7701958669151241,0.8207270557770666,0.34267632163054607,0.6771768761420578,0.3321282915367997,0.8859016356412559,0,0,-0.06514680436244479,0.011021413908155153,-0.07095947338460372
2019-12-12,132.58999633789062,134.13999938964844,132.05999755859375,133.75999450683594,1082000.0,0.6643968139195966,0.6546377852920712,0.8277773286332782,0.8209533191854722,0.34526500070459,0.6924348192126586,0.3485238767533475,0.8885582207067301,0,0,-0.060237274116636964,0.011714935230585206,-0.06469652873210083
2019-12-13,133.55999755859375,134.36000061035156,132.97999572753906,133.00999450683594,968900.0,0.6655001464237427,0.6571763002510366,0.7669118783795771,0.8211532015335273,0.33493607031631956,0.6730863904522963,0.36507027670170056,0.8861793248934787,0,0,-0.06294855348932449,0.005980884304813032,-0.07580741481811445
2019-12-16,133.6300048828125,134.36000061035156,132.91000366210938,133.25,1212200.0,0.6667693193876456,0.6594693749871928,0.777179586244048,0.8214042243683018,0.3315970349510999,0.6544454813144325,0.3793604279387174,0.889155584058329,0,0,-0.06292762267689476,0.00548827725499639,-0.07909183299695777
2019-12-17,133.0399932861328,133.25,132.14999389648438,133.10000610351562,1095700.0,0.6681840268701673,0.6618672458436508,0.7641849832461752,0.8216304179090373,0.34311396356662327,0.61978851587346,0.38098262035638686,0.8864653620100478,0,0,-0.05838642513997996,0.009906246335600374,-0.09906189079356238
2019-12-18,133.3000030517578,133.3000030517578,130.57000732421875,131.64999389648438,1236700.0,0.6691519829905417,0.6645284809140208,0.6466990721651852,0.8218790742958463,0.33470376140850594,0.5815998292461542,0.36134461500623793,0.8834289491168205,0,0,-0.06040571410097753,0.007963918181711879,-0.08985729650955503
2019-12-19,131.75999450683594,132.80999755859375,130.75999450683594,132.4199981689453,1007400.0,0.6711555834231762,0.6669883998347607,0.6878562289045896,0.8220843558103971,0.35915868797520234,0.5808170417472223,0.3431093243239568,0.8859023722175217,0,0,-0.049373282734189575,0.01974938263620426,-0.07011011132136136
2019-12-20,133.36000061035156,133.6300048828125,132.44000244140625,132.47000122070312,1901900.0,0.6734536329130063,0.6693062944278303,0.6905375833074491,0.8224720297478813,0.3421938401623758,0.6032127476672244,0.33388271654708046,0.8905720202175452,0,0,-0.061168997025561535,0.007551729450442755,-0.06418970032876342
2019-12-23,132.5500030517578,133.2100067138672,131.83999633789062,133.00999450683594,1194900.0,0.6760258203546159,0.6712146619078303,0.7200472693012084,0.8227177847139372,0.3588389927313214,0.5912823995999436,0.31725380862379826,0.8935058034843985,0,0,-0.05503133425190917,0.01366345241877203,-0.06182533680030096
2019-12-24,132.9600067138672,133.63999938964844,132.82000732421875,133.5399932861328,377700.0,0.6779718829837944,0.6734663698651308,0.7482242771254091,0.8227961690614013,0.3399167148406695,0.6135308645387345,0.3060803079374327,0.894433153003095,0,0,-0.05789042098818348,0.010525478943707674,-0.07781374731944445
2019-12-26,133.57000732421875,133.58999633789062,132.67999267578125,133.36000061035156,570400.0,0.6792072092696153,0.6755553711573336,0.7310485545737351,0.822914148676981,0.3153375530350217,0.6035011861771835,0.29369303133887237,0.8930326759963053,0,0,-0.062228587732385356,0.005915780484128928,-0.09495288731519684
2019-12-27,133.97999572753906,133.97999572753906,132.97999572753906,133.30999755859375,632100.0,0.6806016056467208,0.6775340617405881,0.7260284513325768,0.8230447433672633,0.31042260527937576,0.6106622554398841,0.28634926349540957,0.8914807098041737,0,0,-0.06538687426064486,0.002849466714706985,-0.09020694904198341
2019-12-30,133.19000244140625,133.52000427246094,132.8000030517578,132.9199981689453,479300.0,0.6819824664511605,0.6791445919896291,0.6858763998967844,0.8231430673674985,0.30792802739637976,0.5881898399515351,0.2766650777306693,0.8903039064567784,0,0,-0.05948541332536064,0.008776522319198626,-0.08123923208605999
2019-12-31,133.02000427246094,133.50999450683594,132.58999633789062,133.49000549316406,626500.0,0.6836713144676005,0.6804214338695024,0.723748774985486,0.8232728566818027,0.3251787151246041,0.5929302546052191,0.264227667217131,0.8918421232252808,0,0,-0.058380997917012144,0.010081224468476514,-0.09449296840964545
2020-01-02,133.97000122070312,134.16000366210938,131.35000610351562,131.60000610351562,1393100.0,0.6849032607334635,0.6813756186615032,0.5515169631640485,0.8235517780373295,0.2930797002782493,0.5031716054927613,0.2367790020709352,0.8884217085721272,0,0,-0.06524832366509023,0.002921562466100948,-0.10352834763747112
2020-01-03,130.0500030517578,130.85000610351562,129.6300048828125,129.69000244140625,1598400.0,0.6851029427070241,0.6819850838030416,0.4239580947651397,0.8238605249176939,0.2874071025519536,0.21477320356849594,0.2313761442789161,0.884497230227715,0,0,-0.036398181560565804,0.03275073980774391,-0.08145897206319933
2020-01-06,128.88999938964844,129.97999572753906,128.74000549316406,129.08999633789062,1529400.0,0.6844125097226652,0.6826221250438157,0.38990739061427004,0.8241524257181351,0.2640284909941735,0.18251526661313372,0.23491904128813432,0.8807421644244466,0,0,-0.027989800177989677,0.04217750881124752,-0.07224922947175812
2020-01-07,128.58999633789062,129.27999877929688,128.0399932861328,128.0800018310547,2217600.0,0.6829030429029259,0.6832426204146482,0.33662266515601613,0.8245672288624931,0.2490493795678426,0.22874749414056494,0.24440720582219885,0.8752973926673341,0,0,-0.02579591212431322,0.04469753223447354,-0.07150047245628331
2020-01-08,128.41000366210938,129.39999389648438,127.83000183105467,128.41000366210938,1313000.0,0.6813563468030075,0.6838451907423769,0.3652250048234703,0.8248142222019913,0.24000730629054556,0.3070912130832337,0.2550474707033268,0.8785211414575076,1,0,-0.022173672132135773,0.04645531592114275,-0.0741723911944589
2020-01-09,128.7100067138672,129.08999633789062,128.22999572753906,128.66000366210938,1644900.0,0.6800668678979669,0.6845277362814932,0.3873159916991318,0.8251249563251765,0.24596478675424727,0.3559592230066914,0.2649277166643741,0.8825597891231255,0,0,-0.020559200558779904,0.04399963971149351,-0.10466482117830977
2020-01-10,128.86000061035156,129.47000122070312,127.95999908447266,128.08999633789062,1699800.0,0.6786386248427791,0.6849469144506949,0.3538782828107595,0.8254423322180701,0.23168076892481893,0.38018629867060616,0.2672867966463891,0.8783863480008582,1,0,-0.02168506790077921,0.04274832771219453,-0.1494637246197816
2020-01-13,127.73999786376952,129.3800048828125,127.45999908447266,129.22000122070312,2112300.0,0.6771020817134299,0.6853936708231341,0.4528568006171807,0.82584507155693,0.24510434622517652,0.4094672556591258,0.2746760757993173,0.8835725814886598,0,0,-0.013037693939345457,0.05168243372510555,-0.145600765548324
2020-01-14,129.1999969482422,131.0500030517578,129.1999969482422,129.92999267578125,2208400.0,0.6760596670326977,0.6860569100419829,0.5087212938933857,0.8262714442866829,0.2508709811928719,0.4758292561704448,0.25457792268903756,0.8889947649069532,0,0,-0.02422223513271793,0.03993192704971635,-0.19818913765997107
2020-01-15,129.7100067138672,131.8800048828125,129.47999572753906,130.74000549316406,1402400.0,0.6752101691213321,0.6867877161217636,0.5678973595621996,0.8265461188881021,0.2597965445996262,0.5083761367612984,0.2280633242269541,0.8924380134243479,0,0,-0.02801514064674815,0.03578845654280658,-0.19441246201450307
2020-01-16,126.3499984741211,129.10000610351562,125.37999725341795,127.41000366210938,3290400.0,0.6732844098511523,0.6866939533867586,0.37090558219439984,0.827150323499415,0.25359300276702434,0.37973437759471296,0.2384781947040833,0.8843592449405803,0,0,-0.007419314516962118,0.06126664983694898,-0.1609300904964964
2020-01-17,127.54000091552734,128.74000549316406,125.83000183105467,128.49000549316406,2781500.0,0.6722149240250883,0.6866387990842855,0.44498001634298934,0.8276713173647406,0.28562425062354063,0.4105264172782713,0.24814914586141754,0.8911885345520559,0,0,-0.016953171650773254,0.05352797660151412,-0.18169689082870277
2020-01-21,127.81999969482422,128.1199951171875,125.66999816894533,125.88999938964844,1917000.0,0.670004871250421,0.6861037935134872,0.3307142473250456,0.8280120278479296,0.25815655108093083,0.3850986005363699,0.2583118084230348,0.8864818122133183,0,0,-0.018989822842960944,0.05089890758760444,-0.15456455569540897
2020-01-22,126.18000030517578,126.55999755859376,125.55999755859376,126.16000366210938,1401800.0,0.6678692770361119,0.6855977453190882,0.34889747217902933,0.8282623722287054,0.28424349014413175,0.3822936840397262,0.2686034323298955,0.8899235875781814,0,0,-0.006354778422722024,0.06497736392751463,-0.18690919765968064
2020-01-23,125.43000030517578,126.83999633789062,124.6500015258789,126.26000213623048,2183600.0,0.6655847682832257,0.6852309641580365,0.355958454135997,0.8286528433681669,0.2865065228625964,0.390769281842287,0.2850817907313432,0.8952848806918317,0,0,-0.006182615382494145,0.07078313289442142,-0.19007611494018753
2020-01-24,126.62000274658205,126.8000030517578,125.62000274658205,125.80999755859376,1191800.0,0.6629685811929651,0.6847635243961695,0.3358868821344041,0.8288638791919835,0.2728330247582112,0.40585247342646974,0.3003831235326876,0.8923587087130588,0,0,-0.015602733940853028,0.06130205712667665,-0.2313480008732775
2020-01-27,123.41999816894533,124.05999755859376,122.61000061035156,122.95999908447266,1368800.0,0.6594487409899803,0.6837583217691807,0.2293635233038467,0.8290920482747067,0.2604537310768329,0.31789471879678577,0.3331385161673137,0.8889979567374385,0,0,-0.006438260665385692,0.08695654283206805,-0.1704156682939799
2020-01-28,123.47000122070312,124.52999877929688,123.06999969482422,124.02999877929688,1097900.0,0.6563079613751177,0.6828910059503761,0.3061367557362352,0.8292792094716707,0.2674659510821524,0.3572847452138675,0.35631535942374126,0.8916935803450025,0,0,-0.006994149453114001,0.088565382813374,-0.21551724298399422
2020-01-29,124.58000183105467,125.02999877929688,123.37999725341795,123.41999816894533,1142600.0,0.6530927231998973,0.6820181755429249,0.28392771438811526,0.8294713877451693,0.25786758995002423,0.37982918551005457,0.3702022407825869,0.8888882068738279,0,0,-0.015883264049761033,0.07885188160567304,-0.27960977704181483
2020-01-30,122.18000030517578,123.25,120.93000030517578,123.11000061035156,1246300.0,0.6495796507832452,0.6811370722005028,0.27255683351723703,0.8296795130617068,0.2640768967689714,0.3469694316998954,0.39660800386605943,0.8858282235400935,0,0,-0.010128018299667437,0.09706695458328063,-0.22678656845752837
2020-01-31,122.26000213623048,122.66000366210938,119.3499984741211,119.83999633789062,2323100.0,0.6455995210633081,0.6798850501775429,0.17230571252840507,0.8300397865009316,0.25794921877376376,0.31595000790517513,0.42793072722038805,0.8801244224628262,0,0,-0.02363742707889082,0.09666153413111342,-0.32361305961958764
2020-02-03,120.48999786376952,122.0500030517578,119.93000030517578,121.33999633789062,2339800.0,0.6427734938646399,0.6788577860399648,0.2752050443671069,0.830414959326852,0.2856286221756849,0.3589335340444718,0.45701611319226454,0.8858692262855588,0,0,-0.009512678775741768,0.1140688102142216,-0.31600464180933785
2020-02-04,122.83999633789062,123.9800033569336,121.5199966430664,122.52999877929688,2238600.0,0.6405532881194038,0.6783103710667103,0.3491744803508837,0.8307831720970983,0.28895007231550085,0.4225686476430129,0.45749712953088184,0.8913655583812803,0,0,-0.028762139188228373,0.09329164056257574,-0.4114059640313083
2020-02-05,123.58999633789062,125.0999984741211,122.5999984741211,124.86000061035156,2648300.0,0.6394634911879238,0.6781973030634386,0.4744457262438204,0.8312405643657067,0.3416435399044503,0.4773974298237105,0.44478095774659254,0.8978678081307216,0,0,-0.0346037534155753,0.0862646488984108,-0.3838243634035132
2020-02-06,125.3000030517578,125.44000244140624,123.61000061035156,124.36000061035156,1384100.0,0.6380927833540531,0.678052520389444,0.45382107105393665,0.8314769296841656,0.3428099129501032,0.4921604239474131,0.42911075903507667,0.8944694907655433,0,0,-0.04765340820560125,0.07095947915298212,-0.3650488675976816
2020-02-07,123.6999969482422,123.86000061035156,122.2699966430664,122.61000061035156,1314800.0,0.6360451832727676,0.6773382612316058,0.3860541790695644,0.8316930583569305,0.33340085666710795,0.4505921343040007,0.42395895538473904,0.8912413225177748,0,0,-0.03497908051440633,0.08411070008467414,-0.411707918116401
2020-02-10,122.0500030517578,122.0500030517578,120.36000061035156,120.88999938964844,1944000.0,0.6336083722149297,0.6761220892948532,0.32784381361873416,0.8320003782311834,0.3419336146660729,0.4045242173465219,0.4305208148502616,0.8864683083151111,0,0,-0.022021079554653815,0.09876845730420108,-0.3262376625143163
2020-02-11,121.45999908447266,122.94000244140624,121.1999969482422,121.9499969482422,1437700.0,0.631147867449579,0.6751237804296731,0.3858321239293857,0.8322329853580747,0.3174450697373914,0.4415423751735983,0.4262603514836568,0.8899982273064535,0,0,-0.017453888832861038,0.10505421988383427,-0.2957233863884129
2020-02-12,122.6500015258789,122.72000122070312,121.51000213623048,122.36000061035156,897300.0,0.6285858329785383,0.6742302676847948,0.40797022426178275,0.8323794153544878,0.3278096239994659,0.4522706316139051,0.42230420692895254,0.8922013269175904,0,0,-0.027060296304545164,0.09438296370860529,-0.2697006987512066
2020-02-13,121.9000015258789,121.9000015258789,120.31999969482422,120.45999908447266,1263000.0,0.6251066046578293,0.6731216491626674,0.340007017718176,0.8325768080424435,0.31393954573628263,0.408082365096378,0.4261196285834401,0.8891003408383906,0,0,-0.02084016867471382,0.10019615948901264,-0.3015691512080394
2020-02-14,120.41000366210938,120.94000244140624,119.51000213623048,120.1500015258789,1576900.0,0.6226494850767146,0.6720447453112627,0.3295691859498673,0.8328213626774582,0.3081110966386594,0.3911615061978807,0.4343794837101951,0.8852286504596972,0,0,-0.008799644662498727,0.09521834059337639,-0.2863191578556955
2020-02-18,119.73999786376952,120.44000244140624,118.91000366210938,119.33000183105467,1081200.0,0.619549317344128,0.6706975803281348,0.3018794309854572,0.8329857665766988,0.2732118257561481,0.37400316876167394,0.44542771039953244,0.8825740295975985,0,0,-0.006907983280228016,0.1010404233447152,-0.3007906694188788
2020-02-19,119.58000183105467,120.0,119.13999938964844,119.5199966430664,1153700.0,0.6173934146065416,0.6690967011352259,0.3142356830983759,0.8331619033518395,0.291198732152825,0.3856564520635577,0.4556867780396314,0.8854066563906092,0,0,-0.005614666543740357,0.10307552889483698,-0.33260707141862483
2020-02-20,118.62000274658205,119.83000183105467,118.30999755859376,119.36000061035156,1733600.0,0.6150919799324757,0.6672793401479086,0.3082902717625141,0.8334254250229421,0.2959641339648895,0.38202130090121367,0.47003652813330377,0.8811502276757237,0,0,-0.00259375164571062,0.11094379608987125,-0.3170180760864883
2020-02-21,118.9800033569336,119.29000091552734,118.37000274658205,118.91000366210938,1100800.0,0.6126044014396539,0.6653392590491864,0.2910709944863723,0.8335908824468868,0.28551690871380664,0.3830484184574802,0.48336129607742817,0.8784474838309233,0,0,-0.005613319327360349,0.10807641973788785,-0.32297254402338316
2020-02-24,116.70999908447266,117.05999755859376,114.48999786376952,115.2699966430664,1870500.0,0.609037178985921,0.6629675872228039,0.17834613527145812,0.8338474297164221,0.2864285282795057,0.2711005322196863,0.5135590881095287,0.8738549308133913,0,0,-0.018669591727634785,0.12757552208514278,-0.2529644344855038
2020-02-25,115.69000244140624,115.73999786376952,109.5199966430664,109.62999725341795,2506500.0,0.6045256915371877,0.659840290511728,0.07180707590732768,0.8341401999537644,0.2650496631492681,0.1955072717638595,0.5547157186417715,0.8677008361122718,0,0,-0.05352655485403765,0.1404528751010431,-0.21341204840744066
2020-02-26,110.48999786376952,111.62999725341795,108.9800033569336,109.08999633789062,2067000.0,0.5994693056227145,0.6564385972534443,0.06401787042560989,0.8343774117604216,0.23702548819552416,0.2299257280637776,0.5940177795805264,0.8626258256406126,0,0,-0.01377355235488566,0.1951108962412758,-0.15634406475472248
2020-02-27,107.62000274658205,109.12999725341795,103.55999755859376,103.58999633789062,2287200.0,0.592757918369883,0.6523819366592818,0.0,0.8345945836700696,0.22232944689578252,0.2187913867680702,0.6390511722908211,0.8570101681898245,1,1,-0.03721702561445687,0.22238521359088304,-0.09579251011494516
2020-02-28,100.58000183105467,104.48999786376952,100.2300033569336,104.4499969482422,4461000.0,0.586442512462076,0.6484107658651536,0.047954102417699845,0.8350313253118417,0.2633573415607326,0.2689862921623478,0.684510336628562,0.867963057262912,0,1,-0.0033786898976176415,0.27531620118446753,-0.06660876310268818
2020-03-02,104.91999816894533,106.30999755859376,104.06999969482422,105.30999755859376,3748800.0,0.5815248906977493,0.6445788610523713,0.0957559345737464,0.8354092741212039,0.28882617353950907,0.3522421891817741,0.7094953394886626,0.8771673142808879,0,1,-0.0449018185643007,0.2280517761625421,-0.11613209772929649
2020-03-03,105.06999969482422,106.9499969482422,102.75,104.38999938964844,2642100.0,0.5757882299337642,0.6408200387411688,0.0825526345798839,0.8356666150029873,0.27193022894799135,0.3764167292266213,0.7349233479744725,0.8706802871076074,0,1,-0.0459595142920565,0.21887756107427903,-0.15753486584842114
2020-03-04,105.87999725341795,107.95999908447266,104.9499969482422,107.95999908447266,2941400.0,0.5708570700146327,0.6374473018072838,0.26441702568659986,0.8359903169786681,0.3137141158931034,0.4215568833304657,0.7492107267080129,0.8779021718687774,0,1,-0.054123900081607126,0.2007855082577107,-0.16265921857283605
2020-03-05,105.22000122070312,105.31999969482422,101.02999877929688,102.6500015258789,2865500.0,0.5633401819169477,0.6333354858586472,0.17114812470186738,0.8362509530298888,0.2781897733907285,0.39500375494482265,0.769771139434642,0.8708666409028657,0,1,-0.04622080313158522,0.20025931178705425,-0.1103186713885617
2020-03-06,99.66000366210938,102.81999969482422,99.56999969482422,101.4499969482422,2480400.0,0.555586379983384,0.6289837453278487,0.1536955082353262,0.8364656951427619,0.28617720675431174,0.3947225952868111,0.7911826719177043,0.8647766283368745,0,1,-0.0008768043443473843,0.2643935605086787,-0.08339021004135333
2020-03-09,95.79000091552734,103.02999877929688,95.47000122070312,97.41000366210938,4053500.0,0.5470575386988128,0.6240018583700859,0.10179483298794281,0.8367577564216432,0.27091507084675737,0.3849435073893846,0.8166611739512307,0.8548242553582239,0,1,-0.003154260270579173,0.2922622219595112,-0.07668801393129739
2020-03-10,100.2699966430664,102.0,97.52999877929688,101.9800033569336,3491700.0,0.5406575238422178,0.619674937696201,0.2755057223237206,0.8370658433832211,0.32324369596823715,0.41661213180071505,0.8403197829823625,0.8633972665163723,0,1,-0.049276206158591775,0.2583924119913618,-0.10471200661919071
2020-03-11,99.18000030517578,99.18000030517578,95.22000122070312,96.97000122070312,2183900.0,0.5322031411180044,0.6146640933620384,0.20322924278358354,0.8372193347364464,0.3225512881789197,0.39550856616529123,0.865109261110594,0.8580352368264562,0,1,-0.038831133105698384,0.25750148334786305,-0.08491864460720851
2020-03-12,87.51000213623047,92.30999755859376,86.44000244140625,89.9000015258789,2981400.0,0.5212171802523182,0.6087321580797601,0.12673032790269842,0.8373536006026671,0.3246760378856332,0.3402686343160005,0.8957953256103647,0.850715141896507,0,1,-0.011034337231665142,0.3911519008734188,0.053934161717040824
2020-03-13,94.30999755859376,95.33000183105467,90.11000061035156,94.19000244140624,2716100.0,0.5123262017186654,0.6033131647536892,0.25075457565534687,0.8375172513462487,0.3567964909317304,0.3883449533191585,0.9037883370018142,0.8573838578820289,0,1,-0.08754165721478917,0.34627368581135437,0.018798692021376063
2020-03-16,82.93000030517578,88.55999755859375,81.19999694824219,82.41999816894531,2741800.0,0.4995566283350435,0.59653183869571,0.13908665053655786,0.8375674781009496,0.3359480398113437,0.31733533256516533,0.9204516787575953,0.8506520418630664,0,1,-0.01836716543254997,0.4513218073507865,0.090880107619901
2020-03-17,84.33000183105469,84.33000183105469,79.61000061035156,82.62000274658203,3407300.0,0.4871322714436009,0.5900414571588821,0.14410715797615406,0.8376322424109534,0.3537785847922366,0.32686885921061826,0.9372458106991449,0.859017829565091,0,1,-0.057267669565194856,0.4987867207432336,0.14013583692016074
2020-03-18,78.55000305175781,80.0,70.30999755859375,72.91999816894531,3112000.0,0.47136068259526304,0.5822962963047708,0.07742165976949364,0.8375840779254545,0.33750656410773106,0.296665396167975,0.9591712273638572,0.8513770784340781,0,1,-0.0997337838203467,0.5675381001072195,0.14863227270716692
2020-03-19,72.20999908447266,78.83000183105469,69.7699966430664,76.55999755859375,2642100.0,0.45687518746773,0.575192313158919,0.1619721153156021,0.8375773807799719,0.34571663060409985,0.33807218238945486,0.9798407006355602,0.8578641056073586,0,1,-0.03346136180301472,0.7299781225118409,0.21653869051044333
2020-03-20,77.11000061035156,80.45999908447266,71.75,79.72000122070312,4507300.0,0.4436114830533517,0.5684785529098711,0.2309873419187066,0.8376164998819356,0.3901034010129808,0.38025084794041475,0.9901957060648748,0.868930672950808,0,1,-0.09587257316286646,0.6106322033803719,0.12695926764187923
2020-03-23,78.37999725341797,80.62999725341797,71.52999877929688,72.5,3043000.0,0.42913614347852663,0.5607347701769211,0.17256683986811913,0.8375649765664589,0.3693581202847245,0.38540529481445274,0.9999999999999999,0.861459334360939,0,1,-0.10800301653928679,0.5589564037339242,0.12405919766945543
2020-03-24,75.81999969482422,82.23999786376953,75.62000274658203,82.05000305175781,2550500.0,0.41980180134910167,0.5543864140197644,0.3480075997542117,0.8376081528094691,0.4296488522412098,0.4341509303073555,0.9998489595107104,0.8677214602477155,0,1,-0.08344831795528017,0.6499310723666485,0.17903452906115302
2020-03-25,77.7699966430664,89.58000183105469,77.7699966430664,85.70999908447266,3782700.0,0.41188893190639236,0.5483869129285549,0.4053008880813942,0.8377211317658387,0.46964743996447905,0.47340340828082356,0.9638654298146508,0.8770089503837316,0,1,-0.0975015198348443,0.5478367203628486,0.15344306519212778
2020-03-26,86.23999786376953,90.38999938964844,85.0,89.76000213623047,1984100.0,0.4072082239779444,0.5428479588894045,0.4650684591280818,0.837808766603081,0.5169459348310004,0.508316466662352,0.9270115491338576,0.8818804202805962,0,1,-0.19215962427523645,0.4160541832110414,0.066970079972897
2020-03-27,86.19000244140625,87.27999877929688,84.44999694824219,85.0,1669600.0,0.40062544790469073,0.5365409674071019,0.4113847965434372,0.8378543363860741,0.4494543271243599,0.49193244580919554,0.8939852872125976,0.8777811278357571,0,1,-0.18293232405920498,0.38714348454737385,0.04712561972892036
2020-03-30,85.8499984741211,87.19999694824219,83.66999816894531,85.91999816894531,1579100.0,0.3940629777725751,0.5308199993305855,0.4255540495591493,0.8379025473249183,0.449857733705927,0.4977069626962807,0.8650770295002063,0.8816582197737335,0,1,-0.18917649213005513,0.4069412231445311,0.020941162109375
2020-03-31,85.13999938964844,87.33000183105469,83.12000274658203,83.5999984741211,1897100.0,0.3870266825508411,0.5246302123190402,0.39861825351242575,0.8379448644392816,0.43878264552101925,0.4957070444673587,0.8395185493994919,0.8770003569939634,0,1,-0.17888737283676204,0.4057262727334562,-0.010474878317725573
2020-04-01,80.55999755859375,82.30000305175781,79.69999694824219,79.88999938964844,2031800.0,0.3775264999616595,0.5182873707505301,0.3571849048659228,0.8379635075833131,0.38031371260361135,0.46362488167446153,0.8234105526142216,0.8720117714708298,0,1,-0.12906699895296597,0.46973690178495875,0.06471296364657322
2020-04-02,79.58999633789062,82.31999969482422,78.01000213623047,80.7300033569336,3956300.0,0.3701077615497062,0.5120231252202455,0.3722620511009902,0.8380115037607317,0.40205231203457914,0.4656498814995023,0.8119258195210073,0.8817254937393472,0,1,-0.12291901076289935,0.4969333443602549,0.09175118146270077
2020-04-03,80.38999938964844,81.68000030517578,80.16999816894531,80.43000030517578,2421800.0,0.36299362516551753,0.5057037243354867,0.36862627260836434,0.8380382822977058,0.3773327740122317,0.47607951852883434,0.8012614245058798,0.8757793590706174,0,1,-0.131549638362178,0.4542301083132047,0.14195464645039432
2020-04-06,84.38999938964844,87.68000030517578,84.0,86.62999725341797,2850100.0,0.3593451737829548,0.5003012779313584,0.4799605966436601,0.8381321084115513,0.4173037613092211,0.5577386497893225,0.7605318391404082,0.8827770791215492,0,1,-0.18177300374374378,0.38977991241041515,0.1097849284788137
2020-04-07,89.08999633789062,93.27999877929688,89.08999633789062,91.08999633789062,2115500.0,0.3556594931202131,0.4959067914485421,0.5492544835602119,0.8382349578326992,0.3728367783535478,0.6497294035577122,0.7007892501344557,0.8879711694228531,0,1,-0.2230174339993062,0.2601870210106467,0.07964910244305305
2020-04-08,91.98999786376952,94.0999984741211,91.06999969482422,93.3499984741211,1722400.0,0.3544343172228222,0.4916763918559862,0.5822771064951516,0.8383323560169104,0.3868832427577953,0.6868065717317304,0.6424305391432147,0.8922000992904806,0,-1,-0.2439345934133085,0.18816555141872068,0.03403226038808835
2020-04-09,94.72000122070312,98.80999755859376,94.1999969482422,97.16999816894533,2184700.0,0.356894819406034,0.48805683552613,0.6353748515958116,0.8384852108034108,0.3880959730865892,0.7323126613688652,0.6003352789688188,0.8975640931837723,0,-1,-0.26727375453094915,0.1418317951814427,0.01564005472241549
2020-04-13,95.91999816894533,96.98999786376952,93.0199966430664,93.68000030517578,1557400.0,0.35672221115994424,0.48399879575880533,0.5767461172995331,0.8385749476993546,0.3559706044159425,0.6950580227914928,0.5568649300670707,0.8937402802623585,0,-1,-0.26911600307342837,0.12390656727803878,0.04198828761899273
2020-04-14,95.88999938964844,95.88999938964844,92.2300033569336,92.79000091552734,1960900.0,0.3602318983923602,0.48026892977200164,0.5620341406347995,0.8386817102299601,0.3618720572685717,0.6615717501238711,0.5135105438619736,0.8889257722633859,0,-1,-0.2788215484787836,0.12884286566507788,0.06895814542515265
2020-04-15,90.41000366210938,91.52999877929688,87.80000305175781,88.4800033569336,1291700.0,0.3622151928838568,0.47573793565416334,0.49338980195396887,0.8387323926065046,0.3398762689538589,0.5926765274197063,0.476131712819039,0.8857543203880872,0,-1,-0.22243783613961685,0.18913670922732462,0.1318029486676351
2020-04-16,88.9000015258789,89.4800033569336,86.30000305175781,88.9000015258789,1733100.0,0.3676235630768426,0.47110076729486206,0.5006872428483718,0.8388029155598392,0.3715907092956329,0.5713867292477329,0.44619667512320904,0.8900095214758631,0,-1,-0.21620709942382035,0.18557863410906603,0.14432635803088179
2020-04-17,91.4800033569336,94.0199966430664,91.19000244140624,93.30999755859376,1345400.0,0.37329253564894177,0.466750404885225,0.5747498157808808,0.8388785052251343,0.36349088484760983,0.6308482965509099,0.40692234251875703,0.8933128205027476,0,-1,-0.24420704545823183,0.12992120612057653,0.13374577261606974
2020-04-20,91.62999725341795,93.3000030517578,90.16999816894533,91.0999984741211,1045800.0,0.3771440516071621,0.4621642543609117,0.5365854873997482,0.8389291042820307,0.3114047289030059,0.6019630521367579,0.36900421321726107,0.8907451156400185,0,-1,-0.23427286659850804,0.12217342004237348,0.1702925710577837
2020-04-21,88.7699966430664,89.83999633789062,87.75,88.01000213623047,1511500.0,0.38239335170886307,0.45739333460891074,0.485609249449396,0.8389857736117504,0.3271445422109538,0.5438935199744382,0.34201388307232583,0.8870339988872787,0,-1,-0.2085620232518155,0.14522506672370428,0.25148193244610706
2020-04-22,89.76000213623047,90.8000030517578,89.05999755859375,90.06999969482422,1287300.0,0.3851076884848554,0.4531436308000891,0.5228592282031467,0.8390433341534614,0.299675185547778,0.5645656403310348,0.3132496410139375,0.8901946476440117,0,-1,-0.22713333721116813,0.10703326826835113,0.24269969426075555
2020-04-23,90.86000061035156,92.66000366210938,90.45999908447266,90.5199966430664,1040200.0,0.3867356135136036,0.4488098153123945,0.5311248140171022,0.8390914699717965,0.2710790302344168,0.5840584017931905,0.28249848269160094,0.8927486030831118,0,-1,-0.23415126056114632,0.08826464944130603,0.2563561276354427
2020-04-24,91.30999755859376,93.16999816894533,89.43000030517578,92.73999786376952,1782400.0,0.38774418151625384,0.44472557651499456,0.5722045431851803,0.8391878101034819,0.2692317325000131,0.5903005291047266,0.2548586161113493,0.8971248482039078,0,-1,-0.23795848115707222,0.08285462083669311,0.24403452039872758
2020-04-27,93.3499984741211,96.63999938964844,93.1500015258789,96.0,1764600.0,0.39146708887703546,0.4413528395811095,0.6287808633991766,0.839303328884441,0.2959646008466152,0.6489649785385974,0.23730917729922876,0.9014573897995972,0,-1,-0.2542592449235609,0.05887426364289052,0.19484580667521872
2020-04-28,97.5,99.08999633789062,90.94000244140624,91.48999786376952,3226900.0,0.3933522336828002,0.437400973003247,0.5398649215957326,0.8394632809253849,0.25563751857032263,0.6132600495663637,0.22922687749001067,0.8935345299587664,0,-1,-0.2888542016347249,0.016562461853027344,0.12020834287007649
2020-04-29,93.29000091552734,97.37000274658205,92.86000061035156,95.87999725341795,2614900.0,0.3975083516687851,0.4341675020507082,0.6142607644927962,0.8396330262985102,0.28504052166352484,0.636043402598786,0.2217218848100224,0.8999547742172772,0,-1,-0.25707732890629975,0.06339485799310646,0.06853204491711296
2020-04-30,94.19000244140624,94.19000244140624,90.52999877929688,90.83000183105467,2266300.0,0.40121095308842863,0.4302115000573611,0.5232888046890715,0.8397398636269021,0.28304084606889607,0.5556518830135142,0.20418383967210676,0.8943904315796761,0,-1,-0.25469343447931003,0.05110548640852942,0.07759694435897052
2020-05-01,89.19999694824219,89.33999633789062,86.69000244140625,88.0,1730000.0,0.40367145527164044,0.42588733667779943,0.4774487672038812,0.8398041903901933,0.26982655171141107,0.43928887333456434,0.18682905746572456,0.8901428417799807,0,0,-0.19453922506587423,0.10888472080011627,0.15413409355688718
2020-05-04,86.69999694824219,87.08000183105469,85.19000244140625,86.83000183105469,2777000.0,0.40583751097979576,0.42146389387058436,0.4588224996437613,0.8398959719753422,0.3152156640067218,0.3653731392990875,0.17614445354647465,0.8833246008124926,0,0,-0.172386342828924,0.14079544760964133,0.20522733168168517
2020-05-05,88.16000366210938,89.72000122070312,87.7699966430664,88.2699966430664,1983700.0,0.40639256241610483,0.4177409216455894,0.48736347919253553,0.8399714788899334,0.2878319608512782,0.4276408734270949,0.15516367256842165,0.8881950886076695,0,0,-0.14442013878942958,0.12587806570645663,0.19244499288374253
2020-05-06,89.55000305175781,91.55999755859376,88.31999969482422,88.80000305175781,1758700.0,0.4056175230650971,0.41486871831745653,0.49813958731371577,0.8400416362994348,0.2735572137084957,0.4659466521439205,0.13985946438188931,0.892513144203464,0,0,-0.1334542523698705,0.10807741757042626,0.16846035666362008
2020-05-07,89.93000030517578,90.94000244140624,89.5199966430664,90.36000061035156,1680700.0,0.4046055698782109,0.4122860792853119,0.5304575274678209,0.8401178145215152,0.2665304097056715,0.49364787605695687,0.1256484139229664,0.8966396899701391,0,0,-0.13423420900107,0.10315310493149268,0.15529279776589341
2020-05-08,91.54000091552734,92.70999908447266,90.87000274658205,91.9800033569336,1818800.0,0.4028490362520239,0.4106852021964048,0.5636025874252812,0.8402105056771821,0.2633462114035792,0.556656107141021,0.11954941156447077,0.9011053063445241,0,0,-0.14973438122959562,0.08355461898368292,0.13424078321695343
2020-05-11,90.8000030517578,91.08000183105467,89.61000061035156,90.41999816894533,1600400.0,0.40174570116573877,0.4087506356863295,0.5298003094475631,0.8402832789578679,0.27838619170973056,0.5085102013584297,0.10786885978314917,0.8971759174916729,0,0,-0.1390519726977505,0.09012821247639055,0.14013914893684085
2020-05-12,90.93000030517578,91.58000183105467,87.5999984741211,87.62999725341797,1668700.0,0.39999931792798177,0.4063127782761786,0.47233163885243823,0.8403428294441974,0.2748514842697677,0.45939631839752026,0.09268148103276821,0.8930788347756314,0,0,-0.14288872407191305,0.0902454788537851,0.12110149491247105
2020-05-13,87.01000213623047,87.4800033569336,83.5999984741211,84.23999786376953,1488800.0,0.3985643045043223,0.4035343376830507,0.40930487768767343,0.8403782836578119,0.27263938609503835,0.3320908756341005,0.094458449793348,0.8894234522936739,0,0,-0.10270455645425641,0.13785227182794396,0.17984702728290028
2020-05-14,82.63999938964844,86.02999877929688,81.43000030517578,85.97000122070312,2149700.0,0.397572657258574,0.40050218393214276,0.45145785124079285,0.8404424356282177,0.2850518278919281,0.3322425223496557,0.10359010629197166,0.8947015122892839,0,0,-0.05496198208486977,0.19527537233375342,0.23148148735158838
2020-05-15,85.31999969482422,86.93000030517578,84.5999984741211,86.91999816894531,1889300.0,0.3954099867346547,0.39833320742855227,0.47453419400433117,0.8405050417163641,0.30009038268848587,0.4049307482419611,0.10746912426393967,0.899340224086142,0,0,-0.05990463478833467,0.16017211175460985,0.2165872104477531
2020-05-18,90.86000061035156,92.62999725341795,89.94999694824219,91.8499984741211,1601800.0,0.3956638213274352,0.39700948418117643,0.5831798494558811,0.8405856604093113,0.31376592332155206,0.5802225039483985,0.09382448882613939,0.9032730502949005,0,0,-0.1084905718341918,0.09468472044307367,0.17487341542159443
2020-05-19,91.30999755859376,94.19000244140624,90.3499984741211,93.22000122070312,2714200.0,0.3974271253220942,0.396431733710361,0.6102650488086402,0.8407351293000079,0.34475426402705345,0.6088268221135423,0.08697004979750136,0.9099371012974053,0,0,-0.10756665669626211,0.08470330874843607,0.16374524948701963
2020-05-20,94.63999938964844,96.31999969482422,94.63999938964844,95.98999786376952,2277700.0,0.39943072575472877,0.3956057846704123,0.6625909152650602,0.8408824487558527,0.35945494424443525,0.6840892581249569,0.0881946581622241,0.9155294338331085,0,0,-0.14170777635152898,0.04773650386151135,0.15479510959254353
2020-05-21,95.5999984741211,96.44000244140624,94.61000061035156,95.08999633789062,3132800.0,0.400977424436786,0.39534655481998393,0.6394978250825382,0.8410750317748387,0.3531292729833277,0.6597547513651274,0.08975970440495942,0.9078376134143304,0,0,-0.14761952791222677,0.03635793250795349,0.14876548699962736
2020-05-22,95.13999938964844,96.23999786376952,94.4800033569336,96.18000030517578,1046400.0,0.4021416799286241,0.3962124904136256,0.6610069175219413,0.8411432807181981,0.34815935069996184,0.6531225847199386,0.09055119326362346,0.9104067914295914,0,0,-0.1441791945785323,0.04153956357518785,0.1396571594356576
2020-05-26,99.72000122070312,101.33999633789062,99.20999908447266,100.0,1696800.0,0.4034954644234538,0.3970136185446602,0.7307525523483838,0.8412764777335165,0.328709688774222,0.7462177597148052,0.10884074870618987,0.9145728667892001,0,0,-0.19016428423262435,0.016843367769258807,0.07018091056958292
2020-05-27,102.61000061035156,104.29000091552734,101.7300033569336,102.3499984741211,1998600.0,0.40717098953348746,0.3997617236402272,0.7689940218364844,0.8414496127490164,0.3507261307295675,0.7652327010926424,0.13409509863972782,0.9194799378722471,0,-1,-0.2118000030517578,0.016800003051757814,0.024700012207031108
2020-05-28,103.16000366210938,103.18000030517578,100.91999816894533,102.63999938964844,2030300.0,0.40945888605274844,0.4025222381382506,0.773684273993749,0.8416274062384058,0.3528889479941229,0.7266333324841996,0.15307789113616813,0.9244648405140516,0,-1,-0.21231073454708418,0.011040520471562931,0.03790910904995289
2020-05-29,102.0,102.44000244140624,100.55999755859376,101.66999816894533,2772600.0,0.41312764079431014,0.4064865141185694,0.7424943344240623,0.8418606172989328,0.3828495147129922,0.6828971128706279,0.168650397951535,0.9176574026651293,0,-1,-0.20040919541255148,0.022310998919961973,0.07190176634161448
2020-06-01,101.73999786376952,103.55999755859376,101.16000366210938,103.37000274658205,1659800.0,0.4183295586452633,0.4101832883654897,0.7731289034982087,0.8420099237084234,0.4005616980895329,0.6764813442042348,0.18665317877469875,0.9217326336186175,0,0,-0.1997639217504908,0.025081175348508213,0.09816075082788737
2020-06-02,103.79000091552734,107.94000244140624,103.76000213623048,107.5199966430664,2752200.0,0.42533200718891523,0.4140165702474323,0.8393512283412913,0.842296997401779,0.40252191965931045,0.7033121301093042,0.21557936504062444,0.9284899842814625,0,-1,-0.21631034164880972,0.04014705829168717,0.11444327674109367
2020-06-03,109.16000366210938,112.76000213623048,108.5199966430664,111.68000030517578,2728800.0,0.43325503218433264,0.41941901665156056,0.8940339483782017,0.8426207771463735,0.43134321911517093,0.7314413562083872,0.2529548495525441,0.9351898819955716,0,-1,-0.2579055452260545,0.03348212971092256,0.05673361853210657
2020-06-04,110.05999755859376,111.6999969482422,109.48999786376952,111.12000274658205,1710500.0,0.4408091495621966,0.42342741670505857,0.8747611950517987,0.8428202303634115,0.45697881310655625,0.6984973687749847,0.2876606565993267,0.930990169653156,0,-1,-0.2563574245628931,0.024176258687846616,0.016296558827461276
2020-06-05,114.5,116.4499969482422,113.61000061035156,113.9499969482422,2057200.0,0.4487930923810279,0.42732136958212275,0.910429634899473,0.8430801525886803,0.4335678069099011,0.7098771630536406,0.328641790918334,0.9360411186334644,0,-1,-0.29760618140230766,0.01754856821493538,-0.04598632545038109
2020-06-08,114.86000061035156,116.37999725341795,112.6500015258789,113.4000015258789,1522500.0,0.4560426077311273,0.4305810385127361,0.8904394560103329,0.8432694763187524,0.4174901659054665,0.6815403338518331,0.3607497967533765,0.9323029940843104,0,-1,-0.2933742975031424,0.013953456607926365,-0.04124613491983678
2020-06-09,111.88999938964844,112.16999816894533,109.72000122070312,111.41999816894533,1559500.0,0.4631499763289831,0.4342240355263436,0.8192213579093043,0.8434525688039217,0.4230092124724559,0.6402616984575158,0.37334783551717965,0.9284740251290358,0,-1,-0.2686066902523049,0.04021161814140833,-0.0018518437535005902
2020-06-10,111.33000183105467,111.62999725341795,108.33000183105467,109.04000091552734,1826200.0,0.47039610907698565,0.43741200323254104,0.7396137460805216,0.8436517536073648,0.4305508180904908,0.6185358369919205,0.3774092769643186,0.9239902398734267,0,-1,-0.26835399405178356,0.045952209669076795,-0.00448752475513286
2020-06-11,105.7699966430664,105.7699966430664,99.3000030517578,99.55999755859376,2452500.0,0.47558110358889766,0.43961269335485353,0.5026836988866737,0.8438384052486506,0.41482474196944435,0.5303789231312626,0.34226539601926265,0.917968728900159,0,-1,-0.2232208009310884,0.09794570997343928,0.04392884148302735
2020-06-12,102.58999633789062,104.37000274658205,100.16999816894533,101.62999725341795,1224600.0,0.4808811685434436,0.4426103751407152,0.5459751704771644,0.8439403273901475,0.38398089653079925,0.5257965633914051,0.30963179228456805,0.9209754332173307,0,-1,-0.21253512004418854,0.13921254469893482,0.07673771802321125
2020-06-15,98.97000122070312,103.70999908447266,98.41000366210938,103.1999969482422,1068700.0,0.4863910710242581,0.4457087144753915,0.5779443263908562,0.8440350503735529,0.3713517746103303,0.5103179962218326,0.28226054901448594,0.9235993634016859,0,0,-0.1725868482687325,0.17199642034774532,0.09455870186032451
2020-06-16,106.45999908447266,107.83000183105467,103.73999786376952,104.76000213623048,816600.0,0.4907604117207475,0.44906352636617264,0.6092348459927699,0.8441118171915553,0.35786425982117337,0.5536441610597872,0.26209938414228073,0.925604323997311,0,-1,-0.24253875503358927,0.09680230774405758,0.03827523928724301
2020-06-17,105.58000183105467,106.3000030517578,104.16999816894533,104.87000274658205,848300.0,0.4947033095783668,0.4515786016933877,0.6114985819611418,0.8441918617128973,0.33743754016034827,0.5401566074907908,0.24337830247523287,0.9276871161516934,0,-1,-0.23052692853589385,0.10376092874694798,0.02500949850860515
2020-06-18,104.26000213623048,105.54000091552734,103.93000030517578,104.41999816894533,876300.0,0.4975564105045059,0.45341664712213403,0.599526389341431,0.8442731545393486,0.3158593293171138,0.5244246479388649,0.22497881594400768,0.9255355768791655,0,-1,-0.21769811417115448,0.1162391007223371,0.032325729959599064
2020-06-19,107.36000061035156,107.61000061035156,102.87999725341795,103.72000122070312,1809100.0,0.5004772022046697,0.45484654461097285,0.5802298138966174,0.8444365087682181,0.3198959078550646,0.5167899333520987,0.21545816731138676,0.9210937764707094,0,-1,-0.24832408312460022,0.08705225528910246,0.00019150204383300854
2020-06-22,103.26000213623048,104.4000015258789,101.88999938964844,103.66999816894533,856400.0,0.5030121629482396,0.45574281570217534,0.5787831864429959,0.8445136500180962,0.3121837573376507,0.47787027741331345,0.20201416902972977,0.9189910967571493,0,-1,-0.2104705126700028,0.12716925045098165,0.04367526731567996
2020-06-23,105.11000061035156,105.51000213623048,103.4800033569336,103.69000244140624,1097900.0,0.5042610299710044,0.4571230734771874,0.5793384231849494,0.8446125833537278,0.3067746429954241,0.4912442885618831,0.19379206250598427,0.9216867203647132,0,-1,-0.2284170996760874,0.10938551691117489,0.06318127874453736
2020-06-24,102.41999816894533,102.94000244140624,100.4000015258789,101.87999725341795,1239400.0,0.5041019598797196,0.4583764736213086,0.5230226758685195,0.8447164526902552,0.32222222621888325,0.4388534829002997,0.17185919479296843,0.9186436782850932,0,-1,-0.20243029578122249,0.1353071506312774,0.08699010570047953
2020-06-25,101.7300033569336,102.9000015258789,100.13999938964844,102.7699966430664,899600.0,0.5041459569462314,0.46034689021759145,0.550694897948409,0.844794584166836,0.3191561984665886,0.4437130593924322,0.15033740699876438,0.9208524249809349,0,0,-0.1992540596684868,0.1444836473119827,0.11758928200341258
2020-06-26,102.23999786376952,103.1999969482422,101.19000244140624,102.13999938964844,3616700.0,0.5043050270375162,0.4621725251918807,0.5301423972030453,0.8451005463619455,0.3104119252888421,0.44773961993872585,0.1317443890415844,0.9119725070453519,0,0,-0.1716454214834164,0.1382699187373321,0.13136129649675146
2020-06-29,103.3000030517578,104.9800033569336,102.5500030517578,103.94000244140624,1218800.0,0.5044979412247439,0.46363827381892786,0.587942676187644,0.8452111417347584,0.2951395396268456,0.48180264409243956,0.12267484112075625,0.9149649708880506,0,0,-0.13070301726346584,0.12874480100904634,0.17221457257687559
2020-06-30,105.2300033569336,106.9800033569336,104.0999984741211,106.05999755859376,1259300.0,0.5040038101939879,0.46570107608105527,0.6496824586151403,0.8453345851309061,0.27332891309670926,0.5240966192365716,0.12279847577947675,0.9180568725266383,0,0,-0.14315955871947142,0.10794682824481959,0.15162588163032087
2020-07-01,106.16999816894533,107.0199966430664,105.0999984741211,106.3499984741211,1382400.0,0.502199891734914,0.4682299389318878,0.6578684860114017,0.8454714117073722,0.26181259941898277,0.5402122692561065,0.12308309321754426,0.9214510159596434,0,0,-0.11022058345375214,0.09692625887170703,0.11917782086186982
2020-07-02,108.11000061035156,110.12000274658205,107.80999755859376,109.06999969482422,1395400.0,0.501506076148458,0.4708498082754028,0.7301243493097764,0.845622562792005,0.2532373167333234,0.6149617598940973,0.1358067073109325,0.9248770776975018,1,0,-0.1281617061492921,0.07842027698684048,0.1022097122947031
2020-07-06,110.8499984741211,111.8499984741211,107.8499984741211,109.87999725341795,1606100.0,0.5001286005282544,0.47351931733274444,0.7499090996688619,0.8458009292290404,0.2731018006926906,0.6554197220670713,0.15377155495087733,0.928820461499404,0,0,-0.15008705567975095,0.05134316026212338,0.07398917866878095
2020-07-07,108.88999938964844,109.2699966430664,107.47000122070312,108.41999816894533,1641800.0,0.49844313769605036,0.4756813990225254,0.6877281540035192,0.8459748707216886,0.2856232567417262,0.6350586689456666,0.16794374635965478,0.9247894251218665,0,0,-0.09537673816435292,0.06880230931529807,0.08918823531780673
2020-07-08,108.18000030517578,109.11000061035156,105.19000244140624,106.47000122070312,1314700.0,0.4967678304165542,0.47712508508698237,0.6111561174019612,0.8461052295122241,0.2723593500632346,0.6014664373830965,0.1666049653763154,0.9215615023995198,0,0,-0.09011249592388225,0.07627740991269626,0.0964766580070715
2020-07-09,106.5,106.5,103.58000183105467,105.08000183105467,1326000.0,0.4954275840765295,0.47899898165393706,0.5606532453722399,0.8462302818490869,0.28582189121220986,0.5448845983074122,0.15599943413474812,0.9183058353044932,0,0,-0.07598380994775007,0.09345352525747339,0.11026578124511818
2020-07-10,105.5199966430664,107.0999984741211,104.87000274658205,107.04000091552734,738500.0,0.49795916221800224,0.48053781067856205,0.6224147429814821,0.8463048945424493,0.3227588930914756,0.5890813131944915,0.14900377600651563,0.920119040545577,0,0,-0.06766266517951078,0.10401598891051421,0.12095552428997916
2020-07-13,108.31999969482422,110.81999969482422,107.76000213623048,109.37999725341795,1926900.0,0.5005821196767346,0.4830956298537933,0.687917570880616,0.846515025461457,0.3288424917835587,0.6915244501689621,0.15836831004476812,0.9248500699010875,0,0,-0.09258217440165668,0.07595288848917262,0.11920779173292659
2020-07-14,108.98999786376952,112.23999786376952,108.13999938964844,111.72000122070312,1602300.0,0.5034656820967198,0.4863663300657016,0.7454124476618581,0.8467025668563332,0.33300413423580694,0.716906491039452,0.17232146863607015,0.9287841237369557,0,0,-0.09672695618329369,0.06820258979517912,0.09901263579265888
2020-07-15,113.56999969482422,116.18000030517578,112.94000244140624,115.62000274658205,1532100.0,0.5071412072067534,0.49033612168666785,0.8250103972360711,0.8469023788349209,0.35065624035720905,0.7945138690983441,0.19796351115779107,0.9325458187266167,0,0,-0.13569634682303874,0.025778707679465038,0.057107028139162685
2020-07-16,115.2300033569336,115.91000366210938,113.3499984741211,115.26000213623048,1919400.0,0.5106576622255024,0.49405771579050173,0.8100518675064897,0.8471501543663665,0.36610336893604783,0.7399851779853774,0.22177397921367478,0.9278332037777522,0,0,-0.14547655505328597,0.01055175196615945,0.04808854373390952
2020-07-17,118.80999755859376,119.02999877929688,110.55999755859376,111.87999725341795,5558100.0,0.513182469998503,0.4972401668040508,0.6799135408963816,0.8478019593413267,0.32255647477599736,0.6854707545096748,0.2526872843074881,0.9141866553004764,0,0,-0.17699109420779643,0.0019087386484956195,0.028717726241893102
2020-07-20,112.83999633789062,112.91000366210938,109.13999938964844,109.38999938964844,2061200.0,0.5151014589002108,0.4998641726150512,0.5980311207767913,0.8480256671227772,0.3147882380144674,0.5993391807876857,0.2716444609133012,0.9091258853032901,0,0,-0.12897741356836162,0.05532715939727237,0.0675724470287947
2020-07-21,109.91999816894533,111.41000366210938,109.75,110.16000366210938,1545200.0,0.5172979761022121,0.5023709739552946,0.6184254013068156,0.8481973481826431,0.3005324026630769,0.5913048231599003,0.28924755347584175,0.9129197441232262,0,0,-0.10521980593342192,0.08328001335754305,0.12871379385332607
2020-07-22,109.76000213623048,112.01000213623048,109.4800033569336,111.68000030517578,1935600.0,0.5200021599076352,0.5053024701573879,0.6580088675849602,0.8484223768909241,0.3293078217446292,0.59868026832481,0.30756581492990265,0.9176721341904461,0,0,-0.10303193624552368,0.08415029352667767,0.1472403838189245
2020-07-23,111.4800033569336,112.33000183105467,110.1999969482422,110.83000183105467,1187100.0,0.5230312542641,0.5085014691448805,0.6279852764001461,0.8485568354485394,0.3206829308830366,0.5937847348195964,0.3256630797951352,0.9147575019065048,0,0,-0.11703079923987512,0.06760382702124132,0.10127146783388387
2020-07-24,110.6500015258789,111.66999816894533,110.06999969482422,110.55999755859376,957000.0,0.5256677498776374,0.5121306775828697,0.6181833228285553,0.8486642987778671,0.30585775258848735,0.5784785602067023,0.3413654748150011,0.9124078236184652,0,0,-0.11043939061218956,0.0756112705492159,0.10791300989694158
2020-07-27,110.58999633789062,111.58000183105467,109.6500015258789,110.2300033569336,1428900.0,0.5284057803611428,0.515475837365518,0.6056244091427233,0.8488230591323053,0.3012046585457872,0.5629155404782561,0.35221832559791266,0.9088995108642544,0,0,-0.11016636165649504,0.07633866342058555,0.09406658606669357
2020-07-28,109.8499984741211,110.58000183105467,108.3499984741211,108.58000183105467,1237300.0,0.5299761701685741,0.5184624889220856,0.5440204993818915,0.8489534484196076,0.28673052651706193,0.5096245301634676,0.3509580072700653,0.9058616248184953,0,0,-0.08808853115091451,0.08328041391280924,0.1405243345009405
2020-07-29,109.79000091552734,110.55999755859376,108.38999938964844,110.41000366210938,1364200.0,0.5314484128724126,0.5210216883224797,0.6052191513373176,0.8491057122426863,0.2957437912816376,0.5241036510377841,0.3497877116799214,0.909211082624706,0,0,-0.08887457508882575,0.08509852374239714,0.14689626707742748
2020-07-30,108.5500030517578,108.94000244140624,107.58000183105467,108.1999969482422,1112100.0,0.5320745376848435,0.5230872478789306,0.5259341092626463,0.8492213408685724,0.2892953282765912,0.45294539585946436,0.34141488935109554,0.9064805944072254,0,0,-0.07617066735951496,0.094918896657329,0.16801009697574446
2020-07-31,108.5500030517578,108.5500030517578,105.94000244140624,107.6500015258789,1293500.0,0.5315939448088922,0.5246950208336482,0.5072248538427132,0.8493533262789538,0.2927284630043987,0.4242118197368775,0.31988364406933545,0.9033047230743317,0,0,-0.0777264685703486,0.09685763422481625,0.20018488237546364
2020-08-03,107.83999633789062,108.77999877929688,107.05999755859376,107.37999725341795,1185400.0,0.5307478294996237,0.5263896627615618,0.49771053997402914,0.849473125629915,0.28312069564492776,0.4479126389483705,0.30140168028179504,0.9003942647225636,0,0,-0.0715280709623689,0.10394800076910532,0.20510916412524793
2020-08-04,107.11000061035156,108.4499969482422,106.93000030517578,107.79000091552734,1210900.0,0.5305346093712582,0.5279905409024698,0.5143735131594871,0.8495971492913191,0.28397246491528383,0.4498734450555393,0.2831040805894093,0.9033673320569284,0,0,-0.06490967963291941,0.1110076222186334,0.20422791242978178
2020-08-05,108.41000366210938,112.55999755859376,108.41000366210938,111.66000366210938,2123800.0,0.5322911455795842,0.5295983138571874,0.6508976602830471,0.8498427237633769,0.3047126031778179,0.5649448546603152,0.290271042629651,0.908581800968254,0,0,-0.07672329717245256,0.09852486341019848,0.1933388640957752
2020-08-06,111.75,112.43000030517578,110.4000015258789,111.44000244140624,1516300.0,0.5344436631329346,0.5308517150533094,0.6416400957285963,0.8500167872896879,0.3047253562889072,0.580473172462588,0.2969260788098753,0.9048588989952608,0,0,-0.10397635885347271,0.06519790919339961,0.1255597007276827
2020-08-07,110.55999755859376,113.7300033569336,110.44000244140624,113.70999908447266,1548500.0,0.5367010981583495,0.5323781336234774,0.7102411602816132,0.8502064911413924,0.3151145291017168,0.6289535837508875,0.3095054142657129,0.9086608601541212,0,0,-0.08408107422748985,0.07600503441442881,0.08542717214553552
2020-08-10,113.54000091552734,115.91999816894533,113.5,115.73999786376952,841000.0,0.5388536157116999,0.5343182157742004,0.7638100186046181,0.850315324070351,0.322648451177641,0.7156738847237685,0.3306503594009841,0.9107257289527014,0,0,-0.09664935319896817,0.04828069569933892,0.06402250319155067
2020-08-11,119.5500030517578,123.5999984741211,119.45999908447266,120.88999938964844,3354300.0,0.5419571660463836,0.5367340106217611,0.8697260594971866,0.8508082147001031,0.2947290667143858,0.8546405788688549,0.3719971645734622,0.9189613881810936,0,0,-0.13798169617646303,0.03499218504505502,-0.01062729721475666
2020-08-12,122.11000061035156,122.47000122070312,119.1500015258789,120.98999786376952,1581100.0,0.5437746200781233,0.5385913602667732,0.871485414671295,0.8510408683353948,0.2843381648252794,0.7853544843926267,0.40775522364643446,0.9228433906275089,0,0,-0.15327983185417712,0.012325236754837115,-0.02613949605479066
2020-08-13,120.01000213623048,120.68000030517578,118.6500015258789,118.80999755859376,1084700.0,0.5449761022680013,0.5395745003311719,0.7737518878867736,0.8511923027259306,0.2611015737435878,0.7160644610534794,0.4365444861932032,0.9201801763756421,1,0,-0.13579635172549892,0.029671843964596316,0.00198361738992463
2020-08-14,118.33000183105467,119.9499969482422,117.66000366210938,118.9800033569336,871900.0,0.547379071812035,0.5406582989963861,0.7776048318106443,0.8513144900313271,0.31060215173524924,0.6797439383534973,0.45449971761751884,0.9223209125296041,0,0,-0.12414780155790942,0.04435650830198364,0.028701254968321408
2020-08-17,119.86000061035156,120.12999725341795,118.56999969482422,118.91999816894533,841700.0,0.5506044629578246,0.5413436018298257,0.7747840008623802,0.8514322336972132,0.3271543625972385,0.6624951898901551,0.47174406620537124,0.9202543250530703,0,0,-0.13682970516026774,0.031433835587899084,0.003950253886723574
2020-08-18,119.16000366210938,119.43000030517578,118.26000213623048,118.69000244140624,957400.0,0.5534914079799067,0.5420730287364445,0.7633080283031871,0.8515653630143557,0.3337590954791975,0.6367989079135695,0.4847824479392452,0.9179036646633428,0,0,-0.1310124627560182,0.0373359811669689,0.024554307214140408
2020-08-19,119.2300033569336,119.6999969482422,118.18000030517578,118.63999938964844,1104000.0,0.5558469926910536,0.5430685792553003,0.7606594894777583,0.8517186282475123,0.3104221541763741,0.6244321584456668,0.49788917497560814,0.9151930640050401,0,0,-0.13185610585529195,0.03681856118711294,0.021484500546894325
2020-08-20,117.68000030517578,118.6500015258789,117.3499984741211,118.23999786376952,736300.0,0.5583548771250133,0.544337147148202,0.7384232241547414,0.8518198035104493,0.3198838489258056,0.6025019745714881,0.5014880357493128,0.9133852603232391,0,0,-0.10797368193270096,0.049898838497986736,0.04711729911200895
2020-08-21,117.9800033569336,118.66000366210938,117.3000030517578,118.2300033569336,940800.0,0.5609507608562747,0.5469115142973766,0.7378388871635966,0.8519490056605658,0.328845309253726,0.5951598312330577,0.5043017940510996,0.9110753571535549,0,0,-0.10182680254611703,0.047530406112342716,0.0671515134934273
2020-08-24,119.16000366210938,121.16000366210938,118.77999877929688,121.08000183105467,736200.0,0.5646229007820724,0.5495934338091755,0.8249241653577549,0.8520572509585361,0.344559376730728,0.6237737675381234,0.5174852986379032,0.912882915309934,0,0,-0.11181595910804694,0.03755387537804156,0.045589099523038516
2020-08-25,121.52999877929688,121.70999908447266,119.2699966430664,119.81999969482422,850200.0,0.5684270344895448,0.5518851304241704,0.752001068184426,0.8521785580744295,0.3510005984776987,0.6149473038181216,0.5318067314858496,0.9107954581725346,0,0,-0.1287578138596634,0.017096132007930843,0.061199236455651035
2020-08-26,119.58000183105467,120.87999725341795,119.37000274658205,119.9499969482422,619900.0,0.5716558082374315,0.5539796463050201,0.7561420886475301,0.8522672564665023,0.33450489744636214,0.6050463250186233,0.545105204844657,0.9123174702631884,0,0,-0.11383741799690253,0.033550297557212144,0.1286096119292099
2020-08-27,120.94000244140624,121.54000091552734,120.0500030517578,120.79000091552734,941500.0,0.5759168462776201,0.5561748207866849,0.783275325806668,0.8524046336039569,0.3356528944151631,0.6125015828029339,0.5601328690422598,0.9146290921108262,0,0,-0.12505210822533344,0.022175874117467735,0.12455192014596547
2020-08-28,120.9499969482422,122.3000030517578,120.12000274658205,122.12000274658205,877000.0,0.5808141621008085,0.5586154365431599,0.8236612265997808,0.8525365404479129,0.33978832445594254,0.6233826144214403,0.5771038557961587,0.9167823500613076,0,0,-0.12426520732732653,0.021938914693213143,0.12501039812124493
2020-08-31,122.0999984741211,122.3000030517578,119.95999908447266,120.4000015258789,938100.0,0.5852207320774769,0.5609154060931258,0.719453469335143,0.8526720760632788,0.3417765251950135,0.6092054930654489,0.5906942912113444,0.9144790760780162,0,0,-0.13232882139913932,0.012283000051291619,0.09392407952937656
2020-09-01,119.94000244140624,124.0,119.5,124.0,1539700.0,0.5907069434329175,0.563718666543167,0.8242411272885489,0.852913355584736,0.3590358110418067,0.6567750925771874,0.6100590730754413,0.918259430999745,0,0,-0.11627906829378923,0.0337209095277387,0.12167768862806454
2020-09-02,123.6500015258789,126.3000030517578,123.5199966430664,125.9800033569336,1475400.0,0.5955534918211223,0.5667921870729309,0.8698709018805614,0.8531544002676995,0.3581993589751271,0.7467117333350093,0.6354811477574002,0.9218819130751617,0,0,-0.14282257326187636,0.02137098004741042,0.10556454812326739
2020-09-03,125.7699966430664,126.0500030517578,121.2300033569336,122.79000091552734,1486500.0,0.5993948548087735,0.5696754227343597,0.7115675533318525,0.8533809355586647,0.35117700674134017,0.6740475058054383,0.6320605841318172,0.9182321776779089,0,0,-0.1574058872301878,0.004207067745424234,0.09041122968358846
2020-09-04,123.77999877929688,124.80999755859376,121.9000015258789,122.61000061035156,1230100.0,0.6024070258261975,0.5724111184274706,0.7034243621351798,0.8535675441480591,0.3241757298652722,0.6606556748545394,0.6288843464794901,0.91521196946253,0,0,-0.1452886733844359,0.020522878521635857,0.08583767787552027
2020-09-08,121.6999969482422,121.9800033569336,119.38999938964844,120.98999786376952,1329400.0,0.6041838679756615,0.5750103043815575,0.63133517114024,0.8537617709661985,0.31913942898523084,0.5394173323740787,0.6005008342130747,0.9119479545031571,0,0,-0.1285375942287158,0.037517380969062916,0.10545638912164446
2020-09-09,122.63999938964844,126.06999969482422,122.52999877929688,125.33999633789062,1789700.0,0.6056899521933039,0.5779611037479159,0.7527487445671832,0.8540496443130497,0.3452546541190728,0.7204037157894703,0.5937914957965994,0.9163421229797554,0,0,-0.13802791340690668,0.03025046472213675,0.09414000818871966
2020-09-10,125.75,127.41000366210938,125.37000274658205,125.73999786376952,1723200.0,0.6072975712809141,0.5806747368784367,0.7623707928721714,0.8543289858616042,0.3293807406707205,0.7389059028392383,0.5927150952138855,0.9205730170507583,0,0,-0.1580500888574316,0.013244005988594012,0.06342745476719694
2020-09-11,125.94000244140624,127.5999984741211,125.08999633789062,127.0999984741211,1263200.0,0.6101032899563053,0.5835359099772756,0.7948294251007627,0.8545394979278521,0.3503070669564962,0.7157327807583684,0.5891293970809796,0.9236744941808019,0,0,-0.1590583771256987,0.013201813749936177,0.06624782863508297
2020-09-14,128.0,131.0500030517578,127.63999938964844,130.2100067138672,1779900.0,0.6139040410616805,0.5864508603094273,0.8599146447928182,0.8548548080370021,0.3599314533571142,0.7643652038671694,0.5980448780182014,0.9280446011660493,0,0,-0.1657749799195654,0.023996877170528255,0.026199857364535777
2020-09-15,130.61000061035156,131.08999633789062,128.8800048828125,129.9199981689453,1411000.0,0.6176269484224624,0.5892141331537748,0.8458441567847242,0.8551032217335778,0.3646953965136345,0.7329481007628015,0.6064510047942568,0.9245802374623671,0,0,-0.18186006515775638,0.003686319812530534,-0.02472929156496387
2020-09-16,130.05999755859375,131.0,129.0,129.0399932861328,1325100.0,0.6211298627042672,0.592057380157509,0.80232839584025,0.855332419658397,0.35196147541759326,0.6972764022921377,0.6142566939434512,0.9213267800961379,0,0,-0.16664096522177568,0.007927946380952728,-0.03733065380600033
2020-09-17,127.9800033569336,130.0,127.11000061035156,129.25,1115800.0,0.624720776283374,0.5951984654442031,0.8073909348000753,0.8555261240185129,0.36412046309680657,0.6567159456633282,0.6029151605546552,0.9240663527542304,0,0,-0.13623684706858946,0.024101000796403826,0.0009299655364669587
2020-09-18,128.6199951171875,129.27000427246094,125.37000274658205,125.7699966430664,1916800.0,0.6272692751817486,0.5980513645560701,0.6469395053959512,0.8558359871711431,0.34167087812776065,0.5998161402137646,0.5773212526060169,0.9193601214663367,0,0,-0.1406575835650388,0.019110260895188587,0.008510685520430368
2020-09-21,123.56999969482422,123.88999938964844,118.8000030517578,120.08000183105467,1441500.0,0.6278953999941794,0.5998494223791226,0.4603493965445402,0.8560409565810293,0.32838745846439454,0.44847897660621855,0.5394480557725012,0.9158208725089604,0,0,-0.08006678829294037,0.0597916581361456,0.09231130866534121
2020-09-22,119.77999877929688,121.19000244140624,119.33999633789062,120.81999969482422,1362100.0,0.6278074032790166,0.6014268598362793,0.4846984710195055,0.856237961773514,0.33001979302338114,0.4360621565276067,0.5042800872842367,0.9191651742813102,0,0,-0.020652862172906038,0.09418718675992556,0.14223852074124066
2020-09-23,120.36000061035156,121.1500015258789,117.76000213623048,118.31999969482422,1795900.0,0.6272997340934556,0.6023369195031002,0.417042205912048,0.8564822849083703,0.32082159674781724,0.40455244887477754,0.4793183835407515,0.9147557832285512,0,0,-0.02532691248405003,0.08880976456415868,0.10304582833710708
2020-09-24,118.6500015258789,120.08999633789062,116.9499969482422,118.9499969482422,1066600.0,0.6269612879697481,0.6027960852779954,0.43931009727545844,0.8566295962883302,0.32627076538518074,0.39856818894279944,0.4599430209841455,0.9173745573790455,0,0,-0.014367854817625304,0.1051385635910874,0.16573692555388714
2020-09-25,118.25,120.72000122070312,118.02999877929688,120.25,789600.0,0.6267785267530894,0.6034841454057585,0.484934745787552,0.8567421014794004,0.3327725348271054,0.4264095254364873,0.43747938798166663,0.9193132261107446,0,0,-0.010928987684829103,0.10794448648433,0.17242534706209614
2020-09-28,122.37999725341795,123.62999725341795,121.62999725341795,121.73999786376952,1094300.0,0.6266499155735117,0.6048437197913427,0.5349026435397405,0.8569035075177095,0.3114404733834486,0.48981477612648855,0.3978678901467986,0.9220000108031184,0,0,-0.045155927693769256,0.07243242481889954,0.16207898431409185
2020-09-29,122.1999969482422,122.7699966430664,120.29000091552734,120.33000183105467,687800.0,0.6266262244481378,0.6063522133184068,0.4901801707884599,0.8570016259896208,0.3104364068424889,0.4596659339816537,0.36848935920223613,0.9203112869509621,0,0,-0.04312469272321573,0.07302447466441213,0.16937744979304928
2020-09-30,121.12000274658205,123.5999984741211,120.19000244140624,122.08000183105467,1477400.0,0.6259764085103328,0.6079958363593317,0.5490674651957169,0.8572210825587924,0.2931892846726195,0.48112297745335997,0.33605430723883045,0.9239386795348177,0,0,-0.034654747235810746,0.08285542624113491,0.17892454767956203
2020-10-01,122.41000366210938,124.01000213623048,121.1999969482422,121.77999877929688,1409100.0,0.6245549332414784,0.6093885035368002,0.5387937544348042,0.857428843318287,0.26864326135299677,0.49370674695806044,0.3033543691047922,0.9204789808141524,1,0,-0.04472482496701813,0.07110085636952568,0.1430208977162438
2020-10-02,120.19000244140624,123.87999725341795,120.0,123.2699966430664,1356200.0,0.62471738593486,0.6111038278021409,0.5890461575481332,0.8576355612465355,0.28682384638807945,0.4966243948506868,0.2803361127920714,0.9238087965866073,0,0,-0.026605399290863262,0.08950561673299537,0.1858269429270163
2020-10-05,124.1999969482422,126.48999786376952,124.1999969482422,125.91999816894533,1459600.0,0.6258376417780471,0.6132217854187426,0.668606878670083,0.8578710516117035,0.3038638912856497,0.5694938612113809,0.2581426983985089,0.9273924856453561,0,0,-0.058813987161796456,0.05589356353759556,0.16281340042810505
2020-10-06,127.0,129.0399932861328,124.37000274658205,124.5500030517578,1714800.0,0.6270425117343001,0.6151963395345117,0.6159298155398139,0.8581395768779251,0.2801610997261691,0.5746812344805797,0.25082096430478973,0.9231822157097967,0,0,-0.07981260481177764,0.0324809116690355,0.12920905740986172
2020-10-07,126.55999755859376,129.67999267578125,126.4499969482422,128.94000244140625,1383400.0,0.6282609198453579,0.6180037364520385,0.7305472508733297,0.8583766844782202,0.2763845182166349,0.6221941872645818,0.24710391172333226,0.9265788143970214,0,0,-0.07715777097458637,0.03637092467524374,0.13038944275589762
2020-10-08,132.22999572753906,136.50999450683594,131.3000030517578,134.99000549316406,3161300.0,0.6313915490717905,0.621393020307866,0.8431067622216871,0.8589828983721403,0.3065782260461332,0.7250189063007288,0.26915394357213385,0.9343406095610545,0,0,-0.11850471917154257,0.03319372342374369,0.08523348289960063
2020-10-09,135.4600067138672,137.0,133.4499969482422,135.8800048828125,2083700.0,0.6343631082069385,0.6252097573718677,0.8568931196333912,0.8593883596599442,0.30669060681034815,0.7183075032794559,0.29106326097668966,0.939456622778179,0,0,-0.1371213350055189,0.011408202262876404,0.056152205821263394
2020-10-12,136.35000610351562,137.0800018310547,134.50999450683594,136.0500030517578,1312100.0,0.636339632329963,0.6291257728115219,0.8596235891530729,0.859644269318189,0.29865564708406167,0.7076138726458366,0.3116540467471697,0.942678161839555,0,0,-0.14277309727803325,0.005372355764695736,0.06203997919378616
2020-10-13,135.22000122070312,135.99000549316406,133.1199951171875,133.57000732421875,1322200.0,0.6375749637800618,0.6327370572584082,0.762289839467982,0.8598909121538915,0.28834584549563563,0.6688032865603798,0.32028854299872767,0.9394318247105623,0,0,-0.13428889277944686,0.013671448501503952,0.09342147129715854
2020-10-14,133.8000030517578,135.72000122070312,133.8000030517578,134.58999633789062,946300.0,0.6394533407994938,0.6364324512801658,0.782551940098953,0.8600706282170042,0.30215616770574183,0.6647442072536094,0.32830628951803154,0.9417552317784535,0,0,-0.12615112060760056,0.024556401882461748,0.0965036960607491
2020-10-15,132.55999755859375,137.2899932861328,132.5,136.74000549316406,1261800.0,0.6419883041252024,0.6398906790660858,0.8232114504899674,0.8603193487187893,0.3075998358254155,0.6616639186547851,0.341761153036496,0.9448532715525898,0,0,-0.11598187855776709,0.03514373918002288,0.11308419373526868
2020-10-16,137.33999633789062,138.38999938964844,136.0800018310547,137.16000366210938,1281300.0,0.6458432078497978,0.6434371549983641,0.8309452772311029,0.8605736134376302,0.3256099679728634,0.6633401454085217,0.35823905080835994,0.9479991887840058,0,0,-0.14911509851202812,0.007678828503559659,0.06896305072213661
2020-10-19,137.19000244140625,138.39999389648438,134.32000732421875,134.32000732421875,1490400.0,0.6506626825105313,0.6462790249329379,0.717824771222089,0.8608548921850757,0.31593361092029604,0.6305980266202564,0.35918593992758285,0.944339877895297,0,0,-0.14756492383176698,0.008821751405452802,0.08690578777111994
2020-10-20,135.55999755859375,137.69000244140625,133.61000061035156,134.6300048828125,1684300.0,0.6553366252347854,0.6488837275796733,0.724978098056324,0.8611743410773319,0.29518540608229377,0.6163747404931333,0.35454192496407166,0.9484752625771624,0,0,-0.13854972897247636,0.021143509403148728,0.08598870177157349
2020-10-21,134.97000122070312,137.47999572753906,133.9600067138672,134.02999877929688,1208000.0,0.660653613528372,0.6506955739783442,0.7010102539122542,0.8614008767657929,0.2957181378972112,0.6060833464189054,0.35022962535509683,0.945509315480034,0,0,-0.13384835191936803,0.025477178573727728,0.07769435546097567
2020-10-22,134.64999389648438,135.11000061035156,132.80999755859375,133.6999969482422,1128100.0,0.6656456938530566,0.6524481285550554,0.6873820168101227,0.8616110765588197,0.28887656534803413,0.5835186689515683,0.3368206974641217,0.9427395431950418,0,0,-0.13205996500371697,0.02797881096884147,0.091621270544947
2020-10-23,135.11000061035156,135.99000549316406,133.91000366210938,134.27000427246094,980600.0,0.6703907099534325,0.6545798757992763,0.7035479443560542,0.8617956097904945,0.2744371215250473,0.5889737374050842,0.3292369867447792,0.9451471654826612,0,0,-0.1358265076785263,0.024607280188693133,0.07322358645918822
2020-10-26,132.5,132.82000732421875,129.4600067138672,131.3300018310547,1203700.0,0.6736364096224989,0.6562827906621609,0.5840341110594891,0.8620100703469861,0.28831659087483946,0.5324899836228998,0.30037095192477514,0.9421917759786765,0,0,-0.11581144378459766,0.04394126542598521,0.09220231242184942
2020-10-27,131.1300048828125,131.6999969482422,127.3000030517578,127.38999938964844,1193600.0,0.6760258384295887,0.657450701006248,0.4577282526635552,0.8622067410718307,0.2823254543055775,0.4839997240317386,0.2851383360439864,0.9392611845423087,0,0,-0.10797234247214677,0.05535665051633915,0.10858139273598925
2020-10-28,124.62000274658205,127.58000183105467,124.5,125.20999908447266,1464500.0,0.677085173867223,0.6583497293917738,0.39982630818569687,0.862437140114726,0.2704520289582425,0.4221750862263724,0.28382312162675116,0.9356654647378844,0,0,-0.060208853403629886,0.10817168707061063,0.14687180449105955
2020-10-29,124.70999908447266,129.3800048828125,123.5199966430664,128.10000610351562,1238800.0,0.6792241558479073,0.6596541494748848,0.4970092573941437,0.8626440258402509,0.2895200406254335,0.43435545759109306,0.2709453425191929,0.9387070336649727,0,0,-0.061975898035069754,0.1093362743559785,0.1455154837834997
2020-10-30,127.4800033569336,130.00999450683594,126.8000030517578,129.72000122070312,2202400.0,0.6814071348951034,0.661237102572689,0.5460134840958167,0.863023646291469,0.3004567857850315,0.45723552087837926,0.2550445718676262,0.9441144855579491,0,0,-0.08220145126443053,0.0852458237256172,0.1114753354372435
2020-11-02,131.83999633789062,135.89999389648438,130.80999755859375,135.17999267578125,1938900.0,0.6845411441414941,0.6635743003300234,0.6822066341378289,0.8633933203293634,0.3086762908670027,0.5632690793037727,0.24364920969552298,0.9488749779640933,0,0,-0.1147856864749397,0.050570440154658156,0.09466542293970473
2020-11-03,136.4600067138672,138.02999877929688,134.63999938964844,136.86000061035156,1479500.0,0.6887074150980481,0.6657501705954226,0.7169324406486257,0.8636836101340225,0.3341940236540323,0.6223421772388162,0.2414782420003246,0.9525075265818097,0,0,-0.1443261638016081,0.01435114135025955,0.04756615641490002
2020-11-04,135.19000244140625,136.07000732421875,131.14999389648438,132.80999755859375,1866100.0,0.6900171999442266,0.6675413336046655,0.5961615814421515,0.8640240292918376,0.31723453135661267,0.5291242630713708,0.22131425617776693,0.9479257766828434,0,0,-0.1332749189815833,0.023454562624306563,0.06649123779149153
2020-11-05,135.5,139.6300048828125,135.3800048828125,138.25999450683594,1176500.0,0.6911239150504698,0.6700660599880126,0.7054969455502857,0.8642601509772031,0.30599753272566377,0.6554315836797584,0.21635583265395955,0.9508143832720583,0,0,-0.13154131121036747,0.031097093281628928,0.07476841245630088
2020-11-06,138.4600067138672,139.60000610351562,137.0399932861328,138.75999450683594,809800.0,0.6920986363750381,0.6725439039518563,0.714450846577238,0.8644239811090001,0.2998638953073373,0.667344562714056,0.21175158223899557,0.9528026481389908,0,0,-0.13351661686167995,0.008462304465717774,0.0552582069520529
2020-11-09,146.41000366210938,149.33999633789062,139.9199981689453,141.8699951171875,1783800.0,0.6940683901295905,0.6752671881385092,0.7679876607149214,0.864803384678302,0.2835386124370092,0.7821703891958298,0.23545376900219298,0.9571823306156942,0,0,-0.19032865889028483,0.021115543324966804,-0.01232348502134702
2020-11-10,142.11000061035156,143.97000122070312,140.89999389648438,142.82000732421875,1141500.0,0.6971990167738842,0.6783586347633775,0.7834778692129607,0.8650496959813417,0.2984661031011748,0.7200051562800334,0.2574629424251619,0.9599850033072274,0,0,-0.15584691175951795,0.05096212008442616,0.012405685256999878
2020-11-11,143.77000427246094,143.77000427246094,141.2899932861328,142.64999389648438,1105300.0,0.6999268917046815,0.6809302425142271,0.7777744529591211,0.8652874621453966,0.3018987814609936,0.6944562930085199,0.2779000320322045,0.9572712108184392,0,0,-0.16643329403071758,0.03900008247993665,0.008612208825524164
2020-11-12,141.75,142.22999572753906,138.41000366210938,139.8699951171875,768200.0,0.7009862245601768,0.6828455037560358,0.6870440814199992,0.8654454602602796,0.28748196256550507,0.6321453691660495,0.28112193524559037,0.955385084527037,0,0,-0.1524710895941793,0.053207126972598356,0.00995442151911868
2020-11-13,141.22999572753906,143.22999572753906,140.6999969482422,142.82000732421875,748900.0,0.7029018308597874,0.6856073984792221,0.7438393092525158,0.865606886784199,0.2948511966812023,0.660544005821669,0.28710159283939785,0.9572238244120034,0,0,-0.12661757133568682,0.057982418627788954,0.011939645579783822
2020-11-16,145.0,145.6699981689453,142.89999389648438,144.27000427246094,1043800.0,0.7062693687578208,0.6885940500357897,0.7697609500093474,0.8658369008246237,0.3133449995434873,0.6743988637917778,0.29963693438508454,0.9597866187662936,0,0,-0.15039911955872806,0.030387873654412485,-0.012463231256220718
2020-11-17,143.0500030517578,143.72999572753906,140.5500030517578,143.27000427246094,917100.0,0.7091935430600815,0.6916661924443921,0.7360905132283672,0.8660358324092462,0.33202416667816,0.6313344548966787,0.29853576888718103,0.9575349051216111,0,0,-0.135371219451883,0.043598759962977844,0.008109781203968871
2020-11-18,144.0800018310547,144.8699951171875,142.69000244140625,142.8000030517578,873800.0,0.7121617170109935,0.694073715408983,0.7199110938822889,0.8662239251897702,0.33670471912226163,0.633760293952476,0.3010939109198564,0.955389503984632,0,0,-0.14350530170215317,0.036713857401950274,-0.019334153625019345
2020-11-19,142.02999877929688,143.77999877929688,140.66000366210938,143.22000122070312,745300.0,0.715383725554686,0.6964839956678973,0.7290560228877206,0.8663853621644634,0.345867308150886,0.6117134579422029,0.2926716911691851,0.9572194049544083,0,0,-0.1296218609289632,0.051190457999810014,0.016176453145848268
2020-11-20,142.9600067138672,143.89999389648438,141.3300018310547,143.0399932861328,915500.0,0.7183518943413199,0.6986819274438855,0.7220893335964357,0.8665830490823313,0.35766990515947605,0.6074459734143349,0.2852877903168304,0.954971619716477,0,0,-0.13573530166951733,0.04454677817096108,0.041684023956362545
2020-11-23,144.19000244140625,145.69000244140625,143.5500030517578,144.77999877929688,822600.0,0.7229039936723289,0.7006909524727002,0.7624361485923343,0.8667654343768222,0.3575057804418048,0.6276164519136973,0.2849593055055898,0.9569913118374189,0,0,-0.14450508087617286,0.03600387400873604,0.04642057956732413
2020-11-24,146.39999389648438,148.08999633789062,145.88999938964844,147.92999267578125,1480700.0,0.729855674780997,0.7031743120771913,0.8265604048572891,0.8671092814859142,0.3876401456630594,0.6584470872209662,0.29270196134718507,0.9606268067601986,0,0,-0.15803285983097926,0.020306689226375806,0.013123422926462501
2020-11-25,147.5,147.8300018310547,145.8300018310547,146.69000244140625,779200.0,0.7371254986543736,0.7056080340718577,0.7753031867834462,0.8672868999979483,0.3961452379633574,0.6478398940455724,0.2995177511556705,0.9587136726723821,0,0,-0.16210372841355208,0.012438291279601103,0.013181890385920613
2020-11-27,146.99000549316406,147.89999389648438,146.4199981689453,147.77999877929688,321900.0,0.743786115890082,0.7081630959527656,0.7981078506018094,0.8673614420223131,0.39079481853436315,0.6574572814596329,0.3060951681301526,0.9595040190056318,0,0,-0.15999733083018047,0.01602011592893143,0.02924530107528224
2020-11-30,147.3000030517578,147.35000610351562,144.35000610351562,146.77000427246094,1414900.0,0.7495566233321491,0.7110587420686514,0.7550226131176575,0.8676841767649316,0.37908334194814797,0.6343711103938615,0.29856276383569047,0.9560300798104936,0,0,-0.16091491815618317,0.013804258377207428,0.03187164361878427
2020-12-01,149.16000366210938,149.8800048828125,147.83999633789062,149.11000061035156,1253900.0,0.754271180520818,0.715061626481502,0.8061148122705174,0.8679799085174092,0.36554163281890084,0.7023691123629157,0.3014892079679037,0.9591087230762959,0,0,-0.17469514391677313,0.004905642840798239,0.01764663257134344
2020-12-02,148.6300048828125,149.3000030517578,146.86000061035156,147.11000061035156,801300.0,0.7577402532888191,0.7186866984520057,0.7232719560200269,0.8681634350973001,0.35184599296584296,0.6568098408895399,0.2978888461158611,0.957141327870229,0,0,-0.16839922296937404,0.008383072864887521,-0.003956888164875559
2020-12-03,147.16000366210938,148.02999877929688,145.16000366210938,145.42999267578125,992800.0,0.7620114417174377,0.7224248373737802,0.6591227051884324,0.8683851402720159,0.34935598736248324,0.6041158693309758,0.2840081212745016,0.9547037514811321,0,0,-0.16069612481110623,0.018489573852341682,-0.014411055449532677
2020-12-04,146.27999877929688,147.74000549316406,146.02999877929688,146.92999267578125,1112500.0,0.7649457689902677,0.726282939112636,0.6978948807620236,0.8686390848489179,0.34486154289562476,0.6171154266470845,0.2711188767789534,0.9574352218003004,0,0,-0.15650143218373921,0.024754220482850517,-0.011895728630034939
2020-12-07,146.5,146.89999389648438,144.72000122070312,144.89999389648438,917100.0,0.7670238279832602,0.7296818740245955,0.6225992690206265,0.8688420926203616,0.3318077146088953,0.5601067790015021,0.2509047267825958,0.9551835081556178,0,0,-0.1564010379258763,0.023004186015791128,-0.0202137165231934
2020-12-08,144.17999267578125,145.8300018310547,143.97000122070312,144.8800048828125,1024200.0,0.7680425541207572,0.7328726000771173,0.6218673394815382,0.8690686565977982,0.34460198431240613,0.534395081382406,0.2275163086947257,0.9526688367840294,0,0,-0.1425810690335447,0.039337560021591875,-0.04389224029992736
2020-12-09,145.1999969482422,145.80999755859375,143.52000427246094,145.38999938964844,959100.0,0.7689123579732609,0.7363280695167131,0.6374799484432844,0.8692823834667417,0.3486153236216984,0.5303500455222142,0.20298233323939266,0.9550236711059299,0,0,-0.1496410793381174,0.03230264892906222,-0.03175034987365791
2020-12-10,144.4600067138672,145.44000244140625,142.61000061035156,143.3300018310547,1115200.0,0.7691425040228066,0.7392581865456443,0.5585831354475213,0.8695230861711579,0.34042925170694804,0.4800334728605184,0.18268400716234526,0.952285571600369,0,0,-0.14402648159232112,0.0372790301375516,-0.023729363928155337
2020-12-11,142.33999633789062,143.4600067138672,141.4199981689453,142.92999267578125,1223800.0,0.7701781483350667,0.7421745139469564,0.5438965188415534,0.8697854699508533,0.3500428869694715,0.4170710266462468,0.17105804802700889,0.9492808314865728,0,0,-0.10842107784558644,0.052605933500296756,-0.016674801919458335
2020-12-14,143.8000030517578,144.00999450683594,141.3699951171875,141.75999450683594,995700.0,0.7698193911059432,0.7447240601872168,0.5010755658338757,0.8699949504669265,0.3349425698359971,0.4061743665050104,0.15632074294198442,0.9468361348602395,0,0,-0.09088369242857418,0.042538320454870576,-0.03260339957254464
2020-12-15,143.19000244140625,144.69000244140625,142.42999267578125,144.1199951171875,1210000.0,0.7697686210888204,0.7472336188217836,0.586974850771893,0.8702589926785554,0.3425813899652581,0.47072678258253486,0.1377328897980067,0.9498069924658068,0,0,-0.08493234347819675,0.04719245697405586,-0.05981938527184509
2020-12-16,144.86000061035156,145.33999633789062,142.17999267578125,142.88999938964844,1166100.0,0.7696400099092426,0.749762481672616,0.540667098500268,0.8705085305551509,0.32640363067305567,0.4542294397377227,0.12018883436532549,0.9469439205204745,0,0,-0.09512910892565077,0.03483211519941455,-0.043574791785070864
2020-12-17,144.0500030517578,144.60000610351562,142.5800018310547,144.2899932861328,850700.0,0.7701442913284287,0.7518790590640546,0.5900505491069343,0.8706945006650869,0.3435983280021217,0.46911615392623823,0.10389792574926435,0.9490326052849838,0,0,-0.06067603195450363,0.04080062884706708,-0.024634364108730912
2020-12-18,144.25999450683594,145.91000366210938,142.3699951171875,145.42999267578125,2417500.0,0.7708922543698264,0.7533186065570245,0.6282757328209897,0.8712319023811216,0.3596544006668234,0.4975247199379372,0.09845237630703865,0.9549681823605697,0,0,-0.05003812846803295,0.0389494118613746,-0.030147557329913775
2020-12-21,143.6699981689453,146.80999755859375,142.3300018310547,146.10000610351562,900200.0,0.7719279038463647,0.7547278206564355,0.6503771424759408,0.8714339111446904,0.3635564928672424,0.5160534258452014,0.09961689330535811,0.957178402208943,0,0,-0.036168567501495136,0.042701004102445726,-0.03032389386102047
2020-12-22,146.50999450683594,146.52000427246094,143.88999938964844,144.6999969482422,1079700.0,0.7719008275367547,0.7559205498054349,0.589691928841943,0.8716710450392567,0.3568341197258029,0.5126117786520404,0.10069823051808333,0.9545274642281736,0,0,-0.05544141345885715,0.02306646293764576,-0.04380556898779193
2020-12-23,144.7100067138672,146.11000061035156,143.8699951171875,143.8699951171875,948400.0,0.7705267371007871,0.757340793082139,0.5552096780803385,0.8718766250359907,0.32915508315426933,0.49529620630647686,0.10149903513309003,0.9521989011264215,0,0,-0.04353837722616721,0.035729082778036075,-0.03102975527200664
2020-12-24,143.8000030517578,145.30999755859375,143.14999389648438,145.0,300800.0,0.769954762325437,0.7587762062116252,0.5985138517788339,0.871942951577891,0.3332005293784795,0.4923864356407744,0.09478996325329639,0.9529374415956402,0,0,-0.03746437459220097,0.04226038811012886,-0.04524925270430678
2020-12-28,145.63999938964844,146.9499969482422,143.1699981689453,143.1699981689453,1154500.0,0.7683945254885747,0.7596628241426939,0.5224867973270406,0.8721903729847135,0.3153931578606613,0.4945841556029968,0.10149092854204017,0.9501028505992538,0,0,-0.03510342301993535,0.029241417194234915,-0.05296546672952586
2020-12-29,143.80999755859375,144.0399932861328,141.32000732421875,142.89999389648438,884600.0,0.7670847354781178,0.7604542991135949,0.5116964437098145,0.8723790797959697,0.3063318168079034,0.39736803390157904,0.08978887209345301,0.9479309327167044,0,0,-0.022770095330929854,0.04239720194070228,-0.040162045634832035
2020-12-30,143.2100067138672,144.32000732421875,142.85000610351562,143.22000122070312,987800.0,0.7650912880160523,0.7616815002276405,0.5259249058687834,0.8725907864360972,0.2963556732872547,0.4491392126233604,0.08122361116636193,0.9503562328347038,0,0,-0.018614442097431162,0.0466759863809162,-0.03261024395483911
2020-12-31,143.0399932861328,144.44000244140625,141.92999267578125,144.22000122070312,930000.0,0.7641131789251092,0.7630038443018543,0.5701970705889013,0.8727931474916107,0.31391134145269717,0.4636847067281814,0.06623769507978758,0.9526396192588176,0,0,-0.016617718221883376,0.04775877348401343,-0.0397289982831998
2021-01-04,144.66000366210938,145.0,140.8300018310547,141.30999755859375,1223300.0,0.7627187825480035,0.7640076677556811,0.44924580443332707,0.873047305891452,0.3122149961790267,0.3824724941423074,0.061736531869797634,0.9496361067721312,0,0,-0.027735404008759575,0.03619471069560483,-0.055886822149303364
2021-01-05,141.61000061035156,144.75999450683594,141.57000732421875,144.33999633789062,1316400.0,0.761842208327028,0.7654747945038892,0.572752830074511,0.8733340251641925,0.3236083695263434,0.49111121426899745,0.05755688031766412,0.9528682034266509,0,0,-0.00551977066571989,0.05852384413941983,-0.037647777341534704
2021-01-06,145.49000549316406,149.80999755859375,145.49000549316406,148.92999267578125,1871600.0,0.7632061457924266,0.7674962289351601,0.7112566957233379,0.873770165063574,0.3470491073314498,0.8641067820641776,0.07212519766255632,0.9574634572238243,0,0,-0.03228490910586285,0.03041429611354383,-0.061105774892578506
2021-01-07,149.72999572753906,151.32000732421875,149.44000244140625,150.8300018310547,1537100.0,0.7652198991956303,0.7701850422087675,0.7570759196959752,0.8741378952822475,0.35652494830655435,0.9175302796665279,0.09374064316315281,0.9612374284845826,0,0,-0.059759580569238004,0.01067623497532242,-0.10259853307426962
2021-01-08,150.61000061035156,150.9499969482422,147.42999267578125,148.3000030517578,1141400.0,0.7662047786550457,0.7730682778701963,0.6576113764216016,0.8744011678487863,0.3417150413323507,0.7582916844489359,0.09635629034546889,0.9584350013184715,0,0,-0.0648412030800841,0.00470733080453363,-0.10369289398515599
2021-01-11,146.9199981689453,149.9600067138672,146.35000610351562,149.4499969482422,1116000.0,0.7682760672795661,0.7764106793065206,0.6876642792170569,0.8746627634871081,0.3585748519072654,0.7005642766660046,0.09032292762403377,0.9611750650274079,0,0,-0.041065382417862596,0.029669649795878973,-0.0676331663715228
2021-01-12,149.19000244140625,152.3000030517578,148.4499969482422,151.27999877929688,1071300.0,0.7711020944782341,0.7796069188956879,0.7330017941906117,0.8749203310659067,0.3575215515904417,0.7368167097489992,0.09840955812766716,0.9638053788727338,0,0,-0.055938446176394464,0.020809639838457968,-0.09514888933472393
2021-01-13,150.8800048828125,153.05999755859375,149.91000366210938,152.00999450683594,1361300.0,0.7745711672462352,0.7826804383734509,0.7504397925718177,0.8752507939122768,0.3719664653899646,0.7223850251398947,0.10995139189328482,0.967147716441708,0,0,-0.06643312488665346,0.014410316587598946,-0.10616074622015141
2021-01-14,153.5,153.80999755859375,151.22000122070312,151.75,1635700.0,0.7771535128226916,0.7849652412266371,0.7389365880447303,0.8756462263907182,0.3523873320212669,0.7024620722827382,0.12460844268691654,0.9631316571149092,0,0,-0.08334977058614089,0.0020393235300051886,-0.10295371661092054
2021-01-15,150.36000061035156,150.89999389648438,146.42999267578125,148.0399932861328,2938500.0,0.7788965082940738,0.7865068264935846,0.5913121827824974,0.8763196110588393,0.3501412297550742,0.5883181637858426,0.10801001770901147,0.9559168925909757,0,0,-0.06280065093441103,0.022734741009833196,-0.06319602199598436
2021-01-19,148.44000244140625,149.38999938964844,144.9600067138672,145.0399932861328,1904200.0,0.7791503428868543,0.7881931944345267,0.4955673049339886,0.8767365178744312,0.31982022031359425,0.5296177996576925,0.10088208648305419,0.9512415975062474,0,0,-0.051405032122927054,0.036273948667427544,-0.05957854447596045
2021-01-20,146.0,146.41000366210938,142.77000427246094,144.5500030517578,1265200.0,0.7788525138097007,0.7890605102533315,0.4810308316264853,0.8770112896682388,0.29744287220394106,0.47549324166972967,0.10541849215027407,0.9481352098677649,0,0,-0.03564532824230083,0.053847200221433404,-0.0563292784551338
2021-01-21,145.1199951171875,145.27999877929688,142.61000061035156,143.52999877929688,1737400.0,0.7779827047929191,0.7897182359355344,0.45051030254354296,0.8773824903805892,0.28300189024368255,0.45673540404381857,0.11041552165810184,0.9438694511868453,0,0,-0.029678264929518753,0.060117621985069716,-0.017364195460703
2021-01-22,138.75,142.17999267578125,137.55999755859375,137.82000732421875,2543000.0,0.7756541989735213,0.7891597917849864,0.31138442252134113,0.8778769677488684,0.2599690841626397,0.3519080201075443,0.13601142359164806,0.9376257397067149,1,0,-0.008290966707497101,0.10492578336707993,0.051208849481128874
2021-01-25,137.55999755859375,141.22000122070312,135.1699981689453,140.60000610351562,1940900.0,0.7745474838672781,0.7888536805670556,0.4078506784744057,0.8782720361422643,0.2911213011948965,0.3676883374601452,0.16742550642089862,0.9423911426212981,0,0,-0.017341454525002402,0.11790740920345627,0.06174727407759728
2021-01-26,142.72000122070312,143.25,140.64999389648438,141.00999450683594,1447300.0,0.7731970819745455,0.7886275445605122,0.4214440843458096,0.8785684240725743,0.2753548901353792,0.437278961647125,0.18255072969837102,0.9459446320531474,0,0,-0.053698454651553734,0.07887621519536567,0.04096724222469228
2021-01-27,138.4199981689453,140.42999267578125,136.44000244140625,139.9499969482422,2282000.0,0.7721072850430653,0.7886385758418073,0.3952037084079104,0.8790273677304384,0.3114578531186965,0.3919080710608221,0.20974148677011575,0.9403417419243005,0,0,-0.023048011677232177,0.10914119558314254,0.05425153856666931
2021-01-28,141.52000427246094,143.14999389648438,139.07000732421875,139.13999938964844,1800900.0,0.7708347294770654,0.7881311474222455,0.3751803181854829,0.8793844238794376,0.28792388706670696,0.42941813329874207,0.21835769056103824,0.9359200746004441,0,0,-0.045373392225682235,0.08781703146930421,0.027009638168801354
2021-01-29,137.9499969482422,138.22000122070312,133.77999877929688,134.7100067138672,1949100.0,0.7679545548234554,0.7868129398155173,0.27960206076580907,0.8797418578777646,0.27989630826993533,0.35303187987923457,0.24136098331454572,0.9311345386012613,0,0,-0.029969801546912662,0.11398591835505999,0.05102778593258958
2021-02-01,135.86000061035156,138.94000244140625,134.9199981689453,138.5800018310547,1963000.0,0.7660457188923169,0.7861662454146093,0.41292744675144044,0.8801268525693821,0.2904547551767729,0.4032677596269001,0.25861079321557834,0.9359542026340949,0,0,-0.015440588875277444,0.13324917269412026,0.06636479842507466
2021-02-02,139.99000549316406,142.39999389648438,138.2899932861328,140.52999877929688,2201300.0,0.7657817313289672,0.7858532393828689,0.47149927759079113,0.8805725249094768,0.3047068274507098,0.4585740095990832,0.2561556331853474,0.9413589537474298,0,0,-0.044811708989857826,0.09972573158339168,0.04740938070876403
2021-02-03,139.92999267578125,141.44000244140625,139.32000732421875,139.91000366210938,1426800.0,0.7642824174797969,0.7853968309022968,0.45611724403132736,0.8808582575444611,0.284671340271141,0.46084015000513234,0.25387584172870437,0.9378557970270799,0,0,-0.043762854549959644,0.0987689817361425,0.0702341881570601
2021-02-04,140.0500030517578,140.8800048828125,139.1300048828125,139.25999450683594,1681300.0,0.7610096440832594,0.7848756149591177,0.43955854322711896,0.8811911303393271,0.25290497578746207,0.46000715364101064,0.2524367798543036,0.933727778107873,0,0,-0.044814552986528075,0.09834889676700394,0.05267668447058623
2021-02-05,140.6300048828125,140.97999572753906,138.1699981689453,140.11000061035156,1921800.0,0.7573815012239737,0.7842316789045339,0.4680460367888283,0.881576791582905,0.2528544046952317,0.46644169031184957,0.25462942178800474,0.9384462856668642,1,0,-0.04918861391438138,0.09464306473984728,0.05249172660447664
2021-02-08,141.39999389648438,141.6999969482422,139.61000061035156,140.22000122070312,1116800.0,0.7546468559247044,0.7831685646807485,0.47186495830338315,0.8818011895617252,0.2542584485929333,0.48482077147095776,0.2522698641479886,0.9411883135791762,0,0,-0.05438580461061337,0.08857328961564863,0.04332315536204692
2021-02-09,140.3699951171875,140.6300048828125,137.10000610351562,137.2899932861328,1526600.0,0.7505313498209956,0.7818724175326085,0.39091032044213725,0.8820929246692112,0.22721428263665377,0.4506328528302554,0.25954631890694424,0.9374401224877225,0,0,-0.04699754871288383,0.09584939612325341,0.055555616011303384
2021-02-10,138.35000610351562,138.88999938964844,136.9600067138672,137.9600067138672,1314100.0,0.7460232501386372,0.7805183598396728,0.4162116028520093,0.8823468416438566,0.22151295800917276,0.44607065562543247,0.266813444627799,0.9406665720575373,0,0,-0.03328725724892544,0.11260829056096752,0.10190101914578563
2021-02-11,138.4499969482422,139.2899932861328,137.02999877929688,138.05999755859375,818700.0,0.7413019277457744,0.7793173556517005,0.4201453452981009,0.8825052441741127,0.21493350884310086,0.4519785273689656,0.2707741241526104,0.9426766886870233,1,0,-0.03385037649810366,0.1113366183158328,0.11865765134332307
2021-02-12,137.08999633789062,138.8699951171875,136.77999877929688,138.5500030517578,927400.0,0.7368344399456921,0.7778612601847873,0.44033080608836916,0.8826861281858321,0.23506000638146757,0.4487678727456338,0.275504887125838,0.9449536914501664,0,0,-0.023975066037423047,0.12110677615800351,0.13349274417268095
2021-02-16,139.5,139.5,136.39999389648438,137.35000610351562,804500.0,0.7332164552212534,0.7765154754268222,0.40245406290633223,0.8828397873976223,0.24144066775564899,0.44074160425302905,0.2750733947244357,0.942978439430597,0,0,-0.04128474265400281,0.1032839930956046,0.09592199923061784
2021-02-17,136.19000244140625,137.64999389648438,134.75,136.60000610351562,917200.0,0.7303599742751563,0.7752979274729104,0.3793343367588864,0.8830126341051697,0.2675535717938467,0.38539408904336847,0.282163062398205,0.9407264802604925,0,0,-0.017546440152998933,0.12828536100615795,0.10243896206910726
2021-02-18,135.50999450683594,136.74000549316406,134.6699981689453,136.2899932861328,939500.0,0.7275644059881949,0.7738308007247019,0.36959077035255317,0.8831886562277959,0.2745407152992968,0.3716011776602871,0.2891047698531328,0.9384197689212938,0,0,-0.01266468265182997,0.13396780552037496,0.12042468134712538
2021-02-19,136.7100067138672,137.80999755859375,135.91000366210938,136.6699981689453,1331600.0,0.7252426653729911,0.7726959842244998,0.3890455701965101,0.8834397143773117,0.2779637459997068,0.4269058950490806,0.28652984907692114,0.9416891854399496,0,0,-0.021498335012893673,0.12546769159219298,0.12363336763360902
2021-02-22,135.5,136.55999755859375,134.17999267578125,134.4499969482422,1828500.0,0.724102098424388,0.7712578127486895,0.3180167672284677,0.8837707982241839,0.28850585662826383,0.35613229093200527,0.2926379847136328,0.9371997530996357,0,0,-0.012585068001368792,0.1339723260693964,0.13221634276954786
2021-02-23,134.77000427246094,135.80999755859375,132.10000610351562,134.97000122070312,1405000.0,0.7221966450953463,0.7698210214980419,0.345960721565581,0.8840274688794619,0.27882416965984536,0.34610944223007833,0.30729222379856913,0.940649385278001,0,0,-0.019858670357375714,0.14161393617184267,0.09817774077989494
2021-02-24,135.47999572753906,137.94000244140625,135.38999938964844,136.88999938964844,904200.0,0.7208022487182406,0.7689330233418102,0.44277460215293596,0.8841983340191578,0.29390418573463084,0.4696723324418419,0.30360291902449255,0.9428694261432522,0,0,-0.025042524957056746,0.1358079696619506,0.0931318604914603
2021-02-25,136.5,137.11000061035156,133.9600067138672,134.97000122070312,1033000.0,0.7191167884681757,0.7678354371529786,0.3772319547482138,0.8843868970364025,0.2676030084581657,0.4137143369303171,0.3067346112345054,0.9403331485345323,0,0,-0.03214255180146564,0.12645187841167252,0.10205275245080854
2021-02-26,135.3699951171875,136.0,133.67999267578125,134.82000732421875,1521200.0,0.7176547038991841,0.7668784971706561,0.3723088327263233,0.8846636888037595,0.2890200642613005,0.403362371663045,0.31091145739851933,0.9365982158158637,0,0,-0.02422752451727984,0.13662297010172753,0.11869307347982463
2021-03-01,136.02999877929688,138.8699951171875,136.02999877929688,137.85000610351562,959400.0,0.7187174245210541,0.7660139418021775,0.5125352637979905,0.8848478045860942,0.30656032182129006,0.5310572089935807,0.29302907356425967,0.9389537867140301,0,0,-0.02914992183860589,0.11029516621689346,0.111556206259159
2021-03-02,137.9600067138672,142.38999938964844,137.9600067138672,140.77000427246094,2242000.0,0.719458622358258,0.7657216202118658,0.6188579182138859,0.8852994775731599,0.29394235449591066,0.656906001264435,0.26898281798624823,0.9444584666740978,0,0,-0.04250997715554046,0.08291615647226111,0.09365243258404952
2021-03-03,140.75999450683594,141.39999389648438,139.57000732421875,139.6199951171875,1473500.0,0.7191506351462575,0.7650776841572823,0.5730216347578113,0.8855905169631647,0.274047239033576,0.6496824884336643,0.24665415209238048,0.9408406495816982,0,0,-0.06151870526734423,0.040136456516246324,0.09384106210794144
2021-03-04,139.58999633789062,140.3000030517578,135.0800018310547,137.8300018310547,1738700.0,0.7184466665892328,0.7640297376822772,0.5065428204837079,0.8859234373014387,0.2831235095485622,0.5384265168553825,0.2363234751489088,0.9365716990702934,0,0,-0.053645541443318435,0.040753492625683375,0.19925518046944876
2021-03-05,138.66000366210938,142.80999755859375,138.10000610351562,142.61000061035156,1348700.0,0.7195804631693639,0.763548508292791,0.659065432278806,0.8862028575874777,0.3164536946375031,0.7041267263007448,0.21269940635964837,0.9398831004361021,0,0,-0.04759484489185944,0.03330186662492263,0.21853003494919143
2021-03-08,142.7100067138672,148.44000244140625,142.41000366210938,146.10000610351562,1693600.0,0.7216077573095112,0.763741552559451,0.7427211159315064,0.8865730800687982,0.3120446409845381,0.8492837581920937,0.2090144198944023,0.9440413189822087,0,0,-0.07439871372934712,0.04017948042223865,0.18434887577038908
2021-03-09,146.97000122070312,148.07000732421875,145.74000549316406,146.07000732421875,1733100.0,0.7235876691989109,0.7640449075350594,0.7415427747587288,0.8869515259010873,0.3023258658548293,0.8169858715554881,0.20559264674810243,0.9397861178944328,0,0,-0.10177956533863335,0.010061609577631305,0.18206711151448435
2021-03-10,146.57000732421875,149.99000549316406,146.36000061035156,148.47999572753906,1099000.0,0.7273748821494814,0.7645247566993827,0.7940796389941894,0.887200135014799,0.32166800847927457,0.780399140678741,0.20968264127047334,0.9424844422816382,0,0,-0.09906209690662461,0.02341341820675235,0.1710822823395012
2021-03-11,148.6300048828125,149.14999389648438,145.82000732421875,146.07000732421875,1263500.0,0.7301196804193197,0.7649246327563203,0.699353096056179,0.887475771004303,0.30764605012397905,0.7053638901671104,0.2102649013817938,0.9393822285753288,0,0,-0.11132811998209806,0.00915948713284694,0.17524238794711836
2021-03-12,146.64999389648438,147.5399932861328,144.07000732421875,145.3000030517578,1322000.0,0.7325700322141013,0.7652555648831654,0.6707446189409985,0.8877606689608913,0.3037407535308021,0.6538692506377615,0.20057692107906175,0.9361363824971801,0,0,-0.09960968757038138,0.02286582754299558,0.18128301265538224
2021-03-15,144.75999450683594,145.50999450683594,142.69000244140625,145.0500030517578,1533800.0,0.7347699320181997,0.7655078999197842,0.6611597157849344,0.8880897706766543,0.3086170958783172,0.6179113476996082,0.18393921993805604,0.9323705135753461,0,0,-0.08712999406345955,0.03599456900537796,0.18905712762385793
2021-03-16,145.3300018310547,145.83999633789062,142.57000732421875,144.8000030517578,1196900.0,0.7372913546069644,0.7655878751311715,0.6510669292100595,0.8883454678800778,0.31795695627273646,0.608824995103326,0.17011013929343713,0.9294318198000538,0,0,-0.09120989623708066,0.032126877380668224,0.1876594322510306
2021-03-17,145.1699981689453,146.94000244140625,144.5,146.55999755859375,1003000.0,0.7406622751070944,0.7663117863971429,0.7022004448763146,0.8885654818670791,0.3234279384876909,0.6268379982088956,0.16272855006733053,0.9318944397821894,0,0,-0.09026237424012971,0.033287342697747524,0.19350831272044497
2021-03-18,146.89999389648438,150.22000122070312,145.74000549316406,149.8000030517578,1259800.0,0.7452346855435197,0.7670646550395137,0.782618018394925,0.8888551817538582,0.3295868173347513,0.6574745862388838,0.1703393623925001,0.9349875690478867,0,0,-0.10098245114293079,0.022652888779500915,0.16607540940322893
2021-03-19,149.1999969482422,149.25,147.27999877929688,147.4199981689453,1901600.0,0.7488729813733743,0.766856445128075,0.6848450891812113,0.88927728277588,0.31251968576896366,0.6345536636066239,0.17740654526587182,0.930318657624129,0,0,-0.11415213949507262,0.006809107154080051,0.15894524081129086
2021-03-22,147.8000030517578,148.2899932861328,146.67999267578125,147.94000244140625,1054900.0,0.7534386214413276,0.7664579492963004,0.6984330305320383,0.8895131223933747,0.33765008251451145,0.6201160925352162,0.1797789189746646,0.9329087053002554,0,0,-0.10649842045344335,0.016415670865576607,0.20994435851758098
2021-03-23,147.6699981689453,149.4600067138672,146.7899932861328,147.47000122070312,1364900.0,0.7576691979876702,0.7663435021198667,0.6788232765752669,0.8898160161246432,0.31966468327171976,0.6184181303166338,0.18734524886422813,0.9295575288160911,0,0,-0.10524531437395647,0.017236737932107157,0.212045387315794
2021-03-24,147.49000549316406,150.52999877929688,147.49000549316406,148.16000366210938,1136300.0,0.7614834872478506,0.7661656277059887,0.6988105792394097,0.8900706485903619,0.309724545035698,0.6279085877186167,0.1991097596086112,0.932347434185683,0,0,-0.10436020385336414,0.0206143165455269,0.22106184698498457
2021-03-25,148.4499969482422,152.50999450683594,147.38999938964844,152.33999633789062,1408600.0,0.7673622947640795,0.7663117885011447,0.802671860550375,0.8904055593685202,0.33080067718303785,0.6647931422800868,0.2181673951088872,0.9358059052792385,0,0,-0.11035360718547235,0.02740279061988211,0.20950329223608197
2021-03-26,153.3699951171875,154.94000244140625,151.92999267578125,154.82000732421875,1405500.0,0.774131217238228,0.7666992551556259,0.8517869402742281,0.890751045864249,0.34730081291011755,0.729892517299337,0.24455935255503028,0.9392567650847136,0,0,-0.1396218296244078,0.01030594303505475,0.1700145055657421
2021-03-29,154.97999572753906,156.2100067138672,154.1699981689453,155.52000427246094,1077400.0,0.7801115596244248,0.767219092977644,0.864802877650369,0.8910182456815049,0.34827996700656744,0.7467071398807292,0.27317627005760603,0.9419020559807783,0,0,-0.14778444995231751,0.007944780571882278,0.1550833783087483
2021-03-30,155.25,156.57000732421875,152.5399932861328,152.7899932861328,1416400.0,0.7841796783131076,0.7678740603135228,0.7444544024562637,0.8913566221104162,0.3252371494699141,0.6978954546217002,0.286520981614355,0.9384244339043109,0,0,-0.14885540933966984,0.008487701182840653,0.11959880139232522
2021-03-31,152.41000366210938,153.1199951171875,149.89999389648438,150.25999450683594,1662600.0,0.7877807448627836,0.7685938351120085,0.6484212985174326,0.8917397406475175,0.3265145211687757,0.61995871913979,0.27998255620702506,0.9343423282390081,0,0,-0.13292753747661223,0.027226937920724,0.1677465197346115
2021-04-01,150.25999450683594,152.0399932861328,148.9600067138672,151.9600067138672,1670000.0,0.7925629902433382,0.7696155846609397,0.6915948907121027,0.8921336737339,0.3451445639765808,0.6082510640709583,0.2677505326434687,0.9384426027855349,0,0,-0.12085710812730091,0.041993964115949335,0.19193406529352455
2021-04-05,151.5,154.11000061035156,151.4499969482422,153.55999755859375,2452200.0,0.7962689742650788,0.7709985997302753,0.7297824740015206,0.892724589407562,0.34769483109439386,0.6513821722105616,0.2659282293907852,0.9444633771825368,0,0,-0.12766512924031095,0.03336408989350277,0.18728616383556698
2021-04-06,153.3699951171875,154.02999877929688,152.27999877929688,153.57000732421875,1643500.0,0.7987971672223155,0.7731703335281891,0.7300231650257789,0.8931203859673794,0.35270042666788154,0.6419945759941765,0.2642360906561505,0.9484985874922475,0,0,-0.13851256415627322,0.02083883991864629,0.15492321518072663
2021-04-07,153.5399932861328,153.92999267578125,146.82000732421875,147.97000122070312,2148700.0,0.7994402127916485,0.7741865663844719,0.5350724423235617,0.8935979256062027,0.3500566212844442,0.534280854535259,0.24082864470847828,0.9432229827508569,0,0,-0.12932213103580117,0.01973050656752876,0.1485316906264519
2021-04-08,148.0399932861328,150.00999450683594,146.72999572753906,148.0500030517578,1641200.0,0.7992946834373078,0.7751572980984152,0.5374537004295448,0.8939628534218677,0.3437436269665129,0.4963784004508504,0.2195444168795869,0.9472525459758628,0,0,-0.09704670197936305,0.05764691469700729,0.19895926335430192
2021-04-09,149.1199951171875,150.57000732421875,148.60000610351562,150.47000122070312,1014000.0,0.800783844315909,0.776607878976682,0.6075528785332538,0.8941962748760445,0.3685608084940763,0.5393665329597831,0.19655256540328178,0.9497421737544126,0,0,-0.10428910586383759,0.050320918969699376,0.19810875532911007
2021-04-12,150.49000549316406,152.22000122070312,150.16000366210938,151.38999938964844,1256600.0,0.8028449799698605,0.7782970052639483,0.6326107483489819,0.8944892203281994,0.3764227690716016,0.5741775284817103,0.17926923668741543,0.9528274462066076,0,0,-0.1024124645251157,0.04040673743423976,0.19326112577351118
2021-04-13,150.6699981689453,151.4499969482422,149.24000549316406,151.07000732421875,1092000.0,0.804882427080577,0.7805528507407349,0.6210737867034983,0.8947425358809274,0.37245994240303726,0.5448889372444993,0.15772856762779555,0.9501463085989386,0,0,-0.10297903692941436,0.03897225166166994,0.1877931702833091
2021-04-14,150.74000549316406,152.47000122070312,150.25999450683594,150.8699951171875,1674500.0,0.8069367923660564,0.7822474916166477,0.6134831859506982,0.8951296794635225,0.35763479803517806,0.5576797573936768,0.14359195958181922,0.9460349854084241,0,0,-0.1036605739251781,0.038591391728357,0.18541069139370805
2021-04-15,152.2100067138672,154.00999450683594,151.6199951171875,153.97000122070312,1852800.0,0.8094446793821553,0.7841007047941745,0.7022084443241857,0.895576623911729,0.3713911112786048,0.6283811759867463,0.13888474353720823,0.9505840804262713,0,0,-0.1135414955737677,0.028899057144960827,0.18943452970927896
2021-04-16,169.2899932861328,172.6699981689453,166.91000366210938,167.41000366210938,7097800.0,0.8154047158272137,0.787892620949262,0.9249914985305011,0.8975987421950414,0.2852535388457387,1.0,0.18686433526485322,0.9680109838252762,0,-1,-0.20257184474467171,0.021952359914367642,0.06774051991868058
2021-04-19,167.5399932861328,169.94000244140625,165.89999389648438,168.77999877929688,2069100.0,0.8226339252361756,0.7919630711710437,0.939530169398778,0.8981965169469127,0.31666491216026843,0.8563588607340978,0.2261546760902077,0.9730911503307963,0,0,-0.15011044187505276,0.030643359241342615,0.0789081083859809
2021-04-20,169.00999450683594,170.83999633789062,168.3000030517578,169.0,1399900.0,0.8297615997751693,0.7959466513676283,0.941926978698422,0.8986017084845609,0.30135370851530846,0.7926243804922202,0.2641994202185778,0.9765282607126423,0,0,-0.15665355713855122,0.02168505562614285,0.06712881806493112
2021-04-21,169.9199981689453,173.8800048828125,169.22999572753906,173.57000732421875,1575300.0,0.838595045669644,0.8005452123463987,0.9880649565297236,0.8990810005217563,0.3267972274066441,0.7596343664298817,0.3045841510317009,0.9803960226845847,0,0,-0.1618342653534116,0.02343199238974667,0.0655030019184543
2021-04-22,173.07000732421875,174.36000061035156,171.0,171.55999755859375,1243000.0,0.8465146828986865,0.8052706299040591,0.9165202124543564,0.8994508123921529,0.32438110272320825,0.7103508910357703,0.3428592289187138,0.9773441416897746,0,0,-0.17572160346244475,0.007432120940821184,0.05335019943588988
2021-04-23,171.5,175.07000732421875,171.22000122070312,174.64999389648438,1143200.0,0.8540654150923144,0.8103297337268853,0.9497750640153805,0.8998023492115718,0.31911349262309857,0.6887080251404228,0.3795899347190602,0.9801509883134809,0,0,-0.16862901076867085,0.020809089385767025,0.049428747075161546
2021-04-26,175.74000549316406,176.6300048828125,172.74000549316406,173.1300048828125,1076800.0,0.8602623627911128,0.815165461993494,0.8969801794303988,0.9001279759900697,0.2921770965415588,0.6673691062289839,0.4163104422748365,0.977507170569948,0,0,-0.18992269870106768,0.005095902781284625,0.019066715988712776
2021-04-27,172.0,172.9499969482422,171.0,172.22999572753906,1598800.0,0.865917794626268,0.8198095241146042,0.8657443640135677,0.9006065117127017,0.2930469930694446,0.6335678461605468,0.4391989552705762,0.9735817101238479,0,0,-0.16998782328748677,0.026742937400980483,0.02951539575020747
2021-04-28,172.69000244140625,173.67999267578125,171.88999938964844,172.5500030517578,1211200.0,0.8726054933358645,0.8246631763723158,0.8702333911724257,0.9009701171889598,0.3045832871349665,0.6262777799517774,0.46197218238835847,0.9765555140344786,0,0,-0.1636764973622928,0.022876400970474248,0.027289073127989817
2021-04-29,172.6999969482422,173.41000366210938,171.5399932861328,173.19000244140625,755000.0,0.8803660656379,0.8297084926715246,0.8795845128369405,0.9011982694841735,0.3279420319857423,0.6165629109940957,0.4807258545428059,0.9784092309701838,0,0,-0.15624451450743382,0.022776052535863903,0.027991896526399298
2021-04-30,172.88999938964844,173.8800048828125,170.1199951171875,171.24000549316406,1777000.0,0.8868913064898369,0.8345276750681918,0.804624322666959,0.9017236786478567,0.2991640043599202,0.6019800324854718,0.4883647781562328,0.9740462442221729,0,0,-0.15133671888903966,0.021594811712237164,0.01437730502952376
2021-05-03,172.63999938964844,173.99000549316406,172.11000061035156,173.00999450683594,654200.0,0.8934740825630907,0.8395385194023544,0.8349271853101462,0.9019208075967365,0.28083436194741507,0.6052475498955687,0.4957710833007277,0.9756524715325549,0,0,-0.15160012778032478,0.023300662025050826,0.02166553722760358
2021-05-04,171.97999572753906,179.55999755859375,171.97999572753906,178.75,1945900.0,0.9019961534791898,0.8456469520293501,0.9162825944877558,0.9025433927041516,0.2902183957227179,0.6270975888380518,0.5163576140023364,0.9804301507182355,0,0,-0.14594532571355193,0.04381250836208302,0.015837267095316854
2021-05-05,177.64999389648438,179.82000732421875,176.38999938964844,179.0399932861328,994100.0,0.9125116718573547,0.8517236689336223,0.919877985726813,0.9028622236732174,0.31517005324384256,0.6356369878307859,0.5360242892697075,0.9828709189378176,0,0,-0.1729790107353584,0.012139935260052448,-0.03630763767482517
2021-05-06,179.99000549316406,180.2100067138672,177.91000366210938,180.08999633789062,962600.0,0.9233554833886581,0.857680424072814,0.9332563717888499,0.9031741441914328,0.3299537340485686,0.643071137452774,0.5551535721639698,0.9852343466494864,0,0,-0.1857686048528303,0.0012287825567080422,-0.06629809439842026
2021-05-07,179.5500030517578,179.82000732421875,177.8800048828125,179.49000549316406,723800.0,0.9331771913446452,0.8638191921973706,0.9081092681021959,0.9034071931508444,0.32453360989081026,0.6406807487499563,0.5726753042292608,0.9834572336454288,0,0,-0.18224225660286428,0.0036648546589509333,-0.04392250443088672
2021-05-10,180.52999877929688,181.3500061035156,179.22000122070312,179.27000427246094,1171400.0,0.9426130709261769,0.8699483071617935,0.8984800244260277,0.9037833881734777,0.30752400479892317,0.6508091630734654,0.5925898261365415,0.9805811488527333,0,0,-0.18831133777554593,0.004568540303766116,-0.050253518281854793
2021-05-11,179.4600067138672,179.6300048828125,176.41000366210938,178.99000549316406,953300.0,0.9520624860803746,0.8756210136456444,0.8855472541538681,0.9040885501205528,0.3057468906257169,0.6344405272192135,0.5889898460953162,0.9782405550053057,0,0,-0.18257382833875482,0.010542753079739545,-0.05449882322539658
2021-05-12,178.1699981689453,178.6199951171875,173.4199981689453,173.85000610351562,1261400.0,0.9598399817214514,0.8801823443130443,0.6800478221958832,0.90447100645307,0.3019625780240276,0.5765093985434441,0.565807837880099,0.9751434973328572,0,0,-0.17565227932576938,0.01776639944676539,-0.0483266865803562
2021-05-13,174.72999572753906,178.4499969482422,173.61000061035156,178.0399932861328,1147800.0,0.9679863772336643,0.8854799956488719,0.7656155686429625,0.9048345654372226,0.2914915298496297,0.5940767927950181,0.5442816873945404,0.9779616381259731,0,0,-0.16105837800965012,0.03807886191292267,-0.04325561547115646
2021-05-14,178.1300048828125,179.85000610351562,177.2100067138672,179.10000610351562,658500.0,0.9719428132460883,0.8911706282278273,0.7849037454043595,0.9050453511223456,0.3683861350316749,0.6340135014398599,0.5298606549423854,0.9795784230294988,0,0,-0.17636491990206743,0.0180858309488259,-0.05442598745683611
2021-05-17,178.82000732421875,180.4600067138672,177.52999877929688,179.9600067138672,1046400.0,0.975726643594562,0.8963207406473379,0.8006255524807168,0.905383136133577,0.36599004709552935,0.6386422123658867,0.5188616863875692,0.9821476010447597,0,0,-0.17917370465153648,0.014126179190829096,-0.05728648473465128
2021-05-18,180.25999450683597,180.5200042724609,177.11000061035156,177.16000366210938,1275200.0,0.9784883652034413,0.9006035372480437,0.7002684581629158,0.9057829562037122,0.3583692357945239,0.6018023672928977,0.5055163213933266,0.9790166608640825,0,0,-0.18631916830615,0.0060569657480216,-0.05829067483340286
2021-05-19,176.0399932861328,176.6199951171875,173.9499969482422,176.35000610351562,949000.0,0.9794292450142057,0.9047787814861254,0.6729357661486312,0.9060778731581242,0.3507648288366262,0.5216734240091063,0.47165228236630585,0.9766866246097986,0,0,-0.16544364954121138,0.029972977577435438,-0.034149851365478996
2021-05-20,176.66000366210938,178.8699951171875,176.49000549316406,177.47999572753906,1032900.0,0.9814328454468402,0.9087775294314904,0.6993322653616777,0.9064025541186197,0.358955397907838,0.5757209639451526,0.4507559271541054,0.9792226566930966,0,0,-0.15911537616915547,0.02659485273084277,-0.0340232480427478
2021-05-21,178.72000122070312,180.97000122070312,178.38999938964844,178.4499969482422,883100.0,0.9827189417497841,0.9132423369135594,0.721794263531794,0.9066828435161075,0.33725206253908785,0.620617916119821,0.44011032715860443,0.9813908916943168,0,0,-0.1661032028240281,0.014818598975233023,-0.05471042904899345
2021-05-24,179.77000427246094,180.38999938964844,178.3300018310547,179.57000732421875,700500.0,0.9848985356127442,0.9179677544712199,0.7474402497213457,0.9069076709673835,0.3498018759141037,0.6188556282208777,0.4298114588216806,0.9831107972750606,0,0,-0.17108433343460255,0.008854031146399651,-0.041860472672743905
2021-05-25,179.41000366210938,180.3000030517578,178.9199981689453,179.10000610351562,660100.0,0.9872236639943233,0.9226628365313194,0.7281236604099839,0.9071184680538608,0.3384733317169306,0.6131712591818018,0.42024822393739414,0.9814900839647838,0,0,-0.1623322824877,0.010803599500352484,-0.05813889856648794
2021-05-26,178.5500030517578,179.39999389648438,178.16000366210938,178.75,767600.0,0.9893220289284534,0.9273441289637998,0.7131838315780936,0.9073626549062309,0.3419852320726181,0.5842411264380738,0.4055364921744766,0.9796054308259131,0,0,-0.1503629649180771,0.015633740683065347,-0.039865991883449095
2021-05-27,179.9600067138672,181.13999938964844,179.4199981689453,180.7899932861328,3182800.0,0.991894216370063,0.9320640298288121,0.7651369862068547,0.9083955831777125,0.3583659382114762,0.6483402604336302,0.40022844778086386,0.9874200139556649,0,0,-0.07865741436298077,0.007776220361669421,-0.04408394340034965
2021-05-28,180.80999755859372,181.3500061035156,178.5500030517578,179.72000122070312,883500.0,0.9947642380531041,0.9361896343530671,0.7175030684637883,0.9086790182760281,0.36553296714156813,0.62383813978686,0.38841821046704195,0.9852507968527568,0,0,-0.08247139894801353,0.002986938243131709,-0.06012498213871683
2021-06-01,182.1100006103516,182.9499969482422,179.6699981689453,180.75,1227400.0,0.9973838129097399,0.9407854369855133,0.7448500931292333,0.9090767454917498,0.3606408061887663,0.6995698258664751,0.38516881793047175,0.9882643758817431,0,0,-0.07684173973287796,0.00467391682720416,-0.06688183947706486
2021-06-02,181.47999572753903,181.97999572753903,178.89999389648438,180.33999633789065,1332500.0,0.9979219410070079,0.9452530028139066,0.7255122406199479,0.9095065498326981,0.3404284598443575,0.644172507601475,0.3758788075807652,0.9849927496342898,0,0,-0.06777316735822944,0.00813278683653197,-0.055325034578146456
2021-06-03,179.50999450683594,181.1100006103516,178.8300018310547,180.9900054931641,1148200.0,0.9985819150796595,0.9498750044764284,0.7442052983748539,0.9098791697037522,0.3464973104317124,0.6273136253337093,0.3666650732656409,0.9878118725290934,0,0,-0.05206831307712262,0.019075094328830717,-0.05162469639375088
2021-06-04,181.8500061035156,182.5800018310547,180.72000122070312,182.3300018310547,524000.0,0.9993400362559044,0.9545866324064696,0.7815656705373427,0.9100514545498924,0.340508100280008,0.7094953725407742,0.3658262901226721,0.9890984257400994,0,0,-0.06481026924313306,0.006077633081060584,-0.08895522191761956
2021-06-07,182.8500061035156,182.97000122070312,179.3300018310547,179.97999572753906,815800.0,0.9995058715513829,0.9583978527778227,0.6670464526854067,0.9103133757263603,0.3279796496251081,0.6293448081519559,0.3530158860940873,0.98709542934785,0,0,-0.0698185205862259,0.0006581205286155528,-0.13360390701319297
2021-06-08,179.3000030517578,179.57000732421875,177.24000549316406,179.07000732421875,1092100.0,0.9994381833594972,0.9617416333873092,0.6267137081952117,0.9106606510831107,0.34973293781303805,0.5069828488588868,0.3250904648766102,0.984414046214759,0,0,-0.0510057125930116,0.020391144883129694,-0.10851205268868976
2021-06-09,178.36000061035156,178.9499969482422,176.72999572753906,177.11000061035156,992800.0,0.9988019029943582,0.9647186317837428,0.5460033369620365,0.9109699007720905,0.3343879199908077,0.45020216940050906,0.2955135211453741,0.9819764698256621,0,0,-0.046015553449132086,0.025744124765711515,-0.0997375321374438
2021-06-10,178.69000244140625,178.69000244140625,176.50999450683594,177.38999938964844,816500.0,1.0000000000000002,0.9681106739858947,0.556786736472809,0.9112248943772171,0.34558438988579304,0.43088921768554084,0.26642390455932674,0.9839811848958652,0,0,-0.04838804864030845,0.024165765708019097,-0.08904073298015237
2021-06-11,178.39999389648438,178.9199981689453,176.61000061035156,177.52999877929688,557000.0,0.9998273943360496,0.9718708765222601,0.5624642708559899,0.9113990561528172,0.3322474404180284,0.43347124132103015,0.24113805149297893,0.985348761496114,0,0,-0.04667680707923861,0.025762485709131987,-0.07587796099774709
2021-06-14,177.1699981689453,177.57000732421875,174.07000732421875,175.3800048828125,588000.0,0.9985683743427156,0.9751002099553125,0.473971894360805,0.9115787618472445,0.3268435569949452,0.3369778637529074,0.22872474769506726,0.9839050720150614,0,0,-0.029234509531306862,0.032670551972279936,-0.06776318854286943
2021-06-15,176.13999938964844,176.74000549316406,174.49000549316406,176.35000610351562,801600.0,0.9973465836295607,0.9782426754671696,0.5166210125523644,0.9118262146704988,0.32477355074551406,0.37410565785564315,0.2171981084541493,0.9858732037973943,0,0,-0.023719942674702604,0.03894401665468329,-0.07292731742526169
2021-06-16,175.6699981689453,176.27999877929688,174.22999572753906,174.72000122070312,769500.0,0.9965207742614302,0.9811590028684818,0.45325376677906015,0.9120596130308517,0.3352284460844034,0.3606749026711745,0.20832730318641526,0.9839838856755067,0,0,-0.012758718016030424,0.04139496909046199,-0.07263962072717148
2021-06-17,174.83999633789062,174.86000061035156,168.9199981689453,171.16000366210938,1223600.0,0.9947642380531041,0.9843566226828122,0.34017480653195187,0.9124164534030018,0.3220020538646038,0.24806258695958938,0.22897299520524697,0.9809796366125544,0,0,-0.03388277316612011,0.04653162102799453,-0.06478933142365584
2021-06-18,169.11000061035156,170.30999755859375,167.86000061035156,168.1199951171875,1777200.0,0.9915963821286318,0.9871240309426443,0.26542967363974734,0.9129169050731857,0.30666782393325887,0.23086321500982127,0.25242111946062384,0.9766161588136997,0,0,-0.007303108046595113,0.08097686558661733,-0.033944831936691185
2021-06-21,169.7899932861328,172.1699981689453,169.14999389648438,171.63999938964844,976700.0,0.9892915648524687,0.9900431166902803,0.4124297126235361,0.9132029704915764,0.32512176332670306,0.3424176799555378,0.2579083672067545,0.979014205609863,0,0,-0.011479852080866139,0.07839643300835948,-0.024744162051757175
2021-06-22,172.47999572753906,173.10000610351562,170.86000061035156,171.50999450683594,785000.0,0.9865636847573933,0.9928174197639221,0.4088628433637327,0.9134324840329683,0.31921702914169586,0.3921477919584086,0.25544420921589384,0.9770868310475734,0,0,-0.026916774257843133,0.061116322130427087,-0.05051269051372531
2021-06-23,171.4499969482422,171.64999389648438,169.47000122070312,169.69000244140625,710500.0,0.9833789054938797,0.9953848910472862,0.35961687395595,0.913635959870469,0.3182267341734457,0.3801600497155892,0.2601704594662698,0.9753423729246349,0,0,-0.020931703415963534,0.06716812221693459,-0.04955979401924132
2021-06-24,170.49000549316406,170.74000549316406,168.4199981689453,169.52000427246094,794600.0,0.9802550492180582,0.9979565009021376,0.3550904039667446,0.913863019894826,0.31817725219015675,0.3872267008970147,0.2695603656859389,0.9733914279218384,0,0,-0.015498879397568737,0.07354585154094974,-0.03689085789121002
2021-06-25,170.0,170.75999450683594,166.67999267578125,167.2100067138672,3390500.0,0.975658955402676,0.9997821369284277,0.29617036169647015,0.9148057175752932,0.26319898036521205,0.38036705096277523,0.2859514035122225,0.9650668884907011,1,0,-0.01958475248079082,0.07651015156805387,-0.033624332259223344
2021-06-28,167.86000061035156,168.5800018310547,165.50999450683594,168.44000244140625,1762800.0,0.9718412835403987,0.9999241612560981,0.3516658177292721,0.9153024247530831,0.2850445879289238,0.3880628058296052,0.30591774643003966,0.9693950106287954,0,0,-0.014054219300026692,0.09036540878924831,-0.0029902516591343072
2021-06-29,169.5399932861328,170.85000610351562,167.97999572753906,168.55999755859375,871800.0,0.9677156244661207,0.9998938257585372,0.3571376697017842,0.915548295478564,0.2837901904943008,0.4310274491245921,0.30480127368142174,0.9715355012573356,0,0,-0.0239254257948539,0.07973170113935431,0.0038589951665403857
2021-06-30,167.86000061035156,170.10000610351562,167.5800018310547,169.77000427246094,1143900.0,0.9641382516239578,1.0,0.41268444244067914,0.915875276565102,0.2954287406860576,0.44117793929211224,0.3057118854278297,0.9743440665589955,0,0,-0.01394165957257285,0.08964167554107326,0.015009485144406299
2021-07-01,170.9499969482422,171.3800048828125,169.13999938964844,169.99000549316406,758200.0,0.9604153442631762,0.9995063612080577,0.42279314525224765,0.9160924724801395,0.28029813075549614,0.46693393976772135,0.29602306609096685,0.9762056403082031,0,0,-0.03204336634565718,0.07080169623586886,-0.006891666015791592
2021-07-02,169.80999755859375,170.9199981689453,168.66000366210938,170.66000366210938,608000.0,0.956465678619224,0.9993822629754918,0.45436681380079735,0.9162679193744764,0.2813605321612801,0.4711897218140084,0.2897142793374856,0.9776984348736452,0,0,-0.0252956227590141,0.07741633764838361,-0.002470722721179053
2021-07-06,170.0,170.22000122070312,166.6999969482422,169.00999450683594,996300.0,0.9527529242290114,0.9986045755282085,0.3952984524037859,0.916550003380764,0.2918107055750907,0.4445542498020609,0.2941572583904143,0.9752522650947801,0,0,-0.026309653092788206,0.07599906798538747,-0.019981270297291562
2021-07-07,168.58999633789062,172.52000427246094,168.58999633789062,172.3000030517578,941500.0,0.9504616425255146,0.9984901283517749,0.5374876791035018,0.9168265175047098,0.2944702049029135,0.5109923616931348,0.2798004717585745,0.9775638869424178,0,0,-0.01822378516751038,0.08508375451270056,-0.024140595016051928
2021-07-08,170.2899932861328,170.60000610351562,167.99000549316406,168.97000122070312,927700.0,0.9477066912851071,0.9980406146850123,0.4261664777075318,0.9170888759177599,0.29974512493720185,0.46165325427800763,0.2698563169269874,0.9752861476030089,0,0,-0.02774230234842767,0.07359261584436141,-0.053105012968199285
2021-07-09,170.9499969482422,172.30999755859375,169.91000366210938,171.41000366210938,852200.0,0.9456827849113347,0.9978834226085616,0.5162397062510734,0.917336542053739,0.3043758702212022,0.5343948022066568,0.24790593086566612,0.9773785152488473,0,0,-0.0321950784287484,0.07113691297640934,-0.058176017991590466
2021-07-12,169.9600067138672,172.32000732421875,169.25999450683594,172.0800018310547,565100.0,0.943838254569985,0.997730366999596,0.5393743217284198,0.9175019557527059,0.3117501851743295,0.5500390327302136,0.23159232398958426,0.9787659794082738,0,0,-0.025961216451539794,0.07589985548615813,-0.04433817129189891
2021-07-13,171.85000610351562,171.85000610351562,169.49000549316406,169.94000244140625,664900.0,0.941997106830732,0.9975511123605552,0.4688499943870068,0.917691930122544,0.3084555708695455,0.5259369497769665,0.21644397474750823,0.9771334808777434,0,0,-0.036843395683504275,0.06462107739924904,-0.052126924251835634
2021-07-14,170.02999877929688,171.5,168.86000061035156,170.08999633789062,640100.0,0.9398784307911856,0.9971484800612951,0.47458886936072153,0.9178750864873008,0.30136167065260133,0.5254685019880723,0.2066232266794469,0.9787050891036309,0,0,-0.02659764744924841,0.07614453486822706,-0.03907260971081749
2021-07-15,169.2100067138672,171.80999755859375,169.2100067138672,171.47999572753906,680600.0,0.9387818634912335,0.9961460347286297,0.5277417829948281,0.9180728486190614,0.312733123608715,0.5956067632513811,0.19476923920226266,0.9803761351254069,0,0,-0.021753261724346367,0.08089831737958977,-0.04738675401798041
2021-07-16,171.85000610351562,171.85000610351562,169.05999755859375,170.1999969482422,957500.0,0.938456952940192,0.9949271065495549,0.4825329376318144,0.9183470189039303,0.314305033797583,0.5657710307690581,0.18488418896123907,0.9780252292102576,0,0,-0.036972310209018186,0.06484718564406676,-0.0583742128238077
2021-07-19,167.07000732421875,168.13999938964844,164.17999267578125,165.75,1623400.0,0.9376548372795745,0.9929497951394621,0.35309230526859425,0.9187882617941167,0.32760679309701807,0.2608877162517072,0.20439520608239828,0.9740393695103584,0,0,-0.01698010987224843,0.09341947227719141,-0.03149236607790033
2021-07-20,154.8000030517578,159.1300048828125,152.35000610351562,158.49000549316406,4015400.0,0.933204272818533,0.9900541500755773,0.2134497848650256,0.9197842483043813,0.3604087828072039,0.0,0.25526385355699566,0.9641805417174699,0,0,-0.014781278722426471,0.1494419563949378,0.02865761689291101
2021-07-21,158.97999572753906,160.92999267578125,157.10000610351562,159.77000427246094,2045500.0,0.9292309186313459,0.9873653368019697,0.261370665887645,0.9202995283960252,0.3746111918585021,0.2372883216656188,0.29009308257074984,0.9692027642234103,0,0,-0.04183222534060294,0.12600164381699427,-0.007760714776378213
2021-07-22,160.14999389648438,160.97999572753906,159.32000732421875,160.5,1322400.0,0.9261205979281903,0.9848157895097085,0.2887394288037921,0.9206355711942177,0.3886742079564721,0.3294148715568349,0.32208721347605473,0.9724495924032469,0,0,-0.04882010129803326,0.11748140308272036,-0.009513606891314773
2021-07-23,161.52000427246094,163.39999389648438,161.22000122070312,162.9199981689453,1156500.0,0.9238868514460103,0.9833086741038053,0.3755732953379257,0.9209383701763637,0.39728050814256044,0.41040937041981995,0.3353305192310009,0.9752890939080723,0,0,-0.057133944977852416,0.1084111769251363,-0.036510907229604754
2021-07-26,164.22000122070312,165.07000732421875,162.91000366210938,164.94000244140625,1428200.0,0.9231185772991966,0.981502344397783,0.44167679367677504,0.9213214540706879,0.4443669834878404,0.46125505508655584,0.3371652812559197,0.9787956879843295,0,0,-0.0728578151890139,0.08194209583572357,-0.08482695482163972
2021-07-27,163.88999938964844,165.67999267578125,162.75,165.13999938964844,1740600.0,0.9220017040581063,0.9795774289438395,0.4481639389378229,0.921789190247826,0.4380777152570634,0.4723488154710205,0.3350995177631809,0.9830693034787514,0,0,-0.06996479395731979,0.07790715359107926,-0.0780283431956385
2021-07-28,165.24000549316406,165.8000030517578,162.72000122070312,163.35000610351562,1702800.0,0.9202384026455865,0.9772871115020068,0.40253784527122605,0.9222366423373028,0.4319915585826547,0.4679305894434822,0.3324055035693163,0.9788884965938257,0,0,-0.07805498024276018,0.06685232727949761,-0.06467244746302073
2021-07-29,164.30999755859375,164.58999633789062,162.25,162.86000061035156,1455600.0,0.9178997386913417,0.9753153146805609,0.3902621473418817,0.9226166163377528,0.4127237957723252,0.46120845501509716,0.331804845667397,0.9753146285519548,0,0,-0.07321696362532748,0.06458526267254762,-0.06905416809197233
2021-07-30,163.0800018310547,165.05999755859375,162.38999938964844,163.52000427246094,1297200.0,0.9157099918578122,0.9735462131819073,0.4154218826873356,0.9229578364913716,0.4125185852718383,0.4757461680234276,0.32784683926408575,0.9784995843254606,0,0,-0.06588478255757205,0.061525262402731776,-0.0649024148631061
2021-08-02,164.8000030517578,166.85000610351562,163.0,163.3000030517578,849500.0,0.9132190281807546,0.9715909643344047,0.40914260428785565,0.923180602514161,0.3976993259439474,0.49485145967782573,0.31164761545452135,0.9764138458660148,0,0,-0.07613745488593374,0.050758334362125804,-0.08849070965404858
2021-08-03,163.82000732421875,165.7100067138672,162.2899932861328,165.6300048828125,844400.0,0.9120750837943326,0.9698232430609139,0.49879060014685883,0.9234083116991084,0.40387043531764216,0.5017537602375594,0.30019184686647227,0.9784870625289412,0,0,-0.07023883041243861,0.05682791552891513,-0.08028169237814624
2021-08-04,164.27000427246094,165.94000244140625,163.75,163.80999755859375,1212400.0,0.9092016743449165,0.967650129037837,0.44237943442292305,0.9237280201993111,0.37908794172147886,0.5061388215295567,0.28787652492761806,0.9755103123132471,0,0,-0.07196762553607976,0.049809815593721,-0.08742383963927977
2021-08-05,165.25999450683594,165.9199981689453,162.8000030517578,162.9499969482422,1218100.0,0.9071642272342,0.9654232388334483,0.4169657292888219,0.9240457126851259,0.3682107313382404,0.4967043521463935,0.28157568191648374,0.9725195671485021,0,0,-0.07881074779152289,0.04431969888179836,-0.11305774549595117
2021-08-06,164.14999389648438,164.99000549316406,163.63999938964844,164.22999572753906,813200.0,0.9047341813805561,0.9634211065144416,0.4677851706563231,0.9242610822582159,0.3642663665332706,0.5122158238300274,0.2757248991204304,0.9745161798797809,0,0,-0.07241477762479971,0.05136551416220725,-0.10948141559988579
2021-08-09,163.97999572753906,164.5800018310547,162.36000061035156,164.3000030517578,738800.0,0.9021010709512547,0.961147337046552,0.47059404729563925,0.9244568596906594,0.3652163969375076,0.503848370782109,0.27737405977935037,0.9763301216971305,0,0,-0.07081525864080171,0.052000296943865994,-0.11155082836282192
2021-08-10,164.55999755859375,167.61000061035156,164.5,167.36000061035156,1026500.0,0.9012278793323762,0.9594430430105052,0.5840573604708678,0.9247389151963085,0.3811308048560675,0.6038273572563794,0.25508711876521994,0.9788504401534238,0,0,-0.07431522354404176,0.048448001010442006,-0.11746806264926192
2021-08-11,167.6300048828125,170.25999450683594,166.58999633789062,170.19000244140625,998700.0,0.9012617260104583,0.957986947543592,0.6695409736165108,0.9250223414315576,0.3936873708740011,0.6988589992157674,0.23610084261650097,0.9813025025424157,0,0,-0.09130018357774657,0.029218447489333846,-0.12613528043358446
2021-08-12,169.75999450683594,170.6199951171875,167.86000061035156,170.38999938964844,909900.0,0.9008928209750438,0.9566149637555517,0.6752037764753795,0.9252810644321295,0.39681849529207724,0.728447300750338,0.22054805016945364,0.983536538356718,0,0,-0.1022973626744867,0.016217226194442463,-0.12444910025236758
2021-08-13,170.42999267578125,170.42999267578125,168.89999389648438,169.77999877929688,528400.0,0.9007506742228,0.955069239917117,0.6492004367024793,0.9254302333974448,0.40000018922369684,0.7355560623798143,0.20610617146862395,0.9822391820271462,0,0,-0.10610943504331055,0.012266046153919173,-0.13070009445064196
2021-08-16,169.2899932861328,169.6999969482422,167.61000061035156,169.38999938964844,578900.0,0.901982617906524,0.9532849706696829,0.6321625656203868,0.9255928987155261,0.4092942778380562,0.688961078493986,0.18323790426556627,0.9808178353594909,0,0,-0.09977610616335371,0.019024684942582266,-0.13664740908851516
2021-08-17,168.3699951171875,168.4600067138672,164.33999633789062,166.58999633789062,816100.0,0.9047240284099871,0.9514386523059657,0.5201151669674262,0.9258147962006574,0.3695076754348671,0.5896602398736103,0.1786227543865104,0.9788141023909755,0,0,-0.0945745856980673,0.024499729442274548,-0.13353796091087197
2021-08-18,165.9600067138672,166.5500030517578,164.39999389648438,164.50999450683594,648100.0,0.9063282597312223,0.9494310032943107,0.449783425698695,0.9259866259826807,0.35214993671939243,0.529785318794878,0.17433725807024422,0.9772228521313324,0,0,-0.08169758634694195,0.038177566181415365,-0.1377634474550457
2021-08-19,162.77000427246094,163.77000427246094,160.94000244140625,161.13999938964844,958000.0,0.9065448650438239,0.947228933998836,0.3546958568491323,0.9262301485286876,0.3348922918432366,0.3922565835195444,0.18765700930050613,0.9748707185890734,0,0,-0.06333960559771538,0.05805120278793139,-0.11403568410456338
2021-08-20,161.4199981689453,162.52999877929688,159.8699951171875,161.1199951171875,1131600.0,0.9059356609882951,0.9449854979245056,0.3541754703986797,0.9265176190868764,0.32594878197810445,0.3660842339072863,0.2045843098582014,0.9720923529143131,0,0,-0.056286409952737905,0.06764310038823079,-0.10804271892797206
2021-08-23,161.67999267578125,163.22000122070312,161.1300048828125,162.36000061035156,698700.0,0.9050624693694165,0.9428937393379795,0.4078466133284431,0.926697847064296,0.311787565225373,0.41798298838847325,0.21459462983444136,0.9738078390374617,0,0,-0.05790706836528663,0.06312074066497714,-0.09824967137537456
2021-08-24,162.97999572753906,163.49000549316406,162.19000244140625,162.8800048828125,649800.0,0.9042975829889779,0.941170141085667,0.43011303807708723,0.9268665085078763,0.2985460672327109,0.4480541984567188,0.22160230408653595,0.975403263229278,0,0,-0.0654717269282007,0.05463174638231086,-0.09996301839447203
2021-08-25,163.2100067138672,163.6699981689453,161.10000610351562,163.38999938964844,885000.0,0.9043111185616437,0.9393831134919084,0.4524384281988726,0.927097607567546,0.31978128200145367,0.44706647509232705,0.23350248034888452,0.9775761632135153,0,0,-0.06667485440072907,0.05304518130303759,-0.07815576255346385
2021-08-26,163.22999572753906,163.27000427246094,161.00999450683594,161.14999389648438,662100.0,0.9037323734178218,0.9375119742192772,0.3792846157739107,0.9272656800642681,0.32123948971584726,0.41821337337861575,0.24500142724002757,0.9759505393947994,0,0,-0.06658907928677511,0.05275727038482799,-0.07644280727726291
2021-08-27,161.94000244140625,162.91000366210938,161.47999572753906,161.83999633789062,647300.0,0.903163781244569,0.9362268583524322,0.41116334534296584,0.9274313941618318,0.3197115993381458,0.4333993641310836,0.2556790207818034,0.977539825451067,0,0,-0.059509753032015715,0.0538628172791424,-0.06255043259591828
2021-08-30,162.8699951171875,163.02999877929688,161.6699981689453,161.7100067138672,495700.0,0.9026256531473007,0.9353429987676876,0.4067382251026658,0.9275580640453794,0.3228446307462183,0.44269576531427657,0.2642960559246167,0.9763227559344722,0,0,-0.0650024051638519,0.0478868028631161,-0.06222189998327417
2021-08-31,161.4199981689453,161.72999572753906,158.67999267578125,159.5500030517578,1244900.0,0.9005679000954463,0.9336759350430113,0.33694288599759115,0.9278674332161158,0.3060952949751786,0.3867766341821676,0.2876363498665664,0.973266209956645,0,0,-0.026714438724089382,0.05689194586777082,-0.04167958205016934
2021-09-01,159.52999877929688,159.63999938964844,156.52000427246094,157.75,1057900.0,0.8985169174120637,0.9317785988443064,0.28643355189164776,0.9281240981577489,0.31762570547492197,0.3500913893881453,0.31793074302165225,0.9706687965178602,0,0,-0.018865524595819024,0.06950796694308457,-0.0040739196744077645
2021-09-02,158.0,159.85000610351562,157.7100067138672,158.6300048828125,1037300.0,0.8970548328430723,0.9302535594473005,0.33247625139570935,0.9283786058091844,0.32957348462329605,0.39066196386926966,0.3437528330959396,0.9732156317197238,0,0,-0.0093819063552397,0.07999996904714739,0.014580051041253962
2021-09-03,158.25999450683594,158.92999267578125,155.35000610351562,155.66000366210938,1123000.0,0.8941543522483244,0.9283424336209762,0.2541142110902135,0.9286433108553499,0.3192443709681982,0.3592824416165654,0.3762621830297739,0.9704583812312509,0,0,-0.01834450175721837,0.07791716718083998,-0.005421424597363441
2021-09-07,149.49000549316406,153.64999389648438,149.0,150.39999389648438,2030100.0,0.8894499480302245,0.9260245369239051,0.15353893461651377,0.9290872423590776,0.30223830635160914,0.2692827982360543,0.42197585236273294,0.9654739696402904,0,0,-0.0031479216345626955,0.13574450165047042,0.060709217049456476
2021-09-08,149.4499969482422,151.3699951171875,148.61000061035156,151.02000427246094,2772500.0,0.8839197396082721,0.9236225306519625,0.18360434948203266,0.9296985175296649,0.31734090233699624,0.2925280110426681,0.465153880116964,0.9722811619637908,0,0,-0.005585082260500411,0.14075797226106246,0.0730052937043086
2021-09-09,148.9199981689453,155.61000061035156,148.9199981689453,154.55999755859375,2382500.0,0.878629825042156,0.9216921006093726,0.33834051369818285,0.9302504008812774,0.3257684635751905,0.3729258132000893,0.46939611604005305,0.9781308051416951,0,0,-0.0020526920263786485,0.14368955326668112,0.10647597256085455
2021-09-10,154.88999938964844,155.8800048828125,153.00999450683594,153.02999877929688,1276600.0,0.8727544001280241,0.9193838570724349,0.30447141491825,0.9305396493219341,0.30054839356627394,0.4087781693185483,0.4713278016509521,0.9749964276051106,0,0,-0.04063146272318052,0.10177274829197519,0.04418997113703649
2021-09-13,154.5,154.99000549316406,151.6199951171875,152.50999450683594,1060900.0,0.8669094341255992,0.91697357576152,0.2930892473171156,0.9307781538419985,0.2932966451392224,0.4077235350582854,0.47788637437758863,0.9723916484036673,0,0,-0.03848918144567929,0.10533879138583867,0.03639814002907974
2021-09-14,153.27000427246094,153.27000427246094,149.97000122070312,150.3300018310547,967400.0,0.8604586518340203,0.9141703153114786,0.2473558927244263,0.930988791995209,0.27874892678903757,0.3912792774274024,0.4892789796447319,0.9700164354717451,0,0,-0.03055539853095005,0.11376297599924762,0.05638968693518041
2021-09-15,150.10000610351562,151.6199951171875,149.9499969482422,150.7100067138672,1001400.0,0.8550841309012556,0.9116469691532945,0.26465102083217684,0.9312079771887715,0.2766833331829711,0.40063608303481935,0.49992196866775696,0.9724751270471295,0,0,-0.009911564391774404,0.13649962591454531,0.07596619457092434
2021-09-16,150.72000122070312,150.83999633789062,149.0500030517578,149.7899932861328,776500.0,0.8501022035471402,0.9085431120739689,0.24473544998873706,0.9313755907732947,0.28227609276942484,0.4022286900650483,0.5127732024725435,0.9705686221457055,0,0,-0.014000401541733966,0.13204162305072295,0.08134824471285665
2021-09-17,148.75,149.6999969482422,146.35000610351562,146.74000549316406,1888100.0,0.8452285814314646,0.905477865531177,0.18539198743545574,0.9317644906650934,0.27445038300223645,0.3830503314586452,0.5327369761588504,0.9659328566539107,0,0,-0.01602239137496884,0.14600438011510458,0.07891052709802757
2021-09-20,144.13999938964844,146.5500030517578,143.8000030517578,146.30999755859375,1139600.0,0.8402161951656422,0.9020168793989327,0.1776967223814819,0.9319975205590848,0.2870632044498014,0.3724335969786066,0.5576256584046265,0.9631348489453946,0,0,-0.002316998263343147,0.18045519106084976,0.10147198331910989
2021-09-21,147.3000030517578,147.89999389648438,145.27000427246094,145.66000366210938,854000.0,0.8345641459325841,0.8983738823853251,0.16578394626611828,0.9321703081134575,0.2780055676663626,0.3977393337562437,0.5689584938758939,0.961038061841961,0,0,-0.02392181025495767,0.15938755009609357,0.09971974971872767
2021-09-22,146.82000732421875,147.3000030517578,145.14999389648438,145.25999450683594,950900.0,0.8286007217211502,0.8949708089018784,0.15827959251304627,0.9323614199463374,0.26683268919706304,0.4020334906930977,0.5798368353276462,0.9587033606046603,0,0,-0.02073324314522541,0.16339411777153384,0.10977612132612136
2021-09-23,146.44000244140625,147.97999572753906,146.30999755859375,146.52000427246094,1040600.0,0.8228911372667749,0.8917207931313988,0.22910385469554825,0.9325746868074577,0.2484396411848736,0.4256188731408867,0.5837131724571539,0.9612582981454482,1,0,-0.018174304622627528,0.16646009631126166,0.11572351779073399
2021-09-24,146.60000610351562,149.17999267578125,146.25999450683594,148.5800018310547,1142500.0,0.8186368721771973,0.8885631619747634,0.3343568750498429,0.9328162866476007,0.2641071174135258,0.4500693839796886,0.5765700328507761,0.9640634260912009,0,0,-0.01911003938104638,0.16263981625302595,0.11254429261216152
2021-09-27,148.8300018310547,150.3000030517578,147.94000244140625,148.16000366210938,980800.0,0.8140069316837333,0.8855241144620467,0.3226255181679536,0.9330222941622995,0.2581486200334255,0.4700161851429296,0.5603692383819867,0.9616553127527376,0,0,-0.03385380749299167,0.1404630156144302,0.09180239077637124
2021-09-28,148.0,149.02000427246094,145.67999267578125,146.08999633789062,901300.0,0.8087203997197143,0.8828132386258489,0.2678967630951582,0.9332055643891487,0.2554793111726169,0.43732943469041285,0.5550645957741605,0.9594423921247229,0,0,-0.028347710883030303,0.13809399438547432,0.09078021473943786
2021-09-29,145.6699981689453,147.49000549316406,144.8699951171875,145.75,973100.0,0.8040498421796964,0.8810565465296514,0.259356206975362,0.9334023086739488,0.25817096290485175,0.4238702531497214,0.5533462578052288,0.9570531842437497,0,0,-0.012800295462136915,0.14292563081813808,0.10308712393805239
2021-09-30,146.5800018310547,147.1300048828125,143.0,143.00999450683594,1089500.0,0.799061144457109,0.8787455446463897,0.1962414735146569,0.9336129483852701,0.24741255034322845,0.39452661922875143,0.5586937348328281,0.9543781847716294,1,0,-0.024562619767099055,0.1179416977111921,0.08871350034841338
2021-10-01,143.63999938964844,145.27000427246094,141.80999755859375,144.00999450683594,1198700.0,0.7941130586167975,0.8764717730744984,0.2505111785124815,0.9338484425694252,0.2533025374640145,0.38600306818168817,0.5677218483055436,0.9573212980045166,0,0,-0.012796321245695961,0.1400601324989173,0.12586532893782884
2021-10-04,144.0,145.88999938964844,142.4600067138672,144.00999450683594,1416700.0,0.7901701581770393,0.8738643131334396,0.2505111785124815,0.934126634568815,0.26320781895467565,0.404931033112816,0.5702320271374497,0.9607996566572499,0,0,-0.01520729480551639,0.13658772945798292,0.1314491590712662
2021-10-05,144.66000366210938,147.00999450683594,143.52000427246094,145.85000610351562,1272800.0,0.7886302324455929,0.8712320343874684,0.3500026327134875,0.934383942221609,0.27864179485595575,0.4512446976760023,0.5621594252001423,0.9639247042278004,0,0,-0.019790335478280567,0.13200468878521873,0.14012911218341403
2021-10-06,144.60000610351562,146.8800048828125,143.0800018310547,146.75,1324300.0,0.7871850660513644,0.8686962767228263,0.3951019363201025,0.934655349204491,0.2681932004999126,0.4605281263246813,0.5566279571130209,0.967176197390654,0,0,-0.019129300158833684,0.13075071146651132,0.13507025110619678
2021-10-07,148.1199951171875,151.6699981689453,147.92999267578125,150.47999572753906,1726600.0,0.7858042052469247,0.8669216585315243,0.5528385805852963,0.9350296056901982,0.25560509625255295,0.6056302943586057,0.514218000837186,0.9714154393260032,0,0,-0.042998279785988074,0.10323685966114779,0.09696770689150341
2021-10-08,150.47000122070312,151.30999755859375,149.38999938964844,150.74000549316406,976600.0,0.7850291658959172,0.8652504583393625,0.562459035757087,0.9352420024508717,0.27630517041826835,0.6350036406295568,0.47483732715248217,0.9738132405967446,0,0,-0.05754920194036478,0.08346622750664505,0.06891278184220274
2021-10-11,151.7100067138672,153.72999572753906,151.22999572753906,151.86000061035156,1272400.0,0.7848091779812185,0.8636426853846451,0.6039800553772843,0.93552317554899,0.2746727261374801,0.7036156967341323,0.43879262804817076,0.9769373060656072,0,0,-0.06567605675006026,0.07509613674482081,0.06355304645852669
2021-10-12,151.74000549316406,153.3000030517578,151.0,152.8000030517578,1435800.0,0.7856451403199181,0.8621948628527025,0.637618279543564,0.9358446161208224,0.29427644573727874,0.6997760425462372,0.4037964359783227,0.9804625600739325,0,0,-0.06538922622586525,0.06578421041896157,0.05722367409252357
2021-10-13,153.75999450683594,155.0399932861328,152.00999450683594,154.67999267578125,1287500.0,0.7869887666799007,0.8606849891004755,0.6999010150071774,0.9361404488889428,0.30767374425299787,0.7318886322041493,0.38143840200385415,0.9836236998815093,0,0,-0.07820678474852108,0.03985609604089355,0.03272251243546346
2021-10-14,155.82000732421875,159.05999755859375,155.05999755859375,158.8800048828125,1580400.0,0.7900652458692525,0.8600052029596843,0.8099976017665936,0.9365245965401162,0.32733726513771494,0.7901714991741507,0.3796245032536817,0.987503983649971,0,0,-0.09057415586378284,0.02605378180838164,-0.0014222991409384214
2021-10-15,159.64999389648438,161.64999389648438,158.5399932861328,160.3000030517578,1369200.0,0.7946545744804405,0.8596398009717947,0.840491714666462,0.9368634410914441,0.3477052581196651,0.7799579934491823,0.3875667721686228,0.9908657177272792,0,0,-0.11228597551371639,0.012588116430857173,-0.014413351055860535
2021-10-18,159.4499969482422,159.8699951171875,157.3300018310547,157.39999389648438,1820700.0,0.798407940752929,0.8586980266342508,0.7105330108265336,0.9372969108364811,0.31443318937814513,0.7023460257603993,0.3861530381815168,0.9863954363698771,0,0,-0.11004366221972446,0.013724247700306346,-0.03293823255631545
2021-10-19,158.27999877929688,159.11000061035156,157.2100067138672,158.94000244140625,1258600.0,0.8029025048626213,0.8579589476194993,0.7484958486617338,0.9376025778733047,0.33486500524481283,0.6812658177981394,0.3839556848217388,0.989485619330511,0,0,-0.10463787712428235,0.021410389122402444,-0.030495573302973446
2021-10-20,160.55999755859375,161.19000244140625,156.57000732421875,160.42999267578125,1739100.0,0.8080367319395496,0.8570033836543363,0.7830771080845297,0.9380329819833942,0.360128370156171,0.6751987319591781,0.3901650174386544,0.9937555519436038,0,0,-0.1179690431105426,0.0068579106653308105,-0.009626266237544033
2021-10-21,156.9199981689453,165.16000366210938,156.9199981689453,165.0,2543300.0,0.8142912148596648,0.8562877453233357,0.8712787179112819,0.938698999572441,0.4004319955237052,0.6948933444895748,0.4088086967088458,0.9999999999999999,0,0,-0.09418438758448308,0.051362001304934214,0.021629379661668224
2021-10-22,162.44000244140625,164.9499969482422,161.52000427246094,161.72000122070312,1543700.0,0.8187383967186093,0.855092257828012,0.741976988197229,0.9390868143555232,0.37496674732339735,0.6781159997714832,0.4261206846025949,0.996209824061393,0,0,-0.12503033262310606,0.01648485588304924,0.012060546875
2021-10-25,162.1999969482422,162.1999969482422,158.49000549316406,160.07000732421875,1817700.0,0.8227692912913913,0.8537533678838567,0.6840089497132489,0.9395336330356879,0.3815744586436071,0.6307238569559139,0.4197016724247955,0.9917469084666495,0,0,-0.12608211251384868,0.018303281545413767,0.02522880163404533
2021-10-26,160.11000061035156,162.57000732421875,159.57000732421875,161.8699951171875,1004800.0,0.8281099707103521,0.8527164505861451,0.7241133016191703,0.9397862674559839,0.39677743040559743,0.6330966064311556,0.41518703459552897,0.9942139479063801,0,0,-0.11432499665406715,0.03154871506645919,0.029424667322761836
2021-10-27,161.8300018310547,162.82000732421875,160.25999450683594,161.52000427246094,1048300.0,0.833447267527216,0.8520173602290879,0.711228556318129,0.9400485738719345,0.4005664193176175,0.6257426836371128,0.41201781179395325,0.9916401049081022,0,0,-0.12367952601695727,0.02057207593441822,0.013714717289612146
2021-10-28,162.1199951171875,163.72999572753906,161.6699981689453,162.97999572753906,1270500.0,0.8402060370307951,0.851806391971325,0.7446948425974539,0.9403722564355358,0.4184413398013015,0.6328499507108336,0.4128648998829415,0.9947595053939479,0,0,-0.12574292360922498,0.018821251018504303,0.007738979488208967
2021-10-29,162.2100067138672,164.0,159.4199981689453,160.57000732421875,2067400.0,0.8458107091773834,0.8517277969851005,0.6549181073741209,0.9408827872645512,0.401501335469439,0.607138641871101,0.3966305090677309,0.9896835128206009,0,0,-0.12516879181526697,0.018100362164531095,0.0036813772269916733
2021-11-01,160.4199981689453,161.22999572753906,158.33999633789062,159.02999877929688,787200.0,0.8508941714014668,0.8514396118622742,0.6023068672194969,0.9410732231617679,0.39806295150099025,0.575293704958254,0.37407724742112547,0.9877507366990285,0,0,-0.1158996061622812,0.02951986844961131,0.012704792002672972
2021-11-02,160.1199951171875,162.2899932861328,159.41000366210938,161.88999938964844,1340400.0,0.8563228449534515,0.8513748043996672,0.6762645568988043,0.9414095653904578,0.40483188039931167,0.5994594246288044,0.35864300964341966,0.9910417594548157,0,0,-0.11513549455536697,0.03169218753448172,0.03609385359506975
2021-11-03,161.24000549316406,163.61000061035156,160.0399932861328,162.80999755859375,1216400.0,0.8617582888739082,0.8513651512395333,0.6982956206929214,0.9417182150921132,0.39779930504770566,0.6165754611224156,0.35086844250431726,0.9940283306873876,0,0,-0.12001981597272589,0.02421396123123319,0.04991044450872571
2021-11-04,162.88999938964844,164.27999877929688,162.27000427246094,163.25,756100.0,0.8660802473196498,0.8513458470232675,0.7090343973111798,0.9419110594125956,0.3897138097921859,0.6391040825898744,0.3468889651238063,0.9958847484027343,0,0,-0.12947608959620677,0.013942658967512022,0.010441600477454556
2021-11-05,163.9199981689453,165.64999389648438,162.8300018310547,163.08999633789062,991000.0,0.8702600538488694,0.8516133498086669,0.7024878359908379,0.942163232479715,0.3746469960376734,0.6535766639884437,0.3496058805555201,0.9934515914712324,0,0,-0.13543645090567571,0.010597217320300535,-0.019846894291969754
2021-11-08,163.25999450683594,164.82000732421875,162.11000061035156,162.47000122070312,1129100.0,0.8738509674279762,0.8517002198338639,0.6761422101331126,0.9424482123556334,0.3721711656969935,0.628905863764522,0.34604552744798556,0.9906793639320208,0,0,-0.13152245649574965,0.014654481840178753,0.0041081500030032934
2021-11-09,162.02999877929688,163.9600067138672,161.0399932861328,161.4499969482422,1151500.0,0.8767785243323343,0.8516643676436546,0.6330013937849133,0.9427349934713524,0.3516696840681316,0.5881362639526861,0.33390833975872847,0.9878521386982929,0,0,-0.12445375188516059,0.02228100627801444,0.022835026072458915
2021-11-10,161.60000610351562,163.3699951171875,160.47000122070312,160.72999572753906,2943400.0,0.8788261244136197,0.8518270743087522,0.6029030615342095,0.9434607795712427,0.30919328855838346,0.5502759131459025,0.3180133178527266,0.9806253434286839,0,0,-0.12257670436046014,0.02508509055139282,0.03381846737865529
2021-11-11,160.5,160.8800048828125,158.5,159.50999450683594,1985800.0,0.8790393419598463,0.8520697561852371,0.5531539302573243,0.9439423149354084,0.2874554278815154,0.43378998897268234,0.2883489431467302,0.9757496995996462,0,0,-0.11628198182179104,0.03204127439419815,0.05748774801703615
2021-11-12,159.77000427246094,161.91000366210938,159.17999267578125,161.63999938964844,3076200.0,0.8794928585261876,0.8524847978869532,0.6285429424491146,0.944708396895977,0.31605321092205035,0.5068681638679408,0.2675548547840001,0.9833025526296018,0,0,-0.10851983044768969,0.03686282882902015,0.07159424839962551
2021-11-15,161.97000122070312,162.94000244140625,160.25,162.92999267578125,1091600.0,0.8813644651771473,0.8534872411156169,0.6698955010341541,0.944984513329847,0.3511106737313428,0.5690387153591963,0.2547167484152586,0.985982708135583,0,0,-0.11686463413126051,0.022766596694363265,0.05716410249971704
2021-11-16,163.39999389648438,166.97000122070312,162.92999267578125,164.83999633789062,1500700.0,0.8833612952413099,0.8554783421533285,0.7260730653164106,0.9453730331217894,0.33716812741481916,0.7443833213618695,0.26352202153593696,0.9896673081427523,0,0,-0.12471609267094845,0.021911296168304648,0.04719820037498431
2021-11-17,164.2899932861328,165.08999633789062,163.41000366210938,164.3000030517578,1000600.0,0.8846710852517665,0.8573094927682652,0.7007208150928356,0.9456302514978013,0.3233223939030502,0.6858920343459822,0.2716983465765669,0.9872105807707435,0,0,-0.0992477613067685,0.016258238255943698,0.04944193967686986
2021-11-18,164.4499969482422,164.8699951171875,162.02999877929688,162.35000610351562,916500.0,0.8837742050896531,0.8583836403773475,0.6138859124357214,0.945860100549443,0.28388055017744074,0.5980750953884311,0.26785416576698784,0.9849603402785927,0,0,-0.0916615780819526,0.015337822432462678,0.03743158272088443
2021-11-19,162.42999267578125,162.88999938964844,160.38999938964844,160.83999633789062,793800.0,0.8834763708482216,0.859460544228752,0.5531464474571932,0.9460553149133858,0.2945790258746189,0.4863638827884915,0.25183300712471257,0.9830113594791717,0,0,-0.07040340157728973,0.027964326296527085,0.054327114213935074
2021-11-22,161.44000244140625,163.02000427246094,161.22000122070312,161.2899932861328,585700.0,0.883889270368009,0.8606711994728562,0.570025954850471,0.9462001533547088,0.29119453209823776,0.5117736534174723,0.23773830981443797,0.9844494018755195,0,0,-0.0649092432175516,0.03438198772200619,0.07249442879626898
2021-11-23,161.35000610351562,162.35000610351562,159.7899932861328,160.42999267578125,907100.0,0.8834019071235859,0.8620638655983237,0.5345804016884598,0.946421937823373,0.27882319159343255,0.44346999190119807,0.21402411974459892,0.9822222407730318,0,0,-0.05790819012627928,0.03484404086506146,0.057474049225277504
2021-11-24,159.72000122070312,160.25,158.0399932861328,158.75999450683594,846300.0,0.8824677925170155,0.8631738611896114,0.46991316792222393,0.9466243109585665,0.2753411364650943,0.34220127989311117,0.19738344319026843,0.9801443591270883,0,0,-0.02904696051147334,0.045191051118800375,0.049803689197389374
2021-11-26,155.1199951171875,156.38999938964844,153.11000061035156,155.60000610351562,695000.0,0.8799700636357637,0.8639749914246477,0.3675206788107208,0.946783495617537,0.27552666934980863,0.19246648339042366,0.20709938359867822,0.9784379574445516,0,0,-0.012660585641109924,0.07464100852564204,0.06972793970298415
2021-11-29,156.89999389648438,158.4499969482422,156.22000122070312,157.36000061035156,1277900.0,0.8788836493063805,0.865439359826532,0.44325970401792003,0.9470832164411896,0.28875317494554753,0.348407921284808,0.20201238476146852,0.9815755268116215,0,0,-0.024357282374471458,0.06471726818262141,0.0765424369854204
2021-11-30,155.83999633789062,157.85000610351562,153.8300018310547,154.1699981689453,2322700.0,0.8772388009385914,0.8665231584917461,0.35217243048734914,0.9476041621926291,0.26976667789330866,0.2994461260705357,0.20774748714673089,0.975872707836042,0,0,-0.017348727230237924,0.07072956812177553,0.08013472649619476
2021-12-01,156.35000610351562,159.0500030517578,153.39999389648438,153.47999572753906,1096600.0,0.8743924677987853,0.867601440464312,0.3344634475175483,0.9478475668722798,0.24433955474501504,0.34498881540963805,0.2051372506388721,0.9731802760589633,1,0,-0.02101579770153167,0.06888496622766842,0.08088474650585405
2021-12-02,154.33999633789062,159.83999633789062,154.22999572753906,159.02999877929688,1173000.0,0.8731131418643137,0.8695001568881797,0.5374447015035347,0.9481284446970603,0.2463781097580749,0.4384335204964886,0.19756775921572303,0.97606028925841,0,0,-0.008014045880758148,0.0822908863330538,0.06945532941656604
2021-12-03,158.8300018310547,161.99000549316406,158.4499969482422,160.38999938964844,1507500.0,0.8721451857439393,0.8714126608356652,0.577357558648748,0.9484957402560844,0.2484236150546233,0.5234725855494988,0.17736012451007846,0.9797615849942718,0,0,-0.03596806429358897,0.05118530750254985,0.031189030328558586
2021-12-06,162.63999938964844,166.3300018310547,162.27999877929688,164.42999267578125,1256100.0,0.8725987023102806,0.8735981821571963,0.6806601961299608,0.948817698952715,0.2594991046582077,0.65341087214141,0.17253010470044214,0.9828456298193571,0,0,-0.05941766204602867,0.0269967070735842,-0.006795912101992148
2021-12-07,166.36000061035156,167.8699951171875,165.69000244140625,166.27999877929688,1160900.0,0.8738881812153212,0.8760967095104679,0.721278338576183,0.9491219269067187,0.2632075292988045,0.7103180965966113,0.17446477291515902,0.9856959344427481,0,0,-0.08058140600982695,0.009183206070034346,-0.040503581820631684
2021-12-08,166.4499969482422,167.22999572753906,163.55999755859375,164.82000732421875,926500.0,0.8750287481639243,0.8786793506466144,0.6708993970648613,0.9493603572802897,0.26993207516348433,0.6568484353830835,0.16400844930616912,0.9834211414084025,0,0,-0.08022610317430166,0.008539801415503217,-0.07042333137505476
2021-12-09,164.1199951171875,165.0800018310547,163.17999267578125,164.0500030517578,822300.0,0.8761523917734864,0.8812026989088002,0.6446289889346469,0.9495699034705,0.29926989799631326,0.617388043678267,0.15217469794593239,0.9814021858637264,0,0,-0.0668001093166929,0.02275209218152348,-0.05515104922917289
2021-12-10,165.50999450683594,165.72999572753906,162.8699951171875,163.3699951171875,1095400.0,0.8774587940175682,0.8840100958263268,0.6210508528104218,0.9498465925908949,0.2941184039130298,0.6064594906779273,0.14437817064809386,0.9787127003917112,0,0,-0.07558667275716036,0.014385861423038084,-0.07022242486662628
2021-12-13,163.30999755859375,164.57000732421875,162.13999938964844,162.80999755859375,946100.0,0.8778547753625925,0.8866023880186051,0.6011972150615228,0.9500838078156325,0.25795732234232144,0.580076626784356,0.132655388588628,0.9763897843746638,0,0,-0.06243494676562604,0.027912087255207434,-0.06010890836096111
2021-12-14,162.75,163.6199951171875,162.0,162.4600067138672,837600.0,0.8776957104355856,0.8891464207222199,0.5883572665180531,0.9502928256567896,0.23988498279637288,0.5661251473931015,0.12088058094580431,0.9743332634404298,1,0,-0.05921011936738771,0.031447670253449043,-0.05749033075799285
2021-12-15,163.02999877929688,165.94000244140625,161.94000244140625,165.86000061035156,1000500.0,0.8780409269277649,0.8919055560470812,0.6871915239663802,0.9505531692119046,0.2529160377654406,0.6166757526151342,0.12237834230998415,0.9767897452870167,0,0,-0.06106117049728378,0.02979192501459804,-0.05047394195104546
2021-12-16,167.38999938964844,170.42999267578125,166.6199951171875,169.32000732421875,1591900.0,0.8797399279147742,0.8950176860613777,0.7677171164983222,0.9509846246804444,0.2604779015740925,0.710174321870487,0.14265438545716194,0.9806982644790023,0,0,-0.08609670039037513,0.018328670414481368,-0.06746655251554283
2021-12-17,168.9199981689453,169.30999755859375,164.4499969482422,164.58999633789062,2366700.0,0.8804980439267409,0.8969632838527479,0.6057014708953423,0.951590255755265,0.2414678807585615,0.6354832643652635,0.14737626238722953,0.9748874143177658,0,0,-0.09337347551798955,0.008917992213079446,-0.0683321023207561
2021-12-20,162.25999450683594,162.25999450683594,158.25,160.67999267578125,865900.0,0.8804438913075208,0.8983338874156253,0.5006787508117289,0.9518010142568033,0.25011494809027834,0.5010017927738059,0.13338585790261617,0.9727614096891205,0,0,-0.05559264900705229,0.049638485635378066,-0.02819126005764576
2021-12-21,161.88999938964844,164.33999633789062,161.33999633789062,163.92999267578125,1085600.0,0.8813373888675373,0.8999981927939775,0.5815722205439765,0.9520763008449368,0.2667321895011019,0.5644956704367111,0.116704460150621,0.9754268336697849,0,0,-0.05464276312865587,0.05314907689450011,-0.032051245526728334
2021-12-22,163.39999389648438,166.7899932861328,163.39999389648438,165.74000549316406,1051600.0,0.8831345421224175,0.9017824620414114,0.6225726430825086,0.9523488763708244,0.2774066765467809,0.6057360368876152,0.11114869406182082,0.9780087790069871,0,0,-0.06277065665759064,0.04288415234179093,-0.06350264666886835
2021-12-23,166.30999755859375,168.32000732421875,166.30999755859375,167.05999755859375,709100.0,0.8859436459820444,0.9034895144237824,0.6515795255234007,0.9525355742117209,0.27884384246363936,0.6396173847239801,0.11179704823594985,0.9797497997740183,0,0,-0.0796427929935517,0.02485818137225432,-0.08133217859761109
2021-12-27,168.0399932861328,170.0,167.5399932861328,169.74000549316406,621600.0,0.8907292739646961,0.9049869766695515,0.7069537060540818,0.9527044557273837,0.280469183320857,0.6771261811240967,0.11852412945451837,0.9812759857968453,0,0,-0.08936904641426673,0.014306233835602575,-0.08254515436166089
2021-12-28,169.99000549316406,171.8699951171875,169.9499969482422,171.19000244140625,609700.0,0.8954099844752832,0.9064885753828062,0.7349859079469643,0.9528728591996437,0.28233443021269766,0.7099099933671489,0.13122979085154943,0.9827729542944605,0,0,-0.09944623740154356,0.011075701444460895,-0.0765877199204141
2021-12-29,170.89999389648438,172.27999877929688,170.64999389648438,171.2100067138672,644900.0,0.9011771093152534,0.9083928084993227,0.7353819946400542,0.9530509865085638,0.3039408162036517,0.70871967391719,0.14443128198127922,0.9843563477406013,0,0,-0.10391958077237513,0.008061246936922258,-0.099830574765837
2021-12-30,171.3800048828125,172.77999877929688,170.9600067138672,171.08999633789062,635300.0,0.9071371457603121,0.9100681451589694,0.731001808139509,0.9532261819875493,0.3104550326949023,0.6988100141558515,0.15846914422421224,0.9827965247349675,0,0,-0.10671107736707515,0.00817705648960168,-0.12546002069976175
2021-12-31,170.86000061035156,172.97999572753906,170.41000366210938,172.44000244140625,674900.0,0.9116757095186552,0.9117241797063527,0.7604379957768702,0.9534151303435391,0.30491619138687087,0.6875613855183639,0.1679276651998625,0.9844535758076927,0,0,-0.10374656835543446,0.012391110892308746,-0.1261908749781718
2022-01-03,172.10000610351562,172.91000366210938,169.61000061035156,170.60000610351562,827600.0,0.9151312467139903,0.9124963525649892,0.6901818498318892,0.9536419629634524,0.29896677292835466,0.6486709374320385,0.17142357810112244,0.9824216074156533,0,0,-0.11012529125668921,0.005103164066136284,-0.1186500024599532
2022-01-04,170.3300018310547,172.99000549316406,170.3000030517578,171.25,1802200.0,0.9174394517565283,0.9138104237042322,0.7061167110715549,0.9541393851394279,0.2913796063045398,0.6451720175427806,0.17503023204690785,0.9868464665699951,0,0,-0.10093786989816682,0.015592049044214889,-0.10820636608105476
2022-01-05,172.0800018310547,177.32000732421875,171.22999572753906,173.10000610351562,1748800.0,0.9197476567990663,0.9156071023541226,0.7500622060261285,0.9546319692049997,0.28960042625339877,0.6795363952302671,0.19560734816619543,0.9911402151490166,0,0,-0.11077372975593065,0.03059857222285584,-0.13448174469662408
2022-01-06,173.2100067138672,173.3000030517578,169.88999938964844,170.6199951171875,955400.0,0.9217106401851469,0.9168136211307414,0.6551412637717414,0.9548934777961452,0.28639916709595514,0.6109669136001974,0.20546494364152965,0.9887944652677282,0,0,-0.11611788211893886,0.02374350355535943,-0.13616410452419994
2022-01-07,170.42999267578125,170.50999450683594,167.42999267578125,167.7100067138672,1113700.0,0.9229493542373428,0.9176671473219267,0.5589571126021263,0.955187988437271,0.27587182554030687,0.5464402056239401,0.19906238916194705,0.9860600486434965,0,0,-0.10151208862439445,0.04038222275006636,-0.13925679982886402
2022-01-10,167.00999450683594,167.5,164.89999389648438,166.19000244140625,1385900.0,0.9239037747850511,0.9181097682788815,0.5136531874825905,0.9555476804137547,0.28464594120726106,0.48787293122701364,0.17913283275788658,0.9826573118207231,0,0,-0.08115198894226872,0.061475239429051455,-0.15741454200479427
2022-01-11,166.74000549316406,169.02000427246094,164.8800048828125,168.80999755859375,647300.0,0.9259344515272958,0.9192459629002447,0.5895241710338872,0.9557209626752029,0.2972245549929148,0.5144307032665149,0.1677840560152666,0.9842465978769906,0,0,-0.08026963957343335,0.063662083612911,-0.17467957369777407
2022-01-12,169.50999450683594,169.58999633789062,167.02999877929688,168.4499969482422,1212500.0,0.9279617405031653,0.9205448662907072,0.5780235941718455,0.9560440676499041,0.30340791656130545,0.527209253622589,0.15989787090093135,0.9812696021358747,0,0,-0.09543274002334963,0.04626510828940665,-0.1683549468631487
2022-01-13,169.41000366210938,171.1300048828125,168.25,168.82000732421875,1156300.0,0.9289635433016215,0.92150043025587,0.5890786590975059,0.9563534158711525,0.28266387170672824,0.5518721346137402,0.15962164796399272,0.984108612589856,0,0,-0.09011581008953364,0.046957576761131055,-0.21347585256956836
2022-01-14,165.50999450683594,168.07000732421875,164.1699981689453,165.0,1479000.0,0.9275014535683519,0.9218024050063156,0.4703940775043589,0.9567311220197897,0.263735908862111,0.4480377740952503,0.13970027178374358,0.9804772915992493,0,0,-0.04300434896257954,0.06995623921933428,-0.2310744746735928
2022-01-18,163.02000427246094,163.92999267578125,160.27999877929688,163.7899932861328,1636900.0,0.9272306956365306,0.9218768635250547,0.437541874206856,0.9571426882280784,0.3105196107028247,0.3738626123202466,0.13797024364324292,0.9764582859673873,0,0,-0.02890911680279356,0.08666668516216856,-0.20751518480705491
2022-01-19,165.27000427246094,165.27000427246094,161.44000244140625,161.5500030517578,1287800.0,0.927525147275865,0.9216645171461304,0.38062947693011917,0.9574572344059015,0.2930477309012936,0.36556870652375884,0.1294959103660824,0.9732964095835446,0,0,-0.04285978728991915,0.07356983665483806,-0.22724221714620668
2022-01-20,161.19000244140625,162.77999877929688,159.14999389648438,159.6999969482422,1697200.0,0.9260935216185804,0.9212825671842977,0.3377551693869171,0.957861679985425,0.2683940019585148,0.31740940246976085,0.13081117279656193,0.969129352122248,0,0,-0.01819871486145577,0.09984527748752024,-0.23051689749106968
2022-01-21,157.61000061035156,159.5,154.1699981689453,154.74000549316406,4334300.0,0.9223706142577988,0.9203573408206973,0.2426574818559082,0.958825864800347,0.22078821685956546,0.26129129805060963,0.14859040882176702,0.9584875437587682,1,0,-0.021540403927002794,0.12341895485605477,-0.2699436533134265
2022-01-24,150.0,155.6199951171875,149.1300048828125,155.02999877929688,1604300.0,0.9182991078027407,0.9195713804384431,0.2538614485028722,0.95918383915658,0.23944997037143378,0.27626222506526205,0.17797195824679565,0.9624265081030754,0,0,-0.005622302483541877,0.17655426104677024,-0.20847874493358234
2022-01-25,152.19000244140625,155.6199951171875,149.77000427246094,153.99000549316406,1391600.0,0.9129685813543489,0.9188102409651033,0.2352302825476517,0.9594896417077664,0.24102422129977008,0.32494072887561487,0.20525482557003646,0.9590097763312511,0,0,-0.019738099610966328,0.1620976912899804,-0.19454301683279782
2022-01-26,154.88999938964844,156.41000366210938,152.16000366210938,153.49000549316406,1263400.0,0.9069780859975833,0.9176864557461963,0.22615441685227902,0.9597651585227615,0.23289085062653203,0.36950796104119243,0.22601057038511216,0.9559078081503636,0,0,-0.03740498929387749,0.14565885534412834,-0.21884535194550803
2022-01-27,155.27000427246094,156.49000549316406,152.0,153.38999938964844,1348500.0,0.9009469735942637,0.916371006485792,0.22424722513240378,0.9600586753146819,0.22899225268752954,0.39210283783794764,0.24573020499778583,0.9525968978353987,0,0,-0.04000260062484585,0.1436575820094022,-0.22828848564402396
2022-01-28,153.19000244140625,154.88999938964844,150.25,154.8300018310547,921900.0,0.8954438414819212,0.9149907497627809,0.29109836438109227,0.9602634269370253,0.24702976756619946,0.4022236269391557,0.26893855316033355,0.9548603967003346,0,0,-0.026468463229342317,0.1573114608437825,-0.20366389997699086
2022-01-31,153.60000610351562,156.52000427246094,153.13999938964844,156.1999969482422,1540400.0,0.8899474745737728,0.9138738572536818,0.35140032636841156,0.9606120239840744,0.257750601666305,0.43665265177555235,0.2801117380427047,0.9586424703000173,0,0,-0.028870381501258657,0.15320029025502174,-0.19524641864901318
2022-02-01,156.30999755859375,157.6999969482422,155.2899932861328,157.35000610351562,1556600.0,0.8854630634346494,0.9131844179527566,0.3999571228648774,0.960969714820825,0.275699558758057,0.46284783425326503,0.283218069679088,0.9624643190180554,0,0,-0.045966663355060014,0.1345071074014604,-0.18207423410792684
2022-02-02,157.75999450683594,159.1300048828125,155.9199981689453,157.6199951171875,2432100.0,0.8808500411159483,0.9127404188746406,0.4114462283827488,0.9615302564517169,0.28411712410548023,0.47919594387564,0.27753543286102955,0.9684357428052457,0,0,-0.05484581690035677,0.12430894222218775,-0.1848109355135574
2022-02-03,156.3800048828125,159.16000366210938,155.8800048828125,156.74000549316406,1717700.0,0.8753130623255239,0.9121130307940004,0.3842340820378153,0.961921117051087,0.2823399714529514,0.48223512602958896,0.2724214859978812,0.9642183526324498,0,0,-0.045996702351181785,0.13285118062488044,-0.16146436363044958
2022-02-04,155.3699951171875,156.14999389648438,152.2899932861328,152.99000549316406,1288900.0,0.869346260676271,0.9110871468815855,0.2846450023546282,0.9621990936954413,0.2789006691363712,0.44186921466938994,0.28122243306400196,0.9610537754689658,0,0,-0.03981108852677146,0.14004090492384574,-0.16881453698961452
2022-02-07,152.74000549316406,154.80999755859375,152.4499969482422,152.8300018310547,1609500.0,0.8643101807029359,0.9102694728806093,0.2808588430864237,0.962545230650694,0.2766502959315575,0.4420819101794605,0.28939474105397145,0.9571020438027174,0,0,-0.02359631662679341,0.16066410189228328,-0.14563042015376879
2022-02-08,153.72000122070312,154.60000610351562,152.8800048828125,154.25,1162500.0,0.8602691331595849,0.910083323427759,0.34888426870406175,0.9628002890931203,0.28540313465361405,0.4558608592079305,0.2969833127589431,0.9599562768328594,0,0,-0.03003334608975938,0.15441998181485436,-0.1634495545917293
2022-02-09,156.0800018310547,157.3800048828125,155.8300018310547,156.99000549316406,1441200.0,0.8562687026627878,0.9100323055927708,0.46445843396227415,0.963128725703407,0.28708263873194306,0.5082249524637129,0.28509284422608794,0.9634947892139699,0,0,-0.04505670630951175,0.13769857694109602,-0.17225288378747974
2022-02-10,155.77000427246094,157.5500030517578,153.0399932861328,153.80999755859375,1298800.0,0.8513138516182821,0.9099826658789443,0.3738830447870658,0.9634116296753011,0.2747302447240364,0.47628357032642815,0.2857511953443602,0.960305905033713,0,0,-0.04229568225562976,0.13726990443793685,-0.16759027095988852
2022-02-11,153.17999267578125,154.74000549316406,149.80999755859375,149.89999389648438,1145400.0,0.8449104464131731,0.9094890270870017,0.2855469002891706,0.9636469859649971,0.2696665029727809,0.40095838989512206,0.2977126610870554,0.9574936568507239,0,0,-0.026331108882736386,0.15694698024581522,-0.15363103828814262
2022-02-14,149.5800018310547,150.4499969482422,147.97000122070312,149.27000427246094,1150200.0,0.8395866903332534,0.9081432423290368,0.2728505543516576,0.9638809645492706,0.2809837928258222,0.34395012000221836,0.31449674250008597,0.9546696234474813,0,0,-0.010740498171490066,0.18505674865017224,-0.09132757170664117
2022-02-15,151.77000427246094,152.92999267578125,150.77999877929688,151.63999938964844,922900.0,0.8354745719959193,0.906936723552418,0.3674614439450671,0.9640754852286643,0.2597791799741966,0.4236679759623504,0.31425767857780096,0.9569355775666367,0,0,-0.02545724487835954,0.17116635841398964,-0.1261472586058515
2022-02-16,151.74000549316406,152.5500030517578,150.35000610351562,151.8699951171875,836800.0,0.8321984108330069,0.9052048523651348,0.37634063612746216,0.9642524067941408,0.2789509666934748,0.41941431922241224,0.3155805717484167,0.9589901342974952,0,0,-0.02486154238746517,0.16868901301776767,-0.13630966929663765
2022-02-17,150.0800018310547,150.7899932861328,148.7899932861328,149.0500030517578,747200.0,0.8285939616812341,0.9028290451232677,0.3095412252075781,0.9644037452295077,0.2868277869330423,0.34210279886168343,0.32237331793516344,0.957155568344702,0,0,-0.01389346597873676,0.15289393538720975,-0.10581423481194323
2022-02-18,149.35000610351562,150.5399932861328,148.77000427246094,149.63999938964844,1055400.0,0.8268678843846153,0.9007359063115783,0.3338281481976726,0.9646193881568904,0.32920638245175005,0.36911977784407324,0.32875281184524663,0.959746843647938,0,0,-0.009258670610917676,0.14612545007284394,-0.1072124163645877
2022-02-22,149.82000732421875,149.82000732421875,145.52999877929688,146.6699981689453,1225600.0,0.82403847458385,0.8983394146282826,0.26874813616443893,0.9648583177255446,0.30561440767797254,0.32084003471544753,0.345590197217432,0.9567376840765469,0,0,-0.028668862352445604,0.14240843120497834,-0.11634592176638126
2022-02-23,147.2100067138672,147.49000549316406,139.8800048828125,140.61000061035156,1584900.0,0.8195100637960759,0.8952010876879126,0.1687795545686945,0.9651370973282868,0.28189610110500396,0.252216904658546,0.37554826958473286,0.9528463516640976,0,0,-0.049976150014070714,0.16308719211540793,-0.08911166214895395
2022-02-24,137.52000427246094,138.52000427246094,134.58999633789062,137.7100067138672,2450600.0,0.814169384377115,0.8917401036596702,0.1318510956100203,0.9655456267670172,0.305816277234823,0.20908235102295658,0.41305185972136904,0.9468295056738469,0,1,-0.02083783459108106,0.23902994427465515,-0.023967074613101637
2022-02-25,138.6199951171875,141.61000061035156,137.1199951171875,141.08999633789062,1815800.0,0.8100064960226581,0.8887934386567955,0.25648948198584365,0.9658672898784263,0.3296825672780319,0.32434107540678975,0.42928199243967025,0.9512877562855735,0,1,-0.02926438590385357,0.2360758708927671,-0.04422333919817732
2022-02-28,138.61000061035156,138.88999938964844,132.5,133.4499969482422,3254000.0,0.8027705162452246,0.8843244926032392,0.15852169478226,0.966365552234138,0.2898652458918374,0.2977009116647346,0.4532416365257843,0.9432983590553948,0,1,-0.043305696852659725,0.20880294477657105,-0.048621452891123684
2022-03-01,132.08999633789062,133.05999755859375,124.73999786376952,126.5,3466400.0,0.7927186674039699,0.8784201334201966,0.0953700945671477,0.9668205007108842,0.24924713170179308,0.27268844289109717,0.48676402624237514,0.9347874658289993,0,1,-0.05507679761859989,0.24863251175224071,-0.02532776096903432
2022-03-02,127.3499984741211,129.75,125.43000030517578,128.77999877929688,3180800.0,0.7830492591707956,0.873482369483612,0.1626255782056157,0.96726011171175,0.2573480273016291,0.3242384525023887,0.5178919595506379,0.9425971384503122,0,1,-0.020632415892107327,0.29976289168648096,0.025612631334146492
2022-03-03,129.8800048828125,130.86000061035156,126.1999969482422,128.0500030517578,2650100.0,0.7730414099781917,0.8689830900364965,0.15542692012580775,0.9676199703603697,0.24872212796436624,0.36340976122188146,0.5406430379244126,0.9360904692432759,0,1,-0.03991308485607245,0.2554744075814784,-0.012501946153228197
2022-03-04,125.9000015258789,126.52999877929688,122.86000061035156,123.9499969482422,2398200.0,0.7619437586898299,0.8634703339754208,0.11713608309490861,0.9679146829267741,0.24676276587838925,0.35912907150100815,0.5666405675460874,0.9302022785741257,0,1,-0.023740732862759677,0.2623974828063063,0.004607546457083131
2022-03-07,122.62999725341795,123.0199966430664,114.45999908447266,114.5,3348400.0,0.7489169655291912,0.8564049592621008,0.04933968191718438,0.9682271622404143,0.2155581402940005,0.3364097577764829,0.6003996438921857,0.9219811053456285,1,1,-0.06591366171922412,0.29471567009352373,0.05655508115226215
2022-03-08,115.0,122.19000244140624,111.31999969482422,117.73999786376952,4087000.0,0.7370408897055856,0.8496043300398566,0.13620591069947433,0.9686493059697413,0.2384628191665009,0.3633441257767342,0.6346238450642061,0.9320157293406316,0,1,-0.032139740656557045,0.3856768878786845,0.14585150173137282
2022-03-09,122.5,123.41000366210938,121.27999877929688,122.02999877929688,2607200.0,0.7261361551865904,0.8430256993046696,0.2409057083831466,0.9689530982164661,0.22020123004533182,0.4144945142960326,0.6601093743643972,0.9384170681416524,0,1,-0.09495498987618078,0.31136405917491733,0.0904534915042796
2022-03-10,119.52999877929688,122.02999877929688,119.12000274658205,121.19000244140624,2061400.0,0.7140197829250092,0.8361313062954194,0.2323343657266461,0.9691877118295377,0.22214380174486176,0.41715338090046855,0.6860649958813608,0.9333558070936222,0,1,-0.06727853123494033,0.3247562507518108,0.10915354795921353
2022-03-11,121.62999725341795,123.05999755859376,119.91999816894533,120.2300033569336,1589500.0,0.7026547640533398,0.8291017827203078,0.22221777488349273,0.9693637566284848,0.21688813935291545,0.42977270686300495,0.7046022546839351,0.9294531805117633,0,1,-0.08507300396811596,0.309679063063281,0.06361910165156034
2022-03-14,121.97000122070312,124.97000122070312,121.29000091552734,121.9499969482422,1789500.0,0.6931951959285731,0.8223259733549768,0.2667924944405782,0.9695714061664217,0.21633753759634244,0.4496122988800356,0.7115562887254346,0.9338468579375176,0,1,-0.08858023146070824,0.3093238077270795,0.03268735087288127
2022-03-15,122.33000183105467,124.95999908447266,121.86000061035156,123.37000274658205,1654400.0,0.6844294408081233,0.8155598160977791,0.3034031644866073,0.9697705665931341,0.21510781705075993,0.46120372202426374,0.7180136060496841,0.9379088305182206,1,1,-0.09028292260559301,0.3020090426626745,0.05969658844999113
2022-03-16,124.6999969482422,129.1199951171875,124.29000091552734,127.87000274658205,2106500.0,0.6763845775837392,0.8096678673691935,0.41072702940590866,0.9700534404219897,0.2301214261758867,0.4938944695370212,0.7022345947737835,0.9430808235315492,0,1,-0.10845421865558542,0.2793224118236626,0.049850117681413515
2022-03-17,125.4800033569336,128.67999267578125,125.3000030517578,128.67999267578125,1906900.0,0.6685360111486796,0.8037979801511972,0.42887834579520123,0.9703141302534143,0.2499693446662115,0.5040041011526505,0.6875826557318758,0.9477627478026701,0,1,-0.11073749400140583,0.2633925047450274,0.019629267638402514
2022-03-18,129.22999572753906,131.38999938964844,127.2699966430664,130.92999267578125,2526000.0,0.6624033638753921,0.7979832472356743,0.4789522721128392,0.9706768373894096,0.2814135856577989,0.5340089176633286,0.6605675061000944,0.9539647199610695,0,1,-0.139182445229387,0.22008089008501192,0.013677415805108683
2022-03-21,130.5,131.16000366210938,128.1300048828125,128.91000366210938,1509700.0,0.6553873771769354,0.7922319457655986,0.44193035374678424,0.9708839970042605,0.2724793777069926,0.5418324528183928,0.6354820100134402,0.9502580226659247,0,1,-0.14649050162761978,0.20659898086713466,0.02069813538123317
2022-03-22,130.22000122070312,131.32000732421875,129.4600067138672,130.4600067138672,1348800.0,0.6499011684036338,0.7870956229737074,0.47765008082801985,0.9710754742878046,0.280928626426651,0.5717600930437879,0.6113477524593278,0.9535696695571555,0,1,-0.14661392435778978,0.21200838611943829,0.05523229318843225
2022-03-23,129.27999877929688,130.83999633789062,128.5,128.74000549316406,1145100.0,0.6458838145677956,0.7819317230305796,0.4443798852266778,0.9712318529310217,0.2855627916750822,0.5705239388448828,0.5920482402176696,0.9507581579504323,0,1,-0.137666703665466,0.21669479394144467,0.017553337628936818
2022-03-24,129.3000030517578,130.41000366210938,128.66000366210938,129.50999450683594,804900.0,0.6431085522219724,0.7765127297045087,0.46347100813355346,0.9713436582744649,0.26726481558345166,0.5829528554568161,0.5741272645647012,0.9527343920716894,0,1,-0.13966135303519395,0.21943450982297838,-0.00598108000315274
2022-03-25,129.22000122070312,129.82000732421875,128.3300018310547,129.4600067138672,1249200.0,0.6391724273149642,0.7711364833824568,0.4623991492799555,0.9715169241173874,0.25789164019835537,0.593008528243923,0.5586686599823714,0.9496672885007186,0,0,-0.13821328302916489,0.19705046216424565,-0.016060550685490907
2022-03-28,129.66000366210938,129.66000366210938,127.29000091552734,129.5500030517578,1387500.0,0.6378524894982165,0.7657216265238712,0.46491997043235056,0.971709671741371,0.3022182294352448,0.5958246666032707,0.5481023890509347,0.9530739537302431,0,0,-0.14166540256575358,0.17974654570429044,-0.03568671795910819
2022-03-29,133.3800048828125,137.91000366210938,132.63999938964844,135.88999938964844,2164100.0,0.641030498393258,0.7617077108297258,0.6197022318355672,0.9720526462309972,0.33353845055007103,0.714649765141175,0.5035845291546327,0.9583873693866136,0,0,-0.17028178053515652,0.15090688793853707,-0.07008878129803717
2022-03-30,134.49000549316406,134.99000549316406,132.02000427246094,132.94000244140625,1230700.0,0.6424384355073076,0.7574538716054197,0.5478085311329746,0.9722363264324506,0.3057730027182983,0.6598077260549933,0.459520499783293,0.955365688018703,0,0,-0.1705055993995747,0.13290159422849693,-0.08219888033343188
2022-03-31,132.47000122070312,133.47000122070312,131.00999450683594,131.07000732421875,1690900.0,0.6434605442469019,0.7532510502161013,0.5054505263616493,0.9724787672299248,0.2924886167076279,0.6259330078659077,0.419497746605921,0.9512140986589892,0,0,-0.15909433682462013,0.1378064670451942,-0.07604934876398531
2022-04-01,132.86000061035156,134.0800018310547,131.25999450683594,134.00999450683594,992900.0,0.6468653114251139,0.7497087107513083,0.5726837722673539,0.9726301050377987,0.3164609199036141,0.6386751977755424,0.3798160010402629,0.953651920573508,0,0,-0.1643396636291119,0.1348896901489254,-0.09452963071101506
2022-04-04,133.33999633789062,133.9600067138672,132.02000427246094,133.3699951171875,993800.0,0.653251788126904,0.7467620457484336,0.5571285013877958,0.9727795581936595,0.3628037637013466,0.6341558653754146,0.3429686658721518,0.9512118889301916,0,0,-0.16431607749930288,0.12297598434337276,-0.06723375028850065
2022-04-05,132.58999633789062,133.50999450683594,131.2100067138672,132.41000366210938,1556800.0,0.6582167947241175,0.7436430230243295,0.5332592303609335,0.9730089479020659,0.35438892072708006,0.6162747438060073,0.31259252020585815,0.9473895491613097,0,0,-0.15948112335444875,0.11171934993460356,-0.09769812743749343
2022-04-06,131.19000244140625,134.41000366210938,129.86000061035156,134.13999938964844,1361300.0,0.6623153774887853,0.7409059481580567,0.5759648988384998,0.9732167201058936,0.3790316848466102,0.6216015956266162,0.2912614006368578,0.9507318867302839,0,0,-0.1500642111398722,0.0786949466109494,-0.06434562372041547
2022-04-07,133.38999938964844,134.8800048828125,131.33999633789062,134.14999389648438,1094700.0,0.6667016363600378,0.7382391953430374,0.5762154623177399,0.9733837647139966,0.37617954462486686,0.6322414213104405,0.2686146239511842,0.9534196535243454,0,0,-0.1645295944181088,0.06127926985317596,-0.10220664340878664
2022-04-08,134.38999938964844,135.3800048828125,132.25,132.52999877929688,1318900.0,0.6708645221323557,0.735362854495418,0.5304148261451748,0.9735783259410468,0.378589104218236,0.6219945926459454,0.24447696309063202,0.9501814187342771,0,0,-0.17197167904924374,0.03354454122057124,-0.08632129972357865
2022-04-11,132.05999755859375,134.77999877929688,131.39999389648438,131.75,1612200.0,0.6741812951775439,0.732180402429868,0.5086939653896568,0.9738121438886213,0.37695504640938277,0.5912706572697447,0.2269767511549937,0.9462230578816361,0,0,-0.15649285486154718,0.04414099567945881,-0.07998188011586226
2022-04-12,132.0800018310547,133.1699981689453,127.77999877929688,128.7100067138672,1693300.0,0.6759885988208538,0.7283898664999435,0.4298341591963859,0.9740416651221774,0.3636229931831647,0.4815642631128911,0.2288648588693273,0.9420655759117954,0,0,-0.15757117370952917,0.04425048828125,-0.06580643771495494
2022-04-13,128.52000427246094,130.8800048828125,128.2899932861328,130.58999633789062,1391400.0,0.6769091701083414,0.7246999860148318,0.4878895459926561,0.9742382516459601,0.36441846137623474,0.47341879897086103,0.23061810174692285,0.9454818166327759,0,0,-0.13363377888615707,0.07295469582658923,-0.01724808565691697
2022-04-14,131.4499969482422,132.3000030517578,128.07000732421875,128.27000427246094,3020700.0,0.6767704111224724,0.7206529785808031,0.4299052993443029,0.9746430569288024,0.30637818033956427,0.4494143123841582,0.2219829678761661,0.9380652302120013,0,0,-0.1541465488775518,0.04946785278370377,-0.010873713215146946
2022-04-18,127.47000122070312,128.42999267578125,126.18000030517578,126.48999786376952,1066900.0,0.675267712089066,0.7164818697582059,0.38875573937550734,0.9747800646506058,0.2721833107617994,0.35855087799959723,0.22331255909176176,0.9354457194852411,0,0,-0.12590629911864942,0.08139083256932328,-0.007640160008508013
2022-04-19,126.8000030517578,130.27999877929688,126.73999786376952,129.63999938964844,1317800.0,0.6755147763133746,0.7132621873812856,0.48624119385794584,0.9749620443057151,0.29186038574363843,0.4364827737905085,0.21170235878191326,0.9386812534956681,0,0,-0.1223812445123577,0.08783303658773964,-0.01130524412464511
2022-04-20,130.47000122070312,132.97000122070312,130.4499969482422,131.6999969482422,1430300.0,0.6759344462016339,0.7103486162222958,0.5431056900780069,0.9751685645234055,0.29044905038140034,0.5476397683005467,0.18865661138439502,0.9421930036057863,0,0,-0.08755012748810118,0.057389713641115024,-0.012959024548595136
2022-04-21,135.8300018310547,137.5399932861328,132.91000366210938,133.14999389648438,2427400.0,0.6774269896823324,0.7074391815307917,0.5811067332654126,0.9755296869363289,0.2746253055931496,0.6512131212858703,0.18877984310683307,0.9481528876981451,0,0,-0.1268792670590542,0.01579348427678494,-0.07873958228455707
2022-04-22,134.9499969482422,138.10000610351562,130.52000427246094,132.85000610351562,3250700.0,0.6785574036603663,0.7041105686700859,0.5721572019102633,0.9760098097896684,0.25925559852613633,0.6159036962916432,0.1755573966057873,0.9401715928068908,0,0,-0.11288020629562871,0.02365759894606055,-0.05873075518804592
2022-04-25,132.47999572753906,132.47999572753906,126.0500030517578,129.33999633789062,2538500.0,0.6785167866138124,0.7007364525630387,0.47449681081262207,0.9763568924270568,0.2519242934659506,0.42789515177358545,0.16358871086739954,0.933938929970748,0,0,-0.08423029204298695,0.04230342580185881,-0.027850935478009542
2022-04-26,129.72999572753906,134.17999267578125,125.88999938964844,125.9000015258789,1936300.0,0.6772814577458526,0.6974271449705997,0.39467393067527856,0.9766009009733442,0.2120343167057235,0.4027015915601383,0.14450800805024497,0.9291848212255744,1,0,-0.060847342972144156,0.06471324117027624,-0.021029794868733482
2022-04-27,126.48999786376952,131.02000427246094,126.48999786376952,129.61000061035156,1560400.0,0.6751560165021122,0.694716269134402,0.5005396408102467,0.9768152619038707,0.2130837602513994,0.4322652646844065,0.1267902125771728,0.9330159999096466,0,0,-0.017474161410474337,0.09221610880886015,-0.01985702914774089
2022-04-28,130.88999938964844,131.39999389648438,127.56999969482422,130.85000610351562,1346900.0,0.6744486653429904,0.6918495814469167,0.5327517798538026,0.9770053465429293,0.2309425940945971,0.47603607111856444,0.10842541189760757,0.9363229818178603,0,0,-0.04312935970655479,0.055628475271308236,-0.11565463924990002
2022-04-29,130.75,131.94000244140625,127.62999725341795,127.98999786376952,3306100.0,0.6734062480801193,0.6885568197244192,0.46377391003549673,0.9774424384350938,0.21662113451270432,0.45346001300434446,0.09300107619072182,0.9282056658428469,1,0,-0.03714176831223691,0.056171232408663584,-0.13335877825208112
2022-05-02,127.38999938964844,131.08999633789062,126.3000030517578,130.99000549316406,2230200.0,0.6723841445048029,0.6860665653061183,0.5415405468632689,0.977757602360413,0.23154378787263805,0.47047071171371535,0.0813714827199187,0.9336813738031249,0,0,-0.01171966579448322,0.08367846622879661,-0.12407217375157992
2022-05-03,130.74000549316406,133.91000366210938,130.6199951171875,133.2100067138672,1849800.0,0.6723299970498611,0.6838010687731997,0.5937358932190726,0.9780314629365346,0.23996287876358255,0.5984612469081267,0.07547530167957486,0.9382231030583137,0,0,-0.037025772197320284,0.05618749753190641,-0.1306970152579729
2022-05-04,133.2100067138672,137.47999572753906,131.64999389648438,137.33999633789062,1315100.0,0.6739985339608852,0.6825145747851933,0.6790315578312243,0.9782427654931095,0.254770008454329,0.6963999743215988,0.08536541274854548,0.9414520078823481,0,0,-0.054950881730244185,0.03670894935207137,-0.1854966253919937
2022-05-05,135.2100067138672,135.5800018310547,130.1999969482422,131.57000732421875,1059400.0,0.6731287301083817,0.6812680694548818,0.5395186233650466,0.9783941119875822,0.23326931445710625,0.5832559524126337,0.08624455476352655,0.938850911562234,0,0,-0.06786083859569363,0.021042663948660074,-0.18341350475084534
2022-05-06,130.52000427246094,130.52000427246094,126.26000213623048,128.52999877929688,1296300.0,0.671226664545715,0.6800022578043025,0.4781534800809827,0.9785671084716904,0.2262923182767278,0.4386798056214263,0.07301315940966507,0.9356681655175257,1,0,-0.03519042809964359,0.05761192832022742,-0.15140233099822187
2022-05-09,126.44000244140624,129.0399932861328,125.80999755859376,127.13999938964844,1420300.0,0.6694024401455032,0.6780787225755222,0.4514649569087341,0.978750495180588,0.23669882635365894,0.4046437351792199,0.062774450201379,0.9321809679496024,0,0,-0.00490161743403012,0.09071814963704442,-0.10658993781802995
2022-05-10,128.72999572753906,129.5500030517578,123.31999969482422,125.04000091552734,1122700.0,0.667131466965283,0.6769190862184067,0.4121778781754737,0.9788881458008568,0.24639552823402897,0.362705145306621,0.06415616728773552,0.9294244540373954,0,0,-0.04255148701184686,0.07369836731916372,-0.11302497393560225
2022-05-11,124.75,127.43000030517578,123.80999755859376,124.3000030517578,989600.0,0.6656389183203066,0.6766157333468,0.39845547666530057,0.9790071828533576,0.2512377292055703,0.3534056048168108,0.06543919029649514,0.9269947344618008,0,0,-0.011436342727971024,0.10676588296359997,-0.029910411359450717
2022-05-12,123.66000366210938,125.4499969482422,120.68000030517578,123.31999969482422,1307500.0,0.6631784161370948,0.6758628657564302,0.37989259584130686,0.9791604603098044,0.23948442656552588,0.3146613042603197,0.07933721503383201,0.9237844895698345,1,0,-0.023974282250763403,0.11617057189768143,-0.018986327855268725
2022-05-13,124.3000030517578,125.48999786376952,121.76000213623048,122.36000061035156,1021500.0,0.6611781983065574,0.6750782834953372,0.36149059076858536,0.9792771496580862,0.26501876316548256,0.3461625065151809,0.09199596738610008,0.9212764473846385,0,0,-0.02935454715812775,0.11190401464408224,-0.04078824538711463
2022-05-16,121.29000091552734,122.23999786376952,118.0,120.47000122070312,1269900.0,0.6591407537779799,0.6745984343310139,0.32601086026910653,0.9794147856844105,0.2773041804730709,0.29738451485872874,0.11716454161834741,0.9181585200513246,0,0,-0.02688787920166954,0.13738153893541388,-0.033344244938729777
2022-05-17,123.77999877929688,125.47000122070312,122.51000213623048,124.33000183105467,1094500.0,0.657343605687378,0.6759538722491126,0.44070307904007244,0.9795463370595657,0.2699288162485571,0.4173719894630555,0.12147991339089068,0.9208457957945423,0,0,-0.04797873927723979,0.11886782750158896,-0.07835977708767515
2022-05-18,122.69000244140624,122.98999786376952,119.0500030517578,119.55999755859376,1083200.0,0.6532348699521411,0.6762048281125693,0.35091984767860507,0.9796606176467982,0.2600332938235945,0.3613885891887458,0.137320891020577,0.9181862644240046,1,0,-0.037722210024409286,0.12394436930073573,-0.03884824064925135
2022-05-19,118.9499969482422,124.01000213623048,118.19000244140624,122.66999816894533,1253700.0,0.649687956021685,0.6762930762589275,0.4331052490787547,0.9798048021781215,0.2956948762988308,0.4024173962223462,0.14635500009579985,0.9212644166389632,0,0,-0.007945775908674043,0.16017070547269305,-0.0015891168943743615
2022-05-20,122.0,123.68000030517578,117.73999786376952,119.68000030517578,1790200.0,0.6452306186100327,0.6760848652954881,0.3791549487173038,0.9799941547330758,0.3035895836106231,0.39315906516976973,0.15633190561843466,0.9168690205352552,0,0,-0.034727335125280284,0.13124648523547008,-0.02119506409823441
2022-05-23,121.36000061035156,122.94000244140624,119.13999938964844,122.80999755859376,1076100.0,0.6430205658353656,0.6764406151752447,0.45712111173480763,0.9801182539942596,0.31538345912064797,0.4317012943595119,0.16559617503230986,0.9195111196008345,0,0,-0.030247349075461956,0.13987304019450367,-0.018883707640939325
2022-05-24,122.87999725341795,122.87999725341795,120.37000274658205,121.45999908447266,976200.0,0.64151786421982,0.6763730504183143,0.43136502172373814,0.980226750142346,0.3379306157323692,0.4399862913401265,0.17419871091662256,0.9171143004317809,0,0,-0.04185326513988486,0.12393135048175591,-0.04079467963872888
2022-05-25,121.3499984741211,123.62000274658205,120.77999877929688,123.41000366210938,931200.0,0.6394194992856896,0.6763785660589617,0.47955062645183744,0.9803357806306009,0.3404871128131082,0.46677895511598566,0.17706027723117382,0.919400633160958,0,0,-0.02972172433362941,0.1379055471402176,-0.059114114599838265
2022-05-26,124.83000183105467,127.04000091552734,123.41999816894533,126.3000030517578,1927400.0,0.6378795683899654,0.6761620821605513,0.5461458058521443,0.9805784208353415,0.3427294131603523,0.531077040464263,0.15857102242299606,0.9241328901435782,0,0,-0.05745080428566589,0.10752778444763345,-0.07130704797523368
2022-05-27,127.5,130.5399932861328,126.73999786376952,130.02999877929688,1313100.0,0.6385699987921851,0.6763482316134019,0.6223480372079311,0.9807586494242778,0.38917260777994067,0.6064315770154508,0.15055116424463774,0.9273568844591737,0,0,-0.07727634125417107,0.08392720385898754,-0.09334917363933709
2022-05-31,127.7699966430664,128.36000061035156,124.5999984741211,126.48999786376952,2794500.0,0.637046988653363,0.6757360102295411,0.5427728205837578,0.9811116263180729,0.3626375411729221,0.5546466401898444,0.1319153022853631,0.9204956765428448,0,0,-0.07713603686423971,0.07944327891583386,-0.0994385943748426
2022-06-01,127.87999725341795,128.0,124.0,125.37000274658205,912300.0,0.6343935697007843,0.6752478870782459,0.5190075961868047,0.9812236568427891,0.34575757440654736,0.5486390441700547,0.11359621264087413,0.9182557481184158,0,0,-0.08016443640523481,0.08079697227210551,-0.08759581301909243
2022-06-02,126.25,128.91000366210938,125.66000366210938,128.7899932861328,722300.0,0.6314998543102304,0.6750176125002154,0.590881600025503,0.9813198973195906,0.33846830174285747,0.6190383485986031,0.0992901915818003,0.9200291782411442,0,0,-0.06787909348165418,0.09452026676164918,-0.09045223011451028
2022-06-03,127.5999984741211,128.0800018310547,125.01000213623048,125.45999908447266,813500.0,0.6294319457056679,0.6745653394351279,0.5189362677134365,0.9814199642292091,0.3377785443382835,0.5890444336438971,0.08240434143988501,0.9180318289335996,0,0,-0.07655874776268996,0.0815281324385712,-0.06079666308902406
2022-06-06,126.16999816894533,128.5399932861328,125.36000061035156,127.12999725341795,687800.0,0.6289581206160497,0.6742371667066079,0.5543017348278144,0.9815080648366191,0.3376868241382317,0.6205278050054587,0.0693304623105083,0.9197205527857559,0,0,-0.06719273367362183,0.0901482356219266,-0.04838195232838541
2022-06-07,125.66000366210938,129.0500030517578,124.91999816894533,128.77999877929688,899200.0,0.6295131720523588,0.6741434018676011,0.588524195096152,0.9816277553885212,0.3505936540644545,0.638494399641147,0.06016081652602956,0.9219283173799098,0,0,-0.06229848162863014,0.09297563376696998,-0.02131681564080513
2022-06-08,127.16000366210938,133.99000549316406,126.62000274658205,127.01000213623048,2380400.0,0.6301799113292046,0.6737931665764912,0.5474299139621578,0.9819315323122807,0.33026699584702135,0.6766224360635603,0.07568098298680973,0.9160838302358664,0,0,-0.07314805006702835,0.08013660633058467,0.004426150801578156
2022-06-09,126.4000015258789,128.38999938964844,123.97000122070312,123.98999786376952,1358800.0,0.6300749912750008,0.6721523008298895,0.4819411550662557,0.9820922693903248,0.32245473462779234,0.5602987479686246,0.07393211892310547,0.9127476308024408,0,0,-0.06818363527638319,0.08723717829542112,0.0037005055727738476
2022-06-10,121.01000213623048,121.04000091552734,115.83000183105467,115.9000015258789,1764200.0,0.6275637216568051,0.6698026915660971,0.34355853724681296,0.9822571920005995,0.299241041848558,0.3477263829775482,0.08060688304048222,0.9084160713084393,0,0,-0.04177756588775159,0.13283324360892818,0.0420195110431164
2022-06-13,112.83999633789062,114.3000030517578,110.95999908447266,113.3000030517578,1282400.0,0.6244974006023005,0.6673524237014891,0.3076477777641744,0.9823668149435162,0.3143372066579815,0.28047246391944614,0.10129209764495853,0.9052674532973818,0,1,-0.016220856157609202,0.21259705837145013,0.1215703518704359
2022-06-14,113.16000366210938,113.4000015258789,109.12000274658205,111.51000213623048,2028100.0,0.6214649236437386,0.6642499478993275,0.2838699312605679,0.9825289854976796,0.3146782102121999,0.2903800548644989,0.12527317434917282,0.9002879522148602,0,1,-0.03565755345727372,0.21465129223623947,0.15180932466863986
2022-06-15,113.44000244140624,115.08000183105467,111.4499969482422,113.62000274658205,1509700.0,0.617840165968689,0.6615266637126745,0.3387026923842543,0.9826593673490948,0.3152264680657108,0.3617222221703944,0.1391133830826389,0.9039946495100049,0,1,-0.03874091661792362,0.21558598175581994,0.14213963358518122
2022-06-16,109.75,110.0500030517578,107.31999969482422,108.5,1307000.0,0.6140969526667692,0.6582297644706907,0.2695705488708534,0.9827517402162688,0.323049097557866,0.31802613853724937,0.16278038549100163,0.9007856322451482,0,1,-0.021387081908417586,0.22733674711015367,0.1721527643527729
2022-06-17,108.83999633789062,110.87999725341795,107.05999755859376,110.0199966430664,1866000.0,0.6098156086854427,0.6549039089043083,0.3086673528818571,0.9828922138156341,0.32741800856088754,0.36230206656751796,0.18055252253032314,0.9053671366186926,0,1,-0.016405518703196873,0.2317973194034418,0.16414751325334823
2022-06-21,111.97000122070312,112.18000030517578,109.83999633789062,110.5999984741211,1278500.0,0.6067425172624659,0.651656650428152,0.32387636344863313,0.982990673236858,0.3295788759466917,0.40395977314557807,0.19042461890474335,0.9085061791382941,0,1,-0.0446282840567492,0.2001454730443192,0.14788224658145627
2022-06-22,108.9499969482422,114.1999969482422,108.62000274658205,112.73999786376952,1430000.0,0.6033343649000178,0.6489278495488507,0.3799100284853444,0.9831100931934121,0.32556797025597567,0.43050191434333873,0.18962965973127258,0.9120171926721464,0,1,-0.01708860231214806,0.22640152703782257,0.17341779565266596
2022-06-23,112.69000244140624,114.66000366210938,111.76000213623048,114.36000061035156,1259200.0,0.600931397938123,0.6465299797443936,0.4209871741526797,0.9832214287552862,0.3396595477576196,0.4585576984811116,0.18663992458165282,0.915108848785312,0,0,-0.04993795449256211,0.18893031271382402,0.13012239175906284
2022-06-24,115.27999877929688,121.0999984741211,115.0999984741211,121.01000213623048,2313100.0,0.6001191267247974,0.6454682425897686,0.5654513439294874,0.9834727629289431,0.3577922544955818,0.5203957421696395,0.17005919758634877,0.9207880973203846,0,0,-0.07187828940916478,0.1636062138335946,0.11376350504896995
2022-06-27,121.88999938964844,122.12999725341795,119.4800033569336,121.3000030517578,1682400.0,0.5984268961062602,0.6441872652944107,0.5710607947185208,0.9836569312757627,0.3514045045849078,0.5444513680922068,0.15833131127125002,0.924918817019233,0,0,-0.1225518681865601,0.09999178489306773,0.04379805766626768
2022-06-28,121.7699966430664,123.5500030517578,118.86000061035156,119.2699966430664,2112200.0,0.5947852150921695,0.6429462735007448,0.5275898347356076,0.983874923441702,0.3176009760497146,0.5456239832197033,0.15248050051052883,0.9197328290568533,0,0,-0.12126956895620189,0.10074203250335839,0.09703212157417868
2022-06-29,118.5,118.76000213623048,115.7699966430664,117.20999908447266,1585300.0,0.5916444354773069,0.6416666743265482,0.48527066397855223,0.9840284768627247,0.3166859251345198,0.5099629121547523,0.13392328179899973,0.9158405145427162,0,0,-0.09591685053569828,0.12987344620726585,0.12442354955623558
2022-06-30,115.48999786376952,116.11000061035156,113.0500030517578,114.33999633789062,2248600.0,0.5879113725638174,0.6395569896449174,0.43011480098364685,0.9842264682697154,0.31586874426160255,0.48060589137105525,0.12255203027450559,0.9103196299047999,0,0,-0.07192219410479045,0.1578364284096759,0.17114585227094106
2022-07-01,113.87999725341795,117.95999908447266,113.61000061035156,117.86000061035156,1299400.0,0.5842121589105489,0.6376486221649174,0.510940340115675,0.98435474903152,0.3230044621134991,0.5126043068804236,0.10452114027478365,0.9135099872375885,0,0,-0.059646667074136864,0.17587903519183462,0.19686901221957617
2022-07-05,115.51000213623048,118.77999877929688,113.86000061035156,118.76000213623048,1636300.0,0.5819445709145645,0.6356644169930162,0.5305874615514578,0.9845206948580204,0.3504871327537481,0.5284022652033284,0.08980215764050614,0.9175275197169189,0,0,-0.07169527009907856,0.15679622655042216,0.1841167865710227
2022-07-06,119.56999969482422,120.0,117.0,119.4000015258789,1645700.0,0.5793283838243042,0.6338098246423274,0.5449739635404496,0.9846907082676967,0.3618596933107575,0.5641335054209713,0.0810345151752857,0.9215681315859124,0,0,-0.10533851390369746,0.12142140063115314,0.12310544361401507
2022-07-07,119.44000244140624,120.16000366210938,116.56999969482422,119.0999984741211,1513100.0,0.576052225243531,0.6323978532485932,0.5377544393816219,0.9848455571885982,0.35983338522228664,0.5727302863666893,0.0709064554066979,0.9178530864264216,0,0,-0.10368513169683012,0.12185932048421491,0.1175878819657283
2022-07-08,118.6999969482422,119.73999786376952,117.31999969482422,117.87000274658205,1115400.0,0.5729588278794162,0.6312906138996278,0.5074524994383051,0.9849554789575511,0.37883949993413724,0.5838542867920624,0.06150182847872354,0.9151144958700168,0,0,-0.0977329936085403,0.1283795864048158,0.1111671340284772
2022-07-11,116.58000183105467,117.20999908447266,113.87999725341795,114.16999816894533,1206600.0,0.5696352870478949,0.6291616250017311,0.42411503361660075,0.9850607551240139,0.3832164954345021,0.524436787784497,0.05755203457332381,0.9121519861287957,0,0,-0.0807669810013385,0.1477051264649626,0.09035379042771546
2022-07-12,114.20999908447266,117.6999969482422,114.06999969482422,116.02999877929688,1094800.0,0.5696792841144067,0.6271181259038685,0.4748851301060141,0.9851624352904581,0.4057758528871678,0.5479188362982347,0.051400480654476444,0.9148399984482792,0,0,-0.06262592310195657,0.17325047495771653,0.11771921395249686
2022-07-13,113.70999908447266,116.30999755859376,112.61000061035156,115.70999908447266,1025700.0,0.5704949379298294,0.6254248631491169,0.4674534740992219,0.9852566649445514,0.40800826540598656,0.5180942541990963,0.05218338056833699,0.9123216441953615,0,0,-0.05731277769405135,0.1747824409381098,0.12324395046804755
2022-07-14,113.62999725341795,115.05999755859376,112.4499969482422,114.83999633789062,825900.0,0.5716219615593494,0.623197972944728,0.44658736504419605,0.9853303298010404,0.4136315389418475,0.49274250173254386,0.053628938022879574,0.9102938497354954,0,0,-0.056779878548161106,0.17595720681738608,0.16014179029734343
2022-07-15,117.2699966430664,117.56999969482422,115.23999786376952,116.8000030517578,908300.0,0.5726982203360247,0.6209352326541318,0.5046849576662887,0.9854167346292276,0.41379007455141426,0.5557087428638441,0.041095268346327346,0.9125239571430465,0,0,-0.08890629928646146,0.14559395143920786,0.0763671591094203
2022-07-18,117.22000122070312,117.97000122070312,114.41999816894533,114.91000366210938,1768800.0,0.5748676612284158,0.6178424089601031,0.45652946036224884,0.9855747567306855,0.39999424202239486,0.5229079542191362,0.03361683696477949,0.9081811034796353,0,0,-0.0869863304507547,0.14357879995114053,0.0746575427471436
2022-07-19,117.16000366210938,119.87999725341795,116.62999725341795,119.7699966430664,1326700.0,0.5781675109345632,0.6162153307371189,0.5864817167808515,0.9857128190071215,0.40263347615221334,0.6141331117336135,0.026083245815456207,0.9114384892526156,0,0,-0.0878949245638742,0.14646246014004993,0.09242010946597294
2022-07-20,119.77999877929688,120.83000183105467,118.38999938964844,120.0999984741211,1172600.0,0.5813827491097836,0.6150529360336793,0.594407611903407,0.9858359692154258,0.4141238562778704,0.6412813051948558,0.023883232082092087,0.9143175203503745,0,0,-0.10620356998598517,0.11864412717832215,0.0601152607450919
2022-07-21,120.1999969482422,123.2699966430664,119.43000030517578,122.9499969482422,1797600.0,0.5848382837229795,0.6144751855628638,0.6603546994298561,0.9860402286778222,0.42433058087418235,0.7045305883554167,0.03328434332641833,0.9187310853353067,0,0,-0.10940882228637012,0.11482105512177258,0.03613658636490589
2022-07-22,131.1999969482422,134.08999633789062,126.55999755859376,127.7300033569336,2590600.0,0.5893633093265178,0.6148461042434018,0.7523267821719902,0.986371981928201,0.3895183278854437,0.8940488839049384,0.07518957274922267,0.9250916669162841,0,0,-0.19633997550899127,0.02350548565580713,-0.060512362722088486
2022-07-25,127.2699966430664,128.75,125.47000122070312,126.87000274658205,1914400.0,0.5913466038180144,0.6152004760019972,0.7256079350539788,0.9866119554659863,0.35796144451360146,0.7619172613266653,0.1080646059602886,0.9203913282385171,0,0,-0.158224368224567,0.053393873918300555,-0.028027825159106103
2022-07-26,125.4000015258789,126.9800033569336,123.41999816894533,126.22000122070312,1724000.0,0.5930117581269416,0.6156003510069339,0.7049261076138414,0.9868245278652416,0.36245497927040954,0.6981487415489125,0.1275423899393406,0.9161584699641385,0,0,-0.14455744912308857,0.06849526778500706,0.019232243707643915
2022-07-27,124.5,128.0,123.4800033569336,126.93000030517578,1828300.0,0.5956042566739672,0.6162304984858993,0.7196185943240051,0.9870537634249171,0.3962841254595607,0.6865862086246499,0.14850302297951143,0.9206474112536085,0,0,-0.13817146468657818,0.07597842057632333,0.02582793618049628
2022-07-28,127.4800033569336,130.52999877929688,127.4800033569336,130.36000061035156,1310700.0,0.6000548237171475,0.6175942093389688,0.7854864360127386,0.9872316509031628,0.4115746975927249,0.7149392012691547,0.1747791994925936,0.9238655129590773,0,0,-0.1608761187209039,0.05207589194882794,0.004963343984111529
2022-07-29,130.35000610351562,130.57000732421875,128.44000244140625,129.2899932861328,1316700.0,0.6051145922337178,0.6182781319472455,0.7479734047497475,0.9874060005962514,0.41266128733214685,0.683817085525497,0.19928487221321065,0.9206326797282917,0,0,-0.17865916259494447,0.0286897070946931,0.00943537681635598
2022-08-01,128.3699951171875,130.24000549316406,127.12000274658205,129.30999755859375,898500.0,0.6089897993173121,0.6196225385840493,0.7483804970747493,0.9875249845908299,0.40169821974004083,0.6544308803385396,0.21401962119341814,0.9228387256444919,0,0,-0.16482325520299468,0.04424163908837198,-0.030010035230113495
2022-08-02,128.82000732421875,128.82000732421875,126.5,126.6500015258789,1463900.0,0.6116601390267926,0.620171332730466,0.6544656709247876,0.9877069599859928,0.3654683556864115,0.6183728372784824,0.22392637059281253,0.9192444789925993,0,0,-0.15621378825317472,0.040754691154362636,-0.06697087484040282
2022-08-03,126.52999877929688,128.30999755859375,125.05999755859376,128.24000549316406,1004600.0,0.6146520041030783,0.6213516535290101,0.6918554336725875,0.9878366296085016,0.3651421188187369,0.6076980494744864,0.2244102322348632,0.921711027381486,0,0,-0.14141331083249303,0.05969204474939532,-0.04808524488368242
2022-08-04,128.55999755859375,128.69000244140625,126.91999816894533,128.1300048828125,839300.0,0.6177081747691531,0.6220852179551152,0.6878835433022659,0.9879446494141114,0.36124923802296316,0.6094564234940325,0.22635055398176804,0.9196503325150789,0,0,-0.1310043255047958,0.04312225937631963,-0.08640045014853641
2022-08-05,126.6999969482422,128.99000549316406,126.29000091552734,127.36000061035156,1099300.0,0.6209200277601377,0.6228987565406068,0.6590259973595131,0.9880835206968098,0.36600543400700136,0.5973599559886993,0.2241084703014076,0.9169512715516076,0,0,-0.11121516785262771,0.05767579105618005,-0.05830011165722387
2022-08-08,128.91000366210938,130.47999572753906,128.0,128.2899932861328,938800.0,0.6256988853743173,0.6235716478675885,0.6841177331088171,0.9882047205544632,0.3694713055213373,0.6108495678148638,0.22836685106248486,0.9192562642128528,0,0,-0.1292400018450482,0.04067205284985081,-0.09618404476518466
2022-08-09,126.95999908447266,127.4800033569336,125.6500015258789,127.19000244140624,976300.0,0.6294759453543188,0.623694367978993,0.6406199455878571,0.9883274680421065,0.37671586754108466,0.573018618670968,0.2173220155447231,0.9168591995183772,0,0,-0.11310314830142623,0.05557718938776083,-0.10647748653512012
2022-08-10,130.94000244140625,134.6300048828125,130.25,133.5399932861328,1354000.0,0.6355104377775964,0.6241783536108018,0.7902251122447538,0.9885236721558214,0.37655387086720893,0.6693752616764979,0.2332729679326194,0.9201836137315493,0,0,-0.1453731043183367,0.02901173339552499,-0.1495400889014295
2022-08-11,134.75,136.1199951171875,133.1199951171875,133.33999633789062,1065600.0,0.6417716910661837,0.6251228852426689,0.7824033678001744,0.9886773766874842,0.3565987118149794,0.6969812788760947,0.2523079226074687,0.9175672948352744,0,0,-0.1669911949446945,0.010259062348850398,-0.16796466551496358
2022-08-12,134.0399932861328,135.88999938964844,133.4199981689453,135.5500030517578,783000.0,0.6481175558856977,0.6265265837014322,0.8252195492676925,0.9887955216264072,0.3598429974594061,0.7121074124246761,0.26998323766268595,0.9194897588891251,0,0,-0.16191688113730268,0.015599234199645937,-0.17151639227013105
2022-08-15,135.22000122070312,137.3699951171875,134.77999877929688,136.38999938964844,737900.0,0.6553873771769354,0.6275745322804388,0.8407215327963783,0.9889087091133318,0.3780979327442964,0.7288207498702494,0.290750680485772,0.9213014909776772,0,0,-0.16798232209383665,0.015861260406341938,-0.17823683598800225
2022-08-16,135.69000244140625,137.92999267578125,135.5,137.2100067138672,761200.0,0.661289880982816,0.6291947156896135,0.8559356992552071,0.9890273301786271,0.3665102017286693,0.724799219976429,0.31167201657415256,0.9231704304895433,0,0,-0.17039376491798627,0.0164234199310731,-0.16416159168446906
2022-08-17,135.3000030517578,135.83999633789062,133.3800048828125,134.19000244140625,1005500.0,0.6660585882085659,0.6301682046978803,0.7285348311143941,0.9891747859536874,0.3563286688733569,0.6496159625704737,0.31649155732126866,0.920701672371859,0,0,-0.16653308786119508,0.019167622588255703,-0.17265506364130226
2022-08-18,134.25,134.89999389648438,132.60000610351562,133.47999572753906,880100.0,0.6696224254780629,0.6308162772199494,0.7009485325504592,0.9893019202100902,0.3350149108916113,0.6151931281459679,0.3158330094185413,0.9185408031332971,0,0,-0.1624562385806403,0.0274237469917933,-0.1755719288318903
2022-08-19,132.6999969482422,132.92999267578125,130.64999389648438,131.94000244140625,772300.0,0.6710472833490142,0.6314960644127415,0.6423966746089946,0.9894098532102452,0.35861100264991796,0.5661428247111449,0.3029060064698431,0.916644610299595,0,0,-0.1517081259227377,0.03918186915599391,-0.1386724235788767
2022-08-22,129.8000030517578,129.8000030517578,126.8499984741211,127.2300033569336,1102200.0,0.6711691241601201,0.6319428218371814,0.49328512002307856,0.9895481408802423,0.3518830905114848,0.4696054904536854,0.27222303786572954,0.9139384290988872,0,0,-0.13149921011423843,0.06161883790804018,-0.08071851848425202
2022-08-23,126.98999786376952,129.25999450683594,126.98999786376952,127.6500015258789,760100.0,0.6716531022203072,0.6335630041943552,0.5063360721219268,0.9896444424025012,0.3355535267166483,0.46478109466744916,0.2437317098761955,0.9158046678311118,0,0,-0.11428122716256248,0.08598596654375976,-0.053132078350035875
2022-08-24,127.47000122070312,128.7100067138672,126.72000122070312,128.00999450683594,782400.0,0.6720186220714857,0.6355913334394356,0.5180078922097885,0.9897443951201353,0.32641693011925527,0.45715339156521245,0.21869878074291174,0.9177256587324307,0,0,-0.11766552364212755,0.08194274445784112,-0.076302371698718
2022-08-25,129.1699981689453,132.22000122070312,129.07000732421875,132.16000366210938,716000.0,0.6726278261270147,0.638438717962656,0.6384099948238333,0.9898448259353204,0.32046698979792193,0.541924346354167,0.20846925675560848,0.9194836207535764,0,0,-0.11522537796228334,0.06843211376255579,-0.11561593670385575
2022-08-26,132.30999755859375,132.30999755859375,125.95999908447266,126.04000091552734,751100.0,0.6715278788071044,0.6401512849336736,0.4686162781315224,0.9899362577515022,0.3146360551725229,0.46504516958078873,0.18470756136187547,0.9176394793093271,0,0,-0.1353662143910604,0.042524174950509384,-0.16313557022679667
2022-08-29,125.08999633789062,126.95999908447266,124.4000015258789,125.94000244140624,507700.0,0.6703873170227794,0.6425560495519402,0.4662315660318984,0.9899978937590931,0.31138861924552913,0.4142993533538586,0.16995591745777197,0.9163929467420986,0,0,-0.06712154096335342,0.1018723916583915,-0.11369401854625642
2022-08-30,128.1300048828125,129.3000030517578,126.77999877929688,127.77999877929688,1215900.0,0.6707697602129989,0.645004938243386,0.5193546296149304,0.9901522254510801,0.32418834838144117,0.46672119089804026,0.15116755089333203,0.9193782903475608,0,0,-0.07733845723637821,0.07781473402406998,-0.14641894619611034
2022-08-31,129.1300048828125,129.2899932861328,126.41999816894533,126.9800033569336,1574300.0,0.6703433173741287,0.6472635420664969,0.4977768570129675,0.9903481488475149,0.3001660334841465,0.45622270391264097,0.1319006742651467,0.9155129836298379,0,0,-0.07591175982393521,0.06886827263293524,-0.13233685884843788
2022-09-01,125.6500015258789,125.91000366210938,123.5500030517578,124.54000091552734,1142100.0,0.6691282944473067,0.6488906192374804,0.4350431307088636,0.9904818011908977,0.29401284764037183,0.39434852124641995,0.12485278720377749,0.912708837785773,0,0,-0.017561846731608335,0.09670807076122044,-0.12064891549703761
2022-09-02,126.51000213623048,128.27000427246094,123.02999877929688,123.76000213623048,1338600.0,0.6679098889183877,0.6501867653336195,0.41592765097662476,0.9906352297721638,0.2847900212890423,0.4099245739073603,0.1062832576351386,0.909422234487581,0,0,-0.02794285636222225,0.09169736996627041,-0.1059900793367585
2022-09-06,125.48999786376952,125.87999725341795,122.9499969482422,123.69000244140624,1310300.0,0.6663530398479003,0.6505563048409954,0.4141396468840993,0.9907850706471476,0.28567538107996826,0.4038155664636722,0.08943721256226503,0.9062051148838001,0,0,-0.020523601096349167,0.10051708627411174,-0.07070135624568202
2022-09-07,124.29000091552734,128.25999450683594,123.94000244140624,127.83999633789062,2116500.0,0.666573027762599,0.6514580905208445,0.5480099026647838,0.9910534775985343,0.2986550195850154,0.4583184753592922,0.08411086077231247,0.9114016604393235,0,0,-0.010833567312119034,0.11027562043032031,-0.07801763550332415
2022-09-08,126.37999725341795,127.8499984741211,124.95999908447266,127.76000213623048,1153500.0,0.6646168121628513,0.6526287592112557,0.5455908242737575,0.9911994012988438,0.3036760576208939,0.4678326822601925,0.07916496268164225,0.9085695246971566,0,0,-0.026830416172024963,0.09034727591696574,-0.1405662868122473
2022-09-09,128.42999267578125,129.07000732421875,126.97000122070312,128.11000061035156,1160300.0,0.6628467403818594,0.6541317370976725,0.5565153153639302,0.9913473533338425,0.3162890041749796,0.4986499205477233,0.08049773722526044,0.9114183561680159,0,0,-0.042892890074436044,0.07435817032837985,-0.1239824363888194
2022-09-12,129.0800018310547,131.92999267578125,129.07000732421875,131.5800018310547,1020200.0,0.6615031088575989,0.6565089245647026,0.6558239001082741,0.9914880725661673,0.3188280237101494,0.5727449295082067,0.09423649360592351,0.9139232065227265,0,0,-0.04784954221846416,0.06908118650037275,-0.13371325268285375
2022-09-13,127.2699966430664,127.43000030517578,124.33999633789062,124.48999786376952,1207400.0,0.6574755994690527,0.6574231206990087,0.455487493603013,0.9916287313448325,0.30295287163513096,0.43639460523155565,0.08056678272895199,0.9109587325781298,0,0,-0.03283173456990046,0.08101532059865756,-0.10875510989099556
2022-09-14,123.66000366210938,124.12999725341795,118.9000015258789,120.16000366210938,1935300.0,0.6517050920269856,0.657616163913668,0.36738805296338195,0.9918288032075356,0.28653681292504135,0.30342708366035864,0.08422397864766376,0.9062070790871757,0,0,-0.038236020707779116,0.11462759465453319,-0.08707530045222964
2022-09-15,120.3000030517578,122.87000274658205,119.66999816894533,120.44000244140624,1284500.0,0.6470514578260087,0.6577595674145004,0.37573517776119914,0.9919626074092652,0.2824983303449219,0.327599499136776,0.08761994628646758,0.909360853132094,1,0,-0.011651144167868907,0.1467209477922378,-0.0660785802215317
2022-09-16,117.0500030517578,117.61000061035156,115.38999938964844,117.4800033569336,2133600.0,0.6416363224288291,0.6575361897542813,0.32046778962268974,0.9921657023940608,0.30863495522176926,0.2513465412688107,0.10518563288120802,0.9041223227294176,0,0,-0.013782826539852891,0.17336424112230914,-0.023995344827848212
2022-09-19,116.83000183105467,119.52999877929688,116.68000030517578,119.2300033569336,972500.0,0.6373346725063644,0.6577237173282929,0.37486255220910825,0.9922633527472745,0.3169639909197347,0.3336111720808098,0.11163741663100049,0.9065100574578592,0,0,-0.012257425947045207,0.1796049560929917,-0.022557043327854916
2022-09-20,117.7300033569336,117.7300033569336,115.94000244140624,116.66000366210938,1081700.0,0.6337572970820624,0.6580670588575942,0.3267034031314494,0.9923635563790899,0.32455025108333324,0.3312297355867565,0.12015199278793129,0.9038542089686508,0,0,-0.01962596579218395,0.16942035351937249,-0.03128410007477101
2022-09-21,116.20999908447266,116.86000061035156,113.2699966430664,113.3000030517578,1089400.0,0.6289005957232889,0.6576906255884096,0.27086023143307936,0.9924534122318677,0.31513408229156376,0.3258599791440163,0.1367557175911803,0.9011794550219524,0,0,-0.025201460218718896,0.18618200676744145,-0.05254583457045594
2022-09-22,112.93000030517578,112.93000030517578,111.08999633789062,111.91999816894533,965000.0,0.6234549988322633,0.6571680304720684,0.24967501063535344,0.992528969704806,0.311053447986838,0.32632392546078537,0.15862326767373588,0.8988101347001569,0,1,-0.01624010518732823,0.22065305999316656,-0.028420133574331517
2022-09-23,111.0,112.41000366210938,110.33000183105467,112.31999969482422,1248400.0,0.6167402263951958,0.6568205535272826,0.263621063789502,0.9926281838480128,0.31670043313253976,0.35449268737301487,0.18111284488770543,0.9018752740677521,0,1,-0.005986402608173313,0.24061823727989992,0.039849885252322866
2022-09-26,112.5,113.08999633789062,110.52999877929688,111.16999816894533,925300.0,0.6117075316060965,0.6560442442011605,0.24451745707301967,0.9926984902702544,0.3200704029780681,0.3775603901582486,0.19780037658870428,0.89960342733847,0,1,-0.019319784320167885,0.22640663056334642,0.03418800167667357
2022-09-27,112.38999938964844,112.45999908447266,109.77999877929688,111.05999755859376,1206300.0,0.6066714516327611,0.6555133750978475,0.24263593576190998,0.9927897155460342,0.31810559105206276,0.39012768807891035,0.21572035847944973,0.8966416541735147,0,1,-0.02347756277179332,0.2297381821246378,0.03661059424179382
2022-09-28,112.47000122070312,114.0199966430664,111.12999725341795,113.3000030517578,1503200.0,0.6017707532074756,0.6546212415261313,0.3287882621568934,0.9929134730690848,0.3306728721027256,0.4270913497527812,0.22229027823145261,0.9003323923162327,0,1,-0.02422116424041015,0.21042675698653607,0.015397074752954895
2022-09-29,111.81999969482422,111.94000244140624,110.11000061035156,111.61000061035156,905800.0,0.5965688353565226,0.653450573887721,0.2946676148577635,0.992983411652325,0.34991622023322266,0.4183238321456274,0.23214861309546245,0.8981084230442303,0,1,-0.01800530327078128,0.20370691597525142,0.114651346106632
2022-09-30,112.0,113.37000274658205,110.56999969482422,110.69000244140624,1163900.0,0.5918813570596027,0.6517600694792934,0.2765859345249131,0.9930700267385885,0.3389102846732219,0.43276258188931604,0.23200857028911495,0.8952507526581809,0,0,-0.01989070162676108,0.18752793263438117,0.16208221699635778
2022-10-03,112.44000244140624,115.33999633789062,112.44000244140624,114.19000244140624,1366500.0,0.5886424277590081,0.6498930677261484,0.4049522169703921,0.9931860578115589,0.3545190028721206,0.47090516833308066,0.2199344481966741,0.8986058575490964,0,0,-0.02403111033914227,0.1795102961327126,0.1402113677907084
2022-10-04,116.02999877929688,119.41000366210938,116.0199966430664,119.1500015258789,1581600.0,0.5871058820475197,0.6488285732772001,0.5482160389511651,0.9933438702906877,0.3793686456876277,0.5323121414995221,0.2006817710531331,0.9024890876226215,0,0,-0.05473333800134589,0.1425693881358007,0.11796130075060575
2022-10-05,117.4499969482422,121.0,117.4000015258789,120.2300033569336,1475400.0,0.5845303094216743,0.6480026252892522,0.5753245485078962,0.993495799727015,0.36860696378703833,0.559048783498128,0.1897768115390888,0.9061115696980381,0,0,-0.06437262333798152,0.12471674712588246,0.09685277714759757
2022-10-06,119.7699966430664,120.9499969482422,117.1999969482422,117.7300033569336,1692400.0,0.5811356952140312,0.6467340573963506,0.5091584902349723,0.9936572693580091,0.3399033040807594,0.5532845145160867,0.17855579851667144,0.9019562974569949,0,0,-0.0830907226552399,0.10430009619395199,0.05730688535862564
2022-10-07,116.38999938964844,116.91999816894533,113.56999969482422,114.37000274658205,1052700.0,0.5764854461972901,0.6445292308065527,0.43089988780338573,0.9937470339305351,0.3317840227394633,0.49810742218682746,0.16201427992017362,0.8993716513401513,0,0,-0.05614542106408827,0.1352246472012669,0.10260767422583486
2022-10-10,108.66000366210938,112.44000244140624,107.66999816894533,110.75,2952500.0,0.5694356128207512,0.6419727908044834,0.35894460332374933,0.9939665343151393,0.3329076412804635,0.4137898493866151,0.1690954720697688,0.8921225132571451,0,1,-0.008656163936252372,0.20346234550009487,0.17828100813137204
2022-10-11,110.33999633789062,112.68000030517578,109.83999633789062,110.76000213623048,2032000.0,0.5647887489882462,0.6394149716292523,0.3592524665934236,0.9941175359778415,0.33759253089436436,0.43673037529169395,0.17440709108728744,0.8971115898311226,0,0,-0.024108335611244227,0.1949435335249718,0.1954854099798956
2022-10-12,111.45999908447266,111.45999908447266,109.5999984741211,109.69000244140624,1341500.0,0.5612452176598872,0.6370763936467547,0.33813763107473216,0.9942128613772,0.3349809394515173,0.42346191694049795,0.18019150114182195,0.893817866295694,0,0,-0.03421813689445199,0.18481395085322677,0.19501623381655353
2022-10-13,107.79000091552734,113.68000030517578,107.45999908447266,112.22000122070312,1776700.0,0.55846319010987,0.6348674295374706,0.41945897072036264,0.9943525311300269,0.3550983488355736,0.45251534450490105,0.17325272328329208,0.8981801164674391,0,1,-0.0030084950652723937,0.2200746761141601,0.2331114880636738
2022-10-14,113.52999877929688,114.08999633789062,109.9000015258789,110.33000183105467,1483400.0,0.5560432998089342,0.6324130252053772,0.37857766372845525,0.9944606713710137,0.3168047383989415,0.46744512119643,0.16459632344239836,0.8945379923582667,0,0,-0.05409017669574204,0.1639635866720149,0.14943863919123795
2022-10-17,113.12999725341795,114.5,112.22000122070312,113.30999755859376,1210700.0,0.5540396967941608,0.6304757003489776,0.4682586911854739,0.9945597109416725,0.3065410658220456,0.5313471730602648,0.15425221904167233,0.8975105686417877,0,0,-0.05139126325428338,0.17039785289908013,0.16949156410122734
2022-10-18,116.5,118.08999633789062,115.5999984741211,116.73999786376952,1121500.0,0.5540667705216318,0.6288830961950413,0.5575341948925263,0.9946629509814487,0.30800297060391774,0.6469071196962556,0.14046132015771526,0.9002641362489313,0,0,-0.07978114120823863,0.1361750331677683,0.16521049884431266
2022-10-19,115.83999633789062,116.13999938964844,113.0,114.63999938964844,1259300.0,0.5545202870879729,0.6271526031289193,0.5057700351504623,0.9947709030202799,0.322098504510914,0.5726574803947414,0.12598696879007318,0.8971722346103437,0,0,-0.07178342818882916,0.1378276223430032,0.1637828569972117
2022-10-20,113.12000274658205,115.26000213623048,107.4000015258789,108.41000366210938,3326900.0,0.5533323430529,0.6236874826331914,0.3786941894175385,0.9949937850571217,0.2923717722589219,0.43703799562868917,0.1340956142592926,0.8890038493475653,0,0,-0.04989533540785795,0.1640787685741882,0.21092114823719313
2022-10-21,109.5999984741211,113.5,108.75,112.58999633789062,2163400.0,0.5534237223701597,0.6208263095343526,0.48142719670140555,0.9951656684112252,0.294798834827807,0.4778863247259907,0.14162507076642486,0.8943155463259821,0,1,-0.020293302037873773,0.20597724792315233,0.23051376274885085
2022-10-24,113.41000366210938,114.22000122070312,111.75,111.9499969482422,1366000.0,0.5536877099335094,0.617572155192386,0.4686900064361147,0.9952715163145377,0.2862697769956868,0.5090235692451688,0.14462563281465204,0.8909616690621763,0,0,-0.05337953931709903,0.12452257837358298,0.16546753912411105
2022-10-25,112.38999938964844,113.91000366210938,112.2699966430664,112.95999908447266,1703100.0,0.5543307580849812,0.6143414425861713,0.4933852399434835,0.9954085663541935,0.2835691662071306,0.5188480649281609,0.1474118690022916,0.8951432125233678,0,0,-0.044573452432308286,0.10486822852882494,0.15230016540009852
2022-10-26,113.2300033569336,114.1999969482422,111.63999938964844,112.81999969482422,1075500.0,0.5541683028094604,0.6109783567084184,0.49021176191005633,0.995494622057801,0.27308844558806306,0.5132790494192551,0.1526285358230495,0.8925025866103201,0,0,-0.05161120642976415,0.08533993863119245,0.15164657748100704
2022-10-27,113.44000244140624,114.95999908447266,112.11000061035156,112.36000061035156,918700.0,0.5544221374022411,0.6079682644680996,0.4792073727749375,0.9955668424620389,0.25637588394826255,0.51839680806478,0.15256313308592215,0.8902469445588865,1,0,-0.053536615244330864,0.06700937403867578,0.15041660402948628
2022-10-28,112.37999725341795,114.38999938964844,112.01000213623048,114.16000366210938,1220200.0,0.5555965458646481,0.6053042721034063,0.5291010011397206,0.9956693006951417,0.28198913169737416,0.5280653641127581,0.1529789092972477,0.8932428457574925,0,0,-0.044321784447198094,0.07671771715697105,0.164649408409581
2022-10-31,113.62999725341795,115.27999877929688,113.1999969482422,114.18000030517578,1714100.0,0.5555931606804121,0.6028553834119604,0.5296606555814226,0.9958132629251243,0.2772176594534052,0.5527812237970974,0.14720106058987062,0.8974513970150982,0,0,-0.05457249060694305,0.0645585363539035,
2022-11-01,115.38999938964844,115.81999969482422,113.02999877929688,114.0,1028400.0,0.553850162626891,0.6010311265588324,0.5243737936214816,0.9958990421515413,0.25655823179842774,0.5660478691934703,0.13808499054850307,0.894926413575788,0,0,-0.06997721004041146,0.04913295319107878,
2022-11-02,114.0500030517578,114.9800033569336,110.0,110.08000183105467,1315300.0,0.550414933954833,0.598608436897462,0.4188429153247092,0.9959932945653737,0.23008478147612477,0.46807429552823954,0.14537777344840988,0.8916970177009097,1,0,-0.058333346718235896,0.06096488551089651,
2022-11-03,108.12999725341795,110.8499984741211,107.41999816894533,109.70999908447266,1097000.0,0.5477005945967015,0.5960850896872771,0.40977923268518757,0.9960706590528158,0.249862770167709,0.3689601669140357,0.1631422771335516,0.8890036038221433,0,0,-0.006631501775040025,0.11691499393626725,
2022-11-04,112.1999969482422,115.9000015258789,111.93000030517578,115.45999908447266,1527400.0,0.548069499632116,0.593782361790987,0.5793401983113429,0.9962045746699676,0.2716030216613039,0.6282015646311121,0.14831558468515424,0.8927537591169726,0,0,-0.043751667691360345,0.08021149507969752,
2022-11-07,116.47000122070312,116.61000061035156,114.4800033569336,116.33999633789062,1375200.0,0.5499614122242138,0.592444848915992,0.6011915603042627,0.996328703234931,0.273680847346587,0.6832015071243984,0.1308363868389483,0.8961302247195976,0,0,-0.0785553418217892,0.03923435661888967,
2022-11-08,117.02999877929688,118.1500015258789,115.45999908447266,116.45999908447266,1122800.0,0.5518905540964905,0.5911376715385578,0.6042875264490862,0.9964304098851323,0.2790258181638168,0.7052055344527267,0.11646602489414762,0.8988869841572266,0,0,-0.08277460509324072,0.03412413052836018,
2022-11-09,115.5500030517578,115.83999633789062,113.8499984741211,114.18000030517578,759600.0,0.5534101764689379,0.5892623968504419,0.5350833523174566,0.996494022591842,0.28782822709543343,0.5978153167641485,0.10179286512398517,0.8970219730521117,0,0,-0.06998112304609758,0.0467971577458894,
2022-11-10,120.26000213623048,124.87999725341795,119.95999908447266,124.80999755859376,1513800.0,0.5576712119269873,0.5889631793943199,0.7592136035855757,0.9966687962913298,0.2944312954435817,0.9010021206158422,0.11713539452414304,0.9007387368895562,0,0,-0.11262918703783392,0.040462384873352006,
2022-11-11,125.83999633789062,131.0,125.6999969482422,130.08999633789062,2106300.0,0.5643589054723059,0.5897284563871461,0.8318184707122346,0.9969450251652253,0.32646417304877673,0.9316001252780812,0.14695591519314602,0.9059102388520409,0,0,-0.14774453307199858,0.041342871268681344,
2022-11-14,128.97999572753906,129.9600067138672,127.5999984741211,127.95999908447266,1891200.0,0.5693171417010474,0.5903075849791227,0.7728525596015412,0.9971808597631463,0.31069587346679267,0.8062431822284213,0.17464639867150591,0.9012668620721658,0,0,-0.1658851165281697,0.01552774486375,
2022-11-15,130.58999633789062,133.38999938964844,127.47000122070312,129.5,1639400.0,0.5736357149625531,0.5911087131101573,0.7944809502964371,0.9973927058708726,0.3054382164387675,0.7647029910405133,0.20789928908379704,0.9052920058395766,0,0,-0.1812284696618579,0.02188186208026927,
2022-11-16,129.2100067138672,129.97000122070312,128.22000122070312,128.99000549316406,1352800.0,0.5784924189034655,0.5912672854117711,0.7795781577182893,0.9975653722989167,0.3027065192389169,0.7022689771070685,0.23877697303806736,0.9019705379314679,0,0,-0.16841702847867399,0.032277935720318535,
2022-11-17,126.91000366210938,127.13999938964844,124.56999969482422,126.66000366210938,1051300.0,0.584669060661126,0.5911156089759678,0.7122311344871449,0.9976921983576058,0.34184834007727316,0.6404927731110686,0.24772453170407652,0.8993893291705316,0,0,-0.1512520451614712,0.05023641717638717,
2022-11-18,128.82000732421875,130.27000427246094,127.33000183105467,128.47000122070312,999400.0,0.5900435867581686,0.5911652486897945,0.7430798966571398,0.9978181153353819,0.32235767212155053,0.6526529121740665,0.2640983584983072,0.901843110237477,0,0,-0.1691142047925559,0.036080782672492616,
2022-11-21,127.5,130.14999389648438,127.5,129.0500030517578,1223900.0,0.5958310175392767,0.5908163925718466,0.7529715797080186,0.9979743765825001,0.33927011416201597,0.6388906859328759,0.27930262623580704,0.9048480958766951,0,0,-0.15645674696920567,0.045847274333949764,
2022-11-22,130.0,132.0800018310547,129.17999267578125,131.99000549316406,1525500.0,0.6022716494424256,0.591850552575235,0.8012034770497712,0.9981824210100486,0.36053618573713075,0.6473582465952434,0.2983305073935888,0.9085935861885075,0,0,-0.17512590422068383,0.02626888267711871,
2022-11-23,132.22000122070312,133.80999755859375,131.8699951171875,133.05999755859375,1078900.0,0.6091217982632648,0.5936293051300207,0.8178139447124334,0.9983329349673581,0.3646463326264421,0.6518982727534562,0.32019344296552354,0.9112425599659013,0,0,-0.18804453869130022,0.01204633890232676,
2022-11-25,132.35000610351562,133.3699951171875,132.1699981689453,133.36000061035156,320300.0,0.6162291668611206,0.5954108160311307,0.8226086228144943,0.9983778949096426,0.37805609578447047,0.6408970933650397,0.3404947402823201,0.9120289778923999,0,0,-0.1875094321014837,0.01097242959466619,
2022-11-28,132.3000030517578,133.19000244140625,130.0399932861328,130.3000030517578,1049300.0,0.6216916870911873,0.5971785383566224,0.7180162101307804,0.9985155850766677,0.3547942223952096,0.6150965997925525,0.3461926079773583,0.9094526796399025,0,0,-0.18671266805577788,0.011322694210596231,
2022-11-29,130.6999969482422,132.60000610351562,130.66000366210938,131.8300018310547,1648700.0,0.627665261691051,0.5989159251845532,0.7473421779072836,0.9987393441930253,0.36028095082548894,0.613616099273711,0.35148348512275107,0.9135006572715545,0,0,-0.17881807272949984,0.02386800105535076,
2022-11-30,131.63999938964844,135.4600067138672,130.8699951171875,135.22000122070312,2036700.0,0.6348470888492646,0.6014751235329465,0.8064501019848057,0.9990361474473491,0.3870009559203459,0.6304233516620531,0.3650607349113547,0.9185012735403636,0,0,-0.18387315123331363,0.028976767588262942,
2022-12-01,136.39999389648438,136.97999572753906,133.97999572753906,134.9600067138672,794900.0,0.643267630059674,0.604461775089514,0.7973032736018865,0.9991513165789264,0.3994728619949172,0.6436971677198418,0.38186077689712583,0.9165495919613011,0,-1,-0.21446525742351027,0.004289319818212553,
2022-12-02,133.10000610351562,137.6999969482422,132.9600067138672,137.3000030517578,776600.0,0.652605359955474,0.6079613696542899,0.8364600736116606,0.999269213506515,0.40294544105555546,0.6528262882923652,0.3905894551279455,0.9184563423881471,0,0,-0.19027865039318842,0.034084103555797406,
2022-12-05,135.36000061035156,135.91000366210938,133.8000030517578,134.58999633789062,924800.0,0.659079833372427,0.6110321318377295,0.7412208364113184,0.9994021112636399,0.38517644475813256,0.6360602464817461,0.3986946563422782,0.9161857232859747,0,-1,-0.20349600743179683,0.01704294454391614,
2022-12-06,134.9499969482422,135.83999633789062,130.57000732421875,132.0399932861328,885400.0,0.6643934364817778,0.61390985080651,0.6608368203921245,0.9995225911376456,0.36744645456481,0.5981782516831277,0.38501358593528123,0.9140118412000496,0,-1,-0.2045471396713787,0.020432424955983172,
2022-12-07,131.3000030517578,131.9600067138672,128.8000030517578,129.44000244140625,1670600.0,0.6687864683036413,0.6164442303499909,0.5868293062611709,0.9997368997895474,0.35862033379133285,0.5306099366464102,0.36211927566215774,0.9099100935009912,0,0,-0.18085433275556237,0.0484701167972304,
2022-12-08,130.24000549316406,130.85000610351562,129.33999633789062,130.36000061035156,1099100.0,0.6742625266885127,0.6187965969081066,0.6086942312727142,0.9998808374061899,0.369791426005519,0.5095544844439175,0.3408602732656859,0.9126086634136185,0,0,-0.1762979518989788,0.05763281299731934,
2022-12-09,130.4499969482422,131.7100067138672,130.0399932861328,130.41000366210938,718800.0,0.6761578270469855,0.621388889100385,0.6099318303186224,0.9999750495893042,0.34639745843969816,0.5120902882628934,0.32518111851408915,0.9143735001465786,0,0,-0.17666461085815693,0.055615219132058635,
2022-12-12,130.57000732421875,131.0500030517578,130.04010009765625,130.8800048828125,188381.0,0.6764252023767099,0.6241728453341605,0.6222099490602913,0.9999999999999999,0.3306676541792178,0.5056289299674174,0.3106219033876063,0.9148360233916979,0,0,-0.17751712679385237,0.05467364024079892,
