Date,Open,High,Low,Close,Volume,MA20,MA50,RSI,VWAP,CMF,CCI,ADX,OBV,V_Pattern,Outcome,LR,HR,CR
2010-03-16,66.55000305175781,66.68000030517578,66.0,66.56999969482422,35103700.0,0.41190709217914884,0.44050081953148845,0.5491201500113904,0.18330379652402984,0.6380798367182146,0.5729733110713431,0.16229872417115754,0.7892873932684066,0,0,,,
2010-03-17,66.91000366210938,67.79000091552734,66.80000305175781,67.36000061035156,38770000.0,0.4129234869444039,0.4400050966161627,0.6401322149169757,0.18442844526363622,0.6731823997334484,0.6678435500923454,0.1605099398954994,0.8103097283471847,0,0,-0.013669876314872919,0.01321912659534514,0.02628811789127981
2010-03-18,67.5,67.73999786376953,67.01000213623047,67.38999938964844,25925500.0,0.41383189082603405,0.43944290868416114,0.6433256334122661,0.18517783014122635,0.645980367140691,0.6533762891811179,0.1588489259252453,0.8243673643565956,0,0,-0.022268408349293976,0.004305239205754666,0.004008263667160871
2010-03-19,67.04000091552734,67.88999938964844,66.43000030517578,67.04000091552734,45564200.0,0.41457512904376265,0.4386176285645257,0.5874404138157387,0.18583447988336532,0.6267384287611204,0.6119587642723512,0.14307582746889408,0.7996609965465243,0,0,-0.015432570484443348,0.012613124822963855,0.011871129687028399
2010-03-22,66.48999786376953,67.19999694824219,66.31999969482422,66.97000122070312,21390600.0,0.4155724671644429,0.4378338877597593,0.5763484378724303,0.18607399515520662,0.6741461836408191,0.5743523042523019,0.1258654154395908,0.7880623284852369,0,0,-0.007309037247582157,0.020883077368136604,-0.00029827927794336833
2010-03-23,66.94000244140625,66.9800033569336,66.44999694824219,66.94999694824219,24754700.0,0.4168493108164732,0.43712215195557436,0.5729966141252184,0.18632501344888075,0.7101285866718298,0.5643908071034933,0.10988431855523775,0.7746395377146764,0,0,-0.014036171782473515,0.014185410346812196,-0.011497749117897554
2010-03-24,66.56999969482422,66.86000061035156,66.2300033569336,66.5,19748800.0,0.4174527938452505,0.436069778979268,0.4997115550830503,0.18619973627190367,0.6864458970593438,0.5277817025157673,0.095634874067198,0.76393110616957,0,0,-0.008513812110624516,0.019716202464425597,-0.040029879422513494
2010-03-25,66.80999755859375,66.91999816894531,66.23999786376953,66.30000305175781,21095600.0,0.41818968307915577,0.43505894954360047,0.46928181449618245,0.1859193798462937,0.6039230047600163,0.5129923219929697,0.0807808056659689,0.7524923965516214,0,0,-0.01218041441494361,0.016240629038416353,-0.04676686910758341
2010-03-26,66.44000244140625,66.87999725341797,66.16999816894531,66.54000091552734,30553400.0,0.41916796455526145,0.4341921279962109,0.5083111165542852,0.18578178124241695,0.6334488344964986,0.5092390075554694,0.06892180153085817,0.7690594280862084,0,0,-0.006636537272294804,0.02187023953996249,-0.01825036242499201
2010-03-29,66.66000366210938,67.4800033569336,66.58999633789062,67.30000305175781,26122200.0,0.4203749354593686,0.43353301147470646,0.6152718075437116,0.186349670479792,0.6504167879715708,0.6011440988929435,0.06731672396063121,0.7832237211322456,0,0,-0.009918900706768112,0.018485057268041585,-0.033062887697125655
2010-03-30,67.19000244140625,67.30000305175781,66.79000091552734,67.05000305175781,17745900.0,0.42136592459622585,0.43296251567973143,0.5731435359304542,0.18657475120739608,0.6480018829248408,0.5795951861845265,0.06582629478827759,0.7736013260826069,0,0,-0.017682056277041554,0.010401142890050794,-0.0338781378292571
2010-03-31,66.94000244140625,67.19000244140625,66.5999984741211,66.9800033569336,22352500.0,0.42235055990270726,0.4323283248600335,0.5612715802093479,0.1867991692313744,0.6980662448139212,0.5467050973593666,0.058341110806559515,0.7614810850496333,0,0,-0.014019424289669834,0.014168484787522794,-0.03281140160334478
2010-04-01,67.2699966430664,67.80000305175781,67.19000244140625,67.61000061035156,19614700.0,0.4237544559294895,0.43221201055263003,0.644720112941684,0.1874009425610077,0.7056965761633806,0.682472465578825,0.06703485804505277,0.7721168032820219,0,0,-0.018960832777189456,0.009256535018042071,-0.05479244528233382
2010-04-05,67.83999633789062,68.36000061035156,67.72000122070312,68.19000244140625,20901100.0,0.42484708211959604,0.43262465272533246,0.7087260327533649,0.18842442385885771,0.6787738693116951,0.782027860787228,0.0869282296773351,0.7834500487737694,0,0,-0.027214854626238662,0.007691233068578337,-0.06759348970375922
2010-04-06,67.98999786376953,68.3499984741211,67.80000305175781,67.9000015258789,19776800.0,0.42574913217085036,0.4331231456326111,0.656164476545417,0.1891848969936487,0.6578790032093547,0.7270593545886922,0.10540064619302592,0.7727264347323461,0,0,-0.029183132314439794,0.005426055628901967,-0.07625746828078499
2010-04-07,67.83000183105469,67.8499984741211,66.97000122070312,67.33999633789062,24531500.0,0.42610486912705153,0.4335357856924291,0.564069965721741,0.18966610233771997,0.6410442086578381,0.5795425894564453,0.09616741366403025,0.7594246701467118,0,0,-0.026951425477615257,0.00780557831202515,-0.07923418184408641
2010-04-08,67.01000213623047,68.22000122070312,66.8499984741211,67.86000061035156,24060800.0,0.4265114270331534,0.4340730500355089,0.6264040681396558,0.19051991537264623,0.6452823793517715,0.62307671815744,0.09619303002913449,0.7724712061246191,0,0,-0.014998547537225872,0.02004749847842628,-0.0991981091245932
2010-04-09,68.11000061035156,68.9800033569336,68.06999969482422,68.76000213623047,21099600.0,0.4274897085092592,0.43496479728470483,0.715466405245072,0.19184209621668558,0.6738530189111025,0.761901386822205,0.11133105680190777,0.7839120846706131,0,0,-0.031093436359764737,0.012820553179442773,-0.10654287470096843
2010-04-12,68.80000305175781,69.05000305175781,68.58000183105469,68.70999908447266,18170300.0,0.4287030283971895,0.43600332241413153,0.7071301287686572,0.19292866697707867,0.6783970689434655,0.7376829117224797,0.12665705512260766,0.7740595663553713,0,0,-0.04072139273949291,0.003635834674709412,-0.12521821055197613
2010-04-13,68.47000122070312,68.76000213623047,68.06999969482422,68.66000366210938,19177100.0,0.430202212493398,0.437174779689794,0.6983202836438365,0.19402339346912711,0.7051696868589648,0.6729776612425031,0.12561184186392388,0.7636611288511351,0,0,-0.035948206281686663,0.008441301685095765,-0.12749239198010828
2010-04-14,68.72000122070312,68.81999969482422,68.36000061035156,68.61000061035156,18777800.0,0.4314981176365554,0.43784774405817806,0.6890187117881922,0.1950455178421091,0.66078614749441,0.6632451760236443,0.12593714613911938,0.753479204589018,0,0,-0.03961551231614894,0.004806318285077545,-0.1370521314522606
2010-04-15,68.5,68.72000122070312,68.1500015258789,68.26000213623047,16712900.0,0.43206984120655906,0.43820776694819974,0.6245951639601423,0.19576303708940612,0.6299713379022132,0.6176470161703924,0.11996903726833064,0.7444169352070703,0,0,-0.03643783672584331,0.008016368559466688,-0.10260896156390911
2010-04-16,68.12000274658203,68.69999694824219,67.70999908447266,67.93000030517578,33855100.0,0.4324128753485614,0.43857609770119543,0.5679871298913866,0.19684970502275556,0.590083625867369,0.576440186476221,0.10212926055782082,0.7260596162407164,0,0,-0.031057759745612343,0.013624381425006776,-0.11221804017559008
2010-04-19,67.75,68.44000244140625,67.56999969482422,68.2300033569336,25686000.0,0.4331688212270412,0.43954815781394674,0.6081311573331635,0.197873384180284,0.6317821737275391,0.5659516330247005,0.0888604460960658,0.7399873876834168,0,0,-0.025761813515944625,0.019137392108310673,-0.12512880850601676
2010-04-20,68.62000274658203,69.22000122070312,68.5,68.97000122070312,22989500.0,0.43443931589524826,0.44070299725077666,0.6939341748313658,0.19925625431677663,0.6253902258626868,0.648960574670841,0.08891789525530558,0.7524530305075997,0,0,-0.038399569363582395,0.00879376292834553,-0.11505205778391091
2010-04-21,69.0,69.43000030517578,68.56999969482422,68.91999816894531,21119200.0,0.4356907539188805,0.4419686131239893,0.6846934675033834,0.2004688542453219,0.5734455020679325,0.6437119916728118,0.09353093105331098,0.7410015242141839,0,0,-0.04349717191391716,0.006234599065755933,-0.10787296643508942
2010-04-22,68.5199966430664,68.7300033569336,68.22000122070312,68.55999755859375,21654700.0,0.43699936187623695,0.44289913180898655,0.6189874968714184,0.20146678880697122,0.5935948042224093,0.5819524373872096,0.08763610482672907,0.7292596526787075,0,0,-0.03656408459108016,0.013203767937988917,-0.13044106358987587
2010-04-23,68.5,69.2699966430664,68.18000030517578,69.23999786376953,24340000.0,0.4388669857428454,0.4441148983914711,0.6961490916552393,0.203023769740859,0.6746254973695786,0.6267402660126261,0.09405789412807092,0.7424575798341746,0,0,-0.036464412033612066,0.013564765727725862,-0.13418904741174784
2010-04-26,69.02999877929688,69.52999877929688,68.93000030517578,69.29000091552734,18237100.0,0.44061391591163007,0.4452365063764059,0.7014111316052417,0.20419167193172072,0.6793546338398161,0.6655436393999178,0.10525370418088462,0.7523463192477724,0,0,-0.04376081560918635,0.007221259610431467,-0.11250718285920494
2010-04-27,69.01000213623047,70.0,68.19999694824219,68.2699966430664,36374700.0,0.44123010175460636,0.4461974865213456,0.5347394172776632,0.20545593664445994,0.5808046934980858,0.5949072222433782,0.09526058302185472,0.732622792505703,0,0,-0.043440642177217104,0.014287744994785828,-0.12960027764873702
2010-04-28,68.87000274658203,69.54000091552734,68.61000061035156,69.19000244140625,33243500.0,0.44258953066186363,0.4470033830359652,0.6369963875988651,0.20738984802150773,0.5966075012499233,0.6323824791193731,0.08598125623132702,0.7506484823739352,0,0,-0.039548919150429386,0.01655188675818886,-0.10224115570749032
2010-04-29,68.44999694824219,69.66000366210938,68.23999786376953,68.66000366210938,47200900.0,0.44365674637701963,0.4478065095586323,0.5645191267573512,0.20938239530521452,0.5449864373110618,0.5837653859029,0.07295239337228401,0.7250546434309406,0,0,-0.032952720029569275,0.022402124542059917,-0.09524492130884635
2010-04-30,68.9000015258789,69.30999755859375,67.7300033569336,67.7699966430664,43762100.0,0.4437583834302688,0.44830777034497904,0.4607279021355124,0.21015809564829935,0.4467562884950596,0.4604628351326006,0.07275030522587198,0.7013254319284645,0,0,-0.03976118862982482,0.01602094983178886,-0.10967087376008455
2010-05-03,68.11000061035156,68.22000122070312,67.18000030517578,67.83999633789062,30734900.0,0.4435360429860907,0.44885334043814806,0.46916723826331075,0.21073937221175543,0.44369955550552503,0.36044509163809624,0.08373622835688169,0.7179908785731057,0,0,-0.0286262732404124,0.0278884385903508,-0.08263247109650403
2010-05-04,67.1500015258789,67.26000213623047,66.0,66.47000122070312,31646100.0,0.4426276391044605,0.4491496661905623,0.33924784678868214,0.21024208142204248,0.45282808722193607,0.20214473484858836,0.11265546081637309,0.700831350119752,0,0,-0.016951674350792922,0.042010592983025945,-0.06839627734110187
2010-05-05,65.94000244140625,66.94000244140625,65.83000183105469,66.16999816894531,30260300.0,0.4418844008867319,0.4494903012497987,0.3155405487762454,0.20955602021370368,0.43713340884630014,0.20752706318365133,0.14178796704707058,0.6844232467876821,0,0,-0.001654891053579537,0.06108014869915784,-0.050248291047794755
2010-05-06,65.79000091552734,66.2300033569336,58.459999084472656,63.88999938964844,58336300.0,0.4393624681948927,0.44903057977832117,0.17835371635160793,0.20509265643474395,0.46078389393388275,0.01713782908432865,0.21280986521571227,0.652791437505863,0,0,-0.11077530654209357,0.0636239867156061,-0.04065290185649
2010-05-07,64.5,64.91999816894531,63.22999954223633,63.70000076293945,69004800.0,0.4361481158119496,0.44863178650894064,0.16946464612569948,0.1997801318320942,0.3774488494651151,0.23176375985869546,0.27875877065802235,0.6153748260113034,0,0,-0.09453750153746213,0.08608546020570347,-0.021443088824113138
2010-05-10,65.41999816894531,65.75,64.5199966430664,65.2300033569336,38337600.0,0.43393745780333887,0.4486954836465481,0.34225969632379527,0.19830149894189608,0.4056305280019652,0.35158781862842314,0.3250730980089784,0.6361626999683879,0,0,-0.10926215072389718,0.0718995569262116,-0.0546310753619487
2010-05-11,64.62000274658203,65.0,64.2300033569336,64.45999908447266,29790600.0,0.4312694160921727,0.44843515933798206,0.29676934678302014,0.19666308505389463,0.3542246225404946,0.34919607648780826,0.36929465959970625,0.6200092830120338,0,0,-0.09443512716690057,0.08247734135439232,-0.05396296322720927
2010-05-12,64.63999938964844,65.33999633789062,64.5,64.91000366210938,25390700.0,0.42891900289461066,0.4482745357237564,0.34191438835639376,0.19555337375860882,0.34973461314024257,0.3879647178197909,0.40409418504756683,0.6337769333417922,0,0,-0.09587341596262046,0.08315235318771044,-0.07089667638430135
2010-05-13,64.87000274658203,65.2699966430664,64.31999969482422,64.73999786376953,26791600.0,0.4266829295644971,0.4480834464238189,0.33106486085631104,0.1943048366309359,0.3641052987588362,0.3970931011246682,0.4373292159879661,0.6192496701873792,0,0,-0.09875216916450671,0.07903245977495697,-0.08889237323875136
2010-05-14,64.5,64.7300033569336,62.90999984741211,63.59999847412109,38815400.0,0.4239323074446563,0.44758495351654004,0.26380506803889503,0.19157227137242927,0.38302029606801613,0.3700961825092328,0.47484146583150716,0.5982027177752871,0,0,-0.09329627919106731,0.08495520824040631,-0.09314178217901124
2010-05-17,63.7400016784668,63.880001068115234,62.2599983215332,63.27000045776367,31923700.0,0.420781478825813,0.44669874519480757,0.2461294149881952,0.18915681957703567,0.3721750411895407,0.3640595129282359,0.512377922646686,0.5808926657155917,0,0,-0.08301891070237337,0.09842764892644461,-0.1014151087686577
2010-05-18,64.05000305175781,64.2699966430664,62.41999816894531,62.790000915527344,34457000.0,0.41685565010719133,0.44567683579132866,0.220946440801399,0.1862607841410795,0.3165820262397516,0.37997687219253706,0.5396001957681029,0.5622089773016259,0,0,-0.0883515714689587,0.09404136091660295,-0.11032089942204353
2010-05-19,62.459999084472656,62.93999862670898,62.0,62.45000076293945,36722500.0,0.41274560150336953,0.44447768599123394,0.20353066066043993,0.18299182458720198,0.32133212740639705,0.3692103049352098,0.5669521467245979,0.5422968622660201,0,0,-0.06370441060163833,0.1200828285648707,-0.09316767620359195
2010-05-20,61.470001220703125,61.68000030517578,60.209999084472656,60.33000183105469,57194500.0,0.40751751865776725,0.4425695693224647,0.11526754833491201,0.17557001198164945,0.21079467561337473,0.32665650320854267,0.6000127636293331,0.5112841734947233,0,0,-0.048198592465298014,0.136589250201562,-0.0784627936912177
2010-05-21,59.15999984741211,60.95000076293945,59.15999984741211,60.880001068115234,52802900.0,0.402206852980214,0.4408137694613897,0.1770324405663106,0.1695718439444347,0.26232171718396696,0.32885573807895463,0.6344033065711641,0.5399155961651183,0,0,-0.011602863280191876,0.17967843234853068,-0.028178364186032277
2010-05-24,60.7400016784668,61.0,60.130001068115234,60.18999862670898,27847800.0,0.3964261007859064,0.43898319460778035,0.14968549742030554,0.16611213446398398,0.206817603818935,0.3457478246544295,0.6653526379590498,0.5248156275603518,0,0,-0.037450764684500794,0.1521024664761866,-0.03794351729242718
2010-05-25,58.9900016784668,59.77999877929688,58.459999084472656,59.709999084472656,50533800.0,0.39098838515687745,0.4371581586816343,0.131603420049988,0.15952472210881474,0.36481314069680565,0.32557599133892223,0.6994992966802196,0.4974145835468372,0,0,-0.008805492707869159,0.1829207272426748,-0.0029905351268093754
2010-05-26,60.08000183105469,60.459999084472656,59.119998931884766,59.310001373291016,34028900.0,0.3847121408174175,0.43514757449589914,0.11685733545016316,0.15495083208428495,0.29938203089250126,0.351257654678635,0.7184447727294723,0.4789630246569163,0,0,-0.027131180228125416,0.16613629745516054,-0.02177194894809278
2010-05-27,60.5,61.54999923706055,60.09999847412109,61.459999084472656,31911500.0,0.3801383571039409,0.43351362786969083,0.33595621457046343,0.15207864290950868,0.39417370691934217,0.41259210806311986,0.7172490108907774,0.4962664614860736,0,0,-0.03439556345122619,0.1601753461479116,-0.02630250104822179
2010-05-28,61.209999084472656,61.66999816894531,60.27999877929688,60.459999084472656,32078700.0,0.37549470064254115,0.4315944333459949,0.28626040870154534,0.14864106468089577,0.4298515314042411,0.412205518217023,0.7141408399386338,0.47887236346462403,0,0,-0.04474454996688674,0.14301986733592487,-0.029124649238394997
2010-06-01,60.380001068115234,60.86000061035156,59.13999938964844,59.25,32972000.0,0.3700379283689373,0.42943707022358624,0.23364047578941013,0.1444307330556298,0.3555316911436727,0.3820440753723499,0.7178517371551516,0.4609938895874645,0,0,-0.03175656653517339,0.1591134481898359,-0.018524690101586035
2010-06-02,59.5099983215332,60.79999923706055,59.22999954223633,60.77000045776367,28668400.0,0.3664170180798922,0.42772004179831236,0.3564678951264999,0.1416575205937174,0.42700306174389624,0.41442832385452216,0.7212975702847753,0.47653881378071816,0,0,-0.01772150611072653,0.17704644183066323,-0.004050596856869725
2010-06-03,61.22999954223633,62.0099983215332,60.59999847412109,61.560001373291016,32383700.0,0.3634885299052271,0.4262273362377563,0.4126459025185272,0.1390594817245301,0.47404072115955315,0.4719463443447349,0.7038533114241141,0.4940982925656196,0,0,-0.04558170868681951,0.1443146353743899,-0.05380945257745037
2010-06-04,60.7400016784668,61.04999923706055,59.290000915527344,59.52999877929688,45019200.0,0.36071885114081165,0.42429706385913357,0.31697083680579996,0.13387074159197176,0.36176424158696674,0.4135117436696981,0.6967201728071997,0.4696874412017163,0,0,-0.03703707834846416,0.15042232155554874,-0.03752438794280557
2010-06-07,59.97999954223633,60.40999984741211,59.20000076293945,59.29999923706055,28389500.0,0.35792376190144587,0.42235848256109465,0.30727282599835926,0.13055623193596455,0.3756655895303374,0.40732674128878654,0.6906859468278728,0.4542937455164191,0,0,-0.025533352745377377,0.1683185060176482,-0.017302180420253662
2010-06-08,59.619998931884766,61.43999862670898,59.380001068115234,61.2400016784668,48460700.0,0.35538912397213135,0.4208907005894602,0.436956777354655,0.1267057364314521,0.4421568366148432,0.462445841881477,0.6686203496685317,0.48057068834727146,0,0,-0.01956154911191209,0.17504217878013184,-0.0244519524720879
2010-06-09,61.58000183105469,61.59999847412109,59.81999969482422,60.02999877929688,31693200.0,0.35257497808819077,0.4188773453553295,0.380179664260741,0.12357371975875475,0.4176281414337224,0.45704486313554443,0.6456722583393306,0.4633856207661847,0,0,-0.05094713685612269,0.13193993483993938,-0.035924244001335766
2010-06-10,61.5,62.0,61.15999984741211,61.88999938964844,33020100.0,0.3506565284251287,0.4174483337630538,0.48578626335335895,0.12144596807580443,0.46775684646434745,0.5420692630080578,0.6181046986766048,0.4812901760030886,0,0,-0.050641362274619565,0.13593209775182594,-0.029651821014375235
2010-06-11,61.68000030517578,61.91999816894531,61.18000030517578,61.86000061035156,21227100.0,0.3488270178476696,0.41603040002570457,0.48425662138973213,0.12008947653704549,0.5096788032772687,0.5594311016816811,0.5925062504183589,0.4697801628756516,0,0,-0.05202781147937278,0.12328320130334566,-0.020843446893668995
2010-06-14,62.060001373291016,62.459999084472656,61.31999969482422,61.369998931884766,24667800.0,0.34741041658341193,0.414302293745504,0.45840827985628874,0.11832682925128779,0.4833462676760152,0.5820328086293081,0.5598778323823081,0.4564044920668746,0,0,-0.05819596271093376,0.09957969263875668,-0.020206918649639114
2010-06-15,61.88999938964844,62.56999969482422,61.4900016784668,62.5099983215332,24532600.0,0.34692762725245857,0.41272927320850783,0.5227665996586187,0.11707709145282541,0.5112931744071305,0.6391990259914184,0.5277737412284871,0.4697068531077215,0,0,-0.05589050618988565,0.08750208310321557,-0.015968707174397058
2010-06-16,61.970001220703125,62.619998931884766,61.900001525878906,62.5099983215332,20652700.0,0.3467497563510818,0.41123656553506693,0.5227665996586187,0.11603904460903491,0.5815728734437808,0.6680602899384416,0.49709523215278567,0.4809054081678577,0,0,-0.056151051519407205,0.07950730049837608,-0.026075845654818037
2010-06-17,62.41999816894531,62.70000076293945,61.95000076293945,62.59999847412109,23310200.0,0.3468450419972315,0.4099238703630794,0.5281146603861169,0.1149179018676314,0.6190177597430021,0.6767012988033578,0.4671379631266777,0.49354494479807015,0,0,-0.06334985107668017,0.06095033259144762,-0.04383295372487104
2010-06-18,62.77999877929688,63.369998931884766,62.400001525878906,63.09999847412109,32747000.0,0.348604674980215,0.40860563520718596,0.5584561933333533,0.11364192526208416,0.7442044272740862,0.6951783099912547,0.4273384992362554,0.5113014164726832,-1,0,-0.06900958147163724,0.04744411011337197,-0.013418533116021751
2010-06-21,64.0999984741211,64.5,62.84999847412109,63.130001068115234,24877600.0,0.3500339814819479,0.40704646251706966,0.560324630504073,0.11270106402409752,0.6135299280855926,0.7073496521129637,0.4014586727083644,0.5247908475574345,0,0,-0.08938192592764554,0.02614899470331388,-0.021870004544991245
2010-06-22,63.130001068115234,63.20000076293945,61.790000915527344,61.93999862670898,26147000.0,0.35114566431662914,0.4051715783566382,0.4765703970165892,0.1112146981689337,0.6204000721210469,0.5981593647602103,0.36576823331264624,0.5106131071575168,0,0,-0.07397436883620193,0.03500705262765443,-0.006494532559404407
2010-06-23,61.709999084472656,62.2599983215332,60.900001525878906,61.09999847412109,38058900.0,0.35202865772330877,0.40307791025895234,0.42415751268142043,0.1085701932485037,0.4758123685915804,0.5183746346278236,0.3445173776593612,0.4899763532619865,0,0,-0.05247013354951184,0.05860505866806215,0.016144656476772875
2010-06-24,60.81999969482422,61.20000076293945,59.869998931884766,60.06999969482422,34188500.0,0.35251144463098577,0.4007128421106585,0.3660846738819695,0.10567511993628598,0.47676084907438127,0.4183593249252488,0.3366837639630728,0.4714382541430593,0,0,-0.03862521553664426,0.07283137576716936,0.018821629371496458
2010-06-25,60.150001525878906,60.2400016784668,59.09999847412109,59.09999847412109,118023500.0,0.35101226053477735,0.39817607038032743,0.3171289427235471,0.09430766137083335,0.18378263110471066,0.35605591508392853,0.3372520762496476,0.4074421343553323,0,0,-0.0281338846344603,0.07624441242421567,0.038288650719915364
2010-06-28,59.310001373291016,59.38999938964844,58.470001220703125,58.470001220703125,43013000.0,0.349748119696946,0.3955562179073733,0.2875555125796493,0.08992596956391141,0.14516177166137356,0.32539500096910645,0.3437083129170626,0.3841191088525341,0,0,-0.014382441806501252,0.08781723791383174,0.044331624357520416
2010-06-29,58.0,58.09000015258789,57.0,57.290000915527344,52525000.0,0.3485030355036895,0.3925264932536694,0.2369746957503199,0.0837679599582839,0.15354888383752507,0.2617026215479726,0.361617703397725,0.35563837245808416,0,0,-0.017102787397341782,0.11116811808272158,0.040875651440933844
2010-06-30,57.33000183105469,57.72999954223633,56.91999816894531,57.06999969482422,43944900.0,0.34615261988285134,0.3892309064203784,0.22803399271923228,0.0786005576885791,0.04267526500909635,0.28702153760727767,0.3788411392972521,0.3318100409439392,0,0,-0.007156635635491,0.12515269775466217,0.05061961362956886
2010-07-01,56.97999954223633,57.27000045776367,56.16999816894531,56.61000061035156,47746400.0,0.3430081450943839,0.38582177527163686,0.20915513629956958,0.0727930382266524,0.0,0.29629251583073457,0.40031370408405625,0.30592041443877094,0,0,-0.014193120336821661,0.1317680129310685,0.051340464707265596
2010-07-02,56.84999847412109,56.9900016784668,55.93999862670898,56.56999969482422,32767900.0,0.34112781356702376,0.38250126484942426,0.20747018386051544,0.06887031344998507,0.0788672914223687,0.31857568668659125,0.42188012745906717,0.2881526101151213,0,0,-0.01607489555910213,0.13513516063237868,0.0535241575927503
2010-07-06,57.16999816894531,57.59000015258789,56.77000045776367,57.459999084472656,36912100.0,0.33995895837534235,0.3792389115809136,0.2957935792516069,0.06500879574162433,0.1770232362522901,0.37182842002951866,0.42992179941002157,0.30816753234007277,0,0,-0.02174296533271631,0.1295740122078405,0.06452185868073917
2010-07-07,57.369998931884766,58.45000076293945,57.2599983215332,58.43000030517578,41797200.0,0.33817391249413203,0.37623134263706315,0.3815112184899472,0.0613078139309704,0.1797151801604519,0.41735892946485503,0.4216908767664744,0.33083131216351125,0,0,-0.02488688353568414,0.12408634148485334,0.04838152868584673
2010-07-08,59.130001068115234,59.20000076293945,58.130001068115234,58.810001373291016,40430300.0,0.33739891239435366,0.37361149122055126,0.41304943907532576,0.05802056214202311,0.2503093015869609,0.45037679708818656,0.4017226138451549,0.35275391505067977,0,0,-0.05459528366840833,0.09190482464209548,0.002738316730728075
2010-07-09,58.7599983215332,59.0099983215332,58.29999923706055,58.77999877929688,25976500.0,0.3354232927975676,0.37072854444707815,0.41104582884801344,0.05593208371932601,0.2197512272557024,0.45551317101555494,0.3831806554182153,0.33866862520869156,0,0,-0.04795102242770817,0.09760247482452296,0.002210526527453463
2010-07-12,58.290000915527344,58.93999862670898,58.20000076293945,58.93999862670898,23515000.0,0.3335683693218818,0.36803668591710015,0.42558299025435165,0.054117589529298904,0.23125170566136521,0.4605336022657094,0.36721986989689664,0.35141921095482187,0,0,-0.039979624661817266,0.10564816627148184,0.020585217924482747
2010-07-13,59.59999847412109,59.720001220703125,59.040000915527344,59.41999816894531,30514200.0,0.3323296365357246,0.36572423705148704,0.4691450333668117,0.05199921264024887,0.2836232853691406,0.49289631857537064,0.33907040969568925,0.36796498699456526,0,0,-0.06209704670324782,0.08313541974971224,-0.011197825972005145
2010-07-14,59.220001220703125,59.34000015258789,58.619998931884766,59.2599983215332,26061100.0,0.33026508269988825,0.36334809210470875,0.45591532395045276,0.05015673132164755,0.2805382954213788,0.484368228785646,0.31881885433011814,0.3538338243244197,0,0,-0.05520031462586575,0.08885895223834527,-0.0052171218923569695
2010-07-15,59.36000061035156,59.4900016784668,58.59000015258789,59.27000045776367,24737300.0,0.3282068826944277,0.36135412364492114,0.4569064918350605,0.04843265686048337,0.27712903167445446,0.49231612709528716,0.2973895222358778,0.3672471802579832,0,0,-0.05771181371093399,0.08673640795195103,-0.014849832822142858
2010-07-16,58.84000015258789,59.11000061035156,57.810001373291016,57.959999084472656,35805700.0,0.3252593354519117,0.35908044621510915,0.3529198311978623,0.045329724875192046,0.18753979544570404,0.45646883608114314,0.2884030255763861,0.3478321835303534,0,0,-0.04892865705215373,0.0954951881845433,0.01619704871027899
2010-07-19,58.33000183105469,58.7400016784668,58.09999847412109,58.43000030517578,20960000.0,0.322292731564821,0.35756835388021013,0.4017746881334463,0.04367229774441972,0.15971864413672932,0.47118775370118043,0.2800584215354296,0.3591973664875675,0,0,-0.041235390650411284,0.10645269610775822,0.011559664933203965
2010-07-20,57.68000030517578,58.9900016784668,57.66999816894531,58.95000076293945,23807300.0,0.3196373975144062,0.3562528887162696,0.45319504731379967,0.04197767205060687,0.2375899518676996,0.4913247193357502,0.2782409829403583,0.3721064466506058,0,0,-0.029779251572461023,0.11672085673804279,0.024473734343778714
2010-07-21,59.130001068115234,59.130001068115234,57.59999847412109,58.16999816894531,26859700.0,0.3172425147740429,0.3542976906358406,0.3915760430721963,0.039805915542441284,0.2651615007205547,0.4847683460882206,0.27352334096942815,0.35754225749622204,0,0,-0.0541136963548903,0.09109412828474064,0.03019505947853898
2010-07-22,58.709999084472656,59.790000915527344,58.65999984741211,59.380001068115234,27051400.0,0.31614989100721275,0.3528908358098607,0.5019049768323067,0.038084890571542296,0.33397659607180596,0.602018033810488,0.2554631716427482,0.37221039252717536,0,0,-0.04761905698739516,0.09953586209013152,0.04039887163126874
2010-07-23,59.2599983215332,59.810001373291016,58.79999923706055,59.720001220703125,19281400.0,0.315927555409587,0.351453516354611,0.5296756158043106,0.03695887037504564,0.413760042340674,0.6318741300619567,0.23828911346436843,0.38266538483019197,0,0,-0.05591107502702517,0.08824522708337362,0.03469183792920402
2010-07-26,59.70000076293945,60.43999862670898,59.630001068115234,60.38999938964844,20236500.0,0.31674702505216684,0.350248827627053,0.5819703347729407,0.03596793744907112,0.6862423878476187,0.703329968898769,0.21362823901048672,0.3936382629272179,0,0,-0.06296051673433316,0.0803750693058682,0.014233061901318664
2010-07-27,60.619998931884766,60.900001525878906,60.38999938964844,60.810001373291016,22400800.0,0.31823350391090005,0.3494761657336557,0.6129683611184749,0.035006087520793816,0.8016639024365477,0.7286950962211425,0.19897119409614017,0.4057846937663382,-1,0,-0.07749628005424349,0.06424906619191509,0.0021526919925340835
2010-07-28,60.72999954223633,61.27000045776367,60.72999954223633,60.90999984741211,23511100.0,0.3205330985818374,0.3488225870831725,0.6204316882396552,0.03403805972578677,0.8352597362828924,0.7249929107109624,0.19164608452765436,0.41853316480762426,-1,0,-0.07876995243139752,0.06199638830167059,0.005262287248767751
2010-07-29,61.41999816894531,61.880001068115234,60.290000915527344,60.34000015258789,33763000.0,0.32261035765514895,0.3481440837873252,0.5614940639383813,0.03241502359382986,0.8272902885988629,0.6857028135436752,0.19443681884375075,0.40022578540951265,0,0,-0.08996879914569832,0.05056643964489434,-0.003611843811475669
2010-07-30,60.150001525878906,60.5099983215332,59.59999847412109,59.68000030517578,29354600.0,0.3245605667769846,0.347376959764949,0.4987689889325403,0.03077299925370136,0.7978986800631327,0.59437509634852,0.18232172572739996,0.3843087816100929,0,0,-0.06977134386018673,0.07209145613392129,0.014086815909373818
2010-08-02,60.63999938964844,62.040000915527344,60.61000061035156,61.93999862670898,28144000.0,0.327971844282603,0.3478228323331045,0.6634384132334913,0.030037763903046688,0.8333316891346343,0.721474098151531,0.1924061885939259,0.3995693593366117,0,0,-0.07875336358756437,0.06467829407864131,0.006199713974409569
2010-08-03,61.97999954223633,62.9900016784668,61.880001068115234,62.720001220703125,31075800.0,0.33131324661702205,0.3483324020388676,0.7068063599524442,0.029546507789121268,0.8147656755549431,0.7594303523780694,0.21201232043035523,0.41641965287391103,0,0,-0.09751373990058274,0.01969650060949552,-0.015821755956800188
2010-08-04,62.86000061035156,62.88999938964844,62.27000045776367,62.720001220703125,21033800.0,0.3340384582619124,0.3490330610445683,0.7068063599524442,0.029217835407137294,0.7527614974192294,0.721039046096535,0.23021801427846822,0.42782485255356034,0,0,-0.11033166213265913,0.0020727210711903267,-0.030133918253569345
2010-08-05,62.27999877929688,62.709999084472656,61.84999847412109,62.709999084472656,19985300.0,0.33651592141095027,0.3498638811481096,0.705731000858709,0.028905838343764145,0.770880298014458,0.6766483874940821,0.23802823764885472,0.4169881831377774,0,0,-0.10108418413893695,0.011320199064912505,-0.02391581586106328
2010-08-06,61.91999816894531,62.5,61.25,61.970001220703125,23097300.0,0.33854236195763726,0.3506005415976585,0.6274668560324685,0.028333234871846358,0.7595688253638886,0.6252213044316408,0.23308271374361084,0.4044640877027745,0,0,-0.09535958586414676,0.01706272564412177,-0.005900158464144826
2010-08-09,62.560001373291016,62.66999816894531,62.18000030517578,62.45000076293945,14731300.0,0.3407720814573752,0.35087471269666193,0.6604359636720952,0.02805989045451529,0.7153899303088245,0.641253350784458,0.23084567296184444,0.41245187013109547,0,0,-0.10682592570888005,0.0069388461627482665,-0.016459584277414972
2010-08-10,61.84999847412109,62.16999816894531,61.45000076293945,61.93000030517578,23188500.0,0.34236655362300966,0.35128181488545873,0.6067527393366854,0.027482440000421438,0.7236990483607413,0.5947237119025238,0.21453468615376325,0.3998783231366604,0,0,-0.09463570496734662,0.01825465477051263,-0.006405087370615527
2010-08-11,60.54999923706055,60.65999984741211,60.20000076293945,60.38999938964844,24281300.0,0.343084383789064,0.3515975263557737,0.4725067608967194,0.026419016934161377,0.6745409223688168,0.50248486629526,0.2001897000250002,0.3867122250002576,0,0,-0.07443889209808853,0.03939936104283093,0.009688394733759017
2010-08-12,59.70000076293945,60.560001373291016,59.560001373291016,60.22999954223633,16951300.0,0.34369422064821703,0.35144797848359,0.46018199226177436,0.025649615784034907,0.660732160263449,0.47882507026211885,0.19555711272700482,0.37752068750681184,0,0,-0.06226199990449056,0.05447923412450455,0.033946005262121944
2010-08-13,59.959999084472656,60.45000076293945,59.79999923706055,59.90999984741211,14651300.0,0.3449329534343741,0.35099102700406537,0.4350917160349238,0.024931223090651322,0.6965594172347811,0.4657670799900612,0.1912554245217234,0.36957628363939626,0,0,-0.0667441555423664,0.05030719935286317,0.029055288283255112
2010-08-16,59.59999847412109,60.25,59.25,59.880001068115234,14301100.0,0.34585406255347945,0.3510879566500106,0.4326626876901376,0.02422906923295809,0.7027076645252238,0.4379743633203461,0.1946826328207869,0.361821769422344,0,0,-0.047237489961029604,0.05658493094608388,0.04106164088525185
2010-08-17,60.4900016784668,61.15999984741211,60.13999938964844,60.81999969482422,20122200.0,0.34704197438973555,0.35150890562924464,0.5206020925740094,0.023480252534572532,0.6712830631891678,0.4990220803774298,0.1809773890245625,0.37273267040047636,0,0,-0.05394127086369573,0.041750166255945416,0.018370047670336773
2010-08-18,60.66999816894531,60.720001220703125,59.630001068115234,60.150001525878906,20071500.0,0.34829976624374365,0.35120704094936683,0.4624138026622868,0.02257553922210498,0.6831767969960496,0.4403286442027091,0.17548443278134096,0.3618492605853178,0,0,-0.05047681207215598,0.03814540482016669,0.01841504031900453
2010-08-19,59.93000030517578,60.060001373291016,58.900001525878906,59.290000915527344,21174500.0,0.3482425938867432,0.35100210591543446,0.39572794295843294,0.021408135061462996,0.6543599796825328,0.37014185730660076,0.17988979181425874,0.3503677688616761,0,0,-0.03873652156188617,0.05087283949568118,0.04339153024341383
2010-08-20,59.02000045776367,59.06999969482422,58.54999923706055,58.88999938964844,21008800.0,0.34771533743626476,0.35017128581189305,0.36706239820345965,0.020158480398402734,0.6355319619026915,0.3243607167598904,0.18825251610592802,0.3389761249823098,0,0,-0.023950108984914918,0.06695903456569907,0.05346598279635244
2010-08-23,58.970001220703125,60.04999923706055,58.900001525878906,59.5,21337700.0,0.3471499676966368,0.34951770716140973,0.42804683117083386,0.01905730055386634,0.6017922543088269,0.3888228824421065,0.17794059542249552,0.35054610897019844,0,0,-0.023263758885737985,0.06826287144554291,0.07284763364395899
2010-08-24,58.959999084472656,59.45000076293945,58.790000915527344,58.93999862670898,25679100.0,0.34596205343710434,0.3488447427930259,0.38558373092246523,0.017572783489817834,0.5445877090772674,0.3696139231567944,0.1699135120590033,0.33662207892837603,0,0,-0.02285715311515243,0.06773113603351497,0.08369747129808942
2010-08-25,58.68999862670898,59.400001525878906,58.41999816894531,58.90999984741211,20944000.0,0.3446915587688974,0.34784775909135324,0.3833058373179683,0.01636622691610823,0.5603171325274082,0.3743321959337584,0.16772279870132412,0.325265571683343,0,0,-0.018493386121219747,0.07295560149214612,0.08754665706886915
2010-08-26,59.36000061035156,59.5,58.33000183105469,58.47999954223633,22320900.0,0.3435099983397408,0.3467316910903242,0.35023051438205666,0.014977885391171508,0.5905071864213728,0.379009228157825,0.16371262961185723,0.31316246518192703,0,0,-0.02987611849922271,0.0616194377443153,0.08521467757713688
2010-08-27,58.720001220703125,59.959999084472656,58.04999923706055,59.79999923706055,28279500.0,0.3435862273413158,0.3459562592049741,0.4844456048150806,0.013677841612976138,0.6863139808136769,0.4193308840713271,0.15095582805640034,0.32849651534597935,0,0,-0.01915189390131805,0.0730164242679196,0.0996922345535255
2010-08-30,59.560001373291016,59.900001525878906,58.959999084472656,59.0,16265100.0,0.341718601051431,0.34482080548604466,0.4204163928811886,0.012783848912000462,0.6078608896288413,0.42693808318898124,0.13911022661204747,0.31967705745869957,0,0,-0.03277596863170583,0.057357865366828756,0.08595310435665864
2010-08-31,58.75,59.540000915527344,58.5,59.11000061035156,26985400.0,0.33942535778759314,0.34370750642052605,0.431087768727921,0.011348419053666348,0.5852066178927582,0.41531655845210197,0.13606762497461178,0.334309405176906,0,0,-0.019491551286083278,0.0718644352282508,0.10661018500893803
2010-09-01,60.040000915527344,60.959999084472656,59.720001220703125,60.90999984741211,26286200.0,0.3382755592404864,0.3434222585230384,0.5810179930650913,0.010515915112800478,0.6146444870126706,0.542827608823607,0.12663465077933744,0.34856262427279916,0,0,-0.033666074402278055,0.04990696553000607,0.08898667030819346
2010-09-02,60.4900016784668,61.060001373291016,60.369998931884766,61.060001373291016,18662600.0,0.33722740259318135,0.3434111817245541,0.5917080626236798,0.009962673133059319,0.6119897441383473,0.583543865546092,0.11946416567334683,0.35868208340721247,0,0,-0.040059143778013305,0.04104416362276871,0.07716304013648988
2010-09-03,61.20000076293945,61.59999847412109,60.75,61.31999969482422,21982900.0,0.3368144908567036,0.34375735676769636,0.6107240145549646,0.009382296688106528,0.619996423488273,0.6301745687643073,0.12122912758204885,0.3706019154888032,0,0,-0.051588625205252384,0.029315441782979217,0.08319682119397273
2010-09-07,60.88999938964844,61.06999969482422,60.45000076293945,60.54999923706055,19435700.0,0.33560751995259647,0.3441589200290298,0.5376978063597739,0.00870134865113048,0.5905538128919455,0.594071395968368,0.1167033969014194,0.36006325678644036,0,0,-0.04631441889631327,0.034246612838708355,0.06898244256336211
2010-09-08,60.65999984741211,61.2599983215332,60.630001068115234,60.75,17380600.0,0.33485792790449226,0.3447903429696596,0.5540893522772321,0.008136703154371983,0.5534451538175553,0.6292543114911491,0.11563149727378519,0.3694875744823447,0,0,-0.04310488262985926,0.03848062527519529,0.08835676888900452
2010-09-09,61.5,61.59000015258789,60.90999984741211,61.04999923706055,16525200.0,0.33527719104806947,0.34583163703459685,0.5789494573034973,0.007660082365149812,0.5424107226653799,0.6533319666151025,0.12003599160795303,0.3784480669157681,0,0,-0.056790136015464246,0.024526776600276492,0.07934155876253858
2010-09-10,61.380001068115234,61.47999954223633,60.95000076293945,61.20000076293945,14488400.0,0.33589338173759825,0.34697539967294266,0.5915738672998065,0.007269523994172911,0.5291973274666781,0.640064538956457,0.12412587920396606,0.38630414118854006,0,0,-0.05454548521981311,0.026371836698962772,0.0812448047790378
2010-09-13,61.38999938964844,61.52000045776367,60.540000915527344,61.0,23141800.0,0.33658580142870215,0.34819116625542734,0.5692831221606335,0.006597863619233202,0.5458067905834928,0.6082359891044096,0.11802424405891726,0.37375591642903355,0,0,-0.05457516521160693,0.026143827922748393,0.07859473036978316
2010-09-14,60.84000015258789,61.34000015258789,60.75,61.0099983215332,17977500.0,0.3373036291714801,0.3494207796283494,0.5702449286219251,0.006082337836823548,0.5340627663442638,0.5995689544423147,0.11235843999565773,0.3835038924124933,0,0,-0.045737719926677765,0.03524592665375256,0.0932786660116227
2010-09-15,60.7599983215332,61.02999877929688,60.36000061035156,61.0,18769900.0,0.33741797388548095,0.35040114760407426,0.5689908424957264,0.005545850567061361,0.5548994516564569,0.5758507981581521,0.09763146952515145,0.37332625178326556,0,0,-0.044418933929328996,0.03491232792516665,0.08047860977696744
2010-09-16,60.84999847412109,60.9900016784668,60.45000076293945,60.970001220703125,16432500.0,0.3379388765055836,0.3511045755452854,0.5649660822693228,0.005073869190324043,0.5872853253477079,0.5712897168674985,0.0839564255168242,0.3644160242572913,0,0,-0.04590162683705803,0.03049181328445196,0.08803283191118096
2010-09-17,61.18999862670898,61.29999923706055,60.630001068115234,60.77999877929688,26447200.0,0.3388853936763631,0.3516501466948968,0.5385852987226165,0.004264485516546124,0.5718935088415672,0.574465332739255,0.07854686439729092,0.35007550580757596,0,0,-0.05150072702610024,0.024274225235438946,0.08692798312198283
2010-09-20,61.040000915527344,61.81999969482422,60.95000076293945,61.54999923706055,21788100.0,0.3405751514881474,0.352417270717273,0.6257783030038363,0.0037903560416410187,0.5755065801629666,0.6184587101512257,0.08467440413155705,0.3618897110933621,0,0,-0.04919384235797752,0.026817987597149883,0.0972358695526649
2010-09-21,61.650001525878906,61.900001525878906,61.25,61.540000915527344,20525200.0,0.34187105663130485,0.35313731544087434,0.6242693000412376,0.0033450772528746953,0.5692082039867449,0.6233115134695053,0.09200290987043028,0.35076029061466885,0,0,-0.05848907121757887,0.008448361486791138,0.10056856033695274
2010-09-22,61.560001373291016,62.0,61.40999984741211,61.45000076293945,18207700.0,0.3434655287969393,0.3536995044293181,0.6099187040602844,0.00293493555267732,0.5657322786569898,0.6262639243275252,0.10093234979800733,0.34088749282220376,0,0,-0.057036107962501664,0.0071497988326803385,0.10415989197352746
2010-09-23,60.9900016784668,61.56999969482422,60.900001525878906,61.150001525878906,18097800.0,0.34488848389157273,0.3542229219819608,0.562234802843859,0.0024704181249251,0.5565159591445932,0.5773339498003411,0.0937882671052509,0.3310742863277826,0,0,-0.04784381456312964,0.016436099414051334,0.13653369358477185
2010-09-24,61.5099983215332,62.130001068115234,61.36000061035156,61.75,25145300.0,0.3469657429648843,0.3549097331407819,0.6346393851112608,0.001995378354213262,0.5904838588822684,0.6546605087008894,0.09961908291083316,0.3447088729219636,0,0,-0.05658215859583212,0.010139047115471351,0.13883894467073393
2010-09-27,61.9900016784668,62.08000183105469,61.68000030517578,61.709999084472656,16642800.0,0.34817906527609094,0.3559482582702085,0.6279424233052976,0.0016761993346996462,0.5148415126169,0.6633611159988304,0.1050334118731596,0.3356846140040093,0,0,-0.06380570755313765,0.0022671965934969633,0.13489875330133477
2010-09-28,61.630001068115234,62.2599983215332,61.27000045776367,62.060001373291016,18806700.0,0.350122922990827,0.35695355089129743,0.6685914314710348,0.0013894668838987378,0.5672036734452045,0.6656789262782825,0.09769058703774172,0.34588220877125353,0,0,-0.05801331849242371,0.01020899793817186,0.1458434016986932
2010-09-29,61.77000045776367,62.02000045776367,61.27000045776367,61.59000015258789,21158000.0,0.3516983360886105,0.3576846724133831,0.5883327258224668,0.0009616834155177223,0.5516012749850849,0.6141749645684885,0.09087224969056798,0.3344096638757985,0,0,-0.059942009964313585,0.007895550321086738,0.1508217303985203
2010-09-30,61.95000076293945,62.43999862670898,61.470001220703125,61.790000915527344,25460200.0,0.352257354421139,0.3586871960989615,0.6134186434612737,0.0005062641297457482,0.48571326943309334,0.6605024827435778,0.09497802639667466,0.3482149993303435,0,0,-0.06332199246982849,0.00795580228211666,0.16041566883646283
2010-10-01,62.31999969482422,62.58000183105469,61.79999923706055,62.540000915527344,24160200.0,0.3531975201848189,0.35956232656576737,0.6970795787300247,0.00027240488344926206,0.4917737628015183,0.7184144134232175,0.10208427157557551,0.3613154331701758,0,0,-0.06910503956135489,0.004207835125070086,0.14031393494876304
2010-10-04,62.52000045776367,62.72999954223633,61.84000015258789,62.18999862670898,16902500.0,0.35375018468697167,0.3602463677326355,0.6376087790056829,4.680868637763069e-05,0.46947823163414676,0.6776695565361697,0.11223111952745046,0.3521503565988823,0,0,-0.07147427494829664,0.003357836287151668,0.127278586227101
2010-10-05,62.59000015258789,63.400001525878906,62.43000030517578,63.2599983215332,25185400.0,0.35547170438080583,0.36104118533588625,0.7396978695830977,0.0,0.5318606441467049,0.7813100061243716,0.1357111791195122,0.36580668669671723,0,0,-0.07300210670172827,0.013024624395845239,0.10210648704036471
2010-10-06,63.18000030517578,63.93999862670898,63.18000030517578,63.93999862670898,21645200.0,0.3574981425042166,0.36190800688327585,0.7909367736432115,0.00011609454891337023,0.5968988321992774,0.8218255862541703,0.16676237904072244,0.37754340702808603,0,0,-0.08109391723409234,0.012013884630068012,0.09215937378661297
2010-10-07,63.959999084472656,64.0,63.369998931884766,63.84999847412109,19468400.0,0.35927683455505105,0.3627222102044271,0.7757155566383223,0.00020122354954610344,0.6368763122055797,0.7640943017573067,0.19656478782518894,0.36698701733895306,0,0,-0.09243040310206369,0.0006256008193067836,0.09931183313270477
2010-10-08,63.810001373291016,64.52999877929688,63.630001068115234,64.37999725341797,22370500.0,0.36129691884808607,0.36384104714096666,0.8141471821122676,0.0004229745298172105,0.6684547235172696,0.7535701667595702,0.23231489624306856,0.37911701854813046,0,0,-0.09021146865907982,0.011276388773880396,0.10540328430804975
2010-10-11,64.36000061035156,64.80999755859375,64.30999755859375,64.55000305175781,13848900.0,0.3635520488227744,0.3651897458696872,0.8258981782863198,0.0005840424370928687,0.6701872734767957,0.734039882775648,0.2693463581480882,0.3866263354496649,0,0,-0.09102206990293793,0.0069897012649887446,0.09055610561936098
2010-10-12,64.30999755859375,64.88999938964844,63.93000030517578,64.69999694824219,20732000.0,0.36589611061323685,0.36595409990011063,0.8364388345545225,0.000856142761615164,0.6996078139470442,0.6920368327524208,0.28871584851030246,0.39786788950829866,0,0,-0.0900077038561121,0.008985310668221464,0.07234710422237031
2010-10-13,64.83999633789062,65.29000091552734,64.56999969482422,65.04000091552734,22560500.0,0.36846251042460126,0.36659660069566724,0.8599073302467769,0.001229749755974563,0.6791446685858098,0.6909670944653361,0.3129905609392904,0.41010091479962635,0,0,-0.07913439503379456,0.00695524882322185,0.0778980085510541
2010-10-14,65.05000305175781,65.44999694824219,64.87000274658203,65.30000305175781,17778100.0,0.37121313254444205,0.3673111064918051,0.8771430221568718,0.0015699663327808366,0.6658329430310455,0.6778775214660117,0.3379270977909007,0.4197407697200294,0,0,-0.07210950761666704,0.006149967571554605,0.06426814646888893
2010-10-15,65.63999938964844,65.6500015258789,64.81999969482422,65.19000244140625,25500700.0,0.37401457561418366,0.36799791870706866,0.8534671946185074,0.00202520792325922,0.6895971787442594,0.6570131070728616,0.36405602901609513,0.4059134738690261,0,0,-0.08085755792556189,0.00015317206375229262,0.05834605483209374
2010-10-18,65.19000244140625,66.54000091552734,65.02999877929688,66.27999877929688,22481700.0,0.3770192952137,0.3691915295796998,0.9211977959399554,0.0026751330360430536,0.7025933017155406,0.6780602881761499,0.3995265217076371,0.41810377127786197,0,0,-0.07409114358288245,0.020708673470820813,0.0670347438798659
2010-10-19,65.58999633789062,66.04000091552734,64.58999633789062,65.12000274658203,25367400.0,0.37929348183296313,0.3699309600212016,0.7201720497583411,0.003100959594003694,0.6933359244122821,0.6218652751850475,0.41577480243628057,0.40434875495396727,0,0,-0.07890760144631591,0.014333201495674451,0.08660237777428871
2010-10-20,65.47000122070312,66.38999938964844,65.3499984741211,66.01000213623047,20543900.0,0.38219021054885455,0.3710608758691103,0.7832262778839902,0.0036295196243458783,0.7360261149661269,0.6467308736744702,0.43559031568193013,0.41548831517127216,0,0,-0.07847052203356629,0.016431198551821007,0.0922911837030891
2010-10-21,66.29000091552734,66.80000305175781,65.6500015258789,66.31999969482422,21291200.0,0.38547443810299703,0.3727031303582924,0.8029046683008202,0.004240328183411801,0.752302432436812,0.6534273742715043,0.45910343392186675,0.4270330853706346,0,0,-0.0898348752199331,0.007726134217931608,0.07423119780796789
2010-10-22,66.51000213623047,66.55000305175781,66.12999725341797,66.33999633789062,13332800.0,0.3883902210401869,0.37439523308176004,0.8042048955060944,0.0046231902447511075,0.7516466254035615,0.6445597253175602,0.48093704371609375,0.43426255633112815,0,0,-0.09273223091342789,0.004372752063658048,0.07237628836626615
2010-10-25,66.68000030517578,66.80999755859375,66.16000366210938,66.19999694824219,16516600.0,0.39124248021327684,0.3761371850959555,0.7805066138127101,0.005071611870355319,0.750969003226766,0.636727221953846,0.5044805097686405,0.42530672709300205,0,0,-0.09526680801479785,0.001959560756618851,0.07205304557074177
2010-10-26,65.95999908447266,66.56999969482422,65.80999755859375,66.52999877929688,17652900.0,0.3940820341488916,0.37797883569160673,0.8047039433686837,0.005606719897800261,0.7601744597383503,0.623168763345427,0.5121918214861128,0.43487869456558814,0,0,-0.08459212586519298,0.012839856696453576,0.0889728045494243
2010-10-27,65.94999694824219,65.98999786376953,65.08999633789062,65.66999816894531,23358900.0,0.3966738420119302,0.3793219944364217,0.6669027023789522,0.0061080972714817605,0.7799467671445267,0.5703501063898969,0.494430912463303,0.4222127512364246,0,0,-0.08266941659728769,0.012926508734871368,0.09093646719922203
2010-10-28,66.43000030517578,66.69999694824219,66.05000305175781,66.22000122070312,20464200.0,0.39948798789587076,0.3810030203614049,0.71358243605612,0.006656556820356485,0.777742659418347,0.6158954115586854,0.4903172742869531,0.43330909556242747,0,0,-0.08832038067275763,0.005786466636413973,0.08755900959837574
2010-10-29,66.0999984741211,66.55999755859375,65.98999786376953,66.48999786376953,19265600.0,0.4019972129269584,0.3829969877647502,0.7351729965516469,0.007221182127086223,0.7633952344169359,0.6122993340672215,0.4845746200212296,0.4437555205996653,0,0,-0.0785260775050613,0.010721822280043708,0.0945334041201034
2010-11-01,66.72000122070312,67.20999908447266,66.62999725341797,66.94999694824219,22372700.0,0.4050209891710495,0.3852291237668082,0.7702857343001707,0.00797433474274678,0.7752825967368923,0.655126200792208,0.48940852401516116,0.45588671471926756,0,0,-0.08753195791566633,0.007369497360692977,0.08211760053985226
2010-11-02,67.31999969482422,68.25,67.20999908447266,67.83999633789062,26192200.0,0.40793042070114,0.38753880264046836,0.8290603908264494,0.009079113578898124,0.7504457099936033,0.7148379665962745,0.5066583636152424,0.4700889640060969,0,0,-0.09589243407895141,0.013890968596977643,0.06766241950390131
2010-11-03,68.2300033569336,68.2699966430664,67.31999969482422,67.97000122070312,26545300.0,0.4104904691054048,0.39003957187050875,0.8369135257331494,0.010222631512258662,0.7266315993207505,0.703798123100912,0.5228941392062461,0.48448267541612244,0,0,-0.10804838188000707,0.0005895237071302004,0.05881483017623632
2010-11-04,68.4000015258789,69.5999984741211,68.29000091552734,69.37999725341797,31221400.0,0.4140033860875488,0.3929391333134872,0.909420794456138,0.01198519867098602,0.7477802087739513,0.7854480752634059,0.5503827922940565,0.5014119179342695,0,0,-0.10489923407480375,0.017654802511268424,0.055465596224207436
2010-11-05,69.44000244140625,70.0,69.4000015258789,70.0,26531700.0,0.4175734778499693,0.3961294826378591,0.9348096015003039,0.0136286177902889,0.7710985295759465,0.8002288718993033,0.5789168256079058,0.5157982549889413,0,0,-0.11775731200738968,0.008071455473661927,0.04006916819472661
2010-11-08,69.48999786376953,70.41999816894531,69.45999908447266,70.31999969482422,23628000.0,0.42123885283526336,0.39904289192771714,0.9471647087233935,0.015153152332064046,0.8097530110817677,0.7504312157607301,0.6083978443002607,0.5286101129523504,0,0,-0.11742853437151228,0.013285718645368304,0.04614290509905134
2010-11-09,70.29000091552734,71.11000061035156,70.0999984741211,70.62999725341797,33938100.0,0.4250058697203591,0.40226370376847387,0.9589349788639153,0.01742326618362311,0.7879853569281553,0.7319450852535715,0.6402010882544014,0.5470124371756436,0,0,-0.1282707692962003,0.011660974095319477,0.03569400095454228
2010-11-10,70.95999908447266,71.16000366210938,70.1500015258789,71.12999725341797,25482400.0,0.4288745236587042,0.40559252205366014,0.9770760792089072,0.019233260031541022,0.8222554866924678,0.7004876372525818,0.6700400918792255,0.5608298101808398,0,0,-0.13436214402953678,0.002831722857345007,0.031714539867989756
2010-11-11,71.0,71.9000015258789,70.7300033569336,71.83000183105469,23788900.0,0.43302268797495164,0.4086167077799008,0.9999999999999999,0.021068458982505867,0.8470619075534243,0.6980106268449023,0.7020589119885969,0.57372891327487,-1,0,-0.12934065961175573,0.012652911016886887,0.02825815006106841
2010-11-12,71.37999725341797,71.4000015258789,70.43000030517578,70.98999786376953,24598100.0,0.4367071196048203,0.41136672135069574,0.8648267769556987,0.02275392958922895,0.8602456811209724,0.6506142033238581,0.7217978853351221,0.5603910360372817,-1,0,-0.13281354389031347,0.007239374345054256,0.02840040183105464
2010-11-15,71.01000213623047,71.22000122070312,70.44000244140625,70.4800033569336,18779600.0,0.4393751613159866,0.4139034930810266,0.7916638535233859,0.023940490166672213,0.7968364339806135,0.6232447643662209,0.7401269320140387,0.5502081357575442,0,0,-0.12086212268268821,0.012536968818570112,0.03324412848807836
2010-11-16,69.62000274658203,69.81999969482422,68.55999755859375,68.94000244140625,27543400.0,0.44180180593839985,0.4162270208580089,0.610126835884391,0.025266334029778292,0.788593534312975,0.5463131179763712,0.7055605748850369,0.5352732225770227,0,0,-0.09137346956117452,0.032349583863528236,0.05306466636826007
2010-11-17,68.83999633789062,69.37999725341797,68.55999755859375,69.01000213623047,17471800.0,0.4437075479407104,0.4185145461347004,0.6154252941648355,0.026112686967197707,0.7809136992324052,0.535027634261227,0.6734632432652496,0.5447469918323593,0,0,-0.0793443169755461,0.044386496658294326,0.062083061461001336
2010-11-18,69.6500015258789,70.38999938964844,69.63999938964844,70.30999755859375,18322900.0,0.44624218344674854,0.4210790103894635,0.7047515555297766,0.027219035681245174,0.8027833642468902,0.5807722775663035,0.656725935690647,0.5546822547525281,0,0,-0.08723373817435592,0.032603969429798686,0.07100422220254345
2010-11-19,70.19999694824219,70.58999633789062,69.36000061035156,70.54000091552734,24116400.0,0.44891022515791484,0.4236656303540799,0.7188245817084357,0.028717077676854608,0.8472521277163038,0.5768327663086308,0.6347405534210135,0.5677589388302646,0,0,-0.08917645940523924,0.024178703408715068,0.06684688864794668
2010-11-22,70.0999984741211,70.30000305175781,68.79000091552734,70.19000244140625,18907900.0,0.4514448655105056,0.42621070994738464,0.6784816966797809,0.029821583662521967,0.908742943302195,0.5513406257970616,0.6018299900948796,0.5575064701834751,0,0,-0.08746807611094269,0.025517479846836714,0.06521120519447764
2010-11-23,68.80000305175781,69.1500015258789,68.31999969482422,68.9800033569336,22672000.0,0.4530012243869907,0.4284179234169635,0.5548067590361622,0.030881857480906216,0.9039061862900751,0.4920434898644235,0.5617258701429835,0.5452129860228855,0,0,-0.06026504074372627,0.04416581231364017,0.09089609675884984
2010-11-24,69.25,70.0,69.19000244140625,69.87999725341797,19335600.0,0.4556756150819801,0.43087715016280725,0.6207995766351256,0.03194134943451443,0.9176710577316816,0.535732047219435,0.537072465078744,0.5556973673009156,0,0,-0.067555863081021,0.038416952695212336,0.09191064119096413
2010-11-26,69.30000305175781,69.43000030517578,68.9000015258789,69.2300033569336,7324600.0,0.45758771091466627,0.433164675439499,0.5606713539025167,0.032296876720929735,0.9408657584334379,0.4891596653376359,0.5082463204114405,0.5517257347108195,0,0,-0.06740135802791279,0.037206619580883324,0.08342865527767318
2010-11-29,68.86000061035156,69.63999938964844,68.30000305175781,69.44999694824219,20021200.0,0.4594680424420264,0.435565745031641,0.5774288274624033,0.0333050782534845,0.9404838974550112,0.46818302132583384,0.46982755300642914,0.5625818702558089,0,0,-0.06167852181727915,0.043911610112942145,0.09865667340561586
2010-11-30,68.55000305175781,69.75,68.31999969482422,69.55999755859375,27524300.0,0.4611260383717605,0.43778403424326184,0.5861004342557989,0.03470840098818995,0.9764017881303613,0.4583719686135139,0.43599689317479656,0.5775064268049142,0,0,-0.057019537622419104,0.04823612125739458,0.11562273768393762
2010-12-01,70.37999725341797,71.55000305175781,70.37999725341797,71.33000183105469,26590200.0,0.4633430550572997,0.44049527743469796,0.7059607071372456,0.03648320717423825,0.9985797780966901,0.646510171932432,0.4295545980319399,0.5919244844322479,0,0,-0.07604946953989353,0.021851701061095703,0.09100060456043893
2010-12-02,71.19000244140625,71.66000366210938,70.94999694824219,71.4800033569336,21274800.0,0.46557277455703755,0.44327298669925197,0.7146552253650899,0.03792155034274103,1.0,0.662371099986227,0.42483766623048097,0.6034603620266248,0,0,-0.08551809823254325,0.009953723065285924,0.0932285675841549
2010-12-03,71.01000213623047,71.30000305175781,70.88999938964844,71.19000244140625,19457100.0,0.46672257552742064,0.4460534648993164,0.6827605224396821,0.03917720867696284,0.9764812200840409,0.6229123984928379,0.419144224108327,0.5929100995592196,0,0,-0.08282044656291417,0.01245102613110198,0.10772239209044866
2010-12-06,71.19999694824219,71.5999984741211,71.05999755859375,71.30999755859375,15985400.0,0.4675547479841993,0.4487010109531452,0.6907820377263623,0.04022045049016665,0.9208537920900175,0.6288353546809117,0.4176587494860135,0.6015778951529338,0,0,-0.08582666667809807,0.00983290565571852,0.09889030304952859
2010-12-07,71.91000366210938,72.18000030517578,71.41999816894531,71.45999908447266,23694600.0,0.46827892955735323,0.4514011762896545,0.7012048783709709,0.04178928283204497,0.8407600130757842,0.6466789288509235,0.42323792870947324,0.6144258657682967,0,0,-0.09563886632607034,0.003786238287900043,0.0818958987215227
2010-12-08,71.87000274658203,72.22000122070312,71.4800033569336,71.8499984741211,22654900.0,0.46905393208040774,0.4541124184246482,0.7282908283955873,0.04335794724416164,0.8373877848217894,0.6465037985344932,0.4288903852633053,0.6267100777614928,0,0,-0.09487834446620662,0.004897823658063046,0.09949623147835268
2010-12-09,72.05000305175781,72.13999938964844,71.33000183105469,72.0,17971600.0,0.46960659900583673,0.45699536414167896,0.738687715334182,0.04461864002827998,0.8128834052965563,0.6324692115118457,0.43013533059429504,0.6364548545760857,0,0,-0.08434245395524917,0.0023660149277044506,0.09102287299961996
2010-12-10,72.18000030517578,72.18000030517578,71.62000274658203,72.18000030517578,17699500.0,0.4698289346034625,0.45987277093124657,0.7514802774182546,0.045881874224023456,0.8063747534810364,0.6414946945688604,0.43184582975197366,0.6460520900603992,0,0,-0.08597225613064235,0.0005555682712131076,0.09027777777777778
2010-12-13,72.41000366210938,72.75,72.06999969482422,72.36000061035156,21170500.0,0.47069922519594326,0.4625923219856565,0.7645063695250135,0.04741772923906984,0.792492035327895,0.6580793433015985,0.44108952553562647,0.6575314128559957,0,0,-0.08007767226729898,0.004710395351248634,0.10044333567951132
2010-12-14,72.2300033569336,72.5,71.93000030517578,72.18000030517578,20625900.0,0.4717791437252982,0.46535895339528377,0.7357386856365387,0.0488713590595955,0.821234076609277,0.6286623179640954,0.4454737893442318,0.6463473896137628,0,0,-0.06937540395408445,0.0071862443156477445,0.10572130779377018
2010-12-15,71.87000274658203,72.30999755859375,71.79000091552734,71.8499984741211,20979000.0,0.47362771094733197,0.46773786833401476,0.6836534773438898,0.050278982850061826,0.810781043659341,0.6031219060742644,0.44524515932699044,0.6349719042483336,0,0,-0.06303689432696702,0.012191704761670209,0.098642215116158
2010-12-16,71.91999816894531,72.33000183105469,71.56999969482422,72.22000122070312,18513900.0,0.4756668543082179,0.47003093253816985,0.7166383354237541,0.05157423504936798,0.8337615802334148,0.60000379499296,0.4382353296049824,0.645010733482664,0,0,-0.05052188351438058,0.01155186984942856,0.12192070037949469
2010-12-17,72.11000061035156,72.38999938964844,71.77999877929688,72.16999816894531,36761300.0,0.47684841473737455,0.47233507354080906,0.7083050488011404,0.054108177322074624,0.8253939452194772,0.5982104192881937,0.4327939659282248,0.6250775798450193,0,0,-0.05275543470222966,0.008861802531581383,0.16338968225294262
2010-12-20,72.23999786376953,72.5,71.87999725341797,72.22000122070312,16045800.0,0.47791563045253066,0.47450628451009713,0.7131427556771247,0.05521233079549859,0.7840425305441932,0.5985063526316271,0.4297759688341631,0.6337781262522171,0,0,-0.05459325082409514,0.007066677971039803,0.15477353584229808
2010-12-21,72.43000030517578,72.97000122070312,72.2300033569336,72.72000122070312,21772800.0,0.479522805432364,0.4767688840849824,0.7599074933389204,0.05679713285541288,0.7657949334071041,0.6265874884305599,0.4352384698129412,0.6455840353882301,0,0,-0.05718633596802035,0.007477165693712881,0.1524508716440489
2010-12-22,72.94000244140625,73.0,72.6500015258789,72.80000305175781,14606600.0,0.48194945005477724,0.47901210005485206,0.7670951849551287,0.057864642911674924,0.7347431114485196,0.6387082149614187,0.44082081448433935,0.6535042014847398,0,0,-0.06380637117381464,0.0008250489217080611,0.14218916617601576
2010-12-23,72.94000244140625,73.19999694824219,72.83000183105469,73.19999694824219,11390900.0,0.4840584710101387,0.4812719296377844,0.80218265543844,0.05873353517090818,0.7302964925251915,0.6556333949223582,0.4494781380232756,0.6596807121024559,0,0,-0.06373625268050591,0.0035713529661680382,0.15096150278944487
2010-12-27,72.80999755859375,73.30000305175781,72.80999755859375,73.01000213623047,9757200.0,0.4864597051576017,0.48340713705033933,0.7629878142839718,0.059459307730476585,0.7230937089024615,0.6528562925786434,0.4592610192876187,0.6543900459216291,0,0,-0.0616119493833427,0.006694064393343249,0.13893451123407546
2010-12-28,73.19999694824219,73.55999755859375,72.95999908447266,73.41999816894531,14423400.0,0.48898163784944076,0.4856863523511724,0.8001118971279916,0.06057956061620651,0.7097447987534603,0.6875166405967573,0.47281538322243727,0.6622108751136655,0,0,-0.06711400839766313,0.004930839608521472,0.12806472852951445
2010-12-29,73.41000366210938,73.69000244140625,73.33999633789062,73.37000274658203,11797700.0,0.4914019334880308,0.4876498582945752,0.7892778931786317,0.06148714768287533,0.6495632042097246,0.7008766277518029,0.48758579147469744,0.6558137845137454,0,0,-0.06959957420038394,0.0038136582168331757,0.13334232539212615
2010-12-30,73.29000091552734,73.51000213623047,73.05000305175781,73.36000061035156,10790400.0,0.49269148480081265,0.4899318435873611,0.7869740644778277,0.06231348930773706,0.6237978002121491,0.6549863254210583,0.48820562100197057,0.6499628842188254,0,0,-0.06801141715920124,0.00545184013772632,0.1298895791542114
2010-12-31,73.16000366210938,73.51000213623047,73.0199966430664,73.12000274658203,15273700.0,0.4937332900410181,0.49190088740178484,0.7309191533700249,0.06344696539945005,0.5846060976883257,0.6264592732274724,0.487438171607461,0.6416809951475657,1,0,-0.06624864462808885,0.007224628883414823,0.16016902811124023
2011-01-03,73.72000122070312,74.79000091552734,73.63999938964844,74.55000305175781,23320700.0,0.4958677214713301,0.4941801048155027,0.8586381605362995,0.06545433209043505,0.593778783178029,0.7424560020150542,0.5080989473042767,0.654326225213897,0,0,-0.07412469865092652,0.014633474488952143,0.1265043716157736
2011-01-04,74.70999908447266,74.94999694824219,74.41999816894531,74.9000015258789,20028500.0,0.4981482619209689,0.49655071294770214,0.8817607584660158,0.06722725673140184,0.6287699356487425,0.7542187754020468,0.5293153226525233,0.6651863190525689,0,0,-0.08598250530271041,0.0032192871085854682,0.12045610985017732
2011-01-05,74.66999816894531,74.87000274658203,74.13999938964844,74.69999694824219,16550800.0,0.5002064619264295,0.4989047032410694,0.8395720198198752,0.06865605694638699,0.689066863980555,0.7013614247370866,0.5372860824266956,0.6562119454796558,0,0,-0.0850466620482856,0.003738301383079837,0.12296393720753776
2011-01-06,74.9000015258789,75.43000030517578,74.66999816894531,75.18000030517578,22525300.0,0.5023218367121667,0.5013002349621907,0.873449063825943,0.07068149751279318,0.704533895145289,0.7242011034550939,0.5526547959930832,0.6684258842041851,0,0,-0.08835339683740646,0.007095030802532673,0.1285140410483912
2011-01-07,75.20999908447266,75.9000015258789,75.08999633789062,75.58999633789062,19297700.0,0.5046023723152531,0.504047479597475,0.8995969999460897,0.07247321888118519,0.6900173367644447,0.7289833421221095,0.5726734006365937,0.6788897148889862,0,0,-0.09191268960714707,0.009178005302013103,0.1360734678825122
2011-01-10,75.12999725341797,75.2699966430664,74.58000183105469,75.12999725341797,20766400.0,0.5064763500122373,0.5065150142062926,0.8050520676630378,0.07430899090229914,0.6792593328686868,0.6549349125864858,0.5719085731232056,0.6676295080491631,0,0,-0.09035579484790263,0.010186589625153364,0.15795744172329249
2011-01-11,75.0199966430664,75.86000061035156,75.0199966430664,75.69000244140625,15805400.0,0.5085917247979745,0.5090628637915503,0.8460089197497186,0.07577349858162918,0.7043904476216962,0.6715634675607652,0.5794014460255512,0.6761997018808402,0,0,-0.08917871946198397,0.01171309616642459,0.14574743748095317
2011-01-12,75.94000244140625,76.62000274658203,75.66999816894531,76.58000183105469,17363000.0,0.5113868140373405,0.5117297976761643,0.8998098893708802,0.0775047782886582,0.7413882982583032,0.696336954989904,0.5951157892867398,0.6856144762933454,0,0,-0.07345759028469363,0.008984017482390604,0.12419069352998335
2011-01-13,76.6500015258789,76.81999969482422,75.9800033569336,76.70999908447266,20438100.0,0.5144741164688076,0.51418625654294,0.9068679176538642,0.07955374325150055,0.8040549805965653,0.6836639038824626,0.6117783181844796,0.6966966683638529,0,0,-0.07521548705284406,0.0022198767939487687,0.11595713033552
2011-01-14,76.66999816894531,78.0,76.5,77.83999633789062,23478700.0,0.5180442033846757,0.5169196533313448,0.9601864320638817,0.08211470109594021,0.8147229195043802,0.716222718082324,0.6375363567607331,0.7094275710879723,0,0,-0.07534870092922268,0.017338050409700777,0.10598363941915552
2011-01-18,77.79000091552734,78.8499984741211,77.72000122070312,78.70999908447266,23883600.0,0.5221987215312989,0.5195035043604508,0.9920749642432226,0.08487534933540841,0.8302188934626467,0.7420344678332843,0.6671030554362247,0.7223780235534741,0,0,-0.08645945109914646,0.013617646562988967,0.09365366467750909
2011-01-19,78.62999725341797,78.93000030517578,78.12999725341797,78.23999786376953,21844100.0,0.5260229083501187,0.5217854896532368,0.9097833127372038,0.08729810950159189,0.7953162424146203,0.7114229621763425,0.695050948129551,0.7105334532750542,0,0,-0.09274546445526985,0.0038114986056072124,0.09134801835901231
2011-01-20,77.9800033569336,78.16000366210938,76.7699966430664,77.75,29121600.0,0.5292182016652109,0.5238431541941895,0.8298597163209335,0.09038605445631243,0.8051116720153048,0.6444355826537105,0.6815400282353605,0.6947427895342715,0,0,-0.08499490934876816,0.01214208811580376,0.09074640424305122
2011-01-21,78.20999908447266,79.0999984741211,78.05999755859375,78.9800033569336,25084400.0,0.5331440303838326,0.5261556051726874,0.8917706309117276,0.09327993008728441,0.8480275226713512,0.6809528054079723,0.6785838209531954,0.7083443541989634,0,0,-0.08848871065489348,0.011446937487439711,0.08372993101261053
2011-01-24,78.8499984741211,79.18000030517578,78.08999633789062,78.58999633789062,24871600.0,0.5365680131269264,0.5282215775766139,0.8341064541986968,0.09604893538384962,0.8210433541050843,0.6548463263547031,0.6766004534146215,0.6948581765062799,0,0,-0.09217521486288681,0.004178295986685557,0.07280323823251916
2011-01-25,78.22000122070312,78.98999786376953,77.93000030517578,78.68000030517578,21626300.0,0.5401698643481205,0.5301186163904563,0.8389670071539225,0.09845662101038455,0.842657563231153,0.6337378455113541,0.670538059479876,0.7065846486526348,0,0,-0.08461638676362603,0.01221528348652959,0.07838142664150911
2011-01-26,78.70999908447266,79.86000061035156,78.48999786376953,79.66000366210938,25555400.0,0.5441338112024441,0.5325196880954834,0.8878669478566571,0.10148730217633295,0.8635342466939642,0.6548178838833942,0.6735710804697299,0.7204416045946572,0,0,-0.09074732285148135,0.014616186088185056,0.03393490287988309
2011-01-27,79.83999633789062,79.9800033569336,79.33999633789062,79.87999725341797,17003500.0,0.5482692678579402,0.535122922729605,0.897826349800685,0.10352211078704476,0.9066148219476202,0.6557991662306125,0.6774982171403319,0.7296614465990938,0,0,-0.10381617201707544,0.0017575572760055458,0.028621721113175156
2011-01-28,79.77999877929688,79.88999938964844,78.87000274658203,78.98999786376953,26300600.0,0.5518457086041839,0.5379061688087379,0.7672623357193499,0.10646013575246904,0.8587151439592723,0.6210432666818342,0.6683199761018197,0.7154004193622376,0,0,-0.10277916082578933,0.002503813025959522,0.032548805251866014
2011-01-31,79.91999816894531,80.81999969482422,79.01000213623047,80.68000030517578,34514400.0,0.5566481768991094,0.5411380585044212,0.8537572866918245,0.11075416828407603,0.9354138668646501,0.6522843823087425,0.6694000433531975,0.7341152318936531,0,0,-0.10305101417634073,0.01139386694795331,0.018609966583849887
2011-02-01,81.13999938964844,83.95999908447266,81.04000091552734,83.91000366210938,40829600.0,0.5625940923340422,0.5449044446641165,0.9562427993597314,0.11684015593569486,0.9872854412371499,0.7557429492465892,0.6911137467429431,0.7562543480229408,0,0,-0.1147744434953407,0.03495289643229352,-0.022682223898520353
2011-02-02,83.58999633789062,83.9800033569336,83.26000213623047,83.41000366210938,18176900.0,0.5680000485042977,0.5484686636689475,0.9032460959579692,0.11945442326896005,0.9333897604601925,0.7476473807992905,0.7113730135753025,0.7463982509764243,0,0,-0.13538305905338413,0.004647920414989582,-0.028959511020478525
2011-02-03,83.05999755859375,83.55000305175781,82.45999908447266,83.44000244140625,19647700.0,0.5735521136938802,0.5521381191262551,0.9041518612617293,0.12227006999387768,0.947118317284348,0.7106122090173811,0.7127889009054167,0.7570518628651866,0,0,-0.12480512619188132,0.011029921567522654,-0.026495611886378462
2011-02-04,83.25,83.5199966430664,82.8499984741211,83.27999877929688,16558300.0,0.578697616130808,0.5560983603520713,0.8857264864858144,0.12460993197497272,0.941076343970787,0.6856379750595771,0.7141036534262373,0.7480734225521886,0,0,-0.12511987219484436,0.00874884150975692,-0.004913754195983998
2011-02-07,83.44999694824219,84.0,83.36000061035156,83.93000030517578,15304300.0,0.5839955814174385,0.5599893686821438,0.9077830154689172,0.12684221661187323,0.955988880636857,0.6807289383850781,0.7187964035921872,0.7563719039229945,0,0,-0.12776176207501944,0.006604263446441613,-0.010686832405065889
2011-02-08,83.5,83.6500015258789,82.63999938964844,82.9800033569336,17463500.0,0.5889822768673927,0.5637972941567082,0.8004781823383972,0.1292461968421006,0.9197709941848013,0.6355557825919699,0.7074090759053622,0.7469026351933519,0,0,-0.12558085162877528,0.005957345385225336,-0.010723239873780927
2011-02-09,82.44000244140625,82.77999877929688,81.7699966430664,82.55000305175781,15890900.0,0.5933400739670669,0.5674252102991468,0.7553077130779297,0.13136950836824868,0.9182567346992985,0.595364577399152,0.6799007287217138,0.7382860805247071,0,0,-0.11352139572494646,0.0187996805915217,0.0034948289201667286
2011-02-10,81.68000030517578,83.30999755859375,81.61000061035156,83.19999694824219,21050500.0,0.5975454082170384,0.571202672200884,0.786330987891091,0.13427603199832472,0.9231248098451491,0.5962213383587622,0.6598413330878934,0.7497003354789454,0,0,-0.10490615798862735,0.028104174549449842,0.023500937246360765
2011-02-11,82.2300033569336,83.41000366210938,82.2300033569336,82.81999969482422,15993500.0,0.6014267698161349,0.5743847126058395,0.7455235085974316,0.13642519644867424,0.8928476256097684,0.5899788890822509,0.6422490607002596,0.7410281478059395,0,0,-0.11069720014048356,0.02127399889410455,0.01490382102466807
2011-02-14,82.06999969482422,85.11000061035156,81.88999938964844,84.91000366210938,33108300.0,0.605917973120937,0.578104017353875,0.8367221794890872,0.14138728966113945,0.9139734459962245,0.6220780503212495,0.6412177496956792,0.7589805279062416,0,0,-0.10178701202896295,0.036706120825032156,0.014247769977346723
2011-02-15,84.79000091552734,84.88999938964844,82.66999816894531,82.97000122070312,25684600.0,0.6086241281212526,0.5813663706223859,0.6658022278545416,0.14481638306190447,0.8402975560756363,0.5954605830008011,0.6402601037628546,0.7450535155883571,0,0,-0.1254269351849223,0.0037686925099853323,-0.0035331885386749454
2011-02-16,83.05999755859375,83.86000061035156,82.86000061035156,83.69000244140625,16673500.0,0.6120862290000482,0.5847948896019126,0.699305694456481,0.14712327375244216,0.8941702171857326,0.5870374601292185,0.6393708611109461,0.7540944210290588,0,0,-0.10750871444750017,0.024707762101928047,0.012896223684244404
2011-02-17,83.97000122070312,83.97000122070312,83.05000305175781,83.87999725341797,17853500.0,0.6159802934133438,0.5882344843234817,0.7080903969211303,0.1496082730427326,0.8990240565707824,0.5886709326811939,0.6395424781156207,0.7637751602431152,0,0,-0.11219977435444148,0.013621691437356373,0.008483678620630306
2011-02-18,83.91000366210938,84.5,83.5,84.5,22839500.0,0.6194868565651119,0.5917377761826579,0.7367125830911058,0.152879658888593,0.9061362206178134,0.6086467332977505,0.6444454956155601,0.7761594682656004,0,0,-0.1112303545130899,0.014306115731224462,0.011444910776192686
2011-02-22,84.97000122070312,86.69999694824219,84.7300033569336,85.44000244140625,32580400.0,0.6238383046809628,0.5954598509226463,0.7770573327057444,0.15774806156142507,0.8920018709067583,0.6799562429122125,0.6640271032461815,0.7938256040871281,0,0,-0.12295857265856139,0.02047332221939719,0.005325407671505178
2011-02-23,86.0,88.2300033569336,85.47000122070312,87.06999969482422,38624600.0,0.6291680294263671,0.5995834878675257,0.8365869931306044,0.1639484579622037,0.886342839709483,0.7538860312132957,0.6894890846361801,0.8147690986314606,0,0,-0.1285112715728625,0.026100225810069516,-0.009597374431099355
2011-02-24,87.19999694824219,87.52999877929688,85.45999908447266,85.97000122070312,28577100.0,0.6331764385536633,0.6033526419062891,0.7420305514014975,0.16825423715716958,0.8209333079552381,0.7104544916885805,0.7129136107761134,0.7992736802208403,0,0,-0.13242217548764115,0.01182963606640088,-0.016538357839196337
2011-02-25,85.79000091552734,86.23999786376953,85.29000091552734,85.33999633789062,22230300.0,0.6366448884162821,0.6069971716617903,0.6917791753916344,0.17147423553729713,0.7575500115126027,0.6544890795932685,0.7307418536653407,0.7872196999396497,0,0,-0.11410954308828515,0.028382021714088955,0.0018610681684661163
2011-02-28,85.87000274658203,86.55999755859375,85.48999786376953,85.52999877929688,24507000.0,0.6407994065629052,0.6107857114184543,0.7005583064680315,0.17503746820217092,0.7524075064118079,0.6524410359724004,0.7489733687057052,0.8005081798410068,0,0,-0.10979614657449648,0.02765409786294696,-0.008319652155380037
2011-03-01,86.41000366210938,86.5,84.69999694824219,84.80000305175781,23001800.0,0.6434166273241706,0.6142696175597302,0.6411991622637944,0.1782335284200145,0.6528148793372155,0.5992864180594522,0.7475854486119615,0.7880358675630846,0,0,-0.11270907467119477,0.02127908009820716,-0.037764566854120406
2011-03-02,84.58999633789062,85.31999969482422,83.55000305175781,85.08000183105469,17423600.0,0.644159865541899,0.6178449144194875,0.6561839026519396,0.18067853665054168,0.5991603238212083,0.5419702876943251,0.7234071295303348,0.7974835012354757,0,0,-0.09221697421462674,0.04292460952886151,-0.01686312056980059
2011-03-03,85.45999908447266,85.94999694824219,85.05000305175781,85.81999969482422,17153500.0,0.6456908090968811,0.621611298466298,0.6948300229852695,0.18317054343808525,0.6449238661036999,0.6015966584636718,0.7067104619388309,0.8067846780416098,0,0,-0.10213918963779746,0.032557642370076564,-0.02374232016446779
2011-03-04,85.91999816894531,86.0,84.69999694824219,85.08000183105469,20028600.0,0.6467326143370866,0.6250342774619193,0.6318674054085444,0.18595445394017052,0.5967512295713202,0.5689572120014017,0.6846426703633133,0.7959245299797368,0,0,-0.09310181650177057,0.02691686315780303,-0.01899320973216309
2011-03-07,85.83999633789062,86.08000183105469,84.69000244140625,84.72000122070312,18062700.0,0.6476473720490925,0.6283354021662313,0.6022557762353178,0.18840375900877993,0.5526384689578797,0.5558905608611613,0.6649654363944169,0.7861303558289128,0,0,-0.09297127247860083,0.028091290169326284,-0.03220495774330621
2011-03-08,84.5999984741211,85.11000061035156,83.75,84.5999984741211,17658200.0,0.6480729865997692,0.6314925189822653,0.5921275607251845,0.19077117598155846,0.5375012055566852,0.5036733283599554,0.6292460977218659,0.7765555145266667,1,0,-0.07872991115249603,0.042847082513089385,-0.009442816464074666
2011-03-09,84.12000274658203,84.55000305175781,83.55999755859375,84.37999725341797,13306600.0,0.648962328990272,0.6346413258224408,0.5728550324971305,0.19252608242367186,0.5664878381586967,0.47359690205662913,0.5927671126165119,0.7693402500448697,0,0,-0.06654852227372915,0.048581568374481715,0.018085092280053616
2011-03-10,83.80000305175781,83.80000305175781,81.19999694824219,81.37999725341797,25996300.0,0.6482190859259911,0.6368457682436244,0.36868080949179993,0.19535550111631528,0.5041676642843252,0.31513447652216087,0.556118683780783,0.7552442240090576,0,0,-0.05842617285669659,0.05250059788306447,0.03033891493152487
2011-03-11,81.0199966430664,82.91000366210938,80.0999984741211,82.12000274658203,17607100.0,0.6475330224885392,0.63926899354562,0.4233664198439455,0.19735796372067638,0.4828541183867772,0.29620930591339534,0.5334712795876135,0.7647913572555253,1,0,-0.026419193524783204,0.08859679229793002,0.06389782198497578
2011-03-14,81.66999816894531,82.63999938964844,81.45999908447266,82.37999725341797,16383200.0,0.6472535121106369,0.641766991727265,0.4422538586729431,0.19924467293389236,0.5012459062696192,0.3374218921208334,0.5124415471225274,0.7736748527433416,0,0,-0.032391572622366444,0.07988315840943296,0.07001948134054738
2011-03-15,80.16999816894531,82.08999633789062,79.75,81.38999938964844,23191300.0,0.6450174387805232,0.6440572848830246,0.3839728247406765,0.20173185426035056,0.4617482415894599,0.2980145047408861,0.5083432875158114,0.7610997874992749,0,0,-0.005098302779172364,0.09783934761728666,0.09237680097198378
2011-03-16,81.2300033569336,81.80999755859375,78.80000305175781,79.30999755859375,33396500.0,0.6426924312113591,0.6453755179260332,0.2840851338682475,0.204775541082987,0.4550511414987877,0.2735023373491723,0.5116189212368554,0.742991136133311,0,0,-0.029856251669720987,0.08600565244494021,0.07507056182303067
2011-03-17,80.37999725341797,81.5,80.2300033569336,81.16000366210938,21941300.0,0.6410852562315257,0.6471091631336972,0.41291586315000783,0.20705940166946846,0.4534228646544755,0.3523147423522699,0.5146605811206817,0.7548884113632309,0,0,-0.019921753250501186,0.0989787712162781,0.09582658350103701
2011-03-18,81.7699966430664,82.33000183105469,80.8499984741211,80.8499984741211,28895900.0,0.6391604575846406,0.6488123447685339,0.3977018796872731,0.20998208617687686,0.3666049993424694,0.38779757075989524,0.5035014131551905,0.7392201293874026,0,0,-0.036594300853822835,0.07959593916187965,0.06407102443323828
2011-03-21,81.87000274658203,83.33000183105469,81.86000061035156,82.83999633789062,18207000.0,0.6381059446836834,0.6509337043342094,0.5154302787153527,0.2120773044275608,0.3329452882551188,0.4545810675402629,0.47805695374901663,0.7490925476174597,1,0,-0.03797154919930989,0.07866420198371811,0.04638219011470137
2011-03-22,83.0999984741211,83.2300033569336,82.33000183105469,82.55999755859375,16209700.0,0.6362764292596719,0.6528639767128321,0.4998919155107747,0.21390144400104116,0.33529574921918126,0.4620054893601957,0.4544299557289981,0.740303129383607,0,0,-0.051907238199580694,0.06192666718487118,0.020642191695637614
2011-03-23,82.6500015258789,83.0,82.0,82.5999984741211,15390600.0,0.6334368729007809,0.6549327191087115,0.5022331484423636,0.21563095679541622,0.3291152089014655,0.4615921291782934,0.4361217992892051,0.7486484053769895,1,0,-0.046632734834914535,0.06758723347944019,-0.00036335731811988647
2011-03-24,82.77999877929688,83.47000122070312,82.55000305175781,82.7300033569336,17009000.0,0.6313786728953201,0.6568823772052348,0.5103078294472372,0.21755056746986012,0.33742904702814314,0.4863652066257378,0.4116029377579466,0.7578712296574883,0,0,-0.04818396853585912,0.0659806861781508,-0.0010895440623866501
2011-03-25,82.98999786376953,83.93000030517578,82.81999969482422,83.62000274658203,16497300.0,0.6302860515517663,0.6588320353017578,0.5646111285353786,0.21951094636248358,0.39196727352391725,0.5206246375161276,0.3817017080170801,0.766816593817796,0,0,-0.05064661721255153,0.06333863508449741,0.0022966570010458714
2011-03-28,83.86000061035156,84.01000213623047,83.44999694824219,83.47000122070312,14608200.0,0.6289774435944098,0.6607041505266789,0.5538915238825273,0.2212241998353015,0.41025185183190693,0.5397400057890609,0.35268062414753526,0.7588955601500682,0,0,-0.06051180808889148,0.0522602559560506,-0.006218658878030145
2011-03-29,83.16000366210938,83.88999938964844,82.61000061035156,83.25,16277400.0,0.6279928082879285,0.662202397127583,0.5375516406940373,0.22309996629627316,0.4512880567045553,0.5237224489780528,0.3369333948182091,0.7500694328090493,0,0,-0.052234342237797264,0.060740381222933335,-0.02443992914452433
2011-03-30,83.80000305175781,84.86000061035156,83.51000213623047,84.48999786376953,15770400.0,0.6276180098406001,0.6638031101890112,0.6151343591525992,0.22505086713268874,0.440103136406412,0.5943033853549783,0.3070124667791325,0.7586206485203302,0,0,-0.06006006006006006,0.05321321687898836,-0.03303303303303303
2011-03-31,84.81999969482422,84.94000244140625,84.11000061035156,84.12999725341797,15317800.0,0.6265444402950684,0.6654342868232668,0.5865162569590024,0.22689876326614256,0.38635832384332913,0.6109789809090712,0.27802767325145455,0.7503148470173715,0,0,-0.07125099769528889,0.04035985025834202,-0.046751059866412904
2011-04-01,84.72000122070312,84.83999633789062,84.16999816894531,84.68000030517578,15531500.0,0.6262903403921165,0.6673534813469626,0.6203182702055217,0.2288265175332418,0.4193405650145867,0.6289788417255093,0.2511132221186107,0.7587365235011487,0,0,-0.07036726925252336,0.041721172599799024,-0.05325096283361145
2011-04-04,84.26000213623047,84.93000030517578,84.06999969482422,84.87000274658203,13096100.0,0.6263856284615423,0.668984657981218,0.6319805022433156,0.230464016985799,0.4766459594089411,0.6383680682293351,0.2277568391525901,0.7658376481445635,0,0,-0.06447802391114224,0.04688239497396969,-0.04546526287489604
2011-04-05,84.68000030517578,85.94000244140625,84.55999755859375,85.41999816894531,17122600.0,0.6269065310816453,0.6708761589240393,0.6655588415160479,0.23266425034868687,0.4762526768428963,0.6797692212948856,0.2142864175458597,0.7751220699815479,0,0,-0.06928239735039686,0.04182871376071426,-0.03464124362273162
2011-04-06,85.7300033569336,85.88999938964844,84.95999908447266,85.18000030517578,13339700.0,0.6274147308875491,0.672676269148379,0.6423960282070234,0.23434905310094356,0.444611447032374,0.6694463870986297,0.20177816891103867,0.7678888576201763,0,0,-0.08112854663693031,0.021072295258110586,-0.03980334346477411
2011-04-07,85.16000366210938,85.79000091552734,84.91000366210938,85.76000213623047,16006700.0,0.6301971173127159,0.6743656029363361,0.6791304695792179,0.23642946884634108,0.5194993806963446,0.6573180862234955,0.18917208657349038,0.7765682027557316,0,0,-0.07466542131445743,0.016435711334451677,-0.04214609009653898
2011-04-08,86.0,86.22000122070312,85.36000061035156,85.94999694824219,15943200.0,0.6326301109189525,0.6760466288613194,0.6909851998901728,0.23851497428420432,0.5159371901434886,0.6606934575924387,0.1845696464503847,0.7852131161585683,0,0,-0.08395518620446082,0.006529822115724639,-0.06215020636995713
2011-04-11,85.94999694824219,86.1500015258789,84.77999877929688,85.16000366210938,13026500.0,0.6343961025788643,0.6777553504800617,0.6094547429278045,0.24013982041207615,0.4859045571433712,0.6190558806359755,0.16834368137741185,0.7781497308631412,0,0,-0.08318783188311217,0.006399104959701351,-0.05421752412069339
2011-04-12,84.23999786376953,84.25,82.66999816894531,83.18000030517578,20728800.0,0.6355331958884958,0.6784477005663465,0.44859845880215465,0.2424241150795745,0.4524607018371378,0.49155362794764973,0.1726190510048593,0.7669099119469437,0,0,-0.06387969208639384,0.023250390697371066,-0.026773117440709142
2011-04-13,83.58000183105469,83.94999694824219,82.55999755859375,83.16000366210938,14489400.0,0.6379789020020363,0.678239995540461,0.44719540444111083,0.24401187159135462,0.4928008357134208,0.46695444423344135,0.1779296535208999,0.7590532954421605,0,0,-0.057465722069725035,0.03173839119935861,-0.014306352933881914
2011-04-14,82.37999725341797,83.83999633789062,82.37999725341797,83.44000244140625,15717500.0,0.6394272651483439,0.6782483034034348,0.4710214592699725,0.24575885673794584,0.4866030224594755,0.4536084925457202,0.18513573125613636,0.7675758270800427,0,0,-0.043049471428671035,0.04617609184924552,0.003006252873866921
2011-04-15,83.80000305175781,84.47000122070312,83.36000061035156,84.29000091552734,17022500.0,0.6416125175285567,0.6784837020101946,0.5395192536175581,0.24774513724843272,0.5676835359925663,0.509430875037292,0.1793249682295021,0.7768059714926943,0,0,-0.05992329642501066,0.029002853525138598,-0.003954959508617266
2011-04-18,83.11000061035156,84.0,82.44000244140625,83.0999984741211,15107300.0,0.6417776831924584,0.6784338527194669,0.447909361137947,0.24937472576274722,0.5508379895409701,0.4261488771250652,0.1860631455772403,0.768614309828118,0,0,-0.05113296371788022,0.03689643583547119,-0.012812929402350223
2011-04-19,82.97000122070312,83.98999786376953,82.97000122070312,83.80000305175781,12770800.0,0.6425653933762645,0.6783978512756184,0.5028689722912928,0.25081029648416875,0.5828267187360079,0.45810999705981,0.19232002454299707,0.775539046398251,0,0,-0.050180484302222085,0.03910950733665911,-0.019735251742022165
2011-04-20,85.05000305175781,85.68000030517578,84.87000274658203,85.6500015258789,15447600.0,0.6445028996839013,0.6791372806606779,0.6233955142684707,0.2527408661643875,0.6053566153478466,0.6243540905099417,0.16985104373508964,0.7839152296162787,0,0,-0.07458233618607127,0.013961791483738738,-0.04618141534185604
2011-04-21,85.7699966430664,86.43000030517578,85.55999755859375,86.36000061035156,12797200.0,0.6468088457619379,0.6801924215160522,0.6620384115392525,0.25439821650784866,0.6476879441062817,0.6753581968410044,0.15945567320038384,0.7908542811115106,0,0,-0.08137762366767302,0.007705821953896367,-0.06398126830019142
2011-04-25,86.29000091552734,86.5,85.88999938964844,86.22000122070312,9852800.0,0.6484604878612965,0.6810287816034992,0.6500617396822077,0.2556610996225661,0.6346921789502327,0.6625210515958301,0.15075690843710127,0.7855117775504019,0,0,-0.08672994222827438,0.002431670715475709,-0.0728346557558198
2011-04-26,86.43000030517578,87.4800033569336,86.26000213623047,87.41999816894531,17908800.0,0.6509697128923844,0.682302705339686,0.7133612059578432,0.258098546129387,0.6943253910546227,0.7065359170871099,0.15531818931746733,0.7952225021946842,0,0,-0.0884945157201628,0.012178184143955753,-0.06576198200730057
2011-04-27,87.4800033569336,87.9000015258789,86.29000091552734,87.77999877929688,17755800.0,0.6538473825404247,0.6830975218864941,0.7308741231463028,0.2605491771162489,0.724649938852969,0.7005062782981397,0.16446486988889686,0.8048502653412348,0,0,-0.09929078571245298,0.004804371742649049,-0.07206592523123384
2011-04-28,87.02999877929688,87.5,86.52999877929688,87.33999633789062,18705300.0,0.6556578364733092,0.684307748485073,0.6893533359450212,0.26306241264625374,0.7355052127822437,0.663281198034776,0.1729582161337957,0.7947076528999382,0,0,-0.07746634218417278,0.00991117291730042,-0.08259284689930903
2011-04-29,87.43000030517578,88.0,87.02999877929688,87.9800033569336,17352300.0,0.6581035425868496,0.6854958214866833,0.7231888397126945,0.26546059884833983,0.7981588717879639,0.6815559311492884,0.18687188227569396,0.8041166254299222,0,0,-0.0753377845998385,0.006526216152094528,-0.0938859318990467
2011-05-02,88.0999984741211,88.12999725341797,86.47000122070312,86.97000122070312,18651200.0,0.659558259563533,0.6863515672920311,0.6307983343893508,0.26789706037678584,0.7669908932627956,0.6349588162409086,0.18832303497261793,0.7940033477404379,0,0,-0.07092518328800183,0.0003409727000710649,-0.08774722580292697
2011-05-03,86.58999633789062,86.77999877929688,85.04000091552734,85.62000274658203,18417100.0,0.6600346950641107,0.6866617408913249,0.5259221590126857,0.2701209302154246,0.7320523488283819,0.5364212212929235,0.16552953177928503,0.784017006564803,0,0,-0.05277677674446187,0.017707265653811994,-0.09118078147035283
2011-05-04,85.19000244140625,85.5999984741211,83.91000366210938,84.80999755859375,22867000.0,0.6596471938025832,0.686487267317335,0.4710332906747433,0.272741217485009,0.7265725496564408,0.4662659706739431,0.15956222696152456,0.7716177871620065,0,0,-0.03725767740101592,0.03433770985401054,-0.06972671138978033
2011-05-05,83.5199966430664,83.98999786376953,81.58999633789062,82.62000274658203,27491200.0,0.6580209621781752,0.6852548850089026,0.3495265508818848,0.27546012350149907,0.7328625988918338,0.35488708908673294,0.17715740998390422,0.7567111784924758,0,0,-0.022756754636649737,0.05435680630890943,-0.053059782213659756
2011-05-06,83.2699966430664,84.0999984741211,81.8499984741211,82.69000244140625,26314700.0,0.6560707530563394,0.6843465220337592,0.3547953599167343,0.2780586117857924,0.6895468111021849,0.38240989792233654,0.19174429027353207,0.7709798512006915,0,0,-0.0203340625674971,0.058823534843717,-0.04308880949221496
2011-05-09,83.01000213623047,83.72000122070312,82.16000366210938,83.18000030517578,18254600.0,0.654311120073356,0.6837483326579095,0.39253487617177407,0.2799126069868798,0.6889136961978573,0.4028278001552543,0.2052892505424722,0.7808780796744873,0,0,-0.017172641872226974,0.06191794613642084,-0.029507828871274063
2011-05-10,83.08000183105469,83.76000213623047,82.5,83.33999633789062,17695700.0,0.6531549652725972,0.6831418333062009,0.4050285248529635,0.2817214432069366,0.7123932599041362,0.4213951002568566,0.2171393608707844,0.7904732546771578,0,0,-0.017913025819877866,0.06071165428992011,-0.039192139027049495
2011-05-11,82.51000213623047,82.69000244140625,80.44000244140625,81.12000274658203,24192000.0,0.6518463573152409,0.682122693894675,0.29099531072370677,0.28381801936939866,0.7079327669758306,0.3433727200027462,0.24570968767456758,0.7773555778593657,0,0,-0.024838010388573667,0.06743454960571389,-0.048836091596680196
2011-05-12,80.62000274658203,81.58999633789062,79.41999816894531,81.05000305175781,21853600.0,0.6505059850525583,0.681006625893646,0.2878608570422494,0.28569133535966884,0.7339397190033643,0.3271996294331205,0.27899411042168903,0.7655058563768383,0,0,-0.014792955337853223,0.09257882461243346,-0.047337325410124614
2011-05-13,81.29000091552734,81.7699966430664,80.22000122070312,80.87000274658203,17628500.0,0.6488733995977745,0.6796357735679566,0.27938201442416344,0.28717405350062064,0.7139723970758918,0.35395258434711374,0.3065795272718635,0.7559471193653283,0,0,-0.023072210686875164,0.08439230204004637,-0.04157930437621301
2011-05-16,80.22000122070312,81.2699966430664,80.12000274658203,80.23999786376953,16435100.0,0.6463006459560341,0.6782953827022098,0.249862639477243,0.28848114393607105,0.6647853517829653,0.35728677868080305,0.3329038247974984,0.7470354820361247,0,0,-0.009892457333836613,0.09781124971025378,-0.007295708510534121
2011-05-17,79.98999786376953,80.79000091552734,79.5999984741211,80.41000366210938,18067800.0,0.6445918339229515,0.6771017718295784,0.2664506268231107,0.28993292868923115,0.6825540147927809,0.36206463652006066,0.3610548698966247,0.7568324215702064,0,0,-0.0071036853190344935,0.10144565810518125,0.003240305871790988
2011-05-18,80.87999725341797,82.2699966430664,80.43000030517578,81.73999786376953,17957000.0,0.6432832211190425,0.6763097231618382,0.3863868229289633,0.291529913267524,0.6817492716994331,0.41491346868031076,0.35990445255517384,0.7665692817974341,0,0,-0.018156933440865317,0.09016291095403008,0.0062181317899331085
2011-05-19,82.2699966430664,82.58000183105469,81.33999633789062,82.33000183105469,15229100.0,0.6411742001636811,0.6757419973588159,0.4335648301874252,0.2929392115821603,0.671282404764655,0.4424936765054832,0.35375940088958724,0.774826987320989,0,0,-0.03486663259853507,0.07169073603498284,-0.0031807501055878735
2011-05-20,81.9800033569336,82.25,80.9000015258789,81.56999969482422,19003400.0,0.638131364851739,0.6757946166414968,0.38633448954410454,0.2945943115810916,0.6494481790742914,0.431437788337328,0.35247939091527436,0.7645227355171186,0,0,-0.03109443861353897,0.07469930474560747,-0.004615630685789236
2011-05-23,80.22000122070312,81.01000213623047,80.06999969482422,80.66999816894531,16288500.0,0.6346057402088436,0.6753930523237208,0.33529942893925346,0.2959094102413391,0.6568694325126544,0.40393083082340453,0.35911284436465624,0.755690589400774,0,0,-0.009807564726625521,0.09697187767939576,0.01655018363579513
2011-05-24,81.05000305175781,82.12000274658203,80.94000244140625,81.29000091552734,15687300.0,0.630711675795548,0.6750911887002857,0.38768184519843385,0.2972360074300706,0.6116534117427113,0.44008666939877195,0.34692494542625274,0.7641967456319145,0,0,-0.02020583760766696,0.0877648985045554,0.016238968492973713
2011-05-25,80.97000122070312,82.52999877929688,80.83999633789062,81.95999908447266,19347200.0,0.627014536504928,0.6752490444354431,0.4412786156003141,0.298951554950567,0.5939662426030572,0.4586343752329302,0.32939885904365357,0.7746874168012758,0,0,-0.019067573309151528,0.08807966480594787,0.017837334628018453
2011-05-26,81.5999984741211,82.56999969482422,81.19000244140625,82.38999938964844,16873700.0,0.6238700641397366,0.6761020202488379,0.47442734312805335,0.300489608714539,0.5938408073270651,0.4785228951318647,0.31250277727699305,0.7838368770906433,0,0,-0.026598344674564338,0.07967299722107958,0.0036603593839552415
2011-05-27,82.73999786376953,83.12999725341797,82.1500015258789,82.62999725341797,11949100.0,0.620471487025041,0.67650912032475,0.49301554665471814,0.301594144366903,0.5599600210291532,0.524417757383129,0.28806582885797305,0.7903160616170769,0,0,-0.040296149040163085,0.06542055382422593,-0.01031676757395253
2011-05-31,83.27999877929688,83.75,82.72000122070312,83.47000122070312,23630700.0,0.6182481213556785,0.6772347039758144,0.555394861817188,0.3039005754692097,0.5964855499599822,0.593792188746994,0.25973823316702727,0.8031293836069165,0,0,-0.04671427736483308,0.058695372568470884,-0.009681658585922192
2011-06-01,83.55000305175781,83.6500015258789,81.76000213623047,82.02999877929688,19550200.0,0.6159675809060399,0.6770103832239813,0.4498131695874026,0.3056139003956395,0.5807792410870303,0.5508528119839888,0.2429760406750448,0.7925286393392578,0,0,-0.04947891245253908,0.054869942909790886,-0.015694323335691526
2011-06-02,81.7699966430664,82.31999969482422,80.6500015258789,81.33000183105469,18152600.0,0.6137569228974291,0.676669748164745,0.4053754844106102,0.307114379128147,0.5710290959036498,0.46535739596229914,0.24025080853738212,0.7826857185306164,0,0,-0.028648037414261154,0.07753261861509049,0.01499455534850048
2011-06-03,80.23999786376953,81.79000091552734,80.18000030517578,81.18000030517578,17281200.0,0.6128421651854232,0.6762764938228278,0.3959576096021755,0.30852005015916983,0.5872473247559283,0.4320034176611423,0.24264582685156294,0.773315298696637,0,0,-0.010082376446118728,0.09701216294127459,0.02963240634268804
2011-06-06,80.93000030517578,81.19000244140625,80.08000183105469,80.29000091552734,15954300.0,0.6113175706142644,0.6756007594624911,0.3419804981411555,0.3097199153847403,0.5807218202413359,0.3845041735720017,0.24593019007709582,0.7646643665184747,0,0,-0.018600666796674006,0.0886917580829713,0.033259385785812126
2011-06-07,80.61000061035156,81.08999633789062,79.97000122070312,80.0,16188100.0,0.609297483897953,0.6745982357769127,0.32524988486960726,0.31090223601635447,0.5386985859575487,0.37413676318640343,0.25020567186451187,0.7558866604960665,0,0,-0.014821303124136776,0.09366043787915948,0.0335035796579002
2011-06-08,80.61000061035156,81.87000274658203,80.5199966430664,80.76000213623047,23567300.0,0.6076585494593458,0.6738477285369264,0.3951850841499531,0.3127324792667445,0.49637747376278074,0.46352335918785836,0.24006031657791999,0.7686656049763886,0,0,-0.014875030517578125,0.09399995803833008,0.055124950408935544
2011-06-09,81.23999786376953,81.68000030517578,80.95999908447266,81.18000030517578,17665100.0,0.6076966627484954,0.6732744627499982,0.4318081556058677,0.31414621098540385,0.5017956498734376,0.49343995261649337,0.23063962952608474,0.7782441876795128,0,0,-0.022535904490865934,0.0853145023204185,0.04928186294769907
2011-06-10,80.94999694824219,80.94999694824219,79.72000122070312,79.77999877929688,18965900.0,0.6068898959201146,0.6719700754409845,0.34289681226955504,0.31548543181377786,0.4454113816705444,0.35852063715227966,0.23717034264667575,0.7679602695760668,0,0,-0.018846991544040768,0.08844543333560455,0.04459229777006088
2011-06-13,80.0,80.5999984741211,78.83999633789062,79.2300033569336,17854200.0,0.6058480906799091,0.6706130709621749,0.31228665569449476,0.31667731573291125,0.4311648791518447,0.3137804492672183,0.25223670988250746,0.7582791507996025,0,0,-0.014540031083710658,0.10190520654066149,0.05477566825578918
2011-06-14,80.05000305175781,80.81999969482422,79.94000244140625,80.37999725341797,16443400.0,0.6059370249189593,0.6694222279686115,0.4120960137410282,0.317893041777237,0.45726703059843476,0.4079744716586907,0.2619414761894524,0.7671952886545002,0,0,-0.01527207702385257,0.08494251473422544,0.041145959468783085
2011-06-15,79.52999877929688,79.88999938964844,78.37000274658203,78.66000366210938,21713900.0,0.6048253420842782,0.6677024306078274,0.31785466398791096,0.31925068515878374,0.41721187119667513,0.28065884507018635,0.28528540499098215,0.7554213169839538,0,0,-0.014431401746104409,0.07551629637019061,0.024010952614130783
2011-06-16,78.58999633789062,79.51000213623047,78.33000183105469,79.22000122070312,19037500.0,0.6032245209348206,0.6659854032389956,0.36298896644624035,0.32050416836601414,0.42136217314436475,0.31956886920933364,0.30728813616442713,0.76574405889941,0,0,-0.0033052948732721354,0.07004833307533449,0.015255587614659144
2011-06-17,79.8499984741211,79.94999694824219,78.69000244140625,79.0199966430664,25441200.0,0.6011218489632821,0.6642794516122061,0.35208499495729606,0.3221383142213994,0.3788056146971165,0.35882297883481934,0.3187627798213267,0.7519490258530801,0,0,-0.019187031300741442,0.05364806784286337,-0.0031557686966390214
2011-06-20,78.6500015258789,79.94999694824219,78.62000274658203,79.70999908447266,15836400.0,0.5999402885341256,0.6626039635582437,0.40891563797319375,0.3232208428208341,0.3994017582581743,0.39108456387021345,0.33011554981827357,0.760536028877108,0,0,-0.004049604004283352,0.06466718333883831,-0.01025063556566672
2011-06-21,80.2300033569336,81.12000274658203,80.01000213623047,80.56999969482422,17897300.0,0.5998767647700258,0.6611140269331981,0.47435779244434784,0.32453806265431373,0.39068292470082555,0.48491661230348543,0.3180963919961552,0.7702405178532601,0,0,-0.023836426391943374,0.04428552025895722,-0.03148917532379463
2011-06-22,80.16000366210938,80.66999816894531,79.56999969482422,79.81999969482422,18599700.0,0.5989429504134451,0.6596351660501945,0.42574567383374606,0.3258124284496411,0.3831284147518759,0.44603862845740977,0.31224131519530735,0.7601551651123587,0,0,-0.022713191485493403,0.04455748233199069,-0.07844119831397671
2011-06-23,78.73999786376953,78.75,77.2300033569336,78.44000244140625,30032800.0,0.596706881929884,0.6583224708782067,0.3473042520367684,0.3275955127872474,0.4061819403386159,0.3151633574046345,0.32900855206078716,0.7438704195628635,0,0,-0.01891749577310322,0.06276625100708104,-0.0491104758698652
2011-06-24,78.55000305175781,78.62999725341797,76.77999877929688,76.77999877929688,36292700.0,0.5931431439978392,0.6565555921057626,0.2705044802696901,0.3293529299982092,0.30830839459116377,0.28717570005589876,0.3479618286124064,0.724191355845722,1,0,-0.022565071613595496,0.06629266683318277,-0.1065782808535273
2011-06-27,76.87999725341797,78.4800033569336,76.72000122070312,77.91999816894531,20606900.0,0.590151129635798,0.6550268819320311,0.35765136141660603,0.33049299414771127,0.3238374962852004,0.3321030516550576,0.36602211974250365,0.7353650766797399,0,0,-0.0020838243716928195,0.08947646334730698,-0.06824691256940285
2011-06-28,78.56999969482422,79.66000366210938,78.37999725341797,79.62999725341797,18421500.0,0.5877117773526332,0.653736340357012,0.46879721582021483,0.33170644578117026,0.33743501118181946,0.4527865651461113,0.3616409195740816,0.7453538036762246,0,0,-0.023742280769950056,0.06647844490376603,-0.13526695537998634
2011-06-29,79.8499984741211,80.5,79.22000122070312,80.25,18899900.0,0.5865810378733773,0.6529470616812247,0.5047300431002903,0.3330200680524027,0.3885782317200652,0.5264540652544546,0.34451632667772825,0.7556019344669236,0,0,-0.0393067607858497,0.04897653723969589,-0.10385529233094921
2011-06-30,80.38999938964844,81.41000366210938,80.2699966430664,81.37999725341797,19942100.0,0.5866127973321511,0.6522768651919091,0.5660376454680851,0.3345417545149596,0.4332593175124491,0.6233311032828805,0.31592193566712345,0.7664151794598176,0,0,-0.04573206441053349,0.04186916648413162,-0.10454827899873442
2011-07-01,81.19000244140625,82.08999633789062,80.58999633789062,82.01000213623047,18050100.0,0.5871400537826295,0.6512688036353096,0.5979977499252801,0.33598463462568473,0.45722119587791094,0.6668074429224475,0.2870520204381817,0.7762025214872991,0,0,-0.054927517468248435,0.03145733159245382,-0.08478743866741904
2011-07-05,81.30000305175781,82.12000274658203,81.26000213623047,81.5999984741211,18859600.0,0.5879722262394085,0.6499505684794162,0.5709460198512858,0.3374378051891842,0.4692034414334039,0.6618433692328656,0.26062731462024125,0.7659762426466562,0,0,-0.055846868817862515,0.02987436757009698,-0.09511038713059512
2011-07-06,81.4000015258789,81.66000366210938,80.8499984741211,81.56999969482422,15042600.0,0.5889695643600887,0.6486627968963503,0.5688912608827719,0.3385897806169975,0.5234354728345071,0.6265972978521157,0.23465715317767183,0.757819663393212,0,0,-0.057352945988841074,0.02879900144687356,-0.088725465675905
2011-07-07,82.2699966430664,82.5999984741211,81.87000274658203,82.36000061035156,18379200.0,0.5899859591253438,0.6472614809978336,0.6135939029204168,0.3400826577805325,0.5665511004024268,0.6863906255800714,0.21878529408522274,0.767785453975618,0,0,-0.06803966462090645,0.018143966684696495,-0.13889903449857519
2011-07-08,81.58000183105469,82.52999877929688,81.45999908447266,82.41999816894531,18336500.0,0.5907736644625974,0.6457770822438089,0.6169769427797164,0.3415729904808402,0.6095746658969913,0.6665653867146687,0.19807097022838827,0.7777280912511407,0,0,-0.05900923475394832,0.02634771919455975,-0.14303058149584671
2011-07-11,81.30000305175781,82.11000061035156,81.12000274658203,81.9000015258789,20717000.0,0.5921203905556558,0.6442705298928157,0.5755712608063897,0.34318285100372226,0.6678670675846233,0.6206686036653913,0.17495104990354865,0.7664946706726768,0,0,-0.05556906009226736,0.029725758343504934,-0.1349187453727934
2011-07-12,81.51000213623047,83.01000213623047,81.5,81.88999938964844,22639600.0,0.5938101459441636,0.6425839639839268,0.574757349814718,0.3449324931040776,0.6658527853837057,0.6329443904074614,0.16467748521660625,0.7542187548292539,0,0,-0.05848596857490645,0.027350400757461923,-0.09584857543184096
2011-07-13,82.2699966430664,83.45999908447266,82.08000183105469,82.4800033569336,19015100.0,0.595144169223023,0.6413405038205675,0.6141503424694662,0.3464647526818463,0.6498130423430515,0.6480236264752628,0.160765196865707,0.7645293507476567,0,0,-0.06777378756538184,0.01685193421783007,-0.10660637187210194
2011-07-14,83.05000305175781,83.11000061035156,82.08999633789062,82.23999786376953,19413200.0,0.5974183509957338,0.6404044451516648,0.5924423936460304,0.3479939188078425,0.6492608737090938,0.6239855376836432,0.1571323576827292,0.7540028922655484,0,0,-0.07674589686498312,0.004970853734578296,-0.13676049890392208
2011-07-15,82.41999816894531,83.08999633789062,82.26000213623047,83.0,22705100.0,0.5998195851431964,0.6399031843653178,0.6435616367427471,0.3498804467026382,0.6655205179971385,0.6294848002874452,0.1537590070128212,0.7663143243057127,0,0,-0.06930930321379904,0.012645925857757246,-0.11892022170887495
2011-07-18,82.29000091552734,82.8499984741211,82.08000183105469,82.6500015258789,17343500.0,0.6021255360677857,0.6399114922282918,0.6100416956132577,0.3512780618209823,0.7065630014056163,0.6058590031382964,0.1471702280739245,0.7569101234174281,0,0,-0.06710843005812311,0.014096363481268826,-0.09843371287885919
2011-07-19,82.9000015258789,83.76000213623047,82.80000305175781,83.62999725341797,16424900.0,0.6046157044542988,0.640171814423973,0.673846457903491,0.3526955204338531,0.7102866757533732,0.6453079717031173,0.1539628901926543,0.7658162299801164,0,0,-0.07477314205784659,0.010405330846633849,-0.10877190196971301
2011-07-20,83.83999633789062,83.88999938964844,83.16999816894531,83.30000305175781,12808400.0,0.6063499318088845,0.6402050479887531,0.6411662318770108,0.353771571622719,0.6935394834421432,0.6353038470944414,0.16199078137611095,0.7588711054863577,0,0,-0.08513685700134954,0.0005979080880068889,-0.11742197796643924
2011-07-21,83.86000061035156,85.23999786376953,83.75,85.0199966430664,21359700.0,0.6096532160076018,0.6406703073312519,0.7393907156256116,0.3557838223273406,0.7441122102052696,0.6874488667794605,0.18519886036000632,0.7704530185784955,0,0,-0.08571427524692951,0.01656659307155749,-0.12448982432976276
2011-07-22,85.19999694824219,85.41000366210938,84.54000091552734,85.22000122070312,13152600.0,0.613960192157375,0.6418057610501813,0.7493621910189454,0.35703440161445643,0.7232890914192348,0.7006556646792155,0.20849097515163584,0.7775847793305496,0,0,-0.0997411910416798,0.0024700861227840813,-0.1536108924283147
2011-07-25,84.19999694824219,85.12999725341797,84.19999694824219,84.56999969482422,14007600.0,0.6189087694716275,0.6427805890420004,0.6834758486363279,0.35830701360030615,0.7903872536114713,0.6715083058481601,0.22244363202495138,0.7699894102088191,0,0,-0.08777277188916412,0.014198623521883166,-0.1531330114460612
2011-07-26,84.66999816894531,85.0999984741211,84.04000091552734,84.37000274658203,16226700.0,0.6230061176845265,0.6437498791627987,0.6635959549534222,0.35975679720215714,0.7630580409250509,0.6545599355800835,0.2317697496252969,0.7611907740307738,0,0,-0.09400493055374501,0.008750212792177078,-0.1303062159493048
2011-07-27,83.79000091552734,84.25,83.23999786376953,83.30999755859375,19820600.0,0.6253438280678896,0.6446000849842406,0.5651533474772585,0.36139352230256927,0.6935513852954476,0.5790132782325834,0.22338518642226607,0.7504434102272549,0,0,-0.08379755202877051,0.019201169774142983,-0.13002253008872325
2011-07-28,81.73999786376953,82.44999694824219,81.1500015258789,81.45999908447266,24556600.0,0.6261124767605684,0.6448908707527492,0.42967560830597595,0.36313705088507797,0.6446549809119321,0.416351261716754,0.21310999626691746,0.7371280356181364,0,0,-0.06025683339548453,0.044052405544228325,-0.12879601538809818
2011-07-29,80.79000091552734,80.87999725341797,79.76000213623047,79.79000091552734,26609000.0,0.6251024358256891,0.6443508385306014,0.33677797252578334,0.36474810101601784,0.556191916224131,0.2979484928597277,0.2190177803422183,0.7226997840289899,0,0,-0.049963168924218836,0.056714986478101546,-0.10986993221489867
2011-08-01,80.81999969482422,81.18000030517578,78.73999786376953,79.5999984741211,22864500.0,0.6235714874241545,0.6435947913067093,0.3272189123267538,0.3660991242954137,0.5102867577979905,0.2952558085909136,0.23390437247253887,0.7103019202062217,0,0,-0.05138486561068861,0.05752605482665096,-0.11492665827455589
2011-08-02,78.9000015258789,79.61000061035156,77.81999969482422,77.83999633789062,28410500.0,0.6211829560908906,0.6425618040483037,0.24744339051403438,0.3674688532566477,0.46246203550089715,0.23725737134045044,0.255195440469144,0.6948968376486868,0,0,-0.027386939032222786,0.08178394800279987,-0.07864324442500674
2011-08-03,77.94000244140625,78.0999984741211,76.45999908447266,77.72000122070312,28373000.0,0.6187372548239027,0.6417448317916419,0.24250971028778276,0.36880832126432894,0.46953683929780254,0.23145475146693334,0.28443406229388163,0.6795120887915764,0,0,-0.019013404760569907,0.09596610447252693,-0.05048818717971538
2011-08-04,76.68000030517578,77.12999725341797,73.51000213623047,73.83999633789062,42624200.0,0.6133249448232714,0.6396816272667833,0.118967635963068,0.36982079497607634,0.38695150255846855,0.19998136492212043,0.32656183435867336,0.6563998830947784,0,0,-0.04078741789958806,0.1123263409652146,-0.027406037312961058
2011-08-05,75.01000213623047,75.79000091552734,72.06999969482422,74.81999969482422,47167500.0,0.6084970660533955,0.6377042755893858,0.19458081586986,0.3712047741018467,0.4030140632909442,0.25502043930170915,0.371126949924054,0.681975611488595,0,0,-0.03981585302297208,0.14084509807244122,-0.017741132894884215
2011-08-08,72.73999786376953,73.44000244140625,69.9000015258789,70.19000244140625,58857600.0,0.6010583203526298,0.6343256080134714,0.08931542246210813,0.37130762385351845,0.2802977349608553,0.2408958346509169,0.41924740672786504,0.6500611366592761,1,0,-0.0379577165126223,0.1693398269181804,0.016974128276410455
2011-08-09,70.79000091552734,71.87000274658203,67.02999877929688,71.63999938964844,61753300.0,0.5945470351780691,0.6312820376257728,0.17994862173185397,0.3719383846286495,0.4144280033042135,0.2753198059404771,0.4706999010288924,0.6835457527237669,0,1,-0.05356891302816626,0.20829181134146033,0.01681151537444141
2011-08-10,70.73999786376953,70.98999786376953,67.45999908447266,68.02999877929688,47758300.0,0.5853677082923421,0.6270060828167567,0.11060690657655706,0.3714164000415532,0.3655697498570709,0.2944824471460813,0.5184772171655607,0.657649673657664,0,1,-0.05178669899610202,0.20477395202853077,-0.02093802362897202
2011-08-11,68.80999755859375,72.4000015258789,68.62999725341797,71.58000183105469,50328600.0,0.5785959742310061,0.6241120603012418,0.285274218223995,0.371907327029819,0.4501442452795878,0.3601120374920949,0.5436175003647048,0.6849394516624563,0,1,-0.026164909763875675,0.24401008968660157,0.007349698794234901
2011-08-12,72.36000061035156,73.0999984741211,71.5999984741211,72.0,31129000.0,0.5716082535558678,0.6215282092721357,0.30363060332986314,0.3722840270957639,0.38529989422440025,0.3986938876511749,0.5580354715176814,0.7018185919427578,0,0,-0.07446216393839611,0.1823135333603208,-0.008941036229071126
2011-08-15,73.04000091552734,74.37999725341797,72.75,74.29000091552734,23388200.0,0.5662975854550383,0.6196200926033666,0.39828125020538063,0.3728742394160043,0.4103311208165536,0.43394835950073274,0.5560382496405296,0.7145004226698528,0,0,-0.08347225189208984,0.1718055937025282,-0.0018055174085828993
2011-08-16,73.3499984741211,74.33999633789062,72.83000183105469,73.5,26341400.0,0.5598625317053287,0.617739669515472,0.37562893012828613,0.37341603128777967,0.3803418086364117,0.4375565507374445,0.5541836864688883,0.700217272366935,0,0,-0.08507200991975324,0.16233685609590054,-0.01722975856134823
2011-08-17,74.29000091552734,74.75,73.5,74.16000366210938,18269400.0,0.5540563714593469,0.616122340728096,0.4027662954908632,0.3738593199421847,0.39881918033059804,0.4537687861212629,0.5473753751443216,0.7101235258744982,0,0,-0.09877553926844175,0.15129255437526573,-0.0055782811171343535
2011-08-18,72.41000366210938,72.79000091552734,70.20999908447266,70.94000244140625,35457700.0,0.5451120926785498,0.6134027896736862,0.3135854603512592,0.3740621702749718,0.337715125091609,0.4134334130226422,0.557640233763113,0.6908972258868069,0,0,-0.07254590907688034,0.17529664722282234,0.002966472228223409
2011-08-19,70.06999969482422,71.9800033569336,69.66999816894531,69.80000305175781,34935300.0,0.5353165799498465,0.6102512128415578,0.28606010993534503,0.37403368226785405,0.2606222510887041,0.4057478996712116,0.5694215270951619,0.6719541879018278,0,1,-0.042853126739575025,0.21623912375750787,0.01522415835757446
2011-08-22,72.1500015258789,72.16000366210938,69.58000183105469,70.18000030517578,27202900.0,0.5261753711998214,0.6075925889328024,0.3032240131001743,0.3740703843105506,0.23716220608503114,0.41368707717473785,0.5780774933203352,0.6867044710824958,1,0,-0.07335247167232167,0.18997136900406675,0.00974212429004552
2011-08-23,70.5999984741211,73.80000305175781,70.5199966430664,73.66000366210938,38059600.0,0.5193718728331593,0.606050033025076,0.4437015417930834,0.3748713192788542,0.3193190096044869,0.4621374110482015,0.5663834418248337,0.707341604540434,0,1,-0.050869188932746855,0.21102885613547143,0.04773437531424506
2011-08-24,72.95999908447266,73.86000061035156,72.2699966430664,73.54000091552734,22752900.0,0.5131655085114513,0.6041557642031863,0.439973340422783,0.37533184909186224,0.3808711097318316,0.4848334138751308,0.5548345111842321,0.6950042538101289,0,0,-0.08050502321962505,0.16901987454069306,0.012625580490626183
2011-08-25,73.63999938964844,73.91999816894531,71.2699966430664,71.7699966430664,30924500.0,0.5070099602930918,0.6022476454215324,0.38598287696175126,0.37564619665343857,0.36800614926711184,0.4664929454098787,0.5501259725116758,0.6782359999761418,1,0,-0.08988306402041284,0.16004900905536706,-0.0010878682357725643
2011-08-26,70.87999725341797,73.0,70.20999908447266,72.63999938964844,26974400.0,0.5024679408849413,0.6004253794873395,0.4208024877113624,0.3760506662911758,0.45871904574100997,0.4619645036229816,0.5516557775697637,0.6928623831422237,0,1,-0.05364356491847539,0.20245237687488632,0.07524037590157241
2011-08-29,73.33000183105469,74.22000122070312,72.9800033569336,74.12000274658203,18967100.0,0.4989867882081234,0.5990683750085297,0.4775278934086371,0.3764911897403267,0.504188744015446,0.5515221761800222,0.5383370466835378,0.7031469519240832,0,0,-0.08672911763068647,0.16629958607593473,0.040473497201470005
2011-08-30,73.58999633789062,74.4000015258789,72.97000122070312,73.91000366210938,22437000.0,0.49649027083778713,0.5974621240760807,0.4700838301468544,0.3769838425129799,0.5741076106769182,0.5702597945042289,0.5238552073503642,0.6909808922861532,0,0,-0.08850509060317402,0.1594712208070421,0.04816523464556101
2011-08-31,74.36000061035156,74.87000274658203,73.33999633789062,74.0199966430664,29189000.0,0.49413985279367273,0.5956481660048616,0.4745916741977063,0.37763944924411463,0.5370412706126055,0.6066809824488584,0.5047529780040041,0.7068081024644988,0,0,-0.09917469175843754,0.14950619001826265,0.027195265006608495
2011-09-01,74.1500015258789,74.86000061035156,73.44999694824219,73.48999786376953,23393500.0,0.493917517196047,0.5938951350792969,0.4536860504405349,0.3780931958610192,0.5627053521661638,0.6038902373394677,0.48701519361095563,0.6941233979077436,0,0,-0.09619026032810521,0.15212108412443726,0.053499044367270945
2011-09-02,72.11000061035156,72.69000244140625,71.5,72.13999938964844,21071800.0,0.4922150541467875,0.592150412016706,0.4023885105434516,0.3783421347091349,0.5206056403580501,0.4975919228288047,0.48466347762592127,0.6826975934116642,0,0,-0.06912507795239876,0.17716692096252254,0.07293510363529396
2011-09-06,70.13999938964844,71.31999969482422,69.91000366210938,71.1500015258789,25416300.0,0.49282489100594046,0.590591240383032,0.3671588716277896,0.37850162332325477,0.6580931662284798,0.4138131420500628,0.4918282326004157,0.6689160619424162,0,1,-0.04311062706770448,0.20737453855065194,0.12129193337996563
2011-09-07,72.23999786376953,73.6500015258789,71.75,73.6500015258789,23108400.0,0.49410173950452324,0.5894087073653274,0.48154712429418034,0.37896536477927656,0.5923102477491007,0.5508976875683912,0.47168076283597876,0.6814461761527446,0,0,-0.07322556532311048,0.16879833982662884,0.08699932970703876
2011-09-08,73.38999938964844,74.33999633789062,72.54000091552734,72.81999969482422,22434800.0,0.4971445748164653,0.5875227464064117,0.44964103482809825,0.3793108877262159,0.6261891692406537,0.5570831539504557,0.4460761156932265,0.6692813094252396,0,0,-0.08635438531683948,0.12301422092177794,0.07223353135919344
2011-09-09,72.16999816894531,72.56999969482422,70.58999633789062,71.01000213623047,27969100.0,0.4967824840298885,0.5849638210791122,0.38515595219439225,0.37946102075448307,0.5367979695438047,0.40751442930837156,0.4354466102896766,0.6541155680775002,0,0,-0.0705849960339092,0.12372977442996154,0.10931061683372163
2011-09-12,70.33999633789062,71.88999938964844,69.87000274658203,71.83999633789062,26205800.0,0.49668084213008673,0.5823218128963046,0.42326694664968534,0.37972033893744284,0.6159469299345823,0.4020967511566944,0.429937352682817,0.6683251917196834,0,0,-0.04661311729358384,0.1526546069733803,0.13843122849364425
2011-09-13,71.76000213623047,71.9800033569336,70.80999755859375,71.6500015258789,22825400.0,0.4950037895557777,0.579452713969711,0.41615827215286494,0.37992140098269944,0.5941581904588574,0.4319250674555822,0.4238232692437515,0.6559485291685577,0,0,-0.06584080732251993,0.10927058566650794,0.10690424132336868
2011-09-14,71.95999908447266,73.76000213623047,71.16000366210938,72.63999938964844,26042800.0,0.4944574764607243,0.5769713315140137,0.4633601233163863,0.38029058674760163,0.6073474574130018,0.5165416568185357,0.39951935177838666,0.6700697689928963,0,0,-0.06880670202630965,0.08569433717919409,0.12714585368237805
2011-09-15,73.43000030517578,74.05999755859375,72.68000030517578,74.01000213623047,21858300.0,0.4943621883912985,0.5748776655292125,0.5241654167860861,0.3807622993049935,0.6459860660805664,0.607549998574852,0.37403377727592996,0.6819220389658769,0,0,-0.08810574861859014,0.050936081763919394,0.11632705147635718
2011-09-16,74.5199966430664,74.75,73.56999969482422,74.55000305175781,34652600.0,0.4966554316551362,0.5727147645357831,0.5470916807329317,0.3816078025022498,0.7228536875974394,0.6499378198231903,0.3436442290091525,0.7007117879612565,0,0,-0.1012025084120747,0.01715990049727652,0.09404143376534267
2011-09-19,72.91000366210938,74.0999984741211,72.5,73.69999694824219,19822500.0,0.4991328923808978,0.5702998470967613,0.5066406586624594,0.381997589294953,0.8049711892720284,0.573198096203211,0.3243956819038685,0.689963393916916,0,0,-0.07887330170503401,0.026291066455247335,0.06948346698503738
2011-09-20,73.87000274658203,74.9800033569336,73.44000244140625,74.01000213623047,20420000.0,0.5015658908336866,0.5681147903934782,0.5211525599909324,0.3824318702889129,0.8235295346109189,0.6251856628010088,0.2977757753242945,0.7010357715880187,0,0,-0.09280874152666158,0.01506106724985471,0.028086835556830916
2011-09-21,73.87999725341797,74.29000091552734,71.83000183105469,71.97000122070312,23806200.0,0.5004923212881551,0.5653675457581939,0.4281950266895215,0.38267376083961446,0.7113202502963737,0.49321985177298994,0.2860661934862148,0.6881272878801928,0,0,-0.08674500721034975,0.01486293841055213,0.04715586261894706
2011-09-22,69.94000244140625,70.45999908447266,68.16999816894531,69.23999786376953,43223000.0,0.497760755812889,0.5617008581799543,0.3293700921729509,0.3824754432150752,0.6783527068973286,0.2466986152334349,0.29745435369615064,0.6646903936550179,0,0,-0.02459363960593865,0.07002919035768365,0.12394050323260737
2011-09-23,68.45999908447266,70.11000061035156,67.93000030517578,69.30999755859375,26583200.0,0.49619804795258077,0.5581200234491759,0.33313113423698426,0.38236425295614884,0.7311934839499783,0.2828761350662729,0.3092467637303059,0.6791046556582724,0,0,-0.007654517557029009,0.09416528702512554,0.14529170810182443
2011-09-26,70.01000213623047,71.88999938964844,69.5,71.72000122070312,30342400.0,0.495613621568378,0.554996140197922,0.4530526765481627,0.38262928441295463,0.7432613512502009,0.4173247955110151,0.3026059135679154,0.6955572762384715,0,0,-0.03001012702815754,0.07170684455011778,0.134756841247826
2011-09-27,73.33000183105469,74.33999633789062,72.41999816894531,72.91000366210938,26689900.0,0.49484497287569923,0.5522987448533654,0.5044035523783538,0.38303070057960786,0.6851072964032702,0.5591174307284119,0.27630095684822015,0.7100293943973336,0,0,-0.07529282534814165,0.02300615585325181,0.08965421354900449
2011-09-28,72.43000030517578,74.29000091552734,71.86000061035156,72.06999969482422,26026500.0,0.49367611526074134,0.5490973187305093,0.46948660291806144,0.38330381931082025,0.6277278049598484,0.5319246598463895,0.25570923529724743,0.6959169929547795,0,0,-0.061719925579137046,0.034974666351347675,0.0680290609702756
2011-09-29,73.12000274658203,74.04000091552734,72.66999816894531,73.87999725341797,27713900.0,0.49358718102169113,0.5464885419995968,0.5451910494839248,0.38385960902007676,0.6768682744401369,0.5879726559234122,0.2365883509999156,0.7109443566932306,0,0,-0.07201335456338256,0.025808250565111913,0.07742464583444267
2011-09-30,72.76000213623047,74.58999633789062,72.62999725341797,72.62999725341797,30917000.0,0.493040867926638,0.5430572551410018,0.4920083220280167,0.384271622099837,0.6591041213797237,0.5748409862147937,0.2141439515617461,0.6941801695993286,0,0,-0.0653763130835963,0.030048745306368016,0.09420681298347856
2011-10-03,72.05000305175781,73.0999984741211,71.1500015258789,71.1500015258789,31004200.0,0.49241197442291035,0.5391607089399082,0.43416670649489597,0.3844401345079871,0.593678272398911,0.47334586920303134,0.2044483007095636,0.6773686998740396,0,0,-0.05672591081349854,0.040341462425676954,0.09513969838942352
2011-10-04,70.25,73.1500015258789,69.20999908447266,72.83000183105469,36500000.0,0.4934791901380661,0.5359094335263244,0.5054068928332014,0.3849600225008607,0.6163249325947505,0.4633463637718154,0.20804624676775185,0.6971601682871271,0,0,-0.03260716296654444,0.06647931490504862,0.12424449962485684
2011-10-05,72.66999816894531,74.0,72.20999908447266,73.94999694824219,28239800.0,0.49366976143036573,0.5330237167608982,0.5490080730950786,0.3855259108046778,0.6234573579550933,0.5799443839268678,0.20352238117991905,0.7124726918403301,0,0,-0.06508303919537178,0.031717769187303464,0.07661680201517415
2011-10-06,73.30000305175781,74.0,72.62999725341797,73.88999938964844,24869800.0,0.4943494758839943,0.5304149421428708,0.5463183057824269,0.38601404129435624,0.6963763677812878,0.5867373915687157,0.19932164884836007,0.698987490165267,0,0,-0.07261667299784355,0.022718057802647622,0.06166325553448373
2011-10-07,74.47000122070312,74.5199966430664,73.02999877929688,73.55999755859375,23573900.0,0.4959693536780268,0.528227115447635,0.5307687683922149,0.38643403990167746,0.7150421724023,0.5936567716881088,0.1903203767570264,0.6862049669536701,0,0,-0.08850996034036454,0.00690218081530959,0.04642035909471539
2011-10-10,74.7300033569336,76.29000091552734,74.6500015258789,76.27999877929688,20465800.0,0.4987898533923431,0.5272550553348838,0.6360072742063781,0.3870876017177749,0.7056245525053597,0.7174205077626163,0.16847485427364306,0.6973021788508911,0,0,-0.09244158887228501,0.021207145328561817,0.029635676692883462
2011-10-11,75.77999877929688,76.66999816894531,75.70999908447266,76.2699966430664,17862100.0,0.5017246929741075,0.5263328445128606,0.635490541116471,0.38765510416237037,0.6916301417537147,0.7227019351206894,0.15136531209945903,0.6876167764415374,0,0,-0.10291031200503452,0.01166753282500041,0.0032773991085570443
2011-10-12,76.73999786376953,77.66000366210938,76.30999755859375,77.16000366210938,22239000.0,0.504596013638325,0.5261445273177605,0.6674045761190068,0.3884619818056101,0.6959651644210425,0.7410009625611795,0.14356494596940078,0.6996754741412265,0,0,-0.115510658795796,0.012062486414485507,-0.02832038977034891
2011-10-13,76.22000122070312,76.79000091552734,75.83999633789062,76.37000274658203,19540300.0,0.5060951977345334,0.5257706586937438,0.6233570134640174,0.38908817547185626,0.6598143634975719,0.6764523605822106,0.1317578821872814,0.6890800979704799,0,0,-0.10743909437627824,0.01866255019520412,-0.03006738704917261
2011-10-14,77.0999984741211,78.2300033569336,77.06999969482422,78.11000061035156,17870600.0,0.5083566766930447,0.5269531938243333,0.6860628731919637,0.3898200077116143,0.6422867248696252,0.7238044626347263,0.13230882214332673,0.6987701093519297,0,0,-0.12007329892829838,0.014796449419573627,-0.0164986524933294
2011-10-17,77.87000274658203,78.48999786376953,77.12000274658203,77.47000122070312,18836200.0,0.5107515618566845,0.5276870853383719,0.649822882892803,0.3905264925568539,0.6039055000200952,0.6818855102672429,0.13479728301031652,0.6885565187403517,0,0,-0.12725646349680025,0.007937461430583255,-0.012034341749597628
2011-10-18,77.56999969482422,79.51000213623047,77.0199966430664,78.88999938964844,23878500.0,0.5138515671023507,0.5300964627934879,0.6994207161107268,0.39159363623974164,0.6386098064466479,0.6809220220408247,0.14469071617535567,0.7015042058225959,0,0,-0.12443525542467965,0.02504198284287367,0.037046633553105585
2011-10-19,78.56999969482422,79.23999786376953,77.91999816894531,78.43000030517578,20910900.0,0.5179552642990728,0.5319768858813825,0.6722972585204169,0.39247486040523283,0.6714135655217324,0.6563732516594815,0.15387747554289205,0.6901656464571374,0,0,-0.1348713331470068,0.011915356175419016,0.015464586514665478
2011-10-20,78.31999969482422,79.11000061035156,77.83000183105469,78.70999908447266,22227600.0,0.5239710573284813,0.5349346055345052,0.6826592074495862,0.39343995065176207,0.693825464633659,0.6400877924043,0.16125652136930752,0.7022181627118975,0,0,-0.13247481001173447,0.015172796592832844,0.018742843490797693
2011-10-21,79.58999633789062,80.16000366210938,79.18000030517578,80.12999725341797,27855300.0,0.5308444332896192,0.537302441561867,0.7329037703883065,0.39484680414929274,0.7321141991098244,0.666764533633578,0.17638575506016207,0.717322198056749,0,0,-0.14813868845559477,0.00724186673674091,0.010926192610275576
2011-10-24,79.91999816894531,80.5,79.55000305175781,80.16999816894531,19861100.0,0.5362122713241726,0.5395650411367523,0.734279551626049,0.3958497075885954,0.6920467649757331,0.6604364999298452,0.19299272048579674,0.7280915222567264,0,0,-0.14963182671590688,0.007238260962625296,0.011231767836364382
2011-10-25,79.83000183105469,80.48999786376953,79.05000305175781,79.44000244140625,23433400.0,0.5403604356404199,0.5409912827370753,0.6838999605388179,0.39694106638216775,0.6967161621069562,0.632870952581468,0.20121538192642452,0.7153851826427196,0,0,-0.14843459894811992,0.008357218214392368,0.015591867638138485
2011-10-26,80.16000366210938,81.2699966430664,79.27999877929688,81.06999969482422,27170500.0,0.5460776616473515,0.5430877187138292,0.7440225639956656,0.39842646786908764,0.783496134508372,0.6492370262584207,0.21522545501051416,0.7301178975062208,0,0,-0.15395270620685417,0.01397272088172134,-0.0036505652897133793
2011-10-27,81.91000366210938,82.19999694824219,80.69000244140625,81.87999725341797,35489500.0,0.5511596403201795,0.5452256940054525,0.7709030899180555,0.40050194087703206,0.7819047483853869,0.6662137661997636,0.2352271790916693,0.749361440471872,0,0,-0.1724436093445073,0.0035770727423763225,-0.007031051268835038
2011-10-28,80.98999786376953,81.98999786376953,80.44000244140625,81.4800033569336,21753400.0,0.5567815831042375,0.5481446422227738,0.7418671297560148,0.40172356976111656,0.8588864135839918,0.6442843766996084,0.24990626226317525,0.7375660506368786,0,0,-0.15950168535268947,0.014777712812174605,-0.011480151972922544
2011-10-31,80.58999633789062,80.63999938964844,78.0,78.08999633789062,30616900.0,0.5611901963072599,0.5504404732495545,0.5394029971680383,0.40291024052429014,0.8638533567184531,0.5579411212541652,0.23138646275878022,0.7209645873695729,0,0,-0.15537549719108515,0.01975945684855643,-0.0007363470314418497
2011-11-01,75.81999969482422,77.11000061035156,75.44999694824219,75.94000244140625,35835000.0,0.5631658159040458,0.5520356484399616,0.4443455636134215,0.4039027306724834,0.7730331671061401,0.44054642390484927,0.22040985657796952,0.7015337032440115,0,0,-0.10103726161682598,0.08170057052906127,0.046356805177944965
2011-11-02,77.37000274658203,77.58999633789062,76.5,77.37000274658203,21761300.0,0.5653383654700599,0.5530630957144618,0.5083396927114558,0.40465894459741714,0.7455666765783358,0.47041388724187805,0.20533506984828354,0.7133333767118943,0,0,-0.12430869288804622,0.06360276595180361,0.03502760004211538
2011-11-03,78.19000244140625,79.0,77.44000244140625,78.86000061035156,24480600.0,0.5684955454960026,0.5545364166135593,0.5685398979856117,0.4056893273777624,0.7439822265957436,0.5198899221858017,0.1844404286551366,0.7266075416881527,0,0,-0.1326095614838753,0.05182880140214402,0.025462080273612936
2011-11-04,78.06999969482422,78.61000061035156,77.37999725341797,78.5199966430664,18192800.0,0.5716463716915696,0.5564057618465275,0.5525240718487695,0.40642120585480823,0.7888070784416173,0.49185961702003966,0.16445847778662237,0.7167428231526562,0,0,-0.11235100864542162,0.0523712556613377,0.01851381021015373
2011-11-07,78.81999969482422,79.48999786376953,78.12000274658203,79.3499984741211,17998100.0,0.5735965808134051,0.5582640292245689,0.5863942960906843,0.40721772413262025,0.7769724194926062,0.535004902493314,0.15404222337829832,0.7265019691155492,0,0,-0.12238921320942465,0.04304632447684184,0.04049924148152121
2011-11-08,79.25,79.87999725341797,78.62999725341797,79.76000213623047,19023800.0,0.5758135974989442,0.5598259708501958,0.6030337705266987,0.4080958926853211,0.8018488340808715,0.5561475170143753,0.14787889006964527,0.7368172824524504,0,0,-0.12652805429859904,0.03717702589754036,0.04877130209201175
2011-11-09,77.9000015258789,78.91999816894531,77.02999877929688,77.38999938964844,24130100.0,0.5759597016717186,0.5607897209870885,0.48764908618770586,0.40892049826174626,0.7602957887718774,0.4341852474907135,0.13018531575829523,0.7237331697961588,0,0,-0.10895188325802303,0.0539116763690511,0.08011533624001524
2011-11-10,78.52999877929688,79.0199966430664,77.63999938964844,78.69999694824219,18668800.0,0.5774398242767997,0.5620858004331282,0.5441271689601146,0.40967783464354524,0.775846671597687,0.4730131781176704,0.11273951663674725,0.7338559907690423,0,0,-0.12042899300075259,0.0474221242781946,0.08644530939615298
2011-11-11,79.62999725341797,79.94999694824219,79.33999633789062,79.72000122070312,15134500.0,0.5784625728724306,0.5638111377778185,0.58511835985532,0.4103667360592742,0.7548701692056664,0.5634969696128949,0.10320959966344315,0.7420624011443265,0,0,-0.1324015066455228,0.03265565177231714,0.07179163589542048
2011-11-14,79.52999877929688,79.75,78.38999938964844,78.95999908447266,13589900.0,0.5794090900432101,0.5656998687286869,0.5478341033504732,0.41093251399273756,0.768946697938239,0.5066402488004081,0.08835065162660649,0.7346935223337232,0,0,-0.12945307998997038,0.033492199298310085,0.05832917027943183
2011-11-15,78.86000061035156,79.8499984741211,78.5,79.08999633789062,19475000.0,0.5795361375714096,0.5678987711659649,0.5535276404202123,0.41175353822812477,0.7399653711907022,0.5135709924459991,0.073480954356304,0.7452534907541309,0,0,-0.08421987845725061,0.042299852794038716,0.08118029517524852
2011-11-16,78.23999786376953,79.75,78.05999755859375,78.25,20376800.0,0.5794217928574092,0.5691726949021512,0.5105866091191529,0.4125249413070109,0.7178022196752716,0.47259021793179645,0.06444181343609909,0.7342045375059172,0,0,-0.07093186079291687,0.050069531771813856,0.08243778700666494
2011-11-17,78.12000274658203,79.43000030517578,77.0999984741211,77.86000061035156,25964300.0,0.5788818335927317,0.5705684729296467,0.4908779158289599,0.41345396519216004,0.6829566565150951,0.4271910430781381,0.06591177208510712,0.7201258628944671,0,0,-0.0650479740228135,0.05214050097968251,0.10070284029927117
2011-11-18,78.22000122070312,78.68000030517578,77.11000061035156,77.9000015258789,23104500.0,0.5774652347517502,0.5724765895984161,0.4930519986325749,0.41428173873615703,0.6307683472411028,0.4163716737701933,0.06727673368775744,0.7326538623999514,0,0,-0.04585152410530015,0.051117334913171296,0.10017975033673791
2011-11-21,76.52999877929688,77.33000183105469,76.05999755859375,76.91000366210938,20204200.0,0.5753943319320907,0.5738806776017702,0.44080652794222985,0.41490453601669275,0.6323301519701654,0.3424856384583865,0.0789028930268682,0.721698498396891,0,0,-0.013863951346597903,0.07278559766217335,0.11848527825596158
2011-11-22,76.37999725341797,77.0999984741211,75.87999725341797,76.02999877929688,18925100.0,0.5732281361964526,0.5750936741923021,0.39758527776884833,0.41540417106781335,0.625243086893385,0.3327252898801761,0.09139679942090484,0.7114367033595069,0,0,-0.01209205904165048,0.07567285681578391,0.11363938469645309
2011-11-23,75.02999877929688,75.31999969482422,74.52999877929688,74.58000183105469,23331800.0,0.5691053823551557,0.5756309385353819,0.33353373041415124,0.41585212356523416,0.5407710006926377,0.2581528906707845,0.11480979864231719,0.69878545451785,0,0,-0.006576351545807877,0.09430485708356631,0.1377088174247627
2011-11-25,74.51000213623047,75.19999694824219,73.9000015258789,73.9000015258789,10254500.0,0.5640361113430792,0.5756004749625547,0.30605861850939,0.41601429418061153,0.47915003246375726,0.26485094368192197,0.14144884384362538,0.693225136357795,0,0,-0.00817914448076028,0.1031106814589759,0.1503083777051461
2011-11-28,75.83999633789062,76.51000213623047,75.33000183105469,75.83999633789062,20148600.0,0.5604533119199071,0.5759577257477388,0.4279398956878885,0.41652318354921425,0.4587370388828659,0.3854944997713835,0.14679119197234097,0.7041503522610262,0,0,-0.02625162073010723,0.08606225276090644,0.1250339012500334
2011-11-29,76.41000366210938,77.5,76.13999938964844,76.93000030517578,19768400.0,0.5597164275325544,0.5768522429888878,0.48697072628288485,0.4171259306715105,0.5224157728959891,0.4568865861963277,0.13899713110533612,0.7148694115535544,0,0,-0.03309602132689503,0.07634485186861828,0.10983642673909763
2011-11-30,78.41999816894531,80.52999877929688,78.37000274658203,80.44000244140625,33953000.0,0.5625750405360201,0.5786329674953268,0.6371124843562465,0.4187363678404634,0.6143451018140856,0.6416016926149964,0.1373436820648961,0.7332798150338163,0,0,-0.05875466820662816,0.049135561735368406,0.08397243024627979
2011-12-01,80.19999694824219,80.3499984741211,79.37000274658203,79.79000091552734,17261100.0,0.5641123379213779,0.5807986384807091,0.6035455942090571,0.41949702470016215,0.5833499805893108,0.6329974147387607,0.13580833652734464,0.7239202940632644,0,0,-0.0783191848726297,0.0248632513587606,0.06824969326875727
2011-12-02,80.66999816894531,80.73999786376953,79.6500015258789,79.79000091552734,19461300.0,0.5647031181359563,0.5837203566899833,0.6035455942090571,0.42035198082814373,0.5140084852699252,0.635742504017225,0.13775130260993462,0.7344728339051171,0,0,-0.08484768223318753,0.019175319736074014,0.07244013927780357
2011-12-05,80.87999725341797,81.18000030517578,79.80000305175781,80.44999694824219,18295000.0,0.5659291456846383,0.586805468505436,0.6307015095064705,0.4212116250706912,0.4807092223563365,0.6450623509303774,0.1433695925689074,0.7443929685521701,0,0,-0.08747957948927329,0.01654342247998826,0.07707734622524738
2011-12-06,80.62999725341797,81.63999938964844,80.29000091552734,80.81999969482422,20122700.0,0.5668629600412187,0.5893256223969348,0.6459549871335342,0.4221900932225968,0.4432928790129168,0.6562223152109146,0.15255342993384058,0.7553041406463081,0,0,-0.08365439382016175,0.01951522379589752,0.0852703650786335
2011-12-07,80.61000061035156,81.86000061035156,80.3499984741211,81.08000183105469,19643400.0,0.5677014863283731,0.59158822197182,0.6569769587696758,0.42316671906045267,0.4111361849785625,0.6542115392237455,0.16300200890835836,0.7659554209374216,0,0,-0.08302399294493402,0.019673302943509535,0.08487998807541301
2011-12-08,80.75,80.8499984741211,79.55000305175781,79.87000274658203,18443600.0,0.569276901849433,0.5937483550861813,0.5799751988194812,0.4239732026147798,0.4223235806715796,0.5929373393902516,0.1613258425232164,0.7559547106134867,0,0,-0.08448443906543494,0.017883533738239508,0.0793043926981389
2011-12-09,80.62999725341797,81.75,80.33999633789062,81.33999633789062,21842300.0,0.5709539544237421,0.595814327490108,0.6458406090047316,0.4250795506097389,0.42057504407378826,0.631844293805213,0.16829269404096803,0.7677983048742862,0,0,-0.08426186923884971,0.017027677019953058,0.08250912408497657
2011-12-12,80.7300033569336,81.08999633789062,79.20999908447266,80.05000305175781,17846500.0,0.5711635872071688,0.5978692241519927,0.5691830919526271,0.425869913640335,0.40929477126112845,0.5805777916441948,0.15964906848058708,0.7581213612843091,0,0,-0.08396855346147915,0.013892270768293384,0.07425612930989525
2011-12-13,80.61000061035156,81.80999755859375,80.13999938964844,80.52999877929688,21873600.0,0.5721609253278492,0.6004669209150935,0.5914788526233208,0.42688575722005906,0.3903103281945223,0.6060845956964536,0.15870640265766506,0.7699819274070628,0,0,-0.08382259623568261,0.015615239879401246,0.0652092569856373
2011-12-14,79.58999633789062,80.16999816894531,78.66000366210938,79.44000244140625,23934400.0,0.5723832657720276,0.6022974947122604,0.5288726602466319,0.42786822226711285,0.3968233995042101,0.5409918287372344,0.14002050670279442,0.7570039295553861,0,0,-0.07065683469840728,0.028188306306599915,0.073264641938573
2011-12-15,79.93000030517578,80.5999984741211,79.77999877929688,80.02999877929688,17954200.0,0.5735140052512833,0.6039812906291964,0.55865288218878,0.4286532599764308,0.41446241487418756,0.5682191027107161,0.12720617258488687,0.7667392715329822,0,0,-0.0759063267117157,0.02429506855314261,0.0479606928688597
2011-12-16,80.73999786376953,80.91000366210938,79.87999725341797,80.16000366210938,33465700.0,0.5749750760583423,0.6057177058288132,0.5653427525110611,0.43013102209339005,0.40192976555917104,0.5708339011764703,0.11860171660527885,0.7848854453541291,0,0,-0.08546790506337078,0.013994786500881056,0.04035990761215868
2011-12-19,80.23999786376953,80.45999908447266,79.37999725341797,79.52999877929688,16048400.0,0.5760105274681719,0.607371038172922,0.5260513342636502,0.4307886604605806,0.37837152228391124,0.5444046717937855,0.10437884922981189,0.7761834891437018,1,0,-0.07909176706896112,0.02020961417879508,0.04104292371786013
2011-12-20,80.66000366210938,82.0,80.61000061035156,82.0,21163300.0,0.5792439340724136,0.6089551355084026,0.6470699471597361,0.4319015512829272,0.4071174977200041,0.6176716477115067,0.10722796892297523,0.7876589078688168,0,0,-0.0849993994717654,0.016848942015065777,0.053564624320664424
2011-12-21,82.0199966430664,83.33999633789062,82.0,83.12000274658203,19160300.0,0.5837478401914147,0.61085217643513,0.6918914528341793,0.4330075398343385,0.4615899403402034,0.6770108283171316,0.12144051682366597,0.7980482358752629,0,0,-0.09902433069740854,0.016097557253953888,0.04548784581626334
2011-12-22,83.55999755859375,84.83000183105469,83.30000305175781,84.29000091552734,19841300.0,0.5899160912239734,0.6128267581205746,0.7345186090057912,0.43425907987088985,0.5142028463035467,0.7563051851446133,0.1454868592224342,0.8088068238814161,0,0,-0.11621746527326807,0.015279165429444854,0.03344560499802427
2011-12-23,84.27999877929688,85.2300033569336,84.20999908447266,85.22000122070312,10243800.0,0.5971070908521627,0.6152776770034447,0.7658272259951482,0.4349487052963732,0.554941014939159,0.781937829915508,0.17049032110257534,0.8143613401589499,0,0,-0.12314624677511227,0.011270667544407574,0.012338366404451679
2011-12-27,84.97000122070312,85.62999725341797,84.94999694824219,85.27999877929688,10147100.0,0.6031038272369966,0.617263336543816,0.7678507756405392,0.43563355284888283,0.5598258296674854,0.7628889699691079,0.19639747673530383,0.8198634226009894,0,0,-0.12989907928016906,0.007744614213341575,-0.001056136658013693
2011-12-28,85.1500015258789,85.44000244140625,84.01000213623047,84.18000030517578,12767500.0,0.6077093704092469,0.6191216039218574,0.6875914770017963,0.4364273136019139,0.5338750011600705,0.6836668015054476,0.20680029531013094,0.8129404753964936,0,0,-0.1319183883798451,0.005628467804992387,-0.015830188713004862
2011-12-29,84.08999633789062,85.33000183105469,84.08999633789062,85.2699966430664,10865900.0,0.6107776113495869,0.6208884805814168,0.7298766563073515,0.437157419592197,0.49110564588057654,0.6693742292706343,0.2164600554153276,0.8188323142082681,0,0,-0.12105006860382715,0.0182941424322216,0.003920192799457586
2011-12-30,85.16000366210938,85.29000091552734,84.56999969482422,84.76000213623047,9768900.0,0.6139347913755295,0.6226415115069814,0.6932250902003211,0.43778921763971246,0.4867961539647053,0.643635322808756,0.2254298326558674,0.813535303912909,0,0,-0.13205116195048025,0.005511828425137044,-0.005746517092233362
2012-01-03,85.97000122070312,86.66999816894531,85.9000015258789,86.0,20906800.0,0.617879676738726,0.6246604046121329,0.7413494350757132,0.4392599607703329,0.48476008930827863,0.6727338193536911,0.24517590114892368,0.8248716401271209,1,0,-0.1424020692616869,0.008258576340254425,-0.02182631462358489
2012-01-04,85.79000091552734,86.1500015258789,85.0999984741211,86.0199966430664,16130900.0,0.6214180041958204,0.6262915812463885,0.7421065470928173,0.44039280943742165,0.5112476086679161,0.6362212277838489,0.2510530236003621,0.8336183304784819,0,0,-0.13825580685637717,0.010232526202534521,-0.004418572714162427
2012-01-05,85.63999938964844,85.94999694824219,84.91999816894531,85.76000213623047,17452800.0,0.6245561275771883,0.6278396771380206,0.7211618659897622,0.441593835084483,0.5420294269657615,0.6149005312701756,0.25376391730609255,0.8241548636313604,0,0,-0.13647986889006497,0.011973945820653522,-0.00023246505285719595
2012-01-06,85.91999816894531,86.0,85.11000061035156,85.12000274658203,15942100.0,0.6271225273885528,0.6294126966185742,0.6698526184039423,0.4426400899891614,0.5120571640607378,0.5999630021842497,0.2567686187930189,0.8155105466837362,1,0,-0.14015853945493778,0.008745335603054426,0.007579308648411336
2012-01-09,85.0,85.63999938964844,84.97000122070312,85.5,11664200.0,0.6306989681347965,0.6306395410559857,0.6883267160570836,0.443424626481391,0.5444777972910115,0.590297569834495,0.25716772115363706,0.8218352493101454,0,0,-0.13040411320436443,0.019619338757744235,0.022556368738162542
2012-01-10,86.06999969482422,86.20999908447266,85.37999725341797,85.72000122070312,13080800.0,0.6334813545599636,0.6317029918872188,0.6992218646324684,0.44431613312918783,0.5213895345563526,0.5972713546786553,0.2635990393118933,0.8289280778037869,0,0,-0.12561401010256762,0.007017526013112208,0.01111107541803728
2012-01-11,85.0999984741211,85.4000015258789,84.47000122070312,85.08000183105469,14831400.0,0.6366766478750558,0.6326999755888914,0.6436515491133937,0.44528030828674536,0.5344822588738074,0.5622012803713891,0.2540021501533164,0.820886017951133,0,0,-0.10452635274004912,0.01831544181598812,0.026131565934095276
2012-01-12,84.38999938964844,84.91999816894531,83.94000244140625,84.73999786376953,17357200.0,0.6393510385700452,0.634541627240985,0.6148103786881437,0.4463782010526125,0.5799186436228734,0.5389624932119012,0.23680481396343117,0.8114743884842934,0,0,-0.07075689367074124,0.026798292550866666,0.033380393819509045
2012-01-13,84.16000366210938,84.91999816894531,83.81999969482422,84.87999725341797,15551600.0,0.6428067807719124,0.6370174697127766,0.6236350583377865,0.4473694045603005,0.6072708366496474,0.5320602732102395,0.21896010290967988,0.8199069638314982,0,0,-0.06490441513630858,0.02961995008391524,0.03516634178265841
2012-01-17,85.75,86.12999725341797,85.4000015258789,85.69000244140625,15627900.0,0.6464022830092835,0.6393216107154158,0.6732454799448558,0.4484218659831929,0.6148884705790912,0.5956184792365095,0.21755444824364895,0.8283809114811664,0,0,-0.08352964853100443,0.01083881006968654,0.008836004055947337
2012-01-18,85.30000305175781,86.5,84.95999908447266,86.44999694824219,16754200.0,0.6503979844758281,0.6414235845631908,0.7155506300385279,0.44960639919087386,0.6769802957265847,0.6136412596465401,0.20901418141722677,0.8374655750451815,0,0,-0.07748861244564424,0.01598780579011286,0.01785504417908109
2012-01-19,86.33999633789062,87.23999786376953,85.7699966430664,87.02999877929688,16383500.0,0.6551623394816044,0.6437803448485109,0.7456524836815221,0.4508057269315313,0.7237308207453481,0.6853786949944378,0.20982332088962102,0.8463492332026012,0,0,-0.08883739672517604,0.01041066000751555,-0.0001156102624494161
2012-01-20,87.08000183105469,87.48999786376953,86.72000122070312,87.48999786376953,19220300.0,0.6586498459887977,0.6460346365604221,0.7686178678026717,0.4522496497162538,0.7198310963900065,0.7391299873339239,0.21340945792180205,0.8567710951297264,0,0,-0.09674822804833019,0.004710973669602942,-0.0008043168540279312
2012-01-23,87.5,87.94000244140625,87.02999877929688,87.47000122070312,15348400.0,0.6614131709228375,0.6481698439729773,0.7663700828209804,0.45339806569140384,0.6929866365580007,0.7463635607776318,0.2217922827176247,0.8484487013272214,0,0,-0.10104007948034657,0.005029174215907249,-0.018744992909956137
2012-01-24,87.08000183105469,87.22000122070312,86.66000366210938,87.18000030517578,12363800.0,0.6632490353306724,0.6508810871644135,0.7325577307009585,0.45430452327069526,0.7025439782051408,0.6693981489587855,0.22255654608721698,0.8417446531856945,0,0,-0.09626155312036737,0.009831949220871971,-0.01429061372533901
2012-01-25,86.7699966430664,87.37999725341797,85.80999755859375,87.22000122070312,18202300.0,0.6645195299988793,0.6532406174416863,0.7350147962397651,0.45563911755560627,0.7114743454354703,0.6291215890043964,0.20833747230799116,0.8516145229252984,0,0,-0.09302584253920392,0.013420575754120315,-0.022252750690762997
2012-01-26,87.63999938964844,87.70999908447266,86.51000213623047,86.7699966430664,15658200.0,0.6654660471696587,0.6551930434172777,0.6798414874884244,0.45675156741412115,0.6942643536491324,0.6326929619082955,0.19963055862237605,0.8431241456456873,0,0,-0.10295798672159971,0.0034396130194802354,-0.0382939267501159
2012-01-27,86.23999786376953,86.5,85.7699966430664,85.83000183105469,15976700.0,0.6665142062402403,0.6570956222150259,0.576541776783105,0.45781460582472766,0.6870022476810473,0.522971125037001,0.17927724309784265,0.8344610674704714,0,0,-0.08735731813890599,0.01959207840735306,-0.007951997680143447
2012-01-30,85.2699966430664,85.5,84.58999633789062,85.48999786376953,17867000.0,0.6666539614291913,0.6588680388584911,0.5425136554186153,0.4589722627807986,0.7023762764188338,0.4247444430269042,0.17028084669489701,0.8247730081242622,0,0,-0.06862401565879193,0.031108071086790916,0.0185250370891856
2012-01-31,84.91999816894531,85.33999633789062,83.45999908447266,83.73999786376953,27225800.0,0.6660060064343363,0.6603884390563639,0.396965208796926,0.4605113245219372,0.6732678816643156,0.3199894196798106,0.17507349975122194,0.8100103078305352,0,0,-0.06480291325255938,0.03532581995467342,0.01286698446143336
2012-02-01,84.2300033569336,84.55999755859375,83.37999725341797,83.97000122070312,22266100.0,0.6647164551215545,0.6620805428362739,0.41870172246914483,0.46178850953009265,0.7043305318652068,0.3231155178355931,0.18039830147632901,0.822083700017731,0,0,-0.05791743763124695,0.04430378766558105,0.02221152410324774
2012-02-02,84.27999877929688,84.33999633789062,83.19000244140625,83.52999877929688,18020500.0,0.6631346906166717,0.6636397144699482,0.38598469891703624,0.46278258485816215,0.6651899805574637,0.32706168886329867,0.18750902274347708,0.8123124080577846,0,0,-0.04370606306529933,0.04358703833395905,0.025723515906973905
2012-02-03,84.23999786376953,85.0,84.05000305175781,84.91999816894531,16145400.0,0.6626010803358173,0.6658580026251264,0.5103320402126652,0.4637733217673623,0.6700310832512868,0.4236697716504846,0.18221416881218705,0.8210669607733097,0,0,-0.026816687375849937,0.044295518157648706,0.03292230384518567
2012-02-06,84.87000274658203,85.8499984741211,84.48999786376953,85.75,15000900.0,0.6630012844115436,0.6685498600986619,0.5722742128073804,0.46474836052604074,0.7269889232489474,0.48544543922596733,0.1635661200080133,0.8292009289518818,0,0,-0.019783329503063347,0.03615166934785566,0.020372065059366787
2012-02-07,85.22000122070312,86.44000244140625,84.94000244140625,86.33999633789062,15818400.0,0.6635348898458453,0.6718066733832668,0.6127751637720282,0.46581655191084215,0.7408768680596975,0.530298473222472,0.14718829492355345,0.837778171799706,0,0,-0.023673455152150146,0.03172013085368076,0.00921283866504191
2012-02-08,85.83000183105469,86.22000122070312,84.7300033569336,85.31999969482422,14762600.0,0.6632807899428934,0.6749693280703222,0.5261025382516077,0.4667424949808985,0.7394567288751378,0.48990489321849445,0.1287311009861199,0.8297734175094308,0,0,-0.030576783664859435,0.02443827542097753,-0.005791058851140733
2012-02-09,85.33000183105469,85.69000244140625,84.66999816894531,84.87999725341797,17073400.0,0.6631537375681413,0.6774728662358727,0.4917606171603808,0.4677765328918704,0.7100169313546812,0.4595614484206282,0.11062536518329846,0.8205156734874032,0,0,-0.02508203700542508,0.030590724562671246,0.0025785422115568875
2012-02-10,84.0199966430664,84.0999984741211,83.3499984741211,83.80000305175781,15328900.0,0.6625566083697398,0.6793754450336209,0.4147206680945362,0.4686273804195795,0.6941308633178758,0.35362058775648364,0.11187574996598465,0.8122038532091189,0,0,-0.00977844284304255,0.04618291617795725,0.03546185477885676
2012-02-13,84.33999633789062,84.5999984741211,83.88999938964844,84.41999816894531,11473700.0,0.6622643951776384,0.6804776651877704,0.4654370713787094,0.46929515985634884,0.6765399249611118,0.402054557232039,0.10459470854986849,0.8184252606373721,0,0,-0.013723077023924434,0.042959498477489734,0.027207712716707116
2012-02-14,84.41999816894531,84.70999908447266,83.8499984741211,84.66999816894531,12961900.0,0.6616164401827835,0.6818291317955592,0.4855066815029043,0.4700627835866462,0.7065800768472897,0.4200497078144415,0.09597880465646683,0.8254536177448679,0,0,-0.014569956813757999,0.041696332016218925,0.01705759858611284
2012-02-15,84.86000061035156,84.91999816894531,83.91000366210938,84.12000274658203,13911600.0,0.6601363175777022,0.6830282826520961,0.4438983849690177,0.47085027447238437,0.6588264746070442,0.42082190650308005,0.08432226657110126,0.8179103028962239,0,0,-0.01972361172859719,0.03637654302187466,0.014408896268886289
2012-02-16,84.44999694824219,85.62000274658203,84.08000183105469,85.41000366210938,14769600.0,0.6591072199982482,0.6844019070826233,0.5448199859001169,0.4717705848671252,0.6568977326254402,0.4817984521151225,0.07574111267413125,0.8259188528105783,0,0,-0.014978536206563945,0.04148841392311853,0.02710421224735454
2012-02-17,86.06999969482422,86.12000274658203,84.91999816894531,85.62000274658203,16597200.0,0.6579193105852683,0.6857312200934433,0.5598441836209591,0.4728179632227554,0.6238734151975711,0.533536823296064,0.0753584645982733,0.8349183859488166,0,0,-0.033719671349172746,0.021894422976258748,0.011708230384301367
2012-02-21,86.04000091552734,86.77999877929688,86.04000091552734,86.56999969482422,15481300.0,0.6573475870152645,0.6872516202913161,0.6243248798045734,0.4738587861511676,0.6383254720096097,0.6275955408039431,0.08422744048409311,0.8433128423856256,0,0,-0.03328659638748804,0.022191093960864824,-0.0024526871961708676
2012-02-22,86.83999633789062,87.25,86.6500015258789,86.91999816894531,11983200.0,0.6571824213513631,0.6892040462669073,0.6465116446977057,0.4746815896379144,0.6146503088865827,0.6746408852527931,0.09854116887393999,0.8498105170236452,0,0,-0.042162341565799934,0.012706550853567708,-0.021485422057454795
2012-02-23,86.58000183105469,87.16999816894531,86.47000122070312,87.0199966430664,12404600.0,0.6570553689766108,0.690777065747461,0.6530054562634037,0.4755372840161125,0.5997898046208979,0.6682317669593688,0.1080709942878531,0.8565366882312339,0,0,-0.03900137437945337,0.015646578911657893,-0.020248529375363936
2012-02-24,87.37000274658203,87.47000122070312,87.01000213623047,87.33999633789062,10767100.0,0.6574174597631877,0.6927959567397279,0.6742864776102391,0.47629416842908023,0.6269939710936676,0.7006674230133948,0.12102574053109982,0.8623749545202901,0,0,-0.048034939857801474,0.006550215086334818,-0.04010578749478887
2012-02-27,87.1500015258789,87.83000183105469,86.77999877929688,87.2300033569336,13323500.0,0.6583068070002431,0.6946514562387012,0.6620123338170287,0.477222409990826,0.6499686341078,0.6818561888112917,0.13787349067778376,0.8551505263175019,0,0,-0.04534004179657486,0.009045121921817834,-0.05701858902841657
2012-02-28,87.2300033569336,87.44000244140625,86.55000305175781,87.13999938964844,14317600.0,0.6593549660708244,0.6967838936593034,0.6514752243564857,0.47821197417290273,0.6242600459264459,0.6410800628484351,0.14807625692662668,0.8473870652722629,0,0,-0.04631435010951675,0.00813939077323469,-0.051931746352860055
2012-02-29,87.44999694824219,87.48999786376953,86.20999908447266,86.5,18293200.0,0.6611082500699847,0.698575696020669,0.5785116703413984,0.47942063480983466,0.6425483102064427,0.6043391208100661,0.1496195302057981,0.8374679066428302,0,0,-0.048886786053179525,0.005623198262522267,-0.044181759250487715
2012-03-01,86.47000122070312,87.18000030517578,86.41000366210938,86.83000183105469,12638500.0,0.6629250578332451,0.7004228855437837,0.6069970688084645,0.48027233934988844,0.6448540459792134,0.5991122639555626,0.1510525696793144,0.844320905917866,0,0,-0.03791906103233381,0.016994233765354045,-0.040693691011109104
2012-03-02,86.66000366210938,86.75,85.8499984741211,86.33000183105469,11343400.0,0.6647037523073558,0.7023060786236315,0.5512066124339519,0.48100997271359214,0.6611539082961377,0.552013393326949,0.13931666231235718,0.8381701513206874,0,0,-0.03996315959378549,0.014741434438609955,-0.030519422664933484
2012-03-05,86.16999816894531,87.08999633789062,85.91000366210938,87.01000213623047,12803100.0,0.6660314217558392,0.7036935487881533,0.6113477412974767,0.48187986491943,0.656419441675806,0.5754525575481564,0.13480755868030203,0.8451124019847861,0,0,-0.03451865706398139,0.02050277116783554,-0.008340104314050016
2012-03-06,86.23999786376953,86.4800033569336,85.41999816894531,85.86000061035156,16507900.0,0.6661012993503148,0.7044523638911133,0.49466367249883525,0.48291420524045714,0.6251129858611504,0.5081905990185325,0.11962737862575684,0.8361612901651585,0,0,-0.03505338866200625,0.01827380678368111,-0.0056315119151743925
2012-03-07,86.01000213623047,86.12000274658203,85.19000244140625,85.83000183105469,14767700.0,0.66577732669944,0.7048788517978106,0.4918626259845641,0.4838352899287224,0.6087525267369802,0.49079542276298493,0.10258928861960998,0.8281537704916255,0,0,-0.03284416113181614,0.021197294221831087,-0.00850225194204788
2012-03-08,85.0,85.47000122070312,84.62999725341797,84.83000183105469,19032000.0,0.6654660568627639,0.704770845353381,0.40421612935822304,0.4849345294201206,0.5949087882690878,0.42977089200020724,0.09802095139097991,0.8178340108522315,0,0,-0.021088168705349644,0.03297217488851022,0.0034953168514237003
2012-03-09,85.05999755859375,85.12999725341797,84.05000305175781,84.30000305175781,17042500.0,0.6650976170923639,0.7044994453027729,0.36335097998666943,0.4858759644549564,0.5966967310494269,0.39446004664609413,0.10411299903731172,0.8085930217993536,0,0,-0.022044030140559653,0.032653592039024223,0.00742667534143406
2012-03-12,84.5,85.75,84.12999725341797,85.55000305175781,19014000.0,0.666209299927045,0.7048788539106954,0.48613149994708427,0.48702887218211943,0.6192828138948798,0.43746679388635346,0.09565410421283563,0.8189030212625439,0,0,-0.015539709503799765,0.0395017996501158,0.021470907391100125
2012-03-13,85.88999938964844,86.93000030517578,85.61000061035156,86.86000061035156,16853300.0,0.6677593049731543,0.7053191896642723,0.5880414613154209,0.48814580343975367,0.6381688883986957,0.5499525371135374,0.09268611987913702,0.8280414200188806,0,0,-0.03156045414292607,0.02267682492346081,0.011221496788163247
2012-03-14,86.58999633789062,86.83000183105469,85.73999786376953,86.0199966430664,16187300.0,0.6686168879048835,0.7056681325864826,0.5175694928288294,0.4891556677191029,0.5987761115689952,0.5161203853860074,0.0899301344264169,0.8192641477820813,0,0,-0.03914337868516179,0.014275909330540397,-0.005986606486443376
2012-03-15,85.88999938964844,86.19999694824219,85.25,86.08999633789062,14523600.0,0.6698683210819634,0.7056930561754042,0.5230348217920374,0.49006409458132305,0.6374859085244311,0.4650746509715833,0.07728528486166042,0.8271393086216517,0,0,-0.03138801503847558,0.02255292393762983,0.002208817121844948
2012-03-16,86.19999694824219,86.88999938964844,85.91999816894531,86.44000244140625,30991300.0,0.6705226250606413,0.7058093725956924,0.5510466924740391,0.492043629527418,0.6204161738266898,0.5284188056414746,0.07762544963784673,0.8439437835539947,0,0,-0.03310487391514418,0.01893373158496801,0.0016261981136456367
2012-03-19,86.08000183105469,87.18000030517578,86.02999877929688,86.98999786376953,10770400.0,0.6713929108065695,0.706150007654929,0.5935994303276129,0.49275548498193666,0.6293379552757694,0.5658027974235569,0.08264453015157361,0.8497838392086884,0,0,-0.031582638591248755,0.02024525625373791,0.01110595855343012
2012-03-20,86.45999908447266,87.0999984741211,86.31999969482422,86.5999984741211,13613800.0,0.6714119674511443,0.7065598777227937,0.555979608058884,0.49363021040731825,0.6081946529186337,0.555172658015562,0.08730510491431998,0.8424020010530147,0,0,-0.035751243668518895,0.015748968619674193,-0.002988873923616419
2012-03-21,86.58999633789062,86.58999633789062,85.7699966430664,86.01000213623047,14212400.0,0.6708338948973174,0.7067011177320037,0.5016996874555223,0.494504568616668,0.5987728422750739,0.48381018349432636,0.0790963914067567,0.8346955828153663,0,0,-0.03741337091059821,0.014318770381209841,-0.010854443747970965
2012-03-22,85.4800033569336,85.94000244140625,85.0999984741211,85.33000183105469,13884400.0,0.6697603301983384,0.7065931112875738,0.4441628808701362,0.4953154274887548,0.571939951637489,0.40234626531368567,0.06991960494673574,0.82716701667743,0,0,-0.024764618415411783,0.027322385952263464,-0.010580207412017364
2012-03-23,85.36000061035156,85.9800033569336,85.0199966430664,85.55000305175781,12557700.0,0.6686232417352593,0.7067232734418569,0.4652174619854529,0.49605945248682515,0.565170241518611,0.4211924944989516,0.06293076009171275,0.8339762036059514,0,0,-0.02355563217038343,0.028946456904964016,-0.01031287043870314
2012-03-26,86.18000030517578,87.25,86.06999969482422,87.02999877929688,17336800.0,0.668496189360507,0.7073574663744397,0.5890018650543336,0.49719677519245975,0.5908114218369809,0.6061774541274849,0.06533743797881489,0.84337677153976,0,0,-0.027235555206760596,0.019286983834245503,-0.02524843465876408
2012-03-27,87.13999938964844,87.25,86.54000091552734,86.62000274658203,12509200.0,0.6681658628792564,0.7078393435557708,0.5513852247081427,0.49799306993461334,0.5619993475321634,0.6126029327969899,0.06757221030255256,0.8365938828637876,0,0,-0.03780306746723735,0.007928328749676958,-0.0440078350542938
2012-03-28,86.36000061035156,86.4800033569336,85.13999938964844,85.86000061035156,16155300.0,0.6677593049731543,0.7078864228545458,0.48597574878703276,0.49896551028149316,0.5844978410271503,0.47388394715779064,0.06330565391963044,0.8278339620513505,0,0,-0.02828442473512693,0.016970690072636026,-0.040637314255913416
2012-03-29,85.31999969482422,86.12999725341797,84.91000366210938,86.08000183105469,13199700.0,0.6672828694725768,0.707783956394022,0.5049303115042878,0.4997709600802245,0.6065131120902916,0.4622816954866334,0.06301087295118613,0.8349912619311377,0,0,-0.014791481877922225,0.02923366082445444,-0.025856058757533648
2012-03-30,86.4800033569336,86.76000213623047,86.08999633789062,86.7300033569336,12968300.0,0.6675369693755286,0.7077008756513987,0.5591655209845137,0.5005975170339192,0.628692621219724,0.5885098629555372,0.05079154867236935,0.842023089323506,0,0,-0.028229556848117086,0.015683067441967236,-0.05065056363391741
2012-04-02,86.5999984741211,87.66999816894531,86.30999755859375,87.06999969482422,13853300.0,0.667575082664678,0.7075845613439953,0.5862078012698062,0.5014992249225583,0.6097512306762876,0.6569030824152754,0.05085475383987692,0.8495347920458902,0,0,-0.029401537226614472,0.01418198212066899,-0.055459441628272654
2012-04-03,86.75,86.77999877929688,85.0,85.83000183105469,17714900.0,0.6675560260201032,0.7071303798564235,0.47489629950355905,0.502553855007259,0.6129806042345791,0.48529368530261174,0.045886402645345076,0.8399292061886025,0,0,-0.03100949761922057,0.01240383409716363,-0.052601376445473226
2012-04-04,85.30000305175781,85.36000061035156,84.48999786376953,84.9800033569336,17112800.0,0.6670160667554259,0.706521112625647,0.41082624973057214,0.5035066853166996,0.606168895881289,0.3625338639113956,0.04834943048083354,0.8306500982253289,0,0,-0.014563672064932075,0.02947685803708652,-0.03949667152892779
2012-04-05,84.55999755859375,85.37999725341797,84.3499984741211,84.81999969482422,11954700.0,0.6670097129250501,0.705856456120237,0.3992722402031371,0.5041625401858574,0.6240808016227806,0.3520127571019186,0.05256478457116706,0.824167877199632,0,0,-0.006001347219225858,0.03847969102479607,-0.036361452292629375
2012-04-09,83.9800033569336,84.36000061035156,83.68000030517578,83.87999725341797,11027000.0,0.6667429053613467,0.705056099589523,0.33509091205377417,0.504721442032777,0.6333369369607692,0.24559250209481637,0.06541695802941797,0.8181886848108343,0,0,-0.0035369376660834735,0.04539022032507769,-0.022871993025067535
2012-04-10,83.75,83.75,81.87999725341797,82.16999816894531,19993700.0,0.6645957662702833,0.7040424980490176,0.24184649168797498,0.5055842199566736,0.5769149707987775,0.15628611800544434,0.09638922190093432,0.8073474606461563,0,0,-0.02229378645462261,0.046733408408469866,-0.021459264552902275
2012-04-11,83.11000061035156,83.3499984741211,82.1500015258789,82.69999694824219,15856200.0,0.6619531350340675,0.7032698350991782,0.29428767020444,0.5063029972299273,0.5440246791745335,0.2475307635755999,0.12514918121019947,0.8159451998640083,0,0,-0.01496900796327937,0.05549467762209492,-0.01302178068233919
2012-04-12,82.6500015258789,83.7300033569336,82.36000061035156,83.5999984741211,15266200.0,0.6604158376487097,0.7032310636633772,0.3768521658455556,0.5070528369595375,0.5846472777996808,0.329061864469682,0.14414556600070128,0.824223022195183,0,0,-0.00931081379534808,0.06070129175709852,-0.0004836870254345757
2012-04-13,82.97000122070312,83.69000244140625,82.86000061035156,82.94999694824219,13856500.0,0.6584211614073487,0.7029485836449574,0.33850153803666894,0.5076930283328127,0.5404681669453474,0.35415289715883713,0.16178506616331018,0.8167095843303624,0,0,-0.01303832520550313,0.05622006021563626,-0.010645925907808986
2012-04-16,83.23999786376953,84.38999938964844,83.12999725341797,84.01000213623047,17526100.0,0.6568775101916153,0.7030815157911934,0.4285038526477911,0.5085810189150588,0.5499378520591343,0.4142379488095084,0.1638496261565669,0.8262127967839136,0,0,-0.016395426888323503,0.053405671707739084,-0.01579261732114519
2012-04-17,84.6500015258789,85.5999984741211,84.56999969482422,85.44999694824219,14208000.0,0.6558992287155097,0.7032282936714243,0.5311551918197331,0.5093873705635015,0.5556745540410171,0.5114274441025628,0.14494769374309718,0.8339168292007121,0,0,-0.03297231522466936,0.03594806054366223,-0.05785026171610607
2012-04-18,85.05999755859375,86.05000305175781,85.0199966430664,85.75,12997500.0,0.6553592694508321,0.7032282936714243,0.5506000534458294,0.5101403102349074,0.5742718596526056,0.5449163186830751,0.12959771418098148,0.8409644897678109,0,0,-0.037214750365666315,0.030544186115447878,-0.07524868969943309
2012-04-19,85.51000213623047,85.91999816894531,84.9800033569336,85.27999877929688,15973800.0,0.6548955367644533,0.7029347379109627,0.5156686435269582,0.5110313667734512,0.5745024633689926,0.532579517722803,0.11468859782033153,0.8323029840654279,0,0,-0.04233241845845481,0.025189458107461735,-0.0885131657992438
2012-04-20,85.55000305175781,85.91999816894531,85.02999877929688,85.30000305175781,17216600.0,0.6548764801198788,0.7029292000399416,0.5171328324391035,0.5119908463743585,0.5735201311522455,0.5345303992338579,0.10084441834258509,0.8416383757114763,0,0,-0.04303477780103813,0.024859230154001405,-0.09052534394005271
2012-04-23,84.52999877929688,85.93000030517578,84.38999938964844,85.69000244140625,15197200.0,0.654965414358929,0.7031535229046595,0.5465136649172095,0.5128611664559615,0.5918893600940213,0.5293129346964676,0.09138359560252368,0.8498787840338701,0,0,-0.031066839754635818,0.036811245923908914,-0.08124267359018543
2012-04-24,85.63999938964844,86.38999938964844,85.63999938964844,86.30999755859375,11632500.0,0.6545080355029262,0.703848640870012,0.5914400549427615,0.513556927247032,0.588434495118512,0.5930149177589709,0.07638135591527365,0.8561862979055205,0,0,-0.04387912275765789,0.02369003059236651,-0.06371804094889758
2012-04-25,86.6500015258789,87.18000030517578,85.72000122070312,86.8499984741211,18476800.0,0.6546541396757004,0.704521605238396,0.6283995270004292,0.5147022945872757,0.6282032129031364,0.6315252101652318,0.07521949584184406,0.8662050103322311,0,0,-0.0552659530458531,0.011817827272836562,-0.0690534034649527
2012-04-26,85.27999877929688,86.19999694824219,85.1500015258789,86.06999969482422,17262400.0,0.6547875410342758,0.7049093217092923,0.5573821520600607,0.5157119656636069,0.6518511879372043,0.5706201699723412,0.06385417186046499,0.8568447844600644,0,0,-0.039147974503327285,0.02751870387609266,-0.05112265422467737
2012-04-27,86.5,86.69000244140625,85.95999908447266,86.08000183105469,11372900.0,0.6547875410342758,0.7054521239233931,0.5581477919111839,0.5163762320890224,0.6122083789419214,0.600950037513476,0.06108257674762749,0.8630115349015768,0,0,-0.053677271557604676,0.013593565389726264,-0.07238298337426662
2012-04-30,85.95999908447266,86.80000305175781,85.87000274658203,86.33999633789062,11735400.0,0.6545397901151473,0.7057096761271215,0.5788775610256024,0.5170735182272774,0.5887638792993533,0.6095966572836937,0.060240777765919434,0.8693748444471918,0,0,-0.047397789780050444,0.01986523057735052,-0.05460033513320153
2012-05-01,86.45999908447266,87.5199966430664,86.12999725341797,87.04000091552734,13816900.0,0.6545207334705725,0.7061029304690387,0.6321839353815827,0.5179341657828815,0.5940716329166283,0.6541904526159557,0.07029578336749884,0.876866809924364,0,0,-0.053046120283940026,0.01401435181601512,-0.06752376741179186
2012-05-02,86.55999755859375,86.6500015258789,85.83000183105469,86.19999694824219,11108700.0,0.6547557718823971,0.7060004618956301,0.5496204113610031,0.5185850863315413,0.594293034036626,0.5993262377076211,0.07341863893341574,0.8708433171802418,0,0,-0.05376838529353578,0.0127527642311128,-0.050896142676688544
2012-05-03,86.36000061035156,86.38999938964844,85.30999755859375,85.6500015258789,9998600.0,0.655181386433074,0.7056487489814667,0.5005064259103024,0.5191466320634208,0.5825176628039884,0.5609244577015523,0.06602130527627564,0.865421756191883,0,0,-0.05197219855615031,0.015197187992713308,-0.03642690836211763
2012-05-04,85.11000061035156,85.30999755859375,84.4000015258789,84.56999969482422,15055500.0,0.6550225745995479,0.704970246742062,0.4150464884918299,0.519921471290806,0.5656867093389951,0.48414484137213354,0.06030611607605693,0.8572581821454929,0,0,-0.03771165556789462,0.029889054442342935,-0.023350846052182562
2012-05-07,84.29000091552734,84.79000091552734,84.0999984741211,84.4800033569336,12018100.0,0.6554037268772523,0.7041782001872068,0.4083719209082284,0.5205341556183005,0.5772473590781875,0.4581814184236482,0.05972865642589503,0.8507415836102784,0,0,-0.02849714639713863,0.03996685899982129,0.0022466884485264856
2012-05-08,83.75,84.26000213623047,82.91999816894531,84.0199966430664,19602400.0,0.6565789334760332,0.7032892208170789,0.37404179254769443,0.5214928987304845,0.6301795236687521,0.38995545796713005,0.07554456519255784,0.8401125348316288,0,0,-0.0221354482987074,0.04640149163326925,0.014441301754552958
2012-05-09,83.04000091552734,84.06999969482422,82.87999725341797,83.30999755859375,17424000.0,0.6569664347375606,0.7022285399777985,0.3247008603368946,0.5222903524696165,0.6231338307935549,0.3543803153296182,0.0907362380204462,0.8306646842664334,0,0,-0.01380628074810929,0.05510589667227808,-0.011068797218912145
2012-05-10,83.37000274658203,83.58999633789062,82.55000305175781,82.83999633789062,13234600.0,0.6564836454066072,0.7012149384372934,0.2943274279828255,0.5228683689098017,0.5865596135014371,0.321356560534514,0.10910489557103509,0.8234884604894512,0,0,-0.017885074262739102,0.051614398612111353,-0.015124260870903058
2012-05-11,82.69000244140625,83.79000091552734,82.54000091552734,83.0999984741211,12061700.0,0.6565789334760332,0.7001819511788878,0.3243900646608796,0.5234074420113353,0.6058216845646804,0.33453092951126484,0.12159253590396013,0.830028700340359,0,0,-0.009777948138534486,0.06011583712807621,-0.017503677471476343
2012-05-14,82.2699966430664,82.45999908447266,81.95999908447266,82.12000274658203,12675900.0,0.6553783164023017,0.6990160338871307,0.26171507623797985,0.5239204462600768,0.5827042586079032,0.28406435184552004,0.1409490079358514,0.8231554215881001,0,0,-0.004693133535614813,0.06498196901364046,0.0015644390517406083
2012-05-15,82.0,82.7300033569336,81.52999877929688,81.79000091552734,15757400.0,0.6530533136796903,0.6975704065689072,0.24247115400976635,0.5245348833728767,0.5445723326782428,0.31526307001464493,0.1642512032923802,0.8146112548929662,0,0,-0.00572334638314034,0.06721866120853433,0.014612724161070895
2012-05-16,81.95999908447266,83.1500015258789,81.79000091552734,82.16999816894531,15034500.0,0.6507791270604271,0.6965484971654283,0.2891938847568841,0.5251438929923329,0.520369067764964,0.361781103021403,0.17569371905766584,0.8227634420671186,0,0,-0.005257370098575806,0.06797893992367247,0.013938126627799259
2012-05-17,82.1500015258789,82.61000061035156,81.68000030517578,81.91000366210938,17698200.0,0.6486383466462919,0.6954628927372266,0.27208887608242016,0.5258397094255876,0.5140141629276823,0.3657278005772384,0.18786027873205874,0.8131669114844198,0,0,-0.007545366440282461,0.06535226039735989,0.04162100821657119
2012-05-18,82.37000274658203,82.72000122070312,81.02999877929688,81.47000122070312,21747200.0,0.6462053481935031,0.6945323740522296,0.24375259726530105,0.526652023925275,0.5066828273449372,0.3676326845710454,0.20785714621251405,0.8013748834878966,1,0,-0.0163594665776462,0.0628738086464853,0.03625922913592151
2012-05-21,81.41999816894531,82.12999725341797,81.06999969482422,82.04000091552734,13730400.0,0.6438866944547148,0.6939064889826205,0.31718943159586754,0.5271964265776972,0.5085663696745196,0.38399976753337595,0.226425666015794,0.80881994589609,0,0,-0.004787030610100581,0.07487416696602386,0.05965386691459311
2012-05-22,82.13999938964844,82.83999633789062,81.5199966430664,81.94999694824219,13790000.0,0.6411170156902992,0.6929095031680632,0.310481797851506,0.5277368869480497,0.4805549069199301,0.41111853867748877,0.22536800996148565,0.8013425664600221,1,0,-0.013529992661683133,0.06557773273256656,0.041808876973410666
2012-05-23,81.79000091552734,82.08000183105469,79.95999908447266,82.04000091552734,17582200.0,0.6380614775641584,0.6915746522862223,0.32267748102301175,0.5284310260708884,0.49419186774756574,0.3837633091824133,0.24477660178374472,0.810876198129408,0,0,-0.022330712619922078,0.0699206338123234,0.036729740675054814
2012-05-24,82.29000091552734,82.77999877929688,81.70999908447266,82.61000061035156,14113600.0,0.6358635223697464,0.6906302878672304,0.3978035346094141,0.5290206112254396,0.48745009948874574,0.4411978842066703,0.2475191274848269,0.8185290438443382,0,0,-0.02840080210937319,0.06374933775200878,0.016577286630602185
2012-05-25,82.86000061035156,82.95999908447266,81.68000030517578,82.08000183105469,12756500.0,0.6333225330333327,0.689519759850107,0.3504354690537753,0.5295241908472206,0.4931705244929804,0.43989382909045566,0.24631323214415524,0.811612061191967,0,0,-0.03510472708452586,0.05640958719628573,0.0030262679839355116
2012-05-29,82.63999938964844,82.63999938964844,81.31999969482422,81.93000030517578,15931100.0,0.6305210948101434,0.6882707597028421,0.3374321903160612,0.5301417994283475,0.49049529984890683,0.42892781042384936,0.2500756990843042,0.8029737087964673,0,0,-0.03265107511439909,0.05945415624456819,0.021198803910250513
2012-05-30,81.08000183105469,81.37999725341797,79.58999633789062,79.79000091552734,19593100.0,0.6259155516378931,0.686276792299497,0.19357450192542294,0.5307245353836625,0.45137958091880515,0.32238562639319535,0.27261840497417433,0.7923497027755231,0,0,-0.01818632353977831,0.07860362245848647,0.03710485663619968
2012-05-31,79.87999725341797,80.13999938964844,78.41000366210938,78.62999725341797,38954600.0,0.6211067295125918,0.6840695798863605,0.13990230452754762,0.5316902706710862,0.3952551982939975,0.24340903348217702,0.3031964326076781,0.7712272716674556,0,0,-0.01842328079260028,0.09575133853848188,0.07005895354235203
2012-06-01,77.87000274658203,78.55999755859375,77.47000122070312,77.91999816894531,22870900.0,0.6161962654874886,0.6818291339084437,0.11170259468553476,0.5321873120668204,0.394685969272999,0.18516684759057445,0.3380477579196508,0.758825937559815,1,0,-0.00508713646001709,0.12272662130946341,0.09131375500415236
2012-06-04,78.08999633789062,78.25,77.19999694824219,77.83000183105469,17711200.0,0.6119146998126659,0.6797520836495905,0.108201982418239,0.5325644832272602,0.4207230964021604,0.23656501037477518,0.372150029900901,0.7492223579609691,0,0,-0.011421963687919374,0.12102156733538103,0.0980493736983667
2012-06-05,77.58999633789062,78.29000091552734,77.12999725341797,77.5999984741211,17715600.0,0.6075441950522402,0.6775504091074749,0.09894931607383131,0.532923909200147,0.41153232318395866,0.2894784038342041,0.4042835722419717,0.7396163925412734,0,0,-0.0059103054561295615,0.1275857647637064,0.11075424057285058
2012-06-06,78.37000274658203,80.23999786376953,78.08000183105469,80.18000030517578,23880900.0,0.605104847615628,0.6756533702936327,0.388497152362123,0.5336617092372236,0.431550232557955,0.4120107843211148,0.3955208953475731,0.7525653809803446,0,0,-0.015979452545705826,0.11791229479902395,0.10103088262952986
2012-06-07,80.9800033569336,81.2300033569336,80.3499984741211,80.69000244140625,18409400.0,0.6034405027020704,0.6740111158044504,0.4317183460792797,0.5342675059688706,0.432850839712992,0.48912583405583654,0.3722087826854789,0.7625475469694925,0,0,-0.04801703777577935,0.08156639138489305,0.06198545238703087
2012-06-08,80.08000183105469,80.91999816894531,79.45999908447266,80.83999633789062,18150000.0,0.6021700080338634,0.6726208756479759,0.4444778192121539,0.534874425984357,0.47703594246164155,0.47555167985124336,0.3601040437611573,0.7723890579749044,0,0,-0.036559728446890184,0.0922046670826951,0.06357661541952686
2012-06-11,81.62000274658203,81.8499984741211,80.16999816894531,80.2699966430664,18031800.0,0.6003722569151779,0.6710118526106892,0.4034611709354392,0.5354335013242202,0.44767114577145856,0.5035741672489036,0.335642245612757,0.7626116387932301,0,0,-0.05554188145181231,0.07298359925480329,0.03661552719647108
2012-06-12,80.73999786376953,81.51000213623047,80.62000274658203,81.26000213623047,14162100.0,0.5998259438201248,0.669496990283837,0.48836905675352993,0.5359292674464489,0.4692852062547037,0.5310173868911601,0.31292771876067105,0.7702907827607093,0,0,-0.044973224882567484,0.0844649191832565,0.05606079716198297
2012-06-13,80.94000244140625,81.63999938964844,80.27999877929688,80.62999725341797,15098100.0,0.5990890545862195,0.6677134957854451,0.44152141257911015,0.5364176026336351,0.47250073630364225,0.5167619127757928,0.29596256691401507,0.762104109630637,0,0,-0.04688659965330665,0.07026826155997361,0.06866839841211705
2012-06-14,80.86000061035156,82.5,80.7300033569336,82.12999725341797,16942300.0,0.5990636441112691,0.6666888163900133,0.5546970878925372,0.5370686483675056,0.5056011162617484,0.5836959132977546,0.2676621951976603,0.771290767035981,0,0,-0.04626074022066863,0.06858488115677636,0.08173132286211593
2012-06-15,82.56999969482422,83.44999694824219,82.22000122070312,83.22000122070312,27342800.0,0.5998958165680477,0.6662014013376614,0.622479963814807,0.5382381376111174,0.5579078371491554,0.6580158226374647,0.24898849559095504,0.7861169084750321,0,0,-0.06623648634275166,0.033361718682579186,0.06075731195232525
2012-06-18,82.51000213623047,83.18000030517578,82.3499984741211,83.11000061035156,13885100.0,0.6009376218082534,0.6657278341321891,0.6132627786879599,0.5388240276667609,0.6019954313346498,0.643774767909645,0.23164863167044297,0.778587962774688,0,0,-0.06464797889805948,0.027397245203712714,0.05215088048822257
2012-06-19,83.7300033569336,84.62999725341797,83.30999755859375,84.4800033569336,21053300.0,0.6024876268543629,0.665893999843205,0.6907662304551206,0.5398280459824023,0.6117693097572412,0.7010198551959905,0.23222907000185783,0.790003735978558,0,0,-0.07941289923048776,0.010828948259835273,0.03826254700784714
2012-06-20,84.4000015258789,85.38999938964844,84.05999755859375,84.97000122070312,23274300.0,0.6044060765174246,0.6666694327849976,0.7155251772690132,0.5409810169406835,0.6386246702784403,0.7128950640479634,0.2401813398984547,0.8026238064795641,0,0,-0.08605591836620424,0.01171872424752074,0.017518888124163332
2012-06-21,85.04000091552734,85.37000274658203,82.05000305175781,82.11000061035156,33751900.0,0.6044505436369498,0.6665060391788191,0.5029334679004481,0.5422533938996232,0.5393739603176726,0.6126959324152746,0.21936364423532256,0.7843224458567781,0,0,-0.09309172117773355,0.004119082842096227,0.02953986230635597
2012-06-22,82.68000030517578,83.22000122070312,82.11000061035156,82.11000061035156,84747800.0,0.6041329199698982,0.6660933991190015,0.5029334679004483,0.5454215577567143,0.34995382795791635,0.5762662703142982,0.20003292683384277,0.8302754159055086,1,0,-0.06759229095728599,0.03300449475494229,0.05809276102313237
2012-06-25,81.22000122070312,81.43000030517578,79.77999877929688,81.23999786376953,28761600.0,0.6035993096890437,0.6656198319135289,0.4494919788354581,0.5463871587726952,0.40398655983567,0.4941481749644661,0.19551430386433938,0.8146799556888,0,0,-0.049811276785808864,0.05078550892641941,0.08159781876067265
2012-06-26,81.51000213623047,82.97000122070312,81.20999908447266,82.4000015258789,22853700.0,0.6038978767115208,0.6651739582889309,0.5236557859612657,0.5472585049319414,0.422567240084445,0.5658583434755464,0.17401097394939663,0.8270719634058461,0,0,-0.053914389438528575,0.047759691721364815,0.08333329420341616
2012-06-27,82.80999755859375,83.66000366210938,82.70999908447266,83.19999694824219,15301400.0,0.6060640676006066,0.664550843211275,0.5700364718067784,0.5478896359894061,0.45407354645568215,0.6058494197624332,0.15708881076859493,0.8353688723038192,0,0,-0.06893204126206108,0.03131070125337802,0.06541261274073679
2012-06-28,82.66000366210938,83.45999908447266,82.0199966430664,83.0999984741211,19140300.0,0.6089036239594976,0.6638169516972365,0.5630317764553785,0.5486695089608742,0.5315812922056072,0.5809170358756348,0.13861460101822665,0.8249903889375995,0,0,-0.06646642561936106,0.03281244985185953,0.06947114172242758
2012-06-29,84.77999877929688,85.69999694824219,84.45999908447266,85.56999969482422,24906300.0,0.6137632670346995,0.6638972645607917,0.6882900794378282,0.549928156357598,0.5790901867156312,0.6854684209267762,0.13762839366346713,0.8384953820810757,0,0,-0.0920577817851737,0.01107097696556297,0.04043322108360724
2012-07-02,85.44000244140625,85.47000122070312,84.54000091552734,85.33999633789062,14447800.0,0.618533971024299,0.6639083403028334,0.6712506507504208,0.5506429484999082,0.5928709591213216,0.6671074318147173,0.13671262969119036,0.8306613224279632,0,0,-0.0971135353234192,0.003038383870085061,0.03225423064951674
2012-07-03,85.69000244140625,86.27999877929688,85.62000274658203,86.27999877929688,9787700.0,0.6240479180781795,0.6640717339090121,0.7129682618445312,0.5511632398765136,0.6192589531798409,0.7037662803155299,0.14262277775451349,0.8359685266851351,0,0,-0.10030472879441257,0.006913479765743427,0.027068170350601717
2012-07-05,85.33000183105469,86.04000091552734,85.1500015258789,85.56999969482422,10797100.0,0.6274719008212732,0.6638667988750797,0.6585318076218638,0.5517056662357356,0.5727736548665041,0.663402140327234,0.14236251464716,0.8301139934357393,0,0,-0.0950394609834456,0.011010627743195354,0.03871113102857468
2012-07-06,84.26000213623047,85.04000091552734,84.19999694824219,84.80000305175781,13259400.0,0.6300827677521628,0.6632990730720574,0.6025599358777322,0.5523298302392479,0.592576488688539,0.6005285318468552,0.13102855817720516,0.8229243223048766,0,0,-0.08332365207713989,0.02360636496751779,0.04838143513396377
2012-07-09,84.5199966430664,84.55000305175781,83.0199966430664,83.6500015258789,22361600.0,0.6318678160566493,0.6626288786956263,0.526247379661962,0.5532771315261296,0.5522204405846306,0.5386762586185924,0.11626747509780322,0.8107991469605998,0,0,-0.08714621608135957,0.020754741425613496,0.04044811535068313
2012-07-10,84.08000183105469,84.38999938964844,82.83000183105469,83.11000061035156,14106100.0,0.6336719210057107,0.6618063664550586,0.49286717993652973,0.5538427938732711,0.5659543833279403,0.5125975029796349,0.10447603115539775,0.8031503679857546,0,0,-0.08308433294512955,0.02630002281065795,0.04040642189793977
2012-07-11,83.4800033569336,84.68000030517578,83.23999786376953,84.37999725341797,18337600.0,0.6356538895863197,0.6612635642409579,0.5670100303884775,0.5546693088508268,0.5749681254668664,0.5485517547851866,0.0902002656348301,0.8130936017164897,0,0,-0.07640483764747699,0.03369023465046798,0.05113704691118305
2012-07-12,83.41000366210938,84.55000305175781,83.31999969482422,84.12000274658203,15566400.0,0.6378709062718588,0.6604548998472699,0.5497569330903578,0.5553531583897358,0.5990722636509854,0.5326119803567001,0.07694419765144594,0.8046530013355175,0,0,-0.07442529761918217,0.03401274248170523,0.04621941246065161
2012-07-13,84.44999694824219,85.56999969482422,84.26000213623047,85.47000122070312,13642000.0,0.6399926348879719,0.6602527348052905,0.6229758530970915,0.5560245102734389,0.6024848080472492,0.6076759625226618,0.07126389654818399,0.8120501304339104,0,0,-0.08701853846672211,0.021754657290819504,0.042796076866056694
2012-07-16,84.83000183105469,85.41999816894531,84.66000366210938,85.05000305175781,11269200.0,0.6411551386725538,0.6600865712071591,0.5932515203068981,0.5565593244075848,0.5687248592960749,0.5943517624005341,0.06598933123801218,0.8059396094519716,0,0,-0.09009014236180414,0.01696498101711691,0.03404698714348403
2012-07-17,85.18000030517578,85.81999969482422,84.0999984741211,85.7300033569336,14059400.0,0.6428194884326639,0.6604078226613797,0.629533865483769,0.5572633495667199,0.5708223972664387,0.599369136238374,0.05353021785767831,0.8135630661918883,0,0,-0.09465023824701009,0.012933550084080321,0.03433272268277669
2012-07-18,85.33999633789062,86.22000122070312,85.06999969482422,86.20999908447266,14203500.0,0.6439184636065935,0.660886927737873,0.6543921304048677,0.5580002470379175,0.5661816198876797,0.6320761469809435,0.047068940540070575,0.821264658564636,0,0,-0.08468440712184773,0.010964684528152713,0.029861251460935996
2012-07-19,86.0199966430664,86.37999725341797,85.62000274658203,86.20999908447266,14902300.0,0.6447061689438471,0.6614934270895814,0.6543921304048677,0.558771847475882,0.5655005806417321,0.637582418549726,0.043139423295633444,0.8293451626668923,0,0,-0.07609323313141382,0.004175856793581644,0.013687510935008373
2012-07-20,85.87000274658203,86.1500015258789,85.2699966430664,85.94999694824219,16838300.0,0.6471455163804594,0.6622245486116671,0.6318474417982525,0.5596244540661801,0.6492280356550518,0.6076139213080844,0.0341757394567499,0.8202148973907254,0,0,-0.07435336654891446,0.005915723376081011,0.01658740656956276
2012-07-23,84.80000305175781,85.45999908447266,84.33000183105469,85.20999908447266,13597800.0,0.6491147821468697,0.6628808972541032,0.5695311753553238,0.5602717453473329,0.8345379187840753,0.547300001066053,0.03187159101901432,0.8128417349472328,0,0,-0.0584061018115441,0.01838271387736762,0.026992434871420508
2012-07-24,85.20999908447266,85.26000213623047,83.5,84.58000183105469,13948300.0,0.6512365107629825,0.6632907694348529,0.5199893470397823,0.5608997483012401,0.7964688197654263,0.48956321002821007,0.03997417951754831,0.8052785201837733,0,0,-0.06372491918222846,0.013730761430773383,0.024879741454760178
2012-07-25,85.13999938964844,85.55000305175781,84.66000366210938,85.23999786376953,16566000.0,0.6530406108654914,0.6641548209902897,0.5663329936248147,0.5616871917244812,0.7903968070085363,0.5461261683424545,0.042803308516473904,0.8142611356832585,0,0,-0.06337196138938325,0.014660650708501751,0.04551901620682532
2012-07-26,85.55999755859375,86.69999694824219,85.26000213623047,86.5199966430664,19149300.0,0.655149631820853,0.6654647461703245,0.6455755844438537,0.5626917964428446,0.8182526251939699,0.6483643062115659,0.03210790153163437,0.8246444991375801,0,0,-0.06780852796986765,0.013373995990361043,0.051149703421153415
2012-07-27,86.58999633789062,87.8499984741211,85.5,87.44999694824219,24079300.0,0.6579129567548925,0.6669269892144956,0.6952145450661625,0.5640394056993414,0.8309210190463576,0.7315720795270273,0.036363185814142246,0.8377010664076967,0,0,-0.07871009966271761,0.01456313205175608,0.03340276388319266
2012-07-30,87.27999877929688,87.83000183105469,87.08000183105469,87.55999755859375,11183500.0,0.6591770975927238,0.6684916987191907,0.7009203577333174,0.5646686220057195,0.7976983780456097,0.7429101113500183,0.04031452121932816,0.8437651181062656,0,0,-0.08576329630335974,0.00651800702933788,0.026758193812975225
2012-07-31,87.37000274658203,87.66000366210938,86.79000091552734,86.8499984741211,12212200.0,0.6601363224242547,0.6699816353442363,0.6360711521995351,0.565320557453536,0.7556778702760321,0.6715194414670445,0.03938089072392001,0.8371432723376544,0,0,-0.08668346481172577,0.0054819065888833205,0.02489721751895847
2012-08-01,87.0199966430664,87.44999694824219,86.18000030517578,86.91000366210938,14312300.0,0.6605365313465337,0.6713303340729571,0.6397831219501307,0.5660865908430552,0.7403311190151649,0.6376747129937388,0.029134655615009858,0.8449038595532334,0,0,-0.08336209546309722,0.009556728216892314,0.048474459272692484
2012-08-02,86.0999984741211,86.75,85.5,85.87999725341797,14530100.0,0.6607334564692089,0.6724187084931115,0.549409784555751,0.5668040777177201,0.7301166772598207,0.5621917168608773,0.0251927570625059,0.8370251742055895,0,0,-0.07271889803842665,0.020135771789904514,0.07133821558380343
2012-08-03,87.06999969482422,87.88999938964844,86.80000305175781,87.55000305175781,13982500.0,0.6624803866379936,0.6739446486748901,0.6532831623168254,0.5675846408616771,0.7292673560314684,0.659600628393915,0.022292985941908428,0.844606933303836,0,0,-0.08488590065991422,0.009548203552039393,0.056357756428462476
2012-08-06,87.55000305175781,87.87999725341797,87.37000274658203,87.44999694824219,9626400.0,0.6648943235996552,0.6752850374277521,0.6446513946483373,0.5681173955502481,0.7239276836638808,0.6577300702209867,0.019600341329925053,0.8393871910700895,0,0,-0.08874933182889173,0.0038834531814879087,0.04683036357745478
2012-08-07,87.87999725341797,88.0,87.68000030517578,87.91999816894531,12399800.0,0.6679498617257962,0.6769023662151279,0.6720117461561906,0.5688254020623513,0.754519622567128,0.6679017803977716,0.018789240005662677,0.8461107595640238,0,0,-0.07627213724081651,0.0013722441483108982,0.030760463525211376
2012-08-08,87.75,88.5,87.68000030517578,88.27999877929688,12864500.0,0.6704273272981105,0.6786609350117137,0.6926724861999937,0.5695767763680144,0.7450155510079,0.6720659288730287,0.025041741790669397,0.8530863032736173,0,0,-0.06517292397939925,0.008530482434255913,0.04287985352117565
2012-08-09,87.83999633789062,88.4800033569336,87.51000213623047,88.19999694824219,12213700.0,0.6730191327378725,0.6809899996032742,0.6844918553166455,0.5702851092971399,0.7459784229517097,0.646742382368404,0.02773757338885352,0.8464636441569893,0,0,-0.06592659464545784,0.007476253638827154,0.04621660497815423
2012-08-10,87.66999816894531,88.48999786376953,87.1500015258789,88.44000244140625,11149000.0,0.6749058180956085,0.6837067827786161,0.6995164065648896,0.5709411084332126,0.7434852068752058,0.6292792672175261,0.023639163394013923,0.8525089888511677,0,0,-0.054875243824904524,0.009410451924865166,0.04773241757528821
2012-08-13,88.0999984741211,88.23999786376953,87.7699966430664,88.13999938964844,8716300.0,0.6768687300316429,0.6865371102694087,0.6659729975758648,0.5714430827301178,0.7529398387132069,0.6202777261850226,0.019833496970234316,0.8477827319709212,0,0,-0.05958838192658252,0.004522857472148052,0.04115783909051807
2012-08-14,88.16999816894531,88.63999938964844,87.9000015258789,88.19999694824219,8675700.0,0.6784377868757745,0.6894089770750704,0.6702811748192887,0.5719441579071591,0.7243802003068194,0.6266835938265901,0.02306446413401872,0.8524869742315082,0,0,-0.060585391137610765,0.005332439572927023,0.03471755399566819
2012-08-15,88.19000244140625,88.66999816894531,87.91000366210938,88.0,8510100.0,0.6795748801854062,0.6922891538565905,0.6460635564935924,0.5724284680581149,0.6833336493703049,0.6131075618139072,0.02657669017256803,0.8478725255919954,0,0,-0.06077098407947719,0.0054421286184480845,0.04092971355169072
2012-08-16,88.19000244140625,88.87000274658203,87.95999908447266,88.66999816894531,11311300.0,0.6811375880457144,0.694640374158005,0.697222547157168,0.5731008215712676,0.6795276569050485,0.6273656005860322,0.03337790721846176,0.8540058745416107,0,0,-0.06090909784490412,0.007727276195179333,0.03704539212313582
2012-08-17,88.88999938964844,88.91000366210938,88.16000366210938,88.4000015258789,11177700.0,0.6826939469221995,0.6967755815705599,0.6630140106836204,0.5737524876882598,0.6530174988577699,0.6178412160543805,0.040425751614807326,0.8479449677887074,0,0,-0.06834326924251735,0.0002256036187439953,0.03281835707907486
2012-08-20,88.06999969482422,88.22000122070312,87.62999725341797,87.94999694824219,8813700.0,0.6844345232606084,0.6987446253849836,0.6076738470390018,0.5742502235042717,0.6393008067321506,0.5647930007555214,0.034107911180768585,0.8431658975105587,0,0,-0.05927599291087719,0.009502307158210252,0.04128960930855161
2012-08-21,88.13999938964844,88.41000366210938,87.26000213623047,87.45999908447266,10767100.0,0.6862640338380674,0.7007358249092608,0.5510997354554982,0.5748369814097614,0.6188444939789752,0.5329403442283561,0.024375164734646543,0.8373276312215023,0,0,-0.055713492847106236,0.00875502329936496,0.040477517704620186
2012-08-22,87.19999694824219,87.91000366210938,87.0199966430664,87.7300033569336,10160400.0,0.687845803189503,0.7025276272706267,0.5771914500192121,0.5754005403527391,0.6209020578391541,0.4971107646308277,0.020493955935175112,0.8428369253492923,0,0,-0.04436310649478168,0.019551872076005727,0.05739771695643856
2012-08-23,87.79000091552734,87.79000091552734,86.9800033569336,87.30999755859375,9666300.0,0.6883476491650311,0.7043775867856943,0.5284067673191072,0.5759202314033041,0.5884837278630952,0.451520530204185,0.01776914952941916,0.8375955480582943,0,0,-0.04890004276043711,0.012766473312730288,0.054257402873497736
2012-08-24,87.16000366210938,88.30000305175781,86.93000030517578,88.05000305175781,9762300.0,0.6887288014427353,0.7060170733958082,0.600403242308633,0.5764723935039453,0.569050072793147,0.5148312118796241,0.011202573321766829,0.8428889796223789,0,0,-0.04191963995478463,0.02004352363915226,0.06322296183048151
2012-08-27,88.06999969482422,88.19999694824219,87.61000061035156,87.73999786376953,8252100.0,0.6888431461567359,0.7072688414221413,0.5636784102049375,0.576928662112747,0.5535015763504798,0.5289916141250695,0.005105038271803919,0.838414426841786,0,0,-0.05190232295776149,0.009540078798082297,0.04611013535351244
2012-08-28,87.56999969482422,88.4000015258789,87.41999816894531,88.0999984741211,9646800.0,0.6896372053243653,0.7086507716027572,0.5984863245754587,0.5774748452484242,0.5821391380225697,0.547418717555963,0.0043414495660894226,0.8436452306085633,0,0,-0.046387050306788795,0.015272441302833494,0.03943468393793287
2012-08-29,88.06999969482422,88.19000244140625,87.73999786376953,87.9000015258789,8377300.0,0.6902660988280931,0.7095979060137019,0.5733504158543745,0.577942094509313,0.5729841938383562,0.5332686812968083,0.0036324029107830946,0.8391027903801535,0,0,-0.05187286917112299,0.009534664947036326,0.035187270463253366
2012-08-30,87.37999725341797,87.7300033569336,87.0199966430664,87.19999694824219,8915800.0,0.6911046251152475,0.7102154811074524,0.4911812647789324,0.5784146700227732,0.5755948120108301,0.3260702689367112,0.004208177910697275,0.8342683582136492,0,0,-0.04414103738411935,0.017406215951440596,0.04152447625162212
2012-08-31,87.61000061035156,87.8499984741211,87.13999938964844,87.30000305175781,14178800.0,0.6909458132817217,0.7116528005627019,0.5026402878181447,0.579170517544553,0.5494071743884879,0.3605326787642543,0.0013190151206629863,0.8419565574557173,0,0,-0.047133036171905666,0.014908292399705394,0.04472478970605673
2012-09-04,87.33000183105469,87.45999908447266,86.5199966430664,87.12000274658203,10602900.0,0.6907361853448475,0.7130402707272236,0.48135702109182477,0.5797274323647339,0.5685532732511756,0.27097205615965614,0.01315992353686335,0.8362073256629193,0,0,-0.04387172619895537,0.018098531223623752,0.05784645184226696
2012-09-05,87.5199966430664,87.6500015258789,87.05999755859375,87.33000183105469,10113100.0,0.6903613917440716,0.7147268366361126,0.507806279071836,0.580266073848962,0.5543900076118122,0.378807982071666,0.018431156825314127,0.8416909722165741,0,0,-0.03282820122579986,0.015955084655888657,0.06737835814419012
2012-09-06,87.88999938964844,89.25,87.8499984741211,88.98999786376953,15713500.0,0.6908124167696987,0.7165518704493739,0.67373179842822,0.5812020624138969,0.5622485821251324,0.703144736384912,0.02862844213525323,0.850211334926411,0,0,-0.030115621187159273,0.015573120140115972,0.06401012080704369
2012-09-07,89.2699966430664,90.0,89.2699966430664,89.91999816894531,15623900.0,0.6919050429598053,0.7184129078193682,0.7407539929211052,0.5821866902863015,0.5763724518475792,0.8521398591714091,0.05012204808829401,0.858683113648034,0,0,-0.04236427389106932,0.008203206814895316,0.03236324252104556
2012-09-10,89.81999969482422,90.0,89.4000015258789,89.4800033569336,10750700.0,0.6925657007688593,0.7201797865918123,0.6841011651917431,0.5828448153967849,0.5398422250354937,0.7606365735645169,0.0700803964732605,0.8528537399639633,0,0,-0.048042702210776625,0.002001782794051991,0.026356792647272528
2012-09-11,89.75,89.94999694824219,89.55000305175781,89.62000274658203,9349400.0,0.6935058689558156,0.721301394576747,0.6946773881704,0.5834214191510649,0.5175951772169197,0.7197695609350284,0.08861314854501506,0.8579232839305748,0,0,-0.047496645513599854,0.0027939203243294033,0.004805546368393845
2012-09-12,89.62999725341797,89.9000015258789,89.41000366210938,89.55000305175781,9982900.0,0.6943634567340973,0.7224673139813886,0.6850339883409525,0.5840336125714685,0.5123026510815746,0.6764947133899626,0.10165157567370076,0.8525102359847937,0,0,-0.046083431453314484,0.004128573256444612,0.0027895558172088388
2012-09-13,89.70999908447266,91.55999755859376,89.43000030517578,91.2300033569336,19870900.0,0.6964153077557345,0.7238381684199626,0.7989988948118488,0.5853778211869796,0.552862267938318,0.7429822550865068,0.13774645504561867,0.863284874058482,0,0,-0.04701283016193059,0.020658832061143002,0.008040214362549838
2012-09-14,91.5,92.4000015258789,91.25,92.3000030517578,21388800.0,0.698721258680324,0.7257019757819099,0.8523737600667546,0.5869084056856217,0.5756020246503863,0.7804839967531507,0.17982575853634936,0.874882566102149,0,0,-0.05458734159473323,0.009865192291593893,-0.009645919336153063
2012-09-17,91.91999816894533,92.5,91.5500030517578,91.91000366210938,11893700.0,0.7009509781800618,0.7276710195963336,0.8011598188091605,0.5877398773691005,0.5778992142754894,0.7243111528363211,0.2198487606378271,0.8684334212291425,0,0,-0.058504890003642104,0.006283876618394408,-0.008125676871098615
2012-09-18,91.43000030517578,92.22000122070312,91.4000015258789,91.6500015258789,10950100.0,0.7033013962241763,0.7298865398724437,0.7673339399490546,0.5884933291616803,0.567823639973444,0.6764207994417808,0.2525202096174106,0.862495926482015,0,0,-0.0534218634150002,0.01164181973877273,0.001849615517047309
2012-09-19,91.4800033569336,91.75,90.56999969482422,90.56999969482422,16302100.0,0.7052770158209625,0.7319525122763706,0.6401196121201478,0.5895457350875932,0.5491980584066914,0.6156492799251416,0.2600281005665847,0.8536564060103166,0,0,-0.054119003069155944,0.011129259422635068,-0.013202473472141972
2012-09-20,90.13999938964844,91.69000244140624,90.08999633789062,91.5199966430664,12238400.0,0.7076845989522484,0.7339298639537681,0.7029662558589655,0.5903786925642485,0.5563975165476622,0.6112250950636345,0.2554787627681196,0.8602924582576242,0,0,-0.039969115146070856,0.02605720015792855,0.005410156403009448
2012-09-21,92.02999877929688,92.2300033569336,91.63999938964844,91.91999816894533,19599100.0,0.7106130895501896,0.7360899949552446,0.7271324732009858,0.5917397002407365,0.5579899199439414,0.6422361295940647,0.2593362984107742,0.8709197176706364,0,0,-0.06020544513042122,0.005135503036960967,-0.0045891410003360365
2012-09-24,91.30999755859376,92.20999908447266,91.3000030517578,91.87999725341795,11023700.0,0.713046083156426,0.737865179477778,0.7223716440414246,0.5925019776247189,0.5516254932475597,0.6244588534523687,0.25485351697837993,0.8649423146474761,0,0,-0.0521105418945236,0.012946066852819757,-0.034051319797299945
2012-09-25,92.11000061035156,92.56999969482422,91.54000091552734,91.73999786376952,14035800.0,0.7155870724928401,0.7397179068719135,0.7048540859546358,0.5934634476900356,0.5436585651626116,0.6195085745934756,0.25628098755207157,0.8573316545830263,0,0,-0.06084027137992983,0.005006520442136214,-0.05485416920101023
2012-09-26,91.72000122070312,92.04000091552734,91.0999984741211,91.2300033569336,11616500.0,0.7175753997503778,0.7412410770617393,0.6420523254753433,0.5942353076816835,0.5192850485737165,0.584597944654013,0.24713640309475016,0.851032816423557,0,0,-0.05668197840334084,0.009265298603814117,-0.04916069589327497
2012-09-27,91.83000183105467,92.25,91.19000244140624,91.8000030517578,10632700.0,0.7200528653226919,0.7427891729533715,0.6856008687389707,0.5949637953109508,0.5273634980152023,0.5918552514003398,0.24221320126292945,0.8567982067302922,0,0,-0.058204592706339084,0.008111343160586485,-0.049435514307560185
2012-09-28,91.4800033569336,91.6500015258789,90.93000030517578,91.4499969482422,12507600.0,0.7227526664926316,0.7442403381426159,0.6425731750342778,0.595802803420495,0.5473416751613338,0.563425824444571,0.23131317552593916,0.8500161856255378,0,0,-0.05403057242896478,0.011873598057247053,-0.05457518485490439
2012-10-01,91.79000091552734,92.5,91.5999984741211,91.8000030517578,10343500.0,0.7256112794960974,0.7458604390348293,0.6706180322340327,0.596509336588857,0.5514399160784487,0.5958993553877739,0.23545102540967044,0.8556247624346001,0,0,-0.05762716728622302,0.008529237893122397,-0.06254785578550062
2012-10-02,92.12000274658205,92.18000030517578,91.27999877929688,91.72000122070312,9507800.0,0.728533416263663,0.747663319251122,0.6600820061325072,0.5971550497466542,0.5451295716334325,0.5756944342556533,0.23145529917099994,0.8504693289173959,0,0,-0.06100224310840488,0.004901927377806952,-0.06514164660280043
2012-10-03,91.6500015258789,91.80999755859376,91.16999816894533,91.6999969482422,10328100.0,0.7313094440119015,0.7496351309446139,0.6572877932049486,0.597854772048859,0.5604530009676767,0.555697124019106,0.22504283058886593,0.844869102481308,0,0,-0.05593114712753133,0.010030507595955522,-0.05669433611458532
2012-10-04,92.08000183105467,92.54000091552734,91.91000366210938,92.22000122070312,11507100.0,0.7333612950335391,0.7515681733151893,0.7030983864832254,0.5986559115097347,0.5402625288592464,0.6198682360155089,0.23122766659435073,0.8511086204587391,0,0,-0.060632555867220744,0.0053434883323509015,-0.048091644589677345
2012-10-05,92.58999633789062,93.0,92.2300033569336,92.5500030517578,9890100.0,0.7350319986240248,0.7532381234981305,0.7302909853480608,0.5993558558518761,0.5124262641472983,0.6589302990054563,0.2437076108221305,0.85647134927387,0,0,-0.06582085897285286,0.004445929914142425,-0.05519406062150361
2012-10-08,92.1500015258789,92.87000274658205,92.04000091552734,92.68000030517578,8765200.0,0.7370647881545349,0.7546865208083069,0.7409695037218464,0.5999797369751394,0.5377874138304645,0.6502279597227795,0.25016690925563984,0.8612241212994699,0,0,-0.06083203346480678,0.009184207953464241,-0.04473256891556425
2012-10-09,92.83000183105467,93.36000061035156,92.11000061035156,92.12999725341795,13799200.0,0.7386592554736169,0.7559521366815196,0.6538371171574221,0.6009317827371583,0.5231747364624028,0.6519462617693861,0.2634408089792423,0.8537417533288979,0,0,-0.06808378471310687,0.005718588450061658,-0.0403539650501618
2012-10-10,91.8000030517578,92.0199966430664,90.66999816894533,91.02999877929688,15332500.0,0.7395994188140207,0.7571097461103025,0.5114636047862806,0.6019239146883533,0.5174009008293079,0.3970688753299198,0.24234710429419098,0.8454279810153729,0,0,-0.0573103936404981,0.016932569251063224,-0.034516448496450934
2012-10-11,91.56999969482422,91.87999725341795,91.16999816894533,91.16999816894533,9789900.0,0.7395613006783188,0.7582895091360542,0.5269540461367767,0.6025615236808126,0.47022744267758576,0.41786919516625964,0.22276009280092907,0.8507363781829698,0,0,-0.055476250900558556,0.01966385740449386,-0.046358357434833755
2012-10-12,91.51000213623048,91.72000122070312,90.51000213623048,91.02999877929688,9943700.0,0.7387545338499379,0.7597157507363772,0.5098294162099035,0.6032030619538076,0.43196043333081857,0.3628681035216721,0.20292126301704738,0.8453445857320322,1,0,-0.054732977880697066,0.020291746312124343,-0.03740269530103948
2012-10-15,91.3499984741211,91.69000244140624,90.54000091552734,91.51000213623048,10651100.0,0.7385004339469861,0.7608124330195056,0.5653683867169903,0.6039085754957809,0.452425103953628,0.40971311575011937,0.184499492503443,0.8511199531077757,0,0,-0.05305945178319813,0.02208065652185428,-0.03548276140671185
2012-10-16,91.88999938964844,92.4800033569336,91.8000030517578,92.37999725341795,9069300.0,0.7389641617868121,0.762177747474174,0.6518655811467906,0.6045382488862789,0.4738503149716625,0.6046699855744467,0.17168210628219488,0.8560376178880172,0,0,-0.052781135595038976,0.01606383112651163,-0.04097912700753076
2012-10-17,92.62000274658205,93.54000091552734,92.61000061035156,93.38999938964844,10759100.0,0.7407555590751218,0.7636926098010259,0.7321427692319925,0.6053251656364469,0.5211979229090968,0.752712026050343,0.17648049689098894,0.861871546320983,0,0,-0.05163460071746719,0.00995884603050537,-0.05423254259779834
2012-10-18,92.97000122070312,93.56999969482422,92.97000122070312,93.4800033569336,11815500.0,0.7420006481149308,0.7651326992482286,0.7386544107892811,0.606192069313781,0.518454917410831,0.740677675524449,0.18136820970126943,0.8682782886507044,0,0,-0.039618852144963565,0.00642465443883062,-0.06189098208664881
2012-10-19,93.56999969482422,93.66999816894533,91.75,92.1500015258789,15928100.0,0.7421467571342579,0.7662266136522888,0.5703666597027295,0.6072790219963404,0.5018071498319376,0.5924205185019483,0.16132044589940592,0.8596415629512387,0,0,-0.044608451210929656,0.0010697311781139435,-0.06247321489272776
2012-10-22,91.66999816894533,92.26000213623048,91.08000183105467,92.19000244140624,11445400.0,0.7423436871034856,0.7672651387817155,0.5740360757094565,0.608060391823336,0.5159751467971403,0.4842225217184366,0.1490162323768568,0.8658476252135717,0,0,-0.02452517058506252,0.0217037435364375,-0.0398263495189923
2012-10-23,91.12999725341795,91.37999725341795,90.01000213623047,90.18000030517578,14085500.0,0.741352702813181,0.7678300967056697,0.3888951966249453,0.6089142288576599,0.5119514399810348,0.3090981480063989,0.15268408568591957,0.8582100162181595,0,0,-0.018657051152610245,0.027551804406792765,-0.027443309602956868
2012-10-24,90.45999908447266,90.62000274658205,89.7699966430664,89.87999725341797,11332500.0,0.7404951150348993,0.7682953560481682,0.36699545750532714,0.609587305877509,0.5119593198213137,0.2808487911997816,0.1591575905096254,0.8520651719499043,0,0,-0.011421587667013563,0.03559546544255707,-0.02273226231343918
2012-10-25,90.62999725341795,90.8000030517578,89.68000030517578,90.43000030517578,10387200.0,0.7396248244424186,0.768968320416552,0.42394136211763944,0.610224758258783,0.5158113125474854,0.33645840357610624,0.16151957491417684,0.8576974442978611,0,0,-0.010569614789413522,0.03382288616404877,-0.018246544723676626
2012-10-26,90.55999755859376,91.06999969482422,90.01000213623047,90.62000274658205,11583000.0,0.7390975728384928,0.7695083547515849,0.44321738384020226,0.6109428138559383,0.50816366874702,0.37839143187940927,0.1581789040374691,0.8639781176849514,0,0,-0.009731253460668363,0.03439124847789656,-0.012274694311684587
2012-10-31,91.02999877929688,91.41000366210938,90.11000061035156,91.16999816894533,14848500.0,0.7386973639162138,0.7702754777175189,0.4976885160202196,0.6118922508642632,0.5384947248079862,0.4237865342437305,0.1482077046902971,0.8720294497049987,0,0,-0.014897356358467029,0.02913263418266698,-0.02703593990273406
2012-11-01,90.25,91.66999816894533,90.1999969482422,91.5999984741211,15771900.0,0.7386211324913625,0.7712863092660711,0.5379070524171943,0.6129240511816003,0.5675591530724542,0.4556961240504652,0.1337755068881218,0.8805814787642967,0,0,-0.0062520533758042155,0.03751232025482545,-0.023801669546204572
2012-11-02,91.76000213623048,91.94000244140624,90.05999755859375,90.2699966430664,12742400.0,0.7377127286097325,0.7720645100869317,0.41988951647313866,0.6136928818566072,0.5340943680568271,0.42236793846060006,0.11504206591331495,0.873672141583285,0,0,-0.02270744394872829,0.02085148542065159,-0.03155021220295038
2012-11-05,90.04000091552734,90.80999755859376,89.69999694824219,90.62999725341795,11222600.0,0.7367026828283005,0.7728676344967138,0.45475278351647797,0.6143840243765228,0.549680271477177,0.39595303279162425,0.10454051254672264,0.8797573945534964,0,0,-0.003988042802028995,0.04021266631670802,-0.005317418575205658
2012-11-06,90.86000061035156,92.0500030517578,90.7300033569336,91.61000061035156,12026500.0,0.7361055487833463,0.774058477490277,0.5413049678916649,0.6151674694513747,0.561077413876127,0.5067767505026901,0.10285561793739686,0.8862785478376058,0,0,-0.01301997507377481,0.031005159922233034,-0.0267019556690326
2012-11-07,90.23999786376952,90.23999786376952,87.69999694824219,88.18000030517578,19423500.0,0.7332469357798808,0.7740944789341253,0.31523870818861743,0.6161823003123126,0.5272895836727083,0.24917471456803064,0.11395017749395261,0.875746504365781,0,0,-0.027726240569856734,0.03744133044780521,-0.014736365736564956
2012-11-08,88.2699966430664,88.43000030517578,87.02999877929688,87.06999969482422,13743000.0,0.7300325858202137,0.7739089296180934,0.26538932817382777,0.616842085893627,0.528092471529323,0.19671088881035625,0.13083944293190225,0.8682946098342451,0,0,-0.014062121336789662,0.06123839314119354,-0.01179398143041024
2012-11-09,86.61000061035156,87.94999694824219,86.61000061035156,87.20999908447266,13407000.0,0.7276059411978004,0.7736624531564069,0.27744634686398173,0.6174915828908296,0.5396419467521605,0.24336537855974666,0.1504772292475618,0.8755643144099784,0,0,0.0,0.08108415738301006,0.0035603257112699575
2012-11-12,87.2699966430664,87.69000244140625,86.94999694824219,87.31999969482422,9004300.0,0.7251602399308126,0.7735018274292966,0.2874113517387793,0.6179308381928865,0.5592908975840484,0.29330821489583664,0.1687123165406743,0.8804467341094843,0,0,-0.00756789404475929,0.07338609784503955,-0.0022932800176785695
2012-11-13,86.75,87.98999786376953,86.44000244140625,86.47000122070312,12260300.0,0.7222635136381974,0.773299662387317,0.24690240387533438,0.6184894533506102,0.5384402612758249,0.3118239969488531,0.19065173263573915,0.8737988069811288,0,0,-0.003550132382926757,0.07924871957318044,0.0012597413048099522
2012-11-14,86.75,87.11000061035156,85.87999725341797,86.06999969482422,14524100.0,0.7188077665897776,0.7729590252151957,0.2287925582140107,0.6191285408766523,0.5036101318187809,0.31900674926174505,0.2162311327329246,0.8659233750255527,0,0,-0.01006132455533874,0.08002773298548888,-0.01908177983792897
2012-11-15,86.08999633789062,86.55999755859375,85.37000274658203,86.13999938964844,13783600.0,0.7148438245820066,0.7726876230517028,0.23608818028712705,0.6197375112685859,0.4988981544638593,0.33700945776972835,0.24446944777112456,0.8733972841767481,0,0,-0.008365209641703883,0.088067873334854,0.005344565069109089
2012-11-16,86.13999938964844,86.70999908447266,85.05999755859375,86.44999694824219,17405200.0,0.7104352065324315,0.7724439144690847,0.26944484231173016,0.6205248985204839,0.5081938618563271,0.36218873597317713,0.27334597566308677,0.8828349407801309,0,0,-0.012537750623486454,0.08741582113595626,0.0298351487466235
2012-11-19,87.4000015258789,88.19999694824219,87.08999633789062,87.66999816894531,12911000.0,0.7067444162256344,0.7720783537080418,0.3887217921710505,0.6211660432102275,0.49276080113717285,0.43839697916492415,0.27079338240479184,0.8898356982782507,0,0,-0.02706771601954043,0.0725274362568258,0.013302505106708272
2012-11-20,87.51000213623047,87.87999725341797,86.7699966430664,87.5,10288100.0,0.7037905151527426,0.7714081593316107,0.3775726016943044,0.6216697174041816,0.5179201654512128,0.43506472708886984,0.2719596497746351,0.8842571611226155,0,0,-0.027945758284554926,0.07026344429532413,0.016539260619670107
2012-11-21,87.80999755859375,88.0199966430664,87.4800033569336,88.01000213623047,13905300.0,0.7011351811023281,0.7710010571428139,0.42496585064469716,0.6223755872123244,0.5245496726410169,0.4621886130717703,0.27044900046941966,0.8917970599095882,0,0,-0.03142857142857143,0.06697143554687517,0.0013714599609375
2012-11-23,88.25,89.08999633789062,88.01000213623047,89.08999633789062,11931000.0,0.7004427589879478,0.7708542771496985,0.5152300038135026,0.6230277385320702,0.5697504557190275,0.5098837997654534,0.2506268990745125,0.898266430036617,0,0,-0.0362459080101879,0.06158388861933811,0.0026133774724555977
2012-11-26,88.31999969482422,88.62999725341797,88.02999877929688,88.62000274658203,16423600.0,0.6996423508364953,0.770596722833085,0.4782685458781485,0.6238953966055552,0.618473594031893,0.49826514064251454,0.2322206620649559,0.8893610283755434,0,0,-0.0365922356070854,0.060051618521009126,-0.0020204322884142473
2012-11-27,88.4000015258789,88.54000091552734,87.23999786376953,87.3499984741211,11841600.0,0.6976857878842839,0.7695221941469255,0.389376591299079,0.6244645102543305,0.5916555630251527,0.46513929691232725,0.22595796633960902,0.8829401337903265,0,0,-0.03768905285228031,0.059467349128125346,0.007898859473564907
2012-11-28,86.52999877929688,88.19000244140625,86.27999877929688,88.0999984741211,15959900.0,0.6960849618882738,0.7683590447342366,0.4518695800294137,0.6252741933756183,0.6171600028320109,0.4603509856454834,0.2315546505583147,0.8915941024677522,0,0,-0.01682886372503644,0.08174012037062367,0.03526046805790374
2012-11-29,88.37000274658203,88.69000244140625,87.62999725341797,88.12000274658203,11579100.0,0.6941474604271896,0.7673094417498831,0.45352476120707863,0.6258614450118984,0.5966082928425395,0.5053924820618568,0.2277493177816926,0.8978726611499982,0,0,-0.03757100164945607,0.060158859411559934,0.013734382581494448
2012-11-30,88.06999969482422,88.4000015258789,87.81999969482422,88.13999938964844,15522100.0,0.6919495052327778,0.7663373816371322,0.4552985528915027,0.626648448497114,0.5711905237155659,0.5150091225840682,0.224215794489115,0.9062892406528691,0,0,-0.034157989587071586,0.06354968565111987,0.016568305026854826
2012-12-03,88.55000305175781,88.58000183105469,87.47000122070312,87.61000061035156,10937300.0,0.6902597498442697,0.7655176393885175,0.41370376493899885,0.6271807971057748,0.5746373711238507,0.5081227619601979,0.2254982215684413,0.9003586864754866,0,0,-0.03959615971558476,0.058089348226031755,0.010437918939370463
2012-12-04,87.37999725341797,87.97000122070312,87.19000244140625,87.19000244140625,11980000.0,0.6880745023106096,0.7643184906448652,0.38211172282118633,0.6277446056373797,0.5353735219649536,0.47601265638515255,0.23030238679865855,0.8938627469799033,0,0,-0.026480991652339962,0.07179546708945192,0.032188102672961696
2012-12-05,87.2699966430664,88.2699966430664,87.0999984741211,87.7300033569336,12717800.0,0.685609744399047,0.7631581133370142,0.4365471747936642,0.6283673420302178,0.5292913828089563,0.531250818032798,0.22839756943307954,0.9007587452534366,0,0,-0.02534693224670831,0.05723139526825313,0.040486366668743244
2012-12-06,87.76000213623047,88.05999755859375,87.23999786376953,88.0,12077000.0,0.6854953996850461,0.7620835867637392,0.46300327107252215,0.6289696982741195,0.5742335310567859,0.5518568608436685,0.22662881045075617,0.9073072812541176,0,0,-0.030776296299130694,0.04890004276043695,0.03601955900831631
2012-12-07,88.16999816894531,88.63999938964844,87.7699966430664,88.5999984741211,10603100.0,0.6864673273307762,0.7612139952243968,0.5195463224668713,0.6295210401202831,0.6195645685348784,0.6301529915704565,0.21246757169064945,0.9130566214933179,0,0,-0.0353409160267223,0.04409096457741461,0.02874998612837374
2012-12-10,88.58000183105469,88.94999694824219,88.23999786376953,88.41000366210938,11549400.0,0.6872296270396319,0.7604330244115831,0.5012527800147202,0.6301127245482241,0.6102963977869948,0.644612765872608,0.1930324481214512,0.9067941671018079,0,0,-0.03972916854495302,0.03916480000523536,0.03126407100193671
2012-12-11,88.61000061035156,89.48999786376953,88.4000015258789,88.98999786376953,12634600.0,0.6882904889244119,0.7596548214778378,0.5554331393098701,0.6307857630394653,0.612390136128387,0.685187329958272,0.17487840141665945,0.9136450516719996,0,0,-0.04015386160739712,0.03890965161084533,0.03529015515604143
2012-12-12,89.08999633789062,90.37000274658205,88.91000366210938,89.44999694824219,14729500.0,0.6901835232659712,0.7591009414088103,0.5955737406850905,0.6315937459766121,0.6283500872835751,0.7356049200247479,0.1726366655446946,0.9216318580827002,0,0,-0.04528597455936795,0.03326224053177868,0.022699228238585466
2012-12-13,89.16000366210938,89.44999694824219,88.2699966430664,88.58000183105469,12290300.0,0.6917779954316055,0.7582091941596143,0.5064518622895892,0.6322278028304793,0.6367884965354544,0.6192045770047809,0.15792387877709602,0.9149676639940051,0,0,-0.04583573217881698,0.03230854654271976,0.029066501540805267
2012-12-14,88.0,88.44999694824219,87.91999816894531,88.08000183105469,13363600.0,0.693010376810663,0.757201132603015,0.46053908235864216,0.6328917791385842,0.6180248452282332,0.5245111511752448,0.1378159455492674,0.907721492287563,0,0,-0.03319036329456852,0.04572141530864062,0.03014222300466548
2012-12-17,88.36000061035156,88.94000244140625,88.0999984741211,88.87000274658203,15672500.0,0.6945476790425735,0.7564173939111334,0.5344900659368648,0.6337140838539264,0.620314012604381,0.5917425096521984,0.1276504944020363,0.916219623484936,0,0,-0.037465973923201244,0.041893759817171555,0.01827884397004995
2012-12-18,88.75,89.73999786376953,88.55999755859375,89.55999755859375,15396600.0,0.6957482961163048,0.755680732405142,0.5918989288365094,0.634558934483874,0.6406209063460692,0.6795492812034295,0.13061506493315117,0.9245681528703865,0,0,-0.04152134946961244,0.037132923931238626,0.014515594414977753
2012-12-19,89.54000091552734,89.61000061035156,88.37999725341797,88.44000244140625,15092500.0,0.696345430161259,0.7545425086942597,0.48853563724857285,0.635324129358041,0.6067738118646002,0.5910990292183081,0.1296505997793111,0.9163845162395776,0,0,-0.05002237024406567,0.009267550845026331,-0.004354615903079767
2012-12-20,88.37999725341797,88.94000244140625,87.9800033569336,88.88999938964844,15789000.0,0.6969044460705112,0.7534929057099062,0.5267898416091364,0.6361488479521209,0.6082864255362836,0.550225185377297,0.1205893239651834,0.9249458174662691,0,0,-0.037539570366066,0.022501192200695675,0.015377663645504731
2012-12-21,87.66000366210938,88.5999984741211,87.01000213623047,87.2300033569336,33057000.0,0.6957228904879071,0.7521359012310964,0.398989373526603,0.6376715999238489,0.5363531113703893,0.3905455920871006,0.1102674303421918,0.9070212538681477,0,0,-0.029249703244102004,0.030487108820795646,0.023962169738365582
2012-12-24,87.12999725341797,87.31999969482422,86.80000305175781,86.91999816894531,6385200.0,0.6946429671119996,0.7509976775202141,0.378461529168331,0.6379578380936191,0.49758721900288266,0.3201634898646607,0.10411234676589559,0.9035589940294834,0,0,-0.023730363580912118,0.0371432462280943,0.012839650389546917
2012-12-26,87.20999908447266,87.68000030517578,86.56999969482422,87.06999969482422,10737800.0,0.6944650986338989,0.7498622238012844,0.3928621092214145,0.6384445015088223,0.5151962284050584,0.34709262041785255,0.09140804887631432,0.909381372920608,0,0,-0.024735406939378615,0.03635531211088304,0.01610678273551894
2012-12-27,87.05000305175781,87.23999786376953,85.75,86.86000061035156,14258500.0,0.6936773932966454,0.7487073843644543,0.37757072275165926,0.6390788993926937,0.5002034399835682,0.2970433845290504,0.09307175006646545,0.901649957787238,0,0,-0.022855237167094606,0.03813023666544915,0.01412651581314038
2012-12-28,86.0999984741211,86.29000091552734,85.06999969482422,85.0999984741211,13358700.0,0.6917589436335834,0.7469321977290364,0.26811696442255006,0.6395873681382667,0.4764640628149256,0.22625673428164023,0.10429961497516979,0.8944064430176514,1,0,-0.011973300808420687,0.04915961596196527,0.027170165712275034
2012-12-31,85.04000091552734,86.66000366210938,84.69999694824219,86.55000305175781,19810800.0,0.6907489026987039,0.7453176389336134,0.4020937646106876,0.6404434085922746,0.508539887677268,0.31631737993918774,0.11472548953325237,0.9051484929474594,0,0,-0.003995346338208824,0.06263222005433472,0.042655667667512956
2013-01-02,87.79000091552734,88.72000122070312,87.23999786376953,88.70999908447266,16143700.0,0.6914476737969075,0.7440215594875734,0.552345440752019,0.6412649990278001,0.5569178464547171,0.535197292786889,0.10639800805525271,0.9139021238685652,0,0,-0.035701950991697845,0.02980937885711955,0.008434381303285655
2013-01-03,88.45999908447266,88.88999938964844,88.16000366210938,88.55000305175781,13268200.0,0.6923116105590124,0.7426562450329053,0.5412375817938326,0.6419313661929924,0.5827865698378559,0.5602108281516476,0.10107978070796375,0.9067076810960027,0,0,-0.042385324935581024,0.02153087230099754,-0.0011272514389936113
2013-01-04,88.5,89.08999633789062,88.37000274658203,88.95999908447266,11427900.0,0.6930929620658901,0.741772805646683,0.5671925699575062,0.6425212689447375,0.5954768085672255,0.5805128493947386,0.09905721692667516,0.9129042542981376,0,0,-0.04291364111570607,0.021118042711856508,0.009260301146968068
2013-01-07,88.30999755859375,88.48999786376953,87.56999969482422,87.93000030517578,11799800.0,0.6930484949463651,0.7405930405080465,0.49360897139768,0.6430858143035265,0.5696361767045977,0.5015412298043149,0.08321265631740882,0.9065060250109938,0,0,-0.04058004324981679,0.02315653337667193,0.007419105990352623
2013-01-08,87.81999969482422,88.4800033569336,87.29000091552734,88.4800033569336,14226400.0,0.6929722683680661,0.7401222432945271,0.5307380039896504,0.643793440072582,0.5788652907346683,0.5112918031066365,0.07163385986654922,0.9142200344968006,0,0,-0.03548280149839122,0.02900037578650761,0.008756927560491345
2013-01-09,88.4000015258789,88.54000091552734,87.75,88.13999938964844,10892200.0,0.6928007488737888,0.7396403682260808,0.5061215096518278,0.6443210861918929,0.590668029065518,0.5193406513500891,0.05981301327920613,0.9083139349831285,0,0,-0.0418174100051814,0.02226493157731965,0.009041539240635561
2013-01-10,88.75,89.4800033569336,88.37000274658203,89.0999984741211,13099600.0,0.6928706264682645,0.7392720374730852,0.5709662444707555,0.6449997927978592,0.5968642540858242,0.6034127092856287,0.05894661370030552,0.9154169574385828,0,0,-0.04594966053781779,0.018379881527118617,-0.011912900601643635
2013-01-11,88.97000122070312,89.70999908447266,88.86000061035156,89.61000061035156,11645600.0,0.6929722683680661,0.7389923274466186,0.6029790402384592,0.645623509473054,0.6224328978397291,0.6465039404375975,0.0616414751040707,0.9217315745495814,0,0,-0.04792373002903194,0.015712699773901207,-0.005162728309207121
2013-01-14,89.45999908447266,89.75,89.31999969482422,89.58000183105469,9606700.0,0.6936075157021697,0.7385519938059264,0.6004180331040115,0.6461363136269891,0.6381750397889071,0.6535150868389834,0.06477473597389893,0.9165225142864579,0,0,-0.053119095009587614,0.010155157414475762,0.0007811594057296829
2013-01-15,89.18000030517578,89.61000061035156,89.0,89.52999877929688,9195400.0,0.6945286223979987,0.737978728018998,0.5958611389416737,0.6466249430182471,0.6624168484781154,0.6245613890904007,0.06089480842570155,0.9115364740495894,0,0,-0.050011199657963294,0.013284242208998551,0.0041304168231637885
2013-01-16,89.16000366210938,89.4800033569336,89.06999969482422,89.47000122070312,9645000.0,0.6949097698291504,0.737757177259118,0.5900481798817341,0.6471347935220417,0.6546173505948449,0.6141913433321594,0.05729201855951821,0.9063066463004323,0,0,-0.04981577990257417,0.01351501285569629,0.0030157114570277524
2013-01-17,89.76000213623047,90.94000244140624,89.5999984741211,90.1999969482422,13400300.0,0.6953163277352523,0.7376380929597617,0.6438144670390957,0.6478770886131655,0.6303330407893691,0.683229561105078,0.0769884834675395,0.9135727179216898,0,0,-0.056555327137040534,0.013188781592446408,-0.009053371822251056
2013-01-18,90.08999633789062,90.83000183105467,89.83000183105469,90.8000030517578,17196000.0,0.6968155118314607,0.7374137722079288,0.6842081394078825,0.6488646545181518,0.6901118605600125,0.6820619918642732,0.09527805802498782,0.922896939588305,0,0,-0.05975609281607051,0.009423571311242438,-0.005321460574045136
2013-01-22,90.2699966430664,90.94000244140624,90.20999908447266,90.91999816894533,11897500.0,0.6981050631442425,0.7381725873108886,0.6921683146042069,0.6495517853086636,0.6842938559295615,0.6734235260345657,0.11383593535614397,0.9293481449429546,0,0,-0.06134360691209678,0.00737891823591584,-0.00781937291420511
2013-01-23,90.5,90.87999725341795,90.41999816894533,90.6999969482422,10906800.0,0.7003093673224774,0.739177878875535,0.6661115326211074,0.6501722568478292,0.7370396672800894,0.6530579658042254,0.13106825002078903,0.9234341288419172,0,0,-0.06379237976864438,0.004839446219396463,-0.019687647949587588
2013-01-24,90.87999725341795,91.72000122070312,90.75,91.3499984741211,11100000.0,0.7031235132064182,0.7403244104493913,0.7121110228033994,0.650828553085026,0.7492229281335877,0.6746327658738059,0.1589321340925941,0.929452904167541,0,0,-0.06813672010046895,0.009261345044636741,-0.02105839136692326
2013-01-25,91.56999969482422,91.8000030517578,91.12999725341795,91.7300033569336,11090600.0,0.7060837681096856,0.741545717015782,0.7372995216804652,0.6514983912235617,0.7689670197522189,0.6744550750218579,0.18584477673662742,0.9354665825122586,0,0,-0.07520528583838194,0.00251782551478354,-0.02638200408287452
2013-01-28,91.66999816894533,91.66999816894533,90.7699966430664,91.11000061035156,11617500.0,0.7087835692796254,0.7428307186068952,0.6603447297290247,0.652173450690023,0.7492466255154626,0.6388177509924899,0.2002777886361034,0.9291672021207779,0,0,-0.07598387621966982,0.0014172558383826212,-0.027362852011126943
2013-01-29,91.20999908447266,91.93000030517578,91.1999969482422,91.76000213623048,11700600.0,0.7130143188511,0.7444065080794016,0.7067458705457648,0.6528793861696314,0.7872861613556447,0.6583228909842167,0.21762215451463013,0.935511641992399,0,0,-0.07145211384721281,0.007902548741957985,-0.021402666394238136
2013-01-30,91.16999816894533,91.72000122070312,90.37999725341795,90.66999816894533,15645400.0,0.7156315347658129,0.7456610460976874,0.5859821391882021,0.6537611841463629,0.7341779706002782,0.5968242614840573,0.2115922624144635,0.9270282052825327,0,0,-0.07051003781688586,0.008282499112218041,-0.014603272740787737
2013-01-31,90.69000244140624,91.20999908447266,89.73999786376953,89.97000122070312,15991500.0,0.7164319477638179,0.7466358762023915,0.5195207150147618,0.6546210259319145,0.6801623044099648,0.5429900516440269,0.19153114185607223,0.9183571020735495,0,0,-0.06606380957461669,0.013675944510984313,-0.014558285226438962
2013-02-01,90.44000244140624,90.5,89.36000061035156,90.04000091552734,15699200.0,0.7173784649345973,0.7472922248448277,0.5256979836493647,0.6554673956283952,0.6844189789841666,0.5100291615215279,0.1716361965259835,0.9268697108656246,0,0,-0.06379910431570837,0.016561051945686536,-0.01856180699879264
2013-02-04,89.41000366210938,89.62000274658203,88.83999633789062,89.1500015258789,13347300.0,0.7174991634789738,0.7477491763243524,0.4456902447141369,0.6561436253508801,0.6642700162541867,0.441021768929154,0.16306379925461567,0.919632377540967,0,0,-0.05231015844042433,0.027987523516693282,-0.009218145519938064
2013-02-05,89.87999725341797,90.19000244140624,89.41999816894531,89.73999786376953,11679700.0,0.7186489596028043,0.7482282814008456,0.5009485234678039,0.6567588354911034,0.6654605648716565,0.4819026764209317,0.14299394656713416,0.9259654847635517,0,0,-0.058104320992884165,0.02299498616567861,-0.014021312154853343
2013-02-06,89.37000274658203,89.88999938964844,89.16000366210938,89.79000091552734,11768700.0,0.7194811320595831,0.7484221406927363,0.5055980273631199,0.6573799197858965,0.6540564882596256,0.453042666569604,0.1294629631579981,0.9323468506351436,0,0,-0.052039290277554724,0.02852682883367095,-0.013372014778275286
2013-02-07,89.20999908447266,89.22000122070312,87.61000061035156,88.25,13463300.0,0.7195510096540587,0.7483196721193275,0.37816446756282607,0.6580160937013164,0.6487946353303696,0.3149301021738544,0.14166101582068102,0.9250466183971731,0,0,-0.05022833378154645,0.030292918954996428,0.0008909881973378265
2013-02-08,88.5,88.80000305175781,88.11000061035156,88.61000061035156,11412300.0,0.7192397398173827,0.7486686171544228,0.4139723750989389,0.6585690314275987,0.6507953013190855,0.3386665581855559,0.15298777900745808,0.9312347327799314,0,0,-0.04305952466581091,0.03886685898216183,0.005892313235879958
2013-02-11,88.3499984741211,88.51000213623047,87.97000122070312,88.27999877929688,8764700.0,0.7183948596998524,0.7487184664451507,0.3886168674739191,0.6589829597322772,0.6355273326288852,0.3306408184992338,0.16550627321704103,0.9264822318703372,0,0,-0.04119175601780221,0.04040178090955194,0.02008801226764599
2013-02-12,88.25,88.62000274658203,87.91999816894531,88.45999908447266,9752100.0,0.7176833809408976,0.7488126250427005,0.40782918376769284,0.6594491858492142,0.6421167877946732,0.3553318237757054,0.1743177319208487,0.9317701326679062,0,0,-0.040212993892681695,0.04168555002335141,0.026393315170741682
2013-02-13,88.45999908447266,88.7699966430664,88.23999786376953,88.66999816894531,8940300.0,0.7171370678458444,0.7489594029229314,0.43073381401429933,0.65988272785571,0.6396746061554492,0.3856494164621892,0.17854818187371885,0.9366178495186878,0,0,-0.013791558142998797,0.039226783366677793,0.01865251574673066
2013-02-14,88.33999633789062,88.80999755859375,88.05999755859375,88.5199966430664,13238900.0,0.7165335799705146,0.7492114172556388,0.41700830183345694,0.6605168569300921,0.6272837370346124,0.38707501184726717,0.1856046645416633,0.929439294144057,0,0,-0.01184160870695742,0.040487245307539374,0.02740498878263014
2013-02-15,88.56999969482422,88.61000061035156,87.80000305175781,88.36000061035156,15696900.0,0.7153647272021093,0.7495354365889277,0.4019504432597464,0.6612585551253836,0.642151107464162,0.3859617690550551,0.19664138965748634,0.9209279324856079,0,0,-0.014459995795731142,0.03795753205798099,0.02270675793555731
2013-02-19,88.54000091552734,89.41000366210938,88.37999725341797,89.31999969482422,12158900.0,0.714424559015153,0.7499757702296199,0.5108614971147583,0.6618731301756635,0.629847168562424,0.4528360578204094,0.18544489839967665,0.9275208772880158,0,0,-0.014146672604861434,0.03836576919682923,0.01573109302905093
2013-02-20,89.13999938964844,89.81999969482422,88.9000015258789,88.97000122070312,13936400.0,0.7131858286522723,0.7502444024011596,0.47474599639437476,0.6625592947019174,0.5835620879630226,0.47267717498574413,0.1655457266197179,0.919964115085491,0,0,-0.020712029561597668,0.031236015730629414,0.007053260810237944
2013-02-21,88.79000091552734,89.0199966430664,88.36000061035156,88.58999633789062,10939800.0,0.7118454563895897,0.7502416324092069,0.43685370353109876,0.6630825111049847,0.5721495261095237,0.4335872676068326,0.1579560913713579,0.9140322053280803,0,0,-0.013262900854059984,0.03529278797984063,0.002472757307908536
2013-02-22,89.0199966430664,89.27999877929688,88.4000015258789,89.19999694824219,10260200.0,0.7104796736519567,0.7504604131771342,0.5045930526726573,0.6635945425803134,0.5837157392697582,0.46450326776275463,0.1447746264029442,0.9195956142105997,0,0,-0.01591597348460187,0.032847993931621196,-0.004740920942624263
2013-02-25,89.87999725341797,90.19000244140624,87.69999694824219,87.69999694824219,15302900.0,0.7079196228244156,0.7501031602790653,0.3703996561611482,0.6642765978166696,0.5353934954048939,0.4313954868741116,0.13626533832605287,0.9112978919646096,0,0,-0.02544839373014283,0.022982097779076335,-0.012443953456586263
2013-02-26,88.5,88.9800033569336,87.76000213623047,88.51000213623047,15073200.0,0.7062679807250569,0.7498428380833839,0.4533282795780883,0.6649899184357912,0.5480362897723305,0.42477542129714874,0.12836385654036803,0.9194710635176001,0,0,-0.010148226004770416,0.03911060917368174,0.0020524550905288153
2013-02-27,88.5,89.6500015258789,88.30999755859375,89.52999877929688,11195200.0,0.7048513770375229,0.750105930271018,0.5427721697825554,0.6655588224621902,0.5539349697990522,0.5260196712883033,0.13331370472124848,0.9255414593307014,0,0,-0.01005535383762156,0.03875268582523007,0.00813468764349291
2013-02-28,89.66999816894531,89.80999755859375,89.02999877929688,89.55000305175781,14552000.0,0.7041399031251208,0.750513032459815,0.5444346167081202,0.6662981676770587,0.5814806428135763,0.5889698828095788,0.14064558823641854,0.9334320195593931,0,0,-0.023009020291309426,0.025242959533615866,-0.007595222991704386
2013-03-01,89.06999969482422,89.68000030517578,88.91999816894531,89.43000030517578,11301600.0,0.7037968689831184,0.7506681182030195,0.53253046993383,0.6668667294193793,0.6112928533546382,0.5846191553281588,0.14447351342390496,0.9273039302602877,0,0,-0.01630373014760045,0.031937470830665955,-0.02881073973345938
2013-03-04,89.12999725341797,89.25,88.45999908447266,88.94999694824219,10994000.0,0.7031044468687382,0.7504991846129354,0.4852734083524707,0.6674006452576466,0.6105188548338196,0.514025674911519,0.13595740538579787,0.9213426315278634,0,0,-0.016996496006703426,0.03130943802083116,-0.028178425969663794
2013-03-05,89.4800033569336,90.1500015258789,89.29000091552734,89.61000061035156,13072600.0,0.7033966600608397,0.7508232039462241,0.5479210776965892,0.6680646749140657,0.6093018671502974,0.659982590612198,0.1445997063143093,0.9284310137190122,0,0,-0.021023078254517984,0.027543530436181806,-0.038223739657431165
2013-03-06,89.5999984741211,89.94999694824219,89.05000305175781,89.55999755859375,13234400.0,0.7032823153468388,0.751008753262256,0.5426324722997788,0.6687335442473672,0.6168012344952623,0.6353737159190265,0.14647199309889852,0.9212548983884323,0,0,-0.02220731894002075,0.026001582582129014,-0.03325516914676619
2013-03-07,89.62999725341797,89.76000213623047,88.68000030517578,88.70999908447266,12905300.0,0.7025962470628346,0.751418623330121,0.4573827157764637,0.669346545153251,0.5751891921713048,0.5520902636536567,0.13903219694732744,0.9142572316127769,0,0,-0.02255467505729713,0.025681142412415297,-0.02434122783165037
2013-03-08,89.01000213623047,89.2300033569336,88.3499984741211,88.97000122070312,11896300.0,0.7030536259188376,0.7519863512460281,0.48455124868452537,0.6699215340764817,0.5904955040528146,0.5050643552025065,0.12434011603118572,0.920707786289013,0,0,-0.01578177815722642,0.03291622363973639,-0.010370936848548304
2013-03-11,89.01000213623047,89.55000305175781,88.54000091552734,89.16000366210938,12454800.0,0.7034030138912155,0.7525651570168619,0.5045958684914406,0.6705308594044985,0.5858974626704989,0.5516818014880132,0.11739323908678395,0.9274611775435697,0,0,-0.015735658161968518,0.03282003067193209,0.0032595359283850516
2013-03-12,89.44999694824219,89.91000366210938,89.01000213623047,89.16000366210938,11470000.0,0.7039620346470201,0.7532021199413976,0.5045958684914406,0.6710911935848443,0.5679442556613922,0.6058506324185937,0.11810589476095823,0.9336805787133811,0,0,-0.020637015055132556,0.027815200258762766,-0.00022427817681779986
2013-03-13,89.0199966430664,89.5,88.83000183105469,89.26000213623047,10539900.0,0.7044702344529239,0.7543541914991596,0.5162973154649063,0.6716090657995024,0.5633180730339072,0.5605419240251037,0.11403873998703226,0.939395649889466,0,0,-0.015814221341424805,0.030282688052245436,-0.010654967577641665
2013-03-14,89.41000366210938,89.91000366210938,89.41000366210938,89.83000183105469,13775500.0,0.7052071236868291,0.7552625544743032,0.5804334509799739,0.672312169927094,0.5709461054972159,0.6757334564588798,0.11853239520134878,0.9468651669613698,0,0,-0.020165841459544337,0.02016575598571117,-0.015796590055615258
2013-03-15,89.19999694824219,89.61000061035156,88.79000091552734,89.37000274658203,29240100.0,0.7057470877980592,0.755445335911267,0.5218543589448259,0.6737541304218744,0.5892571575847897,0.5536550635437655,0.10676943249253845,0.9310102487272459,0,0,-0.017700059061347532,0.014471813706547147,-0.011020793093508365
2013-03-18,88.73999786376953,89.38999938964844,88.55000305175781,88.7699966430664,11553700.0,0.7060075366848344,0.7555062609440368,0.45285111863377725,0.6742984995059147,0.5661571851892316,0.4431373137210137,0.09019062229935648,0.9247454627380873,0,0,-0.012644032882288186,0.016224734620948193,0.0027973592068571496
2013-03-19,88.88999938964844,89.08999633789062,88.0199966430664,88.58000183105469,11987900.0,0.7055374550146325,0.7554010244915601,0.43220291854621273,0.6748546479815754,0.5471429457573285,0.36048441967430767,0.08539189776821643,0.9182452396096147,0,0,-0.01441927258872835,0.014644622067351832,-0.015545762144914498
2013-03-20,88.94999694824219,89.20999908447266,88.30000305175781,88.62999725341797,11319000.0,0.70532146840083,0.755594881670566,0.439032502798532,0.6753809844362908,0.5646162892700152,0.41269350862912424,0.07792067692618385,0.9243827637457172,0,0,-0.015127526644742565,0.013998707016613798,-0.003612550103967509
2013-03-21,88.12000274658203,88.63999938964844,87.9000015258789,88.16999816894531,13447500.0,0.7050546656836791,0.755509028823105,0.3872498146062481,0.6759840013439029,0.5639753005801273,0.3048354629364043,0.07956564833516364,0.9170910987735255,0,0,-0.005754283561266846,0.023355520241137954,0.02143736833311368
2013-03-22,88.4000015258789,89.29000091552734,88.31999969482422,89.29000091552734,10786600.0,0.7051118404639556,0.7558275102853729,0.5300581194793575,0.6765086915881393,0.5687760748720234,0.48723505642221,0.06494471526763068,0.9229399385868025,0,0,-0.007939260430690017,0.020301700722477643,0.024724967114081137
2013-03-25,89.5,89.9000015258789,88.66000366210938,89.0199966430664,12900800.0,0.7059503667511102,0.7558053545755192,0.4982467065893431,0.6771233169163984,0.5886314601134368,0.5377087715332183,0.06321063719438363,0.9159447118551981,0,0,-0.02015906633779411,0.007727656337007001,0.018479129902125184
2013-03-26,89.41000366210938,90.3000030517578,89.36000061035156,90.12999725341795,12329600.0,0.7069794643305642,0.7559493624637972,0.6124701121235696,0.6777570060752605,0.5974834380320079,0.7139435450717737,0.06921456374734153,0.9226302156619379,0,0,-0.019209242623582784,0.009997746834533762,0.02572448182979335
2013-03-27,89.55999755859375,90.73999786376952,89.47000122070312,90.58000183105467,12350800.0,0.7076464759699941,0.7562263024983109,0.6516318699684123,0.6784099862087962,0.5975813962667172,0.7479632137009874,0.08255737911238831,0.9293272147873177,0,0,-0.020636865272743884,0.013092203940248301,0.016309788810599114
2013-03-28,90.63999938964844,90.9800033569336,89.98999786376953,90.11000061035156,17485200.0,0.7080022129261951,0.7563869282254212,0.5927209341428037,0.6793044965935775,0.5612592741319032,0.7297494859704945,0.09898806361854054,0.9198461796230295,0,0,-0.03245752243292947,0.003753631711327571,-0.005519982224471304
2013-04-01,90.12999725341795,90.98999786376952,89.9800033569336,90.7699966430664,9414200.0,0.7088534420275485,0.7567469490025585,0.650813837376413,0.6798066973987127,0.5641626150064215,0.7230952117244909,0.11395134155553382,0.9249508602239744,0,0,-0.026967043488141048,0.009543897508893905,-0.00033291287419450556
2013-04-02,90.58999633789062,90.91999816894533,90.27999877929688,90.58000183105467,9991800.0,0.7098888982839309,0.7568521875679197,0.6265128736657443,0.6803325685863002,0.5576026592669738,0.6901377071437047,0.12784581392559902,0.9195329864132925,0,0,-0.03183870768457491,0.004406759289105324,0.005728812291419852
2013-04-03,90.6500015258789,90.83000183105467,89.86000061035156,89.93000030517578,12197100.0,0.7100921772369819,0.7566112489772543,0.5477054220272363,0.6809464315796254,0.5433674931765388,0.6201480654808419,0.12766522047184364,0.9129193283480522,0,0,-0.032567945661327334,0.003753547483083022,0.006513538595318674
2013-04-04,90.0999984741211,90.33000183105467,89.22000122070312,89.7699966430664,11582000.0,0.7102255785955573,0.7562927675149866,0.5292434657768269,0.6815221510529619,0.539616349696693,0.5540940157145116,0.11023876561076612,0.9066391971929734,0,0,-0.026687440428494892,0.009896579413190559,0.006671838897865276
2013-04-05,88.61000061035156,89.20999908447266,88.4000015258789,89.01000213623047,12771600.0,0.7104161547344094,0.75582474029342,0.44731914590608746,0.6821228008088984,0.5770542725943569,0.4288694580055267,0.1096130460466799,0.8997140268372312,0,0,-0.010137057994194112,0.02651216823457216,0.03508969192015914
2013-04-08,89.11000061035156,89.11000061035156,88.1500015258789,88.5999984741211,11013900.0,0.7101811114760321,0.755063155198507,0.4075581483215971,0.6826245782329008,0.565904877656539,0.39673491651675097,0.11383674457557832,0.8937419376877818,0,0,-0.015840957513419154,0.021121190970657486,0.038310256722562705
2013-04-09,88.69000244140625,89.33999633789062,88.58999633789062,88.7699966430664,10753400.0,0.7099333605569034,0.7542434108370075,0.4287330507413696,0.6831201119303674,0.5489892738716683,0.4374126003155963,0.11156474165037317,0.8995727753982831,0,0,-0.010496617620681136,0.02595931672656931,0.04638826953876332
2013-04-10,88.44999694824219,89.16000366210938,88.19999694824219,88.68000030517578,14823700.0,0.7096284397040507,0.7535704464686235,0.4192975340892333,0.6837976071556615,0.5643365542855712,0.41611451580163694,0.11727343630493586,0.8915348907321163,0,0,-0.006195735531845826,0.028613281644476917,0.04213141415564276
2013-04-11,88.94999694824219,89.2699966430664,88.2300033569336,89.22000122070312,14979900.0,0.7096030292291002,0.7528670185274124,0.4884326573993111,0.6845086777127096,0.585512427099673,0.4486049782078867,0.11942155852545833,0.8996574720384508,0,0,-0.011840273102727974,0.02300406978469829,0.03202530398637583
2013-04-12,88.87999725341797,89.19000244140625,88.41000366210938,88.98999786376953,11505100.0,0.709069418948246,0.7524017591849139,0.46158957047992155,0.6850449066047548,0.5779611825723746,0.4480132760979948,0.1214162434445149,0.8934190385250422,0,0,-0.010984036248944352,0.02364941248019095,0.029701877265430755
2013-04-15,88.29000091552734,88.66999816894531,86.2699966430664,86.48999786376953,19626200.0,0.7072399035242343,0.7514380069351365,0.2532101076643075,0.6857905481674647,0.521458059249817,0.26694780066864565,0.1570226383556732,0.8827770846245233,1,0,-0.022699228238585466,0.030340454130311,0.04596018020083322
2013-04-16,87.19000244140625,87.2300033569336,86.08999633789062,86.61000061035156,14578800.0,0.7058677718027779,0.750488102532239,0.268357033961129,0.6863492681630139,0.5299340832386552,0.25318450457049585,0.19208399275791993,0.8906821766711185,0,0,-0.012718304204935298,0.04393566326997306,0.05653832246996544
2013-04-17,86.20999908447266,86.37999725341797,85.0199966430664,86.08000183105469,17341200.0,0.7042796534675193,0.7496378967107971,0.23495037314076564,0.6869812992763022,0.5482595537049418,0.22166325981760815,0.23513256623924556,0.88127922291646,0,0,-0.013739781007044835,0.055189917395353984,0.06789051162661228
2013-04-18,86.27999877929688,87.08000183105469,85.77999877929688,86.62000274658203,14730400.0,0.7030028098154892,0.7487738451553603,0.304544076776747,0.6875442200305026,0.5631430901264554,0.31588034156789035,0.2563941258555829,0.8892665173359708,0,0,-0.014637570973841494,0.054716530951250945,0.04867567788427535
2013-04-19,87.2699966430664,87.48999786376953,86.43000030517578,87.44999694824219,18393300.0,0.7025454309594863,0.748125804375898,0.40026148394933936,0.6882976272535566,0.6045681671543932,0.3802631364091563,0.2661237366776553,0.8992399533897364,0,0,-0.025975524459202162,0.04294621453183802,0.04837222706705103
2013-04-22,87.61000061035156,88.31999969482422,87.29000091552734,88.08999633789062,11262000.0,0.7017831312506304,0.7480814929561912,0.4656444293745483,0.6887826016596317,0.5954273769651648,0.44566165849051226,0.2569379111907368,0.9053465703011937,0,0,-0.02961697035642055,0.03865062745992349,0.03636364112234199
2013-04-23,88.38999938964844,89.48999786376953,87.94000244140625,89.30000305175781,15567700.0,0.7019610045752835,0.7482725822561289,0.5708188901031711,0.6895158504101659,0.6298712790217107,0.5201102178991854,0.230724639115501,0.9137878755837806,0,0,-0.03825636152436158,0.02951525238062393,0.014303578029421454
2013-04-24,89.44999694824219,89.88999938964844,89.3499984741211,89.43000030517578,13028800.0,0.7015163333800323,0.7485910637183963,0.5811065760650398,0.6901342228047294,0.5956746304229271,0.5696918120171333,0.212619241110235,0.9208525080128336,0,0,-0.049608064432071476,0.017245250424400917,0.00873467393096637
2013-04-25,88.88999938964844,88.9000015258789,87.6500015258789,88.06999969482422,16328700.0,0.6999218612143976,0.7484830572739669,0.46010179604604495,0.6908326480551179,0.5663821052670556,0.47615931051610794,0.20501123302912116,0.9119985641696341,0,0,-0.043274099668744535,0.023482035859945554,0.028625713405545004
2013-04-26,87.80999755859375,88.27999877929688,87.5999984741211,88.0,10791800.0,0.698581488951715,0.748297507957935,0.45446832069458587,0.691290949422172,0.5967906588534265,0.46527371710619875,0.19858201072194187,0.9061469047498982,0,0,-0.03167935648001721,0.036107645238957035,0.037583799244441475
2013-04-29,88.26000213623047,88.83000183105469,88.01000213623047,88.20999908447266,11093000.0,0.696955257327307,0.7482116572233588,0.4745177974299155,0.6917693160850864,0.5747234366913082,0.5046083412676186,0.18328311394099456,0.9121618844514429,0,0,-0.03681824424050071,0.03102267872203464,0.02499996532093395
2013-04-30,88.26000213623047,88.98999786376953,87.76000213623047,88.98999786376953,14572600.0,0.6959452115458751,0.748386128684464,0.5451260671488118,0.6924352073443836,0.6052247469405242,0.5354175574805946,0.17268208248831968,0.9200636146595678,0,0,-0.036730592073369504,0.030948823896083697,0.01677809480670975
2013-05-01,88.5199966430664,88.83999633789062,87.4800033569336,87.51000213623047,11616500.0,0.6944079141605173,0.7478848678981174,0.4216651429667799,0.6929071291377187,0.6038853896075672,0.48470752118650257,0.16689637696172682,0.9137647765000985,0,0,-0.03933026277130583,0.027755942015914147,0.03157664069494605
2013-05-02,87.9800033569336,88.83999633789062,87.73999786376953,88.62999725341797,11330100.0,0.6936837325873635,0.7477907071876826,0.5146717280035228,0.6934096313180107,0.618152638256568,0.5403573336153245,0.1615239361156049,0.9199083194115265,0,0,-0.03382478164335114,0.03439600540918899,0.0297108720220753
2013-05-03,89.0,90.19000244140624,88.91999816894531,90.0199966430664,13036600.0,0.6943253289052902,0.7481867315215527,0.6094643969999508,0.6940481145824058,0.624337735660184,0.6702283576426846,0.14806812431279998,0.9269771812502677,0,0,-0.044905827375280746,0.0224528706469386,0.02832000692783149
2013-05-06,90.25,90.87999725341795,89.93000030517578,90.58000183105467,10613400.0,0.6955831207592982,0.7485689101214279,0.6430286659979546,0.6945872331133773,0.6335676379406928,0.7188713430145256,0.145438448472888,0.9327321064791846,0,0,-0.058098239857426424,0.008220372043598757,0.01866252352615678
2013-05-07,90.62000274658205,91.1500015258789,90.13999938964844,91.1500015258789,11088900.0,0.697095012516258,0.7495243545082313,0.6757751010949007,0.6951710814685312,0.6670467800590331,0.721979901351677,0.14666726636657185,0.9387448630294828,0,0,-0.06182386829667428,0.005851167681420323,0.004195156168430053
2013-05-08,91.0500030517578,91.8499984741211,91.02999877929688,91.6999969482422,13638300.0,0.6990134573327678,0.7504077917815686,0.706038600949274,0.6959133687748502,0.6844051203822799,0.7366416861045115,0.15682722630977414,0.9461399858694338,0,0,-0.0661547592731458,0.008776691266825315,-0.021941853719356818
2013-05-09,91.13999938964844,91.55999755859376,90.69000244140624,91.02999877929688,13771900.0,0.7001632534565982,0.7508232018333392,0.6429626548806155,0.6966306906712041,0.6511935194796197,0.6774760980814951,0.1594905240958694,0.9386724208327708,0,0,-0.06673939967562176,0.007742629314081632,-0.018102465517548353
2013-05-10,90.87000274658205,90.9499969482422,89.79000091552734,90.13999938964844,10975400.0,0.7008937888601277,0.7509865954395176,0.5664780315364504,0.6971686942015141,0.6312087378361637,0.6112106335921355,0.1455769185037919,0.932721207615757,0,0,-0.06426459608880185,0.01076563485313295,-0.026255074389740778
2013-05-13,89.80000305175781,90.13999938964844,89.43000030517578,90.0999984741211,9810100.0,0.7031870321239653,0.7511721447555495,0.5631225583070845,0.6976476733275878,0.6808489484362715,0.576911294305098,0.1266756731656588,0.9274018573615316,0,0,-0.053028693599484714,0.0227423500803651,-0.007654786399804314
2013-05-14,90.1500015258789,91.19000244140624,90.0199966430664,91.11000061035156,9890300.0,0.7060456451274313,0.751770336244284,0.6314230890654742,0.6981635497038217,0.7005514292692732,0.6197383732298326,0.12454156607306538,0.9327646946230648,0,0,-0.056936792116438956,0.0188678909770511,-0.003884555827396843
2013-05-15,90.63999938964844,91.31999969482422,90.41000366210938,91.23999786376952,10399400.0,0.7093235188511977,0.7522217477399029,0.6397730022101268,0.698709874069785,0.6983037057931272,0.6221987112730938,0.1243264658280126,0.9384035822015596,0,0,-0.061683708801814105,0.01328063962646029,-0.006585429372205759
2013-05-16,90.8000030517578,91.29000091552734,90.5,90.6999969482422,10469600.0,0.7119153242909602,0.7525374592102181,0.588460963381194,0.6992402586198811,0.6792878265586728,0.6033882988384803,0.12412672988617796,0.9327266299358703,0,0,-0.0633494798774713,0.01150806057592246,-0.0049320976345111995
2013-05-17,91.06999969482422,91.87999725341795,90.52999877929688,91.76000213623048,12721300.0,0.714653243596602,0.7533821271606389,0.6591200462964618,0.6999290256111803,0.6661510613095802,0.6334097411179955,0.13235366435388823,0.9396245260214432,0,0,-0.06670345375215653,0.008930513625661525,-0.00848948918383997
2013-05-20,91.61000061035156,92.69000244140624,91.45999908447266,92.5199966430664,12417700.0,0.7174673894805426,0.754365263015432,0.703612302770667,0.7006319696588261,0.6716760409906495,0.6769344666897956,0.15022332832263552,0.94635780046838,0,0,-0.07181782709095166,0.011769854031294161,-0.010571067983008798
2013-05-21,92.66999816894533,93.43000030517578,92.37999725341795,92.8000030517578,12519900.0,0.7196907551499048,0.7553733245720313,0.719344827573463,0.7013513995968359,0.6430652177985634,0.696506707063014,0.17496713459029883,0.9531464910268737,0,0,-0.08268484439522754,0.00821446350849398,-0.021400732807824577
2013-05-22,92.83000183105467,93.5,91.80999755859376,92.19000244140624,19253300.0,0.7214440391490653,0.7562124525385465,0.6565155433113616,0.7024164538720172,0.6402019821863633,0.6535132774035595,0.1857396053604658,0.942706735443375,0,0,-0.08415953589605331,0.007219807617588604,-0.013577608780117253
2013-05-23,91.55999755859376,92.36000061035156,91.36000061035156,91.79000091552734,15357300.0,0.7238071600073785,0.7569131104878049,0.6170316931302021,0.7032437683105761,0.6466363242806127,0.6034454515999348,0.18667911606609477,0.9343795157759693,0,0,-0.07094045712477366,0.021043523050552633,0.007484569076183558
2013-05-24,91.37999725341795,91.7699966430664,91.0,91.52999877929688,12771900.0,0.7260495823213156,0.7573839077013245,0.5914678342915562,0.7039196004421053,0.6524683575022348,0.5697819391476164,0.18054740026417287,0.9274541827506237,0,0,-0.06928859948704587,0.02309622753499093,0.021353078384609907
2013-05-28,92.94000244140624,93.18000030517578,91.76000213623048,92.37999725341795,15197800.0,0.7286985625413545,0.7582174956839338,0.6524353134256003,0.7047655613489119,0.6600054668524431,0.639388079389011,0.1926901034191172,0.9356949164122244,0,0,-0.08652907138606071,0.0061181860161941765,-0.0013110755837698143
2013-05-29,91.76000213623048,92.41999816894533,91.58999633789062,92.08000183105467,11563200.0,0.7306614793239414,0.7591341686349362,0.6214207472951621,0.7053966528280751,0.6349518109183694,0.5986217683006795,0.20060920870124316,0.9294249792189582,0,0,-0.0729595766784319,0.01883522315979652,0.01634547035862848
2013-05-30,91.97000122070312,92.68000030517578,91.5999984741211,92.08999633789062,9734700.0,0.7335709084307553,0.7601062266348024,0.6221826153501645,0.7059276175264011,0.6554290988565235,0.5988728890218089,0.2110792434594856,0.9347034451795304,0,0,-0.06722417808769662,0.016615972511643363,0.015529976941133193
2013-05-31,91.9499969482422,92.37000274658205,90.45999908447266,90.47000122070312,17917400.0,0.7347397660457131,0.7606157973970078,0.4693741672767412,0.7068067849336175,0.6057867554440561,0.4817763449548385,0.199092888948315,0.9249880573399508,0,0,-0.059941327642286005,0.016831394433664954,0.014116658740955006
2013-06-03,90.52999877929688,91.51000213623048,90.4800033569336,91.45999908447266,14177500.0,0.7356545237577192,0.7615269303641043,0.5495148141188105,0.7075477995298916,0.6123189015793516,0.4761561706938402,0.18796270261651377,0.9326755516804042,0,0,-0.0358129525815469,0.032828575004191236,0.030617931193605827
2013-06-04,91.18000030517578,91.48999786376952,90.22000122070312,90.79000091552734,12481300.0,0.7357879251162946,0.7619423404158752,0.4941815602189502,0.708171381644815,0.6019065160836152,0.4310117259616047,0.17285109414982586,0.9259077912775475,0,0,-0.04045481068532334,0.025366277258339592,0.024928917582768214
2013-06-05,90.68000030517578,91.12000274658205,89.61000061035156,89.6500015258789,12888000.0,0.7348350541151394,0.7621168139898651,0.4112494056949746,0.7087655818779219,0.5551538238880818,0.35018309762255384,0.153922374564524,0.918919505115688,0,0,-0.03524613851716471,0.03106068582869602,0.040753352912560464
2013-06-06,89.44999694824219,90.2300033569336,89.0,90.2300033569336,15393300.0,0.7339012446051112,0.7621445096836243,0.45983016583959035,0.7095037332658118,0.5686908139400686,0.33795305259393515,0.14606688976292542,0.9272662451355012,0,0,-0.021974272814038086,0.04517571648438527,0.06380369351195124
2013-06-07,90.88999938964844,91.5,90.48999786376952,91.4499969482422,12504700.0,0.7341680473222623,0.762385446161405,0.550723862298993,0.7101529496602725,0.5973401395031375,0.49032565536267375,0.13436647726491002,0.9340466937674227,0,0,-0.03779226317021751,0.028926083489400654,0.043666211845524355
2013-06-10,91.93000030517578,91.94000244140624,90.87000274658205,91.12000274658205,10372300.0,0.7347905918421667,0.7626651561878715,0.5248793446717348,0.7106794128713179,0.5949856343743941,0.5030805149324409,0.1297263555674249,0.9284225006764345,0,0,-0.04866043845535331,0.017167848520681622,0.03575720888123304
2013-06-11,90.37999725341795,91.04000091552734,90.2300033569336,90.45999908447266,10739400.0,0.7350192812701684,0.7625793054532954,0.47477131251492133,0.711200390214437,0.568200797544069,0.4037219739902382,0.11465898175618211,0.9225992542140917,0,0,-0.031826095358553325,0.03424059100677626,0.05059263028308552
2013-06-12,91.12999725341795,91.31999969482422,89.58999633789062,89.73999786376953,10864500.0,0.7341489906776875,0.7623466747256038,0.42398621681762294,0.7117009109006553,0.533040611325603,0.3662527853395323,0.10316065379041264,0.916708174527133,0,0,-0.040349258605186934,0.02619945578784395,0.042449745811950844
2013-06-13,89.62999725341797,91.70999908447266,89.61000061035156,91.33000183105467,13501300.0,0.7342061654579644,0.7627343911965001,0.5422378004565556,0.7123929758422993,0.5331294494958313,0.45023905142364873,0.08641171820566199,0.9240290115815336,0,0,-0.021060836133711135,0.043124613758704536,0.057499485011606045
2013-06-14,91.16000366210938,91.3000030517578,90.29000091552734,90.58000183105467,12158400.0,0.7341299388796652,0.7629587140612177,0.48900076440770757,0.7129851730800731,0.5331139599828764,0.43167198121712247,0.07085913516267928,0.9174363378951313,0,0,-0.024526502225497602,0.025621332431583977,0.03142445045053775
2013-06-17,90.97000122070312,91.7699966430664,90.7699966430664,91.51000213623048,12026400.0,0.7339711270461395,0.7636510641475025,0.5514883073067656,0.713607036542649,0.5237068114779198,0.5087682032663688,0.06422966128552252,0.9239574369560397,0,0,-0.021748743440936042,0.027931096579305696,0.03135345860543986
2013-06-18,91.36000061035156,92.05999755859376,91.26000213623048,91.93000030517578,10678200.0,0.7335963334453637,0.7645732749695255,0.5781356176185375,0.7141732584128637,0.5201398203779312,0.5630406120356488,0.06273874856620462,0.9297474988192899,0,0,-0.025789537266519145,0.023385415142517768,0.026117356943019816
2013-06-19,91.79000091552734,92.2699966430664,91.0,91.0,14189500.0,0.7324528863053563,0.7651908521761606,0.5090332846063398,0.7148811119194947,0.4966860207585414,0.5334502687993117,0.05624909914235454,0.9220534976947007,0,0,-0.030349188581154207,0.018601099519156436,0.010225197849295847
2013-06-20,90.23999786376952,90.5199966430664,88.79000091552734,89.05000305175781,21077700.0,0.7304582100639956,0.7652933207495691,0.39020607674050756,0.7157951865022958,0.48836227455661707,0.28153215846845736,0.06873783352174404,0.9106244940297545,1,0,-0.01593403239826564,0.035824199299236074,0.018791198730469062
2013-06-21,89.76000213623047,90.13999938964844,88.8499984741211,89.4800033569336,25493800.0,0.7289907902731134,0.7653653257501505,0.4212659148377045,0.7169338569480632,0.49148789234528684,0.3194989693754088,0.08033451544546286,0.9244480484798797,0,0,-0.010892770212925642,0.041998851606953484,0.020550186849477407
2013-06-24,88.94999694824219,89.5,88.0199966430664,88.4800033569336,17653000.0,0.7270532888120291,0.7652240878538255,0.3667228266975052,0.717662419144133,0.4684275146254123,0.26799134415991094,0.10085724498254744,0.9148760267840925,1,0,-0.010393387017052651,0.05084938400826785,0.02816276461690218
2013-06-25,89.58000183105469,89.62000274658203,88.4800033569336,89.11000061035156,15790100.0,0.7249760321619938,0.7659496715048904,0.41356887276117305,0.7183454839651904,0.47563009906960774,0.3379308474719832,0.11746911715335517,0.9234379244659964,0,0,-0.01763116103980159,0.044303775092907796,0.0198914380657968
2013-06-26,89.41999816894531,89.97000122070312,88.7300033569336,89.80000305175781,14446000.0,0.7235276690156864,0.7668331108911122,0.46256324878651733,0.7190019964255243,0.4924797542266781,0.39787822435853176,0.12568160438343923,0.9312710081014886,0,0,-0.01571093610469882,0.04578612729333468,0.026484127417651597
2013-06-27,90.23999786376952,90.66999816894533,90.02999877929688,90.04000091552734,12348000.0,0.7222254148887057,0.7679297931742406,0.4794033795061088,0.7195720124287415,0.4702803724216658,0.4847958040219711,0.11982638829138309,0.9379664889772366,0,0,-0.024721616316912307,0.036302917877981844,0.00534524878197331
2013-06-28,89.8499984741211,90.75,89.55999755859375,90.3499984741211,22984200.0,0.7221491834638543,0.7689627783197617,0.5016090179567475,0.7206541951564751,0.5209835192445614,0.4861447907077444,0.12116861942654772,0.9504292579717595,0,0,-0.020324320440328926,0.04053755540610469,0.00044425716482245856
2013-07-01,90.38999938964844,91.12999725341795,89.95999908447266,90.3000030517578,13182200.0,0.7214122990765015,0.7697520591084337,0.4978858876329436,0.7212714319644848,0.48421089063981887,0.5191091525595296,0.11519092723829327,0.9432814471521704,0,0,-0.026231353476567795,0.03442170075124416,-0.010957364476913587
2013-07-02,90.37000274658205,91.0999984741211,90.12000274658205,90.63999938964844,12320700.0,0.7213170110070757,0.7704582570415976,0.5242644285539256,0.7218611762344875,0.488289024747514,0.5401229789259179,0.10964021306348556,0.9499621250940096,0,0,-0.026024429945685296,0.03466220540019157,-0.015725423591912223
2013-07-03,90.62999725341795,90.87000274658205,90.13999938964844,90.69000244140624,5674000.0,0.7219776688161297,0.7708432035205413,0.5282647496497084,0.7221334173720746,0.5185576465939843,0.5308506391226558,0.10448597847259267,0.9530387495262248,0,0,-0.028795240820021717,0.03166375514020375,-0.02725059143800773
2013-07-05,91.0999984741211,91.61000061035156,90.56999969482422,91.56999969482422,8917900.0,0.7228288979174828,0.7714358550253697,0.5961624099001135,0.7225865588338451,0.504184247275692,0.6070383639022414,0.09023473359250903,0.9578743203799529,0,0,-0.03396186732980453,0.022935293583199016,-0.03517471304593621
2013-07-08,91.95999908447266,92.52999877929688,91.9000015258789,92.25,12086700.0,0.7233370977233868,0.772593464454153,0.6431773449077486,0.7232267872917189,0.48426700970593095,0.7079645536389131,0.09243584978618913,0.9644281160311436,0,0,-0.0430272191169282,0.013323154141848084,-0.05503987039777415
2013-07-09,92.63999938964844,93.44000244140624,92.25,93.33999633789062,12940000.0,0.7247473427339923,0.7740723232242719,0.7094249004118816,0.7239572068970959,0.5169631000537228,0.7612244523003137,0.10709421736122102,0.9714445982575917,0,0,-0.05008133058625508,0.008672119802252557,-0.0629810033451897
2013-07-10,93.27999877929688,93.38999938964844,92.37999725341795,92.81999969482422,12430000.0,0.7262465268302007,0.7753490169524111,0.6575745487574753,0.7246367809120868,0.5230660032634523,0.7038329712743225,0.12070555868089344,0.9647046543569155,0,0,-0.05635314273196744,0.0017142025753905947,-0.07349475979748674
2013-07-11,93.8000030517578,93.80999755859376,93.04000091552734,93.2699966430664,16184700.0,0.7284889491441378,0.7765343199620687,0.6852913931621255,0.725543894789181,0.5280122336286718,0.7088484870747296,0.13892748435832275,0.9734805167904854,0,0,-0.06227113152009301,0.00010767622138360371,-0.07347554101753027
2013-07-12,93.25,93.4499969482422,92.72000122070312,93.4000015258789,11370300.0,0.7298039109318699,0.7781654965963238,0.6933588365499246,0.7261849857918805,0.5304161159222415,0.6655410567381714,0.14831754919602774,0.9796458574287684,0,0,-0.05607380234984051,0.006004048233611616,-0.061434583072428536
2013-07-15,93.19000244140624,93.5,93.08999633789062,93.25,8256200.0,0.7315000201507538,0.7794449603164162,0.6765079241668903,0.7266459530520541,0.537168067332647,0.6502098730409192,0.15778092198096677,0.9751690814969292,0,0,-0.05535338023423206,0.006638063244739269,-0.06531055678650546
2013-07-16,93.19000244140624,93.47000122070312,92.7699966430664,93.3000030517578,11413500.0,0.7326371134603853,0.7803533254044446,0.6800744001147001,0.7272843465775041,0.5373629368135994,0.6288360666033515,0.15869975856510976,0.981357846558101,0,0,-0.055442421429917746,0.006648741203083414,-0.06831102141106721
2013-07-17,93.55999755859376,93.73999786376952,93.13999938964844,93.45999908447266,9393300.0,0.7336090411061151,0.7811509119432059,0.6920086401237714,0.7278140049688138,0.5241532426729445,0.6319561515784279,0.1640931996233036,0.9864511945100094,0,0,-0.059378357281018146,0.0026795283153561475,-0.05058950767755857
2013-07-18,93.8000030517578,94.83999633789062,93.70999908447266,94.37999725341795,10555400.0,0.7357561753506261,0.7820454270714698,0.7554507456396955,0.7284400247126839,0.5565695643440005,0.656970616813508,0.18500986844063932,0.9921746702822698,0,0,-0.061844708595248384,0.011127683461593464,-0.06986953212774298
2013-07-19,94.69000244140624,95.25,94.41000366210938,95.16999816894533,14431700.0,0.7396438859335459,0.7830064093292943,0.8017519147946782,0.7293316911822214,0.6096059530963809,0.6678411261309221,0.20944110665101467,1.0,0,0,-0.07067181598268457,0.005933434783751109,-0.07978384189902234
2013-07-22,94.87000274658205,95.1999969482422,94.77999877929688,94.83000183105467,9530400.0,0.743042458201689,0.7840587823056004,0.7563924514361711,0.7299092359614101,0.5962220408956164,0.6519045148221951,0.2321272564177918,0.9948323120393401,0,0,-0.07197652868875275,0.003992826108322344,-0.08111801375680001
2013-07-23,94.86000061035156,95.48999786376952,94.83999633789062,95.1999969482422,7377400.0,0.7473113162157605,0.7854600982041171,0.7791681523683995,0.7303647221877401,0.6112225567118096,0.653116073383251,0.2568619211987145,0.9988325744796336,0,0,-0.07212911352117268,0.006643438165701319,-0.07487080393365558
2013-07-24,95.30999755859376,95.30999755859376,94.41999816894533,94.98999786376952,8222800.0,0.7510465687955299,0.7868143348038588,0.7498807065504968,0.7308663683460277,0.6125225875633649,0.6313317753028548,0.26765756649664446,0.9943739090969723,0,0,-0.07657564232371504,0.001890759568759381,-0.0836134384416033
2013-07-25,94.69000244140624,95.30999755859376,94.41999816894533,94.97000122070312,10059800.0,0.7543307963496726,0.7878833235061127,0.7469751095147845,0.7314788014134339,0.596242698217647,0.625601784890144,0.2776820942732937,0.9889191635095208,0,0,-0.07021798029625875,0.008421891150167195,-0.07832406157200214
2013-07-26,94.7699966430664,94.86000061035156,93.83999633789062,94.79000091552734,9721000.0,0.757348221186664,0.7888664614737906,0.7196942472778588,0.7320642921834071,0.6370840291013824,0.5965111175982574,0.2706861444295012,0.9836481261275037,0,0,-0.07107507542632867,0.007581354232373676,-0.07086443762277163
2013-07-29,94.51000213623048,94.5199966430664,93.61000061035156,94.02999877929688,8844700.0,0.7596859315700271,0.7897886722958136,0.6130135926325357,0.7325747236285394,0.6206000743436992,0.5623197564355683,0.2581869428404484,0.9788522466570041,0,0,-0.06846719517333566,0.01033859814404225,-0.07057709016553443
2013-07-30,94.22000122070312,94.33000183105467,93.45999908447266,93.80999755859376,10470700.0,0.7619156462232124,0.7903563980988362,0.5845900509516122,0.733170895977898,0.6275737907702538,0.5408861970314445,0.24265203673894842,0.9731746979361023,0,0,-0.06593645281426729,0.013506292242407372,-0.05721583486819152
2013-07-31,93.93000030517578,94.5999984741211,93.37999725341795,93.75,14400800.0,0.7638912658199986,0.7906970352709572,0.5766115189674754,0.7339869035514979,0.6146881750600599,0.5344925497148082,0.23396215481839905,0.9653661231875218,0,0,-0.0629997208817534,0.01662933161915243,-0.06342604309872002
2013-08-01,92.69000244140624,93.0999984741211,91.25,92.7300033569336,23117700.0,0.7651871709631561,0.7906776495530567,0.4544618104987108,0.7352180891422546,0.6367555636701943,0.37908462046576574,0.23281038368086215,0.952830966219488,0,0,-0.04981339518229151,0.029866617838541668,-0.045760009765624846
2013-08-02,92.45999908447266,92.52999877929688,91.33999633789062,91.9499969482422,14408600.0,0.7654285632053563,0.7906111824234965,0.37912440990216967,0.735947643687417,0.6209626512413816,0.32809153215077747,0.23174088191029218,0.9450181620612191,0,0,-0.047880969272867634,0.032675495196887665,-0.040871355314622215
2013-08-05,91.41999816894533,91.76000213623048,91.01000213623048,91.58999633789062,12625900.0,0.7650092976385028,0.7905557931488629,0.347696209838973,0.7365713386132744,0.6321199106937423,0.2930009100170742,0.23585442542014579,0.938171994909526,0,0,-0.03697663554891415,0.044263184664542786,-0.026971134419232698
2013-08-06,91.33000183105467,91.91000366210938,91.27999877929688,91.47000122070312,11689200.0,0.7638213882255229,0.7905391774229151,0.3372173621695552,0.7371434655704108,0.6012038728723421,0.3248405945856039,0.23586590373238847,0.9318337364828337,0,0,-0.031116918747402984,0.045419764155988515,-0.019106890162370428
2013-08-07,91.18000030517578,91.5500030517578,91.12999725341795,91.33999633789062,8163800.0,0.7628812200385666,0.7902511595334747,0.3254782239410411,0.7375391865530312,0.604414603460223,0.3271950534602308,0.23839963093156163,0.9274070627888402,0,0,-0.02678470444458309,0.04711924675932135,-0.0207718541655476
2013-08-08,91.93000030517578,91.97000122070312,91.27999877929688,91.77999877929688,11529500.0,0.7619347028677872,0.7901680766779666,0.38982172220823863,0.7381137340007169,0.6278890510251038,0.37292463876153126,0.22967869963241255,0.933658726763325,0,0,-0.025947042277238208,0.03897523211435624,-0.03580027123024869
2013-08-09,91.1999969482422,91.36000061035156,90.43000030517578,90.72000122070312,9467800.0,0.7602322398185277,0.7897886701829289,0.29483991174060886,0.738552763900461,0.6010425859251713,0.33803128830732854,0.23601998756946768,0.9285249825265735,0,0,-0.017868810323174594,0.0467422202286521,-0.037589856113840234
2013-08-12,90.43000030517578,90.43000030517578,89.69000244140625,89.88999938964844,10133700.0,0.7580978083882157,0.7896280444558186,0.23537197487487724,0.7389951665495782,0.5953348075797015,0.32017470492558153,0.252262032805022,0.9230301659934856,0,0,-0.00815694283302828,0.05577598644739655,-0.033840384187777295
2013-08-13,89.8499984741211,89.91999816894531,89.13999938964844,89.4000015258789,10892700.0,0.7556203428159016,0.7890575486608433,0.20434241747500467,0.7394530289809595,0.5762662494657294,0.32628859642386454,0.27407497675299447,0.917123795363808,0,0,-0.007898532531911646,0.06274334662302729,-0.03014794863581604
2013-08-14,89.33999633789062,89.4800033569336,88.9000015258789,88.94999694824219,9797300.0,0.7527553759820602,0.788547977898638,0.17763262392139675,0.739850240442371,0.5587355408886114,0.33600747583805723,0.2971194086556708,0.9118113856793273,0,0,-0.004921642108522247,0.06879196220258041,-0.025391460898457625
2013-08-15,88.66000366210938,88.87000274658203,88.05999755859375,88.16000366210938,11273400.0,0.7488041416350404,0.7881353378388201,0.13552441408415292,0.7402782319822232,0.5377590949766201,0.3263923260294516,0.3273751214069592,0.905698587322941,0,0,-0.006745431412041012,0.0767846479593962,-0.019786421547092023
2013-08-16,88.01000213623047,88.48999786376953,87.6500015258789,87.91000366210938,11872500.0,0.744192249478967,0.7874928370432634,0.1231897620490994,0.7407188854415936,0.5052336385274812,0.3313093428621098,0.35929497536821325,0.8992609377685743,0,0,-0.004083491327102662,0.08484568304020959,-0.02234574794544637
2013-08-19,87.81999969482422,87.87000274658203,86.77999877929688,86.91999816894531,11745600.0,0.7391674407398632,0.7862382990249777,0.07916830511593467,0.741117055788004,0.5022886802237221,0.3172585511937867,0.3961288536417286,0.8928920974564439,0,0,-0.011830290890723747,0.08724829768436457,-0.020702987362161467
2013-08-20,87.12999725341797,87.87000274658203,86.83000183105469,86.83000183105469,16498800.0,0.7338504236552106,0.7850502260233674,0.0754759846301499,0.741670732994058,0.4675799615327664,0.33722039650512314,0.43033174060999296,0.8839459199481193,0,0,-0.004026673740153631,0.09618040481434802,-0.012080021220460892
2013-08-21,86.94999694824219,87.3499984741211,86.38999938964844,86.41999816894531,12766900.0,0.7284063541958057,0.7839313880303855,0.0586465429932633,0.7420817573976337,0.43892154893026725,0.34272852586317026,0.4655423376226869,0.8770232980828303,0,0,-0.006449355600421826,0.09835311223583326,-0.016699261979326564
2013-08-22,86.58000183105469,87.41999816894531,86.44999694824219,86.9800033569336,10199900.0,0.7233307293533535,0.7831670350564046,0.15074783368991027,0.7424279527787765,0.4360569977475915,0.36922696500511,0.49597157981626966,0.8825540103750673,0,0,-0.002198593444017529,0.10310109027422545,-0.0030085876155908032
2013-08-23,87.1500015258789,87.69000244140625,86.76000213623047,87.5199966430664,9206400.0,0.7187124785203516,0.7821118920881454,0.23202017774132253,0.7427559521417773,0.43094651064980205,0.39543576250364126,0.5153417380742771,0.8875460151640605,0,0,-0.008737665059768997,0.09588406548648161,-0.014371119243011118
2013-08-26,87.5,87.69999694824219,86.81999969482422,87.08999633789062,10654700.0,0.7143038604707765,0.7811453698464152,0.20479932675707166,0.7431205236534111,0.42404966251254683,0.40105561812503654,0.5329907406342707,0.8817686957530763,0,0,-0.012682822816807089,0.09129339774034953,-0.022737636427082573
2013-08-27,86.62000274658203,87.48999786376953,86.58000183105469,86.81999969482422,13960200.0,0.709863482962428,0.7798465204084226,0.18821696926601297,0.7435855383178231,0.41491642119313055,0.4005330511053728,0.5520158627114071,0.8741990284286821,1,0,-0.0026409848042848656,0.10184861051978686,-0.016764257042888954
2013-08-28,87.27999877929688,88.98999786376953,87.27999877929688,88.83999633789062,17738800.0,0.7067444162256344,0.7789907746030746,0.43781875265366355,0.7442894345730982,0.4556448150571986,0.4678920628929021,0.5259468170105632,0.8838175736310404,0,0,-0.010251087223874926,0.09456345442675787,-0.014282398849667973
2013-08-29,88.62999725341797,88.62999725341797,87.2300033569336,87.2699966430664,11407800.0,0.7032759615164632,0.777957787344669,0.32809224859650654,0.7446844069856273,0.40621733082428985,0.44375706256580716,0.5025632248941021,0.8776318992923331,0,0,-0.025213844620727014,0.07721747966153089,-0.01891040493502648
2013-08-30,87.38999938964844,87.55000305175781,86.79000091552734,87.16000366210938,12480400.0,0.7002331310510737,0.7774343708484688,0.3213027123103802,0.7451115813686822,0.404829241660279,0.42315696445437234,0.4880313227121747,0.8708646268982866,0,0,-0.011458691858210928,0.09281538656693215,0.002406314799478575
2013-09-03,87.69999694824219,88.0,86.83000183105469,87.1500015258789,10546700.0,0.69741263618331,0.7767891000609592,0.32064701891326164,0.745471775128856,0.3813876937427897,0.43705080909880073,0.463197510076455,0.8651458685445246,1,0,-0.015029801555219973,0.08937586723523552,-0.010440523112442705
2013-09-04,87.01000213623047,87.9800033569336,86.9000015258789,87.76000213623047,9822300.0,0.6950558691553723,0.776589702898048,0.3875332948580703,0.7458258760181748,0.402379856319832,0.4552913151914536,0.4401375412004295,0.8704718340292882,0,0,-0.007114202360603786,0.09523804104465379,0.003442288205516538
2013-09-05,88.05999755859375,88.30000305175781,87.33000183105469,87.3499984741211,11740100.0,0.692521233649334,0.7761022878456958,0.3567734564582322,0.7462333371643797,0.3797885388991301,0.4699591003459659,0.410556718350714,0.86410597599322,0,0,-0.01902914913735944,0.08261166617505078,-0.0066088672235881125
2013-09-06,87.48999786376953,87.7300033569336,86.80000305175781,87.25,12950600.0,0.6896435640012937,0.7753960899125318,0.34921234548467084,0.7466780921084282,0.3685535764074339,0.4439293595049493,0.39345103444842494,0.857083746107452,1,0,-0.012592999351304932,0.08437324413652415,0.0006869512196506655
2013-09-09,87.33999633789062,88.19000244140625,87.30999755859375,88.04000091552734,9297000.0,0.687941100952034,0.7748422098435042,0.43722971473945704,0.7470202588474328,0.3880034011744202,0.5163348412730228,0.36602092948766574,0.8621248771166705,0,0,-0.01088821717183023,0.0832091935384581,-0.0012606645381894699
2013-09-10,88.4000015258789,88.4000015258789,87.27999877929688,87.81999969482422,11823100.0,0.686626139164302,0.7741415518942458,0.4180311821159661,0.7474466514993536,0.3965009665645437,0.5333010936001092,0.3355228050566239,0.855714013823663,0,0,-0.022830555603458324,0.07042249981563452,-0.00477053798929753
2013-09-11,87.87999725341797,88.8499984741211,87.87999725341797,88.83999633789062,11201200.0,0.6862703973615483,0.7737372175845172,0.5205419730911925,0.747886266786113,0.42580615542578715,0.6616604946078579,0.3072201803615855,0.8617876630288321,0,0,-0.01696649816610448,0.07652016902818523,-0.0030744322933801927
2013-09-12,88.58999633789062,88.80000305175781,87.86000061035156,87.9800033569336,10917200.0,0.685654211518572,0.7730005581914106,0.44394633038451026,0.7482845145994932,0.4257629977363163,0.6288070198031191,0.28044947553681554,0.8558680077148771,0,0,-0.02476358666061628,0.05076544711998074,-0.0019135319220269663
2013-09-13,88.1500015258789,88.87999725341797,88.1500015258789,88.4000015258789,8254200.0,0.6858066695217222,0.772366365258828,0.48412223165418444,0.7485962628842775,0.43758276945024216,0.6751298428546587,0.2575080646131908,0.8603436991826937,0,0,-0.0200045700054155,0.04978400870989268,-0.0020459229177967023
2013-09-16,88.87999725341797,89.18000030517578,88.48999786376953,88.66999816894531,9421300.0,0.6862894540061228,0.7715632387361611,0.5095618498554827,0.7489597836449806,0.4376167219899817,0.7059157480084661,0.24335587563969446,0.865452229630919,0,0,-0.028167396162777098,0.03495479540665578,-0.007352872005257723
2013-09-17,88.70999908447266,89.3499984741211,88.6500015258789,88.94000244140625,8941200.0,0.6875726563350815,0.7706465678980434,0.5350440746845656,0.7493120571607359,0.45205891727505987,0.7040643069971326,0.23416289423650044,0.8703004344905108,0,0,-0.026164427007248397,0.03676555998139416,0.0024811235507634817
2013-09-18,88.91000366210938,89.87000274658203,88.37000274658203,89.58000183105469,15134700.0,0.6893195865038662,0.7696052748895486,0.592425063180946,0.7499381297430303,0.5038038188927026,0.7099167884682148,0.23683273292262602,0.8785069533121972,0,0,-0.028333755377633572,0.03440518860576464,-0.0011244220909653012
2013-09-19,89.63999938964844,89.73999786376953,88.9800033569336,89.27999877929688,11757500.0,0.6911363942671263,0.7686249069138236,0.5595302654267975,0.7504126556412083,0.5228582027635026,0.6877296048893011,0.23931186884545697,0.872131660439132,0,0,-0.03628041899496058,0.026010290058365974,-0.00022322664275135142
2013-09-20,89.52999877929688,89.75,88.58999633789062,88.66000366210938,20651100.0,0.6922036099822824,0.7673482152985691,0.4951915993364787,0.7512043039663054,0.484513302659057,0.6286317752293402,0.2287549614646442,0.8609339729502139,0,0,-0.035170244540556284,0.02049733261733698,0.003248218184279277
2013-09-23,88.29000091552734,88.91000366210938,87.63999938964844,87.75,12227700.0,0.6923497190016092,0.7657835036809895,0.4128766217865386,0.7516371690641148,0.452500606360947,0.5097722245006752,0.2121913258331059,0.8543037225854273,0,0,-0.021430199045783593,0.024137145288242404,0.04297312656464539
2013-09-24,87.58999633789062,88.06999969482422,87.27999877929688,87.36000061035156,12129200.0,0.6925212384958865,0.7641523270467339,0.3810358969610951,0.7520510915941823,0.44134946144549125,0.43451391613896934,0.20467037284645412,0.8477268820737556,0,0,-0.013675178897346867,0.026552727419426637,0.050142467531383385
2013-09-25,87.58999633789062,87.5999984741211,86.93000030517578,87.13999938964844,13577400.0,0.6927245174489376,0.7624463754199442,0.3632344651815158,0.7525043928721371,0.44442107860582913,0.3826351980891858,0.20483200152288017,0.8403647811632937,0,0,-0.013736228707168714,0.02609897427612015,0.0644460261387107
2013-09-26,87.4000015258789,87.44999694824219,86.80999755859375,87.06999969482422,9787100.0,0.6916001318000575,0.760676728768432,0.357378912208843,0.7528285792753349,0.411381391904722,0.3818088637639826,0.20738303588840268,0.8350579022453286,1,0,-0.011590568548368032,0.028345205852692974,0.05232955692601764
2013-09-27,86.8499984741211,87.01000213623047,86.61000061035156,86.9000015258789,10867100.0,0.6913650933882327,0.7586052184934844,0.342615407710269,0.7531823316473676,0.4427843426035818,0.3607065853947251,0.21378103795878428,0.8291654127551406,0,0,-0.005283095050935212,0.034684785609806985,0.06753192722432076
2013-09-30,86.05999755859375,86.69999694824219,85.61000061035156,86.04000091552734,17486100.0,0.6906536146292781,0.7560767567390121,0.27400412570469057,0.7537034884142408,0.4360380084351016,0.29168911281620125,0.2366975787321836,0.8196838895820422,0,0,-0.005178330728891621,0.043843557204698756,0.07940162721198663
2013-10-01,85.98999786376953,86.33999633789062,85.77999877929688,86.0,11885100.0,0.6899230792257485,0.7536313757271629,0.27101270864105986,0.7540556544130612,0.44051545962191524,0.3065257699954709,0.2579772237360544,0.813239407904333,0,0,-0.004416518472507268,0.04509536078017741,0.07763831048460948
2013-10-02,85.75,86.11000061035156,85.27999877929688,86.08000183105469,11841400.0,0.6888558635105924,0.7511056839646435,0.28338443325180207,0.7544090399335359,0.4508815914913644,0.3138001678275355,0.28500143911816217,0.8196601940431476,0,0,-0.0054651304732921515,0.04790700868118641,0.07953484113826308
2013-10-03,86.04000091552734,86.05000305175781,85.33999633789062,85.5,13923400.0,0.6876806569118115,0.7484775236287156,0.23748702407550906,0.7547986914813305,0.4581232241407097,0.3281482029195728,0.3100953534015479,0.81211048085677,0,0,-0.008829020911524729,0.044493514748892064,0.08341078244012635
2013-10-04,86.30999755859375,86.41999816894531,85.68000030517578,86.31999969482422,11325500.0,0.6870898766972331,0.7460819919075943,0.35848033339762153,0.7551442629812386,0.4755494371012319,0.3848225839192624,0.3198152089924143,0.8182515295009459,0,0,-0.012046769348501463,0.041637487578810306,0.10479531092950475
2013-10-07,85.56999969482422,86.29000091552734,85.2699966430664,85.9000015258789,10985800.0,0.6857304477899759,0.7436199951697977,0.3220697064222344,0.7554646336365791,0.4684391917674299,0.3775893251991145,0.33566730564374553,0.8122946770710145,0,0,-0.0034754755887215416,0.049814678718258176,0.11445779991135
2013-10-08,85.86000061035156,85.94999694824219,85.47000122070312,85.51000213623047,15335700.0,0.6842630279990936,0.7412604670054095,0.2900428708485113,0.7558925295276047,0.443637092291721,0.3815852475972427,0.35038710967712455,0.8039791696150533,0,0,-0.006868497750927362,0.04668221263095536,0.111292169834405
2013-10-09,85.3499984741211,85.58999633789062,84.83000183105469,85.16000366210938,13575100.0,0.6819253224622832,0.7388649373971732,0.2625528078011734,0.7562558717264376,0.4180344984733976,0.3665122833402479,0.37389727340596796,0.7966183158382175,1,0,-0.0060811206885245115,0.05285936334394989,0.10911006429622785
2013-10-10,85.5199966430664,86.04000091552734,84.79000091552734,86.04000091552734,17532400.0,0.6806929410832256,0.736729729984618,0.38566724685296805,0.7567724655068013,0.4695401093597425,0.40585319669151454,0.37935400933128977,0.8061249443534398,0,0,-0.008572049038836089,0.05108038887334023,0.10767972527013736
2013-10-11,85.9000015258789,86.94999694824219,85.5,86.94999694824219,12661800.0,0.6797718295408441,0.7351290148103051,0.48995530028975764,0.757180851628537,0.5001727256966245,0.4674406513271267,0.3573172846258085,0.8129905776343394,0,0,-0.012900983246633654,0.046141343310779445,0.10588099155526073
2013-10-14,86.51000213623047,87.73999786376953,86.51000213623047,87.5999984741211,9742100.0,0.6790921150872156,0.7339243260827473,0.5538610757035343,0.757514414215795,0.5243181737809076,0.5309143697636047,0.3261259350452002,0.8182730561117952,0,0,-0.019781498344697723,0.03864290659321857,0.09867733758251285
2013-10-15,87.47000122070312,87.58000183105469,86.63999938964844,86.79000091552734,12018000.0,0.6777263323495826,0.732595015184812,0.47283432039382556,0.757895108887984,0.5109717684393226,0.5185585731705887,0.29716253900606393,0.8117565117997819,0,0,-0.03059361132257908,0.027397278169906794,0.07762551987226513
2013-10-16,87.4800033569336,87.86000061035156,86.72000122070312,87.30999755859375,11668100.0,0.6762843181870981,0.7314429436270498,0.5233845138822704,0.7582831242543997,0.49316257427736576,0.5557481917660412,0.27646716609122307,0.8180833291310353,0,0,-0.03099438199135898,0.02753772743907011,0.07281944496089425
2013-10-17,87.12999725341797,87.5,87.01000213623047,87.4800033569336,10438200.0,0.6751408758936432,0.7303739570376806,0.5395767863814575,0.7586353431976769,0.517370929188663,0.5754949629535583,0.25725003409887076,0.8237432553115692,0,0,-0.026801012522308838,0.0313824942135091,0.07272942711118661
2013-10-18,87.69000244140625,87.73999786376953,87.30000305175781,87.55000305175781,12425100.0,0.6744357509650643,0.7292025018749027,0.546515827369145,0.7590567911343817,0.5572171028953132,0.6132295753718009,0.24496131621904066,0.8304805422753899,0,0,-0.033150450555498916,0.0249199842423531,0.0666437354588656
2013-10-21,87.5,87.6500015258789,86.83999633789062,87.2300033569336,10730900.0,0.6741054244838136,0.7282359817460575,0.5099756687676092,0.7594096527871916,0.5767100851673085,0.5901516739506796,0.2207844170424148,0.8246619047851433,0,0,-0.030953729183430857,0.027070276001942947,0.07869787720709967
2013-10-22,87.29000091552734,88.1500015258789,87.12999725341797,87.9800033569336,12710600.0,0.6744992795757168,0.7277070273788362,0.5863348050133317,0.7598566706865895,0.6131310550050073,0.6487909675815393,0.21003935017229264,0.8315539989881952,0,0,-0.028659863622500757,0.029577000249531832,0.08460388592695582
2013-10-23,87.5199966430664,87.6500015258789,86.94999694824219,87.61000061035156,11449100.0,0.6747978465981936,0.7272113044635105,0.5428703858388518,0.7602456581841319,0.6436521039910821,0.6050140155135342,0.19506011061419243,0.8253459304674203,0,0,-0.031029729749651288,0.02671068440383759,0.07513071559607554
2013-10-24,87.9800033569336,88.7300033569336,87.97000122070312,88.41999816894531,12288900.0,0.6756554295299229,0.7270645265832796,0.6192325370548133,0.7606934981877473,0.651878281436556,0.6944974797256351,0.20276261675965618,0.8320093654312996,0,0,-0.03641139617831866,0.02157287269126128,0.08754706215627013
2013-10-25,88.2300033569336,88.6500015258789,87.81999969482422,87.97000122070312,11382000.0,0.6763351439835514,0.7270119073005987,0.5662835571353517,0.7610918924512675,0.6274760503999015,0.6510117817666667,0.2056488209999336,0.8258376806784842,0,0,-0.038905253479347396,0.018547833336468384,0.08606642319101288
2013-10-28,87.83000183105469,88.45999908447266,87.61000061035156,88.2300033569336,9921900.0,0.6777263371961348,0.7271005280271279,0.5909840739726407,0.7614467687089115,0.6440185941293455,0.6318651903487876,0.20232500249704066,0.8312176524715749,0,0,-0.034557245348905384,0.023189733854945587,0.08957595935060038
2013-10-29,88.44999694824219,89.02999877929688,88.44000244140625,88.93000030517578,10340000.0,0.6795876120789204,0.7276571780881083,0.6529924722934257,0.7618385931015097,0.662848184569861,0.6786540979514305,0.2099565641492756,0.8368243314685975,0,0,-0.04148244240576946,0.01609436409738334,0.0658506739990021
2013-10-30,88.97000122070312,89.4800033569336,88.69000244140625,88.80999755859375,14305900.0,0.6813218345869534,0.7282055181732301,0.6373883006163674,0.7623746742952711,0.6208094017299596,0.6801779977651482,0.22453444797547162,0.829067214537891,0,0,-0.0470032642621334,0.008770929681999322,0.07185426029146809
2013-10-31,89.44999694824219,90.95999908447266,89.19999694824219,89.62000274658203,19185200.0,0.6839390553482187,0.729091727551405,0.7042163945726092,0.7631403034233464,0.6160315239245454,0.7420804370555625,0.2569649270774675,0.8394700441214188,0,0,-0.052471525287908494,0.017002614319792338,0.06598356909632108
2013-11-01,89.73999786376953,90.04000091552734,88.2699966430664,89.81999969482422,19023500.0,0.686162421017581,0.7298782362352394,0.719451042064222,0.7639096620229151,0.6281338911605945,0.6697000442876913,0.26318460502311,0.8497851947887166,0,0,-0.05523317112853997,0.013613046008857146,0.083463547508303
2013-11-04,90.0,92.2699966430664,90.0,92.0999984741211,20591600.0,0.6901009525504016,0.731146622100405,0.8520878734446945,0.764885379801425,0.6580842595171297,0.7836570635514966,0.2916101932709263,0.8609506194729614,0,0,-0.05800488869042912,0.025272730469595096,0.07515030085653587
2013-11-05,91.33999633789062,93.25,91.23999786376952,91.98999786376952,21122500.0,0.6942173525613229,0.7325036286920994,0.8374520124387407,0.7658768634560533,0.672977095479019,0.7763639381569768,0.3251432094530055,0.8494973238139082,0,0,-0.07111830109534416,0.020738368010354107,0.08903371024420607
2013-11-06,92.41999816894533,93.27999877929688,92.12000274658205,93.22000122070312,13464600.0,0.6993374445233,0.7342760453355648,0.8908504233618962,0.7665586704501508,0.700790597942461,0.7634516568668064,0.3564903156002213,0.8567982609534933,0,0,-0.08294377030769642,0.009348849117543698,0.0762039602024098
2013-11-07,92.63999938964844,92.9800033569336,91.76000213623048,91.95999908447266,16572100.0,0.7030981075780203,0.7351400990038863,0.7414637565138376,0.7673322984980824,0.6432458540376101,0.6924653396311631,0.37743733079157976,0.8478123378387392,0,0,-0.08420937965379147,0.006865472873500679,0.06479297185619352
2013-11-08,91.8000030517578,92.81999969482422,91.4800033569336,92.7300033569336,12330100.0,0.7067698412402426,0.7366521934516701,0.7800942489559792,0.7679361746742877,0.6392559739527849,0.6691759426829037,0.39058061632499624,0.8544981127614847,0,0,-0.07622881911722512,0.016093907593230636,0.07296649794775455
2013-11-11,92.8499984741211,93.2300033569336,92.5,92.95999908447266,7924700.0,0.7101747673387615,0.7382584443841191,0.7912085730986967,0.7683294694612051,0.6282936725748572,0.6677112931405764,0.4066587109095395,0.8587951387815722,0,0,-0.0869189827112315,0.004637121639267463,0.068694085150227
2013-11-12,92.66999816894533,93.31999969482422,92.5,92.66999816894533,10727300.0,0.7139100199185311,0.739787152444966,0.7574539135612344,0.7688517773782197,0.632113109684834,0.643098927920817,0.4224452030993067,0.8529784533265663,0,0,-0.08476761328555348,0.006992271216442637,0.08853273922103833
2013-11-13,92.22000122070312,92.73999786376952,92.06999969482422,92.58999633789062,9280000.0,0.7172641250671492,0.741124771205875,0.7478600150843062,0.7693008571350632,0.641577184688799,0.6137657058133248,0.42654997333668326,0.8479465402615403,0,0,-0.08017697692871706,0.011870060384761232,0.10024820437128845
2013-11-14,92.68000030517578,93.41999816894533,92.68000030517578,93.22000122070312,7909200.0,0.7209104434078686,0.7427504099691096,0.7839164300495108,0.7696985270728569,0.629630677780862,0.6250239813520223,0.43766587430326315,0.8522351616854523,0,0,-0.08521438278121642,0.007992201026437626,0.08240628097201423
2013-11-15,94.1500015258789,95.29000091552734,94.02999877929688,95.2699966430664,18374500.0,0.7258145487560435,0.7449714681162407,0.8755522269615598,0.7707364667787435,0.6619374968645694,0.6734602879444759,0.46342698355817885,0.8621984037774051,0,0,-0.10040764307856295,0.01222912867110386,0.07562749764046957
2013-11-18,95.9800033569336,96.0,95.05999755859376,95.4499969482422,14243700.0,0.73103627777127,0.7470235926732878,0.8822301314587043,0.7715475149637343,0.6578688022110706,0.6791287675081523,0.491910545893888,0.8699217938770077,0,0,-0.1174556821213097,0.00020989444495652317,0.039571709624288944
2013-11-19,95.4000015258789,95.79000091552734,95.16000366210938,95.41999816894533,12697300.0,0.7357625146413442,0.7491283365130157,0.8783603910299124,0.7722683081133339,0.6364113640693934,0.6637244773590034,0.5183595680627608,0.8630369113597065,0,0,-0.11115768412339332,0.0062859978345147895,0.04305920106608517
2013-11-20,95.75,95.9499969482422,94.37000274658205,94.68000030517578,10455400.0,0.7402537130995939,0.750745667413276,0.7847369027842405,0.7728374523893158,0.6033083132460286,0.6377455075758358,0.5246444216777566,0.8573676587885778,0,0,-0.11486060883241156,0.002619995858282914,0.040976773602390354
2013-11-21,94.8499984741211,95.38999938964844,94.62999725341795,94.69000244140624,9128400.0,0.744236716598492,0.7526039347913176,0.7852720450370874,0.7733341224074857,0.5833369111061432,0.6270089521088702,0.5304803571773955,0.8623173694806882,0,0,-0.09875368022796643,0.012146192671865045,0.06569498522026411
2013-11-22,94.95999908447266,95.06999969482422,94.29000091552734,95.01000213623048,8534700.0,0.748708858412167,0.7544345085884843,0.8029261263182964,0.7738063945217681,0.6124186828508007,0.6161909236100874,0.5280064813959295,0.8669451570276794,0,0,-0.08923853342881694,0.010983217749634042,0.061041278173727995
2013-11-25,95.20999908447266,95.75,94.83000183105467,95.08999633789062,10515100.0,0.7530666506652886,0.7562124631029705,0.8074323566208385,0.7743902318099836,0.5941054575993953,0.6273954617585253,0.5326070724333083,0.8726467808498837,0,0,-0.09020102623022878,0.008314923668716454,0.047889726865112434
2013-11-26,94.75,94.80999755859376,94.1500015258789,94.2699966430664,11857900.0,0.7564588691030563,0.7576885518811365,0.6972783505754137,0.7750181841238573,0.5652418115973445,0.5789130062370286,0.5217164001071468,0.8662170478828822,0,0,-0.08444630443315257,0.013145441667263068,0.060679323433386535
2013-11-27,94.36000061035156,94.41999816894533,93.4800033569336,93.8000030517578,8828100.0,0.7596287567897504,0.7588572391648463,0.6404456217215447,0.7754725253198029,0.5795773315866534,0.5423367298585893,0.49814603791357076,0.8614301694637706,0,0,-0.07977091906488401,0.01739683301207649,0.044446829220444364
2013-11-29,93.6500015258789,94.22000122070312,93.3000030517578,93.4800033569336,6770500.0,0.7620808118871141,0.7600203885775352,0.6030999378145471,0.775814079793911,0.5914337537149214,0.5193477261572478,0.47277828832475094,0.8577589876311457,0,0,-0.0726013322646759,0.025053287821583448,0.05831557614859408
2013-12-02,93.2699966430664,94.04000091552734,92.91999816894533,93.5199966430664,9310500.0,0.7644312250846761,0.7613663152014181,0.6066815647741264,0.7762845047310996,0.5640784946761753,0.4927090471423556,0.44189288122062204,0.8628074387725169,0,0,-0.06878476758953662,0.029204142692524884,0.058943110166477984
2013-12-03,93.5999984741211,94.4800033569336,93.2300033569336,94.38999938964844,12599500.0,0.7658859420613593,0.7632051968615587,0.6800022225887077,0.7769537423167399,0.5505863471080278,0.5257330518746247,0.4198766232998368,0.8696392909991113,0,0,-0.07110780329964798,0.025662977031948416,0.05710013001461171
2013-12-04,94.19000244140624,94.9000015258789,93.91999816894533,94.66999816894533,13074000.0,0.7675884051106188,0.7652296278377313,0.7014405835150614,0.77765837634642,0.5752664300631374,0.5575732601073986,0.405495907855613,0.8767284323150759,0,0,-0.07670309926877747,0.019175734402984465,0.0526538960995924
2013-12-05,94.06999969482422,94.6500015258789,93.91999816894533,94.12999725341795,10586000.0,0.7681664776644457,0.7671654380873749,0.6311292384578302,0.7782108224207787,0.5420149246157293,0.5292602992798949,0.392142386371691,0.8709883642432692,0,0,-0.06823702555633654,0.020386609723299653,0.04679413109600078
2013-12-06,94.97000122070312,95.70999908447266,94.58999633789062,95.6500015258789,12063400.0,0.7705105418781844,0.7695415840905955,0.7413442677196613,0.7788953313426865,0.5859890063340559,0.6208236284665194,0.3940235535878352,0.8775295258885963,0,0,-0.0781897463625424,0.010942301172323414,0.030914651201789604
2013-12-09,95.9499969482422,96.25,95.5999984741211,95.83999633789062,15516700.0,0.7724861566284178,0.7720174265623869,0.7530692804687062,0.7797834572632252,0.5564204984346672,0.6653786989011883,0.4019697263072957,0.8859431773386061,0,0,-0.0871928510699938,0.003136466774405957,0.010663923222049846
2013-12-10,95.9000015258789,95.9800033569336,95.38999938964844,95.70999908447266,9868100.0,0.7742330867972025,0.774695436189043,0.7357331780176387,0.780343625682931,0.5539591765255102,0.6347149439519596,0.404278332283835,0.8805923776277241,0,0,-0.07961190707804686,0.0036519040848786094,-0.010955791860174464
2013-12-11,95.37999725341795,95.54000091552734,94.16000366210938,94.26000213623048,12811800.0,0.7752431325786344,0.7769829614657344,0.5675977657213487,0.7810136906004552,0.5445749491738308,0.5182735293276527,0.38034408151430116,0.873645409545127,0,0,-0.07428691545672605,0.009089988035776597,-0.0048061758319173885
2013-12-12,94.5,95.87999725341795,94.27999877929688,95.36000061035156,15562600.0,0.7770027704081703,0.7795529646479609,0.6494074802480391,0.7818782756690577,0.5452217116582294,0.5717190056137746,0.3630443219602137,0.8820839494444562,0,0,-0.06609381726863958,0.018565669004237766,0.012200312962192084
2013-12-13,95.12999725341795,95.91999816894533,94.66000366210938,95.30999755859376,10629500.0,0.7783304350101017,0.782269745710418,0.644104806567063,0.7824663762384279,0.5386051852753744,0.5820015790817836,0.347572601977056,0.8763202942801572,0,0,-0.07193792540314727,0.011744995170023797,-0.00020969633953862784
2013-12-16,96.27999877929688,98.87999725341795,96.12999725341795,97.22000122070312,23226000.0,0.7795691702195349,0.7852883925091951,0.7591994398870759,0.783883290898594,0.4932352978488054,0.8168317208150385,0.36547440701320943,0.8889141749750167,0,0,-0.065890241739185,0.027279388739074067,-0.024026869942154108
2013-12-17,97.0199966430664,97.12999725341795,96.02999877929688,96.75,14920900.0,0.7803949936924905,0.7882931914610929,0.7098538770280637,0.7847705282284241,0.507357967011049,0.6971026453992824,0.38012568527579266,0.88082358535735,0,0,-0.0594527741897007,0.019131871909043537,-0.04998964122541164
2013-12-18,97.43000030517578,99.9499969482422,97.01000213623048,99.54000091552734,21331300.0,0.7830122144537557,0.7921786598072595,0.8333183016351841,0.7862161916235055,0.5426802079454622,0.8448342539959292,0.4123008258625414,0.8923900990603661,0,0,-0.06149867646761951,0.026046476930919073,-0.07627904137899709
2013-12-19,99.5,99.5999984741211,99.0,99.43000030517578,12905900.0,0.7860296392907473,0.7961305931701022,0.8225528136214876,0.7870849946019143,0.5666551476826451,0.793377948343271,0.44217774212166533,0.8853921069455041,0,0,-0.08057059040889922,0.004520764959848481,-0.0952381280866032
2013-12-20,99.38999938964844,99.5999984741211,98.5999984741211,98.68000030517578,23331000.0,0.7885642747967856,0.7996311150373254,0.7498317240992316,0.7885998899681108,0.5427490115784215,0.7126015926740362,0.46220462791799083,0.8727412918894563,0,0,-0.07955341454729024,0.005632078415719504,-0.09866235068374123
2013-12-23,99.0,99.29000091552734,98.38999938964844,98.51000213623048,10127600.0,0.7907876404661478,0.8028325432730665,0.733609684765237,0.7892511431616929,0.5133484015238111,0.6673395394341226,0.47670689123007787,0.8672497829716376,0,0,-0.07022699922724161,0.00962704646639907,-0.0932306132933772
2013-12-24,98.33000183105467,99.44000244140624,98.33000183105467,99.22000122070312,4168300.0,0.793411215057789,0.8060505872347552,0.7674523319990121,0.7895278945027671,0.5275742447144174,0.6545304890895871,0.4912856610599678,0.8695099686644121,0,0,-0.0635468683431093,0.016444981038039375,-0.07867221431263849
2013-12-26,99.41999816894533,101.02999877929688,99.37999725341795,100.9000015258789,9531200.0,0.7976229079846886,0.8099582112907755,0.83537033318478,0.7902084440487545,0.55883512750116,0.6880893112419497,0.5152986989430128,0.8746780904106811,0,0,-0.07407779060364965,0.016226573176211647,-0.09977828466114953
2013-12-27,101.23999786376952,101.73999786376952,100.98999786376952,101.51000213623048,10209000.0,0.8025206643490403,0.8138907610486019,0.8566091547725391,0.790955367353821,0.5724130075181881,0.6967025592132969,0.5415198228024252,0.8802137370142211,0,0,-0.08483644627496127,0.004955401312573416,-0.10307236242421158
2013-12-30,101.52999877929688,101.5500030517578,100.30999755859376,100.30999755859376,9007900.0,0.8068593999575875,0.8174439000856213,0.742956552012558,0.7915812553517685,0.562605018419592,0.6491102680755945,0.5523683097657293,0.8753293652794746,0,0,-0.08481923386029076,0.0020687526357335197,-0.10294549037855293
2013-12-31,100.48999786376952,101.38999938964844,100.43000030517578,101.1999969482422,8509600.0,0.8117380996773644,0.8212241298664267,0.7797954424203309,0.7921947368403175,0.5715890044693044,0.6439609893830058,0.5624419048030829,0.8799435428029817,0,0,-0.07546605402320292,0.012461370057055794,-0.09031998583492686
2014-01-02,100.5999984741211,100.76000213623048,99.38999938964844,99.75,11028100.0,0.8151430257758832,0.82469141816887,0.6600665270919226,0.7929409490119324,0.5394410576737004,0.5952898891221765,0.5519326815436556,0.8739637539589715,0,0,-0.07588933336730862,0.011264816442943821,-0.06413041560751015
2014-01-03,99.7699966430664,100.16999816894533,99.13999938964844,99.51000213623048,9295600.0,0.8182176253931512,0.8278845364287521,0.6417027602842826,0.793562567825155,0.5202649585159047,0.5743675356873521,0.5377182930417621,0.8689233820745689,0,0,-0.0686716639009632,0.01974938567120913,-0.05714282654879386
2014-01-06,99.94000244140624,100.13999938964844,98.88999938964844,99.66000366210938,11848500.0,0.8217305472218479,0.8312216646897972,0.6497004342106428,0.7943593622411309,0.534804953754652,0.5664072630121478,0.5199863176118262,0.8753480180606639,0,0,-0.07054571522217869,0.01808858791801717,-0.06019500919077098
2014-01-07,99.61000061035156,101.22000122070312,99.41999816894533,101.06999969482422,11187000.0,0.8251735866095162,0.8347249565489736,0.7196123560773282,0.7951580591826741,0.5318977936961169,0.6036144390741083,0.5144841376850797,0.8814139675712724,0,0,-0.06712825803306455,0.021372638723148846,-0.04254462881764432
2014-01-08,101.19000244140624,101.19000244140624,100.1500015258789,100.73999786376952,11180400.0,0.8282862995159339,0.8382614798600452,0.6913979613567557,0.7959442986127123,0.5430637033950331,0.6041927823419384,0.5093749706102435,0.8753515967919385,0,0,-0.08182452060385645,0.005441727753279556,-0.06094789433767866
2014-01-09,100.1999969482422,100.38999938964844,99.02999877929688,99.76000213623048,11674300.0,0.830859053157674,0.8414545981199277,0.6116459080036697,0.7967300326503266,0.5431083785103802,0.5522354816291607,0.4842347316350542,0.8690214176222151,0,0,-0.07226522665944068,0.015286886521576616,-0.03732375011483124
2014-01-10,99.98999786376952,100.62999725341795,99.12000274658205,100.5199966430664,10535400.0,0.8348356979796439,0.8446643321057576,0.6530004320614785,0.7974622572000265,0.5831602716806504,0.5656970859047512,0.46374380946720234,0.8747340487542491,0,0,-0.07087008363501762,0.017542100666860762,-0.03688853474712651
2014-01-13,99.91000366210938,100.0999984741211,98.2699966430664,98.5500030517578,12110900.0,0.8368621385263308,0.847361729563199,0.5139498171835093,0.7982316275265782,0.5553589966989101,0.4782421328744633,0.4306240362213289,0.8681671310883844,0,0,-0.06953845728810218,0.01820527519671749,-0.04098689697744053
2014-01-14,98.8000030517578,99.2699966430664,98.6500015258789,99.12000274658205,9265000.0,0.839282434164921,0.8499926598910799,0.5473529785788094,0.7988353397780306,0.5642797783697827,0.45800221695745813,0.39986996106444644,0.8731909106732407,0,0,-0.05966519229557337,0.02983251873130489,-0.03003558216342822
2014-01-15,99.16000366210938,99.3499984741211,98.62999725341795,98.77999877929688,9425500.0,0.8402734184552254,0.8524740423467771,0.5247882318106569,0.7994393373030628,0.5629066946735629,0.43596659977855623,0.3724920217814374,0.8680801028505679,0,0,-0.0598264743831463,0.026028996470635266,-0.029156647891059758
2014-01-16,98.79000091552734,99.04000091552734,98.25,98.94000244140624,9421700.0,0.841664611667809,0.8543683132815516,0.535020589795612,0.8000470023479518,0.5677728680600699,0.393815300917818,0.3403254588156668,0.8731888501915978,0,0,-0.04930150644628994,0.029864314483677216,-0.03330634699518633
2014-01-17,99.18000030517578,100.33999633789062,98.66999816894533,99.16000366210938,15998000.0,0.8414232194256086,0.8563539749348079,0.5496249870865292,0.8010879556642743,0.5236342556749007,0.4644059649044634,0.32913045564573473,0.8818634779086546,0,0,-0.05316355373394606,0.025874241918578938,-0.02688501714647389
2014-01-21,98.56999969482422,98.88999938964844,98.04000091552734,98.5,13847300.0,0.8408324392110302,0.857816217978979,0.5001778531543623,0.8019603186967035,0.5146982994742347,0.3673124768880629,0.3077226842027368,0.8743550285783382,0,0,-0.0444735364042748,0.03196851605358104,-0.048104038593224784
2014-01-22,98.87999725341795,98.9499969482422,97.83999633789062,97.87999725341795,11642800.0,0.8403242394051265,0.8594557024762082,0.4563006814093198,0.8026713181943834,0.532349005905369,0.34972253267966624,0.2844510075796818,0.8680419297169713,0,0,-0.04791871666303126,0.02903553919138642,-0.05197964585977129
2014-01-23,97.25,97.38999938964844,96.01000213623048,96.97000122070312,15393200.0,0.8393459579290208,0.860629927630939,0.3970218912915935,0.8035683159440459,0.5593446073474301,0.2361544807360642,0.2725777611670875,0.8596952439203592,0,0,-0.03156923196360963,0.0458724763972419,-0.023089519816589126
2014-01-24,96.18000030517578,96.25,94.81999969482422,94.8499984741211,14584300.0,0.8365699253342296,0.8611533441271391,0.28625700851766245,0.8043248555561147,0.5262513638249884,0.1857371523306514,0.27441543086709824,0.8517871695977018,0,0,-0.020831150022045542,0.05733729492216068,-0.007012481144845041
2014-01-27,95.08000183105467,95.58000183105467,94.75,94.91999816894533,12474600.0,0.8327711441438077,0.8617764592047952,0.2922296115842886,0.804973648120813,0.49535475642683235,0.23725830196896064,0.27683162440640346,0.8585512970460827,0,0,-0.008434402368241169,0.07021609003538318,-0.01128096691657965
2014-01-28,95.3499984741211,95.91999816894533,94.7699966430664,95.6500015258789,10773600.0,0.8290485943782369,0.8626238971471691,0.3543747696280737,0.8055566739297917,0.4989015697184607,0.3004155071676282,0.2731003135433658,0.8643930878432126,0,0,-0.007269224876970785,0.06731984316176504,-0.012010107581538148
2014-01-29,94.93000030517578,96.1999969482422,94.6500015258789,95.11000061035156,13191500.0,0.8257453101795198,0.8631473136433694,0.3255709168508011,0.8062485063269453,0.5062197267902226,0.32917230192219726,0.2647098483411332,0.8572402342659182,0,0,-0.002927326448825189,0.07119704600058196,-0.013486679508084725
2014-01-30,94.0,94.9499969482422,93.05999755859376,93.98999786376952,14628400.0,0.82116517748222,0.8627928307372534,0.270766299397201,0.8069659716382085,0.495435056899249,0.3032907021071771,0.2742002098086741,0.8493082475115618,0,0,-0.009883318634990399,0.08137943238460155,-0.005572482135376951
2014-01-31,92.8499984741211,93.27999877929688,91.6999969482422,92.16000366210938,17361400.0,0.8163436525427195,0.8618816998830414,0.19741109712702606,0.8077218689387666,0.4913812251189089,0.28397414614193806,0.2944724052877457,0.8398943406702747,0,0,-0.01223536069812153,0.0945845259251279,0.01563997504110774
2014-02-03,91.91999816894533,92.30999755859376,89.63999938964844,90.05000305175781,20377900.0,0.8103342133436868,0.8603945332499487,0.13252120763256656,0.8084800174682107,0.46829536219766804,0.2730365338072096,0.32657108221976244,0.8288447909668485,0,0,-0.024739569104794717,0.10655381189900691,0.030273446231148637
2014-02-04,90.37000274658205,90.63999938964844,89.38999938964844,90.0199966430664,17414400.0,0.8042104245841009,0.8591039916749299,0.13168776495331982,0.8091251033081988,0.4630575400081424,0.2941496188448274,0.35776746381542746,0.8194021458289616,0,0,-0.010882879774810601,0.12626312861591318,0.03731260962223765
2014-02-05,90.30999755859376,90.61000061035156,89.37999725341797,89.58000183105469,16393600.0,0.7969114340722863,0.8576888279295336,0.11904454651190169,0.809709991007129,0.4221441033898605,0.32035939454929785,0.3867940096451313,0.8105130111282276,0,0,-0.010331041322555155,0.12697179217297963,0.04743395280708219
2014-02-06,89.51000213623047,90.18000030517578,89.25,89.80000305175781,13646100.0,0.7899618315328498,0.856245970603263,0.14041219167924326,0.8102049726344336,0.42413023061162347,0.3393622103224416,0.41455376028505303,0.8179123633778669,0,0,-0.0029024573667773006,0.13652595978513674,0.05358333695299481
2014-02-07,90.12000274658205,90.62999725341795,89.75,90.58000183105467,12573800.0,0.7841302608119178,0.8549969725688831,0.2148497350373678,0.8106894048528965,0.4447761481358995,0.3701931494215356,0.4312321461749779,0.8247302802417704,0,0,-0.009688226247393378,0.12939860492532593,0.05033403663094769
2014-02-10,90.4499969482422,90.52999877929688,89.36000061035156,89.5199966430664,12237700.0,0.7771425401367791,0.8536815074049424,0.17567091654534997,0.8111220068454954,0.4088674913599304,0.3749284048420112,0.44963252833809014,0.8180946075568707,1,0,-0.01324792364743353,0.12464120873595107,0.04923831556313894
2014-02-11,89.55999755859375,91.0,89.4000015258789,90.83999633789062,13422800.0,0.7722447789258751,0.852861763043443,0.2898134585213127,0.8116481274350442,0.4472885614149727,0.40401696577328705,0.4570617630670934,0.8253728793983828,0,0,-0.0034628861731281157,0.1339366168764564,0.05741733224301411
2014-02-12,91.01000213623048,91.86000061035156,90.63999938964844,91.08000183105467,10752400.0,0.7671373897780966,0.8521971065380329,0.3092837152184196,0.8120766623937565,0.4316763816232721,0.43264084773588257,0.44764808726015487,0.8312031748768727,1,0,-0.019374749088319387,0.11426681717168138,0.05757371134280342
2014-02-13,90.58999633789062,91.6500015258789,90.4000015258789,91.43000030517578,9775300.0,0.7624683228417464,0.8516183028800839,0.338256014319786,0.8124759240666779,0.4554250613873364,0.4398028845269082,0.44141124929839,0.8365036554571044,0,0,-0.014712300295911274,0.11671063536571087,0.07806324623861995
2014-02-14,91.80999755859376,94.43000030517578,91.5999984741211,94.11000061035156,18260400.0,0.7594000770548539,0.8515407600084817,0.5211370080617983,0.813364709547653,0.46966386728399756,0.5078247561462755,0.40584070291151214,0.8464050288765658,0,0,-0.02799953571091528,0.10292030658099723,0.0642021516678232
2014-02-18,94.06999969482422,94.72000122070312,93.36000061035156,94.06999969482422,12979300.0,0.75616666560406,0.8513745964103503,0.5186874032151652,0.8139939118378856,0.4840794586332106,0.5389292904721305,0.3761111006191889,0.839367236932073,0,0,-0.051216657778812576,0.07597493868353505,0.038890698526961816
2014-02-19,93.8000030517578,95.29000091552734,93.8000030517578,93.9499969482422,12227800.0,0.7532762882952679,0.8513247471196224,0.5108842850228467,0.8145816060519446,0.46218984931640195,0.5599138791623616,0.35491460748334797,0.8327369323440853,0,0,-0.0483682690179507,0.07887741249087704,0.04411601902782549
2014-02-20,93.8499984741211,95.7699966430664,93.75,95.37000274658205,14424300.0,0.751681820976186,0.8512472042480201,0.5951529141888564,0.8153340849155932,0.5013585847020019,0.5941408508570082,0.34045415865294903,0.8405582495449319,0,0,-0.04896219929262232,0.07812670788407591,0.043427375876365304
2014-02-21,95.4800033569336,95.58000183105467,94.94000244140624,95.02999877929688,11282200.0,0.7504494395971284,0.851022883496187,0.5709722754500708,0.8159106151864717,0.4729934476198615,0.6096078480259953,0.3270265990247215,0.8344406795468459,0,0,-0.0653245588498934,0.05400014415611339,0.019712668546455984
2014-02-24,95.61000061035156,97.25,95.41000366210938,96.44000244140624,16012500.0,0.7514594853785603,0.8512250506510515,0.6468613628418319,0.8167939497655348,0.5048795625487925,0.6514236256397855,0.3313386401061227,0.8431231696280669,0,0,-0.06692624110332142,0.05282538890403567,0.012311882394764452
2014-02-25,96.54000091552734,96.97000122070312,95.95999908447266,96.30999755859376,10663000.0,0.75234247878524,0.8517927764540738,0.636916212359637,0.817377313337206,0.5130919432473466,0.6462911340563997,0.3353426782531381,0.8373413496913887,0,0,-0.07559104864142355,0.03940268898968593,0.00943587732971846
2014-02-26,96.55999755859376,96.86000061035156,95.52999877929688,95.79000091552734,9087600.0,0.7524314130242902,0.8519118607534302,0.5965909194668159,0.8178601411557982,0.49051390229421926,0.6299544746497834,0.33160970914530663,0.8324137620653401,0,0,-0.07590071377736725,0.03924824914461407,0.007995060658084311
2014-02-27,95.58000183105467,96.0500030517578,95.16000366210938,95.83999633789062,9101200.0,0.7528951408641162,0.8520586386336608,0.5996133239187676,0.818344575939276,0.5109213431672146,0.6142551637690148,0.3218315508085507,0.8373487240467427,0,0,-0.06608207297791761,0.04969197683830868,0.012527371717016915
2014-02-28,95.95999908447266,96.83000183105467,95.77999877929688,96.2699966430664,12651400.0,0.754343504010424,0.8517955443331418,0.6262597600271107,0.819033155632908,0.509694375057012,0.6265859484464921,0.3213046642501551,0.8442087181147244,0,0,-0.07001251399067342,0.045701141702635104,0.007929905731121149
2014-03-03,95.76000213623048,96.54000091552734,94.83000183105467,95.5,11896700.0,0.7564652277799844,0.8514493692899998,0.5615866068936183,0.8196530550307295,0.5190832861768425,0.5936997382524707,0.3051403849186483,0.8377579465456839,0,0,-0.06762233679478734,0.04757447139674336,0.02181363402252
2014-03-04,96.58999633789062,96.86000061035156,95.87000274658205,96.5199966430664,12566100.0,0.7605752739605298,0.8506130092025526,0.6262804584324416,0.8203444879786184,0.5553191688140628,0.6114147413377415,0.29391145312582795,0.8445716882231004,0,0,-0.07685860039676047,0.02471204827593274,0.021884858296179647
2014-03-05,95.1999969482422,95.29000091552734,93.4000015258789,93.8000030517578,19829600.0,0.7629765129545454,0.8490538375688785,0.44062826706293945,0.8212762800566096,0.5320867617512918,0.5286662299260664,0.2759273085860968,0.8338194443314795,0,0,-0.06164522539557739,0.038852052739574816,0.0491090515750089
2014-03-06,93.66999816894533,93.94000244140624,93.2699966430664,93.76000213623048,12610400.0,0.7656318470049599,0.8476912931061629,0.4383488000936594,0.8218663938868622,0.5660000138061931,0.5025845767977145,0.26063502069004213,0.8269816817759618,0,0,-0.047121514127312136,0.039658860337674566,0.07196161812783125
2014-03-07,94.37000274658205,95.05999755859376,93.98999786376952,94.98999786376952,12659100.0,0.7689287773733013,0.8467164630014592,0.5188463879686647,0.822503439176788,0.583076598189543,0.5378370872308595,0.23310289124620842,0.8338458510304306,0,0,-0.05460753658199404,0.030716693555887558,0.06996584267417416
2014-03-10,95.1500015258789,95.5500030517578,94.66000366210938,95.5,9964500.0,0.7720541930939178,0.8456862457350063,0.5496252831116941,0.823019122418454,0.5784598277420533,0.5575232755236336,0.21334412275635456,0.8392489219072036,0,0,-0.06211181870264309,0.022107574706263487,0.05495316705017128
2014-03-11,95.36000061035156,95.58999633789062,93.5199966430664,94.01000213623048,12143600.0,0.7749064571135604,0.843778129066237,0.456590108036545,0.8235941618183733,0.5834701080251621,0.5001561227666287,0.19599428549400477,0.8326642732545687,0,0,-0.06397906398273888,0.01979056952511453,0.053821983137679975
2014-03-12,93.63999938964844,94.47000122070312,93.5500030517578,94.20999908447266,9705400.0,0.7770472423742483,0.8417564659691326,0.4697431667434976,0.8240588876350814,0.5703870790265329,0.46439276759475795,0.17988372232182287,0.8379268518172093,0,0,-0.04669715232307794,0.038400175814487146,0.0677587767453854
2014-03-13,94.44000244140624,94.56999969482422,93.33000183105467,93.63999938964844,9872500.0,0.7786734739986563,0.8399092764460181,0.4352897854630563,0.8245147684173362,0.566493887354251,0.42927090512509547,0.16760956107552955,0.8325736662854776,0,0,-0.05508971968838107,0.02982695664898799,0.06336908267401833
2014-03-14,93.58000183105467,94.22000122070312,93.29000091552734,93.47000122070312,11723300.0,0.7799693791418136,0.8377685311624419,0.4249531333860185,0.8250497248018527,0.5393591567312633,0.38955959289894204,0.15672348194868452,0.8262169177471995,0,0,-0.04624094253820915,0.0391926334137827,0.08105506607606514
2014-03-17,93.9499969482422,94.52999877929688,93.75,94.31999969482422,8676100.0,0.7801027805003891,0.8362647466905166,0.48750460355066383,0.8254666639713455,0.5190346699078722,0.4325123990962616,0.1417528345797885,0.830921376900591,0,0,-0.05028348012047716,0.03530547778603072,0.08023964803735113
2014-03-18,94.41000366210938,95.25,94.06999969482422,94.70999908447266,8757300.0,0.7805093384064912,0.8349354336796966,0.5148835608832777,0.8258970595360489,0.519374947314902,0.4747708276374476,0.1271854564525033,0.8356698652933015,0,0,-0.05470741813830316,0.030110224205677865,0.08481764234398102
2014-03-19,94.6500015258789,95.3000030517578,93.12999725341795,93.7300033569336,9914700.0,0.7803695880640926,0.8332931791905143,0.44768965420381457,0.826355655638316,0.5300807203490696,0.41502400313378335,0.11703207965078344,0.8302937975706922,0,0,-0.057016171239349274,0.027452206728479988,0.07137580193830606
2014-03-20,93.44000244140624,94.73999786376952,93.01000213623048,94.58000183105467,10405000.0,0.7798677420885645,0.8314958389581277,0.5086485401466966,0.8268621117992025,0.5296163562601233,0.42842412909075656,0.10923554052212683,0.8359357216484504,0,0,-0.04470289439178052,0.04064864421358119,0.09143283247509122
2014-03-21,95.0999984741211,95.98999786376952,94.30999755859376,94.30999755859376,24479800.0,0.7794103632325615,0.8297151144516886,0.4895787541213594,0.8280323870555724,0.4967595374678903,0.5017950377806057,0.10023372837323627,0.8226619904578011,0,0,-0.06068933974036828,0.022732094356684274,0.08257565063213947
2014-03-24,94.76000213623048,95.0999984741211,94.4800033569336,94.63999938964844,9539800.0,0.7782669160925542,0.8282971807143396,0.513982343068366,0.8284967856454668,0.48365207208654815,0.49607461806225706,0.09187490280640931,0.8278347753993675,0,0,-0.05725799666704433,0.02640226835148107,0.08387229601825034
2014-03-25,95.0999984741211,95.81999969482422,94.8000030517578,94.91000366210938,9796600.0,0.7773775737020512,0.8267435490645714,0.534159240393897,0.8289808825581892,0.4747994382162317,0.5534622464317691,0.09378269904699696,0.8331468055214402,0,0,-0.060228201447617966,0.022717683217927723,0.08463654044683552
2014-03-26,95.55999755859376,95.58000183105467,94.41000366210938,94.6999969482422,11033300.0,0.7766851515876712,0.8256773282413854,0.5165842929982801,0.8295188105225377,0.4747404509442198,0.5295908198689717,0.08895029070055888,0.8271641970709712,0,0,-0.05436725143415906,0.01780636788744462,0.07122539116421117
2014-03-27,94.61000061035156,96.5,94.05999755859376,96.23999786376952,15427500.0,0.776939251490623,0.8248797395897394,0.6260039522863587,0.8303387044327404,0.48945932524823094,0.6222191823407621,0.09634548267685789,0.8355294814255714,0,0,-0.0444561691672874,0.027877502373007634,0.07750788357366344
2014-03-28,96.47000122070312,97.97000122070312,96.47000122070312,97.6999969482422,12321800.0,0.7778476553722531,0.8245806438453722,0.7071352603400635,0.8310446410447914,0.5069797737549767,0.8172098628821449,0.11866282841245246,0.842210755822623,0,0,-0.05060268967873067,0.015586035258680004,0.059850397590240155
2014-03-31,98.48999786376952,98.8499984741211,97.31999969482422,97.68000030517578,12375200.0,0.7792324947544609,0.8242316988102771,0.7052682840099176,0.8317520417020101,0.4989968760333519,0.8101433707856591,0.14704437848130858,0.835500526236167,0,0,-0.05609002966952118,0.0036847555946423576,0.03961108359739487
2014-04-01,97.6500015258789,97.93000030517578,97.27999877929688,97.7300033569336,9475300.0,0.7800011482936924,0.823835674476407,0.7080345736299293,0.8322944495623124,0.49841428322573855,0.7495006829706143,0.1726500258621787,0.8406383372130034,0,0,-0.0475020411051592,0.012284981004229206,0.04750204110515935
2014-04-02,97.52999877929688,98.05999755859376,97.18000030517578,97.9499969482422,9551000.0,0.7826374208529798,0.8236833566122705,0.720741616279401,0.832846733261102,0.5357442854090047,0.7078244421803415,0.19760792886901318,0.8458171951530965,0,0,-0.04624983615889454,0.013506596229238433,0.03325488476788663
2014-04-03,97.83000183105467,98.54000091552734,97.55999755859376,97.93000030517578,10113000.0,0.785286401073019,0.82369720445915,0.718453023946494,0.8334303537208547,0.5190629136796515,0.6887955758008012,0.22514477724800813,0.840333602822643,0,0,-0.049208778407324794,0.010413442315933887,0.029708995644507432
2014-04-04,98.3000030517578,98.70999908447266,97.27999877929688,97.36000061035156,12496100.0,0.7867919389996032,0.8238052109035798,0.653290765944683,0.8341301482875161,0.4747054474795611,0.6472314761986258,0.24468141166667345,0.8335578173860189,0,0,-0.05401818542879887,0.005616209748283103,0.026243231765704568
2014-04-07,97.25,97.52999877929688,96.75,96.77999877929688,10120700.0,0.7876050548118072,0.8243397052547066,0.5916384883401454,0.8346793593180535,0.43820290510321164,0.589891186103295,0.251731921399393,0.8280700498690782,1,0,-0.04354969019298373,0.016433837963133476,0.03512734333920807
2014-04-08,97.01000213623048,97.87999725341795,96.75,97.4499969482422,10243000.0,0.7897903023454673,0.8250403632039649,0.6423103645269097,0.8352544063793634,0.4559489765794709,0.5974051421999844,0.2622717927671621,0.833624132361003,0,0,-0.04133085400343772,0.019012155002054224,0.05187018708808113
2014-04-09,97.75,97.79000091552734,96.62999725341795,97.33000183105467,10463900.0,0.7917722757726293,0.8255056225464634,0.6291052200196733,0.8358376309100781,0.4518250720711948,0.5819838805622359,0.26943749640354253,0.8279502708177781,1,0,-0.04864030797545363,0.011287824613327866,0.03848127365249386
2014-04-10,96.9800033569336,97.77999877929688,96.23999786376952,96.77999877929688,13443400.0,0.7937669520139901,0.8259681118970092,0.5694923277506942,0.8365647556541833,0.45367303505730855,0.5575301894946516,0.26755212843282494,0.8206608289968329,0,0,-0.04078907989331219,0.01921293621707144,0.044590529705567934
2014-04-11,96.51000213623048,97.44000244140624,96.27999877929688,96.72000122070312,13352500.0,0.7958315058498264,0.8267241591209011,0.5630405972709285,0.8372836925492027,0.46162552068730567,0.5440559036367113,0.2658014296028729,0.8134206760657164,0,0,-0.03616449725300801,0.02417851175248394,0.05011364471269852
2014-04-14,97.48999786376952,98.05999755859376,96.73999786376952,97.86000061035156,9610200.0,0.798080281994139,0.8283027164724759,0.6571290101509066,0.8378320202104041,0.4670319376530586,0.5830748666420389,0.27287856985603187,0.8186316341408795,0,0,-0.04631922736762829,0.0140612137426283,0.036910666354086866
2014-04-15,97.58000183105467,98.6999969482422,97.06999969482422,98.68000030517578,12961600.0,0.8006022146859784,0.8306927082096913,0.7131681588998703,0.8386012553264428,0.49091889180399967,0.6145397760671338,0.28744813012690396,0.825659828578772,0,0,-0.04669936303209852,0.012977688893781604,0.037706875015300255
2014-04-16,99.0500030517578,100.0999984741211,98.97000122070312,99.94000244140624,12508100.0,0.8045471000491746,0.8334399549578604,0.7846182277746708,0.8393878618206307,0.5178094037080501,0.7110509169510204,0.3150701944288688,0.832442120799532,0,0,-0.06120795396076338,0.010640407571099521,0.014997929904358246
2014-04-17,99.69000244140624,100.97000122070312,99.69000244140624,100.41999816894533,15435700.0,0.8082569421539938,0.836441983917805,0.8083449120304284,0.8403784715099802,0.5051451148304373,0.7488560814000625,0.3476605190185902,0.840811851456625,0,0,-0.06684010548320896,0.012807672083531707,0.0025015008394318615
2014-04-21,100.02999877929688,100.93000030517578,99.88999938964844,100.93000030517578,8002100.0,0.812462281250518,0.839524325741305,0.8324594007535727,0.8409031165703387,0.5703383503105035,0.74361091497662,0.3779229632804743,0.8451508462343885,0,0,-0.06990636099451067,0.009360709605120704,0.003584949381754639
2014-04-22,100.52999877929688,100.86000061035156,100.22000122070312,100.37000274658205,8212100.0,0.816102250607414,0.842235568932741,0.763779640355954,0.841427917743204,0.5708471013121129,0.7121607317806521,0.4060238043807953,0.8406979827342483,0,0,-0.07450705063240508,0.004359481225362547,-0.0048548287158224025
2014-04-23,100.58999633789062,100.9499969482422,100.33000183105467,100.5,8686000.0,0.8196532808787074,0.8452763714413716,0.7710528944078312,0.8419857704048632,0.5783953975293392,0.68938037442655,0.432908489951848,0.8454078099845519,0,0,-0.07552051404041898,0.0037860403747517137,-0.0003984585537354548
2014-04-24,100.4800033569336,100.5999984741211,99.86000061035156,100.01000213623048,9057800.0,0.8230264475184528,0.8478159131636556,0.7105082423000355,0.8425542815311675,0.5787531524955639,0.6359609175229038,0.44457252044324086,0.8404963808724405,0,0,-0.07432837035525483,0.004875600634522699,0.011144230021766168
2014-04-25,99.98999786376952,100.56999969482422,99.93000030517578,100.41000366210938,10391500.0,0.8256754325850442,0.8503997641927614,0.7363498910503917,0.8432177638435436,0.5648165561725605,0.6260459914626663,0.45540340589953415,0.8461309848180459,0,0,-0.06979297648680283,0.009799053454660247,0.015298457620396538
2014-04-28,100.72000122070312,101.45999908447266,100.30999755859376,101.16999816894533,12710800.0,0.8278797416098316,0.853097159537318,0.7817256876283228,0.8440560203420246,0.5616338394169023,0.6470360047611513,0.47500186817708007,0.8530231874675,0,0,-0.0767851688405234,0.00736976234220352,0.00736976234220352
2014-04-29,101.56999969482422,102.56999969482422,101.2300033569336,101.4499969482422,10094600.0,0.8302746219269188,0.8551298983764644,0.797420575596462,0.8447290659001738,0.5611752640024987,0.6663036908425725,0.5026029301836126,0.8584968027289454,0,0,-0.08461003967104225,0.00988435324798647,0.0037560270860479777
2014-04-30,101.12999725341795,102.41000366210938,100.70999908447266,102.41000366210938,13966700.0,0.8332475796443852,0.8574395793630094,0.8466411315001093,0.8456974602588194,0.5818926774598899,0.6514203486406951,0.5143452411837679,0.866069994561413,0,0,-0.08003938256725758,0.01419420881935487,0.005224311726315964
2014-05-01,101.95999908447266,102.38999938964844,101.1999969482422,101.41000366210938,11161700.0,0.8354455396853495,0.8595055538798209,0.7226260252406459,0.8464385402689083,0.5530202906483817,0.6286799234925023,0.5252488156839124,0.8600177635206908,0,0,-0.08739377627376825,0.005956455312355938,0.0067376468775729925
2014-05-02,101.27999877929688,102.91000366210938,100.9800033569336,102.01000213623048,11168100.0,0.8380373499716645,0.8613444355399615,0.7571684904597666,0.8471983401332719,0.5595008215955521,0.6313706509290278,0.5404339399998428,0.8660734648462854,0,0,-0.0711961439697766,0.016073413114583407,0.016171968547726397
2014-05-05,101.69000244140624,103.12999725341795,101.58000183105467,102.91000366210938,7614200.0,0.8415629746145599,0.8635267243641767,0.8037319285603065,0.847735417553332,0.5927191463580574,0.6479050023412113,0.5565916150820671,0.8702021278268589,0,0,-0.07479663486942084,0.014116211958202495,0.007156119128045987
2014-05-06,102.5999984741211,103.3000030517578,102.41000366210938,102.66999816894533,9669800.0,0.8453045810247051,0.8652520595959818,0.774819095269159,0.8484102892313934,0.6034008794733479,0.6518155278542844,0.5732043501460644,0.8649588527238212,0,0,-0.08298513858348727,0.0068021042923589025,0.001263287126481434
2014-05-07,103.12000274658205,103.4499969482422,102.79000091552734,103.11000061035156,11007400.0,0.8489000832620761,0.8671352526758296,0.7981590656969307,0.8491915248735649,0.5978193932872116,0.6610999643106515,0.5900801141434855,0.8709274173651971,0,0,-0.0882439402899363,0.0032141249395674955,-0.004772625907305249
2014-05-08,103.08999633789062,103.29000091552734,102.16999816894533,102.31999969482422,8922500.0,0.8520699661022177,0.868943670763143,0.7039545477498991,0.849804089602411,0.5803629310389232,0.6254423616683854,0.5864841275120771,0.866089352244217,0,0,-0.08757636238817273,0.0034914228321266737,0.007176854706465365
2014-05-09,101.70999908447266,102.18000030517578,101.26000213623048,101.9499969482422,8948800.0,0.8553541936563602,0.8706357745430531,0.6628183616667467,0.8504084914651071,0.5974026520687065,0.5709526129493149,0.5595444904451767,0.8612370264213393,0,0,-0.05345974625701485,0.01700545219858481,0.02609458734273587
2014-05-12,102.33000183105467,102.3499984741211,101.52999877929688,102.2300033569336,8830500.0,0.8588544078243054,0.8722863390080937,0.6822737592185955,0.851011413256153,0.61640765792196,0.5779948788465238,0.537193926188074,0.8660252061972782,0,0,-0.05973520499835737,0.010985729776491563,0.003923506992177671
2014-05-13,102.18000030517578,102.70999908447266,101.94000244140624,102.36000061035156,7528800.0,0.861713020827771,0.8741861478138893,0.6914936975878672,0.8515278260000749,0.6043379295929697,0.5921985890449208,0.522010414615663,0.8701075625640851,0,0,-0.058104296648283274,0.01242293457266413,-0.0003912835196501121
2014-05-14,102.36000061035156,102.68000030517578,102.11000061035156,102.29000091552734,6999200.0,0.8640062640916089,0.875784092996249,0.6824969065366152,0.8520061745893917,0.5737859685449718,0.5885147624856079,0.5079114395841384,0.8663123722704719,0,0,-0.05978900654640223,0.010648655054623056,-0.003223933461185567
2014-05-15,102.0,102.41999816894533,100.33000183105467,100.77999877929688,13658700.0,0.8645398695259106,0.8777171332539397,0.5145250844172586,0.8528801037145155,0.5401815939012693,0.465269700109408,0.46836770711105574,0.85890618789749,0,0,-0.05631051016401086,0.014175353751728202,-0.007723148973082312
2014-05-16,100.58999633789062,101.0,100.31999969482422,100.73999786376952,10369200.0,0.8647431484789616,0.8796501735116307,0.5106558347364478,0.8535415940641387,0.5407218775584633,0.40954789660408447,0.4318248662614423,0.8532836757257369,0,0,-0.043163311438883675,0.028378652956871274,0.00089307370882451
2014-05-19,100.41999816894533,101.11000061035156,100.41999816894533,100.87000274658205,5851400.0,0.864705035189812,0.8812785822668179,0.5235371702432311,0.8539167373917196,0.5282355572815929,0.4191415574366389,0.3956192039044834,0.85645649211676,0,0,-0.041492956063275035,0.030077415560345117,0.009330975395467043
2014-05-20,100.69000244140624,101.08000183105467,100.4499969482422,100.66999816894533,6134100.0,0.8648956064821116,0.8827103617381618,0.5018957926787804,0.8543062904708401,0.5332786238091424,0.40850939710163264,0.36199966028730735,0.8531303867361375,0,0,-0.04411623333466704,0.027361895823181066,0.008724072860678111
2014-05-21,100.8499984741211,102.22000122070312,100.72000122070312,102.02999877929688,7747900.0,0.8658675341278417,0.8849314198852931,0.6281749494438702,0.8548278860369423,0.5527627885366007,0.5059021255123981,0.34471027362843387,0.8573315461366241,0,0,-0.04579319255191632,0.025826944684728875,0.017284174981799946
2014-05-22,101.80999755859376,101.97000122070312,101.47000122070312,101.5,5304300.0,0.8668140512986211,0.8869503129904446,0.5700161009630802,0.8551767728532815,0.5542035812668936,0.49400077144192595,0.3286558431594799,0.8544553848789929,0,0,-0.054591784391498664,0.016073698022833,0.008232911666520465
2014-05-23,101.5500030517578,101.93000030517578,101.2699966430664,101.31999969482422,5410900.0,0.867392123852448,0.8890772125400257,0.5507106446998631,0.8555297214158242,0.534560661553038,0.4615167879975094,0.30891539723595063,0.8515214216889552,0,0,-0.05192122435922092,0.01871915168950151,0.012610825411791872
2014-05-27,101.61000061035156,101.9000015258789,100.93000030517578,101.36000061035156,8359700.0,0.8675128223968245,0.8912622692433088,0.5546085400907574,0.8560755952017751,0.5200131940370729,0.4388724588397763,0.28254396137090315,0.8560543186339657,0,0,-0.04806556219157611,0.018160248158633114,0.01914728037159023
2014-05-28,101.2300033569336,102.06999969482422,101.0500030517578,101.05999755859376,7586700.0,0.8672650763242484,0.893128844484324,0.5198956014354028,0.8565641554340879,0.5186925870453813,0.44316557177887617,0.2616870679506074,0.8519405670337036,0,0,-0.041041866979670556,0.02190206765924079,0.0132201689998192
2014-05-29,101.54000091552734,101.6500015258789,101.0199966430664,101.2699966430664,6113700.0,0.8665408899045419,0.8949455704346112,0.5428207879533085,0.8569612295356301,0.4881284326844418,0.43731781966902994,0.24155250837992304,0.8552556108812952,0,0,-0.02543043495854187,0.01889962476604512,0.001978992213276244
2014-05-30,100.8000030517578,101.1500015258789,100.37000274658205,100.52999877929688,11499000.0,0.8659818691487373,0.896828761401574,0.45883187100130296,0.8576833337737289,0.4890127197221976,0.36152920425879875,0.22245363114444533,0.8490204849831556,0,0,-0.010960804257393646,0.02616761118127122,0.018564207719332433
2014-06-02,100.52999877929688,100.87999725341795,99.66999816894533,99.94000244140624,7761300.0,0.8646669073610052,0.8983131601555987,0.40036444809642124,0.8581573013873025,0.47887752812536144,0.3177731259123951,0.21877849216830408,0.8448120596737173,0,0,-0.008554666475621768,0.02904603804239447,0.018501946015487374
2014-06-03,99.58999633789062,100.69000244140624,99.58999633789062,100.38999938964844,9384200.0,0.8630660813649949,0.8999969560725349,0.45478484752479154,0.8587418366436697,0.4764945728140002,0.34382533856805403,0.21686335784171423,0.8499004733143227,0,0,0.0,0.03862317906800787,0.041825097088890616
2014-06-04,100.20999908447266,100.45999908447266,99.95999908447266,100.04000091552734,7148800.0,0.8613953826210616,0.9014924326814864,0.41946382207212474,0.8591796938577292,0.47480665864212523,0.34958387820752346,0.21508501882416653,0.8460241651118164,1,0,-0.006175941332319222,0.032274109806435886,0.020918403096809323
2014-06-05,100.0999984741211,100.83000183105467,99.95999908447266,100.5500030517578,12296100.0,0.8597691509966534,0.9030543743071133,0.48051076897847234,0.8599498181691092,0.4842698266065821,0.39840068946904633,0.20269895945758548,0.8526915041461771,0,0,-0.005097982122782154,0.03348658979871271,0.02628953277432741
2014-06-06,100.61000061035156,101.62999725341795,100.5999984741211,101.5999984741211,9340900.0,0.8593117721406507,0.9049652609678354,0.5872328896123227,0.8605619327223528,0.515036740224283,0.5198314652556135,0.18606676501248504,0.8577564391406924,0,0,-0.01014424904528241,0.02824461712277383,0.024564904482714787
2014-06-09,101.4499969482422,101.95999908447266,101.19000244140624,101.5199966430664,6404800.0,0.859038615593124,0.9064275040120067,0.5778105409339906,0.860979871505489,0.504219932991924,0.5642276614887285,0.1776730619028533,0.8542835515546063,0,0,-0.018307092896515588,0.019685039665718374,0.020570905498758393
2014-06-10,101.4800033569336,101.7300033569336,101.0,101.45999908447266,7917500.0,0.858549472431795,0.9074687991333861,0.5703617213839105,0.8614948158592628,0.49581954100477643,0.5467270574302006,0.16487712906874813,0.8499904296050003,0,0,-0.018617091031711063,0.01940498085549488,0.027285231822903048
2014-06-11,101.19000244140624,102.33000183105467,101.0,101.9499969482422,10270300.0,0.8582890186984673,0.9086513321510907,0.6196750057164992,0.8621763833542402,0.5032799032607906,0.613565740227127,0.16551987738929175,0.855559315030834,0,0,-0.015769821781522905,0.022274734153647686,0.030455316043498066
2014-06-12,102.45999908447266,102.9499969482422,101.56999969482422,101.66000366210938,11421000.0,0.857888814622741,0.9097397065712451,0.5809710881755642,0.862924170246202,0.4885227824248278,0.6696628289187907,0.17716767568692326,0.8493664832295773,0,0,-0.02815108222160192,0.009710621808769115,0.007062297618985256
2014-06-13,101.93000030517578,102.66000366210938,101.62999725341795,102.6500015258789,8240300.0,0.8590767288822734,0.9110413260011909,0.6734495790627526,0.8634861723963634,0.520349297390441,0.6864470370821517,0.1879834883918669,0.8538346376724366,0,0,-0.023017941009157373,0.014951766558247256,0.02400159702449135
2014-06-16,102.56999969482422,103.25,102.16999816894533,102.91999816894533,8977600.0,0.8604615682644812,0.9124232561818069,0.6956783520983365,0.8641047710630896,0.5224597599223505,0.7318073807240753,0.20772503555560895,0.8587025797772403,0,0,-0.029030719070981315,0.008572793378830379,0.009547036944626958
2014-06-17,102.58000183105467,102.58999633789062,101.4499969482422,102.41999816894533,9355400.0,0.86144619872441,0.9138245720803235,0.626874955925349,0.8647356517667535,0.532062173910184,0.6285490268080369,0.2055327193068322,0.8536297824185609,0,0,-0.02905174452350739,0.008453120216339425,0.0065098929349523575
2014-06-18,102.56999969482422,102.9499969482422,102.05999755859376,102.7300033569336,9575100.0,0.862754811528319,0.9154723665534115,0.6551544286450589,0.8653891033591248,0.545492345797511,0.6741094804480956,0.20981137639092645,0.8588217081501267,0,0,-0.029095913007320846,0.00859204519772005,-0.03544227024326028
2014-06-19,102.61000061035156,102.83999633789062,101.68000030517578,102.62999725341795,11105600.0,0.8631359589594705,0.916906916016708,0.6408839203244382,0.8661431124873569,0.5481005995198481,0.6325383244369047,0.20372980414264197,0.8527998963252394,0,0,-0.02939749025382571,0.006619296047456868,-0.03708748597384928
2014-06-20,103.27999877929688,104.05999755859376,102.94000244140624,103.83000183105467,17674400.0,0.8646160864111043,0.9187070262410477,0.7413447887213508,0.8674010256003633,0.5783735084516601,0.7458344896746318,0.21763069386335987,0.8623835217860689,0,0,-0.03595442404908921,0.007600105234056336,-0.030692795578088294
2014-06-23,104.11000061035156,104.61000061035156,103.87999725341795,104.37999725341795,8553700.0,0.8665599417025642,0.9208117700807756,0.7789558841645573,0.8680222406552214,0.5939376125340208,0.7572004678946043,0.2376183101867405,0.8670216117412751,0,0,-0.0435327380598104,0.004815563817609933,-0.056919999594392076
2014-06-24,104.18000030517578,104.47000122070312,102.47000122070312,102.7300033569336,9708400.0,0.8674302322950449,0.9224761802798112,0.5762482361670768,0.8686817073023607,0.5814211953752554,0.6358734472158581,0.22480993482040312,0.8617574064826007,0,0,-0.043973980533275545,0.0041195661667992696,-0.04981794486559935
2014-06-25,102.33999633789062,102.62000274658205,101.52999877929688,102.13999938964844,10714800.0,0.8681163005790493,0.9236614832894685,0.5187298919425193,0.8693910683594939,0.5989145653992837,0.5315753018675916,0.20178473925104573,0.8559474989277362,0,0,-0.026769199942933645,0.02209679936029835,-0.039618412944883066
2014-06-26,101.94000244140624,102.37999725341795,100.8499984741211,102.02999877929688,8424200.0,0.8685990899100027,0.9245892319825126,0.5081811189089769,0.8699456622099153,0.6106189554790592,0.49838886830351725,0.1905707242003014,0.8513796280179956,0,0,-0.023007696471102353,0.02614057357450819,-0.021539108975750416
2014-06-27,101.66999816894533,101.79000091552734,100.66000366210938,101.20999908447266,15147400.0,0.869031058291055,0.9249409448966759,0.43341197788415287,0.8709069020575924,0.6234226976346959,0.4447380459125568,0.1828898500480609,0.8431662228497655,0,0,-0.020386179123200766,0.02881507866883164,-0.028815003892838364
2014-06-30,101.20999908447266,101.2699966430664,100.5199966430664,100.68000030517578,9454800.0,0.8695011399612569,0.9250129498972572,0.389937708149373,0.8714921344818909,0.6211684888464545,0.39975380679234873,0.17783151059843638,0.8380395276291611,0,0,-0.016006350768069194,0.033593533807278975,-0.02687482704582332
2014-07-01,101.1500015258789,101.58999633789062,100.79000091552734,101.36000061035156,8399600.0,0.8701173306507857,0.9251320341966136,0.4601921436282962,0.8720275971878029,0.6197723158649222,0.4320783754458488,0.16677308044954364,0.8425940596314233,0,0,-0.015494687954506136,0.034366299900525366,-0.020460917577911252
2014-07-02,101.1500015258789,101.63999938964844,101.04000091552734,101.56999969482422,6954400.0,0.8710892582965157,0.9254643613928761,0.48097173522978465,0.8724746877242757,0.6402299953770633,0.4378414392009477,0.15549016513674507,0.8463649579309295,0,0,-0.015390737752511053,0.03413574451102853,-0.02032365011428285
2014-07-03,101.9499969482422,103.2699966430664,101.68000030517578,102.58999633789062,6922600.0,0.8723851585931206,0.9260431650508254,0.5733226501240785,0.8729391962079096,0.6334459956246273,0.555313278031464,0.15272871922448183,0.8501186132524757,0,0,-0.023235213325218086,0.026188871419726003,-0.028748628312678073
2014-07-07,102.33000183105467,102.6500015258789,102.0199966430664,102.6500015258789,7979600.0,0.8730521702325502,0.9267742865729109,0.5783943960032869,0.8734755808700734,0.631805840606216,0.5401809185738544,0.15016451944880882,0.8544454078099846,0,0,-0.026708310663542286,0.022224377236426448,-0.027390635425438833
2014-07-08,102.33000183105467,103.2300033569336,102.16999816894533,102.83000183105467,9613600.0,0.8738843475358815,0.9274444809493421,0.5942425036051527,0.874126088141582,0.6383751693760668,0.5718390318440397,0.15617084584169605,0.8596582094739862,0,0,-0.02669269802663637,0.022211385732148117,-0.027666867268084434
2014-07-09,102.95999908447266,103.69000244140624,102.80999755859376,103.5500030517578,7655300.0,0.8752120169843651,0.928103599583731,0.6543367674685329,0.8746590593967469,0.6447152690345471,0.6363491448723604,0.16792198226690752,0.8638091581902247,0,0,-0.03277256332367671,0.01604591555477932,-0.0317028306737415
2014-07-10,102.87999725341795,103.06999969482422,102.04000091552734,102.56999969482422,8533700.0,0.8756058720762683,0.9284137731830249,0.5465737924964489,0.8752293493088668,0.6363800442346591,0.5309866727500673,0.16281802447726773,0.8591819128752449,0,0,-0.0317720986824392,0.016706936802975213,-0.034765797856342685
2014-07-11,102.4000015258789,102.5,101.31999969482422,101.73999786376952,7680800.0,0.8756566881796166,0.9282282217541085,0.46932510955432016,0.8757244298340372,0.6518707581239576,0.4400493348587854,0.1449697281304812,0.8550171372427178,0,0,-0.027395975395816216,0.021546252228215372,-0.03802282867780592
2014-07-14,102.16999816894533,103.08000183105467,102.16000366210938,102.68000030517578,8253100.0,0.8756757448241914,0.9285799346682715,0.5516441023040604,0.8762776484474828,0.6378136641024957,0.539785570268655,0.1374326632072913,0.8594922322553219,0,0,-0.025358776147305803,0.023982725502642667,-0.03361508001528293
2014-07-15,102.52999877929688,102.5999984741211,101.73999786376952,102.38999938964844,8755800.0,0.8753390645125649,0.9286851711207482,0.5246161378708386,0.8768569922592975,0.6397975772282244,0.4920507547413719,0.12291452480497622,0.8547445572106285,0,0,-0.028632668802768338,0.02025712723872909,-0.02814568933637568
2014-07-16,102.55999755859376,103.79000091552734,102.54000091552734,103.7699966430664,8870200.0,0.8761966474442939,0.928923337606576,0.6304891523491002,0.8774775523020586,0.6438539958844318,0.6248864448336602,0.1265818357293383,0.8595542635974166,0,0,-0.02539309004414318,0.020021516397870517,-0.029592721919707524
2014-07-17,103.37999725341795,103.88999938964844,102.29000091552734,102.30999755859376,8145700.0,0.8759298398805908,0.9288236390251203,0.5051201412968724,0.8780137910828416,0.6181965616450549,0.5557813688005764,0.1253833620359731,0.8551374043028279,0,0,-0.03295748558910464,0.011853169477921468,-0.036715791479678225
2014-07-18,102.69000244140624,102.95999908447266,101.86000061035156,102.7300033569336,8208300.0,0.8759933684912431,0.9287184025726436,0.5363728050449923,0.8785633323525128,0.6135626263883562,0.5166364952931505,0.11647153874245295,0.8595882073213251,0,0,-0.021210105074013413,0.018766476539555463,-0.03157075001476498
2014-07-21,102.36000061035156,103.19000244140624,102.05999755859376,103.08000183105467,6632400.0,0.8755169329906654,0.9289288775904818,0.5621584460394737,0.8790135171315918,0.603378304703051,0.5558824998946084,0.11171787479712289,0.863184506913187,0,0,-0.017911066944017267,0.021902072680582075,-0.03767159174652987
2014-07-22,103.63999938964844,104.19000244140624,103.5,103.54000091552734,7426300.0,0.8749833275563637,0.929369213344059,0.5954659157387373,0.879526761627218,0.5838517718441815,0.6896955936308342,0.12125783192854817,0.867211284498834,0,0,-0.030267779308887004,0.009410178535822405,-0.043946436736792265
2014-07-23,103.63999938964844,104.4499969482422,103.52999877929688,104.25,7007200.0,0.8759489013717181,0.9299286312841073,0.6438746262722271,0.8800245568265654,0.6062201471633382,0.7169273907389254,0.13341162738945045,0.8710108126485377,0,0,-0.03013330808377597,0.009368371760924516,-0.050994772383714186
2014-07-24,104.41999816894533,104.72000122070312,103.9499969482422,104.27999877929688,7943000.0,0.8773083302789753,0.9304603556432816,0.6458973243191921,0.8805890864024186,0.6013779167087853,0.715633016633579,0.1481251197210922,0.8753177615144324,0,0,-0.037410086579174294,0.0028777271151827176,-0.049496364822204736
2014-07-25,103.93000030517578,103.98999786376952,102.95999908447266,103.18000030517578,7775500.0,0.8780388656825047,0.9307068321049681,0.5405070225547915,0.8811174912505142,0.5832663576510647,0.5968240655531318,0.1418329363264877,0.8711016365104334,0,0,-0.03270045744176185,0.007575766443949995,-0.05907176576734239
2014-07-28,103.29000091552734,104.5199966430664,102.83000183105467,104.37000274658205,9197800.0,0.8800462495846171,0.9317010479275727,0.6248353100755599,0.8817724816477237,0.5992573271171543,0.644266637494292,0.14346507192589736,0.8760889781041292,0,0,-0.026846329368754487,0.01385927797001614,-0.05718163896519146
2014-07-29,104.20999908447266,104.76000213623048,103.5199966430664,103.5500030517578,8055400.0,0.881869411178253,0.932479250861318,0.5537330406327579,0.8823272762992072,0.5947517076780331,0.6334637045187419,0.148267467646074,0.8717210823601624,0,0,-0.035355009526691725,0.005269742620331956,-0.07090161283071568
2014-07-30,103.7300033569336,104.1500015258789,102.56999969482422,103.25,11072100.0,0.8830700282519843,0.9331383673828222,0.5289370119043773,0.8830799028780869,0.5844924347543725,0.5493148325181245,0.13487858895895427,0.8657174353076543,0,0,-0.030999581064837994,0.009946873480844427,-0.06470308430882256
2014-07-31,101.9800033569336,101.9800033569336,98.93000030517578,98.94000244140624,18291800.0,0.8813993295080511,0.9326592623063288,0.2818735184644513,0.8841026475876812,0.5373193420557018,0.15640342829125092,0.1522912570400362,0.8557990358030375,0,0,-0.02953998113082627,0.02692492764452193,-0.060048470485585655
2014-08-01,98.62000274658205,99.5500030517578,98.18000030517578,98.8000030517578,14915000.0,0.8789917463767651,0.9317647471780648,0.2761873753729637,0.8849294562303762,0.5324690216009426,0.13980373513156052,0.1744186245510736,0.8477116453542375,0,0,-0.0044471642465022205,0.0620578051156269,-0.023549643961597474
2014-08-04,98.73999786376952,100.43000030517578,98.30999755859376,100.12999725341795,12148200.0,0.8773909203807548,0.9313853385701425,0.37523799152358084,0.8856468071106645,0.5339349801059285,0.27230546296488356,0.1817233614076626,0.8542987882741243,0,0,-0.005667991308668007,0.06093121545054306,-0.013259084191601439
2014-08-05,99.4800033569336,99.54000091552734,97.77999877929688,98.1999969482422,13069400.0,0.874449722122062,0.930521284901821,0.2922306407379358,0.8863477225035861,0.5154904133866471,0.2630580044353992,0.1931369183291614,0.8472121412254119,0,0,-0.016977974875343253,0.05273143837139829,-0.023968856403788586
2014-08-06,98.1999969482422,99.6500015258789,98.1999969482422,98.9800033569336,9911300.0,0.8715466419990712,0.9298621683803165,0.3457504497655165,0.8869000909615719,0.5065236541644533,0.33055367268951363,0.20202380928703928,0.8525863653591826,0,0,-0.0042769672301180735,0.06680249889871007,-0.016191409239337054
2014-08-07,99.7699966430664,99.83999633789062,97.62999725341795,98.2699966430664,10017100.0,0.8688150765238052,0.9290895054304771,0.31578354115727336,0.8874381313009869,0.4975643467399306,0.3448301746592175,0.2154939620304469,0.8471547730786144,0,0,-0.021620522500199975,0.0504142788838825,-0.02677302289966762
2014-08-08,98.80999755859376,99.79000091552734,98.31999969482422,99.73999786376952,11199300.0,0.867544581855598,0.9286657875157325,0.4120461193897268,0.8880846052172333,0.522954771834716,0.3952851517557749,0.22800196100646836,0.8532273920429622,0,0,-0.012007737310318373,0.060547519903233156,-0.02309959011509322
2014-08-11,99.27999877929688,99.41999816894533,98.54000091552734,98.7300033569336,8589600.0,0.8650353568245104,0.9281672967213384,0.36628315924730737,0.8885559701571997,0.5109990058332368,0.3950206336486598,0.23961653148420253,0.8485698359585496,0,0,-0.016543027483643873,0.05494288624728571,-0.03258472097060832
2014-08-12,98.20999908447266,98.69000244140624,97.81999969482422,98.48999786376952,9583700.0,0.8625578912521961,0.9277657324035626,0.35563414897215984,0.8890750693798384,0.5123990949933597,0.38901547487328886,0.2575184011057578,0.8433732470316865,0,0,-0.00587462586178439,0.06634257904436539,-0.024207427411989377
2014-08-13,98.81999969482422,99.30999755859376,98.4800033569336,99.08999633789062,7645800.0,0.8595849335347296,0.9274057095135408,0.3962527226119781,0.8895015362878511,0.5023763438826769,0.42210067172752647,0.262166196524508,0.8475190445438175,0,0,-0.012082469968699409,0.06031071753725106,-0.046400647720039566
2014-08-14,99.0999984741211,99.27999877929688,98.5999984741211,99.08999633789062,6547300.0,0.8575394363434681,0.9271426152130218,0.3962527226119781,0.8898664819734736,0.5241139670505518,0.4308241238219902,0.26648200655620474,0.8510692001915164,0,0,-0.014835011353623709,0.057119829158224354,-0.03703701992712615
2014-08-15,99.23999786376952,99.43000030517578,98.13999938964844,99.02999877929688,9226900.0,0.8551890182993536,0.9267216651773456,0.39293891476079945,0.8903788698056174,0.5215629422375772,0.43297471905567214,0.27573896249183755,0.8460660796462912,0,0,-0.016247862244959242,0.05570697826688882,-0.04854170689634449
2014-08-18,99.27999877929688,99.52999877929688,99.0999984741211,99.5199966430664,7135400.0,0.8529275344942895,0.9261456293984645,0.43054159558525307,0.8907844520678325,0.5244979024261499,0.4567825792251252,0.28218228526063877,0.8499351219398459,0,0,-0.016661633305239103,0.055336801216635506,-0.05281223661523921
2014-08-19,99.5,99.9499969482422,99.43000030517578,99.48999786376952,8888100.0,0.8503547808525493,0.925583441466463,0.4286102642956292,0.8912885349571646,0.5239523681812803,0.47085872727553707,0.27910766994329655,0.8451157096000551,0,0,-0.018790221158154843,0.052853720997356454,-0.06672025335233016
2014-08-20,99.5500030517578,99.9000015258789,99.04000091552734,99.6999969482422,6751800.0,0.8474644035437575,0.9250960264141108,0.446036924678309,0.8916750823342787,0.5232513541526024,0.4729482059114664,0.2814668341760618,0.8487767516940684,0,0,-0.01929848064695795,0.05236706398975578,-0.0628203853070542
2014-08-21,99.8000030517578,100.06999969482422,99.26000213623048,99.27999877929688,6826200.0,0.84428816687324,0.9243565970290517,0.41606736228388563,0.8920577293341281,0.5125046431345679,0.4789065434399853,0.27982927981721406,0.8450753675384132,0,0,-0.021765354711759628,0.04974924008320277,-0.05897698157267738
2014-08-22,98.88999938964844,98.9800033569336,98.08000183105467,98.5,8095000.0,0.8413152091557734,0.9234814655058032,0.3636556759064068,0.8924937717047334,0.5203606757877958,0.41933513074333406,0.29315600645600237,0.8406859994067982,0,0,-0.012691399594308159,0.05912573346854365,-0.04401695004344943
2014-08-25,98.80999755859376,98.9000015258789,98.5,98.75,7569800.0,0.8377451173933528,0.9224013989486226,0.3875009580904226,0.8929064317864781,0.5089752028151691,0.4317181995201716,0.30553082404916293,0.8447905872860692,0,0,-0.011979698529703651,0.0604061378440276,-0.0552283737260073
2014-08-26,99.12000274658205,100.30999755859376,99.0199966430664,99.63999938964844,8536500.0,0.8352612979906631,0.921493035973479,0.467714664880057,0.8933923558050538,0.5236964103225338,0.5543300591718491,0.287534757082766,0.8494193508506808,0,0,-0.015088663221914845,0.057113917869857596,-0.04567090770866312
2014-08-27,99.77999877929688,99.95999908447266,99.08999633789062,99.52999877929688,5848700.0,0.8328981771323496,0.920692679442765,0.4590581921988942,0.8937232810562565,0.526925639320752,0.5909266782634965,0.2708241234711117,0.8462479984860882,0,0,-0.021577695092823167,0.049979961736641466,-0.07988758664424096
2014-08-28,99.04000091552734,99.73999786376952,99.01000213623048,99.56999969482422,6072700.0,0.8332983812080759,0.9198175479195168,0.46280921548261045,0.894067352882431,0.5699092348112428,0.5837148510752577,0.25657671556043904,0.8495408108212159,0,0,-0.014166619907591946,0.05747012248424693,-0.07475135670305902
2014-08-29,99.37999725341795,99.66999816894533,98.72000122070312,99.45999908447266,8873700.0,0.8337176419283769,0.9189396485172003,0.4530361126572998,0.8945670805211638,0.5826859084584795,0.5448774293550225,0.2480350016442442,0.844729206622388,0,0,-0.01757557502624927,0.054032388262548005,-0.08576881532290745
2014-09-02,99.43000030517578,99.58999633789062,97.80999755859376,98.48999786376952,8957100.0,0.8326758366881715,0.9174607876341967,0.37266263521252674,0.8950471795049038,0.5609625271794796,0.4102438058214748,0.2533326276105135,0.8398723802738164,0,0,-0.018097758579598024,0.05358940156964875,-0.08928209667361939
2014-09-03,98.86000061035156,99.58999633789062,98.86000061035156,99.11000061035156,8475100.0,0.8332539140885507,0.9160013145819783,0.43735832238862593,0.8955155099105858,0.5693150494723431,0.5286415288531352,0.25825185172204934,0.8444678507929331,0,0,-0.012488611875440769,0.05990457563050971,-0.08772463780128421
2014-09-04,99.0,99.4499969482422,97.97000122070312,98.36000061035156,9662900.0,0.8328600589966477,0.9147910858705146,0.3783324787612564,0.8960291005564573,0.55863299701095,0.39716602065326717,0.274263222410078,0.8392283170907735,0,0,-0.01382305254913857,0.05811726466308667,-0.08475432826303067
2014-09-05,98.73999786376952,99.3000030517578,98.11000061035156,99.26000213623048,9476900.0,0.833488957346928,0.9139934993317533,0.46628430805751375,0.8965557705883165,0.5848354678539074,0.458841230735738,0.2891309237632475,0.844366995638828,0,0,-0.011285081369090032,0.061203784415465035,-0.07655549748445602
2014-09-08,98.91999816894533,98.91999816894533,97.4499969482422,97.7699966430664,10080100.0,0.8322375193232956,0.9128137341931168,0.35929444107373154,0.8970742073868299,0.5524637619424033,0.2959076508378348,0.31069525302680134,0.8389012427415468,0,0,-0.014809602952512591,0.058835420527897815,-0.07203305835180038
2014-09-09,97.69000244140624,98.02999877929688,96.95999908447266,97.38999938964844,9756400.0,0.8313862853753897,0.9117558233457896,0.3355891216287863,0.8975653474120127,0.5584159006548549,0.23313819789057072,0.3359091558306529,0.833611010346329,0,0,-0.007466537608655523,0.07231256967958209,-0.041321479536062106
2014-09-10,97.36000061035156,97.52999877929688,95.83000183105467,96.80999755859376,12113700.0,0.8303190696602338,0.9106840646515828,0.3006388668101775,0.8981552501954995,0.5517430839248244,0.17778544343153735,0.36945018559862547,0.8270425744308326,0,0,-0.015710019395066475,0.06971969358333369,-0.04343365215569776
2014-09-11,96.31999969482422,97.12000274658205,95.81999969482422,97.02999877929688,10181100.0,0.8290104617028773,0.9094849137950456,0.32389760396465384,0.8986566531895774,0.562137257057898,0.24647816298141745,0.40067710893952196,0.832563092761257,0,0,-0.005164755837302625,0.058465073906067255,-0.022828211343927218
2014-09-12,96.52999877929688,96.58999633789062,95.62999725341795,95.77999877929688,10257500.0,0.8269077945778915,0.9078814307416649,0.25183758565439907,0.8991261981575112,0.5421861128734223,0.24360192616952447,0.4312939129478462,0.827001147905168,0,0,-0.009275497652288462,0.04019377074042634,-0.021024435135442148
2014-09-15,95.7300033569336,96.4000015258789,95.4000015258789,96.29000091552734,10689400.0,0.8251672182394827,0.9061367097919588,0.3056324149950961,0.8996299535793209,0.5518861408107922,0.30103350396967454,0.4617006990285038,0.832797282766945,0,0,-0.003445414859683819,0.04907075598395294,-0.021090042787697
2014-09-16,96.2300033569336,98.0500030517578,96.0199966430664,97.43000030517578,11574100.0,0.8238395536375516,0.9046910824737353,0.4133587033063688,0.9002109344325269,0.5472713943386182,0.41127873958842553,0.4474836670501458,0.8390731302891344,0,0,-0.00861981330525509,0.042371940625895735,-0.01173543329596417
2014-09-17,97.91000366210938,97.93000030517578,96.8000030517578,97.08000183105467,8774200.0,0.8223086100825696,0.9030986772752809,0.3898067000379468,0.9006425419594462,0.5521107012539962,0.43006474818219537,0.4342821373559564,0.8343154781754327,0,0,-0.025762107445022043,0.02463300717404282,-0.03407582175736051
2014-09-18,97.1500015258789,97.31999969482422,96.4800033569336,96.61000061035156,8636600.0,0.8203456981465349,0.9011767127596322,0.3587317627908452,0.901055928776954,0.5328935304923618,0.40603927684249813,0.42648046519910127,0.8296324371864883,0,0,-0.018026369664119607,0.03255043235592539,-0.027812160349311065
2014-09-19,97.08000183105467,97.55999755859376,96.87000274658205,97.12000274658205,18178100.0,0.8189735664250788,0.8996673904166861,0.4074820358778375,0.9019502355093594,0.5358713996354239,0.4433905351282129,0.41354201657001005,0.8394891849114183,0,0,-0.017389507241093616,0.033433347553389864,-0.0038298596857929425
2014-09-22,96.9000015258789,97.0,96.2699966430664,96.54000091552734,8816900.0,0.817728482231822,0.8982273030823682,0.3671322348646203,0.9023694774025022,0.5323489551230578,0.409179834564199,0.41014038511339485,0.8347083794908333,0,0,-0.015444810106873577,0.03511116079364883,-0.016886319432338977
2014-09-23,96.27999877929688,97.16000366210938,96.02999877929688,96.02999877929688,10300700.0,0.8160006087076124,0.8963856514302746,0.3335013366579378,0.9028444887415454,0.5078766014118358,0.4050274555384993,0.41023413523102753,0.8291230102118555,0,0,-0.009115364046743357,0.04174434163122854,-0.018230807121811337
2014-09-24,95.87000274658205,96.25,94.83999633789062,95.81999969482422,12200000.0,0.8135739640851991,0.8945661554880346,0.3198111388945285,0.9033994949182103,0.5180919943082819,0.3592059191616927,0.4242763835517725,0.8225077796737824,0,0,-0.010725881722217409,0.04623549795325977,-0.008330761865325562
2014-09-25,95.66000366210938,95.88999938964844,94.1999969482422,94.25,12854200.0,0.810219858936581,0.8919296872891327,0.23048230458762234,0.9039285441315532,0.4936845132922637,0.30903872786926145,0.4434708508950373,0.8155378209539055,0,0,-0.015236972641589734,0.04852842737731256,0.0062617248594451546
2014-09-26,94.33000183105467,95.76000213623048,93.8000030517578,95.43000030517578,11256800.0,0.8075899353611167,0.8900243406123165,0.34843338920537315,0.9044275146497474,0.5021581125628306,0.33864520511886753,0.46486467269750237,0.8216416182589039,0,0,-0.005623329223309019,0.06344823053091873,0.023978721557941132
2014-09-29,94.70999908447266,94.77999877929688,93.8000030517578,94.43000030517578,14015000.0,0.8043946420460246,0.8877257374806979,0.29327884066579657,0.9050098359933743,0.5002588096933739,0.307045327138824,0.4847303643712199,0.8140422366202896,0,0,-0.00953574378921492,0.05868174008396586,0.01645184627269741
2014-09-30,94.11000061035156,94.80999755859376,93.62000274658205,94.0500030517578,15576500.0,0.8015741471782607,0.8852249693071002,0.2737278835634047,0.9056400237936777,0.49583120500439704,0.3156454710935528,0.5048872615177245,0.8055961596960031,0,0,-0.00518900627116338,0.06565706796786248,0.024356698552628803
2014-10-01,94.11000061035156,94.54000091552734,92.72000122070312,92.86000061035156,14028600.0,0.7976038513401138,0.8822672496539774,0.217695887321508,0.9061613946397391,0.4773659000313836,0.2907208093753755,0.5313738250336473,0.7979894037020349,0,0,-0.014779365704895193,0.0659223471245419,0.013503419477482471
2014-10-02,92.38999938964844,93.9000015258789,92.05999755859376,93.3000030517578,13756500.0,0.7943895013804472,0.8792347571212056,0.2615684310825047,0.9066884305591212,0.49614237140257444,0.30382850955809354,0.5607933434930135,0.8054486183657236,0,0,-0.003553756503183636,0.08528966311532035,0.024445447528975022
2014-10-03,93.5999984741211,94.11000061035156,92.58000183105467,93.91999816894533,11563000.0,0.7909972780961272,0.8763656581946118,0.3212163375239965,0.9071503713700779,0.49584396199331227,0.35583098714179473,0.5818504985049,0.8117184471125874,0,0,-0.01650590423531948,0.07191853017143339,0.015969965863162523
2014-10-06,94.01000213623048,95.33000183105467,93.91000366210938,94.5199966430664,10595400.0,0.7889327242602906,0.8739673564815378,0.3759071314203196,0.9075904719336187,0.5042718022045953,0.43510662310972487,0.569671203849917,0.8174636121653006,0,0,-0.02076240008149285,0.06707831713359612,0.011712079382096861
2014-10-07,94.2699966430664,95.19000244140624,93.33000183105467,93.37000274658205,10787900.0,0.7863790321096777,0.8709210161018863,0.3100561159710228,0.908004453657401,0.48739421635997293,0.40536679958543426,0.5648854965715808,0.8116140674504089,0,0,-0.023381286108358726,0.06390183167627553,0.006347927685412726
2014-10-08,93.41999816894533,94.83000183105467,92.41999816894533,94.61000061035156,15583700.0,0.784981489913271,0.8684451715172099,0.4142621065627925,0.9086541225530333,0.5092428766156756,0.41499478119682875,0.5694362535795396,0.8200640484451769,0,0,-0.014565712438102583,0.0700439190655024,0.023455096679713915
2014-10-09,94.0500030517578,94.48999786376952,91.62999725341795,91.81999969482422,17915600.0,0.7816718518841781,0.8652797468382019,0.2778119877366778,0.9092644135170844,0.46045813595424256,0.34704345358140065,0.5803738542358916,0.8103496366232177,0,0,-0.025578752591986175,0.060141578853231285,0.018708346175327684
2014-10-10,92.44000244140624,93.2699966430664,90.9000015258789,91.5999984741211,18173100.0,0.7790165178337636,0.8632470058861708,0.26892277190064107,0.9098716018657877,0.45968348061429515,0.32519878889719706,0.5960247719133407,0.8004956000583442,0,0,-0.016771955136633893,0.0787409687602802,0.047593063948069905
2014-10-13,91.31999969482422,92.52999877929688,90.76000213623048,90.83999633789062,14451100.0,0.775554416954968,0.8610425613521024,0.23851680720951143,0.9103239836434889,0.4165665445074465,0.3177450970661623,0.6115736325746739,0.7926597510395944,0,0,-0.0061135105668363825,0.09028380765096686,0.04803495195605269
2014-10-14,91.48999786376952,92.2300033569336,90.05999755859375,90.5500030517578,23120500.0,0.7711839170410948,0.8583894774272527,0.22711328022580882,0.9110283601294458,0.38207898771768417,0.3138387602365733,0.6309105346103332,0.7801230758219289,1,0,-0.015741967886664193,0.08916775430056337,0.03621753685777124
2014-10-15,89.0,90.61000061035156,86.91000366210938,90.22000122070312,24703500.0,0.7668261199414206,0.8561794971350483,0.21390523624172106,0.9117572714016196,0.43009130067660784,0.25533338770177366,0.6640369996150508,0.7667280473303478,0,0,-0.02308112940312102,0.11540581552790287,0.06051908528154614
2014-10-16,88.58000183105469,91.2699966430664,88.18000030517578,90.5999984741211,25212600.0,0.7630082821064239,0.8538587382935765,0.249981768772475,0.9125252889251843,0.47071910066371286,0.32440447593393956,0.6814607389455105,0.7803991261388906,0,0,-0.018510287589777727,0.11882067253001934,0.021724662579841417
2014-10-17,91.12999725341795,92.25,90.5,91.20999908447266,18189200.0,0.759253968035527,0.8519035423260324,0.3065631223722425,0.9131081190809973,0.47388119359260317,0.40237352647019464,0.6794972214016266,0.7902618926391463,0,0,-0.04657829649427615,0.08598235150911732,0.013465797364793768
2014-10-20,90.62999725341795,91.88999938964844,90.62999725341795,91.7699966430664,10821700.0,0.7562238355377842,0.8496963299128959,0.3563225631431658,0.9134707176735781,0.49606951426852686,0.41916653691775285,0.6776739551108775,0.7961297647960205,0,0,-0.04078493179090341,0.08135079347460497,0.03903086529681072
2014-10-21,92.86000061035156,94.02999877929688,92.36000061035156,93.6500015258789,15757000.0,0.7547119486273766,0.8482894740304736,0.4981776495357254,0.9140777117611365,0.5339767089335038,0.530623465616574,0.6421278931262016,0.8046737145983498,0,0,-0.0648359721683801,0.05655445822442842,0.022774288049933658
2014-10-22,93.95999908447266,94.58999633789062,92.9800033569336,93.12999725341795,12733600.0,0.7530031317477415,0.8468050752764489,0.4648784438412905,0.9145497826313762,0.5036302201060532,0.551749101971939,0.6017717754897056,0.7977691490590377,0,0,-0.07528024887874786,0.043673293119540685,0.004378042236295001
2014-10-23,94.30999755859376,94.9800033569336,93.87000274658205,94.11000061035156,11345100.0,0.7529141975086913,0.8454259150877859,0.5300265478423101,0.9149997789345785,0.5149789477416088,0.6002622774403394,0.5592556060770046,0.8039208254506355,0,0,-0.07945875780870167,0.040158977810200384,-0.005261439688827673
2014-10-24,94.19000244140624,94.52999877929688,93.22000122070312,94.48999786376952,9734100.0,0.7523170634637371,0.8441519913515991,0.5539889388533363,0.9153954300402991,0.5183375965549215,0.5905455870076446,0.52673781412514,0.8091989660720009,0,0,-0.07735627172545255,0.041015838755897156,-0.026458457942993018
2014-10-27,93.8499984741211,93.8499984741211,92.7699966430664,93.70999908447266,11387700.0,0.7518596846077341,0.8426786704525013,0.49897714655064074,0.9158339931297861,0.5272310263203144,0.5542851539530822,0.501200513689789,0.8030241905967209,0,0,-0.07344687235592302,0.044449197508629856,-0.02614034582013909
2014-10-28,94.44000244140624,95.1999969482422,93.93000030517578,95.0999984741211,12564100.0,0.7525266914006112,0.841454596007043,0.5856285143263128,0.9163641727811318,0.5571463137835396,0.6348017239598979,0.45953374278276177,0.8098368478101148,0,0,-0.08035427225337098,0.03724253439191232,-0.061572983980713626
2014-10-29,95.41999816894533,95.9800033569336,93.62000274658205,94.58999633789062,12409100.0,0.7536256665745409,0.8400975894153484,0.5492070837227857,0.9168702331016703,0.5765383478602599,0.6247078867962043,0.42270034448428234,0.8031082365584752,0,0,-0.08948469656549699,0.022502622754834015,-0.0654048508990854
2014-10-30,93.87000274658205,94.66999816894533,93.22000122070312,94.4499969482422,9767900.0,0.7543561971315178,0.8386436542341509,0.539070171641105,0.9172645047415435,0.5805904347796403,0.5813962458816335,0.38360093199292294,0.7978117684951272,0,0,-0.0735807099474921,0.03901041288584541,-0.07685806696187333
2014-10-31,94.98999786376952,96.88999938964844,94.30999755859376,96.70999908447266,17493700.0,0.7561285377752529,0.8379319184299658,0.6659702839842204,0.9180755929504083,0.5933585931427452,0.673352681266984,0.3700190516431778,0.8072974126315117,0,0,-0.085547850320079,0.022975181243563222,-0.0856537490660149
2014-11-03,96.55999755859376,97.0999984741211,94.8000030517578,95.26000213623048,13410000.0,0.7565986242920073,0.8370346333097489,0.5650813738431305,0.9186444112883669,0.5802051076281273,0.6518570825328636,0.35925835246824506,0.8000260813597444,0,0,-0.09978279379421223,0.006204178566804942,-0.10495289000694479
2014-11-04,94.5,94.88999938964844,93.88999938964844,94.5199966430664,13498500.0,0.7573291548489842,0.8358631760340864,0.5189398968829313,0.9191895515060646,0.6079696792472661,0.5800175722010991,0.3374597546163451,0.7927067625549756,0,0,-0.07967663413482018,0.02729370581372504,-0.057526802792810035
2014-11-05,95.36000061035156,95.7699966430664,94.6500015258789,95.06999969482422,12480000.0,0.7576213680410855,0.8345975601608737,0.550492815143268,0.9197112972502706,0.5761405993337848,0.6125626218962946,0.32562651878273735,0.7994738180562175,0,0,-0.08939903986826944,0.018408780422837334,-0.04443500949436695
2014-11-06,95.18000030517578,96.41999816894533,94.27999877929688,96.26000213623048,14731400.0,0.7604418677554019,0.833691967177683,0.6139439961736298,0.9203732122734523,0.6324664343238655,0.6259593436265052,0.32046062246071483,0.8074616547077397,0,0,-0.08698849973296718,0.020195626118739124,-0.01619860019428594
2014-11-07,95.8000030517578,97.16000366210938,95.72000122070312,96.58999633789062,13233500.0,0.7636117505955438,0.8328666849451627,0.6306003222907113,0.9209787081993244,0.6529280901968209,0.6543481444666852,0.32194993435451924,0.8146372820295094,0,0,-0.0923540327483786,0.014128408271037195,-0.025659683834283464
2014-11-10,96.87000274658205,97.0999984741211,96.06999969482422,96.27999877929688,9087600.0,0.7670674976439635,0.8319860155508934,0.6075900155893144,0.9213865614550065,0.6685087025000369,0.6425843204389357,0.3233328668273376,0.8097096944034607,0,0,-0.10311625905472295,0.003002390791204193,-0.023604995290770214
2014-11-11,95.77999877929688,96.51000213623048,95.61000061035156,96.41000366210938,7990000.0,0.7707900474095342,0.8314099818848972,0.6149791807680071,0.9217476406101963,0.7064288940970567,0.6209554731096546,0.31751057363016133,0.8140421281738873,0,0,-0.09212707965981838,0.014333245744797858,-0.020772746420412925
2014-11-12,95.9000015258789,96.4000015258789,95.11000061035156,95.37999725341795,11592800.0,0.774067921133301,0.8303769946264914,0.5371324417967531,0.9222392269934176,0.653771972305349,0.587038767440394,0.30456142505493056,0.8077561409130862,0,0,-0.09324756272468372,0.013069205355975617,-0.02790169421457519
2014-11-13,94.95999908447266,95.20999908447266,93.83000183105467,94.66000366210938,12355400.0,0.7766470286054168,0.8293523173439445,0.4875807220441166,0.9227388677191182,0.6301447358686388,0.5067060099971964,0.27519350948188237,0.8010566475204544,0,0,-0.0843991995614658,0.023065680865889115,-0.01981546911378957
2014-11-14,94.87000274658205,95.11000061035156,94.6500015258789,95.08999633789062,9352500.0,0.7791117865169794,0.8281974757942296,0.5172452628229205,0.9231274035832953,0.6541673715526732,0.5244688748644238,0.2479233021640519,0.806127872406301,0,0,-0.08409041597849536,0.02419185323192602,-0.019543693555297864
2014-11-17,94.8499984741211,95.13999938964844,94.19000244140624,95.11000061035156,8704400.0,0.7812335151330922,0.8274608164011228,0.5186677622381887,0.9234891761464561,0.6529516709183504,0.49571541122783025,0.22490859948167413,0.8108476767256128,0,0,-0.08349979091173715,0.024292830759820007,-0.025239264047826664
2014-11-18,95.08000183105467,95.75,94.52999877929688,94.87000274658205,9263200.0,0.7820085176561471,0.8267629284438176,0.49990654075425167,0.9238679375029606,0.6274895747881865,0.5120588499086678,0.20340872072603589,0.8058248731583768,0,0,-0.08590051641799794,0.02186943347394237,-0.023656818268962508
2014-11-19,95.08000183105467,95.73999786376952,94.12999725341795,95.61000061035156,8333200.0,0.783583933177207,0.8264306012475549,0.5560455605262461,0.9242247974777986,0.6623090363866455,0.5163208193412288,0.18089972807563298,0.8103434009550875,0,0,-0.086117823678883,0.021924757782613637,-0.05049015259673219
2014-11-20,95.37000274658205,95.9000015258789,95.26000213623048,95.81999969482422,8422400.0,0.7846702055369374,0.8260955040593394,0.5714794302493356,0.924589900539885,0.6879109515203455,0.5713656363718913,0.15929530914530493,0.8149102958472078,0,0,-0.0884844580113591,0.01872190047171204,-0.058152966765971564
2014-11-21,97.1999969482422,97.1999969482422,96.0999984741211,96.80999755859376,12374900.0,0.7861439791581957,0.8263807519568269,0.6398364414761764,0.9251583809325337,0.6767924942523581,0.6779298580093447,0.1562320074987944,0.8216203627640603,0,0,-0.1073887843759683,0.0,-0.0676267558774486
2014-11-24,96.33999633789062,96.8000030517578,95.25,95.72000122070312,10172400.0,0.7874208276567782,0.8262228962216696,0.5444677552551814,0.9255957444355079,0.6518272759114965,0.5749662761405885,0.1408285158144476,0.8161045618521344,0,0,-0.09740721943592442,0.008883386344794252,-0.04245422047934128
2014-11-25,96.01000213623048,96.02999877929688,94.37000274658205,94.77999877929688,13747400.0,0.7872175487037272,0.8254890047076311,0.4732586228384549,0.9261518598908487,0.6166191842147764,0.4578906003190469,0.12765523007339258,0.8086502814997487,0,0,-0.09506893395392983,0.012432039248181044,-0.04084834530135485
2014-11-26,94.63999938964844,95.12999725341795,94.36000061035156,94.4800033569336,9822100.0,0.7871476759558043,0.8247689610404723,0.4517911561124197,0.9265409370755004,0.6074828031585048,0.4044831845717768,0.11555194535595922,0.8033244244613874,0,0,-0.06815783042491172,0.027009892293361724,-0.04547370346173935
2014-11-28,91.5,91.8499984741211,90.11000061035156,90.54000091552734,19556700.0,0.7846638613996668,0.823087935115489,0.24818796133397444,0.9271103172986854,0.5739757794100735,0.036763592809251455,0.14349684759289466,0.7927201556856551,0,0,-0.01471210139988241,0.06033019417567471,-0.015876375388484992
2014-12-01,90.36000061035156,92.87000274658205,90.27999877929688,92.3499984741211,27584200.0,0.7818941826352515,0.8217669299676427,0.37560016139288466,0.9280438510215183,0.576896315054811,0.21636081899637083,0.15596083383474407,0.8076771919322384,0,0,-0.00276121048676868,0.075546678470572,-0.0068478323427507565
2014-12-02,92.31999969482422,94.66999816894533,92.01000213623048,94.19000244140624,20885300.0,0.7812144681816227,0.8211161213091123,0.4813634174382465,0.9288507395327374,0.6198350378518832,0.39478853740145486,0.14706046373055426,0.8190018701582071,0,0,-0.02393068891161873,0.05284241834379117,-0.03638333151995799
2014-12-03,94.66999816894533,95.33000183105467,94.0,94.9499969482422,16220400.0,0.7814876247291493,0.8208170255647449,0.5202766324766963,0.9295089146339994,0.6267432656978662,0.4895819296870907,0.13212344337376397,0.8277970902745809,0,0,-0.04841275549844528,0.026860587256813565,-0.03768972640776461
2014-12-04,94.12999725341795,94.61000061035156,93.06999969482422,94.37000274658205,12868600.0,0.7810429535338979,0.8204154633598539,0.48967946582788624,0.9300106708346898,0.6507831614012299,0.4336978032029973,0.12650125635315135,0.820819323413741,0,0,-0.04233803867584868,0.032332804565520123,-0.03201686164544536
2014-12-05,93.9499969482422,94.58999633789062,93.3499984741211,93.81999969482422,11831900.0,0.7794929484877886,0.8202963790604978,0.4609703586963173,0.9304543019782927,0.6198921551887125,0.43432150761416055,0.12128065411972533,0.8144036884790339,0,0,-0.04069085754084837,0.03443890966844028,-0.022040840745185745
2014-12-08,92.9000015258789,93.12999725341795,91.37000274658205,91.6999969482422,15735900.0,0.7763865894117468,0.819263391802092,0.3633218293755244,0.9309555585184266,0.5946194424160435,0.3199081146220911,0.1325916836997707,0.8058711797721433,0,0,-0.02973780563422087,0.04583239646504192,-0.00031974823485866774
2014-12-09,91.2300033569336,92.05999755859376,90.76000213623048,91.37999725341795,15883800.0,0.7732738765053291,0.8184187238516709,0.3500724463162923,0.9314473933687739,0.6039499273862435,0.3131788060335635,0.14745505288873745,0.797258474950779,0,0,-0.012213770816308632,0.0651035309704342,-0.003707786026176894
2014-12-10,90.72000122070312,90.7300033569336,88.19999694824219,88.66999816894531,22279400.0,0.7683570586498503,0.8169287851137406,0.25257908249323546,0.9319770580020932,0.5633748263018,0.2409891046539553,0.17678302071873914,0.7851778710778325,0,0,-0.02757719794488919,0.07091262773371007,0.011381056541763662
2014-12-11,88.86000061035156,91.54000091552734,88.8499984741211,89.19999694824219,21522200.0,0.7644312299312286,0.8159151835732354,0.286535766204462,0.9325177046983204,0.5449467857779117,0.31919927325922737,0.19437475652385594,0.7968478968718093,0,0,-0.007443370652290444,0.09405657505484799,0.02357050164711308
2014-12-12,88.70999908447266,89.0,86.5999984741211,86.5999984741211,24568300.0,0.7593111331226987,0.8140596840742622,0.20837137197314717,0.9329657056863989,0.4906050298211799,0.2681654839797508,0.22266913957800694,0.7835261781481584,0,0,-0.0236547161719734,0.09517935150486408,-0.008520203612467116
2014-12-15,87.52999877929688,88.5999984741211,86.5,86.9000015258789,21373600.0,0.7541084607520467,0.8121155659616448,0.22764141738689705,0.933371467624402,0.4469106495801305,0.30896865114304056,0.24942957764695844,0.7951156282652534,0,0,-0.011893750547867184,0.11166279837562627,0.0005774024554140731
2014-12-16,86.37999725341797,89.19999694824219,86.19000244140625,86.41000366210938,26372400.0,0.7485818108839675,0.8098695842255921,0.21335482557435145,0.933837152383266,0.3853501208619653,0.3363868697726423,0.2668898082572667,0.7808156687699846,1,0,-0.00218636143470191,0.12451092640777488,0.01196778938165646
2014-12-17,87.23999786376953,89.9000015258789,87.1500015258789,89.0199966430664,23323000.0,0.74486561010222,0.808664893385149,0.37098282237947255,0.9344075078518643,0.4104308819719619,0.3952611543877669,0.2746577711390539,0.7934621459699419,0,0,-0.01215131787829911,0.11526442150632742,0.02708024381569658
2014-12-18,90.37000274658205,91.16000366210938,88.4000015258789,91.16000366210938,22882700.0,0.7420387614040804,0.8077094511112306,0.47388031111230455,0.9350940544253006,0.4423335679867369,0.4499364292705373,0.26770429658202255,0.8058698784153162,0,0,-0.04695574548194917,0.07672426936888826,0.021118819639546503
2014-12-19,90.20999908447266,93.63999938964844,89.61000061035156,93.63999938964844,38469000.0,0.7406539220218726,0.8082134818895301,0.571676169335511,0.9364942170344706,0.5068651753926473,0.5219839581053447,0.23998326328862835,0.8267290016586878,0,0,-0.04409825012696129,0.07667834119092884,0.01371215390285863
2014-12-22,92.95999908447266,93.66999816894533,92.4499969482422,93.33000183105467,17871800.0,0.7384432640132619,0.8086925890789083,0.5579913820015716,0.9371285756465295,0.5155168506410454,0.5607479182825597,0.2144942272455579,0.8170383395988243,0,0,-0.07229812780001796,0.04527977244132983,-0.00640750190123796
2014-12-23,93.5199966430664,95.18000030517578,93.0500030517578,94.58999633789062,13706500.0,0.7377254314239312,0.809731114208335,0.6045897058680576,0.9376594362513413,0.5358212975412188,0.6081217141518483,0.20308519930536073,0.8244704426619471,0,0,-0.07853845556468392,0.03942998213840504,-0.02164359373658848
2014-12-24,94.22000122070312,94.25,92.9800033569336,93.77999877929688,6875700.0,0.7370901840898278,0.8106256293365992,0.5663349732937131,0.9379109652283613,0.5533693299546878,0.5903083940079084,0.19180966316381326,0.8207422180217316,0,0,-0.08489268516950178,0.031504343407457745,-0.02812140569926022
2014-12-26,93.98999786376952,94.43000030517578,92.62000274658205,93.20999908447266,10585000.0,0.736283417261447,0.8114536794481875,0.5396553114833076,0.9382821574706104,0.5595435941773502,0.5850138735348402,0.17768517400976463,0.8150026921819362,0,0,-0.08317333678708913,0.0342290373881017,-0.03177645304253199
2014-12-29,93.33000183105467,93.86000061035156,92.88999938964844,93.06999969482422,9892100.0,0.7378905922412804,0.8121377216714982,0.5329023020336112,0.9386251214592849,0.5669093617278372,0.5731911407347107,0.1645695769381481,0.8096388789027827,0,0,-0.07660121724899616,0.04151909832849907,-0.02928873923128657
2014-12-30,92.7699966430664,93.38999938964844,92.51000213623048,93.0199966430664,8743400.0,0.7383162067919571,0.812638982457845,0.5303371104355763,0.9389268649684062,0.5365687296073394,0.5580746673212259,0.14817621666935127,0.8048979275350296,0,0,-0.07069941144553459,0.04759858514775686,-0.0042977747694846625
2014-12-31,92.41999816894533,93.12999725341795,92.05999755859376,92.4499969482422,11337200.0,0.7372108729410991,0.8128273017658296,0.5002313964106583,0.939300947838579,0.5036117162977654,0.5444850118605309,0.12826996808313823,0.7987505347763212,0,0,-0.06697480060598833,0.051386787269392685,0.010212907029894318
2015-01-02,92.25,93.0500030517578,91.80999755859376,92.83000183105467,10220400.0,0.7358641516945934,0.8126002110220438,0.5204419094863245,0.9396479554568189,0.5028938072168007,0.551277506363594,0.11259483883577881,0.8042923628247902,0,0,-0.0655489211317813,0.05354242413889359,0.008653359417693405
2015-01-05,92.0999984741211,92.4000015258789,89.5,90.29000091552734,18502400.0,0.7332723414082787,0.8118137023382095,0.3965822676970914,0.9401531812775539,0.46821291110818025,0.4822186453007594,0.12029837121674031,0.79425976925859,0,0,-0.06366471955339073,0.0549391185341439,-0.011741854103098501
2015-01-06,90.23999786376952,91.41000366210938,89.0199966430664,89.80999755859375,16670700.0,0.7307249982414887,0.8106228593446463,0.3763481258187652,0.9405868827020645,0.4626184135116238,0.4617435376194179,0.13134913860813174,0.7852203820675199,0,0,-0.04485541456747047,0.07708493757779727,-0.008860288118855144
2015-01-07,90.6500015258789,91.4800033569336,90.0,90.72000122070312,13590700.0,0.7301024585681368,0.8095787963441985,0.4296765326213483,0.9409720760518323,0.4816206864340027,0.49273439179073547,0.14066483009639158,0.7925896946637322,0,0,-0.04966038532138772,0.0684779166358012,-0.008128308393030807
2015-01-08,91.25,92.2699966430664,91.0,92.2300033569336,15487500.0,0.7306424226793669,0.8091689262763337,0.5097693219321331,0.9414711166632723,0.5122188410579587,0.5397630202520625,0.13869366671649286,0.8009875129390114,0,0,-0.0557759864473967,0.05268958019156239,-0.024691334144937637
2015-01-09,92.3000030517578,92.77999877929688,91.37000274658205,92.0999984741211,14488400.0,0.7328213212292041,0.8083381061727923,0.5030072241260801,0.9419324500927408,0.5413521808096404,0.5455271635716118,0.1303163422032515,0.7931314386662395,0,0,-0.06624742912244745,0.03285263655006783,-0.031226333925921678
2015-01-12,91.23999786376952,91.33999633789062,89.81999969482422,90.33000183105467,15176300.0,0.7335391538185345,0.8071583431470406,0.4166839274440134,0.9423454544889958,0.5632884177425302,0.4723574634830163,0.13736032194458375,0.7849023629928822,0,0,-0.05483165587437279,0.04440829571169205,-0.017806725481208797
2015-01-13,90.87999725341795,91.43000030517578,89.11000061035156,90.0,17469000.0,0.7356989957237969,0.8059259608386082,0.40181178152349106,0.9428052307496153,0.6044376994476599,0.446504855766309,0.14985893496323105,0.7754301119871774,0,0,-0.05192067659628149,0.049263860150912185,-0.024687210033603642
2015-01-14,88.94999694824219,89.88999938964844,87.26000213623047,89.73999786376953,23272100.0,0.7375030958263056,0.8039956884599855,0.3897356435349716,0.943400973157297,0.6723741838224148,0.37475617233090897,0.174859968641145,0.7628112343965961,0,0,-0.030666605631510416,0.07088894314236095,-0.004555511474609375
2015-01-15,90.43000030517578,90.66000366210938,88.51000213623047,88.95999908447266,18759600.0,0.739122973620338,0.8022509653973948,0.3537838605726267,0.9438424882765495,0.6956771280008236,0.3818214062876588,0.18769676515465217,0.752639178757085,0,0,-0.04724758150993152,0.05460220239048117,-0.026632487703828495
2015-01-16,88.9800033569336,91.19000244140624,88.9800033569336,91.12000274658205,17713100.0,0.7404569968991972,0.8013093709703558,0.484048918241748,0.9443574611002297,0.7121246327734687,0.43182302823482555,0.19271313330779344,0.7622437885967523,0,0,-0.03136242068615667,0.06969421101673948,-0.015287776802472348
2015-01-20,91.13999938964844,91.77999877929688,90.37999725341795,91.08999633789062,16761000.0,0.7404125249331197,0.8002071487033215,0.48247774450747827,0.9448427020679282,0.6666780969471615,0.4676241193670636,0.18985051441456696,0.7531554378550603,0,0,-0.0543239332642345,0.04433714655127012,-0.04345916335720477
2015-01-21,91.73999786376952,91.98999786376952,91.01000213623048,91.87000274658205,14276400.0,0.7392881392842396,0.798991382120837,0.5259954329293483,0.9452841440753956,0.6111050495252557,0.503624824554037,0.18450435704266777,0.760896558941433,0,0,-0.06092870397948013,0.03776487627297587,-0.054890769579712236
2015-01-22,92.30999755859376,92.97000122070312,91.31999969482422,92.87000274658205,13559000.0,0.7389959260921384,0.7979611669672688,0.5782014805690125,0.9457378131628373,0.619143188932258,0.5564330305263336,0.1674238061044659,0.7682486827828866,0,0,-0.06661581511071854,0.031239824325452012,-0.07271144122638355
2015-01-23,92.27999877929688,92.4800033569336,90.79000091552734,90.88999938964844,14706300.0,0.7366455128945764,0.7964684603502703,0.4682508070088568,0.9461542756611814,0.5808502131439772,0.4992211709290231,0.15717337375711105,0.7602744561548485,0,0,-0.06557549432305534,0.03122646107583578,-0.07666625289778557
2015-01-26,90.61000061035156,91.94000244140624,90.47000122070312,91.76000213623048,10672500.0,0.7353623154121705,0.7951806887672044,0.5143468627277675,0.9464800576548869,0.5934390205661151,0.5078806191870286,0.15102442620792583,0.7660614272956342,0,0,-0.04863019252532541,0.05028055589738183,-0.06986465526199907
2015-01-27,91.23999786376952,91.5999984741211,90.5999984741211,90.9499969482422,12301500.0,0.7339266550800618,0.7939538443297929,0.4720049425613322,0.9468295509196989,0.5934266324711815,0.4884159363067926,0.14531468919796808,0.7593911602084124,0,0,-0.05503482241495425,0.042938124996518445,-0.07868353370332332
2015-01-28,90.87999725341795,90.93000030517578,87.81999969482422,87.94999694824219,17829700.0,0.7306741869846931,0.792095574838867,0.343060634085549,0.9471979552531375,0.5731184769258694,0.31803437340361806,0.16528119399337615,0.7497233261162253,0,0,-0.05156673963035629,0.04727875971458109,-0.07322700666504584
2015-01-29,88.22000122070312,88.26000213623047,86.02999877929688,87.58000183105469,22683000.0,0.7272184447828256,0.7900157567009454,0.32951296792025453,0.9476442451403781,0.588088196497547,0.22782954969795233,0.19540058329424265,0.7374238774035112,0,0,-0.024900540277392476,0.07913586499120126,-0.04945990477613126
2015-01-30,87.16000366210938,88.41999816894531,86.25,87.41999816894531,22679900.0,0.7240231514677336,0.7878860871594111,0.32342764125626233,0.9480802633695729,0.597821367311022,0.27698513688696913,0.22106520496796872,0.7251261096100322,0,0,-0.01290254463561584,0.09157337834426288,-0.02740353363440897
2015-02-02,87.8499984741211,89.58999633789062,87.5,89.58000183105469,20306300.0,0.7219585976318972,0.7864210741232871,0.44870980115987713,0.9485822947444782,0.6249534242389468,0.40309372732829535,0.2286809515362065,0.736136835501448,0,0,-0.020819031491020407,0.08384811238372417,-0.043125105491087085
2015-02-03,90.9000015258789,92.33000183105467,90.80999755859376,92.25,21900900.0,0.7232036818251537,0.78549055543829,0.5693584594456299,0.9492724255724982,0.6811858668946152,0.6073915472502163,0.2058114212693143,0.7480122045581108,0,0,-0.05436484312387844,0.04777850738794168,-0.053918304669874115
2015-02-04,91.63999938964844,92.2699966430664,90.51000213623048,91.45999908447266,19632200.0,0.724251840895735,0.7842830967187793,0.5320199963633241,0.9498502537856486,0.6956599506297999,0.5747131999160418,0.18723520465370636,0.737366997265524,0,0,-0.060813014746358404,0.03837399366425305,-0.0783739374258977
2015-02-05,92.38999938964844,92.54000091552734,91.6999969482422,92.36000061035156,12809000.0,0.7252936461359407,0.7830507144103467,0.5698070503350732,0.9502561817913473,0.7110877839859452,0.6185745483953562,0.16728249720706934,0.7443124470984894,0,0,-0.06953860347710535,0.030505149174017514,-0.08582985515745324
2015-02-06,92.0999984741211,92.27999877929688,90.95999908447266,91.5,12331200.0,0.7248299134495619,0.7818820271266369,0.5276655690223636,0.9506194372595185,0.6774612666138107,0.5791466783566778,0.15577235126928296,0.7376260757205315,0,0,-0.06572108764304083,0.025227390814823628,-0.07221738983182456
2015-02-09,91.4000015258789,92.29000091552734,91.23999786376952,91.55999755859376,11360700.0,0.7244868793075596,0.7809902798774411,0.5304355881000348,0.9509554917272154,0.667526629414674,0.5892115835780871,0.14497142259189355,0.7437862109315059,0,0,-0.0586885546074539,0.03311474075734289,-0.07519131019467214
2015-02-10,91.73999786376952,91.73999786376952,90.3000030517578,91.01000213623048,12952900.0,0.7249188476886121,0.7800292976196166,0.502012174291849,0.9513200491908376,0.6771851547129917,0.5410668445464751,0.14390857126282341,0.7367627339121119,0,0,-0.06236346916477943,0.02315424642978339,-0.07514195540487105
2015-02-11,90.0199966430664,90.83000183105467,89.79000091552734,90.5999984741211,12240600.0,0.7252999951197638,0.7800459133455642,0.4807256383022013,0.9516513725839819,0.6990470575787563,0.4998143067026688,0.14753342120745988,0.7301254887543792,0,0,-0.043841311615365176,0.037028927233048105,-0.0626304451648074
2015-02-12,91.45999908447266,92.66000366210938,91.0199966430664,92.37000274658205,14843000.0,0.7269706987102498,0.7800514533294702,0.5700467237042565,0.9521196226697133,0.6769215794285561,0.6010704150184948,0.12953074920947738,0.7381738384983644,0,0,-0.05993377921222374,0.01843265118180234,-0.08697568858865715
2015-02-13,92.6999969482422,93.4499969482422,92.27999877929688,93.37000274658205,12061000.0,0.7297721417799912,0.7798243625856842,0.6144619692797203,0.9525303830311684,0.7197092676624347,0.6616330626198667,0.11672948906925898,0.7447136987868643,0,0,-0.07220956988866319,0.0081195190830256,-0.0765399965854807
2015-02-17,92.75,93.06999969482422,92.29000091552734,93.0500030517578,11758700.0,0.7309981693286731,0.7792981782104158,0.5952817383629356,0.9529208439820347,0.7088004409109689,0.6350397193791772,0.10484260465334194,0.7383377552353857,0,0,-0.07197173635029289,0.0074970218234016945,-0.08300310348104495
2015-02-18,91.98999786376952,91.98999786376952,90.38999938964844,91.01000213623048,19177900.0,0.7309473532253248,0.7783676595254188,0.48437982366006826,0.9534572597693516,0.6996595715394607,0.5181264531298879,0.10136462844127372,0.7279388839455404,0,0,-0.06405157322947613,0.015690478630726964,-0.0809242185097877
2015-02-19,89.63999938964844,90.41999816894533,88.58000183105469,89.44000244140625,19350600.0,0.7294037020095911,0.7771546629348869,0.41324340104983914,0.953920356409848,0.6754900863068727,0.41693815150542207,0.11280111828371611,0.7174463691873407,0,0,-0.03966597654780677,0.04186350367172477,-0.05867482927752627
2015-02-20,89.4000015258789,89.94000244140625,88.8499984741211,89.91999816894531,15959900.0,0.7275297194660544,0.7766617100115139,0.4393291721855539,0.9543211707448145,0.6824316782829987,0.4337088062921082,0.12342071599455545,0.7261003378647664,0,0,-0.03767892055671376,0.04528170071346454,-0.047741549149199695
2015-02-23,89.26000213623047,89.55000305175781,88.73999786376953,89.01000213623047,12771800.0,0.7263354562226987,0.7760053634819624,0.3987740418870136,0.9546120061118804,0.6999106965787234,0.41597398635393223,0.1341689409532772,0.7191750590626219,0,0,-0.03592085656924651,0.04659691834222908,-0.039034722060778244
2015-02-24,89.33000183105469,89.77999877929688,89.12999725341797,89.41999816894531,9990700.0,0.7248489749406892,0.7762130685078479,0.42271421955396205,0.9548496770948103,0.6815766962872397,0.44387391825478084,0.14101543800935978,0.7245923364180913,0,0,-0.03707451940858437,0.04628687808457561,-0.059206877272007664
2015-02-25,89.56999969482422,89.69999694824219,89.08000183105469,89.5999984741211,9925700.0,0.7239913920089598,0.7763238449442302,0.43354950154047867,0.955090126067685,0.7024790030159362,0.45057156487299577,0.14783949161147636,0.7299743686928251,0,0,-0.03958847000688881,0.04339071049953866,-0.05502122869259887
2015-02-26,89.12999725341797,89.18000030517578,88.08000183105469,88.6500015258789,13984000.0,0.724436068050764,0.7768915728601375,0.3870091943362328,0.955394852993614,0.7362933410323056,0.40445271575046765,0.16324199105290887,0.7223917962465616,0,0,-0.03459819784501958,0.04821428312939052,-0.03984374727255527
2015-02-27,88.88999938964844,89.27999877929688,88.33999633789062,88.54000091552734,13090600.0,0.7250459049099169,0.7773457543477094,0.3816735974873151,0.9556761230430264,0.7034388055470211,0.39986509048080404,0.175960636989191,0.7152936538792092,0,0,-0.03226170965735026,0.051438211845519256,-0.040045154998914326
2015-03-02,88.33999633789062,88.5199966430664,87.3499984741211,88.04000091552734,13793700.0,0.7254397600018199,0.7777971658433283,0.3568739536287402,0.955954686445462,0.704841997047236,0.34916242924430646,0.19636501855773825,0.7078142681846995,0,0,-0.026089875024935125,0.05771403385489949,-0.019313294181057233
2015-03-03,87.93000030517578,88.0199966430664,87.12999725341797,87.62000274658203,13493800.0,0.7241946758085636,0.7774094514853167,0.3361656033894348,0.9562125247997231,0.6672148364281739,0.33780324156910996,0.21712902353035485,0.7004974978703838,0,0,-0.021581116607460288,0.06269873450322597,0.0017037883271131468
2015-03-04,87.95999908447266,87.95999908447266,86.93000030517578,87.18000030517578,13467600.0,0.7209739720185209,0.7763072292182827,0.31454681232179704,0.9564545710527921,0.613976638142647,0.3465361649604015,0.23811129558808403,0.6931949340347647,0,0,-0.022026937282321288,0.06265690129738902,-0.0026249226241668246
2015-03-05,87.06999969482422,87.19000244140625,86.5199966430664,86.73999786376953,12527600.0,0.717975603826104,0.7743963425575606,0.29310101059387317,0.9566655332701015,0.6022108400196284,0.3391550673050496,0.26110319423059875,0.686402068289784,0,0,-0.01192935205192469,0.07318189069837855,-0.0016058658999583174
2015-03-06,86.41000366210938,86.5999984741211,85.31999969482422,85.62999725341797,16070500.0,0.7137003871351044,0.7722639030240734,0.24280712928926548,0.9568907612205506,0.5708889070270717,0.3092164192196081,0.2916865277980139,0.6776881287519066,0,0,-0.0125663361094045,0.08116201820974871,0.009568759765981467
2015-03-09,86.12000274658203,86.37999725341797,85.12000274658203,85.16000366210938,14503800.0,0.7096729213632333,0.7696523605269778,0.2230666115532056,0.9570765522904963,0.548127037271721,0.3169151304265687,0.32150320297340107,0.6698237041061604,0,0,-0.011678150555587977,0.08560077585857437,0.008875330272249914
2015-03-10,84.81999969482422,85.52999877929688,84.23999786376953,84.26000213623047,17195500.0,0.7050356187322093,0.7670158923280761,0.18734433230682915,0.9572574823147257,0.5235885123106964,0.305916578231643,0.3551410690646708,0.6604997535555509,0,0,-0.006810730461637478,0.10133862003645928,0.03100046120386752
2015-03-11,84.93000030517578,84.93000030517578,84.0,84.0199966430664,13004700.0,0.7005952363773083,0.7644708127347712,0.1781496163142499,0.9573862676639835,0.49897071396184445,0.31915169197967885,0.3879164492441825,0.6534481889179706,0,0,-0.011037268948464645,0.10111555218443267,0.030975558321631035
2015-03-12,84.43000030517578,84.72000122070312,84.05999755859375,84.22000122070312,10792900.0,0.6965423601304868,0.7620198938519014,0.19919901868733672,0.9574984770582655,0.4741106189586751,0.34584878861578033,0.41835073083944324,0.6593004447929189,0,0,-0.005117832924970323,0.10735535590872675,0.030230909509765525
2015-03-13,83.9000015258789,84.18000030517578,82.68000030517578,83.87000274658203,16799900.0,0.6911427577906071,0.759485894226408,0.18408946343987007,0.9576581231528452,0.4746371595895995,0.33736898548016764,0.45508220394998594,0.6501910012259866,0,0,-0.014485884623844222,0.11339343723514096,0.03692710241361355
2015-03-16,83.70999908447266,84.86000061035156,83.2699966430664,84.76000213623047,13516200.0,0.6856732778562518,0.7573562267977587,0.27855540938133416,0.9578166640644423,0.47745573865181645,0.3782011090560786,0.4742774146905679,0.6575199175373558,0,0,-0.012280895976706651,0.11613207994280746,0.04876599300519084
2015-03-17,84.54000091552734,84.8499984741211,84.0199966430664,84.08000183105469,12979700.0,0.6799751084938952,0.7549330014957629,0.24423319901889304,0.9579465386629642,0.43278101674914476,0.3915921724514211,0.49210153894967973,0.6504819087000584,0,0,-0.02194432000322602,0.10512029032743854,0.03928742032949154
2015-03-18,83.54000091552734,86.37000274658203,83.43000030517578,86.06999969482422,18745700.0,0.6768369851125271,0.7537643142120534,0.41979443353667145,0.9582275853088009,0.47138679999594113,0.4401995658185837,0.4786964107629433,0.6606464273146123,0,0,-0.010228360985048457,0.1178638893541821,0.045551876161354796
2015-03-19,85.19000244140625,85.5,84.33000183105469,84.41000366210938,12738500.0,0.6736416917974348,0.7522688397159869,0.3315998136149605,0.9583651996347133,0.4518490535372192,0.42555369595945175,0.46624879173240213,0.6537392048384447,0,0,-0.029162334670966735,0.09596833433395101,0.04252348141851958
2015-03-20,84.66999816894531,85.4000015258789,84.38999938964844,84.54000091552734,36083500.0,0.6702240628847169,0.7505573502181762,0.34188445284323,0.9587659420487582,0.37008201971874766,0.4343070489065689,0.4546902883468999,0.6733048336188185,1,0,-0.02357537942700999,0.10401609286078166,0.05260042943700657
2015-03-23,85.0199966430664,85.77999877929688,85.01000213623047,85.43000030517578,17450700.0,0.6679498762654539,0.7486741571383286,0.41088818764107704,0.9589982107358632,0.38181052349168687,0.46943153840492813,0.4365016955939263,0.6827671617787162,0,0,-0.027679161492188263,0.0997161132467822,0.04246515174363791
2015-03-24,85.30000305175781,85.77999877929688,84.5,84.5199966430664,10174300.0,0.6648371633590362,0.7465749511696218,0.3610622640405806,0.959110279800663,0.36418751886896383,0.4513940633131208,0.42609827246536786,0.677250330625969,0,0,-0.03066841551238176,0.09539967069379282,0.03382885847272257
2015-03-25,85.05000305175781,85.56999969482422,84.7699966430664,84.86000061035156,11934700.0,0.6618260923524202,0.7450600888427696,0.3877018077872262,0.959251770281893,0.33212835398691376,0.46528982945565717,0.4164379509888492,0.6837217070114395,0,0,-0.02804073403588397,0.09938469273677476,0.03017032091390257
2015-03-26,85.30000305175781,85.56999969482422,84.08999633789062,84.31999969482422,14400700.0,0.6590754702325796,0.743487069362216,0.35734857514388996,0.9594028472272558,0.31118811266411617,0.443628432917356,0.415983999660917,0.6759131864860601,1,0,-0.0308744134779376,0.09604046474034812,0.043483322949229374
2015-03-27,84.04000091552734,84.05000305175781,83.33000183105469,83.58000183105469,11579300.0,0.6559246440370126,0.7417811198483113,0.31779381438003085,0.9595027633985223,0.31918001027801834,0.36931742221252883,0.42394881395350986,0.6696345193574118,0,0,-0.016129039554954396,0.11159862508031375,0.032495230949789955
2015-03-30,84.2699966430664,85.81999969482422,84.25,85.62999725341797,15653200.0,0.6543936956354781,0.7408589090262878,0.4718832278022932,0.9597178506051622,0.3380235318191843,0.5182961659758507,0.3973680144823209,0.6781221854769663,0,0,-0.019023645645576567,0.10528838070075412,0.03290260755866865
2015-03-31,84.8499984741211,85.33999633789062,84.45999908447266,85.0,13354000.0,0.6527293458753678,0.7391640352544251,0.4351212117266877,0.9598801051529997,0.34137605160093965,0.4998072516346258,0.37268584354478823,0.6708812191978328,0,0,-0.025341565322293595,0.08338198783912056,0.019969626758389283
2015-04-01,85.69999694824219,86.0,84.26000213623047,84.45999908447266,14522300.0,0.6510014723511581,0.7373279235862373,0.40453862226619497,0.960036770728458,0.3328380743299208,0.5130904730750293,0.3389376205285795,0.6630067632598772,1,0,-0.035529372271369486,0.05552942612591928,0.01494122673483456
2015-04-02,84.08999633789062,84.94000244140625,83.8499984741211,84.30000305175781,11297400.0,0.6494514721516012,0.7352314876094834,0.3953815114162599,0.9601540010609448,0.33751721034332316,0.43619137751430387,0.3136956612858281,0.6568809513352193,0,0,-0.016694246365130037,0.06926362972920165,0.038598178683023406
2015-04-06,85.1500015258789,85.63999938964844,84.19999694824219,85.12999725341797,10916400.0,0.6491338484845495,0.7330879702210695,0.4581912541084432,0.9602897582548802,0.36053890324245313,0.565412317153643,0.28453301221550814,0.6628001728635653,0,0,-0.02930013204372738,0.05492285985535827,0.020166036615662252
2015-04-07,85.01000213623047,86.16999816894531,84.76000213623047,85.75,11836100.0,0.6495086420853253,0.7316644986126997,0.5021196971557559,0.9604550942797307,0.3974040753699488,0.6808596913123932,0.26525106431400547,0.6692180851727199,0,0,-0.027369927243374108,0.05603191350831262,0.023258496316462242
2015-04-08,85.80000305175781,85.9000015258789,84.0199966430664,84.05999755859375,16257100.0,0.649381589710573,0.7295320590792125,0.3981785286882159,0.9606134943174918,0.3996056197041849,0.49858825075955315,0.2381615055994174,0.6604029651415307,0,0,-0.036384871680256926,0.045480978384657436,0.015510136462509112
2015-04-09,84.0,84.7300033569336,83.80999755859375,84.6500015258789,13281800.0,0.649781798632852,0.7277873381295066,0.44055114278711505,0.9607622414891641,0.4466056988712607,0.44384071338730147,0.2162228038522373,0.6676047822694471,0,0,-0.01570306606188178,0.06281226424752712,0.03818699949681936
2015-04-10,85.37000274658203,86.04000091552734,84.7699966430664,85.55999755859375,13372400.0,0.6506330277342052,0.7271254516160495,0.5019633300030457,0.9609420977354701,0.46431598793984763,0.6459480250400449,0.20598245194247333,0.6748557256175888,0,0,-0.031777937305575495,0.046190147220723836,0.01358527909928983
2015-04-13,85.91999816894531,86.25,85.23999786376953,85.33999633789062,9880500.0,0.6515668372442334,0.7265051044174615,0.48751951382574077,0.9610694505731616,0.4286304084537518,0.6672089365475666,0.19922314999233193,0.6694982022297665,0,0,-0.03786813880576253,0.030388014823639353,-0.0066619882081444416
2015-04-14,85.5999984741211,87.4800033569336,85.52999877929688,86.62999725341797,15693800.0,0.6527547466572132,0.7262863215366495,0.5698687149306332,0.9613218083614581,0.40895291773079523,0.8066248322751964,0.2075215675990001,0.6780078829689806,0,0,-0.03421605688127789,0.02835713935777195,-0.005741714141039565
2015-04-15,87.13999938964844,88.52999877929688,87.13999938964844,88.08000183105469,15332800.0,0.6552957359936273,0.7258709114848787,0.6475517769415594,0.9616232315815281,0.4420857415150813,0.9064070200027199,0.22548093174643657,0.686321817952109,0,0,-0.0514833109301142,0.016045243376636438,-0.02343297753269618
2015-04-16,87.87999725341797,88.16000366210938,87.11000061035156,87.7300033569336,9570800.0,0.6563502488945843,0.7246191434585456,0.6214328397640818,0.9618028652834529,0.41561631743166416,0.782950236648949,0.24158702946185678,0.6811322238181918,0,0,-0.05903720299888556,0.0073796720295904086,-0.030426887482544122
2015-04-17,87.13999938964844,87.36000061035156,86.16000366210938,86.93000030517578,14430100.0,0.6579510700440419,0.7233646054402598,0.563445736130554,0.9620447893665971,0.44589273967830184,0.6580199124391746,0.239194737035813,0.6733077616716796,0,0,-0.050837785407655156,0.015844059460401027,-0.022911228306383185
2015-04-20,87.12999725341797,88.0999984741211,87.08000183105469,87.23999786376953,11593600.0,0.6596662359075005,0.7219466717029108,0.5818065954189284,0.9622478503622385,0.48083385239524895,0.6889484133349626,0.2449904640536526,0.6795941827180898,0,0,-0.051190577851375395,0.016104929494582674,-0.0228919574000168
2015-04-21,87.37999725341797,87.62000274658203,86.69000244140625,86.87999725341797,10100500.0,0.6605873426033293,0.7206672079828187,0.5547579368362506,0.9624155839273434,0.46566054215612795,0.6305064925362747,0.2435269668547148,0.6741173682877778,0,0,-0.053874335893285025,0.01318204440668032,-0.0278541995034247
2015-04-22,87.04000091552734,87.80000305175781,86.33999633789062,87.45999908447266,8663600.0,0.6624549713164904,0.719531754263889,0.5915709735835649,0.9625717862805323,0.4947326084732062,0.6231403715713639,0.23610127514122542,0.6788150495410278,0,0,-0.05018417067433821,0.017150068034917126,-0.03245856104942817
2015-04-23,87.36000061035156,88.37999725341797,87.30999755859375,87.54000091552734,9866100.0,0.6641574343657499,0.7185707720060646,0.596690772666564,0.9627514816906273,0.5020077086842034,0.6428402403500044,0.23624653367876602,0.684164764787887,0,0,-0.05351018012995443,0.01337752322424881,-0.03521612009256813
2015-04-24,87.19000244140625,87.36000061035156,86.66000366210938,86.97000122070312,8405700.0,0.6658408407704348,0.717565480441418,0.5487042827261482,0.9628925988852557,0.5199991742595687,0.5804319628854044,0.2250498866539808,0.6796069251703558,0,0,-0.05151932932445869,0.015307246103226212,-0.02673068246301674
2015-04-27,87.41000366210938,87.5999984741211,86.76000213623047,87.01000213623047,10534600.0,0.6680197393202718,0.7160810816873935,0.5516759090464066,0.9630703549488158,0.5185423585743211,0.5806858646555993,0.21781013876782135,0.6853191225167807,0,0,-0.04760270163199037,0.01287794758499884,-0.032539976903909806
2015-04-28,87.22000122070312,87.86000061035156,87.04000091552734,87.80000305175781,9633800.0,0.6693982297186563,0.714538525779667,0.6091267142282127,0.9632515912244899,0.511235753297496,0.6037271212537759,0.21454539459406397,0.6905428772674109,0,0,-0.04470749677212873,0.0150557122909008,-0.023100816996687732
2015-04-29,87.5,88.06999969482422,86.95999908447266,87.87000274658203,12534100.0,0.6712213913122922,0.7131039763163705,0.6140911489999151,0.9634893332629679,0.521235545052961,0.6006506931202777,0.21434131587518274,0.6973392675204653,0,0,-0.04749428273353376,0.011731192978315663,-0.027448787908226902
2015-04-30,88.66999816894531,88.66999816894531,87.22000122070312,87.37000274658203,13947700.0,0.6730699633808785,0.712095914759771,0.5650515054232048,0.9637363603618998,0.5214803135408234,0.6031369326408299,0.22194111472724853,0.6897763780962126,0,0,-0.060771550824815924,0.0,-0.05291910072302555
2015-05-01,87.8499984741211,88.94999694824219,87.69999694824219,88.8499984741211,12257100.0,0.6759603358431179,0.7119325190407078,0.6683109416051674,0.9639979868941846,0.5460973577452753,0.6557846492141741,0.23246577625843934,0.6964225700821319,0,0,-0.051733964758782516,0.012590116052893525,-0.04727019713387312
2015-05-04,89.41999816894531,89.87999725341797,88.94999694824219,89.11000061035156,10343700.0,0.678488622365333,0.7117081982888747,0.6842507431863373,0.964225194544484,0.5260900901914188,0.712631336780969,0.2527351610221164,0.7020312553375965,0,0,-0.06854244729857174,0.005177254838182557,-0.05334831677177943
2015-05-05,89.97000122070312,90.08999633789062,88.5199966430664,88.61000061035156,11895000.0,0.6803054301285931,0.7115974218524923,0.6331215287797379,0.9644715589081208,0.4953499079481683,0.6790037648357694,0.26198365415824454,0.6955814055629752,0,0,-0.07451463746120876,0.0013465954030479565,-0.05880370135650993
2015-05-06,89.6500015258789,89.95999908447266,87.79000091552734,88.19000244140625,11273500.0,0.6829290047202343,0.7112567867932558,0.5916588234644536,0.9646931461429626,0.5123054656175844,0.6336871893033438,0.25560276048382075,0.6894685529833877,0,0,-0.07132377441927143,0.004965520922932009,-0.04706013023611431
2015-05-07,88.0,88.0999984741211,86.91999816894531,87.5999984741211,9992500.0,0.6848029824172186,0.7107029067242281,0.5361477127006548,0.9648748472620414,0.49334352945124305,0.5137574686186839,0.23413023754388557,0.684050299610298,0,0,-0.052953827414259066,0.023698789885840246,-0.03163624944200484
2015-05-08,88.47000122070312,89.06999969482422,87.81999969482422,88.98999786376953,11390300.0,0.6869818809670556,0.7107970653217781,0.637241857709054,0.9651207718499522,0.5067270618744019,0.634182317736617,0.22752806086889954,0.6902264848888072,0,0,-0.058675793141330965,0.01849309526718863,-0.03767126837031514
2015-05-11,88.52999877929688,88.56999969482422,86.6500015258789,86.77999877929688,11997800.0,0.6878966386790615,0.7103096502694262,0.4646336628700609,0.9653142791076799,0.5018114997583867,0.44980112247711096,0.2029713280283073,0.6837208936634225,0,0,-0.053039682368896626,0.01753003254345364,-0.03888076376593919
2015-05-12,86.88999938964844,87.45999908447266,86.41999816894531,87.0199966430664,9788900.0,0.6881443847516377,0.7100271702510066,0.48204196166035274,0.9654777937451757,0.5007958984025009,0.3902276239701482,0.1811242511741838,0.6890287485990081,0,0,-0.03549207045840019,0.03687482130969575,-0.025466687203963136
2015-05-13,87.27999877929688,87.7300033569336,86.4000015258789,86.55999755859375,8629400.0,0.687178806089731,0.7097336123776603,0.4503237823955337,0.96561206201859,0.4767947137711479,0.3911870803637802,0.16065100533185495,0.6843496116805452,0,0,-0.03987590616598361,0.03229140044810201,-0.038496881215267384
2015-05-14,86.93000030517578,87.33999633789062,86.75,86.97000122070312,8791300.0,0.6866960167587777,0.7096754552239586,0.48244994714497147,0.9657576104302277,0.46883294286600363,0.4172105894159097,0.14164013419254956,0.6891165359616404,0,0,-0.0360443950390601,0.03650642469780334,-0.03546672575569437
2015-05-15,86.80000305175781,87.62000274658203,86.5999984741211,87.3499984741211,8422200.0,0.6869628194759285,0.7098443888140429,0.5119241541711648,0.9659048120454989,0.46858174213653464,0.4367458535508663,0.12855173203910514,0.6936833224073584,0,0,-0.034379733830017405,0.03782905875537268,-0.04576294470588277
2015-05-18,87.30999755859375,87.45999908447266,86.77999877929688,86.8499984741211,6395400.0,0.6867150734033522,0.7101822559942113,0.47286838617964944,0.9660086609546714,0.47435759726937404,0.4194459992960489,0.11639821575376391,0.6902155318021787,0,0,-0.04006868988139632,0.03182597398808766,-0.04705209710529325
2015-05-19,86.47000122070312,87.20999908447266,86.20999908447266,86.98999786376953,9777100.0,0.6867849509978279,0.7106890546515792,0.48474339696279944,0.9661706745552459,0.4973358251809724,0.3915709314207408,0.10268106144821337,0.6955169884000306,0,0,-0.030627561414430914,0.041681003808723825,-0.047207812851519856
2015-05-20,87.38999938964844,87.4000015258789,86.91000366210938,87.12999725341797,7276600.0,0.686575318214401,0.7114838711983873,0.4971127459131248,0.9662936667223625,0.48655560186489366,0.4390221905394931,0.0863206395376345,0.6994625938535833,0,0,-0.041154177709730955,0.031038016031113266,-0.048856191566479884
2015-05-21,87.27999877929688,87.44000244140625,86.95999908447266,87.20999908447266,8357400.0,0.6863656854309743,0.7123673105846096,0.5045180578484393,0.9664364739091744,0.4985431900866693,0.4511288120645069,0.07101276371825502,0.7039942436649679,0,0,-0.028807554405517962,0.03225063292979179,-0.05451624181950339
2015-05-22,86.98999786376953,87.0999984741211,86.5,86.5199966430664,7598400.0,0.6860798212226962,0.7130042713962601,0.44186054568248045,0.966553357715839,0.48623738984496745,0.38826157935429706,0.06521037002550958,0.6998741479501733,0,0,-0.02006650634527503,0.03554636517216791,-0.04724223323516863
2015-05-26,86.04000091552734,86.37000274658203,85.02999877929688,85.3499984741211,11289000.0,0.6850253083217392,0.7134141414641251,0.35188663274929477,0.9666944773500954,0.4829592882014559,0.2719122447230876,0.08294605888709228,0.6937528907744104,0,0,-0.011673626622954902,0.04680993503815447,-0.047041144853654855
2015-05-27,85.30000305175781,85.88999938964844,84.7699966430664,85.11000061035156,10778300.0,0.6833164914421042,0.713511070053628,0.3352615143939177,0.9668227444192738,0.4579546805632472,0.2759134648949302,0.10279933642958355,0.6879085514868273,0,0,-0.006209799861356871,0.05612177354150958,-0.043350962434505425
2015-05-28,85.11000061035156,85.56999969482422,84.81999969482422,85.11000061035156,8038900.0,0.6815632074429436,0.7137963179511158,0.3352615143939177,0.9669183345104408,0.4382061600101558,0.29789160891825084,0.12123452271903973,0.6922675004026073,0,0,-0.003994876804686605,0.058512462599293734,-0.03395604945274715
2015-05-29,85.0999984741211,85.58000183105469,84.87999725341797,85.19999694824219,14631300.0,0.6801847170445592,0.7135553793604501,0.3464090770731332,0.9670953713679933,0.457890880469635,0.3261128618620813,0.13809135363730451,0.7002010596297965,0,0,-0.0038773566994258816,0.058629982704554454,-0.03148866509172395
2015-06-01,85.25,85.47000122070312,84.80000305175781,85.12999725341797,9077500.0,0.6778215961862457,0.7137547744104769,0.3405503748382913,0.9672035413370073,0.4369539735566828,0.3379709735255544,0.15498053556557256,0.6952789485470623,0,0,-0.005633842419327657,0.056807470789357606,-0.02511736462794074
2015-06-02,85.12000274658203,85.58999633789062,84.91000366210938,85.13999938964844,9328300.0,0.6752996634944066,0.713920938008608,0.34196125587760084,0.9673148411160075,0.4445135148799866,0.36436532579847924,0.16713302734531071,0.700337051418235,0,0,-0.004111430926911868,0.05838122579181745,-0.02772231512384794
2015-06-03,85.2300033569336,85.83999633789062,84.86000061035156,84.94999694824219,8179500.0,0.6729746559252425,0.7137880058623722,0.32428039290177557,0.9674085592908361,0.4522487058849826,0.38398661602010775,0.17103854636063498,0.6959018646816637,0,0,-0.005402944763505794,0.05708237039931108,-0.02724923316250682
2015-06-04,84.69999694824219,84.88999938964844,83.77999877929688,84.22000122070312,12607300.0,0.6704527232334032,0.7137049251197491,0.2617560630880388,0.9675303789618002,0.4612906837374803,0.3317786609550788,0.19232808760537617,0.689065783045381,0,0,-0.01082987877569723,0.06344908279316859,-0.02460266524981755
2015-06-05,84.12999725341797,85.0,83.9800033569336,84.27999877929688,11388500.0,0.6683437022780416,0.7135442993926386,0.2715054278184428,0.9676419794187585,0.4488193042801623,0.36328617590162204,0.20887127079926937,0.69524099230627,0,0,-0.004155764296463302,0.07076702681176829,-0.028140525799528287
2015-06-08,84.18000030517578,85.20999908447266,83.93000030517578,84.8499984741211,12244700.0,0.6657137787025773,0.7136910772728695,0.36085705775271615,0.967778898089573,0.43963644646611716,0.39391560808185394,0.21797931169738505,0.701880460615249,0,0,-0.004746102653921317,0.07012335213947127,-0.029900292828260407
2015-06-09,85.29000091552734,85.43000030517578,84.48999786376953,84.58000183105469,8105500.0,0.6643162365061708,0.7139680173073832,0.3344899064203932,0.9678641105590544,0.4473030518632735,0.4167626964169069,0.21993376029527295,0.6974853990475153,0,0,-0.017796136280320774,0.056570365452950015,-0.041249264147806504
2015-06-10,85.83999633789062,85.97000122070312,85.0,85.20999908447266,10147000.0,0.6631664403823403,0.7138517029999798,0.4258207330008227,0.9679863052733801,0.4327329265348835,0.46912833574722135,0.2069008354250138,0.7029874272663537,0,0,-0.024355610238795174,0.050248284558910415,-0.055568655077949176
2015-06-11,85.30000305175781,85.69999694824219,84.88999938964844,85.08999633789062,7759300.0,0.6622326260257596,0.7138766265889012,0.41254021822524045,0.9680774032517703,0.43800270030669397,0.4592796657572239,0.1971557302933155,0.698780086420938,0,0,-0.017838332223828406,0.05621398119467491,-0.0629034229308927
2015-06-12,84.58000183105469,84.68000030517578,83.86000061035156,84.0199966430664,8347300.0,0.6603586434822228,0.7137547722975921,0.3085410283759953,0.9681535525494147,0.43227273990836107,0.3686460960771174,0.2072679349577803,0.6942539131528678,0,0,-0.009401846118091448,0.06475490356064728,-0.06252203459615405
2015-06-15,83.52999877929688,83.9800033569336,83.19000244140625,83.72000122070312,9563900.0,0.6580526974041863,0.7135941465704816,0.28364224719491593,0.9682337388852011,0.43087842066015514,0.31961544801058583,0.22649900988839222,0.6890680604198286,0,0,-0.004046612133716178,0.07807662247907388,-0.0124969705345725
2015-06-16,83.80999755859375,84.75,83.4000015258789,84.68000030517578,9100100.0,0.6566742118523541,0.7134695244001046,0.4155551701545961,0.9683312675332956,0.45744209719408346,0.38994382964467006,0.22439109270152124,0.6940024259460187,0,0,-0.007405579409310631,0.07501192890264667,-0.00800284471065713
2015-06-17,85.02999877929688,85.12999725341797,84.41000366210938,84.7300033569336,9090200.0,0.6552385563667982,0.7131870464945695,0.42185372117480935,0.9684297223104745,0.4444260694300184,0.4520625804513782,0.21365239630931193,0.6989314233752967,0,0,-0.021728818271841237,0.058219181476248195,-0.023854471372066595
2015-06-18,84.80000305175781,85.95999908447266,84.72000122070312,85.4800033569336,10247800.0,0.6541904021427694,0.7135803029493717,0.5113640396917594,0.9685593403223103,0.45056115746114755,0.551036622497598,0.19116498551069794,0.7044881085808758,0,0,-0.0190015407360398,0.05039533192367076,-0.0659743154232711
2015-06-19,84.91999816894531,85.4800033569336,84.91999816894531,85.20999908447266,16129600.0,0.6529199074745624,0.7137353886925764,0.4810405650689842,0.9687525275792699,0.45101834846215916,0.5439493946817645,0.1702838183405564,0.6957421231311296,0,0,-0.02023860153953464,0.0485493842173824,-0.08025269467651609
2015-06-22,85.38999938964844,85.5999984741211,84.97000122070312,85.16999816894531,9465100.0,0.652062324542833,0.7136273822481467,0.4764368656296101,0.9688648490545071,0.45831672481853813,0.5718532951700144,0.15334563806628804,0.6906098429208087,0,0,-0.025818530358875227,0.03731956741395218,-0.09646756611925618
2015-06-23,85.22000122070312,85.27999877929688,84.58999633789062,85.06999969482422,10223900.0,0.6518844560647326,0.7135526093684972,0.46434228329143623,0.9689835881817523,0.4781825701369456,0.5265694932518296,0.1364763393102401,0.6850661170603001,0,0,-0.023834669753897603,0.029470496538599972,-0.094516886519002
2015-06-24,84.88999938964844,85.33999633789062,84.66000366210938,84.68000030517578,11800100.0,0.6516112995172061,0.7130125771463494,0.4178782480361266,0.9691093212852171,0.46439040383180497,0.5125281288610052,0.11943352493272447,0.6786677251035528,0,0,-0.019983507162814974,0.0333843185314828,-0.07993420801871161
2015-06-25,84.8499984741211,84.8499984741211,83.93000030517578,83.93000030517578,10259400.0,0.6508617074691017,0.7118632755805401,0.33947145378983323,0.9691998441807086,0.447456269372649,0.3877789337345625,0.11870055269625984,0.6731047500066424,0,0,-0.019603165171615877,0.032711434370314124,-0.09470945458388491
2015-06-26,83.83000183105469,84.0999984741211,83.48999786376953,83.86000061035156,19023300.0,0.6500104783677483,0.7107915168863332,0.332660334425362,0.9693642547528056,0.458110777503294,0.3325397186678233,0.12595262892178427,0.6627897077857469,0,0,-0.007625394820938302,0.04515668892823324,-0.0605266509303398
2015-06-29,83.05000305175781,83.44999694824219,82.80000305175781,82.81999969482422,11739200.0,0.6485430585768661,0.7096532931754509,0.24284790092001687,0.9694359608460075,0.4362713488727237,0.2498253653027221,0.1436886477256677,0.6564243377584889,0,0,-0.0029811590529506904,0.05258759838561795,-0.06630103920249629
2015-06-30,83.73999786376953,84.9000015258789,82.80000305175781,83.19999694824219,14981100.0,0.6473106771978085,0.708534455182469,0.302148796280302,0.9695411684376123,0.423715022097913,0.36701618335397235,0.12785869260613847,0.6645475697432369,0,0,-0.011349852879442393,0.044675254663976385,-0.05976813531130132
2015-07-01,83.27999877929688,83.52999877929688,82.11000061035156,82.37000274658203,13529100.0,0.6456717427592014,0.7072854571480889,0.23775493597110056,0.9696088552079796,0.41990654455498355,0.2682986673523692,0.12438024595899272,0.6572116586389218,0,0,-0.014062478507939798,0.05000004584972843,-0.05564900749092863
2015-07-02,82.79000091552734,83.27999877929688,82.55000305175781,83.13999938964844,9188000.0,0.644985674475197,0.7060890762835048,0.34656092364529134,0.9696719156655367,0.43651721033799407,0.33921800288986864,0.12115025978664307,0.6621936863589066,0,0,-0.008255436232870565,0.05645260860540471,-0.05378171855602622
2015-07-06,82.41999816894531,83.05999755859375,82.12000274658203,82.52999877929688,11694400.0,0.6438739916405158,0.704701606118983,0.29817807479304315,0.9697348373031125,0.4429328248791063,0.3229489740377688,0.1250302927659826,0.6558526083257556,0,0,-0.003728621131459222,0.05629059826236271,-0.04390187097275056
2015-07-07,82.19000244140625,83.2300033569336,81.48999786376953,82.87000274658203,15641500.0,0.6426162046330604,0.7035661524000534,0.3435339745419461,0.9698317663060494,0.45058400504260454,0.3457622296807858,0.1378689684164902,0.6643339303307778,0,0,-0.008481819798745942,0.05064825356842679,-0.051981109644745505
2015-07-08,82.25,82.9800033569336,81.91000366210938,81.97000122070312,10057000.0,0.6409582087033259,0.7021703743725578,0.2749729370529167,0.9698721316099266,0.4458155450728527,0.3481898035937676,0.1497905958062472,0.6588807029929581,0,0,-0.009171016182472794,0.0448895993412593,-0.07264385716838534
2015-07-09,82.87000274658203,83.1500015258789,81.58000183105469,81.5999984741211,11980500.0,0.6386649654394883,0.7004533448908414,0.24976130393088306,0.9699094577060063,0.4339300418263057,0.3519936522161987,0.16569141726010994,0.6523844923813692,0,0,-0.016835486913033652,0.03781869498542997,-0.10125659299931161
2015-07-10,82.08999633789062,82.48999786376953,81.72000122070312,82.22000122070312,8628700.0,0.6368418086924048,0.6988886332732616,0.33235241038725516,0.9699492444885753,0.4469860833055576,0.37025697179047756,0.18045646575298246,0.6570632497374242,0,0,-0.007352922614470138,0.04754908033537547,-0.12205881459215229
2015-07-13,82.11000061035156,82.61000061035156,82.06999969482422,82.41999816894531,8026700.0,0.6358254139271498,0.6975177788346874,0.3578235256779818,0.9699901071609642,0.46197506446103187,0.40127829566682327,0.1907142938498393,0.661415583422666,0,0,-0.0075407776377642965,0.046947221515968654,-0.16285574301690492
2015-07-14,82.37999725341797,83.31999969482422,82.26000213623047,83.11000061035156,9310200.0,0.6354379126656224,0.6959281436281861,0.44080109225124975,0.9700529805419333,0.46669694255466987,0.4504026160693619,0.1813293219742051,0.666463871894434,0,0,-0.010798342749584975,0.04355743808591613,-0.16585778297306458
2015-07-15,82.61000061035156,83.41999816894531,82.4000015258789,82.76000213623047,9289200.0,0.6342182389473161,0.6941695748316006,0.40803227797481934,0.9701078160056213,0.4448430841133343,0.4529446285225117,0.1701400785638938,0.6614269702949038,0,0,-0.013476148939439811,0.04042835501956507,-0.1216460177608558
2015-07-16,83.18000030517578,83.4800033569336,82.80000305175781,82.91000366210938,8267600.0,0.63306208899311,0.692591017480026,0.42630772342663736,0.970159577032145,0.4356450802717838,0.47441205790105556,0.15819794402955828,0.665909927671672,0,0,-0.020420521964515572,0.03371194832661736,-0.10065250865197839
2015-07-17,82.51000213623047,82.83999633789062,81.79000091552734,82.61000061035156,12156000.0,0.6312389273994741,0.6910456915803467,0.3966330619281516,0.9702268225213966,0.4447100099865453,0.4242280047773407,0.16675220158783993,0.6593185553420969,0,0,-0.012302547671060938,0.04173198566693475,-0.08973588364230647
2015-07-20,82.1500015258789,82.41000366210938,81.5999984741211,81.76000213623047,12957100.0,0.6290473260354381,0.6894283627929709,0.3210656244359783,0.970271879144494,0.42782234414029746,0.38069070002470773,0.17787489543372442,0.6522928009482554,0,0,-0.00798939180768717,0.04624137110035983,-0.08364609140607496
2015-07-21,81.93000030517578,82.43000030517578,81.43000030517578,81.66000366210938,8677100.0,0.6268176113822526,0.6873983939457773,0.31281459008056367,0.9702999346818335,0.4253536609783615,0.3716624411969244,0.1910693363649505,0.6475877995628526,0,0,-0.006115459722798051,0.04941292575794944,-0.1204745378762196
2015-07-22,82.3499984741211,82.47000122070312,81.58000183105469,81.79000091552734,13181500.0,0.6247340009018416,0.6860164637651611,0.3319723322948269,0.9703466414561546,0.40335274207293514,0.3888218144948365,0.2020613568955581,0.6547352308200338,0,0,-0.011266202886201877,0.044330181046290225,-0.1116825215306624
2015-07-23,81.7300033569336,81.97000122070312,80.97000122070312,81.13999938964844,10496100.0,0.6224852247575288,0.6843880571228587,0.27623510712966326,0.9703673746402912,0.41173949983648217,0.3126931524639973,0.2225502436264088,0.6490439094060445,0,0,-0.009292115511960911,0.05171776109781193,-0.09707791114474591
2015-07-24,81.16000366210938,81.16000366210938,79.72000122070312,79.94000244140625,14888500.0,0.6199505892514907,0.6825547154466236,0.1936968484157414,0.9703537768357795,0.4115792988753978,0.1894764973277614,0.2575725976255387,0.6409708881055445,0,0,-0.017747133993569645,0.05915695659933229,-0.10722214250776338
2015-07-27,79.2300033569336,80.12999725341797,78.97000122070312,79.26000213623047,14996100.0,0.6170284524839251,0.6804195080340687,0.15580449277188094,0.9703155840441808,0.3883931097830468,0.1615552534653687,0.29737622882596904,0.6328395226406266,0,0,-0.003252465953088292,0.08418808508883845,-0.0716787988733616
2015-07-28,79.69999694824219,82.66999816894531,79.56999969482422,82.4800033569336,19777300.0,0.6168124707166751,0.6790708114182327,0.4979482790072819,0.9704182509460595,0.44533340652653425,0.4353600172979084,0.27760082065578867,0.6435634077980554,0,0,-0.009210140144638916,0.07898059509853286,-0.09714858365771414
2015-07-29,82.18000030517578,83.19999694824219,81.91000366210938,83.13999938964844,13913800.0,0.6167743574275257,0.6780433641437329,0.5456143416221013,0.970512422346038,0.48927532429190956,0.5924897818046972,0.250839037321023,0.6511079155571244,0,0,-0.038918513019226386,0.04582927528432397,-0.11711934128209898
2015-07-30,83.18000030517578,83.31999969482422,82.41999816894531,83.01000213623047,11139900.0,0.6171809153336276,0.6769411439895836,0.5350743738696088,0.970584265793859,0.5134414820159583,0.611369018695261,0.22409792548495522,0.645067505174249,0,0,-0.05063746831103337,0.03343756073737723,-0.12617269594394073
2015-07-31,81.66999816894531,81.66999816894531,78.93000030517578,79.20999908447266,26232700.0,0.614684393116739,0.6747477794233265,0.30773922479831795,0.9705142569876171,0.46018380790370894,0.2775919267400574,0.23850239230615794,0.6308432954909613,0,0,-0.03300804473264354,0.047343695988901764,-0.11058908648273708
2015-08-03,78.69999694824219,78.93000030517578,77.62999725341797,78.05999755859375,15767700.0,0.611844836757848,0.6722137776849486,0.2609135403108046,0.9704288178162428,0.45246899194937207,0.2006561157779151,0.26136021407545335,0.6222935438061109,0,0,-0.013508391708010613,0.08711023362745496,-0.07372801925755135
2015-08-04,77.87999725341797,78.61000061035156,76.93000030517578,77.16999816894531,18874400.0,0.6082239240455263,0.6696243887848217,0.22790555211369531,0.9702864880566966,0.40700714161836143,0.23726139770150745,0.2871563744140789,0.6120592399317005,0,0,-0.012170086830057821,0.09556750343058873,-0.04586208446871811
2015-08-05,77.87000274658203,78.2300033569336,76.9000015258789,77.16999816894531,16544400.0,0.6051747349032086,0.6673590192179835,0.22790555211369531,0.9701619124775731,0.4052046784751445,0.28882348249186063,0.31130729006829494,0.6210301432197411,0,0,-0.012569667535556222,0.09679919357980059,-0.044188204522747104
2015-08-06,76.94000244140625,78.26000213623047,76.91000366210938,78.08999633789062,13005200.0,0.6029450154034706,0.6654148989924813,0.30424892592982655,0.9700927073968244,0.44816590529589573,0.3417961963321069,0.3331906250342459,0.6280819789733272,0,0,-0.0005183480170593148,0.10314888264019569,-0.05520282800712538
2015-08-07,77.55000305175781,77.97000122070312,76.62000274658203,76.83000183105469,12187600.0,0.599521032660377,0.6631218358447686,0.25148684189236936,0.9699912316010866,0.4261416606224435,0.3422762928530016,0.3556591379082272,0.6214734721121944,0,0,-0.011909339848752547,0.09412215160464474,-0.0532719151901262
2015-08-10,77.08999633789062,78.75,77.08999633789062,78.75,14876000.0,0.5971896761073898,0.6613355734673088,0.39000871937275317,0.9699357090997078,0.4512255015831056,0.40340279402023727,0.361837417173362,0.629539715512553,0,0,-0.006117318496777939,0.10165306523305948,-0.05661848718533838
2015-08-11,77.01000213623047,78.06999969482422,76.33000183105469,77.48999786376953,14486400.0,0.5936195843449694,0.6592197517726541,0.33454966671717346,0.96983814991157,0.4496348982258483,0.3796017148345032,0.37408670833895413,0.6216847257038036,0,0,-0.00863492451016865,0.10019046843998015,-0.059809512183779764
2015-08-12,77.44000244140625,78.87000274658203,76.95999908447266,78.79000091552734,16492400.0,0.5910976516531299,0.6574611829760688,0.41633770931198855,0.9697783515148726,0.48544671862168653,0.4270489928837279,0.3713779232504411,0.6306274329272559,0,0,-0.014324437229989183,0.07859074081531243,-0.06078202625263999
2015-08-13,78.31999969482422,79.29000091552734,78.2699966430664,78.6500015258789,13154100.0,0.5883914966528143,0.6557164620263627,0.4096447029483419,0.9697263267096514,0.4899422469924163,0.4566618910608434,0.36188234943062775,0.6234948588271847,0,0,-0.025256984904760388,0.0654905902037181,-0.06460205963632025
2015-08-14,78.63999938964844,79.27999877929688,78.25,78.36000061035156,9129300.0,0.5856916954828746,0.6540935932550811,0.3952175560318826,0.9696839458842832,0.4618234294559446,0.4581129262318448,0.35328537878371824,0.6185446601262642,0,0,-0.02937059775941226,0.061538510786838405,-0.07679594149200301
2015-08-17,77.93000030517578,79.18000030517578,77.44999694824219,78.7699966430664,9365400.0,0.5837923024643874,0.6525676530733024,0.4232045866303037,0.9696496468863827,0.48744246878230707,0.4560110316461933,0.35392754900655327,0.6236228798050568,0,0,-0.020418561276909046,0.07082699092047534,-0.06329758864010815
2015-08-18,78.52999877929688,78.66999816894531,77.58000183105469,77.9000015258789,9815300.0,0.5814037711311233,0.6506429206785858,0.37726121125773326,0.9695934005254228,0.4887137458781417,0.4412376807259206,0.3545238499277572,0.6183007099443725,0,0,-0.027929377199431917,0.06284124398363085,-0.05306589416420546
2015-08-19,77.51000213623047,77.58000183105469,75.93000030517578,76.2300033569336,17010100.0,0.5778717975044048,0.6483304718129723,0.3006680239032582,0.9694284561268645,0.4809594316460417,0.37125126835838684,0.37055441483951473,0.6090772892086612,0,0,-0.020282436458358737,0.07663672790455403,-0.04428760603413601
2015-08-20,76.0,76.18000030517578,74.56999969482422,74.56999969482422,17811200.0,0.573698222713207,0.6453838300147765,0.238107155819371,0.9691857084569437,0.4591150833965564,0.3009691556299289,0.39522700324990506,0.5994194864086836,0,0,-0.0187590219362848,0.09812413783992364,-0.0015742193532399505
2015-08-21,74.0999984741211,74.88999938964844,72.06999969482422,72.12999725341797,25488800.0,0.568736937738203,0.6417946874210243,0.16532617248141515,0.9686912601023274,0.43088574418729847,0.22264163011020083,0.4313536549888303,0.5855986431186149,0,0,-0.027222727472235378,0.12578791633632727,0.036341680240891204
2015-08-24,67.98999786376953,71.37999725341797,66.55000305175781,68.72000122070312,35531200.0,0.5620414302551657,0.637557506160694,0.09160520356639254,0.9677164467778341,0.4387000403097352,0.12591287605547047,0.4814026680912757,0.5663324890780917,0,1,-0.019963882806656875,0.21475122810198152,0.1372522099383524
2015-08-25,71.30999755859375,71.44000244140625,68.19999694824219,68.70999908447266,30409700.0,0.5532940717504913,0.6334006356510347,0.09141819742795729,0.9668836907791731,0.3620516849305239,0.2259714061282111,0.5270443143713313,0.549843376283531,0,0,-0.069266507891183,0.1770955410675024,0.1148137259821735
2015-08-26,70.62999725341797,72.75,69.1500015258789,72.5,34436000.0,0.5465350405033542,0.6300275059461413,0.3178588021670581,0.9662518314605086,0.39623936460205933,0.3362111984452256,0.5515676068128326,0.5685156778252594,0,0,-0.05937991931340556,0.1870179926464228,0.13680689348172548
2015-08-27,73.80000305175781,74.88999938964844,73.01000213623047,74.8499984741211,24571000.0,0.5413514199307248,0.6272913370528987,0.42418700397378917,0.965938487858859,0.43650021510087256,0.4413716902976723,0.5492633722235183,0.5818388605753407,0,0,-0.1,0.13131029852505388,0.07531033219962284
2015-08-28,74.70999908447266,75.9800033569336,74.41000366210938,75.06999969482422,18997300.0,0.5387214963552605,0.6244083902794255,0.4335211836822267,0.9657065227952377,0.47231857271760597,0.4786920710169474,0.5359292368081148,0.5921398047639421,0,0,-0.10901798529142402,0.11503007061955271,0.06132269954383661
2015-08-31,74.27999877929688,75.55000305175781,73.30000305175781,75.23999786376953,19570100.0,0.5369300990669506,0.6216472977972616,0.44112182298197056,0.965475788962046,0.5114846846870834,0.4689215912871878,0.5294699557247222,0.602751339448626,0,0,-0.1029705043154811,0.12042095314076065,0.06500605971294492
2015-09-01,73.30000305175781,73.3499984741211,71.51000213623047,72.08000183105469,24092900.0,0.5336966924627089,0.6180221537596611,0.3347499862169089,0.9650128412736296,0.5201471863697429,0.40116168177717043,0.5320581722415005,0.5896873978231554,0,0,-0.08971292120743588,0.1331738028649168,0.09117491766510101
2015-09-02,73.05999755859375,73.23999786376953,72.0,73.2300033569336,16936900.0,0.5311938212619971,0.6147431847652025,0.3875801653826134,0.9647338081580705,0.5733164885693575,0.4267079904542035,0.5344615161499375,0.5988711271756382,0,0,-0.09031623670174763,0.14234186841835078,0.11681472786411888
2015-09-03,73.63999938964844,74.91000366210938,73.33999633789062,73.79000091552734,13451900.0,0.5284622606332834,0.6117273079583783,0.4128210832139204,0.9645301942123656,0.5422666581522568,0.4700411854765485,0.5190592901591105,0.6061651779686796,0,0,-0.09681818944255623,0.132186260568555,0.12071560237677038
2015-09-04,72.93000030517578,73.13999938964844,72.25,72.45999908447266,14902500.0,0.5256862280384922,0.6085508054244435,0.36762748929325806,0.9642582677482543,0.5433224319108235,0.43191205246944714,0.5108347965529869,0.5980845654200211,0,0,-0.08646154186556529,0.140804977107164,0.10922885836280992
2015-09-08,73.72000122070312,73.72000122070312,72.97000122070312,73.5,13626900.0,0.5223511795344489,0.6056817064978499,0.4162928082687567,0.9640432212432617,0.5247699551990915,0.46355331074734923,0.49724025361712837,0.6054735068150431,0,0,-0.0989511214399361,0.1324868699339835,0.09812311206439352
2015-09-09,74.37000274658203,74.68000030517578,71.8499984741211,72.0,17246200.0,0.5188636730272553,0.6026852154089262,0.36487319821185027,0.9637106342517892,0.48413350042995607,0.45073406129150284,0.4910867948247886,0.5961220651014598,0,0,-0.10639455367107781,0.12176866596247875,0.07945573248830783
2015-09-10,72.80999755859375,72.9800033569336,71.80000305175781,72.5199966430664,12353900.0,0.5148806695283572,0.5997274957558036,0.39008746854520915,0.9634877641829322,0.4592681894868048,0.4427818817586182,0.4856607582053782,0.6028207451460746,0,0,-0.08694436815049914,0.14597225189208984,0.1400000254313151
2015-09-11,72.4000015258789,72.72000122070312,72.01000213623047,72.69000244140625,12172300.0,0.5110945959986868,0.5970467161371946,0.39861173397791516,0.9632732463113372,0.4883638190616268,0.45125021890838357,0.48062229563021147,0.6094209558574343,0,0,-0.08066738478924639,0.1278267660255429,0.1458908207501446
2015-09-14,72.30999755859375,72.58000183105469,71.76000213623047,72.48999786376953,10738500.0,0.5073656924027403,0.5940973043470459,0.3907251207579223,0.9630791360583122,0.5195947360776398,0.4499142219317454,0.47757530572692936,0.6035981974039016,0,0,-0.0792405325818903,0.09602425536524112,0.12257536611436387
2015-09-15,72.44000244140625,73.30999755859375,72.41000366210938,72.86000061035156,11979800.0,0.5036113831783959,0.59141929472039,0.4114119819052935,0.9628731807744004,0.5097073841104531,0.48642909958025815,0.4653150360818608,0.6100940284530826,0,0,-0.08125258053831805,0.09449577425832316,0.11932672301550222
2015-09-16,73.51000213623047,74.69999694824219,73.37000274658203,74.30000305175781,15214200.0,0.5013244937449339,0.5890459187091222,0.48786786090953227,0.962663242640271,0.5300089827219113,0.5765508047645783,0.4376267703113765,0.6183436547196688,0,0,-0.09552565229437861,0.07933020492557728,0.12036778163052077
2015-09-17,74.41000366210938,75.47000122070312,73.8499984741211,74.45999908447266,15603000.0,0.5002001032495014,0.586966098458316,0.4960497786032402,0.9624540553763956,0.5440021312720478,0.6229881337811383,0.4037311711623129,0.6268041007922552,0,0,-0.1057873524564493,0.06567963732139465,0.10524898214844973
2015-09-18,73.26000213623047,73.55999755859375,72.12000274658203,72.68000030517578,23180200.0,0.4989994861757698,0.5844957938575455,0.41193755224088924,0.962047249192334,0.5694116168326541,0.5039575129701809,0.3868382212580081,0.6142350543235141,0,0,-0.0901154870665572,0.08098306276442498,0.12731662428284868
2015-09-21,73.0999984741211,73.61000061035156,72.7300033569336,73.38999938964844,10853000.0,0.49979989917377493,0.5820504128456965,0.45092035318702695,0.9618750639119402,0.6292836597289584,0.5384260869730384,0.37058995547237955,0.6201198983423426,0,0,-0.09012101533930283,0.08516789234197952,0.16758393304943897
2015-09-22,72.3499984741211,73.5199966430664,72.0199966430664,72.73999786376953,14245200.0,0.502353591324388,0.5793696332270877,0.42065151498421727,0.9616276524585037,0.6353747327100558,0.48257860416489773,0.3612418197895233,0.612395694894723,0,0,-0.07902977886086975,0.09456332605427338,0.19757460308747743
2015-09-23,72.87000274658203,73.19999694824219,72.29000091552734,72.30000305175781,13784800.0,0.5046341317740268,0.5763759121301169,0.4002769777274159,0.9613743437416304,0.6501356424597736,0.44516552101306894,0.352561408084014,0.604921135065114,-1,0,-0.08688479351704924,0.08825953199736065,0.18023097326596726
2015-09-24,72.0,73.1500015258789,71.72000122070312,72.7300033569336,14584200.0,0.5047802407933537,0.5735982039220051,0.4269927925804483,0.9611212927853683,0.6026968430685522,0.42877283077787803,0.34929490875257063,0.6128291551645701,0,0,-0.07538031422129633,0.10082988392557342,0.17717838199015545
2015-09-25,73.29000091552734,73.52999877929688,72.76000213623047,73.2300033569336,15175300.0,0.5037511432138997,0.5709174243033963,0.45806731866684625,0.960876004400594,0.5622045774986817,0.5054128211790365,0.3409430430367055,0.6210576886059161,0,0,-0.09267149116839667,0.08235937834861223,0.1537192326295961
2015-09-28,72.62000274658203,73.45999908447266,72.4000015258789,72.5999984741211,14571900.0,0.5021820815232154,0.5681452539663057,0.42404088742767987,0.9606193498791114,0.5500658567740607,0.470759559777156,0.3364812000215409,0.6131563379601992,0,0,-0.08288951818338947,0.08958073546193049,0.1274067154713133
2015-09-29,72.6500015258789,73.19000244140625,72.13999938964844,72.97000122070312,13754400.0,0.5007400722072839,0.5657109508093832,0.4486536968911472,0.9603892307203918,0.5376487093822537,0.4703768001453557,0.3347492046886285,0.6206144139366641,0,0,-0.08402201931581985,0.08292006569686482,0.13360877619990358
2015-09-30,73.4000015258789,74.3499984741211,73.33000183105469,74.3499984741211,18176500.0,0.5021820815232154,0.5636865177203259,0.53375869160175,0.9601439259365239,0.5925263519630105,0.6614411956082584,0.31610870005163055,0.630470294090376,0,0,-0.09387417239315607,0.05728381849046519,0.11264904869387528
2015-10-01,75.19999694824219,75.58000183105469,73.30000305175781,74.05999755859375,14397800.0,0.5027093331271415,0.5615457703238649,0.5154707429515157,0.9599401572970971,0.5494483375194938,0.6767933301990092,0.2846799965471783,0.6226633460378295,0,0,-0.11634154773379272,0.01318094656417111,0.056624166782364614
2015-10-02,73.38999938964844,75.9000015258789,73.02999877929688,75.87999725341797,18811300.0,0.5040369977290726,0.5600890651507149,0.614824245047788,0.9597538935493417,0.5981991933443214,0.7376164849792284,0.2592092673775966,0.6328634350723257,0,0,-0.09235750153082374,0.03497169933385473,0.06359707318038008
2015-10-05,76.6500015258789,77.1500015258789,75.79000091552734,76.80999755859375,18486700.0,0.5068003226631124,0.5592222414904402,0.6582969826186182,0.9596110681424652,0.6325463350883757,0.8289651731429419,0.2489925748592321,0.6428875155959483,0,0,-0.13310488718640728,0.006589351846312538,0.05600949069365657
2015-10-06,76.95999908447266,78.55999755859375,76.26000213623047,77.88999938964844,18757900.0,0.5095890580721025,0.5588428328825179,0.7045084226794315,0.9595134019668214,0.6369558231066206,0.8087247329383178,0.2522334425441764,0.6530586494410402,0,0,-0.11404768148245269,0.020830601809361478,0.039057415640606934
2015-10-07,78.97000122070312,79.29000091552734,77.52999877929688,79.19999694824219,18666300.0,0.5141628369390265,0.5579344677944895,0.75440666040634,0.9594730913891385,0.7015333482270565,0.7976013410044214,0.2610890581053107,0.6631801148338954,-1,0,-0.12607523137468782,0.0041083540548434855,0.02272431193909649
2015-10-08,79.30999755859375,80.11000061035156,78.54000091552734,80.02999877929688,14344700.0,0.5189335457751787,0.5570731841181209,0.7831819739424474,0.9594697615960652,0.7219268761153893,0.7751194730468502,0.27546854744949945,0.670958270366641,-1,0,-0.09848479448125028,0.01010104902252232,0.012500069839788488
2015-10-09,80.05000305175781,80.16999816894531,78.62000274658203,79.26000213623047,17384700.0,0.5231071205663764,0.5560346589886942,0.7245523001174285,0.9594347144217852,0.6934828339298547,0.7143656767494517,0.28926914243150037,0.6615317295194902,0,0,-0.1067099968235483,0.0014993767214518787,-0.00324880844928526
2015-10-12,79.58999633789062,79.58999633789062,78.72000122070312,79.30000305175781,9931800.0,0.5274331582072769,0.5560595846905005,0.7261589951665532,0.959415634340473,0.6833061241353497,0.6739494422109678,0.30208398062907266,0.6669170694094931,0,0,-0.10194289659205948,0.007317711524380131,0.008705556684445805
2015-10-13,78.72000122070312,79.55000305175781,78.48999786376953,79.16000366210938,12326600.0,0.5314352183507498,0.5563642204187735,0.7146865595137019,0.9593879797714524,0.689841407065571,0.6439720257071813,0.3099790252962199,0.6602331922987872,0,0,-0.09092053981091032,0.01828495450745189,0.03984862435191038
2015-10-14,78.97000122070312,80.4800033569336,78.77999877929688,80.16000366210938,14486000.0,0.5351577681163207,0.5571922726432468,0.7575850670517594,0.9593890313431985,0.6958015139506146,0.6465309574722194,0.3253118535243966,0.668087965214732,0,0,-0.0915866556922644,0.01907531665455499,0.028802408714240828
2015-10-15,80.19000244140625,81.52999877929688,79.9000015258789,81.4800033569336,13640900.0,0.5396172071157965,0.5583858856287629,0.8072328274394002,0.9594316572610686,0.7292325902803938,0.6587462353813486,0.3474430329148272,0.6754844978579124,-1,0,-0.10566368305577795,0.016716520417576083,0.012974062724736864
2015-10-16,82.26000213623047,82.5,81.44999694824219,82.4800033569336,14304400.0,0.5458426329286319,0.5596016543241322,0.8403689705268423,0.9595093645790578,0.7671876314478235,0.6702015928218205,0.3743761838726453,0.6832408014406021,-1,0,-0.1293569033049191,0.002945481760944337,-0.007363751219949311
2015-10-19,82.01000213623047,82.16999816894531,80.76000213623047,80.98999786376953,14155800.0,0.550670511698508,0.5607537237690097,0.7185843193044467,0.9595374590789452,0.737153689586441,0.6326150058065355,0.3870735068373709,0.6755650735347942,0,0,-0.12475752299617633,0.00594080799983794,-0.0014549313978894662
2015-10-20,80.55000305175781,81.05999755859375,80.19999694824219,80.83000183105469,12340100.0,0.5558096651516125,0.5613297595478905,0.7062989068716657,0.9595573659378513,0.7498172436218349,0.6063135265583514,0.3893747072436477,0.6688738762919356,0,0,-0.10902583113914051,0.024077009503348918,-0.012347203684114986
2015-10-21,80.86000061035156,81.1500015258789,80.11000061035156,80.20999908447266,10274900.0,0.5608344690441638,0.5620830367798297,0.658355088685397,0.9595592254211431,0.7602194156125797,0.5935445700251141,0.39230336346290523,0.6633024965988498,0,0,-0.11307681779783002,0.020289488463408074,-0.030310489827316874
2015-10-22,80.68000030517578,82.95999908447266,80.66000366210938,82.88999938964844,14823500.0,0.5672885794384481,0.5632184904987592,0.7669216311259424,0.9596535266145403,0.7760830559837115,0.6334416281048575,0.409123117420845,0.6713402728186142,-1,0,-0.1117067595903659,0.02842536847426851,-0.022690434055578253
2015-10-23,82.41000366210938,83.0,81.88999938964844,82.9800033569336,13215700.0,0.573482240945957,0.5644176413552964,0.7700568338962982,0.9597402468466716,0.7949274131275881,0.6400816445958522,0.42501890272114945,0.6785062484105825,-1,0,-0.12896613005333488,0.007117822924779821,-0.06768006576981779
2015-10-26,82.5199966430664,82.7300033569336,81.16999816894531,81.22000122070312,12576400.0,0.5789580747106882,0.5652096900230363,0.6436159910255781,0.9597716913424192,0.789514296796868,0.6071173099594587,0.42690259077025,0.6716869217434495,0,0,-0.1301517833869895,0.005784566612619761,-0.095083141364915
2015-10-27,80.56999969482422,81.16000366210938,79.7300033569336,81.08999633789062,13579400.0,0.5841162799618147,0.565852190818593,0.6349445624150473,0.9598015429907973,0.7980627278781487,0.5641165344379554,0.40639730786238587,0.6643237363689651,-1,0,-0.10896328910501436,0.029918742534522022,-0.06082248666781643
2015-10-28,81.30999755859375,82.58000183105469,80.93000030517578,82.27999877929688,12473000.0,0.5891537915151177,0.5670651874091248,0.6875305528063327,0.9598630945178841,0.7775120469586834,0.61137296371751,0.4003585904619333,0.6710869962461279,0,0,-0.1182636178441846,0.02084107186741318,-0.0693056526204511
2015-10-29,81.79000091552734,83.22000122070312,81.79000091552734,82.2300033569336,10341200.0,0.594343765918123,0.5687268276162076,0.6838494032878629,0.959912890066938,0.7791618134885057,0.6274489152541878,0.39995448393072225,0.6654796665706917,0,0,-0.12238696942419026,0.017379683111220404,-0.09054453923389305
2015-10-30,82.47000122070312,83.87999725341797,81.26000213623047,82.73999786376953,18758600.0,0.5987015630177972,0.5709894271910929,0.7066483340750567,0.9600251045871597,0.7468184562675633,0.6351409330263582,0.4047003204666951,0.6756511799781915,0,0,-0.13073087147203144,0.017146977686411023,-0.07831694246019062
2015-11-02,82.30000305175781,85.93000030517578,82.08999633789062,85.27999877929688,21266500.0,0.6040821087131021,0.574631189067526,0.8016818870760029,0.9602761867383225,0.7564998238230553,0.7255198489037428,0.42252440685614007,0.6871825570468744,0,0,-0.12787046294676657,0.043872339220925746,-0.03468700532609945
2015-11-03,85.66000366210938,87.44000244140625,85.58000183105469,86.8499984741211,20115900.0,0.6097739242450833,0.5796521111326223,0.8473502347353313,0.9605857726267026,0.7555459185537813,0.8069503149329522,0.4469060983019811,0.6980900419633354,0,0,-0.1634615694294594,0.02087240624737203,-0.07633679912541086
2015-11-04,86.7699966430664,87.08000183105469,85.69999694824219,85.9800033569336,14245400.0,0.6140809052414091,0.584434866711891,0.7815930755510226,0.9607762833873692,0.7049243435859783,0.7460724286531518,0.46954624035883347,0.6903657300693136,0,0,-0.17328722725133686,0.007714517099726686,-0.10143923676888592
2015-11-05,85.55000305175781,86.2300033569336,84.5,84.80999755859375,12291100.0,0.6171173867229753,0.5878439978606325,0.6996608050127896,0.9609075155668374,0.6632395891388315,0.6676648674151067,0.4723584700850432,0.6837011021950095,0,0,-0.1559665403412428,0.021981848288634944,-0.09618520527533835
2015-11-06,83.93000030517578,84.47000122070312,83.22000122070312,84.47000122070312,12491700.0,0.6204270247520682,0.5905081617532937,0.6767320082725975,0.961031025732201,0.6943891620192029,0.6000725517144508,0.45798300612373993,0.6769277025792351,0,0,-0.1390166401948289,0.04138665531508204,-0.07864636671327725
2015-11-09,83.55999755859375,83.5999984741211,81.80000305175781,81.94999694824219,13551200.0,0.6221104263102004,0.5924135084301099,0.5282114101892416,0.9610866644138221,0.6650790727015485,0.5107135036565145,0.4283361839179754,0.6695798081474698,0,0,-0.1351959039175003,0.04593352464474136,-0.06996562030670762
2015-11-10,81.93000030517578,82.61000061035156,81.86000061035156,82.3499984741211,14238000.0,0.6241368620103349,0.5943825522445336,0.5472628776074377,0.9611580940411435,0.6673071084264062,0.4909415445072988,0.4008069918697655,0.6773001075246079,0,0,-0.10860282925330615,0.06723614815642354,-0.021232433539545775
2015-11-11,82.41999816894531,82.55999755859375,81.4000015258789,81.62000274658203,9598000.0,0.6250643225365398,0.5970245604273414,0.5079865780347147,0.9611901688500288,0.6372216008658598,0.4577621386143016,0.3699889597558474,0.6720957646799829,0,0,-0.1140254956118705,0.06095937298697703,-0.0375227248955162
2015-11-12,80.56999969482422,81.27999877929688,79.31999969482422,79.41000366210938,16050600.0,0.6237493607488076,0.598736049925152,0.4041386852447777,0.9611626438798715,0.5822669786483116,0.3479455822284582,0.3474871895871636,0.6633926155591308,0,0,-0.09237932690271924,0.08417057725313203,-0.022420996930575598
2015-11-13,79.27999877929688,79.58000183105469,77.94000244140625,78.0999984741211,17527300.0,0.6209669743236408,0.5999296607977831,0.3522289585334536,0.9610801618488058,0.5263361684015622,0.28989029893258955,0.3377691635868873,0.6538887524271662,0,0,-0.043949095867310606,0.10275788044073514,-0.001511083133783507
2015-11-16,77.94000244140625,80.98999786376953,77.91000366210938,80.9000015258789,14548100.0,0.6209098043899166,0.6022670353652027,0.49237524659346943,0.9611048106843314,0.5729714684688382,0.37712707451420857,0.3138596819156549,0.6617771979510138,0,0,-0.02151088781048388,0.12163892683234664,0.002176673140418081
2015-11-17,80.70999908447266,80.87999725341797,79.62999725341797,79.95999908447266,10011700.0,0.6203571374644876,0.6040560677346154,0.4533166659283294,0.9611002740454615,0.5519671441332096,0.39238019102846555,0.2916580203637962,0.6563485337233066,0,0,-0.03930779042270523,0.08318916229909772,-0.03411621859299444
2015-11-18,79.88999938964844,80.9000015258789,79.58999633789062,80.73999786376953,10884600.0,0.6206938177761141,0.6064765230446583,0.48926599148812633,0.9611147179774933,0.58513327751479,0.4062363033027001,0.27141710948267506,0.6622505122736928,0,0,-0.024762328041641458,0.09442225035272592,-0.030390199262116554
2015-11-19,80.51000213623047,80.77999877929688,80.04000091552734,80.30000305175781,9453300.0,0.6190485295071311,0.6086311182879987,0.4697181729907639,0.9611177652730158,0.5515519564501651,0.41407063431645874,0.2526219779502055,0.6571246304011054,0,0,-0.03220211224810784,0.08583106872096515,-0.029601182225456834
2015-11-20,80.56999969482422,80.94000244140625,79.6500015258789,79.79000091552734,10144400.0,0.6170220889604441,0.6105973921104695,0.44679921348890683,0.9611092369592575,0.5100417396608035,0.41208712565702244,0.23924257373113622,0.6516240119854965,0,0,-0.033125727666539796,0.08555420280811114,-0.03860520991665433
2015-11-23,79.5999984741211,80.70999908447266,79.05999755859375,80.27999877929688,11868400.0,0.6164249549154903,0.612754755232878,0.4726188224402983,0.9611125209537303,0.5450702587853831,0.41488239660810583,0.23286156646096579,0.6580594383886167,0,0,-0.021180533809003144,0.09825797565267945,-0.042235807476118103
2015-11-24,80.3499984741211,82.3499984741211,80.19999694824219,81.87999725341797,15055500.0,0.6169268008910183,0.6152527534145231,0.5510531900890963,0.9611715456550676,0.5374901289099107,0.47963978205965146,0.20695952340934287,0.6662230124350068,0,0,-0.030393558160354137,0.08831594513070137,-0.07050319031861371
2015-11-25,81.30000305175781,82.16999816894531,81.0999984741211,81.25,8980400.0,0.6162724969123399,0.61717748580924,0.518322148361539,0.9611938386382595,0.5085887635202517,0.4823061750200919,0.1829076262899786,0.6613535520805713,0,0,-0.04140204571766674,0.0749877820665429,-0.0929408996778379
2015-11-27,80.58000183105469,81.26000213623047,80.45999908447266,81.2300033569336,4156600.0,0.6156372495782365,0.6190523710261138,0.5172530155462786,0.9612039624236961,0.5242884547406671,0.4617954808887708,0.16761653704984403,0.6590997105023292,0,0,-0.03286151592548077,0.08443077674278845,-0.06621544471153847
2015-11-30,81.41999816894531,82.6500015258789,81.25,81.66000366210938,17729200.0,0.6149511861407846,0.6215392934657169,0.5401164058195798,0.961264447919707,0.5046610330642637,0.5034989622459591,0.15507962937001496,0.6687130502773788,0,0,-0.04321056705380935,0.07411059982366829,-0.07103282536764655
2015-12-01,81.76000213623047,82.12999725341797,81.2699966430664,81.88999938964844,13917000.0,0.612797698065898,0.623893283759084,0.5526163657549337,0.9613191453156387,0.48877021340100246,0.505412478394089,0.14343821509588783,0.676259293178884,0,0,-0.047146685053450606,0.0695566991238249,-0.03232916080401071
2015-12-02,81.30999755859375,81.63999938964844,79.41999816894531,79.55000305175781,16300000.0,0.6081603954348742,0.6257792468308845,0.423595838863978,0.9612964717803352,0.4451265401745753,0.4309958214613686,0.13601445344886176,0.6674209113944093,0,0,-0.04151903677891786,0.07485657502138635,-0.045548855236779554
2015-12-03,79.72000122070312,79.8499984741211,78.0199966430664,78.41000366210938,14870300.0,0.6033515733095727,0.6274713506107945,0.3719428906363246,0.9612373190794972,0.4449910924910296,0.3512954519153698,0.14195637312483073,0.6593577587165151,0,0,-0.022752953980606474,0.09704589471455133,-0.04173475257649103
2015-12-04,77.3499984741211,78.9800033569336,77.02999877929688,78.86000061035156,20156400.0,0.5995718536102779,0.6291689922617254,0.4001041291178262,0.9611778293085291,0.4962952513437565,0.32724895392625375,0.15541712057398172,0.6702872040294345,0,0,-0.00408110802038968,0.1286826105858355,-0.05318196625669092
2015-12-07,77.33000183105469,77.5,75.75,76.80000305175781,17676100.0,0.5946995077208768,0.6301576681004244,0.3136393292612709,0.9610431784770879,0.47831915109739526,0.22896774656841706,0.17705046423104553,0.6607026567741859,0,0,-0.020035529023915432,0.1282018834910391,-0.040958703169342955
2015-12-08,75.2699966430664,76.3499984741211,73.79000091552734,74.62999725341797,24217600.0,0.5900494974291013,0.6307198560324256,0.24111490316015402,0.9607399620114996,0.48427591219635907,0.17785031755244074,0.20873611826778282,0.647571098816904,0,0,-0.019270776936579668,0.15846361086910524,0.016927122397139772
2015-12-09,74.83999633789062,77.19000244140625,74.7300033569336,75.62999725341797,22036300.0,0.5857806345684773,0.6314565154255323,0.30360404412000874,0.9605144314448002,0.4636462694248367,0.29408933828584094,0.22718440810901996,0.6595198860878991,0,0,-0.014069348264851941,0.16883299701499802,-0.011523422385194373
2015-12-10,75.80000305175781,77.5,75.5199966430664,75.69000244140625,20142400.0,0.5820136176833817,0.6318276161704808,0.30736677431240433,0.9603113593992156,0.44211821488858694,0.3468655157667806,0.24032227547071977,0.6704417401526601,0,0,-0.026576784466822524,0.15390717720966712,0.011899959396649342
2015-12-11,74.81999969482422,75.54000091552734,74.33999633789062,74.33999633789062,20473100.0,0.5787929090467863,0.631905159042083,0.26021519946681504,0.9600428309358402,0.4302833636097351,0.3143350587703735,0.26009099555395315,0.6593405699617564,0,0,-0.01360812189290423,0.16673275650045763,0.006209554836082429
2015-12-14,74.30000305175781,76.22000122070312,74.08999633789062,76.02999877929688,21976500.0,0.5774779472590543,0.6319467004698371,0.3644418920739665,0.9598389133006662,0.4948369299320225,0.36572734551275754,0.2695006483196326,0.6712569317584747,0,0,-0.006860400341054684,0.17675544843887842,0.03618502750235737
2015-12-15,77.43000030517578,79.5999984741211,77.33000183105469,79.43000030517578,24366800.0,0.5765441329024736,0.6326722841209018,0.5270026973039218,0.9598000865178204,0.5089250337783114,0.5011063032685458,0.24286061696121863,0.6844693907318452,0,0,-0.04787583122570846,0.1316585860442788,0.005524111215159967
2015-12-16,79.04000091552734,79.61000061035156,78.0,79.1500015258789,17233900.0,0.5760295841127467,0.6330212291559969,0.5146858734330629,0.9597617939877279,0.5332335301052495,0.5090664101489265,0.21803558796220307,0.6751246184720011,0,0,-0.06609593327243009,0.10122121219485183,-0.03462167933317767
2015-12-17,79.0199966430664,79.2300033569336,77.94999694824219,77.95999908447266,17362900.0,0.5742635972993873,0.6326778241048074,0.4631935833204197,0.9596767281387399,0.48242017358258305,0.4904065759566706,0.1954396059786439,0.665709898282697,0,0,-0.06607701360345598,0.09109294472356771,-0.055969680603573296
2015-12-18,77.56999969482422,78.77999877929688,77.05999755859375,77.27999877929688,28836000.0,0.5723451476363255,0.6319162390098947,0.4349911206624869,0.9594915913517164,0.44499055427572476,0.4670596788648142,0.1825768354146327,0.6500740960043465,0,0,-0.04848638819506784,0.08850694724101381,0.0116726997536692
2015-12-21,77.79000091552734,78.0999984741211,76.6500015258789,77.26000213623047,14460500.0,0.5707379726564921,0.631362358940867,0.43413653484311976,0.9593982571740116,0.4563281130852471,0.45689258957679607,0.17426868588104943,0.6422331500046904,0,0,-0.051759835186120505,0.07518112901614375,0.02639752779180756
2015-12-22,77.69999694824219,77.9000015258789,77.20999908447266,77.6500015258789,13855800.0,0.5690672739125588,0.6309054074613425,0.45521638527369157,0.959321069271057,0.45258083192953114,0.47219425314361585,0.16655397559986507,0.649746208307103,0,0,-0.05060828274144302,0.0640694336107901,0.03080513612484636
2015-12-23,78.68000030517578,80.22000122070312,78.31999969482422,80.19000244140625,15184200.0,0.5679937092135796,0.63119065535883,0.5761041025146765,0.9593232021093869,0.4650881208472006,0.567319544627488,0.15498652793145473,0.6579795676133495,0,0,-0.06297487821708177,0.05112686597153533,0.03193822676367968
2015-12-24,80.2699966430664,80.2699966430664,79.12000274658203,79.33000183105469,5848300.0,0.5667740354952735,0.6309607946230913,0.5328746931039313,0.9593127289444356,0.4706077610027946,0.5749523244028771,0.1447035235379237,0.6548084321415617,0,0,-0.08080802506863506,0.029679571147931284,-0.002369307971408847
2015-12-28,78.12000274658203,78.86000061035156,77.91000366210938,78.73999786376953,9715800.0,0.565192266143838,0.6302019774072465,0.5038708255084087,0.9592824731381131,0.4774645906742352,0.5302611295727474,0.12733655283977197,0.6495402143660034,0,0,-0.05458214712103607,0.057103222926229054,0.015504798930403728
2015-12-29,79.98999786376953,80.08000183105469,78.83999633789062,79.16000366210938,8839000.0,0.5636041478085794,0.6292825365771761,0.5244699720937577,0.95926329802391,0.4836223047553697,0.5871817837761155,0.11809224760027248,0.6543330031140385,0,0,-0.07874012085914697,0.03378211498953211,-0.004953002288915315
2015-12-30,78.31999969482422,78.98999786376953,77.97000122070312,78.11000061035156,9314600.0,0.5612029136611163,0.6284849500384149,0.47117445565099225,0.9592211673127582,0.4577169347030113,0.5442098444674125,0.10060610016471305,0.6492823288214208,0,0,-0.057225853584253916,0.054699363703128286,0.034234448700130884
2015-12-31,77.51000213623047,78.44000244140625,77.43000030517578,77.94999694824219,10285500.0,0.5601865140493087,0.6276873613867691,0.4631585177366776,0.9591709907169581,0.48721342104005594,0.5266101755011708,0.08882218384336266,0.643705201469015,0,0,-0.047625159283510875,0.06580462616162439,0.04749710735479097
2016-01-04,77.5,77.94000244140625,76.45999908447266,77.45999908447266,20400100.0,0.5595830261739789,0.6269257762918559,0.4380093295682873,0.959049195246958,0.5187234583394458,0.4870044792633404,0.08696024792069582,0.6326436142149375,0,0,-0.04759460204900391,0.06606801446443214,0.057729315922718294
2016-01-05,77.19000244140625,78.13999938964844,76.91999816894531,78.12000274658203,11993500.0,0.5591129445037772,0.6256047732568946,0.47783373371023175,0.9589954065663071,0.5065300971435298,0.5196104977486304,0.08293312998350882,0.6391468738426735,0,0,-0.043893642732568246,0.07048798281701951,0.06790594589472873
2016-01-06,76.63999938964844,77.63999938964844,76.58999633789062,77.47000122070312,18826900.0,0.5595385590544537,0.6240788330751157,0.44227058861006663,0.9588836886324921,0.5249857929524819,0.4822307460481773,0.08241842653551598,0.6289383259888008,0,0,-0.03648231405426812,0.07693294834777029,0.07501280599491471
2016-01-07,76.05999755859375,77.98999786376953,75.9000015258789,76.2300033569336,21263800.0,0.5605549586662615,0.6226969028945,0.3796398431989685,0.9586987539967837,0.5124938044510706,0.43106940780946806,0.08856082865914788,0.6174084129465485,0,0,-0.029301621366952697,0.08506523639403325,0.08170907101216172
2016-01-08,76.3499984741211,76.6500015258789,74.5,74.69000244140625,19033600.0,0.55995782946786,0.6209244883639193,0.3125357192934878,0.9584679866164012,0.4929104853486657,0.3255841542433259,0.1062460842788763,0.6070877857359362,0,0,-0.03358254553140987,0.08264466449331184,0.06401685252410044
2016-01-11,75.01000213623047,75.12000274658203,72.55999755859375,73.69000244140625,21353000.0,0.5586873347996528,0.6185455744816306,0.2740166795985415,0.958161837086275,0.5213731152829152,0.2534278941675204,0.13608304506174912,0.5955095055982744,0,0,-0.0328023095133613,0.10228945159885301,0.0871601860227944
2016-01-12,74.12000274658203,75.41999816894531,73.1500015258789,75.19999694824219,21864100.0,0.5592336478947062,0.6165986842641755,0.3744977549419718,0.9579225232934365,0.5978406182272631,0.3098625046144083,0.15965564685337186,0.6073649205169207,0,0,-0.02116983493423957,0.1157551702631494,0.10707014694323126
2016-01-13,75.8499984741211,77.05999755859375,74.94000244140625,75.6500015258789,26052700.0,0.5589922556525055,0.6146351804336576,0.4023374836008756,0.957664016033196,0.5443362046207076,0.3934163258921575,0.16077382749605645,0.6214915284381712,0,0,-0.043750013950023814,0.08351062545413668,0.07845747028340563
2016-01-14,76.20999908447266,79.91999816894531,75.80000305175781,79.12000274658203,33806700.0,0.5587953305298303,0.6129292309197529,0.5775220788834022,0.9575903943687618,0.5442574534318894,0.561613436842918,0.1454392724037879,0.6398226033751775,0,0,-0.04824853208536006,0.07177792723927767,0.052081987599939775
2016-01-15,76.33000183105469,78.16999816894531,76.30000305175781,77.58000183105469,28342100.0,0.5577979924091501,0.6103619977294794,0.5037734950871334,0.957431801131452,0.5504228795974123,0.5015523042728673,0.13120004267525281,0.6244546094872166,0,0,-0.04764919289166482,0.04979770823101906,0.06256315440353073
2016-01-19,77.93000030517578,78.23999786376953,75.19000244140625,76.4000015258789,22684500.0,0.5568070081188454,0.6077089116917449,0.4525741767743785,0.9572456679096546,0.5753223299203889,0.4532936159784416,0.11688300704163904,0.6121543474264856,0,0,-0.06921890461250878,0.030162365076845644,0.0614848740717226
2016-01-20,75.06999969482422,75.72000122070312,71.55000305175781,73.18000030517578,33300800.0,0.5542024950183315,0.6044880998509883,0.3372247468814531,0.9567351772874164,0.603806975640904,0.2817966513638065,0.129448331735719,0.5940975876640049,0,0,-0.046073253570212046,0.06806278592129081,0.09594243042746278
2016-01-21,73.16000366210938,74.98999786376953,72.61000061035156,74.0999984741211,22265600.0,0.5521951111162193,0.6016162309324418,0.3817372195439924,0.9564399802750976,0.6196765564326525,0.34089065798194146,0.14111613323736477,0.6061707087351951,0,0,-0.022000554846099016,0.0971575970389025,0.12476082557179538
2016-01-22,76.41999816894531,76.7699966430664,74.72000122070312,76.56999969482422,22530300.0,0.5515090428322149,0.6001262943073962,0.48823530917526703,0.9562650102979338,0.6484152979399633,0.4611706737978746,0.13505566756049237,0.618387358619781,0,0,-0.06572193275939556,0.05195679559245441,0.1085020388810839
2016-01-25,75.75,76.33999633789062,73.9000015258789,73.9800033569336,17086600.0,0.5475641574690184,0.5978083075707621,0.3999597213207795,0.9560345944573574,0.5868569386724528,0.4041207182971839,0.13510477352419498,0.609122457135204,0,0,-0.05485172998539385,0.05903090846390505,0.08985238710772811
2016-01-26,74.7699966430664,76.7699966430664,74.25,76.69999694824219,18724700.0,0.5458934538785327,0.5964457609951619,0.5016310112728143,0.9558950534881725,0.6298017532575874,0.47556816312056643,0.13110785302117095,0.6192755888775201,0,0,-0.0435251884995597,0.0743444140366415,0.10313604401989253
2016-01-27,76.0,77.47000122070312,74.72000122070312,75.29000091552734,18106100.0,0.5437018525144968,0.5953047672923264,0.45517772459437733,0.9557039028493493,0.5939525474284777,0.47721080371247493,0.12083703865662077,0.609457881857405,0,0,-0.05801821545371225,0.05567140564487684,0.08057367080921918
2016-01-28,77.3499984741211,77.66000366210938,75.62000274658203,76.98999786376953,16157700.0,0.5423233621161121,0.5949973636849855,0.5143655867622718,0.9555942029656035,0.613664064475733,0.5454895898571205,0.10949836396249835,0.6182191040266691,0,0,-0.07703540114006197,0.038783346173968634,0.06428481748480075
2016-01-29,76.7300033569336,77.8499984741211,76.25,77.8499984741211,25161900.0,0.5421581964522106,0.5941526957345644,0.5428775005525028,0.9554713804220909,0.6777286352552999,0.5901904606835577,0.0970838875640114,0.6318626916722382,0,0,-0.06728147095602688,0.04597991147365243,0.07377582105179813
2016-02-01,76.66000366210938,76.79000091552734,75.44000244140625,76.29000091552734,16754200.0,0.5411036883978062,0.5931363263149911,0.48726444753677733,0.9553321065771425,0.6858336560210737,0.5167772576757931,0.09294497319843076,0.622778028108223,0,0,-0.06563905858071699,0.04637113746581595,0.07912647595956666
2016-02-02,74.19000244140625,75.62000274658203,73.55000305175781,74.58999633789062,21404200.0,0.53928052680417,0.5914331446801546,0.43164210157398253,0.9550742813794035,0.6716552097816855,0.4073180212042211,0.10414791044494431,0.6111719856915817,0,0,-0.034604789067594795,0.07969582027390816,0.11377638223896175
2016-02-03,75.52999877929688,78.52999877929688,74.26000213623047,78.4800033569336,25873700.0,0.5395092162321715,0.5909291139018547,0.5599550318552761,0.9549846820158936,0.6990867031457378,0.6007201244006497,0.08754413586240728,0.6252015340828064,0,0,-0.053358304369795,0.06354736689216972,0.11489475956001334
2016-02-04,78.58000183105469,80.0,77.55999755859375,79.83000183105469,23658700.0,0.5410084003283802,0.5909401917567816,0.5977130221299947,0.954973133707679,0.7144033690078699,0.7321247623738758,0.08328652705549366,0.638030038568963,0,0,-0.08957694289746465,0.021534081800754792,0.07161053614673402
2016-02-05,79.4000015258789,80.0999984741211,78.56999969482422,80.08000183105469,26719900.0,0.543454101595368,0.5908848045950326,0.6047265656790418,0.9549747886666267,0.7958305849289993,0.7255902584019637,0.08007145388233411,0.6525184236881646,0,0,-0.09833393829470469,0.010898097171896381,0.05286234653525338
2016-02-08,79.30000305175781,81.77999877929688,78.91000366210938,81.16000366210938,26601200.0,0.5475641526224662,0.5906854095450058,0.6353581968427713,0.9550394720721527,0.8576030829364872,0.738281206046529,0.08894020790245011,0.6669424458676227,-1,0,-0.09677821956535698,0.030968976908506148,0.06018980500266476
2016-02-09,79.9800033569336,80.66999816894531,78.69000244140625,80.08000183105469,18418100.0,0.5516233826996633,0.5903613902117171,0.5918489051190492,0.9550405642600253,0.8775612468774088,0.6725932504238167,0.09499013865055966,0.6569555624599765,-1,0,-0.10386890000981405,0.022178355607980746,0.04645141046027921
2016-02-10,79.7699966430664,81.44999694824219,79.27999877929688,79.3499984741211,16610900.0,0.5542596601055032,0.589840741594585,0.5628926634939655,0.9550149760918232,0.8109963286399512,0.6614365502534076,0.10604062594164537,0.6479486007431833,0,0,-0.10264727027167618,0.025099926202186953,0.05257251020984074
2016-02-11,78.33999633789062,80.1500015258789,77.58000183105469,79.5999984741211,19331600.0,0.5567688851365911,0.589270243686725,0.5714329426637335,0.9549958202101512,0.8504544267641014,0.6038854796614676,0.09947624277206427,0.658430813093168,0,0,-0.0855701753837749,0.04335226852623267,0.07410214235517827
2016-02-12,80.08000183105469,81.06999969482422,79.80999755859375,81.02999877929688,16767200.0,0.5579822050245213,0.5890320750880123,0.6194607870682933,0.9550316973360338,0.8404685820015199,0.6608103195802789,0.10027464648469944,0.6675225256733301,0,0,-0.10716079073883499,0.021356745990326578,0.05590448534605104
2016-02-16,81.69999694824219,81.8499984741211,80.27999877929688,81.22000122070312,15912200.0,0.5602945049329338,0.5894945644385581,0.6257508851502348,0.9550723146605695,0.8257851223567992,0.6563891482611155,0.10661291670840764,0.676150629883816,0,0,-0.12526217511282617,0.0018511850936523964,0.03480192197096179
2016-02-17,81.6500015258789,82.77999877929688,81.16000366210938,82.0,17006700.0,0.5638518890346029,0.5904887781482777,0.6520323254333972,0.9551446633448442,0.8364536512035359,0.6641565242275312,0.11887206040917142,0.6853722070306887,0,0,-0.12435358682987296,0.013912795326700025,0.023885678193233152
2016-02-18,82.9000015258789,83.05999755859375,81.86000061035156,82.44999694824219,14873700.0,0.5697406296892591,0.5914829918579976,0.6672074898035536,0.9552224812409293,0.8505415607927382,0.6632669338555364,0.1321515729028096,0.6934372032974214,0,0,-0.1384146155380621,0.0019511711306688263,0.0007316775438262195
2016-02-19,82.19000244140625,82.55000305175781,80.91000366210938,82.5,13615900.0,0.575076708265039,0.5930615492095721,0.6689685817903086,0.9552951277329735,0.8649371083260182,0.6349275301098518,0.1338647561457093,0.7008201801403189,0,0,-0.12904790519674214,0.010551790774881867,0.011764721123180165
2016-02-22,82.5,83.44000244140625,82.19999694824219,82.38999938964844,14595200.0,0.5787738475556592,0.5952106044690069,0.6622963783337882,0.9553694126502861,0.808224236054158,0.6473418441079664,0.14210810352072661,0.6929061954887381,0,0,-0.13272723573626893,0.011393968986742425,-0.0035151626124526516
2016-02-23,81.98999786376953,82.37000274658203,80.87999725341797,81.2300033569336,11041600.0,0.5833793907279097,0.5967614703525921,0.5930669731862631,0.9553976205869401,0.8285195403683743,0.5974703761580951,0.1356363201040986,0.6869190865125752,0,0,-0.126714345058284,0.01759927889766314,0.016021358230402717
2016-02-24,79.91000366210938,81.7699966430664,79.66999816894531,81.5199966430664,13777500.0,0.5864412826844263,0.5983760291480147,0.6060290174944013,0.9554414944343832,0.8140941698273978,0.5711333791355041,0.11806225149886868,0.6943896880485017,0,0,-0.10291764452620786,0.04345683409350202,0.030284365170627273
2016-02-25,81.55999755859375,82.06999969482422,80.0199966430664,82.01000213623047,13706400.0,0.5907101455450501,0.6005001608185281,0.628275518257659,0.9554997296476446,0.8612690140298616,0.5812949265224479,0.10443624020004344,0.7018217368884233,0,0,-0.12279189056722473,0.023061886165722773,0.020240451347212432
2016-02-26,82.88999938964844,83.08000183105469,81.69000244140625,81.75,14343300.0,0.5937339242124176,0.6020842581540085,0.6110699294874496,0.9555524851742265,0.8238386827852724,0.6109711201898903,0.10062080021422745,0.6940443404804935,0,0,-0.13827577176565917,0.006706536244739732,0.005243266601328562
2016-02-29,81.87999725341797,82.4000015258789,80.05000305175781,80.1500015258789,18903600.0,0.5951949950194766,0.60228365531692,0.5127597678506756,0.9555561098756438,0.738625377423338,0.5419747171350153,0.08650692578457517,0.6837942034313527,0,0,-0.12636078534140863,0.0190826322689698,0.03021408221043578
2016-03-01,80.55999755859375,81.7699966430664,80.31999969482422,81.27999877929688,15730600.0,0.5983648778596182,0.6028735368297957,0.5711788281013384,0.9555977797130137,0.7401411933726187,0.5483717303136111,0.07340118524275516,0.6923238383085832,0,0,-0.11241415265509112,0.03593268656248998,0.053275161461877635
2016-03-02,80.94999694824219,82.72000122070312,80.30999755859375,82.69999694824219,14094400.0,0.6035167341269216,0.6041862320017832,0.6362838328677516,0.9556785756607202,0.7677526711874363,0.5950920497449629,0.06514342196709338,0.699966273168896,0,0,-0.11564953294362847,0.030634910562994506,0.05511815236486829
2016-03-03,82.66000366210938,82.72000122070312,81.54000091552734,82.4000015258789,13216200.0,0.6060069025134349,0.6056041657391324,0.6171837882246374,0.9557456455370903,0.7291774863272293,0.6166827702693076,0.05747549892540749,0.6928000264609222,0,0,-0.12152362058788961,0.009431666361306367,0.027932256878309955
2016-03-04,82.66000366210938,82.97000122070312,81.76000213623047,82.29000091552734,18402700.0,0.6075696103737431,0.6069971737746753,0.6098769242324871,0.9558345296471589,0.6837307728868101,0.6184293968252472,0.052855893923561575,0.6828214934262502,0,0,-0.11055825778705157,0.009466004427826438,0.03786401771130575
2016-03-07,82.30999755859375,84.45999908447266,82.20999908447266,84.45999908447266,18945600.0,0.6103519919523577,0.608883134733591,0.705123237225739,0.956015097178001,0.6695290782279504,0.7273747018483083,0.06237410478539965,0.6930944042198665,0,0,-0.10645272097916589,0.026127129687189266,0.04739338294433064
2016-03-08,84.0,84.20999908447266,82.4800033569336,82.62999725341797,14003900.0,0.6112858014623856,0.6095588669810428,0.5902819982329771,0.9560928327313918,0.6159733178437952,0.6508367595216532,0.07121244344282068,0.6855010413565777,0,0,-0.12372717335446126,0.00544635436252596,0.033151824320497444
2016-03-09,83.22000122070312,83.8499984741211,82.23999786376953,82.4000015258789,14139300.0,0.6127595750836436,0.6104090728024847,0.5769162144595829,0.9561641890706833,0.5782994474528346,0.6158206191715808,0.07619608976435699,0.6778342602789568,0,0,-0.11702769563562239,0.01500663082399218,0.043204644965379645
2016-03-10,82.41999816894531,82.66000366210938,80.93000030517578,82.18000030517578,15898300.0,0.614557326202329,0.6113617471973354,0.5636067565956279,0.9562367562933969,0.6236898107742588,0.5201894371564246,0.06442356073122205,0.6692136930934283,0,0,-0.10764556981715286,0.024757292205712544,0.06201456936559271
2016-03-11,83.22000122070312,83.52999877929688,82.01000213623047,82.19000244140625,15370200.0,0.6162026193178645,0.6122008751638506,0.56414380915505,0.9563071631659823,0.5779544482873624,0.5863072341376196,0.06260721938615305,0.67754790755378,0,0,-0.11766850977166869,0.01508880334831825,0.05001217565209367
2016-03-14,81.4800033569336,82.63999938964844,81.0199966430664,82.41000366210938,13344600.0,0.617079263740721,0.6133917181574138,0.5766102936586907,0.9563745768982641,0.5656167803436242,0.5039490660942498,0.04938859072815574,0.6847837768520071,0,0,-0.09648375799512995,0.03625739918505927,0.07482654475973209
2016-03-15,81.5999984741211,82.8499984741211,81.5199966430664,82.81999969482422,9213000.0,0.618095658505976,0.6147404168861343,0.6002374822652977,0.956429248632404,0.5769676092148526,0.5515590095166848,0.03945026101137181,0.6897793603722748,0,0,-0.09768226021890741,0.03470453201383049,0.08324232866774724
2016-03-16,83.0199966430664,83.16000366210938,81.94000244140625,82.87000274658203,11492100.0,0.6186483254314048,0.6162386634870385,0.6032109196925958,0.9564986341408903,0.5878032969949736,0.583960460066462,0.033757642708760555,0.6960107448695363,0,0,-0.10577148682823996,0.017387134106645524,0.060492660645874954
2016-03-17,83.68000030517578,84.68000030517578,82.72000122070312,84.0999984741211,13673900.0,0.6196964845019863,0.6178947637102157,0.6726632599614397,0.9566174551721276,0.5995026766506939,0.7241079817223266,0.0441550009469549,0.7034251711690902,0,0,-0.07385064008380826,0.012067092637344517,0.05695669197860381
2016-03-18,84.58999633789062,84.5999984741211,83.25,84.19999694824219,19637000.0,0.6207764030313412,0.619758568959278,0.6779978310727474,0.9567921195234459,0.5898980559793672,0.7096813724854727,0.053809690739563903,0.7140729811753312,0,0,-0.08335308720597687,0.0010702017707271648,0.05398336501663997
2016-03-21,83.83999633789062,84.13999938964844,83.5,83.62000274658203,8385400.0,0.6215577593847714,0.6218051556453039,0.6263886280405412,0.956856128743024,0.5996958168437393,0.6597040669904468,0.06277475983270084,0.7095261488676299,0,0,-0.07434673080432487,0.009976294509862125,0.050712641653487385
2016-03-22,83.08000183105469,84.86000061035156,83.01000213623047,84.12000274658203,13005100.0,0.6233936237926063,0.6244167002552843,0.6564027155848763,0.9569693508120563,0.6166660228481707,0.6629790351948701,0.07853810531986055,0.7165779303980147,0,0,-0.06577373617970626,0.02128675820175852,0.058120072359722746
2016-03-23,83.86000061035156,84.30000305175781,83.5199966430664,83.75,12748900.0,0.6248102274801404,0.6272027163263696,0.6224407745609716,0.957070063365348,0.5851001115660494,0.6337782877066919,0.09317549755793744,0.7096650687089294,0,0,-0.07465523744947862,0.011887778974669994,0.04969091974198281
2016-03-24,82.94000244140625,84.02999877929688,82.93000030517578,83.9800033569336,9368300.0,0.6260616655037725,0.6296342516042241,0.6375330695989829,0.9571486535210361,0.5762943315936074,0.6005703609305626,0.09675547218309904,0.7147448608605548,0,0,-0.06400000728777985,0.022925351270988804,0.06650745904267724
2016-03-28,84.02999877929688,84.36000061035156,83.69999694824219,84.22000122070312,7490400.0,0.6276307271944568,0.6320076276154916,0.6535972577580653,0.9572153243298298,0.6112528924925713,0.6309489952764151,0.10400585925947858,0.7188063955181272,0,0,-0.05191712831708991,0.009883326957335261,0.05406049933376801
2016-03-29,83.66999816894531,84.61000061035156,83.16000366210938,84.52999877929688,9977900.0,0.6304131087730711,0.6335058721035112,0.6745063389858695,0.9573107409616282,0.6637810943601137,0.6204215594544087,0.10153625900856411,0.7242167323038518,0,0,-0.0474946561627063,0.014129689196842724,0.07504155311352126
2016-03-30,85.02999877929688,85.05000305175781,84.0,84.5199966430664,10807000.0,0.6324713087785316,0.6354278345062754,0.6733583782608477,0.9574137728626462,0.6533404863117307,0.6518017950401298,0.1049121606560787,0.7183568309575439,0,0,-0.06340944857158021,0.0002366529368250382,0.044717837855010996
2016-03-31,84.06999969482422,85.0999984741211,83.58999633789062,83.58999633789062,13896900.0,0.6330366785181596,0.6374190319176676,0.5717634460301264,0.9575183255591377,0.5976297859882292,0.5971096712788313,0.10092348667606554,0.7108214869194661,0,0,-0.05205870445618221,0.012186450783317333,0.0662564919136268
2016-04-01,82.4000015258789,83.38999938964844,82.38999938964844,82.95999908447266,12235300.0,0.6333924154743606,0.6401275051171509,0.5112497736846472,0.9575937053197596,0.5889288332352821,0.45912261233309926,0.08969511457147666,0.7041871155913935,0,0,-0.032659450610552386,0.032300479322049,0.07488936966722731
2016-04-04,83.05999755859375,83.9000015258789,82.77999877929688,83.16000366210938,8050200.0,0.6339450823997896,0.6426365832666074,0.5293342203474817,0.9576467262454718,0.5883143584846624,0.4959133373824107,0.07585758960057373,0.7085521917289014,0,0,-0.040863059631866996,0.024590175241566075,0.07847157917156877
2016-04-05,82.61000061035156,83.12999725341797,81.98999786376953,82.20999908447266,10446800.0,0.6325157758980569,0.6441985248922344,0.44319077881292224,0.9576941493972675,0.5374146720490719,0.40244033011925173,0.07002361894902775,0.7028876023530701,1,0,-0.035353563154613216,0.029942252935518592,0.08321305753018271
2016-04-06,82.69000244140625,83.45999908447266,82.30000305175781,83.30999755859375,9320200.0,0.6329477442791094,0.6467823738084555,0.5408069626471551,0.9577584587196175,0.5745159260895668,0.4735991256577763,0.059528945737655437,0.7079413131449511,0,0,-0.036735242745323644,0.029315120539516338,0.08101199497486365
2016-04-07,82.76000213623047,83.16999816894531,82.05000305175781,82.37000274658203,8267100.0,0.6329286876345346,0.6483526254099412,0.46231920620722144,0.957798769638448,0.5901427504418605,0.41777768811778637,0.05340412696373664,0.7034586268841885,0,0,-0.03288927587876781,0.028087821467583818,0.088224687186573
2016-04-08,83.30000305175781,83.44999694824219,82.8499984741211,83.20999908447266,9376200.0,0.6335829916132127,0.6505459899761978,0.5309077576873542,0.9578613724921419,0.5797044353405024,0.4840296783666931,0.04309483972716108,0.7085427026687033,0,0,-0.0394561113467349,0.02185255994103961,0.07818373919234753
2016-04-11,83.33000183105469,84.23999786376953,83.27999877929688,83.31999969482422,9925000.0,0.6343008193559909,0.6522990209017625,0.5395844993845802,0.9579299355137425,0.5849869829146307,0.5361420271451286,0.0397843202797287,0.7139243553810292,0,0,-0.03941832490548527,0.021271441684184506,0.07535148073612243
2016-04-12,83.69000244140625,84.62999725341797,83.37000274658203,84.3499984741211,9986100.0,0.6355331958884958,0.654099131126102,0.6161402307281868,0.9580209418809669,0.5769434028862648,0.5983547396304867,0.042295967849812655,0.7193391384692466,0,0,-0.04056654939021157,0.016922660080163583,0.07177143242249119
2016-04-13,84.5,84.91000366210938,84.04000091552734,84.83000183105469,9235700.0,0.6368100443870786,0.656464199274396,0.6483522096184818,0.9581145593127798,0.5744140081960758,0.6623709573066972,0.0485853797072556,0.7243470306561712,0,0,-0.04967400731716384,0.007113200770302037,0.06828692638326098
2016-04-14,85.0,85.9000015258789,84.76000213623047,85.43000030517578,10625800.0,0.6384362760114868,0.6594662303472256,0.6865924700591977,0.9582358589284845,0.5660556267256093,0.7586068381516172,0.06717064795439645,0.7301086795620284,0,0,-0.047978304927187534,0.010609471961008875,0.05658379050041021
2016-04-15,85.30000305175781,85.66000366210938,84.77999877929688,84.97000122070312,11280200.0,0.6389889429369155,0.6612635705796122,0.6390870247275703,0.9583534015258297,0.5419902865762661,0.692967568655391,0.08442839704102725,0.7239921940279651,0,0,-0.05115302272002069,0.007023276038601896,0.05513284639643506
2016-04-18,84.97000122070312,85.86000061035156,83.86000061035156,85.77999877929688,9097000.0,0.6399926348879719,0.6629113629398153,0.6914553638118763,0.9584639114146909,0.5427309364100062,0.6741472717557031,0.08246317429382977,0.7289248786349201,0,0,-0.047546202865570736,0.010945042860010983,0.047663826811579366
2016-04-19,85.8499984741211,86.30999755859375,85.22000122070312,86.20999908447266,10354500.0,0.6416379231569547,0.6646090045907462,0.7173110729752329,0.9585991428535796,0.5702185025499793,0.7274666844003839,0.08696636416202932,0.7345394199961068,0,0,-0.05735600651620388,0.005362544777555741,0.039519695009212555
2016-04-20,86.2300033569336,87.44000244140625,85.97000122070312,86.80000305175781,15247100.0,0.6433403862062141,0.6661709462163732,0.7511412458373782,0.9588173398408428,0.5689534420815028,0.7609074772144915,0.10509652971255515,0.7428068856958654,0,0,-0.061477822851669646,0.014035484251508246,0.026678986739225415
2016-04-21,86.58999633789062,87.83999633789062,86.56999969482422,86.79000091552734,12075300.0,0.6452715386834751,0.6680292135944144,0.7499443272214574,0.9589897118497333,0.5636117886502879,0.7335502182448168,0.12630607802282157,0.7362592714896036,0,0,-0.06520732527324746,0.014400921152671387,0.02050698555425176
2016-04-22,87.23999786376953,87.63999938964844,86.81999969482422,87.52999877929688,9150800.0,0.6475266638116111,0.6702945831612526,0.7917101502593319,0.9591347184940937,0.5599568851493258,0.7121307994546858,0.1460006585966403,0.7412211281787674,0,0,-0.07166725607892376,0.0069132211982008375,0.02419631814689138
2016-04-25,87.08999633789062,87.4000015258789,86.3499984741211,87.33000183105469,8076400.0,0.649502283408397,0.6724353305577135,0.7660670779579082,0.959259163807324,0.5653496007295165,0.6638667178530607,0.15419708653319658,0.736841845562563,0,0,-0.06934764971412215,0.008568490922650333,0.04135728089874321
2016-04-26,87.75,87.94000244140625,87.05999755859375,87.62999725341797,9425900.0,0.6514715491748073,0.6742631343629275,0.7838011584343054,0.9594103529139777,0.5531225456443523,0.6687895903070447,0.16863675539469108,0.7419528702780404,0,0,-0.07133863765382625,0.0021756834698551998,0.03481049870362323
2016-04-27,87.94999694824219,88.72000122070312,87.33000183105469,88.45999908447266,10463500.0,0.6539744252220718,0.6762681796211996,0.8291733726346723,0.9595966180321533,0.5664737071031929,0.6762163654276085,0.19091400223409216,0.7476265149284607,0,0,-0.06858375779078917,0.008786994141220332,0.031039613214150212
2016-04-28,87.86000061035156,88.77999877929688,87.5,88.02999877929688,11276200.0,0.6567949249363882,0.6779381276912562,0.7712519102054853,0.959786831790781,0.5904757589109105,0.6532301994513675,0.21225542479670229,0.7415121983224426,0,0,-0.06635770752130146,0.01040016028110947,0.02396566548183646
2016-04-29,88.68000030517578,89.77999877929688,87.73999786376953,88.4000015258789,17885900.0,0.660250671984808,0.6795859221643441,0.7929304670069542,0.9601023406525395,0.5743679783728666,0.659377166946594,0.24223400888990293,0.7512105058536658,0,0,-0.07599684805379803,0.01249572292825925,0.02169710393275663
2016-05-02,88.23999786376953,89.4800033569336,88.08000183105469,89.12999725341797,10273700.0,0.6640430944983018,0.6814220338325316,0.8325899983098289,0.960299381965934,0.5898710856967609,0.6528816256879557,0.27007126554787503,0.756781234868338,0,0,-0.07070135624568204,0.017420824535580033,0.024773782846204268
2016-05-03,88.4000015258789,88.62999725341797,87.36000061035156,88.11000061035156,10137400.0,0.6677910547388228,0.6830061311680122,0.7028044086200006,0.9604716080422304,0.6064305957319461,0.6038128111273592,0.2786226306143952,0.7512844120768083,0,0,-0.0719174672908852,0.01548297201776306,0.01974646236357845
2016-05-04,88.30000305175781,88.73999786376953,87.5999984741211,87.94000244140625,10601100.0,0.6707322529975157,0.6848643985460534,0.6828554831653658,0.9606477312018753,0.5839769134570827,0.5982314206863406,0.2879160149558875,0.7455361563016307,0,0,-0.07161508505592898,0.01679713673007495,0.03314037167992322
2016-05-05,88.76000213623047,88.97000122070312,87.62000274658203,88.04000091552734,8721100.0,0.6743341042187099,0.6866700487542989,0.6900901779178925,0.9607943755452113,0.5844754107560307,0.5978073584263952,0.29944115611962446,0.7502650158955315,0,0,-0.07698435392893853,0.011598778880476177,0.02228791255468282
2016-05-06,87.45999908447266,88.68000030517578,87.45999908447266,88.51000213623047,7968400.0,0.6777009170280794,0.6884701589786384,0.7238741575452263,0.9609362601544693,0.592247637286604,0.5931084751486467,0.30602022535498713,0.7545857374545135,0,0,-0.062130862833037495,0.02635165459675782,0.0415720538851549
2016-05-09,88.5999984741211,88.76000213623047,87.2300033569336,88.56999969482422,11159500.0,0.6810359655321228,0.690358889929507,0.7281800092853735,0.9611362503307057,0.6273425846314893,0.5865617037693068,0.3061388588405909,0.7606367755848108,0,0,-0.07468083211858653,0.013331830038367638,0.03310360676148286
2016-05-10,88.9000015258789,90.0,88.81999969482422,89.98999786376953,12509100.0,0.6846187601087423,0.6930839788549381,0.817013808204521,0.9613980441565411,0.6408886631087231,0.6755339722148309,0.32257723654252646,0.7674196100375822,0,0,-0.07801742899309479,0.012419537968965067,0.025629407823054024
2016-05-11,89.16000366210938,89.68000030517578,88.72000122070312,88.80999755859375,11660200.0,0.6871470417844048,0.6951693369767653,0.6722459377273016,0.9616125757736937,0.6067462124541421,0.6302904487479115,0.33523879265509027,0.7610970763392182,0,0,-0.07967558582670584,0.00933433001256701,0.02933658686874246
2016-05-12,89.80000305175781,89.93000030517578,89.1500015258789,89.66999816894531,10720500.0,0.6898404891239689,0.6970996093553878,0.7260787312409045,0.9618292654545066,0.6101768501491811,0.6617262911273409,0.35006741500295346,0.7669100746165471,0,0,-0.08794060806989114,0.0022519643479354504,-0.004616638592280884
2016-05-13,89.27999877929688,89.66000366210938,88.51000213623047,88.66000366210938,9721100.0,0.6921845533377076,0.698833254563052,0.6213417047110577,0.9620047295713685,0.608619430190415,0.6045262703464825,0.3470499687400579,0.7616389830113289,0,0,-0.08129810487775867,0.008029455061954904,-0.00468382042513264
2016-05-16,89.19999694824219,89.66999816894531,89.0,89.56999969482422,8638700.0,0.6945921413155463,0.7008493776762508,0.6792516294728871,0.9621772604578838,0.6039847042133273,0.6507449958080872,0.344398855100329,0.7663231626874971,0,0,-0.08132189021726821,0.009023268877888731,0.0192872393777939
2016-05-17,89.2699966430664,89.91000366210938,89.16000366210938,89.52999877929688,9835600.0,0.6967011622709076,0.7022534635667201,0.6751480987313405,0.9623727254976493,0.5867522904319198,0.6492623243149278,0.3456717805215672,0.760989985516983,0,0,-0.08060727493477707,0.00815008774612932,0.03561463048202493
2016-05-18,89.80000305175781,90.0,88.6500015258789,89.3499984741211,9680300.0,0.69832104006494,0.7041145009367142,0.6557869488718469,0.9625612643472015,0.5835164222326724,0.6128660344639969,0.3333205369705348,0.7557410169778266,0,0,-0.086563164365776,0.002233854026237687,0.044007537872577274
2016-05-19,88.61000061035156,90.16000366210938,88.44999694824219,90.11000061035156,14397900.0,0.7004300610203014,0.7062497083492696,0.7061624202724848,0.9628646665119365,0.6265630502100685,0.6288947946339555,0.31680573508932786,0.7635480192535743,0,0,-0.06446560978844078,0.017347544244298425,0.05853380880643052
2016-05-20,90.38999938964844,90.4000015258789,89.37999725341797,89.73999786376953,13191900.0,0.701833957047084,0.7083433743340706,0.6646782529857156,0.9631320147161442,0.6053369758124595,0.6472795831497501,0.3060499121578003,0.7563949487834755,0,0,-0.07890356855168845,0.00011099918058728472,0.029186519094483755
2016-05-23,89.0,89.9000015258789,88.81999969482422,89.5999984741211,11766100.0,0.7032759663630157,0.7103954988911176,0.6488321700254713,0.9633667540879247,0.6017840075492279,0.5903546979023693,0.281957820617635,0.750014992715113,0,0,-0.0627367660735253,0.015600641399659814,0.05671937217579982
2016-05-24,89.88999938964844,90.4000015258789,89.55000305175781,89.66999816894531,10056600.0,0.7045718715061733,0.7124060820204106,0.6542792343942434,0.9635687191062643,0.5817092570670289,0.6396350448877098,0.2695321823934548,0.7554680031601282,0,0,-0.06729909466503509,0.005691988224506178,0.03426339003466521
2016-05-25,89.8499984741211,90.37000274658205,89.58999633789062,90.26000213623048,9578400.0,0.7057153186461806,0.7144665165533162,0.6992967298115895,0.9637729188614723,0.5823670600125098,0.6524561702830709,0.25799408975671595,0.7606617182573314,0,0,-0.06680046822889307,0.0061336351398330975,0.04115091465100731
2016-05-26,90.25,90.45999908447266,89.2699966430664,89.80000305175781,7867900.0,0.706839709141613,0.7163857110770122,0.6416475901951457,0.9639328764007264,0.584532001834312,0.611308887499274,0.23887685533748493,0.7563954910154868,0,0,-0.07079547128753594,0.0023266018114613176,0.04032793378571545
2016-05-27,89.4000015258789,90.05000305175781,89.31999969482422,90.01000213623047,7505900.0,0.7078624577372439,0.7180224276951732,0.6589079520147486,0.9640887267164922,0.610615662709655,0.596052916385554,0.2211251376624847,0.7604654302692345,0,0,-0.061692658432698125,0.01180398132038817,0.06180395583243419
2016-05-31,90.0,90.1999969482422,88.7300033569336,89.0199966430664,13178800.0,0.7077925801427682,0.7193572785770144,0.5433047089174915,0.9643345353465853,0.5842912887807428,0.5243787541170218,0.20203500756522585,0.7533194630384838,0,0,-0.05310519570994265,0.005110532980284191,0.05421616639928595
2016-06-01,88.43000030517578,89.44999694824219,88.12999725341797,89.23999786376953,7994800.0,0.7085104078855464,0.7209136802187355,0.5639595015061531,0.9644872594551237,0.5915469673269192,0.45654233312736947,0.19724243424241444,0.7576544995225648,0,0,-0.027634230254312876,0.022803851447403843,0.07324193314912072
2016-06-02,88.20999908447266,88.52999877929688,87.61000061035156,88.52999877929688,9837500.0,0.7088852014863223,0.7221349846722414,0.48899770493313066,0.964660282868627,0.6198767882106752,0.33389812999938306,0.20252539285573473,0.7523202921112292,0,0,-0.020842678786153385,0.025212909612960396,0.07743168789243972
2016-06-03,88.44000244140625,88.83000183105469,88.02999877929688,88.37000274658203,9367100.0,0.709094834269749,0.7234144483923335,0.4729453516644626,0.9648217464614652,0.6236694414165395,0.35979833708767434,0.19908160782588558,0.7472411506380173,0,0,-0.023607861697767386,0.022817086534726028,0.07206593630847263
2016-06-06,88.87000274658203,89.5,88.69000244140625,89.33999633789062,8573000.0,0.709622085873675,0.7248988450334732,0.5693974779046638,0.9649870074966072,0.6225421211686932,0.4807033060282745,0.1791193304638457,0.751889705671042,0,0,-0.028516512324748184,0.017992489402204107,0.06336990268270293
2016-06-07,89.75,90.91999816894533,89.70999908447266,90.70999908447266,12889100.0,0.7109815147809322,0.72669618526586,0.6758583650989914,0.9652725927676191,0.6225970986290341,0.7229061589461347,0.17979896945190976,0.7588785882881139,0,0,-0.030109721867823423,0.013096017650597445,0.04678755850142084
2016-06-08,91.02999877929688,91.3000030517578,90.52999877929688,90.79000091552734,9983000.0,0.711489714586836,0.7284298304735242,0.6813877475345924,0.9654952885462964,0.5914108405867916,0.7600826386922335,0.18615809278751666,0.7642916904570962,0,0,-0.04189169287527584,0.0029765657059425705,0.031088079851022004
2016-06-09,90.18000030517578,91.02999877929688,90.11000061035156,90.66999816894533,8974300.0,0.7126712750159927,0.7301330121083607,0.6667983954065189,0.9656930688156593,0.6143413568222339,0.6850657961956892,0.18239114941209478,0.7594255377179299,0,0,-0.03249253131946676,0.012336190497718882,0.04218528243675429
2016-06-10,90.4000015258789,90.91999816894533,89.77999877929688,89.9800033569336,10353800.0,0.7128682049852204,0.7319026608727577,0.5861156190508725,0.9659060069377756,0.5936801782096123,0.6080486179496141,0.17162223809924992,0.7538113759191511,0,0,-0.03496193043964397,0.009926122687263322,0.019852161229885167
2016-06-13,89.91999816894531,91.43000030517578,89.69999694824219,90.58999633789062,11370000.0,0.7140942276873499,0.7340157125754594,0.6365850481574562,0.9661542939498111,0.608760692139157,0.6460600310306522,0.17036355844838885,0.7599765538878307,0,0,-0.02989547356806623,0.016781530116647996,0.017892871196781308
2016-06-14,90.4499969482422,90.87000274658205,89.8499984741211,90.43000030517578,10161000.0,0.714640540782403,0.7360290656967052,0.617751310403786,0.9663725751847827,0.5993969767908783,0.6058925853289138,0.16919478448687508,0.7544669344208339,0,0,-0.03554469280800487,0.010818008572141628,0.0050778974772379875
2016-06-15,90.2300033569336,90.9000015258789,90.0,90.16000366210938,10655800.0,0.7150407497046818,0.7382307402388208,0.5855862206745361,0.9665952442958221,0.5858779562767208,0.593104249387705,0.16865610667886993,0.7486890185546372,0,0,-0.0331748312493182,0.013269898752543799,-0.0003318191815783353
2016-06-16,89.69999694824219,91.38999938964844,89.11000061035156,91.22000122070312,12824800.0,0.7162286639642144,0.7404213369260095,0.6740726745549289,0.9668916594082915,0.6070602076534506,0.6155670791709212,0.14719793097489786,0.7556430356533815,0,0,-0.027395668710987784,0.019188146480307262,-0.008318544471346277
2016-06-17,91.48999786376952,91.58999633789062,90.19000244140624,90.72000122070312,17483200.0,0.7166161652257417,0.7427337857916225,0.6149408007823993,0.967276880972443,0.5713309406613021,0.6374202228869358,0.1314554049278634,0.746163084953116,0,0,-0.046700224181416505,0.0010962340800584477,-0.061718890353842495
2016-06-20,91.29000091552734,91.58999633789062,91.06999969482422,91.12000274658205,9388500.0,0.717492809648598,0.7449243824788114,0.6475079030798863,0.9674914491433921,0.5638989781070961,0.6706575820516707,0.11683734502704574,0.75125383019137,0,0,-0.0447530589061238,0.0033068278034240105,-0.046847442050409846
2016-06-21,90.72000122070312,91.63999938964844,90.25,91.52999877929688,8557500.0,0.7187188371972799,0.7471980599086234,0.6795692900565322,0.9676942820399801,0.5678604097582318,0.6415815241555839,0.11248419999445894,0.7558939806282192,0,0,-0.034130822175246475,0.01009655554449401,-0.0354477969663445
2016-06-22,91.83999633789062,91.93000030517578,91.01000213623048,91.16999816894533,8785400.0,0.7196717081984352,0.749086790859492,0.6342789248287802,0.9678957292148209,0.5708459597882803,0.6521542385891088,0.10156689406717179,0.7511302555159908,0,0,-0.04621430988695526,0.0009833275263357068,-0.047634579253848036
2016-06-23,91.93000030517578,92.06999969482422,91.19000244140624,91.8000030517578,9464500.0,0.7206499896745409,0.7510170632381146,0.6849168035452551,0.9681251457082509,0.5643831862805458,0.6680014245873709,0.08812140147921768,0.756262210387105,0,0,-0.047384005501666375,0.0015355861847118543,-0.04793246500327954
2016-06-24,89.87999725341797,90.8000030517578,89.1500015258789,89.38999938964844,20010500.0,0.7203895359412131,0.752113745521243,0.4477054997776888,0.9685083016096949,0.5376292854717722,0.4617632730365925,0.10989262685477577,0.7454118767246367,1,0,-0.024727631455377604,0.023856234952100205,-0.014052297087615866
2016-06-27,88.9000015258789,89.0999984741211,88.11000061035156,88.86000061035156,14169400.0,0.7196590005376837,0.7531910420864707,0.4088573493428954,0.9687634973191126,0.5388658646470856,0.36339090804699,0.14172199179399075,0.7377287744634751,0,0,-0.014431154763792612,0.03546255946515204,-0.002237437957292119
2016-06-28,89.7300033569336,90.93000030517578,89.5199966430664,90.91000366210938,13254300.0,0.7208596224579675,0.7546117458157726,0.5675790801659526,0.9690590292911279,0.580728100310205,0.5334392604759892,0.1360466734350415,0.7449156802110801,0,0,-0.023857784515196885,0.026333517013481002,-0.03736213900540377
2016-06-29,91.41000366210938,92.6999969482422,91.12000274658205,92.45999908447266,13920600.0,0.7229051196492293,0.7563426210314839,0.6569305361220752,0.9694143956527834,0.5892391906770399,0.6967383456209376,0.1269916176951456,0.7524638751478261,0,0,-0.041799613889374705,0.014189783678014375,-0.051589508882189265
2016-06-30,92.33000183105467,93.83000183105467,92.3000030517578,93.73999786376952,14073700.0,0.7262147576783222,0.7582645834342481,0.7178781993946678,0.9698110925762271,0.5944182098348418,0.799245722300763,0.13075873981094516,0.7600950858055047,0,0,-0.05104911602249591,0.016223231828388626,-0.048453422034328494
2016-07-01,93.36000061035156,93.9800033569336,93.06999969482422,93.83999633789062,9946300.0,0.7296895565247641,0.760217009409839,0.7224017866853146,0.9700932899757233,0.6110582942169627,0.7823788146775801,0.1357863349986702,0.7654882880596716,0,0,-0.061339877651334716,0.006614068281536223,-0.05920634924510583
2016-07-05,93.12000274658205,93.5999984741211,92.25,93.0199966430664,10744100.0,0.7320272669081271,0.7617374096077123,0.652746053293784,0.9703794251036082,0.6036844331586475,0.684143659367949,0.12840503619955868,0.7596624931068756,0,0,-0.058716990102925436,0.009164542241188239,-0.05541352067953012
2016-07-06,93.3499984741211,94.12000274658205,92.44000244140624,94.08999633789062,13144400.0,0.7341744011526379,0.7636095227197484,0.7059414251090252,0.9707586470234051,0.61223380770218,0.6998830038346677,0.12745496907814297,0.7667898075564369,0,0,-0.061707139012215646,0.008277835951936114,-0.05633195068664963
2016-07-07,94.33999633789062,94.48999786376952,92.3499984741211,92.95999908447266,12240700.0,0.73555288670447,0.7650856136107991,0.6166245621999852,0.9710825029636871,0.6081772669510318,0.6515418957064648,0.13068980200425362,0.7601525081755032,0,0,-0.07152721850865724,0.0015942345809028956,-0.05771062692234964
2016-07-08,93.38999938964844,93.77999877929688,92.91999816894533,93.54000091552734,9807600.0,0.737376048298106,0.7664924694932214,0.647108908952564,0.9713536857599201,0.612959566184657,0.640957182443354,0.1336935754356421,0.7654705028497004,0,0,-0.06217726803164656,0.011833030173779499,-0.06013335190344614
2016-07-11,93.75,94.41000366210938,93.6500015258789,93.88999938964844,8335700.0,0.7398598628542434,0.768115338264503,0.6653015438574752,0.9715901236352082,0.6202847329414988,0.6572406238273926,0.14373674001800762,0.7699903862264394,0,0,-0.06564036058961827,0.007911031179460676,-0.06157795680836183
2016-07-12,94.66999816894533,94.9499969482422,94.08999633789062,94.9499969482422,9870800.0,0.7426295416186588,0.7699292942228375,0.7172754549632965,0.9718918077637526,0.639436570287267,0.6733938941926526,0.15889413790495988,0.7753426499637518,0,0,-0.07519435088389342,0.0029822002462143527,-0.07402276060732889
2016-07-13,94.6500015258789,94.91999816894533,94.11000061035156,94.87999725341795,9458200.0,0.7454563903167983,0.7715216994212917,0.7110556901733137,0.972179293503801,0.6537457236072293,0.6524778302851355,0.17296886451427268,0.7702141111543089,0,0,-0.07414429849181448,0.003159509552452379,-0.06982627799795038
2016-07-14,95.0500030517578,95.52999877929688,94.62000274658205,94.9499969482422,9293500.0,0.7484992207821877,0.7734159682431812,0.7146530467505963,0.9724629404745637,0.6624036785298979,0.6556612177862351,0.19266701801695785,0.7752533443514878,0,0,-0.07841486779910523,0.005058977038722304,-0.07999582827782722
2016-07-15,95.44000244140624,95.5500030517578,94.63999938964844,95.12000274658205,10334500.0,0.750976686354502,0.7754043977755056,0.723822390115032,0.9727818064064739,0.6416416356633368,0.6444234078065689,0.21117411798236374,0.7808570410724482,0,0,-0.07804111532671873,0.0011585109414118725,-0.08604535082600737
2016-07-18,94.91999816894533,95.1500015258789,94.4000015258789,94.81999969482422,9865900.0,0.7535811994550157,0.7772820508714475,0.6922521215727749,0.9730798069953726,0.6525394938602785,0.617873668101136,0.22290994307905,0.7755074342719912,0,0,-0.07159374854873486,0.006623263925789885,-0.07443231314781588
2016-07-19,94.76000213623048,94.94000244140624,94.1999969482422,94.47000122070312,5901800.0,0.755709277054952,0.7789326132236034,0.6554901513006771,0.9732536549454873,0.6645574939284988,0.5972392869293318,0.2292146396724697,0.7723072893875977,0,0,-0.07013289967603652,0.008331585299197568,-0.07635525750333107
2016-07-20,94.25,94.41999816894533,93.8000030517578,93.93000030517578,7383800.0,0.7572338716261107,0.7804170119776281,0.6006127410616712,0.9734627269886054,0.6414953786867194,0.5653561900922341,0.22602291391974233,0.7683035566624319,0,0,-0.06499417074531438,0.013761014448604688,-0.07526199342096974
2016-07-21,93.88999938964844,94.26000213623048,93.45999908447266,93.8499984741211,6854600.0,0.7589363346753701,0.781486000679882,0.5924945180348922,0.9736555695677835,0.65265119436782,0.5495859324556696,0.21565751670721722,0.7645867731176552,0,0,-0.06153517258083499,0.017672773945662284,-0.07505592493189144
2016-07-22,94.11000061035156,94.29000091552734,93.72000122070312,94.01000213623048,7139700.0,0.7603402307021527,0.7829260901270847,0.6055896571093596,0.9738587150658353,0.6455632336098941,0.5548817974610092,0.2065504605371064,0.7684581470088585,0,0,-0.06393180711296959,0.01534365972103146,-0.07128399094488
2016-07-25,93.47000122070312,93.62000274658205,91.76000213623048,92.1999969482422,10845900.0,0.7621252741600868,0.783626748076343,0.43872047582668294,0.9741261563610402,0.6625725993025748,0.43673036046296976,0.20161822951098818,0.7625771528373104,0,0,-0.057015216344579504,0.02212532479299947,-0.05212212971528586
2016-07-26,91.62999725341795,92.02999877929688,91.11000061035156,91.52999877929688,12143500.0,0.7638213833789704,0.7844215646231512,0.3898014976872154,0.9744083781241879,0.6458027469292343,0.32035694893873456,0.20563002731556712,0.7559925584078767,0,0,-0.03817783904095347,0.04251633327645765,-0.03676789047565206
2016-07-27,91.51000213623048,91.80999755859376,90.62999725341795,90.91000366210938,10037900.0,0.7638213833789704,0.7847926653680997,0.34787859311867364,0.9746285037708682,0.6093697304496035,0.26680854857850433,0.2152362686074975,0.7505496877014731,0,0,-0.03714630799982011,0.044138544405193644,-0.026876424312037645
2016-07-28,90.54000091552734,90.7300033569336,89.61000061035156,90.1999969482422,12439200.0,0.7623857230468618,0.7849782146841315,0.3036069832179591,0.9748826640420964,0.5912553666014847,0.2216785839354109,0.2352217496512351,0.7438047552662929,0,0,-0.02672973498282442,0.05510947018384718,-0.04069964171807479
2016-07-29,87.61000061035156,89.01000213623047,86.12000274658203,88.94999694824219,23928100.0,0.7593428877349198,0.7848674382477494,0.23643840651889084,0.9753086567735934,0.6123627767594274,0.17400168628388396,0.27831972566162394,0.7308301734762874,0,0,-0.016518823882272514,0.08802663758361656,-0.0035476685770603547
2016-08-01,88.08000183105469,88.1500015258789,85.58999633789062,85.86000061035156,22908400.0,0.7542736167228434,0.7836904431010656,0.12115488590938453,0.9755685622352526,0.5622627558776616,0.20146950322812296,0.3209615874838154,0.7184085056682223,0,0,-0.02799331735348946,0.0839797805170215,-0.03226534957895519
2016-08-02,86.44999694824219,87.31999969482422,85.58000183105469,87.04000091552734,18919200.0,0.7504748403789738,0.7829427058530325,0.22595269714487512,0.9758292890102926,0.5849790780060465,0.2756894752751146,0.36060821110870345,0.7286671015367399,0,0,-0.010132717342219662,0.10598655996769797,-0.021546686011763804
2016-08-03,87.01000213623047,87.48999786376953,86.5999984741211,87.48999786376953,14632900.0,0.7462822089432013,0.7823583622111776,0.2633834874827272,0.9760443815774758,0.588908994729143,0.3344250459072896,0.3939505859871952,0.7366015283351471,0,0,-0.016429231274521724,0.098115818309968,-0.022173716508216194
2016-08-04,87.5,87.6500015258789,87.02999877929688,87.4800033569336,13451400.0,0.7428010562663834,0.7817518649723538,0.2629543951276856,0.9762416271607592,0.6116636474479338,0.3655269956575591,0.42151556254099515,0.7293077486581114,0,0,-0.021945344791697644,0.09201055261531083,-0.03966169054097196
2016-08-05,87.7300033569336,87.83000183105469,87.1500015258789,87.55999755859375,9617300.0,0.7390022750759615,0.781004125611436,0.27031770280845446,0.9763841306134009,0.6069395651627784,0.38653287606725695,0.4431552704781582,0.7345225565805549,0,0,-0.024577062681473923,0.08939185407797996,-0.04458163438753224
2016-08-08,88.05000305175781,88.88999938964844,88.02999877929688,88.58999633789062,10492700.0,0.7356354622665922,0.7806690263103355,0.36179349953473605,0.9765619182087053,0.6194701670526429,0.42482673122890746,0.44157265444394417,0.7402120344057056,0,0,-0.028209242685853658,0.0856555528679761,-0.06292830390434015
2016-08-09,88.62000274658203,88.76000213623047,88.18000030517578,88.69999694824219,9654600.0,0.7316651664284453,0.7803062334283608,0.37118809460820046,0.9767275890724103,0.6150267896941114,0.4342917128478775,0.44010308241217405,0.7454470675821713,0,0,-0.03431539723664163,0.07822554003438593,-0.06005192363405499
2016-08-10,87.77999877929688,87.91999816894531,86.01000213623047,86.41000366210938,12714800.0,0.7262846255796926,0.779583421882134,0.25587769079985423,0.9768852265722523,0.5830879257249092,0.3964666999009041,0.4569887831308845,0.7385526960046719,0,0,-0.024802672197676845,0.08759869830654944,-0.047801555914862494
2016-08-11,86.69000244140625,87.2699966430664,86.26000213623047,86.72000122070312,11616000.0,0.7210565427340903,0.7788855339248284,0.2827758338812717,0.9770365777345025,0.5861350410165197,0.4052050650323621,0.47266836236968696,0.7448512630481356,0,0,-0.012845741966312352,0.10253443160350938,-0.037495722206349114
2016-08-12,86.95999908447266,87.9800033569336,86.9000015258789,87.8499984741211,9986900.0,0.7164382919010885,0.7786972146168436,0.37519788955696154,0.9771899811327853,0.6002139852972115,0.43610769389824,0.473388658410335,0.750266479921962,0,0,-0.015913252236999676,0.09905447239816695,-0.044972341685666835
2016-08-15,88.41999816894531,88.5,87.63999938964844,87.80999755859375,6432600.0,0.7119852067319885,0.7785421267607544,0.37298911350224984,0.977288197408384,0.5900314134413487,0.4547196679096185,0.4645500557075351,0.7467785182859613,0,0,-0.032327790406589854,0.08116112699663675,-0.05896414792427924
2016-08-16,87.83000183105469,88.18000030517578,87.37000274658203,87.91999816894531,6817900.0,0.7078243347549893,0.7781488724188372,0.3822717295313942,0.9773937999520901,0.5981318660601903,0.4551598832072558,0.45907819183578974,0.7504754019159227,0,0,-0.02562350600794201,0.08791711007111369,-0.010591052625359792
2016-08-17,87.91999816894531,88.18000030517578,87.66000366210938,88.11000061035156,7104600.0,0.7041271954643693,0.7774288287516782,0.3990038254373487,0.9775065825842675,0.6171572781514763,0.46693978274368364,0.4539971753834548,0.7543277434635287,0,0,-0.026615063542132188,0.086783496834825,-0.016605995392164945
2016-08-18,88.37999725341797,88.94000244140625,88.12000274658203,88.91000366210938,10342700.0,0.7009890769295537,0.7769081822474309,0.4671206725963717,0.9776877886507855,0.6367408961341002,0.5064745965742441,0.43461555127361745,0.7599358864869818,0,0,-0.03177840657095995,0.08137561852992956,-0.012484377102499543
2016-08-19,88.62999725341797,88.73999786376953,87.79000091552734,87.80000305175781,8615300.0,0.6970441915663572,0.7761133657006225,0.39184017770001034,0.977818843280367,0.6195620972343077,0.48951634662708493,0.4207458023450443,0.7552643950398785,0,0,-0.034304299817086756,0.07783157702521742,-0.017770713492091552
2016-08-22,87.30999755859375,88.0999984741211,86.8499984741211,87.98999786376953,8235400.0,0.6943698008713679,0.775562253510663,0.4083248201703841,0.9779472790346584,0.6446514549609204,0.4660503406794192,0.4186526109438718,0.7597298925458824,0,0,-0.01970382309120463,0.09384971761682732,-0.012072864712417891
2016-08-23,87.83999633789062,88.0199966430664,87.55999755859375,87.72000122070312,6514800.0,0.6919495100793305,0.7747674369638549,0.3898884845979802,0.9780451900694351,0.6427915700921616,0.4884362032432521,0.4167089332142116,0.7561973594385514,0,0,-0.02568467509608277,0.08762367202013333,-0.00954649799163706
2016-08-24,87.5,88.16000366210938,87.3499984741211,88.0199966430664,7985400.0,0.6901136408249429,0.7741000104664919,0.41823366799974737,0.9781700921419465,0.6638636034924603,0.5168638920609483,0.4173166272082151,0.7605272989417258,0,0,-0.02188780371895579,0.09176929935858102,-0.005243947538433118
2016-08-25,88.0199966430664,88.02999877929688,87.23999786376953,87.45999908447266,6935300.0,0.688373064486534,0.7733522711055738,0.3775455375529866,0.9782704848888586,0.6563594810491185,0.49550396824234,0.4191829031718078,0.7567667572736358,0,0,-0.027720914622460673,0.08554881499514977,-0.014542136197612594
2016-08-26,87.62999725341797,88.11000061035156,87.0,87.2699966430664,6474400.0,0.6873058487713781,0.7722583567015133,0.3639629150490047,0.9783616189904687,0.6036556149037616,0.47962827172231437,0.4238206502979622,0.753256130339562,0,0,-0.023439234436571477,0.08598221302515441,0.009261436044676186
2016-08-29,87.04000091552734,87.91999816894531,87.04000091552734,87.83999633789062,7027200.0,0.6885636357788336,0.7714607680498675,0.42294773535276375,0.9784687601176114,0.6514750801155634,0.4935148607436347,0.42812712977224826,0.7570665031294921,0,0,-0.016729679622242234,0.09052368316444237,0.00802104933159525
2016-08-30,87.87000274658203,88.25,87.37000274658203,87.5199966430664,6441100.0,0.6888685517851338,0.7704637822353102,0.39742592283661327,0.9785626611295037,0.6172031984171827,0.5052389439669942,0.42318743734155023,0.7535739325213952,0,0,-0.026070139014105695,0.07456734625952953,-0.008424470901814621
2016-08-31,87.13999938964844,87.20999908447266,86.22000122070312,87.13999938964844,12491400.0,0.6886462161875082,0.7692480156528252,0.36763993764718805,0.9787348439400803,0.6093596811823585,0.3249180580847421,0.4333149646060776,0.7468006955752242,0,0,-0.01782447004603876,0.08169563299960833,-0.006627077848507173
2016-09-01,86.72000122070312,86.83999633789062,86.08999633789062,86.83999633789062,8434700.0,0.6882396534348536,0.7680488647962882,0.3445213058961042,0.9788457996519226,0.6140958734583781,0.29761525360339985,0.4441814849741296,0.7422271312293647,0,0,-0.01308238923150441,0.08687169781783906,-0.002065645013042815
2016-09-02,87.41999816894531,87.58000183105469,86.93000030517578,87.41999816894531,7099600.0,0.6881507191958034,0.7668358660928716,0.4113018959637411,0.9789476356562372,0.6173561987382955,0.44143802794808273,0.43527199590197535,0.7460767616169142,0,0,-0.02118835116863985,0.07139572592233637,-0.010133547795118944
2016-09-06,87.83999633789062,88.63999938964844,87.66000366210938,88.56999969482422,9851200.0,0.6881380163816042,0.7666087753490858,0.5243568439414816,0.9791122181855081,0.6279369223467625,0.6329601893993819,0.40463677259603187,0.7514183976068048,0,0,-0.025852145437801757,0.04792956450661066,-0.01223975883362945
2016-09-07,88.6500015258789,88.66999816894531,87.97000122070312,88.23999786376953,7470400.0,0.687845803189503,0.7664370717670488,0.49367939418225804,0.9792318647230247,0.6091417830103932,0.6396066775967657,0.37560878806761716,0.7473677075894588,0,0,-0.03466184605850937,0.035677950136647894,-0.01670998489367818
2016-09-08,88.55000305175781,89.37000274658203,88.04000091552734,89.05000305175781,9579500.0,0.689522855763812,0.7659219631338223,0.5651798916991786,0.9794011896179629,0.6339471297676501,0.7210252357001725,0.3430435946599541,0.7525620191418745,0,0,-0.03365821954447914,0.024705353104624992,-0.01518590208211404
2016-09-09,88.66000366210938,88.66000366210938,86.80000305175781,86.83999633789062,12820200.0,0.6895990823421108,0.7643655593792162,0.3898990289330968,0.9795692458295391,0.6114001124078597,0.4354993355578543,0.32545166367230854,0.7456104963103823,0,0,-0.03458732987650234,0.007973038294675737,-0.022908487878901592
2016-09-12,86.77999877929688,87.70999908447266,86.62999725341797,87.29000091552734,10889000.0,0.6892433453859097,0.7625792970017564,0.4287688526368916,0.9797219560418076,0.6010381835058293,0.39677017325971237,0.31156055733340904,0.7515148606816182,0,0,-0.013818482252959246,0.0298250123964488,0.0014970622788450692
2016-09-13,86.45999908447266,86.47000122070312,85.08000183105469,85.20999908447266,13214300.0,0.6875917032865511,0.760189305264541,0.30716153737664165,0.9798505420615515,0.5872835700958153,0.16777979905578544,0.31780952801162166,0.7443496442144658,0,0,-0.015809339431138575,0.03333719362571042,0.002978601598161044
2016-09-14,85.04000091552734,85.83000183105469,84.2699966430664,84.5999984741211,13957000.0,0.6854826823311897,0.757857470681027,0.27783085838747934,0.9799687076319148,0.5662233934234389,0.17540750394977916,0.3315877442851573,0.736781712032508,0,0,-0.009036548301069647,0.050815654002790846,0.02405815566704824
2016-09-15,84.66999816894531,85.6500015258789,84.5199966430664,85.08000183105469,9062600.0,0.6835578836843044,0.7553622424913349,0.3207031683499475,0.980054318560732,0.5556422055662336,0.2660910837395262,0.3443818022534404,0.7416957438582736,0,0,-0.004728150509379331,0.05555561066675949,0.026595745160542392
2016-09-16,84.51000213623047,85.05000305175781,83.55999755859375,84.02999877929688,21538400.0,0.6804578735920859,0.7528891678986116,0.26896237166949244,0.980211085177356,0.5204455805921528,0.2504999783575244,0.3650661349750875,0.7300169339057135,1,0,-0.011166015011649443,0.057122713983976836,0.003173444255473158
2016-09-19,84.58000183105469,84.62000274658203,83.80999755859375,83.83000183105469,7929100.0,0.6779359409002466,0.750200080417029,0.2595717655124472,0.9802654781336799,0.5222447676292639,0.29360843365050526,0.38427301535947406,0.7257175220647761,0,0,-0.012138572977252546,0.05700346287173211,-0.014994670409788287
2016-09-20,83.7300033569336,83.94999694824219,82.54000091552734,82.54000091552734,17522000.0,0.6744738448680034,0.7470568114478746,0.20328761442246687,0.980339159366983,0.4734571455423129,0.27617845357019316,0.4122948962047935,0.7162165327624715,1,0,-0.014195424256395705,0.06727900830796724,-0.0009543341203298286
2016-09-21,82.81999969482422,83.62000274658203,82.30999755859375,83.30000305175781,15055900.0,0.6716660528144387,0.7438304617360969,0.2746312087732661,0.9804258777734378,0.4928916103574749,0.32121918517078496,0.43995860615680066,0.7243803237016662,0,0,-0.0061788482017635605,0.07935550011031842,0.0076326295908660975
2016-09-22,84.27999877929688,84.55000305175781,83.37999725341797,83.54000091552734,10738500.0,0.6688201474717244,0.740689962758895,0.29664929976132337,0.9804929586585307,0.46674696755971384,0.38179015177290637,0.4448817776453999,0.7302030821551988,1,0,-0.023649473571796628,0.061104487164574554,-0.007442918301002592
2016-09-23,82.68000030517578,84.30999755859375,82.58999633789062,83.44999694824219,12667100.0,0.6662728043049346,0.7375051523619864,0.2918918797691984,0.980569683375053,0.47291383933828085,0.3805030141930268,0.4564926927391921,0.7233345750446393,0,0,-0.004429048869129948,0.08008142647940525,0.010653571700919335
2016-09-26,83.5199966430664,84.5,82.93000030517578,83.05999755859375,10860300.0,0.6635984136099453,0.7341652541089887,0.27082338803688377,0.9806267281130112,0.4613991478302855,0.39608268667842544,0.4632207716169567,0.7174457727321282,1,0,-0.014499689978696207,0.0701019331030527,0.023127625832902267
2016-09-27,82.58999633789062,83.33999633789062,82.29000091552734,83.23999786376953,9595000.0,0.6606762768423797,0.7309582880022267,0.2900748868449434,0.980680628598487,0.46544921495042313,0.3838469877344959,0.47520174156274037,0.7226484888807193,0,0,-0.003611791851446333,0.08162781854054987,0.032747427168948934
2016-09-28,83.45999908447266,87.2300033569336,83.33999633789062,86.9000015258789,28117900.0,0.6602824265970293,0.7288618520254728,0.5753319667354652,0.9810490117695365,0.5208292924739436,0.5219666121493742,0.4368351441735317,0.7378949143517427,0,0,-0.014055720794949201,0.07099956527848161,0.033517551503226314
2016-09-29,86.97000122070312,87.19999694824219,85.68000030517578,86.45999908447266,19082900.0,0.6598504582159765,0.7267931096295934,0.5451063389989271,0.9812814294999277,0.5003115860153347,0.5540830376711909,0.40120901802640935,0.7275475551029726,0,0,-0.05385500831990288,0.027617968742660877,0.0009206194436125858
2016-09-30,86.83999633789062,87.80999755859375,86.6500015258789,87.27999877929688,15961500.0,0.6601299685938788,0.724973613687353,0.5929745552565335,0.9815023444193902,0.4861442769818939,0.5905040785544751,0.37491863529372854,0.7362023913516164,0,0,-0.0526254391689025,0.02926216094704736,-0.013532248222697846
2016-10-03,86.94000244140625,87.19999694824219,86.54000091552734,87.05000305175781,7111200.0,0.6598949301820545,0.7230461113006834,0.5759515944366493,0.9815973434771226,0.4866954325622097,0.5767956303729538,0.3490152617402178,0.7323464710727356,0,0,-0.05327682849351624,0.027841433766749614,-0.019019290620145308
2016-10-04,87.37999725341797,87.5,86.06999969482422,86.25,8222000.0,0.6584211565607965,0.7213983189404802,0.5181293904113085,0.9816936828292344,0.45740031680334514,0.5680603465325655,0.31850572585641607,0.7278882394756834,1,0,-0.058472098327948786,0.02286048734519692,-0.006433056162683752
2016-10-05,86.83000183105469,87.16999816894531,86.69999694824219,87.0,8796200.0,0.6576334512235427,0.7201437809221944,0.5661512790732145,0.9818101626582796,0.46571085034192805,0.5932072262660697,0.290175442535743,0.732657820693634,0,0,-0.05263769177423007,0.029449285977128623,-0.012521760360054347
2016-10-06,87.25,87.47000122070312,86.44000244140625,87.04000091552734,7718300.0,0.6563566027249599,0.7190720222279876,0.5687086419642672,0.9819129393234021,0.4582928549485199,0.605452475539531,0.2679905776681707,0.7368429300265857,0,0,-0.05701148372957076,0.024367847661862427,-0.023218352219154095
2016-10-07,86.94999694824219,87.4000015258789,86.41999816894531,86.73999786376953,6614900.0,0.6562930789608601,0.718113809962116,0.5446005820773157,0.9819969270110103,0.47831110959152734,0.6015401529724845,0.24706558471767193,0.7332561194949218,0,0,-0.053538556798010464,0.02780337514803646,-0.019186559643606303
2016-10-10,87.54000091552734,88.66999816894531,87.51000213623047,88.44000244140625,10060000.0,0.6570236143643897,0.717972572065791,0.65076103012836,0.9821594815094152,0.48563873993969536,0.6721090744498496,0.24435088754765277,0.7387109735287755,0,0,-0.060525710506074096,0.02109755448609553,-0.012105177284035751
2016-10-11,88.08000183105469,88.19000244140625,87.30000305175781,87.73999786376953,9309000.0,0.6586307893442231,0.7184932185700383,0.5941003620327645,0.9822965037544615,0.5069897083997614,0.6307459426580898,0.2381215443641787,0.7336633357354212,0,0,-0.06546812252027431,0.014586170057853651,-0.015829958019352643
2016-10-12,87.22000122070312,87.72000122070312,86.66999816894531,87.12999725341797,8172600.0,0.6602379643240566,0.7185181421589599,0.5473175335399288,0.9824065569288414,0.5211198798723414,0.5918581329406503,0.22153343987475183,0.7292318903997281,0,0,-0.056188744303714254,0.02450423499231365,-0.003419227935514832
2016-10-13,86.3499984741211,86.87000274658203,85.43000030517578,86.55999755859375,9890300.0,0.6611781276644604,0.7182605878423469,0.5054315447804439,0.9825281620454631,0.532584362874629,0.5434093110021716,0.20460098273900085,0.7238690531381949,0,0,-0.046597012355976894,0.03466090172913976,0.008837418762006577
2016-10-14,87.19000244140625,87.54000091552734,86.4800033569336,86.54000091552734,7991700.0,0.6627725998300946,0.7180002635337808,0.5039397225204363,0.9826260350942104,0.5343172954808383,0.567097045920561,0.1818673078752686,0.7195356975733491,0,0,-0.05660815231148802,0.02518484711948041,-0.008317944096702931
2016-10-17,86.4800033569336,86.79000091552734,86.06999969482422,86.54000091552734,7263100.0,0.6644941195239289,0.717717785628246,0.5039397225204363,0.9827149369835477,0.5538997070906974,0.5426988386464817,0.1638252926693729,0.723473982894749,0,0,-0.048416944731675675,0.03339495446122537,-0.006702124161297777
2016-10-18,87.16999816894531,87.33000183105469,86.37999725341797,86.7699966430664,5429300.0,0.6671812130331174,0.7172137548499462,0.5231201143378557,0.9827839068357336,0.5871174359087161,0.5576711898884477,0.146108453677736,0.7264179231537949,0,0,-0.056390076286010074,0.025421822906890972,0.0015022519232395111
2016-10-19,87.19000244140625,87.8499984741211,86.87999725341797,87.16999816894531,9373400.0,0.6696396171143042,0.7167900369352018,0.5563855182218124,0.9829105531205387,0.5640983085595704,0.5848844417695246,0.13687466068946819,0.7315004806886781,0,0,-0.05647115034515164,0.02512389523470127,0.0005761832925837305
2016-10-20,86.79000091552734,87.5,86.5999984741211,87.20999908447266,6866900.0,0.6719709736672914,0.7170115876950818,0.5597775506850762,0.9830038393672447,0.5846566190498639,0.5674049218341979,0.12377859370063238,0.735223933687194,0,0,-0.05162326596908367,0.021567021829853907,0.002867959220504648
2016-10-21,86.41999816894531,86.81999969482422,85.69999694824219,86.62000274658203,10736200.0,0.6739847113997794,0.7169838941142075,0.5013763309550283,0.9831367064205421,0.5985091921424791,0.49073222828359925,0.11283636254843468,0.7294024223672875,0,0,-0.047356923480960066,0.025799793872496465,0.012154629046166454
2016-10-24,86.73999786376953,87.31999969482422,86.06999969482422,86.91000366210938,8354900.0,0.6764304175133198,0.7167235719185261,0.5288393050552662,0.9832449635129632,0.6224654121353079,0.5169618069443637,0.09561216026122771,0.7339327165986437,0,0,-0.0513737798099733,0.02228123117038273,0.009466632057531024
2016-10-25,86.66999816894531,87.6500015258789,86.5999984741211,86.72000122070312,6835900.0,0.6786410803684833,0.716421708295091,0.5092459380112699,0.9833308486807586,0.5962917423229019,0.5280744571936441,0.08455887264951292,0.7302260727924786,0,0,-0.05039692864870445,0.02301231061703373,0.01610863498892329
2016-10-26,86.25,87.44999694824219,85.94999694824219,87.08999633789062,8488100.0,0.6787617740663072,0.7161918475593521,0.546305541495458,0.9834438206789993,0.5582911447346195,0.4759546584634972,0.0738761388111292,0.7348285923277424,0,0,-0.045664195441999886,0.02790588255166645,0.023869922344166628
2016-10-27,87.27999877929688,87.66000366210938,86.80000305175781,86.91999816894531,9071100.0,0.6790539872584083,0.7158622882421575,0.5270911107234186,0.983561342122599,0.5441575457249035,0.546800588335218,0.060548825566579256,0.7299099515298806,0,0,-0.05729702691006442,0.01596049429437953,0.019749699081739385
2016-10-28,85.27999877929688,86.36000061035156,84.13999938964844,84.77999877929688,19072200.0,0.6774658689231496,0.7147185245473693,0.33826566834812766,0.9837252694669956,0.5251875687367101,0.11262700084798899,0.08060639423012361,0.7195683941636316,0,0,-0.034399423915747324,0.03900137437945337,0.06557759661427617
2016-10-31,83.87999725341797,84.4000015258789,82.98999786376953,83.31999969482422,16663800.0,0.6750963942344606,0.7134778322630781,0.25142215692984937,0.9838189177792285,0.499612263516096,0.057399644140258166,0.10908764497665291,0.7105327483734396,0,0,-0.018754380287616838,0.05649918594593155,0.1026185975808392
2016-11-01,83.5,83.91999816894531,83.2699966430664,83.6500015258789,13050600.0,0.6734447521351019,0.7122759135274732,0.28711081107960934,0.9839009237492298,0.5163930125141826,0.19656238919079377,0.13553452066985866,0.7176092014603392,0,0,-0.014522312636876072,0.062049906239575625,0.0849736180627288
2016-11-02,83.30000305175781,83.87999725341797,82.94000244140625,83.44999694824219,11226100.0,0.6711896221604134,0.7110933783968838,0.27535048212435387,0.9839668497835468,0.5134271190784435,0.25755400364825126,0.1629072626638144,0.7115220506780883,0,0,-0.012074143667744024,0.06419599544808349,0.09073516078230433
2016-11-03,83.68000030517578,83.87999725341797,83.05000305175781,83.66000366210938,8836500.0,0.6690424879159025,0.7098859217902578,0.29977365610045403,0.984022469440085,0.5192040742637478,0.31732582323408903,0.18832480880105895,0.7163134838460951,0,0,-0.01665667394224772,0.059796261788534935,0.08987417944007464
2016-11-04,83.62999725341797,84.33000183105469,82.76000213623047,83.56999969482422,13877100.0,0.6670287550299672,0.7088086252250299,0.2937163795216654,0.9841072144580925,0.5246971856647104,0.35242868264244104,0.20292406807613123,0.7087888760018415,0,0,-0.01601716805204403,0.06024385243733883,0.08116185295605756
2016-11-07,84.48999786376953,85.47000122070312,84.4000015258789,85.44999694824219,13576200.0,0.66512936201148,0.7083045944467303,0.4875464787568211,0.9842417532615726,0.5387422543241532,0.45791476360722055,0.19616218231544996,0.7161503262338896,0,0,-0.0263251999075745,0.050017952859160573,0.07107816756129694
2016-11-08,84.7300033569336,85.83000183105469,84.48999786376953,85.30999755859375,9735200.0,0.6635857107957464,0.707603936497472,0.47594402811131165,0.9843353884559378,0.5433267494027237,0.4714555948251048,0.18409566332633437,0.7108715891573119,0,0,-0.02305443289712897,0.04610877650935679,0.06495021206056874
2016-11-09,84.05000305175781,86.70999908447266,83.66000366210938,86.25,15901300.0,0.663026694886494,0.7072522235833087,0.5550402714729115,0.9845184490821901,0.5676457865775884,0.4975955169982144,0.16321771009716768,0.7194937830388743,0,0,-0.015121333401062732,0.05415537743995753,0.07994373332551123
2016-11-10,85.91000366210938,87.98999786376953,85.66000366210938,87.05000305175781,14106100.0,0.6633379695697228,0.7072272999943872,0.6139533773021701,0.984703503193519,0.5618102017748865,0.5849997367850924,0.15997724233699973,0.7271425620137196,0,0,-0.03652175682178442,0.03199993631114131,0.05565212083899457
2016-11-11,86.52999877929688,86.7300033569336,84.88999938964844,85.66999816894531,13812200.0,0.6627853026442938,0.7069032806610984,0.4963976938042304,0.9848459779365997,0.5718156418168892,0.5142959108055989,0.14577928594240797,0.7196531450270005,0,0,-0.043308403341753565,0.024583564786046543,0.04847789859575324
2016-11-14,85.30000305175781,85.6500015258789,84.33000183105469,85.27999877929688,12607500.0,0.6619848896462885,0.7063106291562697,0.46700151938380097,0.9849659663938239,0.5784797265930597,0.47249529180422395,0.12677298072496035,0.7128169549443155,0,0,-0.029648663123796746,0.03933693462373735,0.05836348904945402
2016-11-15,85.7699966430664,87.05999755859375,85.7699966430664,86.81999969482422,12883500.0,0.6620166539516148,0.7058259840958705,0.579119020085153,0.9851285582514628,0.5966662767988373,0.5750664473159941,0.1243327971757085,0.7198028010621241,0,0,-0.03529543327768742,0.03400564689715884,0.05370546314039768
2016-11-16,86.73999786376953,86.77999877929688,85.58000183105469,85.75,8201200.0,0.6611146039003606,0.7051364040015391,0.4993189733563691,0.9852142572947238,0.5924336411677682,0.5456267314783079,0.11935433308334525,0.7153558478909073,0,0,-0.04584192284645136,0.02222990453766194,0.04054370288912587
2016-11-17,86.44000244140625,86.87999725341797,85.0199966430664,85.2300033569336,8200500.0,0.6598568168929049,0.7040784931542117,0.46366563813171946,0.9852912890214669,0.5747910040310302,0.527926299612782,0.1067803262194083,0.7109092742820984,0,0,-0.04291545545394497,0.02600578107917274,0.051895008142766035
2016-11-18,85.20999908447266,85.6500015258789,84.83000183105469,85.27999877929688,8457800.0,0.659005582944999,0.7036464673764935,0.4675437135106584,0.9853715448103775,0.5625944424035836,0.49647365944842764,0.0924254383366366,0.7154953641874193,0,0,-0.02874570986442272,0.04059602191944745,0.05491024429010604
2016-11-21,86.44000244140625,86.69000244140625,86.13999938964844,86.48999786376953,8861500.0,0.6587387753812957,0.7034249145037283,0.5561411613704962,0.9854772183669689,0.5616762557066894,0.5946688867878877,0.09226669198159373,0.7203003531557091,0,0,-0.04315197417743352,0.020520638192420348,0.024742033777606007
2016-11-22,86.69000244140625,87.23999786376953,85.97000122070312,86.68000030517578,9390200.0,0.6587133649063452,0.7038320166925252,0.5690817425658613,0.9855927242489693,0.574486278811271,0.6135538546759713,0.0984084750748114,0.7253920201883823,0,0,-0.04543878370035259,0.015030586824743656,0.02092724711873249
2016-11-23,86.54000091552734,87.08000183105469,86.30999755859375,86.91999816894531,5996300.0,0.6586053740227202,0.7044745174880818,0.5858871267049865,0.9856693455947316,0.5726608201830367,0.6258107689051178,0.10411155937565642,0.7286434059978453,0,0,-0.04360866135196779,0.016728160396137035,0.005768343311486402
2016-11-25,86.70999908447266,87.13999938964844,86.54000091552734,87.12000274658203,5042300.0,0.6587324263974723,0.7050394754120362,0.6002391445684047,0.9857357853681061,0.5952321302533435,0.6415527602509272,0.11015080065494967,0.7313775024685113,0,0,-0.04544405236369918,0.014726171263935802,-0.008973755128029353
2016-11-28,86.94999694824219,87.12999725341797,86.37000274658203,86.47000122070312,7449600.0,0.659805995943004,0.7057152097723729,0.5401242079447086,0.985824139582983,0.6004232756420959,0.6069877398399797,0.11254733621447577,0.7273380908770006,0,0,-0.04809452111933163,0.01193756752456193,-0.0016069718231721483
2016-11-29,85.41999816894531,86.08000183105469,85.08000183105469,85.9000015258789,9181100.0,0.6614449352281637,0.7062884755593009,0.4910073079868327,0.9859224192186162,0.6300065861660086,0.5217633097896394,0.09704228624912517,0.7223598045578938,0,0,-0.030762067713235707,0.02972128667217938,0.010639506834250414
2016-11-30,87.5999984741211,88.19000244140625,87.19999694824219,87.30000305175781,22696200.0,0.663763588966952,0.7076067107151944,0.597545323486572,0.9862290889257657,0.5892239030699702,0.6769946250212557,0.10509153886256314,0.7346664107331574,0,0,-0.05634454309564232,0.006868497750927362,-0.014551804165258544
2016-12-01,87.9800033569336,88.5,87.23999786376953,87.23999786376953,13005600.0,0.6661711769447904,0.708697853014417,0.5920798812124185,0.9864030291935948,0.5612033925068366,0.6703775960852338,0.11576222157490432,0.7276143580867669,0,0,-0.059793826325622544,0.005956433274785962,-0.0071019785212888065
2016-12-02,87.19000244140625,87.98999786376953,86.5999984741211,87.04000091552734,9706600.0,0.6683183111893014,0.7096671431352153,0.5730572741450705,0.9865288382550186,0.5457217644160248,0.618936356374583,0.1155419871575745,0.7223511288457128,0,0,-0.05077946370532346,0.015016020067302035,-0.010431037189276415
2016-12-05,87.38999938964844,87.81999969482422,86.91999816894531,87.4800033569336,11741100.0,0.6708021305919913,0.710783213249129,0.6070859654914635,0.986691293642195,0.550595419884067,0.6319655088138767,0.11533748377005393,0.7287175291137923,0,0,-0.05319390170861095,0.0127527642311128,-0.030560615863232585
2016-12-06,87.2699966430664,87.87000274658203,86.69999694824219,87.55999755859375,11293600.0,0.6721425028546739,0.7120294434044412,0.6133288902727145,0.986849247683208,0.5350212431164604,0.6201419900416941,0.11147886356201522,0.7348412805568072,0,0,-0.05155457628910206,0.014060394487126008,-0.015775002291521876
2016-12-07,87.62999725341797,88.1500015258789,87.19999694824219,88.06999969482422,11182600.0,0.6738957868538342,0.7133670642782348,0.652946011385532,0.9870169885175097,0.5493109290642302,0.6597879269793061,0.11166795081803368,0.740904844246566,0,0,-0.05561894989693869,0.009936075500685565,-0.03037912410784179
2016-12-08,88.05000305175781,88.8499984741211,87.6500015258789,88.31999969482422,9086700.0,0.6752107486415664,0.7137603186201522,0.6718187767685031,0.9871577580812221,0.5291505150963421,0.6953048766150594,0.12081552284028368,0.7458319438638044,0,0,-0.0600658673084818,0.009083631487854951,-0.03360970505420751
2016-12-09,88.63999938964844,89.0,88.18000030517578,89.0,8021700.0,0.6764494790044471,0.7144637465613632,0.7204351521619763,0.9872929109659512,0.5397825554458033,0.7115264093662508,0.13116778587888156,0.7501815663889897,0,0,-0.06657605608848922,0.004076093881289489,-0.03736416511730583
2016-12-12,90.13999938964844,91.5,90.13999938964844,90.9800033569336,15545400.0,0.6798226456441925,0.7154884259567951,0.8286689107399837,0.9876164016091233,0.5513426858798689,0.8411681546555241,0.16509489123637683,0.7586107798977242,0,0,-0.08292131745413447,0.015280905734287219,-0.05101124624188027
2016-12-13,91.88999938964844,93.22000122070312,91.16999816894533,92.58000183105467,18829300.0,0.6844599531217688,0.7170199040095948,0.890342999058641,0.9880681982398829,0.5544192984535963,0.8658203144276795,0.20785076786409462,0.7688206291084242,0,0,-0.10035169176240936,0.014618617080467803,-0.07012526948793246
2016-12-14,92.26000213623048,92.2699966430664,90.16999816894533,90.58000183105467,16325400.0,0.6868484844550329,0.7182190548661318,0.6947266632809729,0.988393968598094,0.5182111826437885,0.7191146543835261,0.23052618413038284,0.759968474630862,0,0,-0.10261395346844086,0.010369400145665408,-0.07993088549925577
2016-12-15,90.0999984741211,90.9800033569336,89.76000213623047,90.88999938964844,11155100.0,0.6901136553646006,0.7192963514313597,0.7096531435210958,0.9886232840834119,0.549093347597909,0.6605485974048338,0.24501161400388194,0.7660171269403095,0,0,-0.08103329862568144,0.03444471940286892,-0.06855816912054427
2016-12-16,91.5199966430664,91.66999816894533,90.63999938964844,91.18000030517578,20560400.0,0.6938933750638954,0.7204428830052161,0.7238454034321469,0.9890574191562593,0.563838952757149,0.6651021733598579,0.26387460762011755,0.7771656339858012,0,0,-0.09638018006009166,0.018703978315026088,-0.09439976080181756
2016-12-19,91.37999725341795,91.54000091552734,90.1999969482422,90.41999816894533,9674400.0,0.697158545973463,0.7214620224167421,0.6549679685946065,0.989246759001515,0.5491415984645993,0.6240228615630256,0.2741254839358618,0.7719198646155114,0,0,-0.08466761971342479,0.020179907448198635,-0.08697082999160316
2016-12-20,90.51000213623048,90.8499984741211,90.29000091552734,90.43000030517578,7221000.0,0.6996614220207276,0.7220131324938168,0.6555503491342852,0.9893881442086427,0.5370447037324002,0.6010455694895269,0.28364415480048144,0.7758353219692349,0,0,-0.0757575604162502,0.029971235781371525,-0.07708473083222181
2016-12-21,90.68000030517578,90.9000015258789,90.18000030517578,90.27999877929688,7308000.0,0.7019483114541898,0.7227165604350279,0.641194654009804,0.9895289667832246,0.5242253335991317,0.5873809649341913,0.29049189705303363,0.7718726904305269,0,0,-0.07762906800150277,0.028088033915244455,-0.08149953247495685
2016-12-22,90.0199966430664,90.9000015258789,90.0199966430664,90.87000274658205,8003100.0,0.7044575413318301,0.7237523176853866,0.678707596233575,0.989692547969351,0.5321595994982347,0.5846590160246362,0.2938282994436254,0.7762122274403016,0,0,-0.06302608428165549,0.035445332531069414,-0.08030571663745502
2016-12-23,90.88999938964844,90.95999908447266,90.5199966430664,90.70999908447266,4266500.0,0.7067380769349163,0.7249016192511957,0.6619906040001926,0.9897783513168146,0.52154630641036,0.5825721095221631,0.2976058164955513,0.7738987945640157,0,0,-0.07219101309909992,0.02564104501628099,-0.10355448165834669
2016-12-27,90.83000183105467,91.11000061035156,90.58000183105467,90.75,4960600.0,0.7094569347494308,0.7260675365429528,0.6647653527230906,0.9898784784811476,0.5289941967628164,0.5792204895883649,0.302892661748216,0.7765885906793571,0,0,-0.07165692939702198,0.026347695003533095,-0.0991071059849996
2016-12-28,90.68000030517578,91.11000061035156,90.26000213623048,90.3000030517578,6745900.0,0.7122520239887968,0.7271088316643322,0.6144373952045105,0.9900085158801359,0.5049357786514169,0.559609312106984,0.3008070571246343,0.7729307477542107,0,0,-0.06446279310326274,0.027988990804709023,-0.08991739572572315
2016-12-29,90.0999984741211,90.5999984741211,90.02999877929688,90.3499984741211,6684700.0,0.7141895254498809,0.7281002774949838,0.6185272899730109,0.9901379814326936,0.5429330622563375,0.5414854613685186,0.2938641594225661,0.7765554060802645,0,0,-0.05836097967843667,0.03455152426510684,-0.07862678000189595
2016-12-30,90.02999877929688,90.6999969482422,90.01000213623047,90.26000213623048,9117800.0,0.7161079751129429,0.7289560233003314,0.6076902845453823,0.9903128330700786,0.5639970954622926,0.535955392033125,0.2889211387669569,0.7716114430474741,0,0,-0.0575539240294688,0.03530716652219934,-0.0798007659794019
2017-01-03,90.94000244140624,91.33999633789062,90.1500015258789,90.88999938964844,10360600.0,0.718553676379931,0.7299751627118576,0.6619900088387263,0.990524422283785,0.5762125829449062,0.5634037013038897,0.29357387869895246,0.7772292920239299,0,0,-0.0676933355389207,0.025260344840848332,-0.086195419844489
2017-01-04,91.12000274658205,91.1500015258789,89.75,89.88999938964844,9434200.0,0.7200846199349131,0.7308807556950483,0.5460000418217931,0.9906981194797164,0.5553039437971943,0.5120650072789968,0.2884352335200533,0.7721137667827586,0,0,-0.06645396584979249,0.023104835385885706,-0.0970403757734952
2017-01-05,90.19000244140624,90.3000030517578,88.44000244140625,88.55000305175781,14443200.0,0.7207135182851934,0.7313349371826201,0.4242556851251692,0.9909251888258566,0.5190890073238894,0.3698083165779777,0.2589357550973676,0.7642822013968982,0,0,-0.05684726493545851,0.03370785181744943,-0.09378129227294833
2017-01-06,88.79000091552734,88.9800033569336,87.81999969482422,88.5,16518100.0,0.7209866748327198,0.7318278901059931,0.42017756781767734,0.9911829520282827,0.5061408690044725,0.2756542472906574,0.24155122410661056,0.7553255588107551,0,0,-0.04189722141854865,0.05002823435913863,-0.07792209246843085
2017-01-09,88.22000122070312,88.22000122070312,86.55000305175781,87.04000091552734,13762300.0,0.7201735590205158,0.7318140443719983,0.3141981003926151,0.9913574222955872,0.4926004978061782,0.17591738240552096,0.24258996300978997,0.7478631992014008,0,0,-0.03548021909207274,0.05649717514124294,-0.08237289170087395
2017-01-10,87.16999816894531,87.30999755859375,85.91000366210938,85.93000030517578,13283100.0,0.7182233498986803,0.7315398743294375,0.2507572503157236,0.9914962745791969,0.45060200209631424,0.17303616648598247,0.2508520688358371,0.7406606771718697,1,0,-0.024011906202976427,0.06950830638925848,-0.06192554380691531
2017-01-11,85.9000015258789,86.94999694824219,85.86000061035156,86.80999755859375,11183700.0,0.7155743648320887,0.7321020622614389,0.34084729127559843,0.9916326886135836,0.45994087362861624,0.26967089959024204,0.2590874615048729,0.7467248373168408,0,0,-0.009542647409659419,0.0851856123452535,-0.05609216429310193
2017-01-12,87.2699966430664,87.37999725341797,86.06999969482422,86.33999633789062,10407000.0,0.7116104179777649,0.7329384202360012,0.31269233374400096,0.9917497928264889,0.4334684399374157,0.31908142355588276,0.2578562127083155,0.74108182877506,1,0,-0.016242323146745227,0.06854054538615406,-0.06600617312160979
2017-01-13,86.2699966430664,86.68000030517578,86.16999816894531,86.3499984741211,8415600.0,0.7089233196220242,0.7336861574840343,0.3137453999036881,0.9918445947480987,0.4484721770988131,0.3411557538043439,0.2567129102543693,0.7456450364895033,0,0,-0.004748622308371763,0.08049577104958347,-0.057331447280475074
2017-01-17,86.58000183105469,87.38999938964844,86.25,87.36000061035156,13237300.0,0.7066808973080874,0.7347689940331681,0.4152161087699934,0.9920202070893009,0.45455645619894086,0.39135133524522303,0.24115185578139464,0.752822724292916,0,0,-0.008338172940662041,0.07689634634606775,-0.04122762305612787
2017-01-18,87.05999755859375,87.41000366210938,86.05000305175781,86.27999877929688,11831700.0,0.7035681844016697,0.7354945755713478,0.34329871485502184,0.9921516175753085,0.43683806486017907,0.38659985874068453,0.22986379005105334,0.7464071978046111,0,0,-0.013736228707168714,0.07051286193992376,-0.04304022985996184
2017-01-19,85.97000122070312,86.0999984741211,84.58999633789062,84.7300033569336,16382900.0,0.6999536303662763,0.7358158270255686,0.2597817267959509,0.9922829154945902,0.4230954199215931,0.34262813973364786,0.23910914146963996,0.7375238649863982,1,0,-0.0159944935365905,0.08402874481425766,-0.04068152742107715
2017-01-20,85.44000244140625,85.95999908447266,85.05000305175781,85.88999938964844,18739700.0,0.6970696068878601,0.7359376813168779,0.36313746922111956,0.9924761075111994,0.46216726448092726,0.3808410008245131,0.2476941106440419,0.747685130208884,0,0,-0.010031937564488102,0.09182106067578982,-0.0308037354767552
2017-01-23,85.68000030517578,85.87999725341797,84.75,84.97000122070312,11433900.0,0.6936964450946674,0.7358435227193278,0.31454630524424154,0.9925729685075724,0.45874784646433464,0.37746282399119135,0.2593460996059847,0.7414853036146813,0,0,-0.012690697112946129,0.08778671520675402,-0.03679128751385487
2017-01-24,84.9800033569336,85.47000122070312,84.83000183105469,85.08999633789062,11858100.0,0.6900247114324451,0.735522271265107,0.32511648131108783,0.9926761669631765,0.4393173696285412,0.38673255353295005,0.27016580364207454,0.747915145028085,0,0,-0.004589937783217811,0.096975376549269,-0.04648704861586246
2017-01-25,85.33999633789062,85.87999725341797,85.25,85.33999633789062,9578500.0,0.6866134315035506,0.73504870194675,0.3479504577632976,0.9927642170100452,0.42675291820091493,0.409815417281594,0.27014659851072864,0.7531089143484893,0,0,-0.00881419711221711,0.09260788837645688,-0.04313078301674647
2017-01-26,85.69000244140625,85.83000183105469,85.12000274658203,85.5999984741211,8779400.0,0.6833419067636071,0.7350293162288493,0.3721688640158115,0.9928493988068667,0.4365265204232372,0.4166443116361879,0.2720906366804152,0.7578693860686498,0,0,-0.012889690071702365,0.08823528360000157,-0.04780878844780525
2017-01-27,85.30000305175781,85.75,85.04000091552734,85.51000213623047,10947900.0,0.680299071451665,0.7350930133664568,0.3661541551123717,0.9929535941279979,0.4559098067896448,0.4172407573890426,0.2751517479001099,0.7519330842319474,0,0,-0.008294471104247032,0.08142516022842906,-0.04532716065392825
2017-01-30,85.41999816894531,85.44999694824219,84.18000030517578,84.86000061035156,12789200.0,0.6768115649444715,0.7345502111523561,0.32329873573018886,0.9930587353935176,0.4560812876373451,0.3903020600544756,0.29038785254288885,0.744998370592806,0,0,-0.014501202582056139,0.07309086473934139,-0.051806808496134935
2017-01-31,85.04000091552734,85.06999969482422,83.12999725341797,83.88999938964844,19128100.0,0.6727650376814733,0.7340351025191296,0.26635691667997996,0.9931790607201569,0.45280884505666863,0.34656342901663173,0.31648341470791497,0.7346265024571244,0,0,-0.022507702667590897,0.07812864960796653,-0.03582372017042517
2017-02-01,84.0,84.16000366210938,82.54000091552734,82.94000244140625,15111800.0,0.6677148233139716,0.7334009095865468,0.2181431816600403,0.9932455849151842,0.432388904910996,0.30612865205142176,0.3463338376579342,0.7264324007484971,0,0,-0.017403732209977964,0.08987961581100856,-0.023006321602309282
2017-02-02,83.20999908447266,83.52999877929688,82.55000305175781,83.44999694824219,12200100.0,0.6636238289314482,0.7328941088162944,0.2731255336381705,0.9933115549200537,0.4680254469945726,0.3140383261453522,0.37405208754009495,0.7330476855097714,0,0,-0.008078106453139293,0.09802263098751995,-0.014588847948581524
2017-02-03,83.69999694824219,83.72000122070312,82.9000015258789,83.54000091552734,12746300.0,0.6604412384305549,0.7320771365596326,0.28289484849918045,0.9933826887010837,0.5079363207844728,0.33660821266384305,0.3941583125631863,0.7399591373956271,0,0,-0.013900492212531809,0.09155182347564327,-0.020371444103186354
2017-02-06,83.55000305175781,83.6500015258789,82.93000030517578,83.30999755859375,9938200.0,0.657144303215661,0.7311438478826826,0.26918391975834066,0.9934335875422344,0.5033283695272923,0.344992915653216,0.41282837865605687,0.7345703272207519,0,0,-0.012090042197291172,0.0932486617280478,-0.020588953816774894
2017-02-07,83.2300033569336,83.62000274658203,82.44999694824219,82.7699966430664,11705200.0,0.6544317943849698,0.7299945463168735,0.23769662506947,0.9934809966717473,0.504098786308778,0.34041007015572083,0.4356396843444757,0.7282233930818787,0,0,-0.009362698734240277,0.09734717583268557,-0.0176449557529904
2017-02-08,81.98999786376953,82.12000274658203,81.16999816894531,81.4800033569336,14006300.0,0.6516049456868303,0.7284326046912466,0.17296018264197885,0.9935019764860527,0.5202323805339765,0.28636403644241937,0.4685103458324706,0.7206287288617629,0,0,-0.00990696783957052,0.11296362031330755,-0.0015705842538397462
2017-02-09,81.4800033569336,82.05000305175781,81.4800033569336,81.83999633789062,9603000.0,0.6484477656608874,0.7271503709792013,0.2162650891096121,0.9935231771832629,0.5086236245625209,0.3320003786190873,0.49903310292846575,0.7258357828664446,0,0,-0.0038046781445290794,0.1210111999844191,-0.0030682374779102913
2017-02-10,82.26000213623047,82.7699966430664,82.12999725341797,82.5199966430664,8739800.0,0.6460211210384741,0.7262143123102986,0.29409336820200915,0.993554195062218,0.5247382603960308,0.3895055966007774,0.5056568802013524,0.7305747821989569,0,0,-0.0133187196488241,0.11094812570826403,-0.012341180124941595
2017-02-13,82.7699966430664,83.18000030517578,82.3499984741211,83.0,9071600.0,0.6438930434385379,0.7250234693167352,0.34557865131323706,0.9935949662302561,0.5400162753539326,0.4213670542883178,0.5007106633844622,0.7354936941128244,0,0,-0.019389221270109332,0.10385361177234485,-0.011269999309360405
2017-02-14,82.91000366210938,83.0999984741211,82.05999755859375,82.81999969482422,11370500.0,0.6410090199601219,0.7237993948712769,0.33328232400718383,0.993641995128709,0.5253794180203318,0.41822170125629793,0.4999223386012556,0.7293282450281392,0,0,-0.020963921604386294,0.10156617681664157,-0.010722976133047816
2017-02-15,82.63999938964844,83.18000030517578,82.45999908447266,83.16000366210938,11768500.0,0.6390270513795124,0.7227248682980019,0.3711708057210551,0.9936985237286664,0.5634025993373104,0.44340495614247294,0.4969257065017278,0.7357095024533288,0,0,-0.017749350713834787,0.10275298439493107,0.012798811428394558
2017-02-16,83.12000274658203,83.41999816894531,82.16999816894531,82.30000305175781,10615000.0,0.637483400163779,0.7212903188347051,0.31013188593456165,0.9937314732264722,0.5733132102477024,0.42892424984134647,0.4982007906276738,0.7299537096531938,0,0,-0.02344882746229615,0.08633958620720009,-0.013347770099453685
2017-02-17,82.08999633789062,82.19000244140625,81.44000244140625,81.76000213623047,15646000.0,0.6348598304186905,0.719684067902256,0.2756421543815356,0.9937633460044499,0.5368821406062358,0.37607160938061757,0.5085844648684392,0.7214699476041209,0,0,-0.011178592160764963,0.08371818667746463,-0.0002429725677389164
2017-02-21,82.12000274658203,82.1500015258789,81.30000305175781,81.88999938964844,16419600.0,0.6329032674664792,0.7179725784044453,0.2914795635348514,0.9938009618620511,0.5636890708028843,0.38073039380949536,0.5198590335415743,0.730373180337149,0,0,-0.011619429462022254,0.07460858995523423,0.0030577298613990254
2017-02-22,81.6500015258789,81.69999694824219,80.87000274658203,80.93000030517578,12917400.0,0.6302606410768157,0.7159259917184193,0.23206479289718615,0.9938061122806672,0.5459741285101367,0.34167502387651805,0.535209254495354,0.7233689525541568,0,0,-0.00952495768849002,0.07033828525047688,0.010746089387921128
2017-02-23,81.41999816894531,82.22000122070312,81.02999877929688,81.77999877929688,13847000.0,0.6279991621183043,0.7139264843311681,0.3316086442206486,0.9938347880254281,0.5669460372715736,0.3906106420742381,0.5332230286803399,0.7308772392148698,0,0,-0.006795939951678302,0.07401464809806728,0.019646657127016832
2017-02-24,81.5999984741211,81.80000305175781,80.76000213623047,81.08000183105469,11338700.0,0.6251278463006396,0.7111847775669049,0.2868789951067434,0.9938426373765483,0.5519888001893807,0.3591439529485224,0.535000761816971,0.7247290331081444,0,0,-0.010271415387979627,0.07104432960029734,0.014184442154858985
2017-02-27,81.12999725341797,81.70999908447266,80.80999755859375,81.54000091552734,13465900.0,0.6226059136088002,0.7081273593323265,0.33800342453089727,0.9938641296055883,0.5616875059568326,0.38317679200323085,0.5366515140152714,0.7320306751493443,0,0,-0.004563333853376741,0.07745444335061771,0.02466699500287843
2017-02-28,81.52999877929688,81.98999786376953,81.05000305175781,81.31999969482422,16834200.0,0.6203571374644876,0.7055628940211212,0.32284899120865884,0.9938836928643755,0.5454906645186288,0.4048584149650645,0.5289991307575603,0.7229026330244238,0,0,-0.009443176777298501,0.07211190601903457,0.016065704487186146
2017-03-01,81.69999694824219,83.33000183105469,81.69999694824219,83.0199966430664,17482100.0,0.6198044705390586,0.7033833751888592,0.4893196492781078,0.993962346301656,0.5755434041375608,0.5528802893182314,0.4867228674619752,0.7323819872694769,0,0,-0.011559208257984618,0.07021651174736308,0.015617366911300782
2017-03-02,82.80000305175781,84.25,82.79000091552734,83.30000305175781,14170300.0,0.6200331599670601,0.701201088477529,0.5125525798918835,0.9940338186112494,0.5823246960464562,0.6417786308331725,0.4550901457381575,0.7400655775394488,0,0,-0.02457240421603557,0.03974940443025045,-0.013370280116052818
2017-03-03,83.30000305175781,83.5999984741211,82.26000213623047,82.45999908447266,12190400.0,0.6194042664633324,0.6989966460563455,0.44462730039466625,0.994075158889761,0.5446727613123816,0.5654470273819114,0.41505442688270405,0.7334555524286843,0,0,-0.03049220675237111,0.03193272431289199,-0.020648273201555774
2017-03-06,82.44000244140625,82.9000015258789,82.33000183105469,82.83000183105469,9617200.0,0.6189532414377052,0.6968919022166178,0.47741569061378186,0.994114727750365,0.5448829769082479,0.5616510269229651,0.37787840223121155,0.7386703061279267,0,0,-0.020373518358334883,0.0417171337643087,-0.016856650558830486
2017-03-07,83.11000061035156,83.29000091552734,82.13999938964844,82.5199966430664,12711500.0,0.6184513954621771,0.694742846957183,0.45191972188626384,0.994159262435844,0.5351227134723641,0.5636287528449359,0.35097137747011004,0.7317777239160647,0,0,-0.02837134398372101,0.03344194835002257,-0.03163108401139426
2017-03-08,82.3499984741211,82.37999725341797,81.01000213623047,81.02999877929688,16817700.0,0.6173460664578718,0.6920177559188674,0.3453137334804909,0.9941690259821496,0.5129961239770015,0.4157946367392096,0.3286079585204964,0.722658628619331,0,0,-0.019268012634174308,0.042777495430175554,-0.016238443921497855
2017-03-09,80.63999938964844,81.72000122070312,80.30999755859375,81.66999816894531,14721800.0,0.6174667601556956,0.6895142177533167,0.40545372390333767,0.9941960151177844,0.550212855507248,0.38940513456869036,0.3187800663177977,0.7306412598435444,0,0,-0.004072588374998258,0.06405038281615145,0.000617093082945822
2017-03-10,82.44000244140625,82.47000122070312,81.16000366210938,81.61000061035156,11355200.0,0.6173206559829214,0.6869829860068912,0.40117566766284396,0.9942154801675405,0.5380082412813895,0.4566765925967043,0.2947171270569479,0.7244841069086323,0,0,-0.026080628511908375,0.040528929016829134,-0.01628507237508933
2017-03-13,81.5,81.94000244140625,81.05000305175781,81.41999816894531,9571400.0,0.6166218848847178,0.6845237571481626,0.38702259765108893,0.9942283168260695,0.5309331786983658,0.4286503684957515,0.2741979880808855,0.7192941874355083,0,0,-0.01458157618559444,0.04840089350202949,0.0028183231860485942
2017-03-14,81.0,81.2300033569336,80.44000244140625,80.98999786376953,11335700.0,0.6153450363861352,0.681931598256083,0.3551276794464745,0.9942339735950596,0.5295505212635194,0.36722720238643214,0.2649421508353556,0.7131476080248169,0,0,-0.008474606447110266,0.049987715381410704,0.004912816689689785
2017-03-15,81.3499984741211,82.05999755859375,81.05000305175781,82.0,11970300.0,0.6148241337660325,0.6796440729793913,0.457220667562953,0.994263583296219,0.5401883212538097,0.4754613813023363,0.24024999442296552,0.7196382878698904,0,0,-0.012841103135682177,0.03580690952427111,-0.0011112031147599822
2017-03-16,82.02999877929688,82.19999694824219,81.66999816894531,82.06999969482422,9923800.0,0.6141317116516525,0.6772014619594953,0.46387429762802534,0.9942894703930469,0.5280271364337557,0.520245993048622,0.21477858447642778,0.7250192899038026,0,0,-0.020975624642721038,0.027073185618330792,-0.004634112846560594
2017-03-17,82.02999877929688,82.26000213623047,81.81999969482422,82.0,18834100.0,0.6139411355128002,0.6750164052562122,0.45754288280632094,0.9943359772956826,0.5380274424032223,0.5335369760379122,0.18998683110500908,0.7148068379794483,0,0,-0.020957733972205652,0.027050094175193842,0.00036552673825301457
2017-03-20,81.72000122070312,82.04000091552734,81.44000244140625,82.0,7700300.0,0.6140935935159504,0.6732024471849931,0.45754288280632094,0.9943549744425408,0.5560274433065544,0.5013001154401269,0.17421095655670493,0.7189821871361963,0,0,-0.01719516661108994,0.03085364364996189,0.0040244125738376525
2017-03-21,82.16000366210938,82.3499984741211,81.5999984741211,81.83000183105469,13387700.0,0.614055480226801,0.6713552576618784,0.4403331688180535,0.9943835363627787,0.5328438024697629,0.5161382896245353,0.1531506602414901,0.7117229476382814,0,0,-0.022561050042873475,0.025487760218178352,0.006585283977229421
2017-03-22,81.95999908447266,82.08999633789062,81.43000030517578,81.76000213623047,11168400.0,0.6145827366772796,0.6698930146177071,0.43298247205438134,0.9944058181167956,0.5550218864075142,0.48365950824816245,0.13704467318348068,0.7056670836430834,0,0,-0.020163772320150757,0.027984857195228398,-0.003910542437538821
2017-03-23,81.62999725341797,82.22000122070312,81.45999908447266,81.86000061035156,8928000.0,0.6146335576271804,0.6687658687617515,0.4463092672596859,0.9944253595822912,0.5487252029988859,0.4966260248651536,0.11919476573711107,0.7105081310401258,0,0,-0.016144809935606456,0.03204504254068536,0.004770051118621685
2017-03-24,82.02999877929688,82.02999877929688,81.1500015258789,81.2300033569336,9128500.0,0.6147288456966065,0.6672205449749571,0.3781113090629259,0.9944341123923661,0.5424878953528266,0.42878459234019733,0.10932721641992174,0.7055583661248143,0,0,-0.021011497775210414,0.027119486979607914,0.010505748887605207
2017-03-27,80.81999969482422,81.43000030517578,80.79000091552734,81.25,8481200.0,0.6145446233881302,0.6658109212134666,0.38106525562487714,0.9944425703283106,0.5331182540855791,0.37819499655613553,0.10758015655453224,0.7101571442592,0,0,-0.006278494585177635,0.042225780665106974,0.018342949676147573
2017-03-28,81.31999969482422,82.0199966430664,80.95999908447266,81.83999633789062,11028600.0,0.6148749498693808,0.6645619210662017,0.46513700254771595,0.9944662424044801,0.5621134552763117,0.4530811321879669,0.09178910521549974,0.7161372042192158,0,0,-0.012430795522836538,0.03606154221754808,0.0072615872896634615
2017-03-29,81.69000244140625,82.27999877929688,81.55000305175781,82.0199966430664,8495500.0,0.6142397025352773,0.6630830601831981,0.48916831380121606,0.9944874446447156,0.5452771034890461,0.5200141949819084,0.080136891024911,0.7207437362713633,0,0,-0.01686223050542317,0.03128051897784007,0.011241424854748777
2017-03-30,82.02999877929688,83.87000274658203,81.94000244140625,83.69999694824219,44704900.0,0.6144937975916767,0.6623685543870601,0.6658531883554455,0.9947449190178133,0.6277666334901082,0.7645806867368522,0.09704664345342714,0.7449841641141095,0,0,-0.020970510742498623,0.02706658512026157,0.006339969443352767
2017-03-31,83.26000213623047,83.30999755859375,81.86000061035156,82.01000213623047,21750400.0,0.614207938229951,0.6616152771551209,0.48262071437446885,0.9947984518977653,0.610307706469732,0.620864784003818,0.11080897087200081,0.7331904009751501,0,0,-0.03524497831775217,0.011827931898034825,-0.0054958076612249725
2017-04-03,82.0199966430664,82.30999755859375,81.3499984741211,82.06999969482422,11438700.0,0.6137251488989977,0.6605573663077937,0.48841367987299655,0.9948279072432746,0.6072254705495387,0.5303427823355805,0.11147711725255202,0.7393928302830072,0,0,-0.020851104010851024,0.02719184610225026,0.006462704485862456
2017-04-04,82.0999984741211,82.41999816894531,81.33000183105469,82.37000274658203,9270900.0,0.6136298656761241,0.6598373226406351,0.5180923779747391,0.9948571665345036,0.6327781225894921,0.5734058862241946,0.11399121203410933,0.7444198090367303,0,0,-0.02181066068214243,0.026197167465257066,-0.0013403266816205404
2017-04-05,82.8499984741211,83.55000305175781,82.47000122070312,82.52999877929688,13809100.0,0.6145827366772796,0.6591283568284028,0.5340635502784666,0.9949050044809753,0.6409106080429684,0.7384810247421829,0.13347995251304284,0.7519075451042143,0,0,-0.030836479675032447,0.01699649725866981,-0.013354357623433958
2017-04-06,82.75,83.20999908447266,82.45999908447266,83.01000213623047,9554900.0,0.6154339706251855,0.6584830881537782,0.5809912217907043,0.9949469811181371,0.6224082753142983,0.7154588986919947,0.1513231391609537,0.7570885177491515,0,0,-0.029565036683586364,0.01817520928373361,-0.009935777377351912
2017-04-07,83.23999786376953,83.36000061035156,82.68000030517578,82.76000213623047,8909600.0,0.6161645060287151,0.6576965794699436,0.5514567679155415,0.9949817762440731,0.6158668127243202,0.6870486030167363,0.1700420331172865,0.7522574474211174,0,0,-0.03529695494245694,0.012167234191524543,-0.011444367230386478
2017-04-10,83.12000274658203,83.47000122070312,82.91999816894531,83.12999725341797,8885300.0,0.6172507783884458,0.6570374608355547,0.5885963782826696,0.9950228329952897,0.6148894286466603,0.6918660323244984,0.18904775552801678,0.7570753415112765,0,0,-0.03395366258404341,0.013653905561262442,-0.006524902145827078
2017-04-11,83.08000183105469,83.16999816894531,82.41999816894531,82.83999633789062,8576500.0,0.6184259849872267,0.6564780407826212,0.552448126966656,0.9950576160616644,0.6080274827172599,0.6131434291241376,0.1925622716481339,0.7524248886662124,0,0,-0.0333213564775746,0.014074319831608161,-0.009503199105360996
2017-04-12,82.86000061035156,83.3499984741211,82.69999694824219,82.97000122070312,9516100.0,0.6190421756767555,0.6562232564579609,0.5665673508505039,0.9950985846663003,0.5836247083731134,0.6274850352183715,0.19895541344742096,0.7575848227091104,0,0,-0.03078226900634776,0.016779327029166687,-0.013399331958249416
2017-04-13,82.72000122070312,82.7300033569336,81.56999969482422,81.69000244140625,8667900.0,0.618800783434555,0.6558770814148187,0.42302997801140874,0.9951143754395289,0.5596802033535454,0.46914837989856656,0.17745600829890135,0.7528848098582118,0,0,-0.029046687075472984,0.01386044966806571,-0.014101460187195564
2017-04-17,81.8499984741211,81.97000122070312,81.44000244140625,81.58000183105469,9577200.0,0.6185339807174042,0.6553592049025243,0.41238353031643293,0.9951297708510638,0.5574862493807982,0.4220462206541132,0.15583598374499658,0.7476917454394222,0,0,-0.01885176728488825,0.024727680402627298,-0.009181050037768724
2017-04-18,81.31999969482422,81.81999969482422,81.02999877929688,81.05000305175781,8821400.0,0.6179304976886268,0.6546696248081927,0.36243040741465804,0.9951348867671466,0.5272835181585388,0.3756578580112471,0.14420136529225341,0.7429084999747863,0,0,-0.01238051132092517,0.03125769789805416,-0.010051479240247739
2017-04-19,81.16999816894531,81.51000213623047,80.30000305175781,80.48999786376953,10764400.0,0.617079263740721,0.6538886539953792,0.3145271036802282,0.9951294536358186,0.5228529718980125,0.32096383936627715,0.14671245338580513,0.7370716977121605,0,0,-0.010734054095370347,0.033312825119975874,-0.005798904417103925
2017-04-20,80.94999694824219,81.73999786376953,80.69999694824219,81.01000213623047,11649100.0,0.6166028282401432,0.653401241055912,0.3838871420978257,0.995135302608642,0.5134108155300467,0.38214661774782477,0.1435087603589078,0.7433882126351988,0,0,-0.00807546171866595,0.03627787148512533,-0.018014622769605835
2017-04-21,80.93000030517578,81.0,80.47000122070312,80.69000244140625,9816700.0,0.6158595900224149,0.6531824581751,0.3549742857153847,0.9951341500500548,0.5091220681345433,0.3447334201812804,0.14472359988714117,0.7380652836496986,0,0,-0.007776783567522118,0.03629184500528953,-0.009998735183732222
2017-04-24,81.27999877929688,81.4000015258789,80.80999755859375,81.11000061035156,8729700.0,0.6157833585975634,0.6529802931331203,0.41019769170094134,0.995140217603312,0.5244093111230341,0.3966668631160244,0.13595481185435693,0.7427988064388967,0,0,-0.012145193925984758,0.03209820162251092,-0.0008675138518560541
2017-04-25,81.43000030517578,81.93000030517578,81.27999877929688,81.7300033569336,10733800.0,0.6160882794504161,0.6527615123651931,0.4847093698691003,0.9951605409773294,0.5252482406797223,0.45673493274142485,0.11769290126366505,0.7486190164019761,0,0,-0.013931663727219283,0.030082633744855966,-0.006411005291005291
2017-04-26,81.5199966430664,82.33000183105469,81.38999938964844,81.4000015258789,9445900.0,0.6158087739190665,0.6523184087325478,0.4496045473712633,0.9951723884170236,0.49207568854198386,0.46324361146347387,0.10900325975255296,0.7434971470462725,0,0,-0.014927120288746386,0.028753285292949415,-0.011011793215692114
2017-04-27,81.06999969482422,81.30000305175781,80.94000244140625,81.26000213623047,12385300.0,0.6153259894346654,0.6518863829548296,0.43472032483607803,0.9951845609799164,0.506504722774699,0.4062350982797628,0.09256428785915347,0.7367814409165023,0,0,-0.009459418042168056,0.034398071244109596,0.013022082785302562
2017-04-28,82.45999908447266,82.48999786376953,81.55999755859375,81.6500015258789,12072200.0,0.614023735307685,0.6514682029111059,0.48404720341305774,0.99520550915086,0.4130464117151136,0.4995796157894755,0.09764559834486475,0.743327374203529,1,0,-0.026581294313697674,0.017351755169111825,0.005783918389703942
2017-05-01,81.51000213623047,82.20999908447266,81.4800033569336,82.05999755859375,8664100.0,0.6140554947664587,0.6514017357815458,0.5328476769576455,0.995227391605289,0.45791173868244167,0.5047166088053328,0.10053346049329595,0.7480253265727846,0,0,-0.01481933939816459,0.028903864865251254,0.017758688562701522
2017-05-02,82.13999938964844,82.58999633789062,81.9000015258789,82.05000305175781,9102900.0,0.6140427919522595,0.6514820486451007,0.5315438690927577,0.9952501929860893,0.43610611217998785,0.5375623814632908,0.10954115007385296,0.7430894427969629,0,0,-0.022422573636768663,0.02108217655866136,-0.000853030671542934
2017-05-03,81.97000122070312,83.06999969482422,81.91000366210938,82.69999694824219,10289000.0,0.6142524198891339,0.6517063693969336,0.6061074918982419,0.9952888528707242,0.4266825932291638,0.5807250875953724,0.12536856662699658,0.7486684679614083,0,0,-0.020353419949196882,0.023156629557714577,0.0035344412521765393
2017-05-04,82.29000091552734,82.36000061035156,81.4000015258789,81.63999938964844,16164500.0,0.613687050149506,0.6519029965678924,0.47451008228725666,0.9953164921722863,0.435097219658388,0.4907120080508251,0.12747960105879386,0.7399035586144671,0,0,-0.02406285292870049,0.019105222362263592,0.014510241747568696
2017-05-05,81.62999725341797,82.23999786376953,81.61000061035156,82.0199966430664,10213000.0,0.6130581517992257,0.6519694615845679,0.5177702574445391,0.995341421398868,0.4323294978650669,0.5191442258772844,0.1294398473168913,0.7454413741460524,0,0,-0.0162909629054798,0.02743759811257525,0.013841314199663985
2017-05-08,82.0,82.94000244140625,82.0,82.88999938964844,8097100.0,0.6131407322079003,0.6524707223709147,0.60550351780949,0.9953747505780535,0.46052639667790396,0.6204887264130069,0.14292133571650828,0.7498318809648911,0,0,-0.020726615676908804,0.022799351659570113,0.0037795363482248543
2017-05-09,82.95999908447266,83.0,82.16000366210938,82.30999755859375,8647100.0,0.6126198295877976,0.6526839652678211,0.5377284077972234,0.9954006604335492,0.45358449965912206,0.6141555521861748,0.1563840650362413,0.7451431465398278,0,0,-0.03209067501871682,0.010978449376403531,-0.018337515433209522
2017-05-10,82.12000274658203,82.37000274658203,81.6500015258789,81.91000366210938,9520300.0,0.6120290542197717,0.6528473609868843,0.4942593755139746,0.9954218345392163,0.44621130895523387,0.5409402816480674,0.15532172226424273,0.7399809351224821,0,0,-0.022111526531496024,0.021261086768399346,-0.012635171259566636
2017-05-11,82.58999633789062,82.70999908447266,82.0999984741211,82.61000061035156,10047300.0,0.61180036479177,0.6527338166714338,0.5651992877490521,0.9954577081262852,0.46299731864402816,0.6386148320012937,0.16041002634289486,0.7454289028097921,0,0,-0.027957431128673445,0.01562698512347305,-0.011964298421737189
2017-05-12,82.38999938964844,82.70999908447266,82.25,82.55000305175781,7480200.0,0.6123466778868234,0.6525261116455485,0.5581975825763809,0.9954835363524119,0.481364372624255,0.6331594660132205,0.16513488013021466,0.7413728989187351,0,0,-0.025299556015603457,0.014041927775558195,-0.013920851196977278
2017-05-15,83.0,83.18000030517578,82.6500015258789,82.80000305175781,10881500.0,0.613121680409878,0.6526202723559833,0.5836906757978029,0.9955263205530946,0.4809538760374751,0.6734828278383463,0.1779027531670162,0.7472731965498862,0,0,-0.03270741185253892,0.006662665432161977,-0.022895206781075848
2017-05-16,82.9000015258789,83.2300033569336,82.44999694824219,82.55000305175781,9574200.0,0.6140745514110333,0.6525427294843811,0.551737458022423,0.9955593344812743,0.4834737536383758,0.6391870653435983,0.18380171369532405,0.7420817588271306,0,0,-0.03140094659774166,0.007850259685046074,-0.016545926281254487
2017-05-17,82.55000305175781,83.04000091552734,81.95999908447266,81.98999786376953,11151100.0,0.6150274224121886,0.6523959516041502,0.48430839607761966,0.995585750989489,0.4771561473459747,0.5653578452280137,0.17553203895076291,0.7360352754457283,0,0,-0.027256207350946776,0.012113869933754122,-0.022410733314639546
2017-05-18,81.7699966430664,82.1500015258789,81.41999816894531,81.75,9905800.0,0.6154975040823905,0.6525953487670617,0.4570563680881955,0.9956046308323132,0.48469160980338755,0.46143061134497876,0.15446394330263186,0.7306640335880198,0,0,-0.017928938036454903,0.020734292254298643,-0.012684392160380503
2017-05-19,82.0,82.08999633789062,81.69000244140625,81.93000030517578,13028500.0,0.616285209419644,0.6526673537676431,0.4802760106484334,0.9956339494434245,0.4932672345272418,0.47010055477861,0.1349007116293674,0.7377285033474694,0,0,-0.02079506970326835,0.01798166630829511,0.0012232229250286697
2017-05-22,82.11000061035156,82.33000183105469,81.93000030517578,82.29000091552734,9218700.0,0.6170348014677483,0.6528556730756276,0.5257412339467081,0.9956610542012316,0.5077721482841095,0.5181383652954227,0.12257611446131,0.7427271775902017,0,0,-0.022091999900546888,0.016599543577270642,-0.015379008074419236
2017-05-23,82.31999969482422,82.88999938964844,82.23999786376953,82.58000183105469,6857200.0,0.6175747607324258,0.6531769245298484,0.5608441642492187,0.9956850238605441,0.5001213268544659,0.5989962418577214,0.12361007479142916,0.7464453709382078,0,0,-0.024547291537157487,0.01251669422575646,-0.026734681295003716
2017-05-24,82.41999816894531,82.54000091552734,82.01000213623047,82.29000091552734,8136000.0,0.6181401304720535,0.6535369474198705,0.520636578524965,0.9957089194056139,0.5196006639959103,0.5244844978870418,0.11812120323017544,0.742033771294129,0,0,-0.025672015865592576,0.011261810178672692,-0.026640795585631313
2017-05-25,82.33000183105469,82.70999908447266,81.5199966430664,81.75,12370900.0,0.6184514003087296,0.6534677124112418,0.4514514384737419,0.9957324076269232,0.4850354898339403,0.433288509298726,0.10022678956732853,0.7353258733053216,0,0,-0.02466883894412296,0.01093694878923114,-0.026370131787613754
2017-05-26,81.61000061035156,81.80000305175781,80.83000183105469,81.55000305175781,8227100.0,0.6183878765446298,0.6533237045229641,0.4273791763001882,0.9957448605394208,0.512576164263741,0.28809516360574905,0.09894979924470326,0.7308648763250117,0,0,-0.016024434967507644,0.019816547358801607,-0.012354766192421636
2017-05-30,81.27999877929688,81.33999633789062,81.04000091552734,81.0999984741211,8973600.0,0.6177780396854768,0.6530744580693246,0.3757272173079431,0.9957506902579483,0.49152667412406936,0.2654310425523486,0.0977640225165512,0.7259991031482533,0,0,-0.012017114541578656,0.02391176584504967,-0.003923969133650709
2017-05-31,80.94000244140625,80.94999694824219,80.47000122070312,80.5,13572300.0,0.6167934043789953,0.6526590480175538,0.31467679246651203,0.9957438887277603,0.4780175933045824,0.22751130369672307,0.10818500891363156,0.7186397676210493,0,0,-0.0078914846077668,0.028236756579694388,0.0003698986419395257
2017-06-01,80.37000274658203,80.9000015258789,80.19000244140625,80.69999694824219,9884100.0,0.6155229097107884,0.652346104426307,0.3470657328547996,0.9957427279369919,0.4792021660077425,0.26695737015558313,0.12301447860548242,0.7239992430441122,0,0,-0.0022360286357239905,0.03552795789256599,0.011304298543041538
2017-06-02,80.58999633789062,80.68000030517578,79.26000213623047,79.5,21687300.0,0.6141634808035312,0.6517202193566982,0.24178381873768987,0.9956903424923556,0.4666096023046022,0.21974224772254924,0.15142798564190146,0.712239694745067,0,0,-0.016480721833399353,0.032713842860937974,0.003345777976102126
2017-06-05,79.44000244140625,80.38999938964844,79.4000015258789,80.12000274658203,11527100.0,0.6129565147459763,0.6512383442882519,0.3341718007186585,0.9956762117069586,0.4709440868760948,0.29720691280887895,0.17781195646143338,0.7184900573627245,0,0,-0.002264154782085299,0.04767296749090998,0.014591145065595518
2017-06-06,80.30000305175781,81.31999969482422,80.22000122070312,81.20999908447266,12208600.0,0.6118892990308205,0.6512328043043463,0.46828048110329024,0.9956867226900799,0.4760243800633044,0.4176797514434832,0.1756342770113989,0.725109951096095,0,0,-0.01298054018815808,0.03657014733815367,0.006864645575498865
2017-06-07,81.05000305175781,81.4000015258789,80.33999633789062,80.91000366210938,13096500.0,0.6109999566403175,0.651138645706796,0.43892021427997274,0.9956904734280516,0.48916560684907734,0.42502439801381664,0.1715587172741393,0.7180086095598758,0,0,-0.022041632012154422,0.02684398879143193,-0.0023396434373631025
2017-06-08,80.91000366210938,81.08000183105469,80.48999786376953,80.62000274658203,11720700.0,0.6101804869977379,0.6508007806395126,0.41093909566679865,0.9956873282744083,0.4813159744205327,0.4193055288185874,0.1677742689466839,0.7116532708248271,0,0,-0.02039304722775104,0.028673830055833852,-0.009763946110131073
2017-06-09,81.1500015258789,82.13999938964844,80.69000244140625,82.12999725341797,13553900.0,0.6098755661448851,0.6508312442123398,0.5670474212413672,0.995722809333103,0.4945901955446409,0.5184088927203678,0.15384556400532562,0.7190026292830229,0,0,-0.023443305944672223,0.025800071448681156,-0.015876937927183858
2017-06-12,82.12999725341797,83.69000244140625,82.12999725341797,82.93000030517578,18172900.0,0.6101169583870856,0.6506180013154337,0.6316004330073366,0.9957981005875616,0.49095596480813025,0.6480861622962322,0.1665187962267735,0.7288565574014941,0,0,-0.03494454174072264,0.018994341168364758,-0.022647031201187037
2017-06-13,82.8499984741211,83.2699966430664,82.56999969482422,82.95999908447266,12175500.0,0.6102185954403345,0.6508810935030678,0.633937164211134,0.9958491908044578,0.5032263625217602,0.6490789819433587,0.1782867975752609,0.7354585032552899,0,0,-0.04328947696466568,0.010129072280164098,-0.029904687307522927
2017-06-14,82.80999755859375,82.81999969482422,81.55999755859375,82.06999969482422,13714000.0,0.6099136745874818,0.6508810935030678,0.5378505220154983,0.9958833944798369,0.5122721664708875,0.5727106304179624,0.16680591978502674,0.7280223334520822,0,0,-0.04279165214007002,0.010607580671697567,-0.02386687258184471
2017-06-15,81.77999877929688,82.4000015258789,81.58000183105469,82.26000213623047,11862600.0,0.6100851940817591,0.6508506299302406,0.5550642760104062,0.9959172551992963,0.5490889221060478,0.5673889146507711,0.15614510469409504,0.7344546149095368,0,0,-0.03070545451976322,0.023272860597193717,-0.026562694203510078
2017-06-16,82.61000061035156,83.54000091552734,82.19999694824219,83.48999786376953,39726100.0,0.6111905230860646,0.6511164921098276,0.6543513438551634,0.9961235461945352,0.6247776068223463,0.6577284089188129,0.1640134781562061,0.7559953780143356,0,0,-0.04072451236474774,0.013129124763042198,-0.031242397618323085
2017-06-19,83.48999786376953,83.48999786376953,82.55000305175781,82.76000213623047,10445700.0,0.6117177795365429,0.6510472571011992,0.5782827966686303,0.9961631765671757,0.6079498520058656,0.630940740940603,0.17131982494245218,0.7503313850937168,0,0,-0.05066470039250855,0.002395551356499803,-0.03976523870849123
2017-06-20,82.06999969482422,82.47000122070312,81.41000366210938,82.30999755859375,13232600.0,0.6117304823507421,0.6509226328179372,0.5347703996102056,0.9962020052432625,0.6116886647890454,0.5480848849744384,0.15461314097955797,0.7431562457807572,0,0,-0.03395357039706499,0.019574706437481233,-0.017762218254699532
2017-06-21,82.04000091552734,82.62999725341797,81.13999938964844,81.44000244140625,11422300.0,0.6110063007775883,0.6504546055963702,0.45800136065755004,0.9962165846012954,0.5973598055452572,0.521116071571664,0.1342282304265941,0.7369627090778857,0,0,-0.03377474015010007,0.020046186062687283,-0.01883128535697522
2017-06-22,81.44999694824219,81.58000183105469,80.9000015258789,81.08000183105469,8139900.0,0.6102376520849095,0.6499671926569033,0.4286653183648119,0.9962213928443586,0.5887474029386152,0.47038677708744864,0.11934914932409607,0.7325489947289626,0,0,-0.026890898162575047,0.027504978217254873,-0.015225906515187966
2017-06-23,80.8499984741211,81.69000244140625,80.76000213623047,81.61000061035156,10611200.0,0.6101487178458591,0.6495905540409337,0.4797018441441143,0.9962383522213121,0.6216118381387743,0.4904989445446984,0.10810011845963446,0.7383027270474546,0,0,-0.019610215860671527,0.03502718183458894,-0.008510049289952554
2017-06-26,81.56999969482422,81.75,80.91000366210938,81.23999786376953,7718700.0,0.6099517878766314,0.6494659297576717,0.4475230263513018,0.9962452513100959,0.6102911582988345,0.4855006372972043,0.0963735291286624,0.7341174008216984,0,0,-0.02830532460871892,0.025977242136095834,-0.019727981844266117
2017-06-27,81.44999694824219,81.7300033569336,81.11000061035156,81.11000061035156,9221600.0,0.609958141707007,0.6493357676033886,0.4361170901217175,0.996251210602487,0.6025893558070223,0.4862416768530453,0.08548455332133126,0.7291171541061333,0,0,-0.02695710080746306,0.02757269266452103,-0.015263391141994737
2017-06-28,81.41000366210938,81.76000213623047,81.19000244140625,81.52999877929688,9189700.0,0.6106124456856852,0.6494686976367396,0.4803201813811441,0.9962644793779423,0.6299840766285181,0.5000333988792447,0.07464200101875146,0.7341001036205375,0,0,-0.026507231040564374,0.028109958847736625,-0.030082633744855966
2017-06-29,81.37000274658203,81.83999633789062,80.41000366210938,80.69999694824219,20525100.0,0.6106124456856852,0.6495268547904414,0.405732192585916,0.9962617381435339,0.5968357318211013,0.4398582419983616,0.08083805488748566,0.7229707373650452,0,0,-0.025880052029233692,0.028455779830249946,-0.0387587846120734
2017-06-30,81.08000183105469,81.23999786376953,80.69999694824219,80.7300033569336,14000600.0,0.6113938020391156,0.6494493119188391,0.40911261894883877,0.9962606677564829,0.6006728145014584,0.4172854742276615,0.0865915334798818,0.7305623108626966,0,0,-0.022552661259597012,0.03234201622120896,-0.035315967557582074
2017-07-03,80.79000091552734,82.48999786376953,80.72000122070312,82.0999984741211,8422300.0,0.6126515890465711,0.6498397962688034,0.5463568110074063,0.9962819174924893,0.5996113212137175,0.5138533521111278,0.07923615674548004,0.7351291515316157,0,0,-0.018952046521443246,0.035922227242541495,-0.034064163082483175
2017-07-05,81.68000030517578,81.68000030517578,80.5199966430664,80.8499984741211,9830800.0,0.6124228996185697,0.6497677912682223,0.43766780146993034,0.9962833973417227,0.5715038753192914,0.41083301262895794,0.06795499949612699,0.7297985770747559,0,0,-0.02947622672256352,0.024482365086328783,-0.0512789179381008
2017-07-06,80.86000061035156,81.08000183105469,80.08999633789062,80.12000274658203,9822400.0,0.6119210536430417,0.6493219176436242,0.3839868714026776,0.9962712788437655,0.5510007056093051,0.3397203105033746,0.05899494433716604,0.7244725573667913,0,0,-0.01978971557597778,0.035003115454115066,-0.05689546766773887
2017-07-07,80.19999694824219,80.5999984741211,79.80999755859375,80.22000122070312,10777800.0,0.6116669537400896,0.6489951283183826,0.3939973687335433,0.9962600335414229,0.5649796157806278,0.32104258261552326,0.056388231998392546,0.7303166255383686,0,0,-0.011732336242984209,0.043559727577679695,-0.044433317979955034
2017-07-10,80.0,80.41000366210938,79.95999908447266,80.16000366210938,6338300.0,0.61041552056301,0.6486904947029943,0.38931972977682294,0.9962527033683446,0.5367380383148747,0.34273805914336564,0.053967713398102884,0.7268797963810352,0,0,-0.009224605491261861,0.04599853384761526,-0.045125937316088986
2017-07-11,80.33000183105469,80.75,80.04000091552734,80.5999984741211,9681100.0,0.6089353931113761,0.648399706821601,0.4367781528133764,0.996249583049885,0.5470231680564772,0.3845287555536868,0.04313617341701828,0.7321291987058007,0,0,-0.013348298976313473,0.041916173363896594,-0.04478547658777249
2017-07-12,81.19000244140625,81.5199966430664,80.75,80.95999908447266,7974000.0,0.6076648984431692,0.6480950732062127,0.47427993635818955,0.9962524514344522,0.5369555989495055,0.46540505649929587,0.04502488884045788,0.7364529567640462,0,0,-0.02394541366890301,0.031017370314252495,-0.056823845133511096
2017-07-13,80.97000122070312,81.08999633789062,80.7300033569336,80.97000122070312,5582300.0,0.6069661273449658,0.6477959774618456,0.4753462420994633,0.9962545643181948,0.5459332106544527,0.4511274005984591,0.04626141712682688,0.7394798585208237,0,0,-0.021121530432435708,0.03359685340244519,-0.05731224607360877
2017-07-14,81.0,81.41000366210938,80.7699966430664,81.27999877929688,7497200.0,0.6063435828250612,0.6474027231199284,0.5092508598277422,0.996261800729767,0.5391882916784725,0.488076355230572,0.05405583534226466,0.7435450803560729,0,0,-0.02148941382656955,0.03322221070583912,-0.052859067738318465
2017-07-17,81.0,81.43000030517578,80.83000183105469,80.86000061035156,7914700.0,0.604672884081128,0.6471867102310691,0.46403004254221325,0.9962631446475538,0.4511092063121393,0.481964229469635,0.061711849608986985,0.7392534766560986,0,0,-0.01968502089260163,0.033095502974975814,-0.05573325353507175
2017-07-18,81.0199966430664,81.08000183105469,80.41000366210938,80.5999984741211,8046100.0,0.6033007475131191,0.6467934558891519,0.4369147277535803,0.9962605517009053,0.45571685105252235,0.42614735244275176,0.056647410443280505,0.7348906236698372,0,0,-0.014964124107584463,0.03302010608689056,-0.05651743334564327
2017-07-19,80.44000244140625,80.87000274658203,80.2699966430664,80.8499984741211,9393200.0,0.6023732869869145,0.6462284979651975,0.4679387644326666,0.996261968419152,0.45477173904207124,0.42795775629548016,0.04806110600685051,0.7399839173985444,0,0,-0.007816437899993024,0.04032258140852824,-0.053846204087443464
2017-07-20,80.97000122070312,81.48999786376953,80.75,80.86000061035156,9681000.0,0.6020048423699618,0.6458269357603066,0.4692198015285528,0.9962636107346445,0.45481152332949465,0.5261751354365393,0.054637088003619855,0.7452332655001088,0,0,-0.01434760277058849,0.0336425636615659,-0.05739022235273924
2017-07-21,80.6500015258789,80.83999633789062,80.0,80.12000274658203,12268600.0,0.6013950055108088,0.6453312128449806,0.3873552316366706,0.9962485295701975,0.4449113727943258,0.3636255322561407,0.04147439234896677,0.7385808378460593,0,0,-0.010388374486082064,0.03759585570839296,-0.05045760326809066
2017-07-24,80.05999755859375,80.22000122070312,79.76000213623047,79.87000274658203,9403000.0,0.6002896765065036,0.6445723977420206,0.3622614448957018,0.9962325370831304,0.417431753059495,0.3126878755794167,0.03483999039348437,0.7334822302436411,0,0,-0.003744326161747158,0.04530709883141334,-0.03594604536556673
2017-07-25,80.7699966430664,81.05000305175781,80.2699966430664,80.2699966430664,11465300.0,0.5996734858169748,0.6439409726885061,0.4196639700158462,0.9962217132068676,0.39774002621398485,0.4463032335652584,0.035734937947492995,0.7396990829229994,0,0,-0.01264547980598585,0.03468140950551648,-0.024915460064319224
2017-07-26,80.58000183105469,80.9000015258789,80.19999694824219,80.37000274658203,10465100.0,0.5992034041467729,0.6432680083201221,0.4338190801745063,0.9962138169275447,0.40544652520947533,0.4450399905138371,0.034800489331198475,0.7453735951446377,0,0,-0.010215519236539659,0.03687553517206153,-0.019309868152233182
2017-07-27,80.23999786376953,80.87999725341797,79.9000015258789,80.83000183105469,11149700.0,0.5987587329515214,0.6427916711226969,0.4970904105139793,0.9962150912724472,0.42198219151225574,0.4627080470403332,0.026344670617693716,0.7514193194012241,0,0,-0.005972324388896151,0.0410601336192956,-0.0176682607990293
2017-07-28,79.6500015258789,79.91999816894531,78.2699966430664,79.5999984741211,22800800.0,0.598059961853318,0.6421297846092398,0.3630452844536878,0.9961647962086277,0.47448146155005466,0.21724521533813163,0.04295561221836097,0.7390559957575767,0,0,-0.017072929005951174,0.04812568726373466,-0.004948676442132984
2017-07-31,79.83000183105469,80.38999938964844,79.5999984741211,80.04000091552734,12820200.0,0.5976216396418899,0.6416562174037672,0.42087331828005337,0.996147185204276,0.5023901608355895,0.38869507781744234,0.04755167451260214,0.746007518589069,0,0,-0.019598055501162573,0.045979850538624724,-0.004145751725886967
2017-08-01,80.16000366210938,80.54000091552734,79.97000122070312,80.16999816894531,10421200.0,0.5963956120932079,0.6411688023514153,0.4376567888381525,0.9961354339167143,0.48669700849656033,0.44031490856499683,0.04844730739975034,0.7516582268254106,0,0,-0.02361328082739086,0.03085948979330194,-0.004872651356595742
2017-08-02,79.9000015258789,80.63999938964844,79.80000305175781,80.5999984741211,10410100.0,0.5962368002596821,0.6407007730169638,0.492067044127253,0.9961321370622689,0.514105538336659,0.47453550825784646,0.0523965596069457,0.7573029162864265,0,0,-0.020331856305865547,0.03405258562917811,0.002369899168655778
2017-08-03,80.33999633789062,80.81999969482422,80.30000305175781,80.48999786376953,10136700.0,0.5964718386715067,0.6401219672461298,0.47874636827250927,0.9961268287961613,0.5271468612106043,0.5202472211148081,0.051655861840345235,0.7518064730573047,0,0,-0.02568237883390098,0.02667495740175758,-0.0033498343446383104
2017-08-04,80.44000244140625,80.55999755859375,80.05000305175781,80.20999908447266,8292200.0,0.5964654848411308,0.6395459314672489,0.4446953874559092,0.9961181171771245,0.5201247593219246,0.4537397724636339,0.05594451868187886,0.7473101767730581,0,0,-0.026959943544943427,0.025468946164378434,-0.00434844220157659
2017-08-07,80.16999816894531,80.16999816894531,79.86000061035156,80.16000366210938,7893800.0,0.5964654848411308,0.6391055978265567,0.4385300545792944,0.9961090855787549,0.5363598602275472,0.404548499839946,0.06367883683185585,0.7430299057221202,0,0,-0.023687838767806637,0.028924070830382703,0.0006234017245799006
2017-08-08,80.0199966430664,80.22000122070312,79.83000183105469,79.95999908447266,9028400.0,0.5960589269350289,0.6386652620729796,0.41324476225250983,0.9960953633385352,0.5190990502293408,0.4031711969486469,0.06942293172013028,0.7381344182311416,0,0,-0.021831336327984764,0.03081338707411591,0.006611856093788249
2017-08-09,80.25,80.3499984741211,79.77999877929688,80.20999908447266,8087100.0,0.5955824914344512,0.6384187856112933,0.45311071538438086,0.9960868824810745,0.53463181515071,0.43666966380582184,0.07087945493070963,0.7425195027298671,0,0,-0.02476242345678176,0.028013980608017717,-0.004502258810323957
2017-08-10,79.76000213623047,79.77999877929688,78.91000366210938,78.97000122070312,12580300.0,0.5943119967662442,0.6379950676965487,0.31363757619197785,0.996044361300473,0.5091300813118491,0.2636089617809376,0.08977604113380816,0.73569806135789,0,0,-0.01857630607369628,0.03403560352449306,0.001994714306708132
2017-08-11,79.20999908447266,79.25,78.19999694824219,78.20999908447266,10192400.0,0.5923617876444087,0.6373054876022171,0.24980569139203698,0.9959953737289458,0.4801288174616769,0.1932454733089971,0.11860064043492746,0.7301714158057379,0,0,-0.012789693815601489,0.041534743935612045,0.022413628531094732
2017-08-14,78.62000274658203,78.79000091552734,78.12000274658203,78.2300033569336,8862500.0,0.5906910889004755,0.6369537746880538,0.2531215876913543,0.9959531377891291,0.48247880564683937,0.22836075767122788,0.14654482778034872,0.7349769470060389,0,0,-0.006393044442564979,0.0494821015533783,0.029024378847193694
2017-08-15,78.12000274658203,78.25,77.68000030517578,78.04000091552734,10350900.0,0.5890648572760673,0.6363777389091729,0.23736456162948402,0.9959001444714937,0.49493605191791457,0.24678318845196723,0.178807385796507,0.7293643576800929,0,0,-0.00562447171833404,0.04550680564783875,0.04231110081245295
2017-08-16,78.04000091552734,78.16999816894531,77.30999755859375,77.47000122070312,9117100.0,0.5869177230315565,0.6353419837716991,0.1930608205292287,0.9958437365704804,0.4658507421262316,0.27291839689633435,0.21365503226639132,0.7244207742097104,0,0,-0.009354220250763061,0.04459246138792215,0.053177876437635906
2017-08-17,77.26000213623047,77.27999877929688,76.20999908447266,76.26000213623047,13400400.0,0.5839955862639907,0.6340542121886332,0.1186573293263645,0.9957304466883792,0.4551227694480433,0.23785593191396626,0.25795647752299067,0.7171546483652519,0,0,-0.013553672843846672,0.054988956237391855,0.06092682517528797
2017-08-18,76.18000030517578,77.11000061035156,76.05000305175781,76.63999938964844,14324300.0,0.5817849234088277,0.6329519899215987,0.18295188107895957,0.9956196701901194,0.47596561561376516,0.2905564568688266,0.300584104590832,0.7249217423649666,0,0,-0.0017046584025232827,0.07002355347894278,0.07146599522127395
2017-08-21,76.47000122070312,76.62000274658203,76.08000183105469,76.37999725341797,10084900.0,0.5795679067232884,0.6313595847231446,0.16664374353322728,0.9955368221420229,0.4880606490478208,0.31304394429361837,0.34016690115382764,0.7194533867540311,0,0,-0.005480143166624823,0.06589242513805879,0.06902402084624559
2017-08-22,76.55000305175781,77.33000183105469,76.52999877929688,76.73999786376953,9503600.0,0.5773254844093516,0.6296453252333811,0.22761041022794845,0.9954652156615622,0.502011846124206,0.36995140679496313,0.3528860860395641,0.7246065428967878,0,0,-0.006546216522384403,0.06506930832713782,0.06860432118613416
2017-08-23,76.69999694824219,77.01000213623047,76.47000122070312,76.61000061035156,7054300.0,0.5749369530760877,0.6278867564367956,0.21791264711022149,0.9954103731571746,0.5059966184601714,0.3771751431043223,0.3655531489242783,0.720781475619351,0,0,-0.008470079679155815,0.06241856983148025,0.06932499143756031
2017-08-24,76.5,76.6500015258789,76.19999694824219,76.33000183105469,8678300.0,0.5720783400726221,0.6262971212302941,0.19699217251567033,0.9953383850761051,0.4785478004447812,0.3746620830762298,0.3812088579581023,0.7160758235555347,0,0,-0.005873866918901758,0.06513507145299881,0.06800677513333266
2017-08-25,76.55999755859375,77.12999725341797,76.43000030517578,76.72000122070312,6844900.0,0.5702488294951631,0.6247628731855417,0.26639440325809305,0.9952866367822994,0.4481804507112337,0.4078781616103732,0.3801367495029561,0.7197873474498016,0,0,-0.006681442350345227,0.06458797572267347,0.07166253228724105
2017-08-28,76.9000015258789,76.94000244140625,76.26000213623047,76.47000122070312,8229700.0,0.5679809967062757,0.6228187550729243,0.24493662257000423,0.9952205952248012,0.4389333748571811,0.40678029696325574,0.3820310507406622,0.7153249406662622,0,0,-0.011079229152719553,0.05982789709148233,0.06986444897116542
2017-08-29,76.20999908447266,76.48999786376953,76.08000183105469,76.44999694824219,7060400.0,0.5656178758479622,0.6210712620183807,0.24317768301917428,0.9951637007342797,0.45657727123259895,0.4043193351372779,0.3868609677881006,0.7114965657735564,0,0,-0.0020922718734248846,0.06904666790913289,0.08356217193204961
2017-08-30,76.23999786376953,76.44999694824219,76.05999755859375,76.0999984741211,8218000.0,0.5627592628444964,0.6193514646575962,0.2124058745729321,0.995092124943953,0.4245629024526301,0.4049243927278214,0.3916985694448311,0.7070405031045495,0,0,-0.00248521673768474,0.06867233760067158,0.08096798807718693
2017-08-31,76.2699966430664,76.48999786376953,76.05000305175781,76.33000183105469,15641700.0,0.5601166364548333,0.6179363009122001,0.25827380518926957,0.9949627306810833,0.4386029781024623,0.41681502079717814,0.3946677729051609,0.7155219335559738,0,0,-0.0028908488268026148,0.06281217482963442,0.08068340528457392
2017-09-01,76.37000274658203,76.8499984741211,76.31999969482422,76.56999969482422,7361100.0,0.5578043365464207,0.6166873007649349,0.30504276378557726,0.9949051880765487,0.4439672043147759,0.44150000453828747,0.38400098768027907,0.7195133576144829,0,0,-0.00419231871017757,0.06131272360682342,0.0843704265364189
2017-09-05,76.63999938964844,77.36000061035156,76.61000061035156,77.18000030517578,12784800.0,0.5559112973583091,0.6154604563275237,0.4123863831812905,0.9948198999161684,0.44248857509246325,0.48199058922757654,0.35738737871112736,0.7264456854327744,0,0,-0.007705319841218519,0.057594406160190584,0.08253884968020213
2017-09-06,77.88999938964844,79.22000122070312,77.58000183105469,78.77999877929688,18574400.0,0.5551617053102049,0.614779184096166,0.6127863911253446,0.9947516677588992,0.46580498121527336,0.616844356702742,0.35267472333163297,0.7365173197037895,0,0,-0.023840325610457826,0.03899976838985079,0.06309928384718395
2017-09-07,79.0199966430664,79.33000183105469,78.61000061035156,79.02999877929688,9836400.0,0.5544121132621007,0.6142031483172847,0.637040839431375,0.9947201628140996,0.46083714954931154,0.6759629251800101,0.3500636846716969,0.7418509306599127,0,0,-0.037699843073481974,0.023610061426408202,0.047220122852816404
2017-09-08,79.01000213623047,79.04000091552734,78.62999725341797,78.81999969482422,8436000.0,0.5543168251926747,0.6134526410772987,0.6071533759522724,0.9946898497379588,0.4813652130783762,0.6671366454396663,0.3476391487731849,0.7372766614124385,0,0,-0.0374541203364927,0.022902664640656767,0.051879014772238004
2017-09-11,79.41000366210938,79.41999816894531,78.9000015258789,79.25,12955800.0,0.5549774830017287,0.6130510788724075,0.6508656297358131,0.9946537310682149,0.5104334226299717,0.6906022157472447,0.35183412658889757,0.7443017109046653,0,0,-0.04262878233139856,0.01788881043103369,0.04859165461163604
2017-09-12,79.4000015258789,79.69000244140625,79.23999786376953,79.5,7644400.0,0.555784244983557,0.6127104417002864,0.6751605104775782,0.9946360018022733,0.5247668923767743,0.6971626713009534,0.36007797597621494,0.7484467492919806,0,0,-0.04227127412140182,0.017917957967764197,0.05135646302617311
2017-09-13,79.5,79.7699966430664,79.37999725341797,79.7699966430664,8369700.0,0.5568832201574865,0.6120651709127769,0.7009002206379026,0.9946208181225171,0.536098270616878,0.6843438427115873,0.3690279695027599,0.7529850685571045,0,0,-0.043396188028203615,0.01660376974621659,0.04616349898044418
2017-09-14,79.8499984741211,80.2300033569336,79.7699966430664,80.08999633789062,9072600.0,0.5585475650710441,0.6118546958949389,0.7303782678226624,0.9946097855648541,0.5547129154341912,0.6804078635591811,0.38451302731938336,0.7579045227029833,0,0,-0.04763690086846176,0.012159975699177083,0.04538050518893536
2017-09-15,80.12000274658203,80.20999908447266,79.55000305175781,80.06999969482422,16043700.0,0.5609678558630815,0.6118408480480593,0.7267470831419638,0.994589693552872,0.597634409558974,0.6500292619147429,0.39109876887613887,0.7492051149830092,0,0,-0.050817828454546944,0.005493754927337373,0.04482452868077103
2017-09-18,79.79000091552734,80.13999938964844,79.69999694824219,80.08999633789062,8594400.0,0.5631594572271177,0.611804844491326,0.7287593400298051,0.9945792595328942,0.6077087890141053,0.6339524332733533,0.3972141003216976,0.753865273781076,0,0,-0.046709103010166335,0.006993849890447153,0.04683402041079816
2017-09-19,80.05999755859375,80.38999938964844,79.98999786376953,80.22000122070312,9277100.0,0.5655988095102824,0.6118214602172736,0.7423943157590276,0.9945702510603298,0.608253356617751,0.6318639044979678,0.4073208071360958,0.7588956143732694,0,0,-0.05006860644515733,0.0041203876407041795,0.041078799674895757
2017-09-20,80.27999877929688,80.66000366210938,80.26000213623047,80.55000305175781,10606900.0,0.5680191051488723,0.6118076144832789,0.7760263376372437,0.9945664794848548,0.6268936490023946,0.6340109805042289,0.42127440411730316,0.7646470150941126,0,0,-0.05272993845888135,0.004737034119047465,0.04475198096056187
2017-09-21,80.48999786376953,80.52999877929688,79.76000213623047,79.88999938964844,11984200.0,0.5701027156292835,0.6115112887308645,0.6444147392294928,0.9945474902733875,0.6177793370677944,0.6017354267709456,0.4152501810598174,0.7581487982240818,0,0,-0.05512097633514399,0.0021105622830405813,0.03774054376601297
2017-09-22,79.72000122070312,80.30000305175781,79.66999816894531,79.91999816894531,10205800.0,0.5723832512323699,0.6112205008494711,0.6481032870747202,0.9945319006116224,0.6209063666278459,0.5901936961038257,0.40644142736583416,0.7636827096851856,0,0,-0.045938142408107764,0.011766209144921444,0.0433095395031506
2017-09-25,80.02999877929688,81.0,79.9800033569336,80.9800033569336,10496600.0,0.5750894062326855,0.611137420106848,0.7599289376385997,0.9945365857136257,0.6435027005503862,0.6230447277820522,0.41187645940257317,0.7693743022151804,0,0,-0.04979974748154559,0.012137152689275718,0.046546562887042384
2017-09-26,80.70999908447266,81.0,80.55999755859375,80.88999938964844,8755100.0,0.5778971982862502,0.6111457279698218,0.7426739300137309,0.9945390248956767,0.6586042966953829,0.6268658197084737,0.41692327486525954,0.764627006732895,0,0,-0.057545021481106795,0.003581142300638267,0.035440882040125264
2017-09-27,80.88999938964844,81.44999694824219,80.79000091552734,81.43000030517578,9724500.0,0.5810607321425687,0.6113755887055605,0.791126371157039,0.9945515001371059,0.6655337147572137,0.6474371338562837,0.42941859777698216,0.7698999419269517,0,0,-0.059834298113618276,0.006922951697603961,0.03189518915220628
2017-09-28,81.62999725341797,82.44999694824219,81.55999755859375,82.19000244140625,15581700.0,0.5849293909274664,0.611746689450509,0.848090976979177,0.994593488947626,0.6916459854061099,0.7007854898116417,0.4546539535157534,0.778348838457697,0,0,-0.0685250421312535,0.010069994986504975,0.028736386571478655
2017-09-29,81.94000244140625,82.05999755859375,81.58000183105469,81.9800033569336,9944000.0,0.5885185393344616,0.6120568630498031,0.8071864425751237,0.99461638241389,0.6963896357108769,0.6828499589955425,0.4780867838446123,0.7729568833371561,0,0,-0.07166320981493404,0.0062050674253175215,0.012166929922077883
2017-10-02,81.30000305175781,81.81999969482422,81.25,81.62999725341797,6777900.0,0.5917328892941285,0.6124750409806419,0.7411850342018765,0.9946275703075664,0.7017603159464142,0.6547416979741847,0.4870111108334981,0.7692816889876475,-1,0,-0.06404000713615453,0.014027736635694007,0.019394928919042896
2017-10-03,81.41000366210938,81.97000122070312,81.30000305175781,81.76000213623047,6082000.0,0.5946423232474951,0.6129984574768421,0.7531123968704102,0.9946390742480191,0.6929720344052578,0.6497724526072931,0.49757574704011615,0.7725795440804804,0,0,-0.06566214370572127,0.012740332244581406,0.010167759764629946
2017-10-04,81.80000305175781,81.87000274658203,81.44999694824219,81.79000091552734,6357100.0,0.5965544190801813,0.6134194075125186,0.7559833233142561,0.994651447908137,0.6835945036366597,0.6362235290271958,0.5073857663748329,0.7760265671996266,0,0,-0.07032778681217758,0.007950022988029522,-0.007216290996446864
2017-10-05,81.72000122070312,82.23999786376953,81.58999633789062,82.0199966430664,7375900.0,0.5984538072521159,0.6138763568791585,0.7783837543290772,0.9946689483558466,0.685087029465266,0.6440415180605193,0.5222684794783581,0.780026016291903,0,0,-0.06932385506146752,0.008925244154147909,-0.014182707533007929
2017-10-06,81.7699966430664,81.88999938964844,81.36000061035156,81.70999908447266,6070600.0,0.6002896716599508,0.6141200633488921,0.7126889890844342,0.9946798517158766,0.6902339325536736,0.6037426576327489,0.5262538076974546,0.7767343426439992,0,0,-0.06973901274588916,0.008290664874506129,-0.01865397271296053
2017-10-09,81.83999633789062,82.18000030517578,81.76000213623047,82.02999877929688,7489900.0,0.6020556584733101,0.614793027717276,0.7470891735825623,0.9946977470416685,0.6855276840400024,0.6251423154419116,0.5348604235763319,0.780795606185566,0,0,-0.07086027843602172,0.007465434061759534,-0.01578745931448615
2017-10-10,82.33999633789062,82.73999786376953,82.08999633789062,82.26000213623047,7218500.0,0.6038089424724706,0.615407834931958,0.770630559616055,0.9947180666749813,0.6762316465277274,0.6475888972675299,0.5511892525773274,0.7847097079592611,0,0,-0.07667918297860941,0.004876283455216393,-0.017920195211310885
2017-10-11,82.16000366210938,82.73999786376953,82.13999938964844,82.5999984741211,7023700.0,0.6056066935911562,0.6160807993003421,0.8035607833105783,0.9947422592827899,0.6669515455111685,0.6474626504006233,0.5663517366496804,0.7885181829371516,0,0,-0.07427668917674977,0.00705074381957382,-0.012886034044015837
2017-10-12,82.30999755859375,82.5,82.16999816894531,82.43000030517578,6647500.0,0.6070931748731654,0.6165876000705945,0.7644700089777963,0.994763049886322,0.6675083548386369,0.6243298719945246,0.580431186145437,0.7849136956419187,0,0,-0.07578685983628945,0.00520581492880417,-0.010774811211737224
2017-10-13,82.7300033569336,83.08000183105469,82.36000061035156,82.41000366210938,7180000.0,0.6085796561551751,0.6171193265426536,0.7597322547404147,0.9947852296558843,0.6365594575825603,0.6406061742335449,0.6016563047217978,0.7810204698006593,0,0,-0.07776299452114512,0.004246008405014131,-0.019653072189547368
2017-10-16,82.69999694824219,82.94999694824219,82.54000091552734,82.80999755859375,5734000.0,0.610307529679385,0.6178393702098122,0.8026707551618472,0.9948071876689224,0.6268795064895925,0.6497643094935424,0.621365343399847,0.7841296281535537,0,0,-0.07389875096790822,0.004611149932362148,-0.012498467825823551
2017-10-17,82.62999725341797,82.97000122070312,82.54000091552734,82.95999908447266,6444100.0,0.6120481060177938,0.6186148010387202,0.817788777066564,0.9948336471076229,0.6364183378106126,0.6499773053404235,0.6399462070457551,0.7876238254576845,0,0,-0.06098291958999351,0.005434181752249294,-0.0043473085492707255
2017-10-18,82.95999908447266,83.38999938964844,82.54000091552734,82.76000213623047,6367100.0,0.6134520020445762,0.6193902339805126,0.7661063765108045,0.9948574195634854,0.6206744097975918,0.6473298533588444,0.6627944276859552,0.7841713800184251,0,0,-0.05243489057529737,0.005183224565105654,0.003977842751886587
2017-10-19,82.3499984741211,83.05000305175781,82.33000183105469,82.73999786376953,7945500.0,0.6152624559774607,0.620090891929771,0.7608477500869362,0.9948867770074243,0.6388204587055843,0.6172245266714406,0.6727364662049209,0.7798630755725021,0,0,-0.044949264435489814,0.012566467963780473,0.013412283490814813
2017-10-20,82.8499984741211,83.12999725341797,82.62000274658203,83.11000061035156,9574100.0,0.6172888965241476,0.6212374235036271,0.8046322957886977,0.9949286934870138,0.6607563171931717,0.643618861587905,0.6832363107495123,0.7850544590720567,0,0,-0.04773987249487017,0.006526479689018715,0.00870197291869162
2017-10-23,83.1500015258789,83.76000213623047,83.04000091552734,83.23999786376953,9829900.0,0.6187245520097038,0.62263043153917,0.8190641381883369,0.9949740691770219,0.6317462749470845,0.6852959379949233,0.7018161557807323,0.7903845455201063,0,0,-0.047046127221690506,0.007339677606446622,-0.0031284097499824207
2017-10-24,83.55000305175781,83.80999755859375,83.30999755859375,83.47000122070312,7551200.0,0.6203634912948635,0.6240815967284143,0.8439148447007828,0.995012121899721,0.617504410577986,0.6981485108661303,0.7196941664639733,0.7944790478839667,0,0,-0.05009617858429633,0.00312343240639487,-0.015257139657060357
2017-10-25,83.44999694824219,83.7300033569336,82.94999694824219,83.16999816894531,9153300.0,0.6214688202991687,0.6255022983448315,0.7580574634967434,0.9950531412306689,0.5911614102463059,0.6464345918318503,0.7172849458792132,0.7895158356147746,0,0,-0.046723299861616115,0.004312934049200317,-0.010782243720168401
2017-10-26,83.37000274658203,83.6500015258789,83.11000061035156,83.47000122070312,9154500.0,0.6222819361113727,0.6271639385519143,0.7947228034707935,0.9950992229582005,0.5842842644223257,0.6493413875451881,0.7150478124790787,0.7944796985623803,0,0,-0.04593002018666103,0.0052903068618319095,-0.008536721174748822
2017-10-27,83.0,84.23999786376953,82.01000213623047,83.70999908447266,14866200.0,0.6233809112853024,0.6292271409638879,0.8218760011285237,0.9951805961717946,0.5866329578481402,0.6234071106263095,0.6673113507310413,0.802540628089028,0,0,-0.03989459425368673,0.014855610945671985,0.00035939593696129456
2017-10-30,83.70999908447266,83.94999694824219,83.41000366210938,83.54000091552734,7811100.0,0.6245942360197851,0.6311380276246101,0.7731499355016829,0.9952208656805337,0.5739694465360768,0.6594779228334153,0.622984636250721,0.7983051996254262,0,0,-0.04826186787375945,0.006331367639390935,-0.011348667526367255
2017-10-31,83.6500015258789,83.68000030517578,83.16999816894531,83.3499984741211,9754200.0,0.6256042769546648,0.6330683000032327,0.7202759426404938,0.9952676989399118,0.5636565347450941,0.6138280269581707,0.5736911139314687,0.7930161601406334,0,0,-0.04764188787785663,0.007062441123111887,-0.006344251538048112
2017-11-01,83.38999938964844,83.94000244140625,83.26000213623047,83.87000274658203,9430000.0,0.6269255925727726,0.6350428838015623,0.787643545892187,0.995322007916005,0.5707880590673782,0.6495000408300531,0.5356467772146016,0.7981294080073571,0,0,-0.04463108924780759,0.01019794228772548,-0.005878798713135768
2017-11-02,83.5999984741211,83.70999908447266,82.91000366210938,83.52999877929688,7775500.0,0.6278848174043035,0.6369593083333054,0.6999757172059458,0.9953618801507029,0.574588497910623,0.5883684815114046,0.48860714014381607,0.7939132830033581,0,0,-0.04685823508377006,0.007630849751874123,-0.006796228402978657
2017-11-03,83.41999816894531,83.63999938964844,83.16000366210938,83.18000030517578,6903500.0,0.6288186317608842,0.6388563471471478,0.6191992986206727,0.9953928019024514,0.5579791305859911,0.5693073945877747,0.44492747714951525,0.7901699843132279,0,0,-0.0411827470643317,0.009816828765804529,-0.005746387340520717
2017-11-06,83.30000305175781,83.87000274658203,83.05999755859375,83.75,9276700.0,0.6299112579509905,0.6408032352517181,0.6991459224486333,0.9954440943126781,0.5667863442573988,0.6080395910333833,0.4119333134561676,0.7952001080126168,0,0,-0.03294067664235833,0.011300731047884219,-0.010339031103586686
2017-11-07,83.73999786376953,83.81999969482422,83.02999877929688,83.58000183105469,8471800.0,0.6307497842381449,0.6427722790661419,0.6614412725987592,0.9954882513903072,0.5803680993344639,0.5835643826266417,0.3801652306319793,0.7906064268591374,0,0,-0.03522384415811567,0.005970149253731343,-0.010388001399253732
2017-11-08,83.36000061035156,83.5,82.86000061035156,83.47000122070312,8691600.0,0.6313024511635739,0.644716399291644,0.636964198044687,0.9955317649754245,0.5886589084796091,0.5300407976875614,0.3441667145788437,0.7858935631095705,0,0,-0.025245280738526835,0.010528801557060987,0.0058626208786163175
2017-11-09,83.30000305175781,84.13999938964844,83.08000183105469,83.97000122070312,10528800.0,0.6322807326396795,0.646895918123906,0.7065508521579659,0.995594154463316,0.5953309693684825,0.6494774730739549,0.33135218949894507,0.7916026155103298,0,0,-0.024559758257788892,0.011261468770394257,0.008026813934910214
2017-11-10,83.01000213623047,83.08000183105469,82.41999816894531,82.94000244140625,8693700.0,0.632617412951306,0.6487264919210731,0.5127482766789064,0.9956291253027314,0.6177864347736017,0.36334130072575754,0.2996880304336787,0.7868886130735392,0,0,-0.020959891754729825,0.014648037509326632,0.011551759040155492
2017-11-13,82.6500015258789,83.08999633789062,82.5999984741211,82.88999938964844,6720400.0,0.6326682339012069,0.6504767528546846,0.504846025227299,0.9956555255251032,0.6166149965860358,0.3733415864508016,0.2699664015386134,0.7832445970646813,0,0,-0.016276807745150633,0.01917043996971055,0.015071135317159827
2017-11-14,82.41999816894531,82.75,82.08999633789062,82.23999786376953,9251700.0,0.6322108550452041,0.6518780687532013,0.4099560313277085,0.9956807671118679,0.5941546054593686,0.25070749109385515,0.25741859707199216,0.7782280291655754,0,0,-0.01278800297260137,0.021956806710406444,0.01930267204611545
2017-11-15,81.75,82.08999633789062,81.1500015258789,81.20999908447266,9663600.0,0.6312262197387224,0.6525510331215851,0.29546126541446127,0.995688776566181,0.5833990992175975,0.1425621687476744,0.2668067447375097,0.772988115901008,0,0,-0.007295701479892918,0.030277212164988257,0.02298151068509534
2017-11-16,80.44000244140625,80.8499984741211,80.1500015258789,80.55999755859375,10527200.0,0.6298413803565148,0.6529747510363297,0.23909639961234733,0.9956848923095518,0.5848063688998419,0.11372660690639991,0.29132800516752166,0.7672799310714667,0,0,-0.0035710001083203054,0.04679221112181788,0.05652008853141623
2017-11-17,80.31999969482422,80.66000366210938,80.16000366210938,80.23999786376953,9536400.0,0.6280182187628789,0.6533680053782469,0.21402815625597307,0.9956757566626151,0.554081676396422,0.2083645381547577,0.3140977469953899,0.7621089897187389,0,0,-0.0021102057360623382,0.04865936305539456,0.07919559889233613
2017-11-20,80.2300033569336,80.63999938964844,80.01000213623047,80.55000305175781,8468600.0,0.6263094067297963,0.6537280282682687,0.26898945531542373,0.995672481497937,0.5749913138560963,0.28073378625877266,0.33741531443626693,0.766700935729782,0,0,-0.002741789962116404,0.04997500764698494,0.08212857070458848
2017-11-21,80.69000244140625,81.25,80.63999938964844,80.87000274658203,8838400.0,0.6246577646304377,0.6541074368761912,0.3233953341524426,0.9956742702655546,0.5760852335974191,0.360312478951978,0.3377400774361687,0.7714933991386103,0,0,-0.008441964983400977,0.044071946466373364,0.07523274151460761
2017-11-22,81.16000366210938,81.41000366210938,81.05000305175781,81.0999984741211,7941600.0,0.6233428028427057,0.6544757676291868,0.36138355893381624,0.9956792372902803,0.572581117649962,0.39960075041852716,0.3329104615823123,0.775799588879689,0,0,-0.014220372039340769,0.03808574374990153,0.07394578365822804
2017-11-24,81.44000244140625,81.69999694824219,81.22000122070312,81.41999816894531,3851300.0,0.6220405438691723,0.6548440983821824,0.41259373760444273,0.995683912379882,0.5651682218636055,0.43000832149955875,0.3193182714291909,0.777887887024876,0,0,-0.017632556499148303,0.034525221640500474,0.06572126142962814
2017-11-27,81.31999969482422,81.4000015258789,81.0199966430664,81.11000061035156,9127500.0,0.6203889017698139,0.655132116271623,0.37582998582943394,0.9956897838326424,0.5398720562419456,0.4201912803787921,0.31110894543714984,0.7729386643415759,0,0,-0.016089383297154147,0.03586340253762176,0.058462321828520965
2017-11-28,81.41000366210938,82.0,81.30999755859375,81.66999816894531,9794600.0,0.6192009875102813,0.6555696820332471,0.4620605214583384,0.9957061649482006,0.548855804953766,0.4624189844536945,0.28566322789190257,0.7782496099996259,0,0,-0.0172605291005291,0.03489081716637272,0.06805568489124045
2017-11-29,81.6500015258789,82.30999755859375,81.4800033569336,82.2699966430664,9725000.0,0.6185149192262769,0.6561374078362696,0.5418206900107069,0.9957331440733745,0.5722511848858461,0.49415984258203466,0.2576880799564414,0.7835228163096882,0,0,-0.020080806004867044,0.031712947177161326,0.07187455918689542
2017-11-30,82.44999694824219,83.4000015258789,82.41000366210938,83.29000091552734,18592700.0,0.6181464746093244,0.6568962229392297,0.6510715703915418,0.9958195131517464,0.5862452710737295,0.578437951653853,0.2550985623622689,0.7936043734265106,0,0,-0.02965837986596488,0.021757639340783935,0.05494110194353432
2017-12-01,83.44000244140625,84.12999725341797,82.41000366210938,83.45999908447266,13779300.0,0.6181020074897992,0.6578848987779284,0.6670205673620295,0.995887757158735,0.583772075614865,0.6031568472648348,0.26464719469997167,0.8010759509800573,0,0,-0.041181417546801144,0.009604939531392681,0.05474843929007152
2017-12-04,83.20999908447266,84.18000030517578,83.0,83.56999969482422,12597700.0,0.6183497535623752,0.6588957303264806,0.6776093054443482,0.9959526398850405,0.5956162578789987,0.6209796232026283,0.2742809707336288,0.8079068271890314,0,0,-0.03834168443979209,0.012341226822377253,0.050563159201953985
2017-12-05,83.41000366210938,83.7699966430664,82.70999908447266,82.88999938964844,9357200.0,0.617803440467322,0.6594246846937017,0.5760581357991221,0.9959891245032906,0.5701119539132058,0.5875519975102816,0.2747135017360914,0.8028330538127315,0,0,-0.04068447455181073,0.009931724359113055,0.04475287636026116
2017-12-06,82.8499984741211,83.19999694824219,82.20999908447266,82.27999877929688,13398900.0,0.6169776169943666,0.6598096311726454,0.49782571266401854,0.9960263402207397,0.5403501342581204,0.5472557374341774,0.26147984603723595,0.7955677413162899,0,0,-0.03426223137655485,0.016769204969037856,0.0651465986927402
2017-12-07,82.4000015258789,82.62000274658203,82.16999816894531,82.55000305175781,11359600.0,0.6163931906101638,0.6601198047719392,0.5302033606174579,0.9960634899293148,0.540247289718031,0.542322765531165,0.24812975268860837,0.8017272800720519,0,0,-0.029047149065464063,0.022362619897772787,0.07170638810660085
2017-12-08,82.48999786376953,82.9000015258789,82.26000213623047,82.66000366210938,11988600.0,0.6155610181533853,0.6602499669262223,0.5435010669463793,0.9961050842845096,0.5319090551004344,0.5650056022609716,0.24163176886740284,0.8082278827629324,0,0,-0.030042345679674128,0.021199272384069715,0.07316778549045407
2017-12-11,83.04000091552734,83.25,82.73999786376953,83.02999877929688,8760700.0,0.6156181880871092,0.6605407526947309,0.5876169449045879,0.9961413980436187,0.5242760693459512,0.6011347958194972,0.24259371782945205,0.8129782147444814,0,0,-0.03665616555840778,0.013791426798242488,0.06448102582770528
2017-12-12,82.88999938964844,83.37999725341797,82.69999694824219,82.76000213623047,11307000.0,0.6155356076784348,0.6608536962859777,0.5483292496908087,0.9961826452359994,0.5031097897568121,0.5947010808298727,0.24602494747555875,0.8068471973925148,0,0,-0.034686225409605594,0.01553656430799562,0.073587868242569
2017-12-13,82.61000061035156,83.30000305175781,82.4800033569336,83.12000274658203,10172700.0,0.6160946284342395,0.6612303349019473,0.5922132594551762,0.9962264341639426,0.5246917228101242,0.5909855893511328,0.24212272243526178,0.8123631609740439,0,0,-0.031416123815961976,0.018970512980894524,0.06524892927129236
2017-12-14,83.02999877929688,83.33000183105469,82.88999938964844,82.9000015258789,9492400.0,0.6171681979797712,0.6615377385092884,0.5587919052184316,0.996263446783495,0.5234255765040629,0.5892818474281087,0.23917339413243066,0.8072160778298141,0,0,-0.03633297092486671,0.013835436572169691,0.04511549417813516
2017-12-15,83.16000366210938,83.27999877929688,82.87000274658203,83.02999877929688,26582300.0,0.6187372596704552,0.6618174485357551,0.5756793812392949,0.9963732966349155,0.5080915111075968,0.5845476399285093,0.23572697169190715,0.8216298518242583,0,0,-0.03799760516163042,0.012303939979397873,0.04993967808741298
2017-12-18,83.18000030517578,83.66999816894531,82.91000366210938,82.94000244140625,9363500.0,0.6204524303804662,0.6621580857078762,0.5608371281731948,0.9964104059085543,0.5037977442510639,0.5905142051407787,0.24171678290594767,0.8165526623862872,0,0,-0.038178949964476405,0.012043839753124808,0.07093820879492871
2017-12-19,83.02999877929688,83.16999816894531,82.33000183105469,82.44000244140625,10285100.0,0.6216530474541975,0.6622716321362117,0.4825597126271296,0.9964417435113231,0.4764205060504305,0.5257736296159784,0.22734118294434358,0.8109757519266859,0,0,-0.03641182245201779,0.01386546288916902,0.01808536238059179
2017-12-20,82.5999984741211,83.13999938964844,82.5199966430664,82.87000274658203,10620300.0,0.6229235421224044,0.6624405657262957,0.545324330579996,0.9964824243964121,0.4835331450852435,0.5438789793425526,0.21399241155142545,0.8167344185564809,0,0,-0.031416742615109086,0.019165475306452892,-0.03493446346589946
2017-12-21,83.3499984741211,84.2699966430664,82.95999908447266,83.8499984741211,13578100.0,0.6246704722911891,0.6627867407694379,0.6615944795156122,0.9965586956866441,0.5048227890270189,0.6641500217785891,0.22649224496332326,0.8240968990293506,0,0,-0.04030404521771761,0.011101703130850418,-0.06033546318672259
2017-12-22,83.87999725341797,84.0199966430664,83.5999984741211,83.97000122070312,10161400.0,0.6262903549317742,0.6632132286761354,0.6739712535831182,0.9966179577146232,0.5216502777276396,0.6868813772848262,0.2380992331315141,0.8296067353891519,0,0,-0.04615378876103271,0.004651155596249705,-0.08276678519145868
2017-12-26,83.95999908447266,84.36000061035156,83.9000015258789,83.9800033569336,4777200.0,0.6281135165254101,0.6636480244458065,0.6750550631281258,0.996645892693707,0.5250387798533022,0.7269820408460181,0.25512361534284445,0.8321970861536176,0,0,-0.04704057271429812,0.0047636241522440795,-0.09396212069725596
2017-12-27,83.98999786376953,84.0999984741211,83.73999786376953,83.9000015258789,7000600.0,0.629530120212944,0.6639498901821268,0.659978151003446,0.9966857917503851,0.5226231868093406,0.6780387403189467,0.26500894756415866,0.8284011367351886,0,0,-0.047392183477573825,0.004405843436436145,-0.09776135694563316
2017-12-28,83.9800033569336,84.05000305175781,83.80000305175781,84.0199966430664,7495300.0,0.6306418030476251,0.6642434459425883,0.6747787428706259,0.9967301315969217,0.5164181917214928,0.6636985275675528,0.27418818462680755,0.8324653283296164,0,0,-0.04731824968416217,0.0045291686115256965,-0.09010733075679864
2017-12-29,84.0,84.19999694824219,83.63999938964844,83.63999938964844,8523400.0,0.6308641386452507,0.6644871524123219,0.6007365824368726,0.9967746199550018,0.47028712791717703,0.6200350623443291,0.2763486876652258,0.827843668004353,1,0,-0.047488669640393256,0.004284701555998823,-0.09164481380490051
2018-01-02,83.81999969482422,85.19999694824219,83.66000366210938,85.02999877929688,11469300.0,0.6318614767659312,0.6651213453449045,0.7524479667229365,0.9968635151947232,0.4821145118471402,0.7226347726180017,0.2977006409142817,0.8340626896117566,0,0,-0.04555233843133299,0.016499249922146242,-0.08799618201889252
2018-01-03,85.16000366210938,86.97000122070312,84.81999969482422,86.69999694824219,13957700.0,0.6338497991769163,0.6661155590546244,0.8642163450282995,0.9970140925288855,0.5039494407683618,0.8478671628368435,0.33831377754767633,0.8416310013561223,0,0,-0.06056687757042318,0.021286576321043634,-0.10525702347552977
2018-01-04,86.79000091552734,87.22000122070312,86.43000030517578,86.81999969482422,10863000.0,0.636346321393805,0.6671070048852761,0.870644030432388,0.9971335666913146,0.5160755860181899,0.8249768837217866,0.37818874074933345,0.847521267695064,0,0,-0.07093427615170862,0.004959634605667646,-0.11822376425363663
2018-01-05,86.75,86.87999725341797,85.70999908447266,86.75,11047600.0,0.639185877752696,0.6680153678604197,0.8582643075349624,0.9972535783066605,0.5564110111269829,0.7405671078887599,0.3926789159383535,0.8415309053268331,0,0,-0.06599865672742208,0.005413513272923268,-0.12669891774551303
2018-01-08,86.69999694824219,87.1500015258789,86.5999984741211,87.13999938964844,10927100.0,0.642101660689886,0.669114820135501,0.8810560311980905,0.9973799571093287,0.5618383409088752,0.7314006914776028,0.4093275829025514,0.8474559287377001,0,0,-0.06547550784064302,0.005994285561509366,-0.13613830038724783
2018-01-09,86.94000244140625,87.1500015258789,86.6500015258789,86.7699966430664,8131600.0,0.644712522774223,0.6700287209816655,0.8137830216503034,0.9974684709973132,0.547335676921401,0.6827480078146011,0.42478705936930666,0.843046714914471,0,0,-0.06793672067713022,0.0032132061195554325,-0.12715173179552383
2018-01-10,87.0,87.19000244140625,85.9800033569336,86.08000183105469,10822300.0,0.6466500290818595,0.6706850696241018,0.7009795140282873,0.9975726156496836,0.5267914658575181,0.6317948626585218,0.4191175023122235,0.8371785174183901,0,0,-0.06557569046374885,0.0025354526819692438,-0.10913912166734942
2018-01-11,86.36000061035156,87.37000274658203,85.93000030517578,86.93000030517578,14366000.0,0.6492990093018984,0.6716238961720726,0.7662342725935408,0.9977329603857341,0.5566931379826304,0.6327315722356999,0.41666951584397444,0.8449682224929768,0,0,-0.05669141670089317,0.011733295942683112,-0.08736064257085065
2018-01-12,87.19999694824219,87.98999786376953,87.18000030517578,87.5199966430664,9834500.0,0.6520940936947117,0.6727787356089028,0.8050873828366946,0.9978531927721064,0.5420715441273461,0.6559773943875421,0.4234513816496775,0.8503008032082784,0,0,-0.057862633862171865,0.009087782270263117,-0.11158399763245662
2018-01-16,87.73999786376953,87.76000213623047,86.5999984741211,86.97000122070312,10882800.0,0.6546795501506508,0.6736372492933185,0.7235227582272324,0.9979752751553099,0.552348798965928,0.6168926638523633,0.4135593010500523,0.8443998006755127,0,0,-0.06364259493222331,0.002856490054719463,-0.13711152262653423
2018-01-17,87.19999694824219,88.20999908447266,86.93000030517578,88.0,10546000.0,0.6578367301765937,0.6748751715856567,0.791733970293654,0.9981132354345559,0.5782821831826251,0.633773383173341,0.4112846651425261,0.8501181794668667,0,0,-0.05783602056681918,0.011613224353848102,-0.13797861137828077
2018-01-18,87.7699966430664,88.19000244140625,87.33999633789062,87.43000030517578,9223700.0,0.6606889893496837,0.6760521667323405,0.7148687188790408,0.9982242725211337,0.58099960112005,0.6195906749334116,0.40917250322839466,0.8451167940640778,0,0,-0.06363634629683061,0.005000027743252841,-0.13886356353759766
2018-01-19,87.56999969482422,87.76000213623047,86.61000061035156,87.1500015258789,13090000.0,0.6636810037117249,0.6769937632722642,0.6787909467631582,0.9983750872321235,0.594636751668285,0.5879584837663469,0.38766005883155746,0.8380189770359321,0,0,-0.06176371390861394,0.007320134821165614,-0.12924628860019416
2018-01-22,87.16999816894531,88.29000091552734,87.05000305175781,88.25,10270400.0,0.6670986326244426,0.6782870727263512,0.754417000901821,0.998513834577675,0.6111694553856114,0.6210289668257762,0.376931874982711,0.843587916684967,0,0,-0.05737234552446068,0.012851436913049854,-0.12610439095065407
2018-01-23,88.25,88.45999908447266,87.73999786376953,88.30000305175781,10281800.0,0.6699254861691348,0.6796246936001451,0.7575728406032357,0.9986535786561928,0.6128567502539135,0.634151504528885,0.3698004173791733,0.849163037778931,0,0,-0.06787532990107117,0.0023795930251859065,-0.15852688797472556
2018-01-24,88.48999786376953,88.91999816894531,88.01000213623047,88.52999877929688,10316100.0,0.67282221246175,0.6808875394814049,0.7725853026356703,0.9987980014979461,0.6002754203170191,0.6502498247418584,0.3705562088288868,0.8547567574308831,0,0,-0.06976212706475343,0.004869765462224648,-0.16274059592913492
2018-01-25,88.55000305175781,88.87000274658203,88.19999694824219,88.37000274658203,11271900.0,0.6756109478707399,0.6823913239533301,0.7488876552137672,0.9989524277024775,0.5953858887800674,0.6439030312732983,0.37125801517504936,0.8486447724225138,0,0,-0.07025868413496127,0.004179319126727752,-0.1580255922971467
2018-01-26,88.63999938964844,89.0,88.47000122070312,89.0,10514400.0,0.6788507083053574,0.6840834277332402,0.7919162326737136,0.9991083841025197,0.618049875605547,0.6654835400374353,0.3740819554774463,0.8543460166823101,0,0,-0.0714042928875863,0.004073787474964026,-0.1516351828607043
2018-01-29,88.58999633789062,89.30000305175781,87.94999694824219,88.01000213623047,9315700.0,0.6813853486579482,0.6856813729156002,0.655951026738649,0.9992297619882318,0.5895824625508028,0.6255827099336202,0.36089580410706634,0.84929474593448,0,0,-0.07033701693074088,0.007977603526597613,-0.15797750065835675
2018-01-30,87.54000091552734,88.37999725341797,86.77999877929688,86.77999877929688,12408000.0,0.6833800248993089,0.6872239288233266,0.5228821789391286,0.9993636745790115,0.5817858237290017,0.5094003952495271,0.33058030233437424,0.8425667311380529,0,0,-0.059197806590302215,0.0199977513181532,-0.15839111581691084
2018-01-31,86.55999755859375,87.47000122070312,86.33000183105469,87.30000305175781,14404700.0,0.6848220390617932,0.6890905061772263,0.5679863231060898,0.9995325672472952,0.5841370429262484,0.4581625583882208,0.3111088121587453,0.8503774205914776,0,0,-0.048743901671363166,0.03157415915771764,-0.13989397972363973
2018-02-01,87.5,89.25,87.3499984741211,89.06999969482422,17971000.0,0.6863275769883774,0.6915358871890755,0.6926317651736918,0.9998006187465358,0.5923940484261828,0.640443210800937,0.2983707386087813,0.8601218720668637,0,0,-0.05922105370237112,0.02061859093739824,-0.14180981466951614
2018-02-02,85.12999725341797,86.01000213623047,83.0,84.52999877929688,29822100.0,0.6848728600116942,0.6926381073432248,0.37839861625550497,0.9999999999999996,0.5936642658401681,0.18684420292035298,0.3033900743576201,0.8439513748021531,0,0,-0.029302802506950356,0.046817175397185495,-0.12327378202716105
2018-02-05,83.27999877929688,83.98999786376953,78.12999725341797,79.72000122070312,30452700.0,0.680407072028395,0.6923196258809572,0.21113574591630171,0.9999386549802902,0.5484656784677565,0.0,0.33577068689491807,0.8274389460311057,0,0,-0.0609251342748185,0.07121737086710286,-0.10990182242617819
2018-02-06,78.51000213623047,80.3499984741211,76.9000015258789,78.3499984741211,36262800.0,0.6748232473800391,0.691558040786044,0.17736194233828653,0.999776132474961,0.515729004809002,0.09876014588706722,0.37057766897481254,0.8077760950511027,0,0,-0.02019569224408703,0.13534872993360167,-0.04352736035585976
2018-02-07,78.44000244140625,79.41000366210938,76.91999816894531,76.94000244140625,21994500.0,0.6685787697691814,0.6903173506146378,0.14574199104315097,0.9996218282751506,0.4807809934164978,0.20578924964887702,0.4028984380490002,0.7958499730781807,0,0,-0.0196554045375764,0.13860881712637949,-0.06305044719353665
2018-02-08,77.44000244140625,77.58000183105469,76.02999877929688,76.06999969482422,25650800.0,0.6622199425977708,0.6889215725871423,0.12743925783652035,0.9994019418105506,0.4500862810342187,0.2573053676388848,0.4363430489240439,0.7819412882022786,0,0,-0.018326015302419115,0.15414609090223982,-0.05913702764986098
2018-02-09,76.25,76.4800033569336,73.9000015258789,75.77999877929688,29491600.0,0.6551369338532065,0.6872903959528869,0.1213201797860616,0.9991341752328338,0.4659452315786412,0.28991130091154027,0.4745422491463028,0.7659499986173084,0,0,-0.030892578987100835,0.17155255822415535,-0.02957802036317202
2018-02-12,77.05000305175781,77.62000274658203,75.83999633789062,76.41999816894531,19340400.0,0.6480856894139682,0.6856702971735582,0.16641836095617277,0.9989811070891705,0.45559257969577066,0.3492322907721955,0.4950552058860979,0.7764369826089927,0,0,-0.041567716767230777,0.1616521535672907,-0.044206996007907666
2018-02-13,76.0999984741211,76.75,75.7300033569336,76.30000305175781,11926600.0,0.6413076015222565,0.6837344869239146,0.16330401828435206,0.9988842341403825,0.4663172444906516,0.36732862274366895,0.5145557300283814,0.7699699983028139,0,0,-0.028788236076354647,0.17272971596328546,-0.04305157019572263
2018-02-14,75.79000091552734,76.66000366210938,75.16999816894531,76.45999908447266,17188400.0,0.6339768467051159,0.681795906682318,0.17562602476014175,0.9987496915497354,0.4773327521063912,0.38357241301135303,0.5350279890618141,0.779290099006143,0,0,-0.02477063321172299,0.17706424109925673,-0.015465272057398642
2018-02-15,76.62000274658203,76.69999694824219,75.44999694824219,76.20999908447266,14432400.0,0.6268493708410261,0.6797576278592659,0.16815497666443027,0.9986303524906579,0.49818176942255593,0.39830667239690737,0.5534529970861923,0.7714643897260048,0,0,-0.035574172812872784,0.16583835282507622,-0.04446771601609098
2018-02-16,76.1500015258789,77.12000274658203,75.8499984741211,76.54000091552734,13722400.0,0.6201093962384641,0.6779990590626803,0.1961542261788529,0.9985251144467555,0.5021664628204557,0.4148347210373107,0.5641887219389643,0.7789051142781076,0,0,-0.029523684910507032,0.17254955627677132,-0.014827514714440299
2018-02-20,76.47000122070312,77.47000122070312,75.45999908447266,75.75,13387300.0,0.6121688045621703,0.6761906409753669,0.1699033960947495,0.998403553018075,0.4637671893896205,0.4192321447275621,0.5762241015883363,0.7716460916729972,0,0,-0.033577210139578845,0.16762479327919527,-0.020904082244353736
2018-02-21,75.81999969482422,76.44000244140625,74.87000274658203,74.88999938964844,11715000.0,0.6036501354854971,0.6740692792968066,0.14314557609947762,0.9982791856792859,0.42938857851952766,0.41413505314001153,0.5904927687053869,0.7652938436604132,0,0,-0.02534651048112624,0.177953839695493,0.002640223739170792
2018-02-22,75.30000305175781,76.83999633789062,75.19000244140625,75.86000061035156,14020200.0,0.5956015529255785,0.6721860862169589,0.227445557483865,0.9981548526679425,0.4211439811092851,0.42892176805414983,0.5970680538745148,0.7728960449054862,0,0,-0.018694105184789457,0.1869408480985397,-0.005741758695156532
2018-02-23,76.08999633789062,77.62000274658203,75.94999694824219,77.52999877929688,13378800.0,0.5887154693036893,0.6706629160271331,0.3530656082360284,0.9980763573140794,0.456244311885732,0.4524569417065669,0.5905922655172364,0.7801504585385004,0,0,-0.02886890053244846,0.1741366544632561,-0.016082172178919257
2018-02-26,77.73999786376953,78.93000030517578,77.55999755859375,78.83999633789062,16940400.0,0.5822613540628525,0.6695773094860467,0.4366508513766525,0.9980168166120831,0.4646743003920436,0.4852757721737876,0.5657615038151149,0.7893360857030228,0,0,-0.0495291680427065,0.14910364207403023,-0.008641792589892632
2018-02-27,79.0,79.87000274658203,77.5,77.5,14629500.0,0.5755849032243903,0.6680209057314408,0.3740900282966537,0.9979303447052499,0.4523470567929406,0.4899867798045411,0.5308079614291896,0.7814035024934539,0,0,-0.0646879592975073,0.13064438774976977,-0.019913746419971286
2018-02-28,78.16000366210938,78.25,75.69999694824219,75.73999786376953,17087800.0,0.5685717720743013,0.6660380140701372,0.3037835693176103,0.9977756162111748,0.44403038676116746,0.44959425491981125,0.5135657434168219,0.7721379503304634,0,0,-0.054967769499747986,0.14374192760836693,-0.012129063760080645
2018-03-01,75.52999877929688,76.68000030517578,74.86000061035156,75.19999694824219,15696700.0,0.5608852754544071,0.6638695730928019,0.2841312200781131,0.9976184661563257,0.40400820319659037,0.41995780472174493,0.5036933513792345,0.7636266971184165,0,0,-0.02152095721404401,0.18180624057091324,0.03049904441176047
2018-03-02,74.88999938964844,75.87000274658203,74.4800033569336,75.55000305175781,15630300.0,0.552296733629811,0.661822986406776,0.3082797248143947,0.9974719150290317,0.39170019430294006,0.40177601884725267,0.49723231022714615,0.7721019461249119,0,0,-0.013164865743956292,0.19162239690019311,0.048537256303229484
2018-03-05,75.2300033569336,76.55999755859375,75.12000274658203,76.2699966430664,14891000.0,0.5470495892930813,0.6601142647880334,0.35754656907153504,0.9973515892295137,0.4085552275647574,0.44242519014225157,0.48192364035471885,0.7801763230054403,0,0,-0.017604259130784276,0.1862342703703816,0.04103240700066347
2018-03-06,76.66999816894531,76.9800033569336,75.86000061035156,76.18000030517578,10754300.0,0.5448008131487687,0.6582615352810133,0.3534153406634887,0.9972630299267347,0.4272573004785042,0.4834125114012341,0.4621648070393087,0.7743449972861288,0,0,-0.03631830031446871,0.16559598057830352,0.03343389489960899
2018-03-07,75.0,75.23999786376953,73.55999755859375,74.26000213623047,27255500.0,0.5422026538786306,0.6556056813642108,0.27269197480365936,0.9969454385244032,0.42974329818368856,0.2718304635372851,0.4612676975704379,0.7595661927016656,0,0,-0.01890263107951726,0.18771334988805782,0.058020453547373
2018-03-08,74.5,74.7699966430664,73.69000244140625,74.12000274658203,19299800.0,0.540411256590321,0.6528778224468268,0.2673218738101263,0.9967160546908853,0.4652878961464393,0.27952834304870333,0.4604346673493435,0.7491012233296408,0,0,-0.012658260360426724,0.199299792970745,0.060597897529611165
2018-03-09,74.81999969482422,75.05999755859375,74.20999908447266,74.55999755859375,19714100.0,0.5394520317587899,0.6502690457159146,0.30162977917188405,0.9964974954770729,0.5071308739086962,0.3511578090610767,0.4555224867367657,0.7597908394239544,0,0,-0.016999488525903658,0.19535891554727883,0.06408526475964063
2018-03-12,74.87000274658203,75.58000183105469,74.69000244140625,75.23999786376953,14226700.0,0.5391089976167878,0.6478707440028404,0.3535233692377807,0.9963571785013445,0.4867961387904678,0.4137312134735435,0.44353031558894757,0.7675050115793647,0,0,-0.01756981264596743,0.19353541815550376,0.04667376396846408
2018-03-13,75.33000183105469,75.81999969482422,74.25,74.52999877929688,13739700.0,0.5379083805430565,0.6452425836669125,0.3196054475673913,0.9962044047921217,0.4825765160300876,0.39557218940411926,0.4361630645373064,0.7600549064134661,0,0,-0.023524778345498217,0.18500795539825815,0.05542262476529522
2018-03-14,74.63999938964844,74.79000091552734,73.52999877929688,73.5999984741211,14820700.0,0.5361932098330455,0.642462105466848,0.27815960206965507,0.996015215476254,0.45331928730622595,0.33647092539528145,0.4352702454998821,0.7520186484433333,0,0,-0.014893339977618531,0.19602845632153645,0.08345634405713867
2018-03-15,74.3499984741211,75.0,74.0999984741211,74.41999816894531,15640600.0,0.5348973046898879,0.6395237715316258,0.3428035769072513,0.9958385731904547,0.41901375366017024,0.39856100511796766,0.4311059355640761,0.7604994824395452,0,1,-0.011141300432398017,0.20244567710307737,0.046739164575061894
2018-03-16,74.36000061035156,75.12000274658203,74.36000061035156,75.12000274658203,32109700.0,0.5342048874220604,0.6363168075377488,0.3948138891538884,0.9955164293794962,0.4772030445996996,0.436327716153937,0.42525357242971457,0.7779103896533457,0,0,-0.01115294076157393,0.1565439641564024,0.04555226381425858
2018-03-19,75.0,75.01000213623047,73.86000061035156,74.1500015258789,12744800.0,0.5326866466812772,0.6328079778075515,0.34527230016744015,0.9953667725584263,0.4621389633857817,0.40198585503131906,0.4245128911926361,0.7709997511155069,0,0,-0.019568705630405615,0.1196751535552703,0.02595842487946278
2018-03-20,74.22000122070312,74.69999694824219,73.94999694824219,73.98999786376953,13003200.0,0.5315686100162202,0.6292742223755479,0.3373085507640877,0.9952105068886214,0.45794044681915286,0.4014865636966003,0.423825115758206,0.7639489998259436,0,0,-0.009305494635295914,0.08267022423834414,0.03479435978371825
2018-03-21,74.2300033569336,75.63999938964844,73.9800033569336,75.04000091552734,15418500.0,0.5316638980856463,0.625923248380508,0.41787239918004315,0.9950541249345757,0.4894296207061821,0.45971606356640965,0.40640996781120126,0.772309404092442,0,0,-0.009460800079026464,0.0762265110485989,0.031220403098901558
2018-03-22,74.41999816894531,74.69999694824219,73.38999938964844,73.5,17737000.0,0.5301647139894379,0.6222482550521793,0.33818892706349124,0.9948259365618113,0.465095666042749,0.38873505070027226,0.3968253005087598,0.762691834907704,0,0,-0.013725996358346882,0.07262799188624475,0.033049084843766695
2018-03-23,73.80999755859375,74.20999908447266,72.66999816894531,72.88999938964844,20157300.0,0.5272171667469219,0.6185954153208195,0.31003655982489453,0.9945451062873727,0.41224013484006006,0.3498793679892202,0.39537661666600726,0.7517619015859744,0,0,-0.015510195777529762,0.08244905017671131,0.05346939190715349
2018-03-26,73.6500015258789,74.1500015258789,72.75,74.0,15032700.0,0.5241425719762063,0.6150145805900409,0.39257473531442766,0.9943654796152743,0.4064132632905148,0.3806626600745465,0.39403141024059424,0.7599131127425065,0,0,-0.013444963165588531,0.08533408249124592,0.06091363491823914
2018-03-27,74.0,74.88999938964844,73.27999877929688,73.69999694824219,15821900.0,0.521728630167992,0.6111872693975757,0.3769537855720234,0.9941681921442878,0.42058807938197323,0.4160550479428507,0.37904289970963007,0.7513339720826427,0,0,-0.017972997716955236,0.07932436144029772,0.08013513925913218
2018-03-28,73.73999786376953,74.01000213623047,72.77999877929688,72.80999755859375,18163900.0,0.5198673552852067,0.6072657974946758,0.3320599162249861,0.9939133108596114,0.419130561838759,0.3356064628727343,0.37105394759356664,0.7414849240522734,0,0,-0.014518313963780147,0.08317510361794807,0.1082768478611711
2018-03-29,73.33000183105469,74.88999938964844,73.26000213623047,74.61000061035156,14882900.0,0.5194925616844306,0.6035575706015672,0.4578179288037004,0.9937521012917396,0.4584726815264943,0.4748633512167601,0.3483810506793671,0.7495549088535101,0,0,-0.00906473951710049,0.08982284212088164,0.1091882600578916
2018-04-02,74.2699966430664,74.4000015258789,72.16000366210938,73.22000122070312,17891100.0,0.518012434232797,0.5996222529646724,0.38692948140646444,0.9935145076196217,0.4396221536997574,0.3535273651025458,0.3404244798687244,0.7398537817158282,0,0,-0.028280297060663553,0.07505704406519824,0.10132696858521924
2018-04-03,73.44999694824219,75.13999938964844,73.0999984741211,75.0199966430664,15999200.0,0.5172183750651678,0.596262968993774,0.4934077751624052,0.9933531824156483,0.4501064580053318,0.5245921300114385,0.32114513895571084,0.7485290601112986,0,0,-0.017618045132838156,0.08768103921479548,0.11390335739200999
2018-04-04,74.05000305175781,75.05999755859375,73.44000244140625,74.87000274658203,13122200.0,0.5163862026083887,0.5925575120926181,0.48536144290767314,0.9932175065420501,0.47951642993929755,0.5532360273439206,0.30324289382219827,0.7414137832123885,0,0,-0.02519327478299904,0.0775793115869477,0.10623825577103924
2018-04-05,75.05999755859375,76.31999969482422,75.0199966430664,76.0199966430664,14200000.0,0.5175042344268932,0.5891566866939655,0.5481282449170157,0.9930996610411973,0.50397960652594,0.7551693071018322,0.2762680690278586,0.7491134777730966,0,0,-0.03873372232000841,0.06424475773386916,0.09109121737190755
2018-04-06,75.63999938964844,76.12000274658203,74.22000122070312,74.87000274658203,14299600.0,0.5179806699274707,0.5853736869212074,0.4836622880047916,0.9929520524339037,0.5028068778763535,0.6224609748224024,0.2536998475220163,0.7413597769040613,0,0,-0.04577737281255805,0.055643298391534486,0.07445414248943683
2018-04-09,75.22000122070312,75.79000091552734,74.80000305175781,74.87000274658203,11103100.0,0.5181775998966986,0.5816349964552714,0.4836622880047916,0.9928375293587437,0.49065618046427034,0.6254456466206765,0.23274364183801993,0.7473802331489203,0,0,-0.040870808686239095,0.062107671367638465,0.09429674501936697
2018-04-10,76.08000183105469,77.7699966430664,76.05999755859375,77.06999969482422,19006100.0,0.5193401036812806,0.5783311017590067,0.5993697584822872,0.9927154449192579,0.4908345728657517,0.8289175341422009,0.22543266573993642,0.7576859489792211,0,0,-0.05235739315001252,0.05062108690386505,0.07426201889444402
2018-04-11,77.11000061035156,78.04000091552734,76.75,77.43000030517578,13734000.0,0.5211823219194913,0.5754010756867582,0.6160568818567188,0.9926360337707627,0.5100706461231731,0.7984585104556485,0.22156393799197716,0.7651329634226552,0,0,-0.06422728646480862,0.014791739900902014,0.06539510750596013
2018-04-12,77.86000061035156,78.13999938964844,77.01000213623047,77.22000122070312,13270400.0,0.5234819190137048,0.5727535296329298,0.6021747967882158,0.9925544540188969,0.5197766387085081,0.7424670159374253,0.21909113817633452,0.7579373277396679,0,0,-0.07361483825102313,0.003616153663868171,0.03112483563497737
2018-04-13,77.80000305175781,78.19000244140625,77.5999984741211,77.83999633789062,10925000.0,0.5256544637331662,0.5701336750470909,0.633140112317736,0.9924992792075096,0.5247570096683786,0.725811592402319,0.217387697173883,0.7638612124633113,0,0,-0.07303806397941782,0.0050504970666055415,0.011784460221827458
2018-04-16,78.12000274658203,79.08000183105469,77.70999908447266,78.54000091552734,10743600.0,0.5278270084526273,0.5672174968217223,0.6668046001705613,0.9924583056152705,0.46487525760943366,0.7153632498481856,0.22595184941802654,0.7696867363001016,0,0,-0.07656730941508887,0.012332979568825493,0.0038540009824904213
2018-04-17,78.54000091552734,78.76000213623047,78.04000091552734,78.33000183105469,10478100.0,0.5304823425030423,0.5655004694528907,0.6506525626709327,0.9924144953653449,0.47346464649904385,0.6758573330619594,0.23390427650187412,0.764005175062316,0,0,-0.08123245707979924,0.006875489040395283,0.037687790297535696
2018-04-18,79.04000091552734,79.76000213623047,78.94000244140625,79.22000122070312,12061400.0,0.5338046881928866,0.5653619994356338,0.6942403024886521,0.9923829982024972,0.48910324577827147,0.6892932308101567,0.2517758636556453,0.7705452522436206,0,0,-0.0878334877133927,0.009191895874789493,0.02808626192792935
2018-04-19,79.31999969482422,79.81999969482422,78.80999755859375,79.41999816894531,11291500.0,0.536587069771501,0.565658325188048,0.703791181554312,0.9923575069286623,0.48523989810332263,0.6641937084596662,0.26567511858873877,0.7766678649994118,0,0,-0.09038116539240434,0.006311537393278043,0.03168394468005274
2018-04-20,79.31999969482422,79.4000015258789,78.33000183105469,79.0,12072200.0,0.5400809301090703,0.5662288209830233,0.6672411137032187,0.9923213528288843,0.5209745880362697,0.6282850408027807,0.2686705968304332,0.770121931712385,0,0,-0.09015356582461538,0.006295643559905158,0.02077564296046644
2018-04-23,78.91999816894531,79.5999984741211,78.75,79.56999969482422,11729800.0,0.5443243824947435,0.5671981111038218,0.6973648603153928,0.9922980077187025,0.5717530719135152,0.6306623066734292,0.2738663188998791,0.7764822047587366,0,0,-0.08556955071944225,0.011392424378214003,0.022278508053550236
2018-04-24,79.80000305175781,79.93000030517578,77.97000122070312,78.3499984741211,14102000.0,0.5470877074287832,0.5679098469080066,0.5948978822544372,0.9922397208170914,0.5307180720458751,0.5986788275061601,0.26305982772628766,0.7688356489351377,0,0,-0.0960160791623755,0.0016337470644281612,0.028402595394039484
2018-04-25,78.19999694824219,79.62000274658203,77.48999786376953,79.5,13867500.0,0.5507721439052047,0.5687628227214014,0.6584331278341602,0.9922104737378548,0.5706023721847224,0.5963608806554732,0.24427412458477127,0.7763550513520827,0,0,-0.07708989666576464,0.02208045169911537,0.05973197697919011
2018-04-26,79.5999984741211,80.9000015258789,79.52999877929688,80.86000061035156,14554400.0,0.5558858868833587,0.5700256686026612,0.7226196124480229,0.9922145691182007,0.6327859855579285,0.6557933251961479,0.24398749528818597,0.7842469129376016,0,0,-0.09358484040266313,0.01635223964475236,0.050314465408805034
2018-04-27,76.94999694824219,78.6500015258789,76.4800033569336,77.79000091552734,16346800.0,0.5579059735996699,0.570393999355657,0.5177374096258538,0.9921310684138329,0.6199811195201513,0.5210432609447787,0.23225945722620678,0.7753831546949973,0,0,-0.059238105985366586,0.04884992020555397,0.07605740142786487
2018-04-30,77.91000366210938,78.55999755859375,77.73999786376953,77.75,15028800.0,0.5607836432477105,0.5708204872623543,0.5155010330456962,0.9920533188728471,0.5924769420291488,0.5316370912062959,0.2213691361686549,0.7672340582433093,0,0,-0.07391695503698427,0.03843678915772721,0.05797653237892836
2018-05-01,77.26000213623047,77.26000213623047,75.9800033569336,76.94999694824219,16231000.0,0.5620096707963922,0.5709340315778049,0.4704631068561097,0.9919466576545122,0.5809404843400598,0.4423943926171896,0.22825836894691298,0.7584330904676155,0,0,-0.06559483568001406,0.04681671240705386,0.05466237942122187
2018-05-02,76.44999694824219,77.2300033569336,76.30000305175781,76.80000305175781,13883700.0,0.5632356983450741,0.5712248194591982,0.46203949162449054,0.991851854803047,0.5628784722899249,0.4301930671729536,0.23465551366958115,0.7509049038920872,0,0,-0.05575040229070225,0.05782982136607314,0.07069529119104817
2018-05-03,76.38999938964844,76.61000061035156,75.4000015258789,76.54000091552734,12243100.0,0.5635660296728773,0.571681770938723,0.44686013754428944,0.9917627429684859,0.5692618283592452,0.3832533146337143,0.24836651241167018,0.7442663031543263,0,0,-0.05507806718039246,0.058723983815352765,0.05559901175502889
2018-05-04,76.12999725341797,77.22000122070312,75.94000244140625,76.9000015258789,9887200.0,0.564855580985659,0.5719697888281634,0.47181294788077355,0.9916970626742452,0.5882471397303055,0.4072016655687629,0.25152751889281283,0.7496274594966243,0,0,-0.05186821980430912,0.062320410444276164,0.061275181412426785
2018-05-07,77.73999786376953,79.08000183105469,77.4000015258789,77.73999786376953,15071500.0,0.5666787377327425,0.5720279459818651,0.5278804496398449,0.9916191875091971,0.5893746484610591,0.5064660898587652,0.22965695078250542,0.7577997092551956,0,0,-0.07256169168972433,0.04109237450464743,0.03849153479504857
2018-05-08,77.80000305175781,78.16000366210938,76.37000274658203,78.08999633789062,17430400.0,0.567326687881045,0.5718202409559798,0.5503710429080244,0.9915398896513206,0.6147065528874243,0.4529783585997349,0.21968291928391714,0.7672510301052635,0,0,-0.07254951819695046,0.03987649291621396,0.03408790801780297
2018-05-09,78.9800033569336,80.23999786376953,78.94999694824219,79.93000030517578,17142100.0,0.5689148062163036,0.5724932053243637,0.6542111782514101,0.9915171576199344,0.6310803372523845,0.6413102017351906,0.20091634518562052,0.7765460254664687,0,0,-0.08733512632417728,0.024586992687739388,0.009092061951194538
2018-05-10,80.63999938964844,81.79000091552734,80.5,81.72000122070312,17710300.0,0.5717734192197692,0.5741493076604256,0.7329993985225394,0.991549119026383,0.6795033734004063,0.7449896528362061,0.19681156630402352,0.7861491170565045,0,0,-0.10609277736972496,0.014387608175755745,0.009258074076619433
2018-05-11,81.18000030517578,81.97000122070312,80.91000366210938,81.27999877929688,14751000.0,0.573958671599982,0.5758331035773616,0.6990486722720062,0.991564371692689,0.6746538243698851,0.7110960437302531,0.19445520837035962,0.7781506526575604,0,0,-0.1103768539932579,0.009667167201745014,-0.01762117498649078
2018-05-14,81.69999694824219,82.31999969482422,81.61000061035156,81.83000183105469,11852100.0,0.5760486359107688,0.5775722866560467,0.7227902761968136,0.9915880040372964,0.661043361444519,0.7117281046855981,0.19518560672660729,0.7845772406788962,0,0,-0.10580706943011951,0.007627986662076014,-0.013041308741551629
2018-05-15,81.8499984741211,82.02999877929688,81.4000015258789,81.79000091552734,12595700.0,0.5782465911051806,0.5791009968297782,0.7194253129806846,0.9916122206289315,0.671151767640135,0.6734521091227121,0.19319048355243618,0.7777474489339448,0,0,-0.1027739929674941,0.005743629600222719,-0.0017108564892553552
2018-05-16,81.76000213623047,82.05000305175781,81.16999816894531,82.0199966430664,9570000.0,0.5800252807327388,0.580718325617154,0.7302020484785735,0.9916344498952205,0.6967252556174737,0.6527146531117145,0.18830673833367867,0.782936609282253,-1,0,-0.09218731912369889,0.006846772861295296,0.0025675398229857357
2018-05-17,82.19999694824219,82.27999877929688,81.44000244140625,81.87999725341797,11224100.0,0.5815879885930473,0.5828286073279028,0.716925909039521,0.9916577627185919,0.6930857894895708,0.6404182856691585,0.18608503994616082,0.7768505429640246,0,0,-0.09729329497861733,0.0014630913373998014,0.006461916976147676
2018-05-18,81.55000305175781,81.80000305175781,81.26000213623047,81.30000305175781,10030900.0,0.5830490594001063,0.584817036860227,0.6619917220811778,0.9916684343315114,0.6698218597785288,0.607545079123838,0.18139385539133485,0.7714114678817002,0,0,-0.08243771649269603,0.009403965179472009,0.0025647177762196387
2018-05-21,81.7300033569336,82.3499984741211,81.5199966430664,82.27999877929688,8822400.0,0.5847705790939404,0.5869550142647351,0.7155953206780876,0.9916928939208076,0.6626615559911327,0.6203753492605834,0.18299682072738577,0.7761952555783475,0,0,-0.07785979819736089,0.007626015915310533,0.006272994928564283
2018-05-22,82.44000244140625,82.6500015258789,81.3499984741211,81.63999938964844,10753400.0,0.5868605434047272,0.5887274309082002,0.6562887333075724,0.9917106903519586,0.6680368516906032,0.6025910893599042,0.1876809409558542,0.7703644178678462,0,0,-0.08556150972256375,0.002552249484542965,-0.0015800301986053451
2018-05-23,80.94999694824219,82.2300033569336,80.56999969482422,82.1500015258789,15140900.0,0.588543949809412,0.5908377147318336,0.6852873097161825,0.991749185143822,0.6707997218082216,0.5854539981928657,0.1795795170712675,0.7785742985280029,0,0,-0.06798132611288327,0.02082318214534763,0.016903538622361602
2018-05-24,81.3499984741211,81.36000061035156,79.94999694824219,80.2699966430664,13360500.0,0.5881691513620837,0.5926849042549482,0.5318034345483316,0.9917393690695548,0.6286500410598156,0.5389594392848619,0.1629273883455427,0.7713298077407957,0,0,-0.07242844598569871,0.01582474774937509,0.0188679613264466
2018-05-25,79.27999877929688,79.33000183105469,78.08999633789062,78.70999908447266,14562000.0,0.5887535777462862,0.5938729772565585,0.4332608199191955,0.9916891245201103,0.6218463582178084,0.4608325195477499,0.1588465155860107,0.7634338251919909,0,0,-0.04833683089175907,0.04198334231365795,0.05456590340085479
2018-05-29,78.1500015258789,78.7300033569336,77.52999877929688,78.41999816894531,14644800.0,0.5891791922969629,0.5947868781027232,0.41659693360814676,0.9916312472797091,0.6654806965586965,0.43955692917480504,0.1607917409669926,0.7554929458326488,0,0,-0.034938381806467335,0.057171897501492,0.05640953962210894
2018-05-30,79.25,81.66000366210938,79.22000122070312,81.5,16627500.0,0.592069569605755,0.5968223869338225,0.5985600096666657,0.9916546847630445,0.6776792796616988,0.5427408067235018,0.15111585018317458,0.76450890860083,0,0,-0.0490946004082631,0.04335630713168421,0.04386639277898513
2018-05-31,80.80999755859375,81.55000305175781,80.69000244140625,81.23999786376953,15803100.0,0.5948900644735187,0.5988302021840475,0.582100740686799,0.9916697941373971,0.6844330083214423,0.5539143041794308,0.1421310944553435,0.7559399619027789,0,0,-0.06638031941981404,0.022576735794909892,0.03067484662576687
2018-06-01,81.87000274658203,82.3499984741211,81.55000305175781,81.83000183105469,9906100.0,0.5982505234525124,0.6007106252719423,0.6119828178701612,0.9916894172818105,0.6567388064595834,0.5890122474933919,0.14148829875281566,0.7613113664300909,0,0,-0.07964058826727938,0.009601166910477354,0.007631648615096754
2018-06-04,82.05000305175781,82.52999877929688,80.80999755859375,80.97000122070312,10954700.0,0.6008359799084515,0.6027793676678217,0.555070927521484,0.9916947334930852,0.6289205631656061,0.5553256383538578,0.1317705047191864,0.7553713774157115,0,0,-0.08126605617837362,0.007332255416049531,0.0031772516316536234
2018-06-05,80.58999633789062,81.6500015258789,80.41000366210938,80.68000030517578,12059300.0,0.6027036086216127,0.6049367307902302,0.5363063392875692,0.9916945069962027,0.6332627891541438,0.5082073157418938,0.1179569008707761,0.7488324389216308,0,0,-0.06409774896588115,0.025441585240603415,0.020130972684186225
2018-06-06,81.4800033569336,82.08999633789062,80.87000274658203,82.05999755859375,11603300.0,0.605225541313452,0.6071688667922883,0.6118269426115983,0.9917220933956297,0.6231585884500342,0.5682581529339393,0.1099608577593065,0.7551241196185506,0,0,-0.07535946713010415,0.014501712500244684,0.006569146966932703
2018-06-07,82.7300033569336,83.29000091552734,82.55999755859375,82.87999725341797,13502500.0,0.6070995190104362,0.6097111763936403,0.6518940740215661,0.9917733884100515,0.6019477619287948,0.6964185200449364,0.11468517642953,0.7624456073513648,0,0,-0.08932490920220666,0.006824245372343472,-0.01620767573268594
2018-06-08,83.11000061035156,83.66000366210938,82.5,83.5999984741211,14350400.0,0.6082937822537919,0.6126993596195902,0.6851569460308886,0.9918457846423192,0.5960820998327925,0.708918858372102,0.12254977840640713,0.770226853606575,0,0,-0.09302605381245589,0.006636137427419261,-0.02063222901955557
2018-06-11,83.72000122070312,83.79000091552734,82.93000030517578,83.0999984741211,10831600.0,0.609449932207998,0.6150505799210044,0.6471341720627443,0.9918909943482839,0.5918750048606509,0.6874875956092112,0.13110692313608335,0.7643536133527886,0,0,-0.09952152926653135,0.0008373169390175001,-0.008492812170235158
2018-06-12,83.11000061035156,83.75,82.31999969482422,82.41999816894531,12351800.0,0.6098247258087741,0.6175984273933772,0.596934262516578,0.9919279511346706,0.5795973642672346,0.633469046338416,0.129911650836339,0.7576560719953975,0,0,-0.09277977407994412,0.00818291597667774,0.00577612197777046
2018-06-13,82.44000244140625,82.5999984741211,81.47000122070312,81.51000213623047,12049300.0,0.6096468573306735,0.6193957697386487,0.5341268471644065,0.9919449732018895,0.5511065955268737,0.5403804641956806,0.11699956922951146,0.7511225558214301,0,0,-0.08541617413163104,0.016379501384528712,0.02183930432361371
2018-06-14,81.94000244140625,82.30000305175781,81.5,81.88999938964844,11477300.0,0.6095642769219989,0.6213398878512661,0.557074528537142,0.9919687317237336,0.5326328668052304,0.5428970191103706,0.10500977916602874,0.757345915284924,0,0,-0.08023556304902085,0.022696582328989856,-0.00024542107639138167
2018-06-15,81.72000122070312,81.81999969482422,80.51000213623047,80.66000366210938,23797500.0,0.6087892792454968,0.6226248915552641,0.4761839886571049,0.9919672659498189,0.49473545627800175,0.4629771285657081,0.09530195034836414,0.7444421489955966,0,0,-0.07058247432381241,0.0252778081603684,0.0002441890733355408
2018-06-18,80.4000015258789,81.37999725341797,80.30000305175781,80.81999969482422,9192600.0,0.608484358392644,0.6242726839154673,0.48690549186768173,0.9919692458988449,0.5112020733972363,0.4527539109839468,0.08891905927597574,0.7494266709828336,0,0,-0.049962789441205996,0.04202825732378332,0.01376147483207955
2018-06-19,79.88999938964844,80.95999908447266,79.70999908447266,80.69999694824219,8759700.0,0.6074806664415879,0.6258872427108901,0.47880631927437434,0.9919693126952267,0.5067490834297734,0.42842384798853467,0.09027340437425604,0.7446768812332959,0,0,-0.04355353447609367,0.04825540139328491,0.006186587501707457
2018-06-20,80.8499984741211,81.12999725341797,80.2699966430664,80.44999694824219,8917700.0,0.6067247205631079,0.6268232992669083,0.4613031247450091,0.9919655240752863,0.5082965689665223,0.4484922100033039,0.08878615849526553,0.7398414188259701,0,0,-0.04114002255729373,0.03643125839635226,-0.01164801545921488
2018-06-21,80.0199966430664,80.37999725341797,79.33000183105469,79.69000244140625,10990700.0,0.6051620127027997,0.6274491843365171,0.40974648522353374,0.9919464130646891,0.47390417065481555,0.3919366549895283,0.09874737047353163,0.7338819094591833,0,0,-0.030950875801418375,0.046861459483788226,0.0022374184214274755
2018-06-22,81.16000366210938,81.94000244140625,80.91999816894531,81.37999725341797,16012200.0,0.6058671376313787,0.6286012537813945,0.5344816280788799,0.991965365927602,0.4853971547579067,0.5207228295648715,0.08459094546797888,0.7425642368708008,0,0,-0.0455515719864802,0.033002850707047345,-0.012297695155100062
2018-06-25,80.77999877929688,81.23999786376953,79.30000305175781,79.73999786376953,10557200.0,0.6065214416100568,0.6291274402695477,0.4304999491803304,0.9919479354246685,0.4738195883266473,0.3966697636694594,0.08950166229249382,0.7368397850809201,0,0,-0.03993610358426867,0.036987002185036914,0.006021109367252421
2018-06-26,80.1500015258789,81.01000213623047,79.97000122070312,80.63999938964844,10382800.0,0.607931691467215,0.6297090139194494,0.49014196520148146,0.9919469450650396,0.4656242822466165,0.4152513016045411,0.09406161362954338,0.742469671608027,0,0,-0.03285681987423841,0.04564835072941855,0.007273662485489176
2018-06-27,81.05999755859375,82.4800033569336,81.05999755859375,81.70999908447266,12725900.0,0.6080650928257905,0.6306450704754676,0.5544064378009242,0.9919692440640602,0.43447015122017585,0.5349043276947192,0.07877643313278876,0.749370061960852,0,0,-0.043774786780938546,0.033854208551544675,-0.009176560880090024
2018-06-28,81.7300033569336,82.06999969482422,81.02999877929688,81.97000122070312,9390700.0,0.608528825512169,0.6314066555703806,0.5693790651408042,0.9919899027485308,0.4408422575397335,0.5260321926221108,0.06494718891594034,0.7544620001095309,0,0,-0.051401353869735204,0.02521108287449744,-0.028270777308419422
2018-06-29,82.44999694824219,83.54000091552734,82.29000091552734,82.7300033569336,17323200.0,0.6091005490821728,0.6323233285213827,0.6123616067655046,0.9920506966117535,0.43651547226583803,0.6354423075677487,0.0664536442310037,0.7638551936879856,0,0,-0.06002193602142671,0.01634749234268295,-0.04745637833009989
2018-07-02,81.88999938964844,82.12999725341797,81.31999969482422,81.76000213623047,9998300.0,0.6096023950577008,0.6330876836082486,0.543190433026631,0.9920690280318749,0.4561459876304912,0.5233948274472946,0.05563439114879046,0.7584337953692302,0,0,-0.05270156452841666,0.022966293349239508,-0.04327331905945883
2018-07-03,82.58000183105469,83.44999694824219,82.08000183105469,82.23999786376953,7197300.0,0.6105933793480054,0.633827112993308,0.5719120646905588,0.9920881744736989,0.4587381323557094,0.5992479998051308,0.0592735721086706,0.7623364018242854,0,0,-0.06176618052606428,0.01479940133143009,-0.06898237820800121
2018-07-05,82.58999633789062,82.7699966430664,82.05000305175781,82.30999755859375,9035700.0,0.6107521911815312,0.6349237952764364,0.5762004248165072,0.9921132901671856,0.4315571487748556,0.5725631810769987,0.062261633649329434,0.7672358476089467,0,0,-0.06152720926592958,0.014591495729663381,-0.055812213729552244
2018-07-06,81.95999908447266,82.69999694824219,81.66000366210938,82.33000183105469,7637100.0,0.610402808055706,0.6357075360812028,0.5775086795226227,0.9921347710042832,0.43932007646497656,0.5635705973161909,0.05978001118306764,0.7713769277025793,0,0,-0.05382092621278735,0.022233044409361937,-0.04495197494822282
2018-07-09,82.80999755859375,83.12999725341797,82.55999755859375,82.9000015258789,7158600.0,0.6099581368604545,0.636272494005157,0.6151937784261073,0.9921619283599781,0.41627063071346715,0.6301423459924865,0.062248216833404535,0.7752585497787965,1,0,-0.06413213484595444,0.011903356433109403,-0.04858496187341525
2018-07-10,83.69999694824219,84.12000274658203,83.51000213623047,83.66000366210938,8806200.0,0.6103138786632081,0.6378981327683915,0.6620987524145087,0.9922068500141425,0.4204335743272213,0.7131438772500264,0.07478348813587221,0.7800335533168604,0,0,-0.07442699704920057,0.005066414844500702,-0.058745416496370426
2018-07-11,83.02999877929688,83.52999877929688,82.02999877929688,82.58999633789062,10405300.0,0.6104218695468333,0.6392385215212535,0.5693353536459931,0.992240723763341,0.4364665173882134,0.6116399287586445,0.06643436044483106,0.7743914665694988,0,0,-0.045541446232560276,0.013028973458900674,-0.03669614583359932
2018-07-12,83.01000213623047,83.23999786376953,82.30999755859375,82.69000244140625,9762200.0,0.6111714615949375,0.6408281588406397,0.5761500761409001,0.992274165602065,0.45535668248253647,0.6059872350977689,0.05868159901743575,0.7796848439103821,0,0,-0.044920683484406254,0.013439891749242233,-0.04758445912865087
2018-07-13,82.68000030517578,83.75,82.55999755859375,83.30999755859375,8720000.0,0.6120735116461917,0.6426310369440473,0.6181927399283987,0.9923133263890294,0.46049188846377287,0.6342031054505592,0.05739753545096282,0.7844131070490704,0,0,-0.04087552489568517,0.017414468483377167,-0.03700565326215887
2018-07-16,82.5199966430664,82.79000091552734,82.0,82.48999786376953,8306900.0,0.6132360105842212,0.6442788293042503,0.5469786328593279,0.9923388913122575,0.5013264589532865,0.5593603098997172,0.048539981567765206,0.7799088399542573,0,0,-0.03865074643705159,0.01920545133121995,-0.025447067330622124
2018-07-17,82.26000213623047,82.75,82.04000091552734,82.30999755859375,7373300.0,0.6141825277550008,0.6457770737922699,0.5318980231880492,0.9923592890157313,0.49846634484747304,0.5486164532930318,0.04031511010479599,0.7759108006652102,0,0,-0.035883127180595054,0.022548195642134866,-0.02400295076020643
2018-07-18,81.80000305175781,82.31999969482422,81.48999786376953,82.22000122070312,8711900.0,0.6151481064169075,0.647017766076561,0.5240242887244276,0.9923820297146331,0.5014710168151307,0.508952607673137,0.030971314972226882,0.7711869296058136,0,0,-0.03037298109771335,0.028186122751038694,-0.011420270553854573
2018-07-19,82.19999694824219,82.62000274658203,81.72000122070312,82.01000213623047,8659100.0,0.6161390955537644,0.6481033726176473,0.5049568600788091,0.9924014940100254,0.5056977373077622,0.5127098922084738,0.02059368703059128,0.7664916883966145,0,0,-0.03527114878896587,0.023352052661565557,-0.020554546180013622
2018-07-20,81.72000122070312,81.93000030517578,81.25,81.4000015258789,9196300.0,0.6172253679134951,0.6485104748064443,0.45122589306554006,0.9924125112283328,0.5023160460604326,0.4263772676573301,0.015141994108392676,0.7615051601509357,0,0,-0.02950857341675648,0.029264741657879203,-0.018900170849685302
2018-07-23,81.94999694824219,82.0,81.18000030517578,81.4000015258789,8425900.0,0.6172380755742466,0.6484218540799151,0.45122589306554006,0.9924226001832408,0.49763006295630235,0.4248574427624492,0.01007970782349396,0.7660739528550956,0,0,-0.03255520696325641,0.026658547391426642,-0.020393071272696395
2018-07-24,81.5199966430664,83.0199966430664,81.4800033569336,83.01000213623047,11121000.0,0.6193153370708346,0.6489009612692935,0.5936335808452637,0.9924666701288696,0.5312384630861502,0.542137397872295,0.009962040735876393,0.7721041150529572,0,0,-0.0272726480306368,0.031941106324046245,-0.001965553190609921
2018-07-25,83.01000213623047,83.73999786376953,82.51000213623047,83.58999633789062,9523600.0,0.6211893147678189,0.6493883742087605,0.6355095967516605,0.9925138739484693,0.5396796681586342,0.6573780170012389,0.019386810937164295,0.7772681158359401,0,0,-0.04469339825318946,0.013371889914300973,-0.030719226432170402
2018-07-26,83.83000183105469,84.4000015258789,83.37000274658203,84.23999786376953,13210100.0,0.6227964897476523,0.6500668764481654,0.6790739895105861,0.9925940478056989,0.560114265637206,0.7405113281961005,0.03609498218160509,0.7844310549286451,0,0,-0.05419307306804445,0.006818994135615757,-0.023926308022739047
2018-07-27,80.97000122070312,82.37999725341797,80.80999755859375,81.91999816894531,18220800.0,0.6227647254423261,0.6500391828672911,0.4791371999169698,0.9926319906102896,0.5600316492596001,0.3763652922123779,0.03308826350036306,0.7745511538968317,0,0,-0.019824290257532826,0.04071700370556369,0.008784400314993291
2018-07-30,82.12999725341797,82.12999725341797,80.70999908447266,81.73999786376953,11282800.0,0.6221358270920458,0.6500004114314899,0.4664274918106033,0.9926519813032804,0.5805294010340497,0.3655062430917635,0.0314509683110602,0.768433258559539,0,0,-0.03454582842914376,0.02771001371093125,0.008911173989873544
2018-07-31,81.63999938964844,82.1500015258789,81.44000244140625,81.51000213623047,11716800.0,0.62197701525852,0.6500585685851916,0.449685914069313,0.9926681056598654,0.559915663228455,0.39235364427571723,0.029640535216841096,0.7620800345293345,0,0,-0.0286273109743719,0.033765625255219305,0.018228503825664502
2018-08-01,80.88999938964844,80.93000030517578,80.22000122070312,80.38999938964844,8936300.0,0.6208018086597389,0.6495351520889914,0.37389966409209585,0.9926632377643414,0.5616401901404432,0.2642024613848186,0.04211632526841419,0.7572344866065983,0,0,-0.01950676354091133,0.043062226036555386,0.017543862933358443
2018-08-02,79.88999938964844,80.26000213623047,79.44999694824219,79.91000366210938,8364300.0,0.6192772189351328,0.649056047012498,0.34449956069233956,0.9926518027666433,0.5689578770967925,0.24680707045171735,0.06146179454913267,0.7526990953943355,0,0,-0.007339175797612917,0.05610153216161372,0.037691240232638167
2018-08-03,79.97000122070312,80.30000305175781,79.62999725341797,80.19999694824219,7811100.0,0.6179241390116987,0.6485160126774652,0.3720403377614314,0.992645010589404,0.5755335388697778,0.30654649405317413,0.07874935930926882,0.7569345238579375,0,0,-0.008384409188345501,0.05543736831633181,0.04304845806229619
2018-08-06,80.25,80.43000030517578,79.73999786376953,80.18000030517578,10041800.0,0.6161962654874886,0.6484910890885438,0.3706725156243622,0.9926359393705684,0.5783104529977144,0.33947561528228154,0.09248163679586244,0.7514895384466898,0,0,-0.011845348932560146,0.05174565690516358,0.04214460576101121
2018-08-07,80.91000366210938,81.58999633789062,80.30999755859375,81.2699966430664,10698100.0,0.6146780199001529,0.6492000549007757,0.4727513029159749,0.992646249929789,0.5980284312473555,0.43250161099010825,0.08604176758887144,0.757290390726965,0,0,-0.018209113348842693,0.04352703729715807,0.046395529772384654
2018-08-08,81.0199966430664,81.2300033569336,80.3499984741211,80.7300033569336,7275000.0,0.6134964643175487,0.6498397878172644,0.43127536838560543,0.9926465318255473,0.6013281311699824,0.41478734671302847,0.08006188903952269,0.7533456528446305,0,0,-0.01931831868677903,0.041589824319266375,0.04675776065855186
2018-08-09,80.7300033569336,80.91000366210938,80.11000061035156,80.31999969482422,9828500.0,0.6119909263909646,0.6495129984920227,0.40092922543223075,0.9926400152980484,0.5955393759235499,0.3959218336416095,0.07784739513611214,0.7480163255213967,0,0,-0.015855398928104607,0.04546015132340646,0.05499807540427142
2018-08-10,79.51000213623047,79.5199966430664,78.86000061035156,79.41999816894531,12954300.0,0.6095198146490264,0.649008967713723,0.33946385038848437,0.9926114847377971,0.6091015389562751,0.3142136746475923,0.09139248834340336,0.740992089377187,0,0,-0.008092648510316068,0.060881466735906206,0.08827186709199528
2018-08-13,79.44999694824219,79.75,78.43000030517578,78.55999755859375,10308500.0,0.6070232924321375,0.6481033726176473,0.28791445734454535,0.9925736338522708,0.5884771844401201,0.3174412561307412,0.10868447618589716,0.7354024906885208,0,0,-0.012843070594091802,0.06232692888139932,0.08876861262022157
2018-08-14,78.98999786376953,79.06999969482422,78.08000183105469,78.30999755859375,8005900.0,0.6044823030957234,0.6473667111116561,0.273707983830331,0.9925408312144106,0.5834182857407021,0.3142268376885268,0.1285035638959136,0.7310614354291143,0,0,-0.011583452914902726,0.06886461087367447,0.0864307679040219
2018-08-15,77.77999877929688,77.9000015258789,76.51000213623047,76.94000244140625,16307800.0,0.6011281979471053,0.6463309559741823,0.20399986311250076,0.9924358762059478,0.5576661477269236,0.2628057246225083,0.16139267847375371,0.7222188242349513,0,0,-0.016217554369302067,0.08453585688888265,0.10203036793343263
2018-08-16,77.27999877929688,78.0999984741211,77.19999694824219,78.0,11519900.0,0.5985808547803158,0.6452065801101794,0.3121443793001911,0.9923826603230483,0.5818286804309621,0.331360243291383,0.18799205106862654,0.7284652827821274,0,0,-0.010007754336280377,0.09253967404022735,0.10059783751194881
2018-08-17,78.33999633789062,78.48999786376953,77.80000305175781,78.26000213623047,10178400.0,0.5965861785389548,0.643927118502972,0.3369457823048033,0.9923401919870192,0.5989528345138934,0.37397472403240306,0.2049685703716691,0.7339843370861211,0,0,-0.02346146412384816,0.07769237420497796,0.09576924641927083
2018-08-20,78.26000213623047,79.0,78.16999816894531,78.80999755859375,8152100.0,0.5949408854234195,0.6426005754841047,0.38864514038964537,0.9923138531044899,0.6156604982831841,0.4127897724363991,0.21096974273357055,0.7384046666655822,0,0,-0.022361358960273237,0.07845641735302132,0.10477890013302209
2018-08-21,79.05000305175781,79.58000183105469,78.66999816894531,78.83000183105469,9192200.0,0.5922855513730048,0.6414180424664002,0.390546226514506,0.9922844829523574,0.5816681341080507,0.44095362704889335,0.2060690731575911,0.7433889717600146,0,0,-0.032229425126411165,0.06788476893611715,0.0900900735194463
2018-08-22,79.11000061035156,80.05000305175781,79.0199966430664,79.95999908447266,10098200.0,0.5899796052949682,0.6407367702350424,0.4917270105530388,0.9922717110978527,0.5839414549881602,0.4890410963696263,0.19348207063559558,0.7488645390567007,0,0,-0.032982346996430455,0.06710644161679284,0.08207536560216469
2018-08-23,79.55999755859375,79.62999725341797,78.9000015258789,79.08000183105469,7203900.0,0.5867017315712013,0.6400638058666586,0.4260765237234837,0.9922517876293262,0.5583370301165674,0.4679775258354649,0.1834938873230627,0.7449583538703708,0,0,-0.03814401522367646,0.06053031544149969,0.07228612863277642
2018-08-24,79.5199966430664,80.05000305175781,79.41999816894531,79.62000274658203,6545200.0,0.5852406656106948,0.6394351529179816,0.47187781171083265,0.992239722863133,0.5384006335918394,0.5149457626436036,0.1668065559023208,0.7485073708308458,0,0,-0.03806265095019148,0.06170972141905191,0.08358624756323435
2018-08-27,79.91000366210938,80.47000122070312,79.86000061035156,80.4000015258789,6671900.0,0.5843894365093414,0.6393631479174002,0.5334023214202169,0.9922363055755556,0.5385119154852868,0.570837751007481,0.14664347822457324,0.7521250885871549,0,0,-0.04270285617422769,0.05639283733838203,0.0828937232660975
2018-08-28,80.58000183105469,80.81999969482422,80.19999694824219,80.27999877929688,8823400.0,0.5836080801559109,0.6392136000452167,0.5233118705620742,0.9922299828885355,0.5442523190582169,0.5995373344249533,0.13368204678493106,0.7473407586584964,0,0,-0.05062188579081282,0.04751243311350745,0.04900490966711643
2018-08-29,80.44000244140625,81.04000091552734,80.0999984741211,80.86000061035156,8004800.0,0.583906647178388,0.6392579114649235,0.5688016281414287,0.9922321645806362,0.5635123417788075,0.6204422384030325,0.12524715686220955,0.7516812174626905,0,0,-0.048953666728122514,0.049327343605962866,0.014449377807090737
2018-08-30,80.44999694824219,80.77999877929688,80.12000274658203,80.51000213623047,7450900.0,0.5842877946095395,0.6392745293037561,0.5367778462889577,0.9922297496445096,0.5639514427899047,0.595980151982518,0.1174147590768253,0.7476411009695652,0,0,-0.048726128892798044,0.04884992020555397,0.011501364063268684
2018-08-31,80.23999786376953,80.45999908447266,79.7699966430664,80.16999816894531,10700000.0,0.5842687379649649,0.6394074593371071,0.5059782669251207,0.9922200847961569,0.5563777772944456,0.5639870557279529,0.10290627545244047,0.7418392184484682,0,0,-0.04632959419411715,0.051670644040851706,0.007204096580115227
2018-09-04,80.41000366210938,80.69000244140625,79.80999755859375,80.29000091552734,8855000.0,0.5843386155594406,0.639105595713672,0.516885863045981,0.9922139011769269,0.5524436415911452,0.5748496078828602,0.09385158361430287,0.7466406829086843,0,0,-0.04864664606403362,0.049769214854679875,0.009853976601920701
2018-09-05,79.9000015258789,81.43000030517578,79.5999984741211,81.36000061035156,13878400.0,0.584395790339717,0.6395542393302227,0.6066959720723739,0.9922295011740725,0.5674316293735688,0.6266150577189463,0.09851577537148729,0.7541659956545527,0,0,-0.04222193736446755,0.05604682960129026,0.01992774263141986
2018-09-06,81.11000061035156,81.63999938964844,80.33999633789062,80.45999908447266,13320600.0,0.5842242708454397,0.639504390039495,0.5212043397116984,0.9922240571423022,0.5476231928402336,0.6277028370822983,0.10627087990999592,0.7469431399245973,0,0,-0.0565388205458768,0.04043757240469774,0.009095352239653008
2018-09-07,80.1500015258789,81.93000030517578,79.81999969482422,81.83000183105469,16417800.0,0.5851834956769708,0.6395376236042751,0.6224826427813515,0.9922556175569475,0.5868215728589494,0.6540489542435891,0.10139360926127852,0.7558453966400052,0,0,-0.04523986367221936,0.027715582313117524,0.02261993183610968
2018-09-10,82.23999786376953,82.73999786376953,81.66000366210938,81.70999908447266,10817900.0,0.5866382126536542,0.6394656186036938,0.6111374831545744,0.9922741885938362,0.548998221063603,0.6998866154461546,0.11027410090349665,0.7499795849647739,0,0,-0.0700231650900992,0.006110228385822286,-0.013320253128443274
2018-09-11,81.95999908447266,83.19000244140625,81.62999725341797,82.86000061035156,11891900.0,0.5893697781289202,0.6395016200475421,0.6853080522068685,0.9923178392544929,0.5793827149690827,0.7107259489479112,0.12509856137528186,0.7564277538201601,0,0,-0.06669926580965842,0.015053278310063416,-0.025945450622149074
2018-09-12,83.25,83.77999877929688,82.87000274658203,83.12999725341797,11556300.0,0.5924316700854368,0.6398810265425796,0.701251682493139,0.9923655313107358,0.5780444797263129,0.7348537754051266,0.14677357969142923,0.7626939496125482,0,0,-0.08134199630850009,0.006396316381762893,-0.0679458992511113
2018-09-13,83.1500015258789,83.25,82.01000213623047,82.31999969482422,11162700.0,0.5958492989981548,0.639903182252433,0.6201636804501806,0.9923962067941301,0.5793223491153007,0.6706903040659362,0.14729967063865035,0.7566411763398146,0,0,-0.07987489004007428,0.007578458730095361,-0.05822211147837076
2018-09-14,82.41999816894531,83.1500015258789,82.2699966430664,82.91999816894531,9442600.0,0.5989747147187712,0.6400721158425173,0.659434815273597,0.9924317622311611,0.5703842635367724,0.6708762461085583,0.14778818366106994,0.761761256329881,0,0,-0.07179295498814765,0.01652090154753816,-0.05940232516735409
2018-09-17,83.0,83.61000061035156,82.98999786376953,83.41000366210938,8403300.0,0.6022462394587147,0.6403712115868845,0.6899078245069097,0.992470379484494,0.5695594564640737,0.6852488949786724,0.15535990329499,0.766317794590585,0,0,-0.07826818628898771,0.009406642505076602,-0.07175587409106508
2018-09-18,83.9000015258789,84.12999725341797,83.44999694824219,83.62999725341797,9219900.0,0.6053081314152315,0.6405733766288639,0.7034686325640115,0.9925161705611987,0.5519805027736663,0.6833302334409269,0.16982827735574474,0.771317119511731,0,0,-0.08859847818236566,0.0027574117904462167,-0.06138355738866719
2018-09-19,83.63999938964844,84.7699966430664,83.63999938964844,84.62999725341797,10413600.0,0.6089925630451003,0.6408420066875193,0.7608434667073208,0.992585532562305,0.5796638510986067,0.691339176247083,0.19150440992317974,0.7769637067847865,0,0,-0.08525645686454408,0.013511865246076947,-0.04735141952083241
2018-09-20,84.86000061035156,85.33999633789062,84.54000091552734,84.81999969482422,11198200.0,0.6120798654765673,0.6414595838941544,0.7710256765581556,0.9926636825541615,0.5561955617555785,0.6936766176234206,0.2182081555098715,0.7830357292939218,0,0,-0.09866476125619703,0.005671697307300536,-0.04950966060957809
2018-09-21,85.01000213623047,85.43000030517578,84.5199966430664,85.16999816894531,26639400.0,0.6159485194149126,0.6421463939965331,0.7899246236960966,0.9928651912389843,0.5864381687267408,0.679500589336633,0.24401653875446006,0.7974804647362123,0,0,-0.10021221446100378,0.00495164077406783,-0.03607645837064304
2018-09-24,85.79000091552734,87.08999633789062,85.72000122070312,86.5999984741211,13549500.0,0.6203825430928853,0.6430575269636294,0.8569080750846675,0.9930003941580181,0.5989755300376258,0.7253573335049276,0.2835410786396932,0.8048274373735583,0,0,-0.10895854149120492,0.015263537047219118,-0.04872609622048906
2018-09-25,87.02999877929688,87.36000061035156,86.37000274658203,86.5,12200700.0,0.6242575508616064,0.6441680570936374,0.8443267111088194,0.9931199791473682,0.5706012941637055,0.709540603387227,0.32230394495845244,0.7982118272730773,0,0,-0.12147802342294642,0.0038106447675435333,-0.05819862591606697
2018-09-26,86.0199966430664,86.5,85.69000244140625,85.77999877929688,10275500.0,0.6277514111991755,0.6451290393514619,0.7559986150427355,0.993208099571492,0.5676995017086527,0.6527027943047561,0.34111025266877676,0.7926401222407847,0,0,-0.10994213302700506,0.015491375344337066,-0.03456644929213331
2018-09-27,86.08999633789062,86.37999725341797,85.58999633789062,85.7699966430664,7895400.0,0.6308704730894164,0.6461121752062551,0.7547894159923022,0.9932756388424493,0.5491610009961853,0.6339113864085464,0.35612981028010005,0.7883589836186288,0,0,-0.1036372058307146,0.014805365942339636,-0.05106082205348652
2018-09-28,85.25,85.93000030517578,84.98999786376953,85.0199966430664,9884900.0,0.6337354350767053,0.6469457631888644,0.6662198680959208,0.9933476051469206,0.5278686174291616,0.596451870113621,0.35580158548885216,0.7829990744099568,0,0,-0.08686017535065907,0.024600684306102672,-0.05106677655177506
2018-10-01,85.3499984741211,86.02999877929688,85.26000213623047,85.80999755859375,8566900.0,0.6373182296533249,0.6481670676423701,0.7177569461227601,0.9934213934306819,0.5318138610524041,0.6042314718675643,0.3567969252555576,0.7876443218277124,0,0,-0.08445072440215544,0.0236415221782344,-0.06492586286777484
2018-10-02,85.80000305175781,86.66999816894531,85.62000274658203,86.45999908447266,8453100.0,0.6412377045415709,0.6495683835408868,0.75592555985376,0.9935034596889474,0.5403776919476786,0.6194729009414861,0.3657397848144187,0.79222786324258,0,0,-0.0830906081537167,0.018179671401674785,-0.09089853482901834
2018-10-03,86.51000213623047,86.88999938964844,85.9800033569336,86.1500015258789,10206700.0,0.6442805398535127,0.6504379750802292,0.7191220143777498,0.9935971454686467,0.5018221984240105,0.6146156938076635,0.3766510685361418,0.786693463772666,0,0,-0.08801758837536515,0.009831118241056574,-0.1054823368396252
2018-10-04,85.5,86.08000183105469,85.25,85.58000183105469,10204600.0,0.6475330079488817,0.6509890872701887,0.6539401094987299,0.9936809221496099,0.5194267345630186,0.5710627678972414,0.36893866629431943,0.7811602029899758,0,0,-0.07661054390275891,0.021590256267062635,-0.08485197247962757
2018-10-05,85.30999755859375,85.69999694824219,84.93000030517578,85.33999633789062,9217400.0,0.649762722602067,0.6512937208855769,0.6273043319043814,0.9937528120142329,0.49079967827132237,0.5460134159745907,0.35459545622152416,0.7761622336488582,0,0,-0.0688244830991709,0.02395423005253923,-0.07419955992355272
2018-10-08,84.79000091552734,86.30999755859375,84.6500015258789,86.12999725341797,13242400.0,0.6525705146556318,0.6524596381773335,0.684974407258093,0.9938737006757665,0.531316010784377,0.5642604046335389,0.350276891916171,0.7833426868355287,0,0,-0.06081559250198736,0.03011483249482106,-0.0652683376358567
2018-10-09,86.37999725341797,86.87999725341797,85.73999786376953,86.51000213623047,10177900.0,0.6548891683944202,0.65378064332518,0.7105974117044016,0.9939730822220816,0.5247139285395995,0.6074405871321005,0.35384728725008896,0.7888614700235167,0,0,-0.07871820498668156,0.011378188647216094,-0.10925341150340533
2018-10-10,86.7300033569336,86.81999969482422,84.5,84.5199966430664,16573400.0,0.6557721618010999,0.6546142313077894,0.5126952103759803,0.9940791077498985,0.5019640868595474,0.5151295735543178,0.3312365527794206,0.7798748420071477,0,0,-0.08241827195408712,0.007282363170282772,-0.10599937084615371
2018-10-11,83.94000244140625,84.16999816894531,81.16999816894531,81.5999984741211,20320100.0,0.6553147829450969,0.6549493284960048,0.32945325010376514,0.994108854932501,0.4840738932632098,0.26202705291721967,0.3289071871313159,0.7688566333139757,0,0,-0.051348842163509344,0.040463775494315186,-0.09997639509288735
2018-10-12,82.12999725341797,82.23999786376953,80.2699966430664,81.37999725341797,15216300.0,0.6543365014689912,0.6553564285719169,0.3185791846570539,0.9941254618978319,0.4789044012775051,0.21061125859337776,0.3345572080675378,0.7606058683601657,0,0,-0.031004887580962977,0.06409317959230422,-0.06311267148022878
2018-10-15,81.37999725341797,81.73999786376953,80.81999969482422,80.81999969482422,10558800.0,0.6526912083534557,0.6555281321539541,0.2909013670497107,0.9941270085803038,0.45172731081512635,0.24259448548471496,0.3398036560797439,0.7548805489990669,0,0,-0.021872681732268244,0.07348247184516135,-0.053207106755933146
2018-10-16,80.51000213623047,81.2699966430664,80.01000213623047,81.19999694824219,9781800.0,0.6511475571377223,0.6558106100594887,0.324875281786866,0.9941347052814797,0.4778867816504898,0.2722198051847874,0.3515353277291639,0.7601845540873721,0,0,-0.01125963456502775,0.08475622989342542,-0.025488804698921643
2018-10-17,80.94000244140625,81.5199966430664,80.33999633789062,81.5,12247700.0,0.6491592347267372,0.655874307197096,0.35185044400874177,0.9941505265091002,0.48591373021748335,0.32887782220379796,0.3580008445128686,0.766825649092385,0,0,-0.013793137791568317,0.07906401983041321,-0.02315277036292054
2018-10-18,81.19999694824219,82.47000122070312,81.19999694824219,81.8499984741211,17448600.0,0.6472725493690012,0.6561844786835054,0.3835035762661274,0.9941833301883309,0.4934835765175316,0.3863599116987534,0.34807042657250803,0.776286838565059,0,0,-0.016932481637030292,0.07558286701974694,-0.020858858260640337
2018-10-19,81.66000366210938,82.45999908447266,81.51000213623047,81.97000122070312,12098700.0,0.6452397598384911,0.6566414301630301,0.39461060355793953,0.9942085002569141,0.4698024917519417,0.40737613261585776,0.33884932419931607,0.7828471410003855,0,0,-0.02015884614097574,0.06963954861947105,-0.0053757171607690096
2018-10-22,82.0,82.18000030517578,80.63999938964844,81.1500015258789,9474100.0,0.6417776638062482,0.6571205373524083,0.34036258454493373,0.9942151239404331,0.4556402727640393,0.39626315305453713,0.3394483587532142,0.7777099807019627,0,0,-0.02427714815340174,0.06538978321983713,-0.03135292981031596
2018-10-23,80.05999755859375,80.45999908447266,78.72000122070312,79.83999633789062,15465100.0,0.6375469142347736,0.6574750202585242,0.26676796662698476,0.9941918500290172,0.4826161462184858,0.35411594494476334,0.3561584334878639,0.769324308423737,0,0,-0.01651258549222944,0.08995690590874267,-0.02057915141767122
2018-10-24,80.12999725341797,80.26000213623047,77.55000305175781,77.62000274658203,16085700.0,0.6323632985086964,0.6572839330714715,0.1732458170139092,0.9941076248092409,0.46803971480980394,0.3352195146813091,0.37942600383348785,0.7606021269592876,0,0,-0.032314558116227486,0.09055615842384958,-0.031187349423609918
2018-10-25,78.48999786376953,79.05000305175781,77.73999786376953,78.30999755859375,12315500.0,0.6276243539778708,0.657663339566509,0.23729288289033315,0.9940574760087233,0.473457283805677,0.35027301451469717,0.40103160486871,0.7672799852946679,0,0,-0.012110213588637255,0.1142747028177942,-0.02512235093070845
2018-10-26,77.87000274658203,78.41000366210938,76.95999908447266,77.52999877929688,18160100.0,0.6228663528024703,0.6575331774122259,0.20608459387527397,0.9939597995898661,0.48423806354124743,0.34357975227905835,0.42604109718711286,0.7574329977459415,0,0,-0.011620529823519464,0.12118501033879929,-0.015196047484433347
2018-10-29,78.06999969482422,78.43000030517578,76.22000122070312,77.05000305175781,15707000.0,0.6173015896452414,0.6571980802240105,0.1876959781170742,0.9938627423247159,0.4690236571610242,0.3443425079341801,0.45359721964884775,0.7489161595441781,0,0,-0.023861711637419833,0.11982459772730046,-0.026441417309879187
2018-10-30,77.62000274658203,79.02999877929688,77.41999816894531,78.77999877929688,17758200.0,0.6124228899254647,0.6571897723610367,0.337787607421156,0.9938046734306911,0.4834170583556415,0.3905825358344024,0.46788699855357413,0.758545224047556,0,0,-0.01817003855195781,0.1264113884230057,-0.008306286363396018
2018-10-31,79.33999633789062,80.3499984741211,78.9000015258789,79.68000030517578,16629100.0,0.6083128388983665,0.6574251709677965,0.40412031144249916,0.9937754548589779,0.498780647106928,0.43904128551710475,0.45907437634013765,0.7675620543869552,0,0,-0.03960389902934886,0.1018025437513534,-0.04772778071969267
2018-11-01,79.83000183105469,80.75,79.30000305175781,80.66999816894531,14159300.0,0.6051937721615732,0.6576217981387551,0.47075544570063876,0.9937741011258416,0.5282582422378644,0.46746492765430014,0.44481621312120095,0.7752396801048027,0,0,-0.04530623238610941,0.09450299636617532,-0.07266567386234363
2018-11-02,81.76000213623047,82.44999694824219,80.2300033569336,81.94999694824219,19350400.0,0.6030402840866864,0.6584166146855635,0.547126276322214,0.9938137577746544,0.548400124172468,0.5303044562026088,0.40886106765315083,0.7857320864166002,0,0,-0.06867486105460233,0.06941860172592475,-0.1209867653125555
2018-11-05,82.5,82.87000274658203,81.44000244140625,81.63999938964844,15815000.0,0.6001880249135965,0.658976032625612,0.527331165594663,0.9938379241826474,0.5047227403226133,0.5633601004421541,0.3705355781925818,0.7771566871576144,0,0,-0.07663208069749147,0.0593044635916342,-0.14301405316836338
2018-11-06,81.73999786376953,82.0999984741211,81.3499984741211,81.98999786376953,9063200.0,0.5973167042493794,0.6594163662663042,0.5484467706844265,0.9938570750228695,0.5104094936933775,0.5733875390056445,0.33602757332313843,0.7820710443225869,0,0,-0.06761387413442724,0.06308184179790552,-0.16058305620239688
2018-11-07,82.20999908447266,83.13999938964844,81.66000366210938,83.02999877929688,12699800.0,0.5963701870786,0.6601779513612169,0.608057376070884,0.9939060013721988,0.5648002631327836,0.6335486764687838,0.31339665983416937,0.7889572824199165,0,0,-0.07305766581092259,0.05708013693270044,-0.17185018544947223
2018-11-08,83.12999725341797,83.75,81.54000091552734,81.70999908447266,16865500.0,0.5964400646730754,0.6604133499679767,0.5186736402951271,0.9939336739175855,0.5652501784620114,0.6170305654598962,0.2989700255925582,0.7798122684330417,0,0,-0.08322288491274575,0.04528486320016672,-0.21221239764224784
2018-11-09,80.26000213623047,81.4000015258789,79.69000244140625,80.87000274658203,15070100.0,0.5961160920222006,0.6605130485494324,0.46791274306288666,0.9939372079751005,0.5728718329744239,0.5196621699141003,0.2733001438330121,0.7716407777992864,0,0,-0.04944316437148345,0.08114058655861454,-0.1422102909898353
2018-11-12,81.66000366210938,81.7300033569336,79.7300033569336,79.83000183105469,11906600.0,0.5954871985184726,0.6604188899518826,0.4102983777922974,0.9939192969777735,0.5725564065536795,0.508318831387823,0.24561903586546274,0.7651846381333338,0,0,-0.06726848345057304,0.06467164028580558,-0.15728948669091933
2018-11-13,79.80000305175781,79.8499984741211,77.63999938964844,78.0,15530200.0,0.5934544089879625,0.6597846970192998,0.3242586075984588,0.9938484636640577,0.5340900112431334,0.40304751023845775,0.24058998435551743,0.7567636665511713,0,0,-0.044845318162851776,0.08881368126353398,-0.14568463755550495
2018-11-14,78.86000061035156,79.08999633789062,76.75,77.38999938964844,18552100.0,0.590843542057073,0.6586852447442184,0.29891898070262923,0.9937450312212595,0.4934740106685464,0.3779349805572377,0.2432249457127022,0.7467041240540085,0,0,-0.03384614602113382,0.10282046978290264,-0.1367948483198117
2018-11-15,76.66999816894531,78.19000244140625,75.91000366210938,78.19000244140625,18976000.0,0.5885185393344616,0.6580565917955414,0.3562899340558252,0.993664690152952,0.5307328291665747,0.37699895026662467,0.2520897090550125,0.7569935187007688,0,0,-0.00982031932846343,0.13192917902824444,-0.09019247683923222
2018-11-16,78.37000274658203,79.19000244140625,78.0999984741211,78.95999908447266,13704900.0,0.5866064435017755,0.6572617731358485,0.4086171354894952,0.9936243283206259,0.5473978130036942,0.45274615064949403,0.24751768176791217,0.7644247541926735,0,0,-0.03146181107125712,0.10883737359150394,-0.12469624882422048
2018-11-19,78.45999908447266,79.36000061035156,78.43000030517578,79.22000122070312,9430800.0,0.5853804159530935,0.6565721930415167,0.4260943427295949,0.993600662743495,0.5670478814986221,0.47160259527302684,0.2411483812271793,0.7695384358450063,0,0,-0.032294775227077396,0.10663624957666812,-0.09257849092390945
2018-11-20,78.41999816894531,78.9000015258789,76.37000274658203,76.97000122070312,15533700.0,0.5835572592060101,0.6549410164072615,0.31895135939201125,0.9935034374929779,0.5417390432740697,0.3949274562240855,0.25156262780598326,0.7611155664508041,0,0,-0.031683848373635,0.10603384746835468,-0.08709923528852054
2018-11-21,77.43000030517578,78.37999725341797,77.26000213623047,77.55999755859375,9685300.0,0.5835191410703082,0.6533984604995351,0.3595334153022308,0.9934523863870885,0.5633308411764557,0.4159386812679774,0.26123299962915836,0.7663672461500172,0,0,-0.019747909821489815,0.0875665552407011,-0.07002727431682376
2018-11-23,76.05000305175781,76.19999694824219,74.69999694824219,75.48999786376953,10875400.0,0.5817277437819983,0.6515069595567136,0.2761348896847694,0.9933575845603078,0.5677027823049479,0.32012855118936,0.2862979733278218,0.7604702561341352,0,0,-0.017405958561251173,0.09927794211732821,-0.04680253993136299
2018-11-26,76.23999786376953,77.31999969482422,76.12000274658203,76.9800033569336,13741100.0,0.5813783606561729,0.6498619371884635,0.37161101280078745,0.9932719904199332,0.5874464616956272,0.3895633861406152,0.29529861648804034,0.7679211204248497,0,0,-0.020400065692231895,0.0994834063948861,-0.05550397311671741
2018-11-27,76.56999969482422,77.44999694824219,76.4000015258789,77.05000305175781,10344500.0,0.5813783606561729,0.6481005983999248,0.37592673225521145,0.993208804622252,0.6002354964836542,0.3984990693013516,0.3020329378646268,0.7735302394659233,0,0,-0.024292058522151258,0.09327097937219145,-0.06300335493144993
2018-11-28,77.04000091552734,78.44999694824219,76.83999633789062,78.44999694824219,11482100.0,0.5811687278727462,0.6466660489366283,0.45919980356997836,0.9931654725059764,0.5987078539362753,0.44492500791050393,0.29599195060811234,0.7797562016430715,0,0,-0.030369939968896233,0.08708629226095241,-0.07021419140600478
2018-11-29,78.22000122070312,79.52999877929688,78.19000244140625,79.05999755859375,10255200.0,0.580774872780843,0.6451234930289018,0.49281547571928974,0.9931372049410041,0.602319941608798,0.4935303588193264,0.27825853481741836,0.7853168993655344,0,0,-0.04486939973730374,0.07049074562673752,-0.08349271263935437
2018-11-30,78.44999694824219,79.5999984741211,78.31999969482422,79.5,14040100.0,0.5800316345631147,0.6436501721298038,0.5169273793894649,0.993108807879485,0.6008136611814449,0.5060265878228819,0.2610191726660329,0.7929298910276328,0,0,-0.04743233134077397,0.06703773356215728,-0.08613708283442148
2018-12-03,80.23999786376953,81.45999908447266,80.13999938964844,81.22000122070312,19415100.0,0.5795679067232884,0.6425562598386283,0.6029079284272307,0.9931250943482,0.6042681112851624,0.596619165220089,0.23968878304705432,0.8034573797505625,0,0,-0.06968554610726219,0.04415097026704992,-0.10201258629373035
2018-12-04,81.37999725341797,81.94999694824219,79.3499984741211,79.43000030517578,18540700.0,0.578164010696506,0.6405706002982567,0.5040166432040609,0.9930854856813531,0.5922088412444673,0.5703596440339909,0.2141037618059392,0.7934040186983288,0,0,-0.08224575479904127,0.029180038302904054,-0.10329967081445711
2018-12-06,78.0,78.44000244140625,76.91999816894531,78.38999938964844,23218100.0,0.575877121263044,0.6383246164493195,0.4535129640775595,0.9929958492963515,0.6228885285062861,0.45394406574230267,0.2106280830578277,0.7808144216363586,0,0,-0.04154605362053334,0.07239078406028057,-0.07692308431167695
2018-12-07,79.38999938964844,80.36000061035156,77.33000183105469,77.63999938964844,16224700.0,0.5724531385199505,0.6360703247374078,0.4189630911306621,0.9929130871179397,0.5752874149002901,0.4940971860518659,0.18951705361092736,0.7720168699223362,0,0,-0.05982909143925283,0.05561934742057556,-0.10320189310983623
2018-12-10,77.86000061035156,77.86000061035156,74.80000305175781,76.54000091552734,17946200.0,0.569168910965808,0.6335141694020612,0.37116549692365064,0.9927888871380399,0.6088736749279373,0.36727839867578055,0.18780915617520355,0.7622858658008307,0,0,-0.04070071724563526,0.0758629499736155,-0.08320452260763352
2018-12-11,77.69999694824219,77.80000305175781,75.68000030517578,76.68000030517578,15742400.0,0.5665072230850174,0.6312044905284009,0.3798406542383572,0.9926836991522312,0.5955878868948696,0.3994270229478233,0.1862232514134599,0.7708218990157947,0,0,-0.0391951915876108,0.07904367623975915,-0.07812902607799585
2018-12-12,78.04000091552734,78.19999694824219,76.0199966430664,76.0199966430664,14559800.0,0.5640869274464275,0.6284932473369647,0.3505061696813323,0.9925705714325983,0.5878730523039201,0.4080883994947384,0.18089768599000255,0.7629271093774147,0,0,-0.0435576937140376,0.07446529814485721,-0.08868026897097994
2018-12-13,76.02999877929688,77.22000122070312,75.94999694824219,76.9800033569336,13749700.0,0.5634389772981252,0.6258678569929894,0.4128205679561613,0.9924856937712909,0.6260546320531971,0.41446440665503326,0.17648121198969774,0.7703826368634265,0,0,-0.017495420807493466,0.10155224364124261,-0.059457995825611024
2018-12-14,76.72000122070312,76.87000274658203,75.08999633789062,75.58000183105469,12669300.0,0.5622891811742947,0.6229406009126943,0.3493342037823127,0.9923781702889403,0.6314936179491751,0.3640705574448245,0.17890845611582595,0.763512936842442,-1,0,-0.026240636325966016,0.09132240156837669,-0.05754741636779587
2018-12-17,75.26000213623047,75.5999984741211,73.4800033569336,74.04000091552734,15464100.0,0.5596529037684546,0.6197447126608591,0.28907186902328974,0.9922076113187699,0.5787672501075093,0.29429382328185905,0.19213476653475836,0.7551278067962276,0,0,-0.023551187300520814,0.1123312735920194,-0.02619745050231052
2018-12-18,73.62999725341797,73.86000061035156,71.62000274658203,72.0,18681200.0,0.5552315829046806,0.6160503336146299,0.22258650076794725,0.991938720095844,0.5380959292471388,0.23052572281195077,0.21507554378103888,0.7449982621464037,0,0,-0.02714741331687923,0.13668290952789156,0.03092923942748216
2018-12-19,72.44999694824219,73.2699966430664,70.30000305175781,70.77999877929688,21679600.0,0.5498700938539502,0.6117993045074204,0.1884052739683633,0.9915833005472456,0.49541866967386233,0.22589240414075423,0.24292609368300028,0.7332428890338456,0,0,-0.029861026340060763,0.15694448682996961,0.03291670481363932
2018-12-20,70.08999633789062,70.66000366210938,68.05000305175781,68.62999725341797,28723700.0,0.5445721285673197,0.6068476153380675,0.1364529377339664,0.9910110540304289,0.47978005370178034,0.20472649465646964,0.2783022291600145,0.7176679794103661,0,0,-0.028821606687135317,0.19299242579395073,0.07770556788436606
2018-12-21,68.13999938964844,70.37000274658203,67.66999816894531,68.12000274658203,47287300.0,0.5385753970290386,0.6023058004623494,0.12528453834422984,0.9900312426146303,0.42553328213266045,0.26131730817696225,0.3126127008055741,0.6920272916215937,0,1,-0.006848335123308163,0.22745156979551154,0.10374476222534651
2018-12-24,66.87000274658203,67.52999877929688,65.44000244140625,65.51000213623047,14262800.0,0.5322356313487551,0.5978498363212075,0.07470419321858554,0.9896748415735943,0.3976603199621538,0.2547369855307988,0.3523005104228838,0.6842935448905749,0,1,-0.020992370045779727,0.22137395175628946,0.11465057609654342
2018-12-26,66.18000030517578,68.66000366210938,64.6500015258789,68.63999938964844,24887700.0,0.5269376660621246,0.5943216208731095,0.2602857039795281,0.9891820189919689,0.4351620001711536,0.32684713633575146,0.3761181439150301,0.6977884525186406,0,1,-0.023355193549149732,0.2407265475319649,0.1190658341841818
2018-12-27,67.73999786376953,68.94000244140625,66.08000183105469,68.94000244140625,22077000.0,0.5217858097948211,0.5910315740237244,0.27605202568266085,0.9887563499925123,0.47452841878230984,0.3663879697699544,0.39504593887552125,0.7097593086324964,0,1,-0.04501742956537126,0.20702213302489714,0.09265735237332637
2018-12-28,69.18000030517578,69.58000183105469,67.81999969482422,68.16999816894531,19710600.0,0.5152554679756856,0.5874230457120713,0.2547862128958023,0.9883517804795194,0.4276568620252401,0.39347735564715425,0.4052300286653447,0.6990715903502223,0,0,-0.06570929241186246,0.1852334811551527,0.0902233971632022
2018-12-31,68.31999969482422,69.1500015258789,67.66000366210938,68.19000244140625,15807000.0,0.5083503325557743,0.5837369745288159,0.25595742051134884,0.9880281844031544,0.41235706354302815,0.40300029685248384,0.41551726456512533,0.7076426517531175,0,0,-0.05383597282561131,0.19994128824294266,0.11632683758510463
2019-01-02,67.3499984741211,69.87000274658203,67.26000213623047,69.69000244140625,16727200.0,0.5021185577591156,0.5803693848078284,0.3419301034426676,0.9877273308599395,0.4175225040928957,0.42400447749377235,0.41634848399077656,0.716712675052827,0,1,-0.0395952023988006,0.2141076103739175,0.13081093781467476
2019-01-03,70.0,70.25,68.36000061035156,68.62000274658203,13866100.0,0.4941144423187222,0.5766722357696463,0.3062918777878434,0.9874537657082603,0.37255187707046555,0.4341598940160297,0.41254677320545946,0.7091940317606978,0,0,-0.076768521835241,0.1714736193084434,0.11063278539780574
2019-01-04,69.63999938964844,71.2699966430664,69.36000061035156,71.1500015258789,16043600.0,0.48885459516779367,0.5739028354245086,0.43428188122432754,0.9872042047791605,0.43562873468318997,0.47282042965599136,0.3971293503564029,0.7178933852574708,0,0,-0.07271928977032989,0.17939371999233725,0.12518221543955016
2019-01-07,71.25,72.0999984741211,70.73999786376953,71.5199966430664,10844200.0,0.48449044423774373,0.5715986944218694,0.4512161384349588,0.9870422415779792,0.3952951998236733,0.498990383213543,0.3737705822583623,0.7237734576345997,0,0,-0.0927617474712284,0.15038646126170988,0.10231902492158022
2019-01-08,72.54000091552734,72.58999633789062,71.94000244140625,72.04000091552734,11439000.0,0.4809330601360748,0.57005336852219,0.475489930200543,0.9868812709691945,0.4053013964719969,0.5274067012649132,0.3468889699372992,0.7299760496120602,0,0,-0.11031878859034235,0.1315715390714732,0.07382548975285433
2019-01-09,72.5999984741211,72.5999984741211,71.6500015258789,72.41999816894531,13473500.0,0.4783158393748093,0.5684221918879346,0.4935310477288414,0.9867002094756043,0.4171521679111773,0.5362627741397524,0.3246004647501507,0.737281812616546,0,0,-0.11035531436991781,0.12978898327728666,0.08078844559772609
2019-01-10,72.06999969482422,72.08000183105469,71.12000274658203,72.05000305175781,13151100.0,0.47537464596266926,0.5669045616820145,0.47592933471236976,0.9865156309897478,0.44368612403430796,0.5317095354755634,0.30881461654564973,0.7301508652125089,0,0,-0.10245786186897626,0.13642636707017547,0.08878763418600932
2019-01-11,71.8499984741211,71.88999938964844,71.06999969482422,71.72000122070312,9790100.0,0.47264308533395566,0.5654284707909636,0.45983248844124447,0.9863730153069024,0.48441071156521515,0.5371116190470138,0.29463110676099197,0.7248423595985098,0,0,-0.09993055715861664,0.1401804031412138,0.09451776404639772
2019-01-14,71.20999908447266,71.77999877929688,71.12000274658203,71.62999725341797,11012400.0,0.46924450821925995,0.5634483491216133,0.455247132279775,0.9862110638687853,0.47930003728943915,0.549569861330715,0.2814607048180954,0.7188710837970773,0,0,-0.0914667797955935,0.1497489916476641,0.11517013379311108
2019-01-15,71.94999694824219,72.36000061035156,71.31999969482422,71.66999816894531,10298300.0,0.46676068881657,0.5612300588535502,0.4577207569621028,0.9860603815686386,0.48397092779920975,0.5755613684319404,0.261266017443179,0.7244551517192279,0,0,-0.1019125464508509,0.1396063155582884,0.09884129697794804
2019-01-16,71.41999816894531,72.37999725341797,71.30999755859375,71.63999938964844,12595600.0,0.4652360942454112,0.5587292906799521,0.45596425727625123,0.9858755868280595,0.4889245562058275,0.5862382976332496,0.24223541864263098,0.7176254141974777,0,0,-0.09446067833164608,0.14692338563306306,0.11971539068313262
2019-01-17,71.19000244140625,72.33999633789062,70.9000015258789,72.12999725341797,10141700.0,0.46531867465408566,0.5560097396255421,0.489431884807048,0.9857350318987987,0.5281158464449549,0.5901366334832473,0.22961902327094186,0.7231245685866561,0,0,-0.09128979580187344,0.15019534615449331,0.12730311550652088
2019-01-18,73.2699966430664,73.29000091552734,72.12999725341797,72.98999786376953,15759200.0,0.46672257068086803,0.5536142079044211,0.5452271681330395,0.985538978117162,0.5728330849536187,0.6325271399810213,0.20422844966084558,0.7316697112994103,0,0,-0.11950638354944663,0.09829480434299043,0.09593797396147732
2019-01-22,72.38999938964844,72.70999908447266,71.68000030517578,71.88999938964844,15035600.0,0.46879347834708013,0.5508171139784088,0.47268351191966784,0.9853250184660474,0.5869891919762988,0.5907808255925142,0.18658196744305316,0.7235169276700454,0,0,-0.10604189738730598,0.10919306006253825,0.09439648707084655
2019-01-23,72.01000213623047,72.30000305175781,70.93000030517578,71.30000305175781,13187200.0,0.4708135650633915,0.5475686085567777,0.43679747583479045,0.985124782218032,0.6380902020491573,0.558254148765165,0.1795174644007687,0.7163664056903997,-1,0,-0.10237864338348208,0.08610369821345452,0.1133676672009047
2019-01-24,71.0999984741211,71.97000122070312,70.63999938964844,71.4000015258789,11272500.0,0.4745551714735368,0.5447133574770637,0.44417131783689956,0.9849555820197753,0.6680311240382943,0.5424345691309075,0.1764144320407925,0.7224787160379758,-1,0,-0.09046278642597015,0.09957921697376494,0.110939738058179
2019-01-25,72.06999969482422,72.2699966430664,71.54000091552734,71.72000122070312,8996200.0,0.47651173442574807,0.5421793557386856,0.46854325666199403,0.9848253345862559,0.6094267266279216,0.5674810711993042,0.16860626071208357,0.72735674365819,0,0,-0.10392154076153537,0.08585430143437957,0.10798317814710648
2019-01-28,71.0199966430664,71.27999877929688,70.37000274658203,71.23999786376953,13678400.0,0.4779728003862546,0.5398004397435121,0.4354767321419787,0.9846166931896376,0.5901566502364872,0.49544789189764143,0.17517630381924232,0.7199398773145852,0,0,-0.0888175545003853,0.08644735739138538,0.12520919135653016
2019-01-29,71.69999694824219,72.19000244140625,71.4800033569336,71.51000213623047,10513200.0,0.48009452900236765,0.5380030995111253,0.4577626918179686,0.9844610807453225,0.5946653275730102,0.552997888299065,0.16674299480505883,0.725640470895968,0,0,-0.09896119643131954,0.0725716725627409,0.12647392485131836
2019-01-30,71.7699966430664,72.56999969482422,71.51000213623047,72.29000091552734,11524700.0,0.48269904210288145,0.536590705757682,0.5195913076409295,0.9843052883762167,0.6147318544293793,0.5951875973114433,0.15324862406851059,0.7318895321567984,0,0,-0.09956642294071702,0.053558966810801155,0.12124186182826575
2019-01-31,72.29000091552734,73.48999786376953,72.0199966430664,73.27999877929688,19876700.0,0.48497957770596783,0.5352309291740347,0.5893684531650012,0.9840689604274586,0.6142856354524392,0.7118993204193568,0.13770080902999138,0.7426673151761523,0,0,-0.1056854238883738,0.02171807545913303,0.10872873856421952
2019-02-01,74.91999816894531,76.48999786376953,74.31999969482422,75.91999816894531,22968700.0,0.48961688033699186,0.5343890312155666,0.7291590569557114,0.9838951398373346,0.6563401305755621,1.0,0.1534316822193365,0.7551216795744997,0,0,-0.1401473364375641,0.02142466868145986,0.08406118674567588
2019-02-04,75.76000213623047,75.76000213623047,74.4000015258789,74.81999969482422,15483800.0,0.49194823688997896,0.5331704946411289,0.643287864511375,0.9837503126501619,0.6163031266587097,0.8168039738620785,0.16803892160944278,0.7467258675576623,0,0,-0.14633826235912703,0.009615328571460155,0.06730770197043791
2019-02-05,75.18000030517578,75.63999938964844,75.01000213623047,75.58999633789062,12786700.0,0.4945336933459182,0.5327883160412537,0.6800023887656639,0.9836468603579429,0.6346922881089129,0.7658662381966552,0.18160278675739855,0.7536592256167755,0,0,-0.1407377549084019,0.017508654957724773,0.08206361153023609
2019-02-06,75.58000183105469,75.7699966430664,75.12999725341797,75.26000213623047,10866900.0,0.49657919053717975,0.5321513552296029,0.6542810203633614,0.983553154838376,0.6376372051970925,0.707917404675648,0.19539770104637788,0.7477668445729896,0,0,-0.1445958570538646,0.012038577547313552,0.08215371590592074
2019-02-07,74.94999694824219,75.19000244140625,73.9000015258789,74.68000030517578,14418900.0,0.4980148508692884,0.5319270344777698,0.6094547362682854,0.983415284838062,0.626899700674953,0.6303124810897617,0.18878661738449243,0.7399484554250042,0,0,-0.13685882447516995,0.020462408607692308,0.0734786905623703
2019-02-08,73.76000213623047,74.06999969482422,72.7300033569336,73.9800033569336,11959500.0,0.4992408784179702,0.5310962143742284,0.557703756077566,0.983287382443343,0.622933486455379,0.5594643512326792,0.16711450138518852,0.733463631685653,0,0,-0.10283878245570267,0.03655591478820411,0.08248521702654463
2019-02-11,73.87999725341797,74.22000122070312,73.4000015258789,74.0999984741211,10434800.0,0.5007527653283776,0.5302792400046819,0.5652517947789887,0.9831778955673856,0.62624475725838,0.5711054292535881,0.1488293714194675,0.7391217142773485,0,0,-0.08948357416595139,0.03527981200215702,0.09570156136511086
2019-02-12,75.08000183105469,75.44999694824219,74.81999969482422,75.4000015258789,12599200.0,0.5031476504920172,0.5294345741671458,0.6419832913931655,0.9830724425598976,0.6354628360403052,0.6343042626365043,0.1459646114070099,0.7459534038343395,0,0,-0.10553306148252214,0.019028286933194406,0.07098508252564882
2019-02-13,75.58000183105469,76.54000091552734,75.51000213623047,76.25,13214600.0,0.5060570844453838,0.5286563733462852,0.6859402447480694,0.9829801939670904,0.6538076469244976,0.6614648972738136,0.15399214830599484,0.7531187829710952,0,0,-0.11034482130572126,0.012732083090783013,0.06843495926115893
2019-02-14,76.26000213623047,76.6500015258789,75.70999908447266,76.2699966430664,12772900.0,0.5089982778575242,0.5277618561051365,0.6869661127270299,0.9828915097691513,0.6684031624699367,0.6487273571703079,0.16247934547135434,0.7600446582284521,-1,0,-0.10360657738857582,0.00511474609375,0.05954099561347336
2019-02-15,76.94000244140625,77.76000213623047,76.75,77.70999908447266,14330300.0,0.5125429591449941,0.5267897959923853,0.755948709469525,0.9828256357426315,0.6798989566060593,0.6854999259226084,0.18029429810702619,0.7678150056202349,-1,0,-0.09938379657374449,0.01075127482516762,0.06280321392885227
2019-02-19,77.55999755859375,78.4800033569336,77.44999694824219,78.2300033569336,13551500.0,0.5158716586652143,0.5264574687961225,0.7781232573277314,0.9827748424149392,0.6786250942901844,0.6881715607647549,0.20261881376526192,0.7751630627216035,0,0,-0.09252341908016264,0.011838962928564381,0.049157119287465
2019-02-20,78.30000305175781,78.80999755859375,78.0,78.52999877929688,12633100.0,0.5200897005759373,0.5264962402319238,0.790847212207097,0.9827336830438722,0.7043229627524243,0.6829813440815592,0.22591985197589143,0.7820131339437781,-1,0,-0.10136776127944444,0.006519167646063207,0.033235310782977916
2019-02-21,78.20999908447266,78.66000366210938,77.61000061035156,77.81999969482422,10266000.0,0.524231511061809,0.5265460895226517,0.7213387019391059,0.9826884202777948,0.7041313251770634,0.6520209311143135,0.24073681293443644,0.7764465801155931,0,0,-0.09983441308746728,0.007640372895042924,0.04889856140297699
2019-02-22,78.70999908447266,78.94999694824219,77.62000274658203,78.41999816894531,9519300.0,0.5286909452147324,0.527066736026899,0.7505458867488709,0.9826557463333061,0.7047777968213006,0.6537554606279581,0.25706482295902655,0.7816082493009274,-1,0,-0.10717034657666949,0.0030840126536969574,0.0485736159614542
2019-02-25,78.43000030517578,78.8499984741211,78.19999694824219,78.5,9274400.0,0.5329979213645057,0.5275707668051988,0.7544571217619758,0.9826251342068368,0.7124976372174779,0.6500734445835367,0.2722265465532889,0.7866371258666901,-1,0,-0.10277987435334507,0.006630918837133145,0.05827594748190086
2019-02-26,78.68000030517578,79.12999725341797,78.38999938964844,78.66000366210938,10990600.0,0.5377114602669335,0.5283018904401693,0.7626604568536465,0.9825917316399164,0.6814962277165572,0.6448975442031566,0.2889995172749613,0.7925965810102759,0,0,-0.10585984151074841,0.00573244520053742,0.041401273885350316
2019-02-27,78.87999725341797,79.75,78.66000366210938,79.47000122070312,12398200.0,0.5427680284648111,0.5289914705345007,0.8026764185515082,0.9825703657310147,0.712913363502064,0.6554239288166221,0.31032284162103424,0.7993192819329921,-1,0,-0.10818705963187251,0.011060293746224584,0.03407068624974831
2019-02-28,79.44999694824219,79.75,78.70999908447266,79.02999877929688,14597900.0,0.547049594139634,0.5299469128084193,0.7526003928010666,0.9825348137187819,0.6907337360954003,0.6342425247294234,0.33012307137095903,0.7914038332549809,0,0,-0.11425687759137321,0.0037750477809185843,0.03145841149614469
2019-03-01,79.37999725341797,80.0,79.02999877929688,80.0,15419400.0,0.5513184570002578,0.5315974751605754,0.8009348515636124,0.9825215334385846,0.6931858210893852,0.6441395035734324,0.3509144102087264,0.7997647255302894,0,0,-0.11400727123883297,0.007845156980369972,0.019486282921856387
2019-03-04,80.23999786376953,80.55000305175781,79.01000213623047,80.30999755859375,18089900.0,0.554107192409248,0.5338988461712617,0.8153026081229863,0.9825150518532246,0.6962951109006225,0.6415197401341434,0.375323364134132,0.8095736483918212,0,0,-0.12337493896484375,0.003875064849853516,0.0051250457763671875
2019-03-05,80.12000274658203,80.4000015258789,79.75,80.19000244140625,13745500.0,0.5575184723381426,0.5365048529102212,0.8006010686878312,0.9825074604947459,0.717939633446005,0.6369857933279798,0.39798882135057984,0.802120398280257,-1,0,-0.12140456103097813,0.005354256235184858,0.013447817637800303
2019-03-06,78.8499984741211,79.37999725341797,77.86000061035156,79.27999877929688,18633600.0,0.5598625365518815,0.53945426470037,0.6946617067433772,0.9824697362449144,0.7288277725722199,0.5722719289238972,0.37773230273307196,0.7920166638741719,-1,0,-0.10574878999081314,0.021199707268732024,0.03217360958356199
2019-03-07,79.55000305175781,80.26000213623047,79.31999969482422,80.16000366210938,16541700.0,0.5629752494582989,0.5427886229694621,0.7456450523423984,0.9824598280216468,0.7679139371766807,0.6161242551499989,0.3696982866198821,0.800986103135782,-1,0,-0.1157921347946973,0.012613521889472321,0.019929291447879725
2019-03-08,78.88999938964844,79.31999969482422,78.25,79.01000213623047,16211300.0,0.5657258715781397,0.5465273134353981,0.6293789195412881,0.9824199825443363,0.7755408549150199,0.559139468331573,0.34435855595190396,0.7921958173307111,-1,0,-0.10628737841604792,0.020708627573254937,0.050024974463991276
2019-03-11,79.9800033569336,80.29000091552734,79.6500015258789,79.77999877929688,11060900.0,0.5694103032080085,0.5496124252508507,0.6764213231994498,0.982406583717236,0.7415802147422292,0.6169474992752942,0.33245871223234175,0.7981933913846925,0,0,-0.12163017783219175,0.007214272616287429,0.04303244911475947
2019-03-12,80.11000061035156,80.58000183105469,79.88999938964844,80.0,11320000.0,0.5731582634485295,0.5526753813564502,0.6894063110747196,0.9823969038980969,0.7112909000513328,0.6338970530258358,0.324658736876038,0.8043314577528062,0,0,-0.10817244153251951,0.005891216193213224,0.020681894599214837
2019-03-13,80.58999633789062,80.76000213623047,80.19999694824219,80.70999908447266,10260200.0,0.5765314252417222,0.5561482096427992,0.7300241567106657,0.9823999036023046,0.7069324115928767,0.6603929600461284,0.3194740957526057,0.8098948666353257,0,0,-0.11349992752075196,0.002125072479248047,0.02037506103515625
2019-03-14,80.80000305175781,80.91000366210938,80.3499984741211,80.44000244140625,9976700.0,0.5791931131225128,0.559540725065593,0.7010615811702549,0.9823984685450928,0.6817575562796396,0.6499582639473289,0.31643449057473705,0.8044851805280148,0,0,-0.1087846178699876,0.0013629118027424795,-0.0038409762297707843
2019-03-15,80.18000030517578,80.55000305175781,80.0999984741211,80.1500015258789,25316400.0,0.5816578758806279,0.5624375175730609,0.6697098765182836,0.9823829822638639,0.6373291672531469,0.6140366702279798,0.3087016622274145,0.7907578180366972,0,0,-0.09261557337307245,0.009075128478089488,-0.0026106300111766265
2019-03-18,80.44000244140625,81.25,80.44000244140625,81.08000183105469,9840600.0,0.5837986611413155,0.5658881901495565,0.7273825194323661,0.982391733890974,0.6228755705059938,0.6667320135355224,0.3102715365207425,0.7960937063672678,0,0,-0.09619462180525655,0.010106020501225034,-0.001996302670783018
2019-03-19,81.58000183105469,82.0,80.63999938964844,80.87000274658203,13936500.0,0.5854757137156246,0.568580047623092,0.7037794316327478,0.9823993999330889,0.5903696519414802,0.6754808799383359,0.3200793168320671,0.788536889941542,0,0,-0.10915143406831337,0.005180046367296057,-0.035890522895804945
2019-03-20,80.75,81.91999816894531,80.55999755859375,81.31999969482422,13133600.0,0.5872480543593597,0.5712940608064812,0.7317249341314876,0.982416146805138,0.5856451196137025,0.6700048167754244,0.32745216111352105,0.7956583482853811,0,0,-0.09917146495219294,0.015456905620704103,-0.042784703437133156
2019-03-21,80.80999755859375,81.88999938964844,80.80000305175781,81.79000091552734,10117000.0,0.589769987051199,0.5739942261429904,0.7597033254767018,0.9824367023755953,0.6145876206705801,0.6821347921019385,0.33429837366058546,0.8011441095438799,0,0,-0.09936047998011029,0.014633576560158179,-0.04107226205638077
2019-03-22,81.2300033569336,81.44000244140625,80.30000305175781,80.4800033569336,12497700.0,0.591078599855108,0.5762263642579333,0.6155471018497759,0.9824357015145879,0.5935465245173062,0.5921746839091127,0.32909893534310036,0.7943674565360376,0,0,-0.1039246840060412,0.009414312684281032,-0.05012845161537666
2019-03-25,80.0,80.44000244140625,79.58999633789062,79.91999816894531,11320400.0,0.5919806499063622,0.5784058809773105,0.5626677924347792,0.9824245850306803,0.5898994727908056,0.4945588646120945,0.30945836663982285,0.7882291732751193,0,0,-0.08200792990588865,0.02485089359564116,-0.04075545032906976
2019-03-26,80.33000183105469,81.2699966430664,80.18000030517578,80.95999908447266,9472800.0,0.5934417158668688,0.58096480630461,0.636481051208748,0.9824311514720185,0.6040591221171825,0.5913443982691178,0.3032704063730418,0.7933656286719275,0,0,-0.0689439722531363,0.020895873463548542,-0.043668738402451335
2019-03-27,80.97000122070312,81.30999755859375,79.81999969482422,80.33999633789062,7258700.0,0.5939943779457451,0.5833769537516789,0.57896157066895,0.9824289356966944,0.587559576604641,0.5422502205922779,0.2902820351936341,0.7894297291713773,0,0,-0.06744070091670532,0.012722317081824409,-0.05187752748433811
2019-03-28,80.02999877929688,80.79000091552734,80.0199966430664,80.73999786376953,7412300.0,0.5950806503054757,0.5858887997802034,0.607531255157316,0.9824314461179537,0.611773199194134,0.5387156901867816,0.27822140481275554,0.7934489155088658,0,0,-0.053771469899691594,0.0245208029686456,-0.043191453558314066
2019-03-29,81.33000183105469,81.4800033569336,80.4800033569336,80.80000305175781,10889200.0,0.5955888501113797,0.5884255715105344,0.6119067714765348,0.9824361835786717,0.5729575574621089,0.5924319448953037,0.27729063048468733,0.7993533883265039,0,0,-0.05672531523697095,0.008298218809415659,-0.06960617903488818
2019-04-01,81.2300033569336,81.77999877929688,81.08000183105469,81.7300033569336,10816400.0,0.5964909050091864,0.5910841975321746,0.6766015279554105,0.9824570673731858,0.56657503701082,0.6689309429330029,0.2805743887047843,0.8052183866537183,0,0,-0.04678225576637737,0.009529661064160751,-0.06707927714888781
2019-04-02,81.75,81.94999694824219,81.11000061035156,81.37999725341797,7646000.0,0.5972468460411138,0.5934077242527145,0.6395233324650238,0.9824675184736553,0.5513321809153391,0.6468248054326643,0.2859812268533422,0.8010724806951849,0,0,-0.0506545848477225,0.0030588521929724253,-0.06582646558721271
2019-04-03,81.7699966430664,81.7699966430664,80.61000061035156,80.9000015258789,8562900.0,0.5982759484671205,0.5959029545552914,0.5901058749940362,0.98247260913806,0.5102611101855558,0.5824976097112636,0.2789644298020362,0.7964294022054745,0,0,-0.05111816383773746,0.002826288580686006,-0.06647820367784078
2019-04-04,81.12000274658203,82.08000183105469,80.7699966430664,82.05000305175781,9360600.0,0.5994765655408518,0.5988800599263147,0.6713514193027997,0.9824954744815559,0.5020514922923643,0.655270265620148,0.2773008616716302,0.8015050191706128,0,0,-0.04326328719388706,0.011866490313545476,-0.06440048190612262
2019-04-05,82.1500015258789,82.52999877929688,81.94999694824219,82.48999786376953,10059100.0,0.6016872235494626,0.6019513238948877,0.6989730351874358,0.9825271450168773,0.5057719915123001,0.7500668587961266,0.2824667282639148,0.8069593851956564,0,0,-0.05228520116959869,0.004631288717664805,-0.07617306237097211
2019-04-08,82.66999816894531,83.19999694824219,82.58999633789062,83.0,9108200.0,0.6037327207407241,0.6050752071461416,0.7297333456214773,0.9825632690453117,0.525246943934553,0.7916996983939345,0.2962538401274412,0.811898142801138,0,0,-0.058310070107376634,0.006425006582884832,-0.0778275952867377
2019-04-09,82.5199966430664,82.58000183105469,81.73999786376953,81.93000030517578,8561600.0,0.6049587482894061,0.608035696791217,0.6177429165131514,0.9825824945589914,0.5313127988206889,0.6463334913197762,0.2887963734243093,0.8072557692130424,0,0,-0.05614453051463667,0.00819277476115399,-0.08385541065629706
2019-04-10,81.91999816894531,82.08000183105469,81.41000366210938,81.55999755859375,10324300.0,0.6054987075540836,0.6108189428703497,0.5825695625837256,0.9825995322845729,0.5029538324068576,0.5789011858630091,0.27479078814248536,0.8016576032585976,0,0,-0.049554467758707754,0.01562307792663359,-0.0992310170039676
2019-04-11,81.54000091552734,82.06999969482422,81.0199966430664,81.94999694824219,9115100.0,0.606457927539062,0.6134941825050528,0.6115639336436283,0.9826202729604305,0.5306541161350272,0.5710111447386854,0.25370665249575935,0.8066001022649574,0,0,-0.04512016203203074,0.020353066238412786,-0.09122121952077374
2019-04-12,82.80999755859375,82.80999755859375,80.58000183105469,80.91999816894531,16638700.0,0.6069470658538385,0.6156100041997072,0.5164856762414367,0.9826306073927831,0.5469618814195356,0.527470295493949,0.24633144040013322,0.7975780664982495,0,0,-0.060402649573843135,0.004758992119240133,-0.12446610528471747
2019-04-15,80.88999938964844,81.05999755859375,80.5199966430664,80.6500015258789,8536100.0,0.606673909306312,0.6169199314926268,0.49350271887271757,0.9826322083748189,0.5266183093137438,0.41864251522804685,0.23816818410033802,0.7929495198264425,0,0,-0.03744437528249597,0.02854668327810539,-0.10788427984529261
2019-04-16,80.80999755859375,81.3499984741211,80.69000244140625,81.19999694824219,7005700.0,0.6068835372431862,0.6186868081521861,0.5401753635858949,0.9826397015330675,0.5527981574511175,0.4730113266977787,0.2353373676339482,0.7967482346281292,0,0,-0.036577766800110906,0.02963421381810559,-0.10960937595337868
2019-04-17,81.55000305175781,81.69999694824219,81.08000183105469,81.43000030517578,8311400.0,0.6069534148376619,0.6203041390524469,0.5592724372069868,0.9826516527216316,0.5518494338317765,0.5226596036207528,0.23827126215161443,0.8012549417669932,0,0,-0.04064043319929276,0.020320122641582117,-0.13275870460392636
2019-04-18,81.55999755859375,81.83000183105469,81.06999969482422,81.12999725341797,9493900.0,0.6065341492708083,0.6219297757027964,0.5297644862717455,0.9826607316783442,0.5192233721078406,0.5145552043420786,0.24305041829504598,0.7961070452747463,0,0,-0.04064837954302897,0.02013998997300995,-0.1188751107564531
2019-04-22,81.87000274658203,83.22000122070312,81.63999938964844,82.9000015258789,10770600.0,0.6080714466561663,0.6242062231245611,0.6635872519487634,0.9827015770596073,0.5492468012358365,0.688814235788336,0.2659763925395409,0.8019472093758422,0,0,-0.028103124440761035,0.016639942312634787,-0.10205850719836643
2019-04-23,83.19000244140625,83.48999786376953,82.68000030517578,83.37999725341797,10595100.0,0.6102694018505779,0.6268094577586831,0.6933091522755256,0.9827498805689587,0.5698148879462646,0.7457337981639932,0.2902296692034381,0.8076922117589519,0,0,-0.04342588705974644,0.003618762567448586,-0.12316042094746403
2019-04-24,83.01000213623047,83.08000183105469,81.7300033569336,81.76000213623047,11684000.0,0.6107776016564817,0.6289308194372434,0.5448063633292735,0.9827728007593763,0.5392084586629041,0.5903290201749003,0.2894067312561893,0.8013567729387187,0,0,-0.041017101355201216,0.005756725154118258,-0.10434162705948137
2019-04-25,81.6500015258789,82.83999633789062,81.4000015258789,82.22000122070312,11135000.0,0.6119718697463901,0.6308195503881118,0.5767740873982498,0.9828028309530947,0.546712505807968,0.5751809766238238,0.28142667943345234,0.8073945263847386,0,0,-0.02519575751179472,0.02250484698893206,-0.08647259674778404
2019-04-26,80.2699966430664,80.62999725341797,79.55999755859375,80.48999786376953,18053500.0,0.611813057912864,0.6319937755428426,0.44901776335597343,0.9828014995917509,0.5605203572791756,0.2912484581563607,0.26182249564830645,0.7976053407684187,0,0,-0.0086353572601733,0.0391632348929268,-0.06519086476986546
2019-04-29,80.12000274658203,80.37999725341797,79.66000366210938,79.97000122070312,10023700.0,0.6112858014623856,0.6330184549382745,0.4161090465213294,0.9827924222247089,0.5655941072836861,0.281193017876047,0.24361861070495672,0.7921701697565758,0,0,-0.006957450650403769,0.041868495547624,-0.0655982923198469
2019-04-30,80.37000274658203,80.52999877929688,79.93000030517578,80.27999877929688,13721500.0,0.6103646899200039,0.6337301907424595,0.4408540520419434,0.9827868068368182,0.5515758784429349,0.34101382612994335,0.22398726942476854,0.7996104062998685,0,0,-0.010128863018931431,0.03901456883284099,-0.07927977829821287
2019-05-01,79.94000244140625,80.26000213623047,78.62000274658203,78.66999816894531,13909800.0,0.6086431702261699,0.6338520429208838,0.344514049020583,0.9827453186011215,0.5308409761468224,0.2642130135414411,0.22448632061979212,0.7920680674688447,0,0,-0.01644244786865429,0.044220172849314704,-0.06552070523432733
2019-05-02,78.27999877929688,78.5,77.23999786376953,77.29000091552734,15360400.0,0.606349926962332,0.6335086378696944,0.27785819506110376,0.9826656695919573,0.5110516784809982,0.20080052849442487,0.24000592638511892,0.7837391668822039,0,0,-0.013219790768189953,0.06622599727642149,-0.049955515401640546
2019-05-03,77.79000091552734,78.20999908447266,77.44000244140625,77.47000122070312,12180700.0,0.6034404930089654,0.6334117092801916,0.29338162372121035,0.9826060590654877,0.4705822972116504,0.268575727171582,0.2544169888814938,0.7903439323424586,0,0,-0.007116095811137692,0.07374818062781358,-0.03493342664839192
2019-05-06,76.91999816894531,77.66000366210938,76.70999908447266,77.12999725341797,13367100.0,0.6000355669104465,0.6330544563821225,0.2769344546133172,0.9825334317753209,0.4500711349700864,0.2835191132391736,0.27492791719293225,0.7830958628239769,0,0,-0.002710714872385157,0.08480701679747035,-0.015231706293821992
2019-05-07,76.5,76.79000091552734,75.7699966430664,76.72000122070312,13498800.0,0.596046214427725,0.6325615034587497,0.25711492574966033,0.9824513096777809,0.4671519124349816,0.2858748662422117,0.3020326632514685,0.7757763813496047,0,0,-0.009464584246452103,0.09062619101104367,-0.015298850605410728
2019-05-08,76.54000091552734,77.29000091552734,76.41999816894531,76.83999633789062,11352900.0,0.5928128029769308,0.6320574705675652,0.2692194853594069,0.9823844639405048,0.47577606766720704,0.33728071537171755,0.31680294287992633,0.7819322871508907,0,0,-0.010036551879683098,0.09058911415093551,0.0009124047668201694
2019-05-09,76.3499984741211,76.87999725341797,75.95999908447266,76.7699966430664,13221600.0,0.5897699676649888,0.6313097312066471,0.2654362564114724,0.9823051921541457,0.5074104866914971,0.3498744708639752,0.3347199612076844,0.7747631123900557,0,0,-0.007548176193348963,0.09292035046763306,0.017438886402241876
2019-05-10,76.18000030517578,76.79000091552734,75.16999816894531,76.55999755859375,11056000.0,0.586345984921895,0.6306256889833366,0.25361165907320193,0.9822352468922273,0.5091867269135331,0.35887325645093415,0.35803567340652026,0.7687681952729298,0,0,-0.013156209201445739,0.09521945914079916,0.010029916331069028
2019-05-13,75.6500015258789,76.2300033569336,75.36000061035156,75.70999908447266,12176100.0,0.5830363468928021,0.6294376159817263,0.20826714786890224,0.982141767011266,0.5276231084376936,0.36372806982349404,0.3796859775911537,0.7621659240799272,0,0,-0.006269636523515198,0.10240329921497753,0.008098160096112835
2019-05-14,76.12999725341797,76.80000305175781,75.76000213623047,75.80999755859375,10548400.0,0.5799617472755341,0.6281913858264141,0.22056223862308114,0.9820625155081175,0.5173705344125205,0.39203809823877794,0.3870252817764021,0.7678856042281084,0,0,-0.012679951077552478,0.09721305903252908,0.006207914758772166
2019-05-15,75.56999969482422,76.55000305175781,75.20999908447266,76.37000274658203,8918000.0,0.5768935063351941,0.6271334749790869,0.28876948780012845,0.9820035062189283,0.522791378186341,0.4013770802176111,0.39928299778035664,0.7727212293050375,0,0,-0.00527636906424834,0.10447168479096605,0.0032977180853590495
2019-05-16,76.4000015258789,76.94999694824219,76.22000122070312,76.36000061035156,8105200.0,0.5736728025451514,0.6263248105853991,0.28811085263806846,0.9819497713004712,0.5106108646823546,0.42632000984960405,0.40185739230487977,0.7683263304069072,0,0,-0.01610584408403263,0.09283745034575032,0.0030115977382147736
2019-05-17,75.6500015258789,76.30000305175781,75.58999633789062,75.91000366210938,9279400.0,0.5703568155322354,0.6251478154387156,0.2581582012942487,0.9818816319162731,0.5248212159660669,0.41312867653236474,0.4108307132696856,0.7632947426810879,0,0,-0.0062860575313893234,0.1026715070092314,0.011917182103734587
2019-05-20,76.05000305175781,76.36000061035156,75.66999816894531,75.9000015258789,7154300.0,0.565910084193511,0.6242865317623469,0.25748531571213984,0.9818290073028613,0.5071740129882728,0.4199756643056682,0.4177824078254169,0.7594154522025194,0,0,-0.011592739301259659,0.09801072919359384,-0.004347277237972372
2019-05-21,76.2699966430664,76.45999908447266,75.93000030517578,76.25,8489900.0,0.561380772446112,0.6233089337785747,0.30656750679768474,0.9817713153165957,0.49522129697454753,0.4331068087648844,0.42181468397620153,0.7640189477554036,0,0,-0.014492733228022896,0.09512517886104903,0.002239865545745457
2019-05-22,76.0199966430664,76.22000122070312,75.38999938964844,75.55999755859375,7858300.0,0.5574422360667388,0.6220793193492105,0.2557601509223818,0.9817093105137942,0.5083182944860671,0.4127477614810394,0.431704609877224,0.7597579259408674,0,0,-0.011147520972079918,0.09796722912397542,0.0014426309554303278
2019-05-23,74.7699966430664,74.80000305175781,73.04000091552734,73.79000091552734,14657200.0,0.5520871008463841,0.6201628948174676,0.15625131418707303,0.9815524628650816,0.5008683716848469,0.30616356505428083,0.46042616365587935,0.7518103229045852,0,0,-0.02289565621276682,0.11540499606211757,0.022631111290615725
2019-05-24,74.13999938964844,74.25,73.44000244140625,74.0999984741211,7056400.0,0.548027870769187,0.6184070938999497,0.19717642069666438,0.9814804762845069,0.48303289339359073,0.3122373311169305,0.4870961778789165,0.7556365288692457,0,0,-0.014907148129464589,0.12671091419045652,0.03103402747140321
2019-05-28,74.23999786376953,74.25,72.48999786376953,72.61000061035156,14912900.0,0.5433524500024611,0.6163189657861698,0.1291744409623027,0.9812931079750817,0.45997754046942274,0.26210478690463196,0.5178490125994357,0.7475502771076694,0,0,-0.023616734629369463,0.12483131161238145,0.044129613222636754
2019-05-29,71.88999938964844,72.43000030517578,71.62000274658203,72.16000366210938,13645200.0,0.5381942447513344,0.6138486611853993,0.11170091705697985,0.9811120446005046,0.46451671143054063,0.21818064716061542,0.5511413980117332,0.7401514128668404,0,0,-0.003718449811277298,0.15975758678712024,0.07822614319556993
2019-05-30,72.0199966430664,72.12999725341797,71.52999877929688,71.97000122070312,9362100.0,0.533938089551462,0.6113838944556496,0.10433747404107516,0.9809850681926169,0.4995014535470504,0.2694372708126871,0.5825263938803107,0.7350749825536851,0,0,-0.00679043568323466,0.15895233700945513,0.07774390695184136
2019-05-31,71.19000244140625,71.55000305175781,70.62999725341797,70.7699966430664,13983300.0,0.5297962742190379,0.6084621762463753,0.06199458768595409,0.9807688883257675,0.5083600093402675,0.27894833000386987,0.6161591227936751,0.7274927896698296,0,0,-0.0077810918228411585,0.1709044770562686,0.08183964554323366
2019-06-03,71.08999633789062,72.01000213623047,70.97000122070312,71.87999725341797,11831000.0,0.5262452391011918,0.6057176994901592,0.19815233320975292,0.9806069627132756,0.5487114799220254,0.34475629292603194,0.6360826270681763,0.7339079365957265,0,0,-0.006499916720254981,0.17521551666053073,0.06839062027508729
2019-06-04,72.44999694824219,73.66000366210938,72.16999816894531,73.58999633789062,10423000.0,0.5239964629568792,0.6038095807085051,0.3646302107498365,0.9804926843217463,0.5707719914182995,0.429547008741183,0.6204507659050162,0.7395596208496884,-1,0,-0.025319974462543207,0.15358933413151155,0.042153680084445554
2019-06-05,73.63999938964844,73.63999938964844,72.58000183105469,72.9800033569336,10617800.0,0.521620639284367,0.6018876183057409,0.33055662954047427,0.9803660609363765,0.5421706214512082,0.4347991950020508,0.6059354662535101,0.7338023097999219,0,0,-0.04090232757194274,0.12827833824127674,0.016306522733502613
2019-06-06,73.70999908447266,74.62000274658203,73.58999633789062,74.30999755859375,11738900.0,0.5200134643045335,0.6000459666536473,0.4383699587355404,0.9802509190484492,0.5523348996075007,0.4932978491006017,0.5751023078274782,0.7401675171575764,0,0,-0.04220336653029307,0.12510272449241477,0.01753903426170871
2019-06-07,74.51000213623047,74.95999908447266,74.43000030517578,74.58000183105469,9095500.0,0.5186222759385026,0.5984507935761252,0.458521416750323,0.9801656509001595,0.5242221043454541,0.5233504773932277,0.5409022291952428,0.7450993884165145,0,0,-0.05221376679165007,0.08235762775206469,0.007535965240103655
2019-06-10,75.19000244140625,75.33000183105469,74.44999694824219,74.91000366210938,7760400.0,0.5175741217144738,0.5968362347807021,0.4834992708098125,0.9800969931226402,0.5090411124120028,0.5409887361932213,0.5031385820045657,0.7493073257171425,0,0,-0.061142465487169256,0.07160091454525924,0.002413519720521516
2019-06-11,75.51000213623047,75.80999755859375,74.81999969482422,74.83999633789062,9415100.0,0.5170214547890448,0.5951856703156613,0.47829131489772925,0.9800126906011761,0.495683215017119,0.5582268648375093,0.46049753658114406,0.7442021571073875,0,0,-0.06514490247289736,0.06701370174415834,-0.0020024231550635914
2019-06-12,74.4800033569336,74.61000061035156,73.80999755859375,74.02999877929688,7920800.0,0.5158907153097889,0.5930532307821743,0.4193978498599308,0.9799316346869138,0.5076651272811824,0.5065369227300098,0.4346169667142687,0.7399072457921441,0,0,-0.051443162639044804,0.07723141451265048,0.0060127868821709075
2019-06-13,74.69999694824219,75.16999816894531,74.37999725341797,74.68000030517578,8986400.0,0.5148171457642574,0.5911977333960858,0.4740193554419331,0.9798489712955951,0.4902370985895365,0.548413781986715,0.4016903684856236,0.7447799595386474,0,0,-0.05497770852270268,0.05133058374195889,0.0014858923701931103
2019-06-14,74.68000030517578,74.80999755859375,74.2300033569336,74.3499984741211,8575900.0,0.5135402972656746,0.5893837753248667,0.449203495636744,0.9797656395141892,0.4901748613149777,0.539387240151663,0.37320059899451136,0.7401298320327899,0,0,-0.054231427895121774,0.04726832839946071,0.00883765439231127
2019-06-17,74.16000366210938,75.19000244140625,74.04000091552734,75.08999633789062,9355700.0,0.5130193897990194,0.5874562708253122,0.5107053445187675,0.9796857384673703,0.5075224783504075,0.5671455376709132,0.3405137336237232,0.7452027920610728,0,0,-0.0474782310845654,0.04707464790625706,0.01600531051020692
2019-06-18,75.41999816894531,76.22000122070312,75.3499984741211,75.73999786376953,10091500.0,0.5129177478992175,0.5855869255923443,0.5604084825763284,0.9796099838748806,0.5102133943923884,0.6400782763293134,0.31851043610895163,0.7506747264032829,0,0,-0.06379013382785712,0.024903486986034416,-0.014116361836321895
2019-06-19,75.4000015258789,75.8499984741211,75.16999816894531,75.31999969482422,9757400.0,0.5123269676846391,0.5834600260427631,0.5242333487040419,0.9795302914237811,0.49573305071268187,0.622615825193657,0.2950872391338042,0.7453839517760539,0,0,-0.06297866922363203,0.024953781924418626,-0.03881703887415357
2019-06-20,76.23999786376953,76.97000122070312,76.08000183105469,76.61000061035156,16229700.0,0.5129939793240688,0.5819867051436651,0.6167845653103939,0.9794309524576446,0.5112663230082244,0.6958365323205518,0.28812714714172694,0.754184214650133,0,0,-0.074482217645801,0.009692025489795078,-0.05961229264420817
2019-06-21,77.13999938964844,77.76000213623047,76.87000274658203,77.69000244140625,23108100.0,0.5154714448963831,0.580914948562343,0.6812022544160333,0.9793291206984667,0.5546959950222521,0.7214365276629998,0.29057162383266394,0.7667141661908581,0,0,-0.08497587892396956,0.008092974045718208,-0.08954445314838749
2019-06-24,77.52999877929688,77.76000213623047,76.80999755859375,76.94999694824219,10011800.0,0.5172818988292676,0.579530248389774,0.6153633940200145,0.979273331600091,0.5316070079759234,0.6784761781141995,0.29171075707639643,0.7612854477399499,0,0,-0.08881453609276023,0.0029605270910766433,-0.08456686173718823
2019-06-25,77.08000183105469,77.22000122070312,76.19000244140625,76.2699966430664,9740000.0,0.5196069015518789,0.578242476806708,0.5591342166103819,0.9792086212451063,0.5409442295739244,0.6301504698736102,0.28121181508445536,0.7560041079497177,0,0,-0.0838207255807313,0.008836911398881021,-0.08551009866160883
2019-06-26,76.68000030517578,77.12999725341797,76.47000122070312,76.5999984741211,11365500.0,0.5224273964196426,0.5771208688217733,0.5816033371687866,0.9791390797534194,0.5179899759768266,0.6311275131140911,0.27146279752050995,0.7621668458743465,0,0,-0.07932349964653905,0.014160244900874384,-0.05637869727307402
2019-06-27,76.58999633789062,76.75,75.76000213623047,75.81999969482422,8147800.0,0.5248730976866307,0.5756309321967277,0.5179026772466823,0.9790792164136346,0.49484990470913415,0.5857263317623578,0.24949162263360752,0.757748847892534,0,0,-0.07780677810961328,0.015274227436637927,-0.07506527564674309
2019-06-28,76.19000244140625,76.7300033569336,75.94000244140625,76.62999725341797,14781300.0,0.5285956474522013,0.5743016191859076,0.5752654569904809,0.9789895843420608,0.5365296550280052,0.5972219685977954,0.22908981738148387,0.7657637419214208,0,0,-0.07333164350260252,0.02070693354185536,-0.08652077571079302
2019-07-01,77.12999725341797,77.93000030517578,76.29000091552734,76.55999755859375,11437900.0,0.5315686051696678,0.5730360033126951,0.5692775847201651,0.9789190126815419,0.5033228917366539,0.6218844661369509,0.2276398148831938,0.7595617463991728,0,0,-0.0848231793419525,0.010439815743594191,-0.08665013216286224
2019-07-02,76.13999938964844,76.2699966430664,75.41000366210938,75.72000122070312,10475400.0,0.5329216850931018,0.5710475737803706,0.4993749165209116,0.9788405362379211,0.4785016898492884,0.5276958126524185,0.21062144687007195,0.7538816491878179,0,0,-0.07196972716742177,0.023380367980777434,-0.11089339256145968
2019-07-03,75.81999969482422,76.5,75.62999725341797,76.44000244140625,5246100.0,0.5351196402875136,0.5691256113776066,0.5539215109369141,0.9788072103142658,0.4928057277326963,0.5521607394330886,0.1981408856207062,0.7567262525423903,0,0,-0.06854202796799766,0.02786582905884387,-0.11318013149319703
2019-07-05,76.19000244140625,76.3499984741211,75.58999633789062,76.12999725341797,6880800.0,0.5362757902417199,0.5675664376310476,0.5277622924948989,0.9787601503285104,0.48924213896466606,0.5298065119655248,0.18582067317312473,0.7529952625189171,0,0,-0.07273685256944107,0.022762922660858054,-0.10321819907968185
2019-07-08,76.13999938964844,76.69999694824219,75.91999816894531,76.4800033569336,7876100.0,0.537482761145827,0.5659768024245464,0.5551395448361229,0.9787106516938704,0.5040549374761566,0.5586492412207693,0.17980366915155171,0.7572659360632547,0,0,-0.07237622927909786,0.023512425851913175,-0.08787603681551286
2019-07-09,76.44999694824219,76.7699966430664,75.7300033569336,76.43000030517578,7863000.0,0.5384483349611813,0.5648524265605435,0.5504629113443484,0.9786606369048578,0.5088096930081486,0.5471445429198428,0.170360517056163,0.7530023657582654,0,0,-0.07609831902938305,0.019351507478711664,-0.09701880025182587
2019-07-10,76.80000305175781,77.62999725341797,76.73999786376953,77.51000213623047,8077400.0,0.5401444490266174,0.5641711543291859,0.6328901438355636,0.9786230301216121,0.5387833132042231,0.6471097431416902,0.17465546398749787,0.7573821906064812,0,0,-0.08072753858044948,0.014784734383174484,-0.0926338061335221
2019-07-11,77.41000366210938,77.61000061035156,77.05000305175781,77.56999969482422,6404000.0,0.54239322517093,0.5634206470891996,0.6371756969112476,0.97859383166954,0.5569542030256338,0.6542907087689902,0.17864362899516584,0.7608546444069582,0,0,-0.08747266445400123,0.00670876827164148,-0.10114828733336477
2019-07-12,77.75,77.87999725341797,77.5,77.62999725341797,6139000.0,0.5442672028679145,0.5631326291997591,0.6417206090186001,0.9785664314044928,0.5574008440832676,0.6745347508249866,0.18636692126542231,0.7641834067244361,0,0,-0.09178809816415542,0.00232048866680338,-0.13226765729786458
2019-07-15,77.62999725341797,77.73999786376953,76.88999938964844,77.08000183105469,7116400.0,0.5460014302225003,0.5630744720460574,0.580119744632535,0.978528514721472,0.5595934739303615,0.6099254072282276,0.17954266574715555,0.7603246668390965,0,0,-0.08579152735216168,0.00386452482767032,-0.12598221209992727
2019-07-16,76.91999816894531,77.06999969482422,75.79000091552734,75.93000030517578,10197400.0,0.5465350405033542,0.5626479841393599,0.46946458290608073,0.9784557401655323,0.5280921088549222,0.45508743707381005,0.16224376593220274,0.7547953101268877,0,0,-0.061624284991730206,0.013103296733752151,-0.12623242730151252
2019-07-17,75.73999786376953,75.95999908447266,75.3499984741211,75.4800033569336,7419300.0,0.5463698796860053,0.5621910347727201,0.43160023937905956,0.9783975605995461,0.5216436772004371,0.35137451672511705,0.15338620573696393,0.75077232816532,0,0,-0.04161722665631864,0.02884238683793299,-0.10615036910574513
2019-07-18,75.02999877929688,75.2699966430664,74.18000030517578,74.83999633789062,11424500.0,0.5460649588331525,0.5616703861555878,0.3811444977955668,0.9782965111810245,0.5374257401956553,0.23985522640699286,0.1616578958700881,0.7445775985520237,0,0,-0.019077932927436356,0.03842079222181847,-0.08744035745349259
2019-07-19,74.9000015258789,75.25,74.54000091552734,74.98999786376953,11243100.0,0.5450358564071458,0.5611580475143143,0.39732906875517227,0.9781997816688173,0.537242324368982,0.30297900089569396,0.16933875099370344,0.7506739672784671,0,0,-0.014564457784898364,0.04048635659490033,-0.08578298347263469
2019-07-22,75.23999786376953,75.30000305175781,74.5,75.06999969482422,8368800.0,0.5433715066470359,0.5606872503007949,0.4063432199920266,0.9781288729822415,0.5052970123604899,0.3274645247965065,0.175360042788465,0.7552117985347807,0,0,-0.019069213840672315,0.035871483104894054,-0.08907855041296299
2019-07-23,75.1500015258789,75.7699966430664,74.75,75.37000274658203,8551200.0,0.5423678195425323,0.5603576930964851,0.4408048636668215,0.9780604871803376,0.5231707908100832,0.38563871340102673,0.17055765417836594,0.7598485329099587,0,0,-0.017850059580825393,0.037032087259866404,-0.07806048533600282
2019-07-24,75.38999938964844,76.05000305175781,74.8499984741211,75.36000061035156,8260200.0,0.5417897469887054,0.5602607645069824,0.43980775567402763,0.9779943290421005,0.5371962925293787,0.41245314460714605,0.16015235751623436,0.7553695880500741,0,0,-0.020963271506930378,0.033700422223250225,-0.06793157171291492
2019-07-25,75.77999877929688,75.77999877929688,74.80000305175781,74.93000030517578,9083900.0,0.5407288851039251,0.5600170580372488,0.3967678468020366,0.977915467676802,0.5376264531491606,0.3951740123279903,0.1513944927943754,0.7504440066824674,0,0,-0.023089143440512692,0.028529744008303243,-0.06435772870010951
2019-07-26,74.87000274658203,75.08000183105469,74.5999984741211,74.80999755859375,7677300.0,0.5400872839394459,0.5595850301466454,0.3849251214269134,0.9778474001718096,0.5500712245444656,0.37435745503477613,0.14699623709172788,0.7462811288619797,0,0,-0.011077029596613457,0.04083808282571675,-0.0451088331649056
2019-07-29,74.87999725341797,75.37999725341797,74.69999694824219,75.33999633789062,7091900.0,0.5392678142968661,0.559302550128226,0.4552420225430035,0.97779045469832,0.5404745818033333,0.4179983125919496,0.13574563051379734,0.7501265840630421,0,0,-0.011228396809299601,0.04076999266533789,-0.03756179187671893
2019-07-30,75.05999755859375,75.55999755859375,74.88999938964844,75.3499984741211,6961200.0,0.5384991656041871,0.5591474622721366,0.45654745848104017,0.9777346895668226,0.5610856735182436,0.4384626242177113,0.12104797567526254,0.7539011695402252,0,0,-0.011680346378984267,0.03809401229209544,-0.041544961581632095
2019-07-31,75.04000091552734,75.66000366210938,74.26000213623047,74.36000061035156,13104600.0,0.5376352288420823,0.5587209743654391,0.35310374340751893,0.9776093926593865,0.5444086225132397,0.39582657604426447,0.12025653323282487,0.7467954359247144,0,0,-0.011413412445481722,0.0383543390600201,-0.0406104528276096
2019-08-01,73.73999786376953,74.2699966430664,72.2699966430664,72.45999908447266,17132800.0,0.5351069423198671,0.5576713713810857,0.21635491120475,0.9773946153127597,0.5074785381434495,0.26006573646954767,0.14802151539198988,0.7375054833212145,0,0,-0.019768709099479056,0.056347531024938766,-0.014792878766705717
2019-08-02,72.61000061035156,73.26000213623047,71.18000030517578,71.75,21376700.0,0.5323245607412528,0.5566162305257114,0.17839910046736193,0.9771031062693427,0.4822742188925777,0.2276974193746476,0.1844053874823846,0.7259143522848844,0,0,-0.019735030682359114,0.07341981454653694,0.015456841853894461
2019-08-05,70.77999877929688,70.91999816894531,69.61000061035156,70.27999877929688,19080900.0,0.5283860243618796,0.5556441704129604,0.11407481978466213,0.9767992088982846,0.4762603661420428,0.16303881977443102,0.22989462229412028,0.715568077500137,0,0,-0.016306594689133275,0.09965158921085583,0.03331009602297474
2019-08-06,70.29000091552734,71.01000213623047,70.27999877929688,70.95999908447266,12282400.0,0.5249112206688851,0.5547745788736178,0.1978147128131841,0.9766168493581922,0.49207192120978177,0.2569305264294047,0.27008596057655365,0.7222279879559426,0,0,-0.009675587891104178,0.10870801824628137,0.0359988449522023
2019-08-07,69.86000061035156,70.87999725341797,69.4000015258789,70.5,15231100.0,0.520458135499785,0.5541902352317629,0.17636284299612862,0.9763799013047794,0.4951034830721819,0.2883518307103101,0.31319262184171304,0.7139691979683651,0,0,-0.006482512548021051,0.1137260400076595,0.034808360380089214
2019-08-08,70.8499984741211,72.41000366210938,70.62000274658203,72.37999725341797,14304100.0,0.5171612002848909,0.5542511602645326,0.37120057654451166,0.976199673698352,0.5118331858565576,0.3888649164573413,0.3221141620015953,0.7217253388814513,0,0,-0.020567332599179963,0.10042555788730054,0.017446856126717643
2019-08-09,72.12999725341797,72.25,70.47000122070312,70.83999633789062,13686600.0,0.5128478703047419,0.553938216673286,0.28852439724076384,0.975994356992063,0.49967430214007286,0.38076992355068495,0.3317632033438393,0.7143040262353537,0,0,-0.03771754395044751,0.08013267852789151,0.0
2019-08-12,70.05999755859375,70.16000366210938,69.33000183105469,69.62999725341797,9542600.0,0.5081152747577393,0.5536225052029708,0.23496745849706227,0.9758332224598543,0.5022643143670174,0.3414817638842099,0.3503970828688146,0.7091297230441557,0,0,-0.010304852700120838,0.11109547082758041,0.015245650577158772
2019-08-13,69.2699966430664,70.62000274658203,68.91999816894531,70.48999786376953,12403300.0,0.5046595277093195,0.5532375587240277,0.3092605440238331,0.9756405989903931,0.5393407678791162,0.37296911382069076,0.3590716784228578,0.7158551893501296,0,0,-0.005026547291783976,0.12365361123045167,0.029872209006192158
2019-08-14,69.06999969482422,69.08999633789062,67.6500015258789,67.6500015258789,18114400.0,0.4996855399201166,0.5515925363557774,0.19880036020934835,0.9752790561213351,0.5115278049170889,0.3244499315194953,0.37735666751554137,0.7060329818043205,0,0,-0.020144676010483517,0.12498223614107833,0.026954200361175917
2019-08-15,67.45999908447266,67.55999755859375,66.52999877929688,67.25,12874400.0,0.49486401498061633,0.5500056690283441,0.18602270083436742,0.9750142629260563,0.5169753272245741,0.31708274722122864,0.4018918319622545,0.6990520699978149,0,0,-0.013747232582397177,0.1540280551946364,0.05942356514098703
2019-08-16,67.77999877929688,68.45999908447266,67.2699966430664,68.30000305175781,12649000.0,0.4906142136111196,0.5483412609421934,0.2693809352901002,0.9747750440089233,0.5294974784611949,0.3649565649712403,0.40889661338042455,0.7059107627089695,0,0,-0.01858736059479554,0.1501858509162988,0.042081811614196094
2019-08-19,68.97000122070312,69.6500015258789,68.86000061035156,69.44999694824219,10032800.0,0.4870441218486991,0.5469205572128912,0.3518212741229859,0.9746034473143177,0.5322995453357289,0.4181362444005381,0.3970924910706514,0.7113508680321153,0,0,-0.0357247779265429,0.13045381602637468,-0.0002928883099138113
2019-08-20,69.30000305175781,69.30000305175781,68.70999908447266,69.02999877929688,9743500.0,0.48301665123027565,0.545292148457704,0.3331522774277216,0.9744304958773431,0.5302547138397875,0.41587924809967153,0.3875324387369686,0.7060676304298437,0,0,-0.039884872486391776,0.12354203856991415,-0.030957546729356966
2019-08-21,69.95999908447266,69.9800033569336,69.37000274658203,69.72000122070312,10134200.0,0.47943385665365607,0.5438742168332398,0.38199173637345707,0.974261626479723,0.5357423763965582,0.44622009527802853,0.36861190937327,0.7115627180789371,0,0,-0.04968854651355563,0.11473270040561899,-0.028683119839962863
2019-08-22,69.91000366210938,69.95999908447266,69.25,69.56999969482422,8972000.0,0.47602893055513723,0.5426390645328545,0.3743948488019748,0.9741100996289931,0.547362000426189,0.4485080532886019,0.3523489128373598,0.7066978124733968,0,0,-0.04847970200277074,0.11431430653707347,-0.013482536215548995
2019-08-23,68.81999969482422,69.52999877929688,67.02999877929688,67.48999786376953,15371900.0,0.47137892026336164,0.5406478650085773,0.2804165596379087,0.9738007591476712,0.5297895307998641,0.38912069737599514,0.35783939115521224,0.6983626762186258,0,0,-0.03291650029571169,0.1282161593801032,-0.011499253345797126
2019-08-26,68.12000274658203,68.26000213623047,67.52999877929688,67.8499984741211,7343900.0,0.4666209190879613,0.5388477547842376,0.30754842286454476,0.9736571885183678,0.5154129587698442,0.3867545079885462,0.3629376924503609,0.7023447738865402,0,0,-0.023559105313569934,0.1326121978297882,-0.021040240676939503
2019-08-27,68.12999725341797,68.44000244140625,66.97000122070312,67.19000244140625,9490900.0,0.4614373033618841,0.5366599302018866,0.2794281533259573,0.9734619584742359,0.4968525533188534,0.3742817082449579,0.37223413959872736,0.6971985040903272,0,0,-0.023581407665489554,0.11672816472296077,-0.010169415291510907
2019-08-28,67.52999877929688,67.9800033569336,67.16000366210938,67.68000030517578,9647400.0,0.4571938509762106,0.5344277941998286,0.3182847085206555,0.973270984271775,0.5245917709122118,0.3849468708570547,0.3808665548079249,0.7024296331963114,0,0,-0.014883166597174343,0.12680464299567332,0.010715898117893502
2019-08-29,68.30000305175781,68.66999816894531,68.08999633789062,68.43000030517578,9004100.0,0.45463380499522194,0.5325196775310594,0.3757249415006054,0.9731033634099222,0.5555608549656819,0.4435658496998501,0.3766631647611028,0.7073119444494149,0,0,-0.026152545278957065,0.11450945574844101,0.01004728578767129
2019-08-30,68.61000061035156,69.08000183105469,68.05999755859375,68.4800033569336,9180800.0,0.4525565483451866,0.5302681558111009,0.3795665109444428,0.9729332529489008,0.5716987937594614,0.46188959345102015,0.3658323529361901,0.7122900680989184,-1,0,-0.0303960517576874,0.10872427894529056,0.008329675468101762
2019-09-03,67.88999938964844,68.68000030517578,67.62999725341797,68.55999755859375,9849700.0,0.4514639221550803,0.5277396919437438,0.386102874963536,0.9727520704780361,0.5860720674344808,0.4493722856234719,0.3604479932917703,0.717630890740792,-1,0,-0.019859821023415044,0.11915892614049026,0.022342270798705544
2019-09-04,69.5,69.61000061035156,69.08999633789062,69.29000091552734,6959200.0,0.4504030602703,0.5256183323780683,0.4452734737200862,0.9726320313336925,0.561574502433838,0.536266095575508,0.34006217525958043,0.7214043917539525,0,0,-0.04331973930081982,0.09553680404028535,-0.01852387234963104
2019-09-05,69.83999633789062,70.55000305175781,69.69999694824219,70.2699966430664,9901500.0,0.45025695125097315,0.5239566921709857,0.5172444899782993,0.9724764325057387,0.5534826207214966,0.6061660742212462,0.3075470613160287,0.7267733020140124,0,0,-0.047770205150221116,0.08572669018503566,-0.024534520504837107
2019-09-06,70.3499984741211,70.94999694824219,70.12000274658203,70.93000030517578,10418500.0,0.449335844555144,0.5223864426823848,0.5615350084753001,0.9723235066874261,0.5456389234896519,0.6600231320317196,0.2802139899152113,0.7324225462239234,0,0,-0.05436174579924562,0.07556575269186701,-0.038992429125722594
2019-09-09,71.16000366210938,72.06999969482422,70.9800033569336,71.48999786376953,12840200.0,0.44974875629162175,0.5211872918258478,0.5973435195603993,0.9721463459431514,0.5600336777636148,0.72864461859576,0.26854527590462574,0.739384913695642,0,0,-0.06527569241353362,0.06344283068713921,-0.03411822625021553
2019-09-10,72.13999938964844,72.8499984741211,71.62000274658203,72.06999969482422,13810800.0,0.4512987613377311,0.519924445944588,0.6329058721581785,0.9719683952182776,0.5579043548092887,0.7441966347377068,0.26608654562283696,0.7468735715575452,0,0,-0.07847252452072961,0.04923771685052523,-0.04266335351652774
2019-09-11,72.77999877929688,72.83999633789062,71.55000305175781,71.93000030517578,10525700.0,0.4522135190497369,0.5186422143454279,0.6204300807602162,0.9718305697171323,0.528138030734878,0.7094920075135069,0.26266436254558023,0.741166200076021,0,0,-0.08672124360295856,0.03996121680321487,-0.04204244196097142
2019-09-12,70.9800033569336,72.16000366210938,70.69999694824219,71.9800033569336,9100700.0,0.4549641411695778,0.5176064592079541,0.623782632970633,0.9717121744427408,0.5782566103551815,0.6548505315031693,0.2460445548579684,0.7461008909414178,0,0,-0.06186576614426227,0.04573881929896333,-0.02627564313950061
2019-09-13,72.26000213623047,72.72000122070312,72.05999755859375,72.63999938964844,7337200.0,0.4583881239126713,0.5165540862316477,0.6676383296846149,0.971624293415926,0.5791269553599612,0.683156931079121,0.23735537319314098,0.7500793556548564,0,0,-0.079605488881679,0.013892747337635035,-0.04181719916439161
2019-09-16,75.04000091552734,75.18000030517578,73.5999984741211,73.7300033569336,19830200.0,0.46183751713071547,0.5158894318391225,0.7313852595870509,0.9714205434057157,0.5273154879248567,0.7346078411474672,0.25259650247475884,0.760831924885684,0,0,-0.11715311409326892,0.0019273043891075267,-0.08810574861859014
2019-09-17,73.81999969482422,74.08000183105469,72.62999725341797,73.16999816894531,14452200.0,0.46420063798902883,0.5149727588881202,0.6741680957673315,0.9712596159753493,0.5099732363427057,0.6613941199245537,0.25252491730774074,0.7529954794117217,0,0,-0.0988742789042853,0.018445687622821293,-0.0729689001555163
2019-09-18,72.6500015258789,72.97000122070312,72.33000183105469,72.81999969482422,7292200.0,0.4666082259668674,0.5139730051944946,0.6394195556589536,0.9711744999216827,0.5160913760545806,0.6183943668793036,0.24825053695439248,0.7490414151387925,0,0,-0.08364087603844539,0.03457699661895923,-0.06737734629694392
2019-09-19,72.97000122070312,73.19000244140625,72.19000244140625,72.33000183105469,8050200.0,0.46826622189660166,0.5125384557311977,0.5919042508790842,0.971074450122591,0.5014572713886356,0.6010783929944934,0.24643886073093485,0.7446763390012846,0,0,-0.08843727641300693,0.030348792827991935,-0.0741554730638473
2019-09-20,72.48999786376953,72.5,71.86000061035156,72.08000183105469,19736600.0,0.46986069406223624,0.5110180555333249,0.5679923611781683,0.970821685346944,0.49085387750199255,0.5756716187407206,0.23975017504386759,0.7339745226867163,0,0,-0.0824000958605499,0.03719068675940922,-0.039955748879956815
2019-09-23,71.5199966430664,72.36000061035156,71.45999908447266,72.12999725341797,7495200.0,0.47280824130475213,0.5094948853434991,0.5721060621216651,0.9707263470564613,0.5177070274555622,0.5624833138915543,0.2274902628726404,0.7380386600579429,0,0,-0.06922860345460838,0.0507769640556878,0.0020810422040566617
2019-09-24,71.80999755859375,71.87000274658203,70.81999969482422,71.13999938964844,13307100.0,0.474898205615539,0.5078498608623642,0.47843005015044393,0.9705367426627522,0.5090953423356082,0.5241116984360419,0.20679789836215656,0.7308231244601403,0,0,-0.07320115042769776,0.04672123769452022,0.01774572061606755
2019-09-25,70.9800033569336,71.47000122070312,70.81999969482422,71.3499984741211,8035200.0,0.4775408320052022,0.5065814749971986,0.49798486070622194,0.9704249368992763,0.5326148528294791,0.5125831580049007,0.18758355988813585,0.7351800671174784,0,0,-0.06255277784391207,0.059038473211644814,0.007168885454195642
2019-09-26,71.22000122070312,71.3499984741211,70.68000030517578,70.97000122070312,8420200.0,0.479630796315989,0.5053324748499338,0.46305486070746027,0.9703028652701424,0.5251500195298331,0.4882410240281223,0.16757718051871245,0.730614365135783,0,0,-0.06573234115915687,0.05550103951171018,0.025087609724008385
2019-09-27,70.69999694824219,71.66999816894531,70.62999725341797,71.4800033569336,8224000.0,0.48156830262362565,0.5044019582778213,0.5129530575843747,0.9701901929835093,0.5325092002636712,0.494406720119574,0.15379975747387992,0.7350736811968579,0,0,-0.05255735752264523,0.06312531041110793,0.000986327936032199
2019-09-30,71.23999786376953,71.44999694824219,70.58000183105469,70.61000061035156,9768900.0,0.4829213777005072,0.5031889616872897,0.43418136355992365,0.9700432492869671,0.5175061238749501,0.45050305076995834,0.14013390563848166,0.7297766709014988,0,0,-0.05973693959895729,0.05512034494083537,-0.012590955282763088
2019-10-01,70.83000183105469,70.91000366210938,68.91000366210938,68.94999694824219,10279100.0,0.48316912377308335,0.5014940879154267,0.31634299412035793,0.9698622795797758,0.4824501508377993,0.3229911265165607,0.13899044499087015,0.7242030138339653,0,0,-0.054666486007446356,0.061605982672706214,-0.020676944793265126
2019-10-02,68.2699966430664,68.58999633789062,67.01000213623047,67.1500015258789,14503700.0,0.481809694865826,0.4992176404936618,0.2237034950762993,0.9695666743174676,0.4617221321583352,0.17923741375990165,0.15801870862063805,0.7163386434114202,0,0,-0.018854176648319974,0.10021760649672572,0.007686822801301346
2019-10-03,67.0,68.0,66.30999755859375,67.9800033569336,10788400.0,0.4803549827356954,0.49717382379958874,0.30319883433586337,0.9693608047979505,0.47608275193955785,0.22069626359896338,0.18167638383402313,0.7221884592423176,0,0,-0.01027553873011202,0.12181682977361206,0.022338048636110837
2019-10-04,68.11000061035156,69.06999969482422,67.81999969482422,68.97000122070312,10534800.0,0.47910989854243874,0.49552326144743264,0.38831463193807225,0.9691760321102989,0.47394076027207194,0.33137321955224697,0.18618068650349678,0.7279007650351448,0,0,-0.026478419577398004,0.10400116719180946,0.015887051746438802
2019-10-07,68.69999694824219,69.02999877929688,68.0199966430664,68.0199966430664,10993000.0,0.4769055895176512,0.4936428383595378,0.3355546587401347,0.9689671757882379,0.45353231463940313,0.3463053226999431,0.19036325326800818,0.721940008534732,0,0,-0.034652738108565055,0.0939539400064336,-0.0026098347395961696
2019-10-08,67.54000091552734,67.91999816894531,66.63999938964844,66.69999694824219,9748700.0,0.47349430958875655,0.49125007663036957,0.2719617911825003,0.9687621577143664,0.4432372316555235,0.3157969066503333,0.20722244078778496,0.7166539513260013,0,0,-0.018082967033768205,0.1123199024801366,0.004116418599168169
2019-10-09,67.30000305175781,67.69999694824219,67.19999694824219,67.44000244140625,8580900.0,0.4706420504156665,0.48905948205606564,0.33381515752073454,0.9685916081094725,0.4512283097606381,0.3614988694241043,0.22287740062757772,0.7213067899919153,0,0,-0.014842661746031056,0.11814089376244924,0.010944464181992752
2019-10-10,67.43000030517578,68.36000061035156,67.37999725341797,68.25,7100100.0,0.4682725757269775,0.4873673782761556,0.39703241324620253,0.9684594421102974,0.4485177671503454,0.40166360320289196,0.2260631451896531,0.7251566914954706,0,0,-0.016607394810744865,0.11491695906644452,0.03321467649286792
2019-10-11,68.9800033569336,69.48999786376953,68.88999938964844,68.9800033569336,10101900.0,0.4659475730043659,0.4864036281392632,0.4502591351272598,0.9682828850284797,0.42316927241525365,0.4564868131009752,0.2117625493527971,0.7306342650505985,0,0,-0.03912096407823947,0.09084244612809066,0.005714276771405678
2019-10-14,68.5999984741211,69.37000274658203,68.58999633789062,69.18000030517578,6234600.0,0.46305719569557396,0.48569189233507815,0.4646610465248876,0.9681758941309613,0.46283707677078173,0.4612694630014279,0.20200588521562973,0.7340148647483583,0,0,-0.033198040070799184,0.09538999000923203,0.004494131239515528
2019-10-15,69.05999755859375,70.0,69.01000213623047,69.41999816894531,6645700.0,0.4606750181926859,0.48545372373636553,0.482486097411855,0.9680643525499373,0.4679482572159755,0.4884797998589949,0.18376956023256147,0.7376183760259708,0,0,-0.039751373053900606,0.0884649135528286,-0.004625609907669769
2019-10-16,69.20999908447266,69.52999877929688,68.20999908447266,68.2300033569336,9765800.0,0.45775923525549606,0.4846976786253583,0.4043195816135421,0.9678825622065355,0.4411665106381955,0.4530907848771291,0.1766292892637002,0.7323230466498467,0,0,-0.0417747277783163,0.08599829124417602,-0.007346616964599916
2019-10-17,68.4800033569336,68.87999725341797,68.08000183105469,68.13999938964844,9757200.0,0.4550975473747057,0.48404409997487496,0.3987229751742104,0.9676996709301231,0.43615383475284003,0.4435156890950908,0.1715474656449798,0.7270323804690199,0,0,-0.031804275122013836,0.09819722436758942,-0.005129797542067057
2019-10-18,67.87000274658203,68.1500015258789,67.61000061035156,67.61000061035156,13472700.0,0.4522579910158147,0.48272309693991355,0.3654759906594768,0.9674362688090112,0.42149203380930195,0.4156969805310498,0.17245600987105209,0.719727051250143,0,0,-0.022894118021158524,0.10727909633213552,0.008071550151009165
2019-10-21,67.81999969482422,68.7699966430664,67.81999969482422,68.73999786376953,10199300.0,0.45010450294092813,0.4821415232900117,0.4598845887104418,0.9672547799177296,0.4333154185035258,0.46437223444004566,0.16308853192574424,0.7252574382031733,0,0,-0.02233400565890953,0.10885964419329845,0.0008874065678467684
2019-10-22,68.77999877929688,69.76000213623047,68.6500015258789,69.08999633789062,9536000.0,0.44880224396739493,0.481991975417828,0.48686316311432887,0.9670903340394461,0.4397783953471772,0.5261578995491739,0.14410259552337923,0.7304281626630966,0,0,-0.035932518147559864,0.09310447664782552,-0.0018911442749183702
2019-10-23,68.95999908447266,69.76000213623047,68.77999877929688,69.75,8641800.0,0.44778584920213976,0.48178704038389564,0.5361033931465248,0.9669501802415827,0.44659659810790864,0.5593951162069101,0.1264727974354688,0.7351140232585,0,0,-0.038355791957475925,0.09002752280205183,-0.007960565226743984
2019-10-24,69.95999908447266,70.05000305175781,69.0199966430664,69.08999633789062,9003600.0,0.4465915811122316,0.4821858325968338,0.485305479393237,0.966795062602714,0.4332520465398521,0.5684983234638652,0.11436611302952701,0.730231983121402,0,0,-0.05232977098034274,0.07483872717853943,-0.0064515691504256276
2019-10-25,68.9000015258789,69.4800033569336,68.9000015258789,69.25,7607200.0,0.44517497742469775,0.48273971266586124,0.4980090353140758,0.9666659380560678,0.4259356434566887,0.5694852878292005,0.10112142934607823,0.7343568504778962,0,0,-0.037487394768679926,0.09089591999084781,0.011000176241341978
2019-10-28,69.45999908447266,69.66999816894531,68.58000183105469,68.63999938964844,11209600.0,0.44392353940106527,0.4828338712634114,0.45063870039282294,0.9664652213896754,0.424168714530359,0.5587652429542076,0.0854352911681174,0.728278646523832,0,0,-0.04548738665529106,0.0667148411058777,-0.005776195319550993
2019-10-29,68.4800033569336,69.02999877929688,68.23999786376953,68.44000244140625,13894400.0,0.44359956675019047,0.48255416334982937,0.43539237424450783,0.9662123165752248,0.4302077620790353,0.5155175446906334,0.07653490074583286,0.7207446580657826,0,0,-0.031614303869983734,0.06861886839094244,0.0069929448107112074
2019-10-30,68.37000274658203,68.37000274658203,67.2699966430664,67.72000122070312,12840600.0,0.44396165753676725,0.4821913725807395,0.38238966757660553,0.9659645184507961,0.4494732029310475,0.40428165809765443,0.0827993995168802,0.7137820737012595,0,0,-0.030099431830849507,0.0704266441099382,0.028784241978880267
2019-10-31,67.45999908447266,67.72000122070312,67.13999938964844,67.56999969482422,16169100.0,0.44370120380343964,0.4815959510839579,0.37167214076120314,0.9656489948053317,0.4439991726151703,0.359799659767087,0.09041946129429687,0.7050146700870663,0,0,-0.016981711534986385,0.07442411140988775,0.0261370974683299
2019-11-01,68.38999938964844,69.61000061035156,68.30999755859375,69.5999984741211,14108700.0,0.4441014078791659,0.4816042589469318,0.5471592449101754,0.9654179852498497,0.45411946811189907,0.5915653170380296,0.08316352221035081,0.712664858865141,0,0,-0.030782919053557626,0.05875390319125934,0.023827151363371792
2019-11-04,70.06999969482422,71.87000274658203,69.94000244140625,71.66999816894531,15858200.0,0.44642006161795417,0.4827618683757148,0.671224537837786,0.9652090441208965,0.5014148187486749,0.7916704598711537,0.10141891679625836,0.7212636825470157,0,0,-0.054023020383089884,0.02586211337960152,-0.005603439629290342
2019-11-05,72.04000091552734,73.12000274658203,71.8499984741211,73.08999633789062,14930400.0,0.4504792916951513,0.48421303356495926,0.7367644051495834,0.9650450956794097,0.5476970487643165,0.88691836377825,0.12866955285169474,0.7293594233687899,0,0,-0.07994981865949607,0.015069092488447327,-0.030277636729249633
2019-11-06,72.7300033569336,72.87000274658203,71.19999694824219,71.48999786376953,13996500.0,0.45305204049033904,0.4854038744456376,0.6155111461044963,0.9648570926615982,0.5300501554087753,0.7575693209747505,0.1438555335384074,0.721770073022385,0,0,-0.0878369971269467,0.0053358791789439135,-0.045697142353715824
2019-11-07,72.02999877929688,73.02999877929688,72.0,73.01000213623047,13073800.0,0.4560758191577064,0.48687996533668854,0.6846895443439418,0.9647121509799645,0.5442199586253539,0.7601176179164797,0.15936760635046787,0.7288591058919474,0,0,-0.08001120984229276,0.015246943626467222,-0.02923480767020439
2019-11-08,71.61000061035156,71.80000305175781,70.66000366210938,70.7699966430664,12106000.0,0.4572129076207852,0.4875280040032661,0.5457451135646336,0.9645363674104215,0.5388034692819574,0.6166272974774174,0.1540159168974083,0.7222948451629381,0,0,-0.07259283518261589,0.02068212699696862,-0.01807971039860006
2019-11-11,70.20999908447266,70.61000061035156,69.97000122070312,70.33999633789062,8674000.0,0.45794979200813807,0.4880431105236076,0.522237016467885,0.9644047587540965,0.5351064041748782,0.5562007203355118,0.1400769641720685,0.7175915246967703,0,0,-0.055108120826242876,0.0411191719675527,-0.0026847880517013594
2019-11-12,70.2699966430664,70.41000366210938,68.9800033569336,69.37000274658203,13918600.0,0.4579180325493643,0.48826743338832557,0.47079269077907293,0.9641729729207236,0.5246989216308521,0.5067570006231575,0.12583372430435158,0.7100444142240471,0,0,-0.056297971149303155,0.04051757537525473,-0.0019903240963494743
2019-11-13,69.0199966430664,69.1500015258789,68.5999984741211,68.80000305175781,11773700.0,0.4582801233359413,0.4881317333630215,0.4418129669517876,0.9639667396484008,0.53726101711477,0.45551260228054313,0.11687683725869569,0.7036603371923986,0,0,-0.03906586387739738,0.059103444445483155,0.01254148352509468
2019-11-14,68.86000061035156,68.97000122070312,68.18000030517578,68.5,11279800.0,0.4585088127639428,0.4876415504316013,0.42645686339562605,0.9637640867760848,0.5496083064994649,0.4339555527645148,0.11325480738869387,0.6975440685511398,0,0,-0.03226745817195723,0.06191863295450286,0.009011667428497162
2019-11-15,68.70999908447266,69.30000305175781,68.66999816894531,69.19000244140625,11252800.0,0.4595125047149989,0.4871596753631552,0.4698072756585888,0.963573951308232,0.5913471173814269,0.462940684316682,0.10525200567649798,0.7036456969280931,-1,0,-0.030218973647068888,0.06437961550524635,0.015620433501083485
2019-11-18,68.69999694824219,68.81999969482422,68.30000305175781,68.5199966430664,10095600.0,0.4593727495260476,0.48633716312258757,0.43274879404601296,0.9633930925291234,0.5690516109771354,0.4262859016895199,0.10227204510213356,0.6981715394346364,0,0,-0.02977305226052369,0.06388214543109662,0.03179656742315913
2019-11-19,68.4000015258789,68.55999755859375,67.77999877929688,67.81999969482422,12605500.0,0.45856598754421946,0.485160167975904,0.39560484455243583,0.9631538790454299,0.5503125114671026,0.39814372038031165,0.10561586417477936,0.6913364338159741,0,0,-0.01838882367134455,0.0688850182712428,0.028166964386024666
2019-11-20,67.66999816894531,68.54000091552734,67.31999969482422,68.02999877929688,16930700.0,0.45747336135411293,0.4840801014187234,0.41058082072074154,0.9628382879534105,0.5388924803859434,0.40119914510742904,0.11393841554009654,0.7005168013299867,0,0,-0.007814785928660549,0.08035984373577996,0.04718378932521481
2019-11-21,68.0199966430664,69.75,67.91999816894531,69.66999816894531,14080900.0,0.45784180597106566,0.4834403685022348,0.5177093374312852,0.9626114081346526,0.5802973546931893,0.47908280242860407,0.10303661860015478,0.7081519160581469,0,0,-0.012935429504752138,0.07496701741919884,0.03336769532842845
2019-11-22,69.70999908447266,70.18000030517578,69.33000183105469,69.37000274658203,12143600.0,0.4579180373959169,0.4825347755190441,0.4990540486023376,0.962410301363716,0.5550595766878613,0.511734790677975,0.08696343257552072,0.701567267405512,0,0,-0.03688818375726282,0.048945080403767674,-0.006889561362914111
2019-11-25,69.37000274658203,69.44000244140625,68.70999908447266,68.91000366210938,10670000.0,0.4580895568901943,0.48119992463720307,0.4702574292924221,0.96222619202068,0.5654004573743556,0.4710612245417186,0.08016719427668106,0.6957816518447547,0,0,-0.032146508125134386,0.05405794798220285,0.005622017791654959
2019-11-26,68.91999816894531,69.04000091552734,68.44000244140625,68.73999786376953,15457000.0,0.4582801281824939,0.47997308019979157,0.45943659884206745,0.9619556480699649,0.5791667278951957,0.4515039019835475,0.07730805973979588,0.6874003716458206,0,0,-0.025830774701810374,0.060949127186683334,0.003192587563655785
2019-11-27,68.76000213623047,69.08999633789062,68.41000366210938,68.69999694824219,8393900.0,0.45890266785584594,0.4788320864969563,0.4567491527018882,0.9618083091974161,0.5813747391216131,0.4461596395780694,0.0738418053246192,0.6828489303660229,-1,0,-0.023567104988751805,0.06342741847319096,0.015129487166823032
2019-11-29,68.33000183105469,68.52999877929688,68.0,68.12999725341797,7980800.0,0.4592584048120471,0.4776689370842675,0.4180575922722294,0.9616613244166259,0.5575479290777896,0.40616392441488214,0.07622973156199964,0.6785214851301005,-1,0,-0.01732172480739387,0.06972345164929304,0.012663684946637548
2019-12-02,68.5,68.87999725341797,68.37000274658203,68.41999816894531,11116900.0,0.4585088127639428,0.4766553355437625,0.4425449230322174,0.9614616149633757,0.5117288995293058,0.4332504936680541,0.07225495983539407,0.6845494241767156,0,0,-0.019961847426661,0.06781157981553057,0.008659861465956918
2019-12-03,68.0,68.25,67.5199966430664,67.87999725341797,12245800.0,0.4561012247861042,0.4754783403970788,0.40456845433976074,0.9612316536698322,0.48616044115567675,0.3939359500660525,0.08017723937971752,0.6779093594125242,0,0,-0.012569433402029852,0.07483196263670633,0.011984795626557073
2019-12-04,68.25,68.76000213623047,68.13999938964844,68.6500015258789,11049700.0,0.4532807299183404,0.4747887603027473,0.47086545414013536,0.9610372844784849,0.4719182300645103,0.4436695539545769,0.07839998672356432,0.6839008604679788,0,0,-0.01635239621780731,0.07174429793213952,0.0045668469525187065
2019-12-05,68.88999938964844,68.97000122070312,68.20999908447266,68.41000366210938,13109000.0,0.45132417181268164,0.47397455803803834,0.45261925682810544,0.9608020331810967,0.4777910059246935,0.44871053151635143,0.07305590802187586,0.6767927410316181,0,0,-0.025491623614025773,0.061616944834866676,-0.019082265542265456
2019-12-06,68.76000213623047,69.87000274658203,68.76000213623047,69.51000213623047,13710800.0,0.44910080614331943,0.47357022584119446,0.5414128073692793,0.9605791888583783,0.4622385392897015,0.5733837769439689,0.06336793767667762,0.6842271756923897,0,0,-0.023680787309755855,0.06373337782419182,-0.022949855441884784
2019-12-09,69.08000183105469,69.97000122070312,69.0199966430664,69.66000366210938,12397700.0,0.4483956860612928,0.4730661950628946,0.552734833694326,0.9603806653214533,0.49049111777546944,0.6272956935088699,0.05592027173344674,0.6909496054991002,0,0,-0.027909687552650338,0.058121145034774606,-0.03323270201403497
2019-12-10,69.66000366210938,70.1500015258789,68.69999694824219,69.05999755859375,14281800.0,0.4475825702490887,0.4726369371642445,0.5010714373073144,0.9601390572037904,0.4733400625009861,0.6049849317912003,0.04339951828714486,0.6832055563598665,0,0,-0.036175770025571506,0.04966980910962364,-0.04794722640966364
2019-12-11,68.73999786376953,69.76000213623047,68.66999816894531,68.95999908447266,13748400.0,0.4473221165157611,0.4726397071561973,0.49253073159176297,0.9599045485583679,0.4731271305649985,0.5805065891680504,0.03123402438913747,0.6757507337754693,0,0,-0.023168238208574794,0.06342318328488641,-0.057920650758874
2019-12-12,68.95999908447266,70.37999725341797,68.9000015258789,70.33999633789062,17068500.0,0.4483003931453143,0.4735231444295347,0.6016097343402838,0.9596495614857594,0.5119772869051452,0.6949011850769946,0.03075790616815477,0.6850058208606415,0,0,-0.026392107293893775,0.0603248798917989,-0.0624999654265397
2019-12-13,70.4800033569336,70.54000091552734,69.12000274658203,69.2300033569336,12274500.0,0.44876412583169295,0.47386931947267674,0.5074757088673583,0.9594455673798898,0.49545704615621355,0.6345520853217892,0.03299249100260329,0.6783501940377253,0,0,-0.04492470609366736,0.03753198076620211,-0.09056018024201473
2019-12-16,69.69999694824219,70.25,69.69999694824219,70.0,15208700.0,0.44927867462141996,0.47415456737016437,0.5637068170294444,0.9592108359279856,0.48353393771280656,0.6708302878358778,0.03506746263459118,0.6865968380282492,0,0,-0.03437811841705775,0.04940063025430028,-0.07092294951077874
2019-12-17,69.9800033569336,70.37999725341797,69.30999755859375,69.68000030517578,14450700.0,0.4500155638553252,0.47461428884164214,0.5370473343383316,0.9589809357885595,0.477706794210196,0.6273434197125942,0.028314721137471938,0.6787612059023039,0,0,-0.038000052315848215,0.04485713413783482,-0.11228577750069754
2019-12-18,69.62999725341797,70.29000091552734,69.27999877929688,69.87000274658203,13652300.0,0.4513178228288584,0.4754921903568431,0.5516124903512152,0.9587678486942468,0.5050240963556626,0.6212830521890029,0.021374359301754547,0.6861639199904134,0,0,-0.03315151475999872,0.04879451077766939,-0.12772671745411224
2019-12-19,69.98999786376953,70.05000305175781,69.23999786376953,69.38999938964844,13273200.0,0.45218175959096346,0.47603222257899114,0.5094183324333845,0.958551129564023,0.4826801390682044,0.5753591140925435,0.01397981764147263,0.6789667660577944,0,0,-0.038213797967482206,0.043509385945688366,-0.14340913481009665
2019-12-20,69.86000061035156,70.2300033569336,69.38999938964844,69.94000244140625,35092000.0,0.45235327908524076,0.4765002519134426,0.554419302560523,0.9580082437039343,0.4786902802080056,0.6117089653686112,0.011272419019804747,0.697994771798947,0,0,-0.036604711599208625,0.0279579544382538,-0.1027525743022111
2019-12-23,69.86000061035156,70.30000305175781,69.52999877929688,70.29000091552734,14172500.0,0.4529377054694433,0.47686304268253255,0.5820725161539576,0.9577968154613665,0.5284753921629576,0.6333219254940538,0.010415476010906838,0.7056795549793438,0,0,-0.03631685483075704,0.010723476891902152,-0.11409778758474802
2019-12-24,70.3499984741211,70.5,69.91000366210938,70.0199966430664,3979400.0,0.4536428255514699,0.47709567129733943,0.5553607233930348,0.9577358454629903,0.5331471863152181,0.6343675116974206,0.014432590822475333,0.703521796913507,0,0,-0.043107109686031264,0.002703121908258187,-0.12633371941607618
2019-12-26,70.19000244140625,70.5,70.01000213623047,70.12999725341797,8840200.0,0.45452581895814953,0.4772922984682979,0.5649446370616116,0.95760192467815,0.5240947943360654,0.6332690287944664,0.01816276886178897,0.7083152363399556,0,0,-0.04098833025103019,0.0049985502842172964,-0.14610116891438898
2019-12-27,70.19999694824219,70.30999755859375,69.87999725341797,69.88999938964844,10516100.0,0.45528176483662947,0.4777520178268907,0.5392759005922018,0.9574388632150526,0.5064479109435731,0.5991512565269834,0.017378772740069465,0.70261307028574,0,0,-0.04106655306160881,0.004848195930430972,-0.13788676098192792
2019-12-30,70.08999633789062,70.44000244140625,69.4000015258789,69.4800033569336,12689400.0,0.4561393526149112,0.4781231185718393,0.4962392088005164,0.9572343230400091,0.4930580329842691,0.5559227892462931,0.011239439238020899,0.6957324714013282,0,0,-0.039633662430345884,0.006438754922973571,-0.12619825378669702
2019-12-31,69.0199966430664,69.80000305175781,69.01000213623047,69.77999877929688,13151800.0,0.45700328937701623,0.4787240779396418,0.5272615735951514,0.9570284634920285,0.5360554270610691,0.5076082560331484,0.015904735142289184,0.7028637983677732,0,0,-0.024467427549030772,0.021876859513842443,-0.11643632623807729
2020-01-02,70.23999786376953,71.0199966430664,70.23999786376953,70.9000015258789,12456400.0,0.4589217390400782,0.4793222694283763,0.6288934085104968,0.9568547918869688,0.5537007208818585,0.7334051425769004,0.02176069818598142,0.7096180571935482,0,0,-0.04184577558077646,0.011177970664113768,-0.1374318788428511
2020-01-03,71.33999633789062,71.37000274658203,70.16000366210938,70.33000183105469,17386900.0,0.4599889547552341,0.4796656765924504,0.5658431136704394,0.9565975358654746,0.5143016470766631,0.7050532446609501,0.03420593319392434,0.7001903234359725,0,0,-0.056699528301125415,0.00042322155212442045,-0.16163603699772033
2020-01-06,70.31999969482422,71.36000061035156,70.2300033569336,70.87000274658203,20081900.0,0.4615516626155423,0.4799758501917445,0.6119097201125321,0.9563171385540943,0.532114657312303,0.731776979437672,0.04576222284415704,0.7110793724640487,0,0,-0.039812355735236914,0.014929660520699384,-0.14190244962896606
2020-01-07,70.5,70.5199966430664,69.51000213623047,70.29000091552734,17387700.0,0.46204715476069474,0.480308179500892,0.5493555112718517,0.9560593174490815,0.5414502233432598,0.552361642410109,0.03662818075958177,0.701651204920864,0,0,-0.04204886752424058,0.01227603658621264,-0.15013403382662618
2020-01-08,70.11000061035156,70.29000091552734,69.16999816894531,69.2300033569336,15137700.0,0.46177399821316806,0.480302641629871,0.4504295493166406,0.9558107461355605,0.505679656494935,0.4167576749788439,0.02908752133888537,0.6934430594031435,0,0,-0.03684740266823661,0.017925766393782037,-0.15620997864876685
2020-01-09,69.13999938964844,69.9000015258789,68.62999725341797,69.76000213623047,14811800.0,0.46221867425497204,0.4806128152291649,0.5003957569231664,0.9555796045560654,0.5432847796854308,0.3797594254527661,0.03386329047781064,0.7014744915083756,0,0,-0.02340029854151066,0.03221151594397911,-0.18460202455005253
2020-01-10,69.93000030517578,69.95999908447266,69.12000274658203,69.13999938964844,11995600.0,0.4623330189689729,0.48080667240817065,0.4462067598912661,0.9553812850940981,0.5332660542554393,0.3649655070959932,0.03666001256753457,0.6949700931934158,0,0,-0.03454706978653773,0.020642236199966687,-0.2254873718541189
2020-01-13,69.19999694824219,69.87000274658203,69.11000061035156,69.80000305175781,9953900.0,0.46198998967352317,0.48138270818705164,0.5078438179517368,0.9552267570491098,0.5171582566387979,0.4212848818541202,0.03948515629252994,0.7003674164108687,0,0,-0.024298529360810336,0.031385678586869276,-0.23416255090584992
2020-01-14,69.37999725341797,69.58000183105469,68.88999938964844,69.19999694824219,16261000.0,0.4619709281823959,0.48183411968267054,0.4554541350693051,0.9549597313393465,0.5346658121495235,0.3417688450351505,0.04724636705799787,0.6915501816748355,0,0,-0.026647572049135048,0.02851010610541724,-0.28022917913183615
2020-01-15,69.19999694824219,69.58999633789062,68.88999938964844,69.08999633789062,11390300.0,0.4613928507820166,0.48169287967346075,0.44600175825878907,0.9547709299927907,0.5220929364705484,0.3540328338728106,0.05412139342305672,0.6853739963963261,0,0,-0.024277462128102834,0.031358466676853894,-0.25664738590692016
2020-01-16,69.30000305175781,69.58000183105469,68.80000305175781,68.81999969482422,13340300.0,0.4608465376869632,0.4809036009976735,0.4222625636512052,0.9545445053913268,0.5056357887944735,0.34763758367922226,0.06277825224741493,0.6781404586957477,0,0,-0.016789748496095967,0.02996091770942794,-0.22318718774031657
2020-01-17,68.75,69.08000183105469,68.29000091552734,68.55999755859375,18144100.0,0.4600143603836319,0.4796490629793875,0.39939298276799107,0.9542296732242099,0.4894990831234095,0.2991229281249234,0.08277957799398511,0.6683021468592024,0,0,-0.00784656957166415,0.0380703684713773,-0.25356002383492926
2020-01-21,68.37999725341797,68.41999816894531,67.51000213623047,67.58000183105469,17982600.0,0.45886456425980143,0.4785662285431389,0.3213765370261997,0.953891325692688,0.47573290627106585,0.2208770508145403,0.11589507474337962,0.658551405492485,0,0,-0.012689544168142247,0.04361151691419913,-0.23278879306891292
2020-01-22,67.55999755859375,67.69999694824219,67.0,67.19000244140625,17033100.0,0.45711763409101697,0.4769544376267839,0.293738446360456,0.9535611104763349,0.43830468792748856,0.2126506310763413,0.15433430123164532,0.6493155134205134,0,0,-0.008286438937863674,0.056377701757289525,-0.2582124367481665
2020-01-23,66.70999908447266,66.93000030517578,66.05000305175781,66.7699966430664,19605900.0,0.4548815607609032,0.4758466774887288,0.2650806721002784,0.9531689589898185,0.43563928727473444,0.20942805884333715,0.2014963718954743,0.6386845668298243,0,0,-0.009822830908369147,0.06935561084661636,-0.28307783549122906
2020-01-24,66.54000091552734,66.68000030517578,66.04000091552734,66.31999969482422,18238600.0,0.4525311475633414,0.4747333794796528,0.23581722236859146,0.9527921413575506,0.4360723354083264,0.25408552062028433,0.24539729374663055,0.6287950140682096,0,0,-0.007488393367351195,0.07233790735192809,-0.36962710118300757
2020-01-27,65.41999816894531,65.7300033569336,64.69999694824219,64.73999786376953,21231000.0,0.44910716482024765,0.4734511457676077,0.15160018993674942,0.9523033951861772,0.4058228793103021,0.2336803998706069,0.29826915928363057,0.6172828862359284,0,0,-0.010856472014720406,0.08971659537117085,-0.331875730138927
2020-01-28,65.11000061035156,65.19999694824219,64.62999725341797,64.6500015258789,19664700.0,0.44577847014658006,0.47230184420179855,0.14745824890539425,0.9518485252114988,0.3892494510309223,0.27966049384060065,0.3478903288716697,0.6066200564029739,0,0,-0.007414324571706824,0.09669450637615415,-0.3572752831531909
2020-01-29,65.02999877929688,65.12999725341797,63.900001525878906,64.11000061035156,14202800.0,0.4423671902176853,0.47108607761931376,0.12282411479001484,0.9515087385374925,0.3920273752978315,0.3033267439013566,0.3991014098825573,0.5989188435926341,0,0,-0.017478688735461816,0.09806657103863023,-0.4307810953874912
2020-01-30,63.77999877929688,64.87999725341797,63.43000030517578,64.79000091552734,18544700.0,0.43919730737754364,0.46986754104487616,0.2159844662215539,0.9510844371332943,0.3995677995095778,0.33610894101290595,0.4495468454184876,0.6089743735729132,0,0,-0.0054593428605363035,0.11839032748440848,-0.4002495648591354
2020-01-31,63.20000076293945,63.20000076293945,61.86000061035156,62.119998931884766,34282900.0,0.4336198341362871,0.4680951254578535,0.10290373207985712,0.9501634840552584,0.34015272528607243,0.29055432228850603,0.503915476702564,0.5903850877521176,0,0,-0.020682206106694943,0.12609973557948484,-0.44312391848712135
2020-02-03,61.380001068115234,61.41999816894531,60.369998931884766,60.72999954223633,27389300.0,0.4275214582749279,0.4661316205708931,0.062371137507970936,0.9493716938807881,0.3479669329248272,0.2759306519767153,0.5593361003497286,0.5755337325245401,0,0,-0.016258888499627096,0.160817801839001,-0.39552479261574813
2020-02-04,61.45000076293945,61.90999984741211,59.88999938964844,59.970001220703125,31922100.0,0.42059726136388925,0.463899484568835,0.043069515641436545,0.9484138704577396,0.2836218181137013,0.3033841965262907,0.5972874877885703,0.5582245480360628,0,0,-0.025687491932320373,0.16334599141143485,-0.4664910595191396
2020-02-05,60.75,62.93000030517578,60.59999847412109,62.72999954223633,32099200.0,0.4157947906456873,0.46197752110962875,0.29691919373288134,0.9475852484554976,0.3179826195587945,0.37103987375273195,0.6074552281605732,0.5756297618137445,0,0,-0.0143405134708363,0.17708858646672404,-0.4388860956990927
2020-02-06,62.93000030517578,63.0099983215332,61.77999877929688,61.880001068115234,16055400.0,0.4111257212860609,0.45990323978628567,0.2628829111493569,0.947150844188513,0.3181250451594603,0.3907374202978253,0.6150496986708507,0.566924009979238,0,0,-0.048461676035570514,0.13454491476161365,-0.4812689119562635
2020-02-07,61.40999984741211,61.65999984741211,61.060001373291016,61.470001220703125,15112500.0,0.40585952030475664,0.45784280525338006,0.2469457180449379,0.9467329963179059,0.30607275600053707,0.380171013580433,0.6276232085985591,0.5587295287082028,0,0,-0.02456367859610266,0.1609567344416545,-0.4841628727752249
2020-02-10,60.47999954223633,60.52000045776367,59.619998931884766,59.959999084472656,20934500.0,0.4000279495838243,0.4554112720884106,0.19306854330241865,0.9461073613412494,0.3187315711471433,0.35507893518602196,0.6484162449697297,0.5473781726672773,0,0,-0.013990574154436716,0.17715963865440668,-0.4073531872176677
2020-02-11,60.58000183105469,60.88999938964844,60.16999816894531,60.52999877929688,14908700.0,0.39413920408261566,0.4531486725135253,0.23970876463833993,0.9456749518224066,0.3024336135333858,0.3823073187184797,0.6593493349956765,0.555462147054406,0,0,-0.016010722378722083,0.17995332021813756,-0.3884256382778792
2020-02-12,61.34000015258789,61.52999877929688,60.560001373291016,61.27000045776367,17862100.0,0.3891016949525891,0.4512488647641725,0.2981935703237223,0.9451771099710862,0.32237662100891695,0.410098885212688,0.655649635058845,0.5651475494637597,0,0,-0.02841568239534507,0.16570300340770383,-0.37204693394882743
2020-02-13,61.060001373291016,61.41999816894531,60.560001373291016,60.93000030517578,16949400.0,0.38391807922651183,0.449174584497272,0.2835164148468172,0.9446965122592785,0.3274276125627279,0.41534220503090313,0.6522141994032156,0.5559570422111355,0,0,-0.023502569457281335,0.16827160594519974,-0.39350416892801776
2020-02-14,61.150001525878906,61.15999984741211,60.27999877929688,60.650001525878906,10855300.0,0.37872810967005904,0.44717230923095286,0.27119135653018134,0.9443843882568435,0.3493635579347173,0.414802594462926,0.6515337317438092,0.550070951058681,0,0,-0.025110825313161413,0.16773348382594663,-0.3881503595507109
2020-02-18,60.150001525878906,60.38999938964844,59.45000076293945,59.880001068115234,18948500.0,0.37321416503945476,0.4447435450014937,0.23805305410754798,0.9438181687011862,0.35765146910125484,0.39492474667822913,0.6578372171558757,0.539796467792232,0,0,-0.011541644605577923,0.1848309777814174,-0.36570485980469003
2020-02-19,60.11000061035156,60.619998931884766,59.83000183105469,60.34000015258789,12804900.0,0.36861497327430387,0.44250863795104056,0.2794060084225005,0.9434446515132184,0.39567340278486085,0.41266396652070203,0.6581961768345808,0.5467396944739509,0,0,-0.011022041343341669,0.17384762603583076,-0.3770875322024339
2020-02-20,60.22999954223633,60.540000915527344,59.720001220703125,59.86000061035156,14817200.0,0.3639586091521528,0.43983616619540555,0.25713490662580596,0.9430021207718942,0.3917169034336693,0.4068756074820177,0.6595267322169684,0.5387053343158578,0,0,-0.012926728162486125,0.16672193151891396,-0.32863768588351494
2020-02-21,59.5099983215332,59.5099983215332,58.790000915527344,59.130001068115234,20315700.0,0.3591053223306025,0.4369199869135947,0.22473416093931012,0.9423737812317587,0.3644110683227032,0.3716552597058774,0.6686293686465268,0.5276895114435356,0,0,-0.012028022029143624,0.17457401697941746,-0.3391246079197346
2020-02-24,57.619998931884766,57.79999923706055,56.36000061035156,56.36000061035156,32096600.0,0.35277825946451796,0.4334028493204234,0.128731003695733,0.9412497802176376,0.3045670170131351,0.2640953889880564,0.6916294910010143,0.5102857074690834,0,1,-0.02130895144212392,0.20869270978657242,-0.29003885339737395
2020-02-25,56.75,56.75,53.970001220703125,54.20000076293945,36414500.0,0.34608275440475716,0.4293152148758347,0.07574477016868378,0.9398595982455009,0.2828764296720833,0.19501569919931133,0.7220655211008469,0.49054059989296345,0,1,-0.04932574075924116,0.23278925841906925,-0.2751951411207846
2020-02-26,54.54999923706055,54.81999969482422,52.93000030517578,53.0099983215332,29801000.0,0.3386884734002404,0.4245158446270608,0.051478805920155274,0.9386710319083069,0.2648253015941271,0.19011158951590995,0.7533806994553711,0.4743815437236916,0,1,-0.02988927876533313,0.2774907175114661,-0.19741698546720024
2020-02-27,51.709999084472656,52.43999862670898,49.79999923706055,49.81999969482422,48141300.0,0.3296107884143152,0.4191404375429638,0.0,0.9365264271906404,0.18843887016449,0.18086732847143427,0.7894279846885088,0.4482777897972541,0,1,-0.03603093582133256,0.3372948088956066,-0.16185622124179805
2020-02-28,48.77000045776367,51.43999862670898,48.0099983215332,51.43999862670898,62446700.0,0.3211302350500677,0.41400043012206855,0.11790098082422687,0.9339027331241421,0.281173255327799,0.251591814813841,0.8258164461819437,0.4821383895383925,0,1,-0.015254960676152415,0.41770376356411254,-0.12063432703824054
2020-03-02,52.59000015258789,53.88999938964844,51.130001068115234,53.880001068115234,38127600.0,0.3158957983740896,0.4096247777880393,0.26702814523403395,0.9324429898713729,0.39924987346514373,0.36069051490622683,0.8251951360490579,0.5028123947731004,0,1,-0.08903580780184221,0.3205676928207529,-0.19751166638128126
2020-03-03,53.95000076293945,54.150001525878906,50.97999954223633,51.29999923706055,50580700.0,0.30990541581963166,0.40448200037519144,0.20297761039713427,0.9303175388717047,0.3355038922020284,0.3651208604899918,0.8213428817859365,0.475385920078255,0,1,-0.11024503199056888,0.26855970896720754,-0.2500000176999684
2020-03-04,52.22999954223633,52.47999954223633,51.119998931884766,52.41999816894531,24079600.0,0.3051092965085293,0.39978232765143096,0.262619008238947,0.9293475726171736,0.43856347378758104,0.38151481151174405,0.8177657885416094,0.48844265001797504,0,1,-0.08226123359577905,0.3015594081106711,-0.25497072535837517
2020-03-05,50.41999816894531,50.70000076293945,49.040000915527344,50.11000061035156,40788200.0,0.2970924758306605,0.3942906062599303,0.20780841270040581,0.92756792487635,0.4088701278029403,0.35773397033729326,0.8224906165079293,0.46632598229395594,0,1,-0.04597481746651115,0.3149561753707068,-0.13735210224611596
2020-03-06,48.84000015258789,49.0099983215332,47.20000076293945,47.68999862670898,55640500.0,0.2880783146088351,0.3880317608460533,0.1594688674610085,0.9249473724734831,0.3846446908911398,0.3411389989270641,0.8327268665786838,0.43615592206824644,0,1,-0.03272798582464299,0.35601676182982445,-0.15286369495333296
2020-03-09,41.709999084472656,44.56999969482422,40.79999923706055,41.86000061035156,72896300.0,0.27562111399934136,0.38023313057284525,0.07417538563157625,0.9208988482595291,0.30948926957118783,0.27357951325948915,0.8557522608371899,0.396629214701645,0,1,-0.019081565812888498,0.5036696364886963,-0.01572656786741779
2020-03-10,46.16999816894531,46.2599983215332,41.45000076293945,43.40999984741211,60445900.0,0.2651077711045838,0.37283329356901784,0.14477079004245366,0.9176911833201662,0.29731235001796863,0.32400843600309936,0.8601029590338432,0.42940491663453945,0,1,-0.12828473133267987,0.4546105709943766,-0.09651211280276539
2020-03-11,42.38999938964844,43.47999954223633,41.75,41.97999954223633,51986100.0,0.25332393354161925,0.36510389724799586,0.12418571067679382,0.9148310980650538,0.2207163241111318,0.32515327460336674,0.8641428930735924,0.4012163890709885,0,1,-0.03662750882692479,0.5238423852499778,0.024418368509950772
2020-03-12,39.900001525878906,40.650001525878906,37.0,37.18000030517578,65725300.0,0.23802082516613504,0.3561587332880468,0.066247065588837,0.9107629859579487,0.08518058360670472,0.2903915269579391,0.8777883999849909,0.36557802745754464,0,1,-0.06908055163176449,0.5950451643622945,0.09123387465747916
2020-03-13,40.0099983215332,40.13999938964844,35.0,38.119998931884766,79891500.0,0.22353083260285483,0.3473908118375981,0.10669227928548566,0.9059463929544402,0.12424285873907642,0.3124984393467488,0.8937222074649922,0.408897756189714,0,1,-0.13474981926871496,0.6237224919596894,0.10570199765782906
2020-03-16,34.400001525878906,37.880001068115234,33.25,34.4900016784668,48924700.0,0.20691276243963858,0.3373074252232089,0.06617977965200092,0.9027466398484116,0.08211086123297445,0.30879714399939173,0.911122247991569,0.38236921770561033,0,1,-0.030167931744536563,0.7505245959417904,0.277282266290494
2020-03-17,35.209999084472656,37.380001068115234,34.20000076293945,36.810001373291016,41204400.0,0.19225760663573305,0.32802439513953385,0.1589712109379731,0.9001976752873184,0.13840020374486717,0.34797884651252764,0.927279428480533,0.40471156239273975,0,1,-0.05682803679584469,0.806030672199618,0.3551753958785123
2020-03-18,34.54999923706055,36.709999084472656,31.229999542236328,33.119998931884766,54036400.0,0.17496617342598758,0.3175699077801961,0.11405467933778637,0.8965720124628134,0.09727318316915212,0.34298966803677033,0.9464233124779682,0.3754112965363846,0,1,-0.09019287071347894,0.7731594138196083,0.3238250893489946
2020-03-19,33.72999954223633,34.900001525878906,32.349998474121094,34.43000030517578,49412400.0,0.15881183352587352,0.3076388379735011,0.1629187979014177,0.8933596459043236,0.1794730621703054,0.3646723285434774,0.9641997761898722,0.4022042815724078,0,1,-0.07548309422175854,0.8840579626682564,0.2841183620435767
2020-03-20,34.84000015258789,35.18000030517578,31.559999465942383,32.7400016784668,76534600.0,0.14204765676660652,0.29753329564925857,0.14121895849664837,0.8882117422334193,0.12827194802732206,0.37130319104376325,0.9817788941496004,0.36070477147903,0,1,-0.10485043794231043,0.77897181112695,0.2916061814271333
2020-03-23,32.529998779296875,32.70000076293945,30.11000061035156,31.450000762939453,56952500.0,0.12622364577101958,0.2869237225467163,0.12518621671952143,0.8842871862664441,0.19666393620373668,0.3650586456238069,1.0000000000000002,0.32982330285447203,0,1,-0.07391563973367041,0.8857666008940188,0.37568730669453704
2020-03-24,34.41999816894531,36.16999816894531,33.33000183105469,35.439998626708984,61835600.0,0.11430640442620327,0.2775908431723133,0.268735495295939,0.8803967341933991,0.3179627116731577,0.41502249243816264,0.983311231385571,0.36335254461349437,0,1,-0.13704284432554406,0.8620031781461156,0.30429263203067186
2020-03-25,36.5099983215332,38.59000015258789,35.18000030517578,37.290000915527344,56607700.0,0.10432031798192415,0.26858752205866254,0.327104055651705,0.8769974956519531,0.39969967567781584,0.4467628148942703,0.9486045932653742,0.3940470516405501,0,1,-0.18058684986399387,0.7059819815824603,0.21811522732701116
2020-03-26,37.5,39.560001373291016,36.720001220703125,38.81999969482422,46722000.0,0.09733259730678584,0.2601740845707723,0.3733289868883307,0.8743025849019781,0.5397640684354507,0.46955718341732067,0.9092500642006549,0.41938121567332476,0,1,-0.1981764335803834,0.6414587712971914,0.23277018214181588
2020-03-27,37.130001068115234,37.68000030517578,36.20000076293945,36.95000076293945,51558600.0,0.08812786479266083,0.25127323308697247,0.33583017919392233,0.871196763621112,0.41582800649225105,0.45655482344630827,0.8747436876274024,0.39142449229461207,0,1,-0.18083463454276213,0.6190107925863981,0.22179290772893834
2020-03-30,36.22999954223633,38.150001525878906,35.86000061035156,37.5,45835000.0,0.07772251278152825,0.24259947129051618,0.35332869404473055,0.8684788529743819,0.3796280496212723,0.46611117860197965,0.8389970993164233,0.4162776965333481,0,1,-0.1656291963604796,0.6600811606507843,0.21353177880207358
2020-03-31,38.34000015258789,39.45000076293945,37.369998931884766,37.970001220703125,41491600.0,0.06925466707803235,0.23412787664892432,0.3688262636502373,0.8660519957665005,0.4254187446014305,0.4922856335020327,0.7957019274228985,0.43877577025412795,0,1,-0.2194666544596355,0.59413330078125,0.09573333740234374
2020-04-01,36.86000061035156,38.70000076293945,36.34000015258789,37.52999877929688,36045900.0,0.05979583466095556,0.22580582776663116,0.35849069125100097,0.8639249146263581,0.3819669052087975,0.4880230870614606,0.7604794811807796,0.41923052939737965,0,1,-0.17777191948889295,0.6236502381849878,0.14327096264992553
2020-04-02,38.7400016784668,41.959999084472656,37.900001525878906,40.400001525878906,62000200.0,0.053627583628396924,0.21838660398846077,0.4536935217143091,0.8605311052316904,0.3871061997480186,0.572415189982172,0.7048104281193113,0.45284902254546483,0,1,-0.2299494097739195,0.553423856078674,0.08686380036152717
2020-04-03,41.45000076293945,42.18000030517578,38.52000045776367,39.209999084472656,48425700.0,0.04824068652599245,0.2107541373133841,0.4222302281460474,0.8578048981165156,0.3777691999838676,0.5936690073145103,0.6517124599632809,0.4265910578350086,0,1,-0.28069306248228393,0.4047029172424121,0.09628710996846454
2020-04-06,39.880001068115234,40.83000183105469,39.22999954223633,40.470001220703125,41301900.0,0.047357693119312816,0.20359523784377975,0.46276851346517645,0.8555596096286879,0.48739542536989416,0.6091435257236808,0.6024072038183956,0.4489862701432415,0,1,-0.24917114730646964,0.43024736867605196,0.10354495417985156
2020-04-07,42.900001525878906,43.31999969482422,41.15999984741211,41.2400016784668,48921800.0,0.04597920756748075,0.1970871480891483,0.4872527439595503,0.852960044807539,0.4189274545674517,0.6806632612223132,0.5591727308519967,0.4755132361545123,0,1,-0.3160365833886954,0.29453911068447,0.06103279791210606
2020-04-08,41.95000076293945,44.040000915527344,41.470001220703125,43.84999847412109,33355600.0,0.04716711940373702,0.19132679452610768,0.5645027583066207,0.8513159045199328,0.5525714093027143,0.7208958134225325,0.5232342416087772,0.4935997102312132,0,1,-0.2870998950218296,0.29582929840930644,0.06328808205927784
2020-04-09,45.459999084472656,46.709999084472656,41.7400016784668,43.130001068115234,60107300.0,0.05094684152630802,0.18551659272878152,0.5407522633650566,0.8482981569789945,0.6183165597138984,0.7125718851675299,0.5039661614705833,0.46100760805735086,-1,-1,-0.3500569899262412,0.19817566120406643,-0.019612329310777863
2020-04-13,44.45000076293945,44.68999862670898,41.970001220703125,42.7599983215332,29651900.0,0.053894388768824075,0.1794156030500621,0.5282238922010188,0.8467971019202669,0.559057885058397,0.6624883278854492,0.4860743727708316,0.4449293986809665,0,1,-0.33248318565864915,0.22490147281981832,0.03385112562753891
2020-04-14,43.0,43.75,41.90999984741211,42.43000030517578,30769000.0,0.05893825172922634,0.17396265415080503,0.5165780741554501,0.8452273398532255,0.5778058079472167,0.633569513669088,0.46895709933550916,0.42824546192473933,0,1,-0.30144995078629966,0.26075776341328705,0.07577179152589414
2020-04-15,41.0,41.060001373291016,39.380001068115234,40.47999954223633,33125000.0,0.061269608282213506,0.16835461845190092,0.4502921335228184,0.843447928993847,0.5453312949152308,0.5607941256869239,0.4332765196665436,0.41028402654984825,0,1,-0.2566580087514172,0.2705632679629265,0.09521567019726201
2020-04-16,40.47999954223633,40.47999954223633,38.93000030517578,39.150001525878906,30934000.0,0.0651001513546855,0.16258872701783933,0.40882528966283993,0.8417302176600789,0.5345141123997182,0.5320539151196817,0.3969345059977126,0.39351062151175376,0,1,-0.2561758658387543,0.2524703887419688,0.12327079384623735
2020-04-17,39.880001068115234,43.31999969482422,39.869998931884766,43.220001220703125,40829100.0,0.07068397600304144,0.15718562740931008,0.5466674147835433,0.839703675685953,0.5490946757028764,0.6014367082291164,0.38025011559215566,0.4156494665250357,0,1,-0.24955300324332086,0.2332055401679324,0.16347375381201776
2020-04-20,40.75,42.7400016784668,40.540000915527344,41.18000030517578,39260800.0,0.07604546263049544,0.15145296848358625,0.48256498040950957,0.8376449161359782,0.5696085715403049,0.5749190864541152,0.3647574673584241,0.39436100397510293,0,-1,-0.246182301923483,0.13789909569964828,0.1517816100881705
2020-04-21,40.400001525878906,42.130001068115234,39.630001068115234,40.959999084472656,44381600.0,0.08208666371157819,0.1457729277841009,0.47581731866163,0.8353085716812099,0.5713372640121892,0.5455486756123171,0.3430761224375498,0.37029587974161565,0,-1,-0.2498786022163781,0.15322966274482194,0.21466731634474562
2020-04-22,42.59999847412109,42.93000030517578,41.86000061035156,42.130001068115234,27074200.0,0.08633646992762739,0.14083508751807017,0.5147621248213811,0.8339308204865366,0.4841154771712036,0.5957326737169283,0.3279366173781408,0.384976377662427,0,-1,-0.304931595286688,0.10034181401897568,0.15869140979702942
2020-04-23,43.130001068115234,44.65999984741211,42.810001373291016,43.45000076293945,35271000.0,0.09024959340877386,0.13610495227792485,0.5568741301669495,0.8322047623199684,0.43531631471042015,0.6412511536101748,0.3239092136184101,0.40410144293360534,0,-1,-0.3090434400111481,0.08497502790397105,0.23617376004459203
2020-04-24,44.400001525878906,44.88999938964844,43.130001068115234,43.72999954223633,28653800.0,0.09336865772229103,0.13124742381900678,0.5657906566962744,0.8308161154078966,0.3721118567444829,0.6395226611585625,0.32144996219022864,0.4196384505394938,0,-1,-0.3288837897493424,0.05316449983964225,0.23797468287750556
2020-04-27,43.59000015258789,44.31999969482422,42.22999954223633,43.93999862670898,28274400.0,0.09780903523063961,0.12654221216778305,0.5728173683494977,0.829456189894199,0.40682606264344445,0.6120286410029896,0.3108679508397067,0.4349697353202884,0,-1,-0.30825519513707667,0.07134687776228617,0.2270752437485154
2020-04-28,44.369998931884766,45.38999938964844,44.11000061035156,44.970001220703125,26545100.0,0.10255433359184124,0.12219979234209144,0.6075375989211739,0.8282198718136251,0.3853702672233475,0.6646556774350827,0.3076080047063632,0.4493633382839116,0,-1,-0.3245334266548031,0.053254443006867075,0.1429222300925798
2020-04-29,46.2599983215332,47.59999847412109,46.15999984741211,47.459999084472656,29502500.0,0.10858282943544856,0.11876019656408021,0.6824414658271017,0.8269516367937553,0.46830211151440426,0.7503529889105727,0.316519351424536,0.4653605381978052,0,-1,-0.359128247115692,0.02979764545727829,-0.0017789195949719629
2020-04-30,47.68000030517578,47.68000030517578,45.77000045776367,46.470001220703125,37076300.0,0.11426194215323066,0.11491903858117791,0.6375229638788507,0.8253085538945633,0.4478193361191276,0.7098404687222941,0.3209701773460163,0.4452565814765954,0,-1,-0.3702064903868181,0.0,-0.01074593649533644
2020-05-01,45.630001068115234,46.38999938964844,43.0,43.13999938964844,35399300.0,0.11600251849163962,0.11028860086604597,0.506830954292101,0.823576115363529,0.35382805475629664,0.579557479306894,0.3008706887277129,0.42606194783836504,0,-1,-0.33397891220302506,0.04411446488508461,0.03249404523063526
2020-05-04,42.5099983215332,44.93999862670898,42.220001220703125,44.880001068115234,27465600.0,0.11960437213611003,0.10634220537422456,0.5631890431228778,0.8223014695929094,0.4670681734943941,0.5641835137068443,0.27624730558887595,0.44095467536840605,0,-1,-0.2874362050676583,0.11984242134419534,0.1318962105217735
2020-05-05,46.2599983215332,47.150001525878906,44.65999984741211,44.83000183105469,29276200.0,0.1223740509005255,0.10314908711434223,0.5612833433996126,0.8209426236399566,0.3707398785328444,0.6371421430734454,0.2672084675543401,0.42508018255867364,0,-1,-0.2881015192235493,0.031639972144550846,0.008244267775762105
2020-05-06,44.93000030517578,45.27000045776367,43.900001525878906,43.9900016784668,22659000.0,0.12412098106931008,0.10032152961550267,0.528357686904655,0.8198654260926079,0.4221527807360594,0.5656127358165397,0.2527966220450676,0.41279374741423114,0,-1,-0.21748828020894637,0.06134284826406179,0.04438986800109872
2020-05-07,44.959999084472656,45.27000045776367,43.970001220703125,44.2400016784668,22160300.0,0.12436872956516248,0.09789276644248612,0.5375945649574994,0.8188208980464364,0.33910288020105483,0.5665223150060069,0.23941419407217168,0.4248097714546296,0,-1,-0.2068651540555763,0.06183225998908228,0.023187097495905855
2020-05-08,45.310001373291016,46.220001220703125,44.97999954223633,46.18000030517578,19977400.0,0.1263062334495229,0.09688470488588674,0.6060247615425614,0.8179348012254324,0.42977080475880824,0.6274346460083906,0.2332431750979651,0.43564215723752314,0,-1,-0.21360760407789742,0.05357140239527453,0.02509034253031171
2020-05-11,46.11000061035156,46.20000076293945,45.5099983215332,45.7400016784668,22258000.0,0.12819927263763448,0.0953061475343121,0.5863093432276414,0.816934788015661,0.4398232064817591,0.6166455242565307,0.2275129431933447,0.42357315712961896,0,-1,-0.2219575559173653,0.033997394639433465,0.012776096766759101
2020-05-12,45.41999816894531,45.66999816894531,44.119998931884766,44.119998931884766,25439100.0,0.12927283975988996,0.09260321220584988,0.5166948904005964,0.8157352305098411,0.4156154361706329,0.5522011421106968,0.20945235071313772,0.4097792627705128,0,0,-0.19851328559596554,0.0494097519304294,-0.020113645281705877
2020-05-13,43.7400016784668,43.869998931884766,41.59999847412109,41.93000030517578,30827900.0,0.1301939488789952,0.09000828437825947,0.43465099397247675,0.8141886947300647,0.3511534095666178,0.4287660061653841,0.1966604867106143,0.3930633885488191,0,0,-0.16772442667787674,0.08930187493412686,0.03241152595416501
2020-05-14,41.06999969482422,42.54999923706055,40.20000076293945,42.29999923706055,24856500.0,0.13219497652745543,0.08720565152478388,0.4503115696675404,0.8129563379952995,0.4348892261802494,0.3673220932322695,0.1938355258614476,0.4065413785381317,0,0,-0.07560214991350744,0.1576437052764732,0.060815626484643226
2020-05-15,42.380001068115234,43.0099983215332,41.84999847412109,42.0,22445600.0,0.1314199740044007,0.0849596676758464,0.4389068205141413,0.8118353449330029,0.3242942558778238,0.40303017956568943,0.18719522843400038,0.39437065570490437,0,0,-0.09125297115773179,0.12529549249771682,0.04586285252244832
2020-05-18,44.400001525878906,45.58000183105469,44.060001373291016,45.34000015258789,32026100.0,0.13406260281734034,0.084308859017316,0.5716548352207673,0.8103880300114228,0.4012264233200543,0.5621718734837315,0.16777452656387648,0.4117362323225587,0,0,-0.13023812430245535,0.07809520903087798,0.007619040352957589
2020-05-19,45.54999923706055,46.630001068115234,43.93000030517578,43.93999862670898,21771600.0,0.13595563958217555,0.08488489373975461,0.5154731798413232,0.8093626973195067,0.3521523001139033,0.54295214811673,0.15686830156563347,0.39993097386495935,0,0,-0.14600791595954402,0.04697840893133873,-0.04058227054246863
2020-05-20,44.619998931884766,45.58000183105469,44.56999969482422,45.369998931884766,19352400.0,0.1380138395876362,0.08542769595385535,0.5665572291177497,0.8084909859247342,0.40175753899893285,0.5615218550480016,0.1467410926386935,0.4104244646407795,0,0,-0.12949473838286177,0.06964045218315028,-0.012289420066159044
2020-05-21,45.43999862670898,45.790000915527344,44.38999938964844,44.560001373291016,19130700.0,0.13871896451621518,0.08614220174999332,0.5333343800093441,0.8076083671515808,0.39449730900283075,0.5362662215334262,0.13887089894424715,0.4000511867018684,0,0,-0.14348685199016284,0.04937186976419771,-0.023143029794577087
2020-05-22,44.04999923706055,44.66999816894531,43.45000076293945,44.59999847412109,15406400.0,0.13927162901836793,0.0881970962989932,0.5348764258788022,0.806899034340034,0.44016925421299435,0.47872590250715386,0.12323023942756728,0.40840502996102984,0,0,-0.1149012292210938,0.08146321715086469,-0.018177682532102824
2020-05-26,45.7400016784668,46.29999923706055,45.470001220703125,45.90999984741211,20356500.0,0.14052306704200018,0.09035445942140174,0.5851206496669009,0.8059999225243382,0.4065178394083523,0.6085002397620265,0.12102733192666248,0.4194429758994138,0,0,-0.15269061897485228,0.04349772854442267,-0.05829601743881218
2020-05-27,46.65999984741211,47.13999938964844,45.40999984741211,46.2400016784668,20788300.0,0.14132983144710481,0.09360850482693861,0.5974919578167625,0.8050922526875053,0.38651537793871416,0.6259322910358354,0.12478209182704159,0.4307150576202847,0,0,-0.16837289409557815,0.022217391878757937,-0.11544324231487231
2020-05-28,46.43000030517578,46.459999084472656,44.93000030517578,45.040000915527344,19698000.0,0.1397925340617469,0.09588772118421407,0.5396218849752439,0.8041999921644076,0.3049653534107334,0.5743375368714647,0.12359028301976988,0.4200341714613533,0,0,-0.16219722594630928,0.02703287099105155,-0.0817473754776518
2020-05-29,44.81999969482422,45.68999862670898,44.369998931884766,45.470001220703125,25874700.0,0.13915728672764344,0.09930793124432469,0.5577348865143102,0.8030447874933713,0.3594567705504055,0.5583117178386344,0.11701665782295687,0.4340642620845893,0,0,-0.11523087302868493,0.06349912416110963,-0.047957366862918044
2020-06-01,45.31999969482422,46.45000076293945,44.79999923706055,46.27999877929688,19031000.0,0.14115196296900417,0.10258967023073606,0.5916391624532439,0.8022175796894886,0.4549626752510413,0.6092417977147507,0.11691447491684803,0.44438347949197204,0,0,-0.12513741970427414,0.05190236522969393,-0.02749065243989608
2020-06-02,46.86000061035156,47.45000076293945,46.75,47.310001373291016,22319000.0,0.1426956141847378,0.10662468644908651,0.6327502717335932,0.8012805120915689,0.4291468575754057,0.7042369793805028,0.12429594385084797,0.45648555575256655,0,0,-0.15622298472208757,0.017718230692586823,-0.048184952486081456
2020-06-03,48.0,49.400001525878906,47.95000076293945,49.2400016784668,23418000.0,0.14549705483120318,0.1115514499166329,0.7010876115227919,0.8003614356998514,0.5165113204487153,0.7919720633341396,0.14384739450848694,0.469183544993599,0,0,-0.16486998542900183,0.029592083814000494,-0.0786303342363303
2020-06-04,48.880001068115234,49.150001525878906,48.15999984741211,49.09999847412109,18731400.0,0.14874316667291992,0.11533445074583348,0.6927768744088654,0.7996233878729719,0.5898115366627392,0.7403509809110994,0.16200231297629458,0.459026780296807,0,0,-0.17627944779237573,0.010560528839118092,-0.10885459844928377
2020-06-05,51.650001525878906,53.45000076293945,51.59999847412109,53.08000183105469,41328900.0,0.15435875320332587,0.1197073341443523,0.8062647222411835,0.7982264312263658,0.6655834808929262,0.8690572502585656,0.20009005855305534,0.48143663286934546,-1,-1,-0.23319757879370104,0.03665986340120284,-0.18635441568703012
2020-06-08,54.720001220703125,55.36000061035156,53.459999084472656,54.7400016784668,33579400.0,0.15979647125563118,0.1241162200431617,0.8425530597937664,0.7971710477387917,0.6514858083200579,0.8301762741945786,0.24227335427979907,0.4996444584701792,0,-1,-0.27354935864506097,0.012057260127560943,-0.18971362749525605
2020-06-09,52.880001068115234,53.970001220703125,52.45000076293945,53.52000045776367,27276900.0,0.16473869473950803,0.12870511633053972,0.7730741760321431,0.7962687303636469,0.6887073038388681,0.7221353429116881,0.2706373441641886,0.4848540501206738,-1,-1,-0.23164048075219082,0.04530506880148474,-0.16934600243920406
2020-06-10,53.5,53.5,50.59999847412109,50.650001525878906,31156800.0,0.1688868614790317,0.13234687820697288,0.6322300641287062,0.795115256322799,0.679387981059677,0.6430922389018,0.27891235670870096,0.46795983579045775,-1,-1,-0.24850521530836858,0.0347533743356265,-0.1831091022653186
2020-06-11,47.52999877929688,48.84000015258789,46.09999847412109,46.18000030517578,39183000.0,0.17158666264897154,0.13462055563678488,0.46905480040408143,0.7934239331819319,0.649221382244596,0.5069122364205318,0.2529878403652563,0.44671355889100545,0,0,-0.14471861392960214,0.15459035725900325,-0.0809476475933819
2020-06-12,48.040000915527344,48.619998931884766,45.90999984741211,47.16999816894531,30978100.0,0.17468031648753818,0.13729025740046696,0.5018998185814075,0.7921315844060746,0.6055882144244786,0.5041973221457458,0.22771872522588588,0.4635108763607991,0,0,-0.16977046558635894,0.15851016991015057,-0.08596797735963145
2020-06-15,45.34999847412109,47.7599983215332,44.75,47.13999938964844,27929300.0,0.17794548739710597,0.13915683264148215,0.5008752161343502,0.7909669201968792,0.6719501607662333,0.47361417002488376,0.20702668850022743,0.44836671584711013,-1,1,-0.10917951899714445,0.21221120468095817,-0.038159832667654874
2020-06-16,49.56999969482422,49.75,47.2400016784668,48.20000076293945,26203400.0,0.17976229516036618,0.14164652401659572,0.5378352011306677,0.7899141368594234,0.6156080798707564,0.5308611883003695,0.19020682033850467,0.46257503813246625,0,0,-0.19876960231659108,0.12282564680725858,-0.1175222950203066
2020-06-17,48.0,48.130001068115234,46.59999847412109,46.630001068115234,19279400.0,0.18147111204000138,0.1433524745869429,0.4806358946306788,0.7890984719650169,0.6218040353784088,0.4821808918999113,0.1703213954283852,0.4521211302934723,0,0,-0.16182570775098196,0.15269710568159578,-0.12717844338352247
2020-06-18,46.11000061035156,47.33000183105469,45.77000045776367,46.91999816894531,21478700.0,0.18245574492320654,0.14492549301105417,0.4916069190584814,0.7881992737513532,0.6195636506634408,0.4626289213274494,0.1510069600943572,0.46376756899495675,0,0,-0.1267424343134588,0.1983701434295052,-0.08642502009403805
2020-06-19,48.220001220703125,48.2599983215332,45.97999954223633,45.97999954223633,48899900.0,0.18335779497446086,0.1455153755803723,0.4567276765691919,0.7860920132897369,0.5504900062227013,0.4604381594784138,0.1346858097856502,0.43725247786473376,0,0,-0.1709292576885015,0.1521739059737251,-0.12723788264455768
2020-06-22,45.68999862670898,46.43999862670898,45.400001525878906,46.41999816894531,17565400.0,0.18451394492866707,0.14642650749102648,0.4752090627619946,0.7853469520537684,0.5570156398543638,0.4303038036371626,0.11577084690455486,0.4467770000363296,0,1,-0.11939969374568,0.2103088751612516,-0.04828180574396496
2020-06-23,46.900001525878906,47.220001220703125,46.5,46.70000076293945,18916600.0,0.18501579090419523,0.14751765190313404,0.4873614861409604,0.7845525978567252,0.5376803229878738,0.45554638092387195,0.10338078764115533,0.45703418610161756,0,0,-0.14433436077603534,0.18224901805645358,-0.06570450607639731
2020-06-24,45.90999984741211,45.959999084472656,44.25,44.5,27626900.0,0.1839104594766136,0.1480909176900621,0.4020277593593419,0.7833098736810888,0.5001326631028971,0.3864092501294464,0.09690735824518618,0.4420539965481511,0,1,-0.12226978567854846,0.20235547341658414,-0.04860814605307494
2020-06-25,44.04999923706055,45.2400016784668,43.68999862670898,45.16999816894531,19353600.0,0.1839930398852881,0.14938976607161247,0.43330680331846894,0.7824581756757234,0.5693182259802021,0.38167092352569454,0.09448317389650043,0.4525481380023848,0,1,-0.08651681964317065,0.2541573342312588,-0.013707878884304935
2020-06-26,44.880001068115234,44.93999862670898,43.5,43.619998931884766,31518600.0,0.18281783086323095,0.1506276873075083,0.3768911110324612,0.7810054668152726,0.48197997232475553,0.360821912211271,0.09348647439002616,0.43545774413047406,0,1,-0.06707998044767015,0.23201239687986971,-0.008191338534000886
2020-06-29,43.810001373291016,44.58000183105469,43.540000915527344,44.31999969482422,17052100.0,0.1815727466699743,0.15093232092289655,0.41108154566550303,0.7802368924466072,0.46876660830320316,0.3722266228232187,0.09256096770544292,0.44470393861066065,0,1,-0.00825310910515438,0.26478678404134215,0.026593302976084855
2020-06-30,43.43000030517578,44.970001220703125,43.15999984741211,44.720001220703125,22153600.0,0.17992745597771526,0.15191268889862142,0.43076552927683553,0.7792515270341576,0.4740700266712125,0.38760699750466543,0.08801767751563538,0.45671632969658327,0,1,-0.006092068132283924,0.2691787091002393,0.014891693410575215
2020-07-01,44.4900016784668,45.380001068115234,43.66999816894531,43.709999084472656,17290100.0,0.17641453657229506,0.1526742739935344,0.39065927465905903,0.7784591668616314,0.4043625309043076,0.39568275599647,0.07985790277322474,0.44734108399770317,0,1,-0.02974064836203455,0.24306794801366194,-0.033094886326801486
2020-07-02,44.619998931884766,45.18999862670898,43.93000030517578,44.08000183105469,18216600.0,0.17322559708757862,0.1532143072721247,0.4104692195281676,0.777634333749242,0.3427085682243423,0.4074189707336499,0.07228096908384343,0.4572187076550689,0,1,-0.03340194726728557,0.2457104073077418,-0.032486803905007314
2020-07-06,44.66999816894531,45.08000183105469,43.84000015258789,44.38999938964844,22692000.0,0.16770529620332247,0.15347463052424848,0.4275411840649652,0.7766175401731039,0.2877963883141582,0.4112484997068695,0.06609956512905107,0.4695230364558849,0,1,-0.034255858865899554,0.2425136569271888,-0.04605260197304996
2020-07-07,43.900001525878906,44.0,43.11000061035156,43.2400016784668,17407600.0,0.16039995186113226,0.15333893049894443,0.37758699505184323,0.7758107562918783,0.23965362490348474,0.3770162656734808,0.06731785065432394,0.46008407849567495,0,1,-0.017796821950656946,0.25816623658582616,-0.03311559452388556
2020-07-08,43.150001525878906,43.93000030517578,42.84000015258789,43.13999938964844,18291400.0,0.15380608385462063,0.15311737868262187,0.37330689322143684,0.7749612211016577,0.20081925877907764,0.37746463670116875,0.07099118242719835,0.45016589588386263,0,1,-0.007169319178019228,0.28237739617279306,-0.027520869454518603
2020-07-09,42.900001525878906,43.09999847412109,41.290000915527344,41.36000061035156,25882000.0,0.1479046355392129,0.15211762498899628,0.30184025573963547,0.7736971368476486,0.21326762690103995,0.3137066384550711,0.08779461494075783,0.43613184696694396,0,1,-0.03732036701738773,0.2888270575048378,-0.03662498501179426
2020-07-10,41.119998931884766,42.709999084472656,41.09999847412109,42.650001525878906,18951000.0,0.145662213225276,0.15078554409910805,0.3813390512175263,0.7728061181214216,0.322519020390041,0.34361698790684747,0.1049152936730296,0.4464076858134213,0,1,-0.0004835700548484343,0.34429403936959363,-0.0026595891858868007
2020-07-13,42.97999954223633,43.290000915527344,42.22999954223633,42.65999984741211,20028300.0,0.14279724881471073,0.1497304021872914,0.3819442534740626,0.7718655992638985,0.31929365110925345,0.3838597354783779,0.11277277076166098,0.4572676712056909,0,1,-0.04407974210679702,0.29026965123561305,-0.01781942073488687
2020-07-14,42.52999877929688,44.18999862670898,42.2599983215332,44.06999969482422,21444100.0,0.1408470396928751,0.1499879565039045,0.4646462154794482,0.7709010609895803,0.3240181682831122,0.43462538267917183,0.1083352941998415,0.46889534867958377,0,1,-0.03352086990836086,0.30075016120359854,-0.038677864910534966
2020-07-15,45.02999877929688,45.09000015258789,44.209999084472656,44.630001068115234,17332400.0,0.13857920690398778,0.14991872149527619,0.49519646204511436,0.7701354914026672,0.3347992951488391,0.516265911995746,0.09349504764282379,0.4782935307925426,0,1,-0.08917631795757314,0.23439986164256504,-0.11390970030692446
2020-07-16,44.310001373291016,44.810001373291016,43.790000915527344,44.27999877929688,14673700.0,0.13708637421487874,0.1497664036311397,0.4763302788587991,0.7694808124720107,0.3708216170186087,0.5003190289160666,0.08430884564839503,0.4703369809280735,0,1,-0.07192477755648619,0.24759128327592483,-0.1023974811887051
2020-07-17,44.33000183105469,44.68999862670898,43.38999938964844,43.52000045776367,17958900.0,0.13492653473289268,0.1496362414768566,0.43592145520671954,0.7686614879535232,0.3215369456147059,0.47295311577879506,0.08014138037538152,0.4605990904600243,0,1,-0.07294497393807041,0.24909663693247328,-0.08220423000660954
2020-07-20,43.209999084472656,43.5099983215332,42.47999954223633,42.5,18553900.0,0.13271587430100568,0.1491543653519679,0.385266675667426,0.7677898412889985,0.3838894981421688,0.3889946352677049,0.08569239696271072,0.4505385719452411,0,1,-0.048483469397003646,0.27918201741910664,-0.07513787737519045
2020-07-21,43.150001525878906,45.18999862670898,43.11000061035156,44.650001525878906,28821800.0,0.1315914886521256,0.14873064743722342,0.5103048250594896,0.7665221357527936,0.37780189463900227,0.546260456267184,0.0702005979186762,0.4661666745290309,0,1,-0.0482353659237134,0.254588228113511,-0.08752944048713235
2020-07-22,44.150001525878906,44.150001525878906,43.369998931884766,43.61000061035156,21345400.0,0.12962857429281477,0.14814076486790517,0.45774019456408566,0.7655540346642193,0.3781985595397191,0.4965996242703828,0.05581535594921555,0.454592515354655,0,1,-0.06830913656274018,0.2094064536302845,-0.11108628733853766
2020-07-23,43.400001525878906,43.81999969482422,43.02000045776367,43.70000076293945,17934400.0,0.12912037691018724,0.14802445056050173,0.4628399257707122,0.7647436029628589,0.4426312735023131,0.4794389267519614,0.046580231225058305,0.464317121138427,0,0,-0.05274026644273597,0.1456087682927896,-0.09837195265961635
2020-07-24,43.880001068115234,44.41999816894531,43.18999862670898,43.43000030517578,16415300.0,0.12801504790588186,0.14843986061227243,0.4484696394539581,0.7639963666870524,0.3872067556343365,0.507930298042047,0.036960886238260604,0.4554162200030474,0,0,-0.06361561888922843,0.13432491600464502,-0.10983979755742407
2020-07-27,43.22999954223633,44.09000015258789,42.970001220703125,44.06999969482422,18547900.0,0.12830090969088365,0.14893004460013493,0.4879808231294984,0.7631689688472263,0.4758206175668399,0.5144474269468348,0.025187796491760145,0.46547348512576264,0,0,-0.0490444635769758,0.15012665005638162,-0.11627905138326033
2020-07-28,43.90999984741211,44.25,43.459999084472656,43.54999923706055,19190500.0,0.1278117689528308,0.14935930144234277,0.4577720431946216,0.7623000486656468,0.4289677955243799,0.5238971874537491,0.01638099941622223,0.4550677817125748,0,0,-0.06376222810868415,0.13251645548056962,-0.13523937203867567
2020-07-29,43.709999084472656,44.09000015258789,43.34000015258789,44.02999877929688,14143200.0,0.12737344674140255,0.14899650961681044,0.4889120053682686,0.7616694359313017,0.4206312778359276,0.5380891597337056,0.006471427629643894,0.46273667749504,0,0,-0.05993112872733392,0.10447759625190878,-0.1540757566480627
2020-07-30,43.130001068115234,43.18000030517578,41.83000183105469,41.869998931884766,29901100.0,0.12620459154972102,0.14842324382988237,0.37247705199219083,0.7602495213716982,0.397252761295505,0.33515276948279044,0.015290891060992268,0.4465233439014353,0,0,-0.04610498865034411,0.1165114103030618,-0.1414944291382925
2020-07-31,41.15999984741211,42.16999816894531,40.90999984741211,42.08000183105469,32116200.0,0.12493409688151419,0.1475121119192282,0.38688169960559726,0.7587358528887553,0.4803604762399471,0.30048973216151287,0.033254524648218625,0.4639377756233093,0,0,-0.00597086234481894,0.16957245414960628,-0.10747552220674092
2020-08-03,42.04999923706055,42.5,41.470001220703125,42.25,23033600.0,0.12357466797425692,0.14687238005918213,0.39904222079546015,0.7576570089044972,0.5092908567324012,0.36738382907772726,0.044640917803651176,0.4764273308791913,0,0,-0.027091239069460486,0.12286125852369047,-0.13735737946264262
2020-08-04,42.34000015258789,43.59999847412109,42.2400016784668,43.470001220703125,17724000.0,0.12372077457030756,0.1465594385808201,0.4821794296654732,0.7568570970294437,0.5627948345987106,0.4901408407871208,0.03891407522133089,0.4860378510477821,0,0,-0.03384616106924926,0.11550298386071561,-0.10721890601886094
2020-08-05,44.150001525878906,44.310001373291016,43.52999877929688,43.84999847412109,17175100.0,0.12417179959593466,0.14598894172940236,0.506386900100952,0.7560914807820116,0.5731111326993822,0.5770110968438388,0.029057648401183328,0.4953507400653607,0,0,-0.07453419800972322,0.04163785387086017,-0.14607780332414835
2020-08-06,43.400001525878906,43.900001525878906,43.25,43.63999938964844,14434900.0,0.12562016274224225,0.14526889700580115,0.49253181511213306,0.7554443721851531,0.6268341922334721,0.5367130140574018,0.018815300981810196,0.4875236752051942,0,0,-0.05678453284180429,0.04515392499739453,-0.14161922725800963
2020-08-07,43.22999954223633,43.52000045776367,42.810001373291016,43.43999862670898,18757900.0,0.12612200629449405,0.14482579231671366,0.47886729431359776,0.7545990246569496,0.6207971545763455,0.48439869732426644,0.015118270457981392,0.4773525413601023,0,0,-0.05316223023079443,0.04926676342687792,-0.15582033300104792
2020-08-10,43.9900016784668,44.59999847412109,43.59999847412109,44.5099983215332,24367800.0,0.12729721289327495,0.14455992908068416,0.5528148510623535,0.7535374168311502,0.668486031943087,0.616824253478568,0.012022613439597957,0.49056554256548407,-1,0,-0.07090243849964019,0.03199814534049731,-0.1947514541118864
2020-08-11,45.5,46.41999816894531,44.72999954223633,44.970001220703125,28987500.0,0.12786893646327863,0.1441971383115943,0.5822283240551128,0.7522942498982315,0.5891431996686479,0.7442375267470422,0.028693817486539097,0.5062834929935491,0,0,-0.10312290104866897,0.020669472110499555,-0.249606853051188
2020-08-12,44.459999084472656,44.93999862670898,43.630001068115234,44.09000015258789,22503200.0,0.12752590232127642,0.14330539106239837,0.5155951364555564,0.7513034631485822,0.5772781435090631,0.5961261859791602,0.029297850234806855,0.4940815375964699,0,0,-0.0789414974582258,0.04358459042181033,-0.22548363607738178
2020-08-13,43.5,43.869998931884766,42.91999816894531,43.0099983215332,17338700.0,0.1267191379161718,0.1415800537177082,0.44300543361266764,0.7505153718646134,0.5502270167065704,0.4729496180677011,0.02114216436549196,0.48467993942183973,0,0,-0.058743482504521355,0.06622812789384673,-0.2009526101086103
2020-08-14,42.59999847412109,43.27999877929688,42.40999984741211,43.20000076293945,13595700.0,0.12651585896312084,0.13994610814794228,0.45732268194018344,0.749901365406902,0.601331848042487,0.4393122888922806,0.012743007880726964,0.4920519631781086,0,0,-0.03929315723462537,0.08881655066030823,-0.16949540537834182
2020-08-17,43.16999816894531,43.16999816894531,42.470001220703125,42.63999938964844,15554600.0,0.12660479320217116,0.13705485351149527,0.4201198280671872,0.7491875634317418,0.6210688805396225,0.41311816852687655,0.004943791144873755,0.48361776113487,0,0,-0.05231477503750457,0.07523148015284574,-0.20578701927419912
2020-08-18,42.59000015258789,43.18999862670898,42.290000915527344,42.43000030517578,13014000.0,0.12519454334501295,0.13364572130631125,0.406245766107333,0.7485870476690208,0.5752638622000881,0.4089744144186586,0.0,0.47656115373958446,0,0,-0.03939963248647769,0.0898217183672666,-0.19371478517277965
2020-08-19,42.34999847412109,42.65999984741211,41.869998931884766,41.959999084472656,14473100.0,0.12414638427443175,0.13044429412701275,0.37519015012980095,0.7479104185487002,0.5693114963010621,0.36655249510889554,0.0008157394514692051,0.4687133756165856,0,0,-0.033938218627194316,0.0959226883231427,-0.21729901814026525
2020-08-20,41.68999862670898,41.88999938964844,41.29999923706055,41.31999969482422,15678500.0,0.12263449494074802,0.12786044309790678,0.3349204610578429,0.7471643647842909,0.5147802847284993,0.32001042969446336,0.008641701821306913,0.4602119910271447,0,0,-0.018589103820679236,0.11272639765110665,-0.20757862903995614
2020-08-21,41.29999923706055,41.34000015258789,40.709999084472656,41.0099983215332,25517700.0,0.12109719513211398,0.12642866257012053,0.3160378810183254,0.7459405869026479,0.5324305023990538,0.30501199453148614,0.02281289940749104,0.446375477231949,0,0,-0.014278803411070561,0.12391091407791326,-0.18296218815172746
2020-08-24,41.27999877929688,42.5099983215332,41.09000015258789,42.220001220703125,18208900.0,0.11992198853333297,0.1250578102444312,0.4300415170460613,0.7450980381023524,0.5181523882852967,0.40726112738755266,0.01793935203359423,0.4562489257028276,0,0,-0.013899042139802647,0.12533527432381192,-0.1923920924792047
2020-08-25,41.65999984741211,42.06999969482422,40.70000076293945,40.880001068115234,31285600.0,0.11822587931444922,0.12332416609320962,0.3457713334256568,0.743595412362422,0.5016010039451034,0.35826152345702966,0.018332230595223153,0.4392848718895539,0,0,-0.02273801650204378,0.11274273292060154,-0.19327332097306402
2020-08-26,40.63999938964844,40.84000015258789,40.0,40.0099983215332,26795000.0,0.11567218474056001,0.12105602653441849,0.298921789462405,0.7422787227220957,0.4252575930670386,0.30508343265464655,0.02711956906562768,0.42475576514630237,0,0,-0.01565556196004142,0.14138939893044775,-0.13160471936267681
2020-08-27,40.0,40.29999923706055,39.310001373291016,39.7400016784668,32034300.0,0.11431910966367848,0.11914790986564938,0.2849770575600009,0.7406950740241887,0.47327230179779534,0.3013127591498417,0.04293695129861988,0.40738574222615526,0,0,-0.017245654977636683,0.16045984599529708,-0.13146709678071383
2020-08-28,39.84000015258789,40.91999816894531,39.7599983215332,40.68999862670898,33477100.0,0.1134361138337226,0.11742257357740149,0.3722422591761789,0.7390855552779345,0.45856729214223035,0.3647965202680527,0.047584849585160405,0.4255380974922312,0,0,-0.013336657194558095,0.16557618868755125,-0.13110213549124497
2020-08-31,40.63999938964844,40.720001220703125,39.900001525878906,39.93999862670898,25259600.0,0.11196869161956408,0.11574985551539207,0.32912805786887855,0.737847246817195,0.3890272508811253,0.3648427319844043,0.05190075513694803,0.41184153377915655,0,0,-0.03268611602961346,0.14204961844119784,-0.15777828423742477
2020-09-01,39.75,39.75,39.04999923706055,39.43000030517578,22464100.0,0.10940229180819966,0.11381404526574856,0.3013973951950707,0.7367317748457016,0.36411936102515047,0.3412319614055961,0.06607791300322746,0.3996607796537198,0,0,-0.017526309138912774,0.1670004606481108,-0.14021028208990025
2020-09-02,39.22999954223633,39.720001220703125,38.95000076293945,39.18999862670898,26413400.0,0.10644203932820834,0.11173422501494223,0.2884053730369227,0.7354131614893471,0.35034028877725143,0.35377350251586837,0.08039325438330708,0.3853385886459871,0,0,-0.007101160972096694,0.18234842939540097,-0.12122745986054248
2020-09-03,39.20000076293945,40.02999877929688,38.880001068115234,39.11000061035156,28817200.0,0.10356436968016797,0.11024151839794383,0.2839012942916703,0.7339733033777986,0.3098433027024076,0.37320666191250934,0.0878382786116611,0.3697129803294494,0,0,-0.008165340802184434,0.18423061135514426,-0.13013530154457773
2020-09-04,39.459999084472656,39.790000915527344,38.650001525878906,39.08000183105469,24632500.0,0.10079469333902874,0.10855495460193954,0.28210536330378755,0.7327430806664865,0.26853647101158484,0.37820947806244,0.09775518967025401,0.35635645031067187,0,0,-0.020710752900867033,0.1779595749387561,-0.15443622657292128
2020-09-08,38.25,38.68000030517578,37.34999847412109,38.18000030517578,38496400.0,0.09677357897425726,0.10704840119450376,0.23037034615122462,0.7307767249369523,0.24760317944377064,0.335825898977302,0.12197154525091974,0.33548246991019015,0,1,-0.023029720668122707,0.2090582852136172,-0.11642781534991939
2020-09-09,38.34999847412109,38.84000015258789,37.91999816894531,37.95000076293945,25886100.0,0.09231414239805763,0.10528429347045498,0.2179875971920572,0.7294484827219576,0.2406919885577734,0.3559970476048566,0.14118253939008896,0.3214461978420251,0,1,-0.026191723206048203,0.2113671982797296,-0.13593500747053183
2020-09-10,38.27000045776367,38.369998931884766,36.900001525878906,37.0,34381200.0,0.08781023870233279,0.10314631606594693,0.1704081033819219,0.7276429946070144,0.1945212574854518,0.3258655868800876,0.16937434163239523,0.302803610614517,0,1,-0.03610010288122722,0.21475619360568293,-0.08985506663657797
2020-09-11,37.130001068115234,37.310001373291016,36.4900016784668,36.900001525878906,26838600.0,0.08392887952651246,0.10126035510703124,0.16567393010067513,0.7262320113313883,0.22272746338687982,0.3153528332005407,0.19929768546475057,0.2882508625555721,0,1,-0.01729728080130912,0.2510810027251372,-0.08027030326224663
2020-09-14,36.90999984741211,37.0099983215332,36.4900016784668,36.65999984741211,26129900.0,0.0797743613798893,0.09920545950158888,0.15396659667105847,0.7248515774134652,0.1823043228167543,0.32719282648571146,0.22708364759479494,0.2740823943230478,0,1,-0.011382063728391912,0.25772352109155333,-0.09647699799671543
2020-09-15,36.79999923706055,37.380001068115234,36.209999084472656,36.27000045776367,23724200.0,0.0757278365401674,0.09695670671714085,0.13514420248890843,0.7235872968187036,0.15562775932485462,0.33984206950664414,0.2442563685779075,0.26121837364015,0,1,-0.01609383947200261,0.26241131947423774,-0.10856518163671741
2020-09-16,36.459999084472656,38.150001525878906,36.27000045776367,37.810001373291016,30890900.0,0.07279299453512666,0.09545292224521562,0.329411749390662,0.7220068794789287,0.21319596880870284,0.3937868399922347,0.2436516803264535,0.27796840847855664,0,1,-0.006892748741239317,0.2746070846089746,-0.13482214855064117
2020-09-17,37.34999847412109,37.97999954223633,36.970001220703125,37.79999923706055,24696200.0,0.07015036572218714,0.09397406241865436,0.32873244128488976,0.7207446955400614,0.2675251590658825,0.4150515586667626,0.24309018409296063,0.2645773382806582,0,1,-0.030150736531147707,0.23988361188559157,-0.11584229289428145
2020-09-18,37.52999877929688,37.81999969482422,36.70000076293945,37.18999862670898,46853800.0,0.06752679355382235,0.09281922192538183,0.2875772628363851,0.7183158570941095,0.2851043500787328,0.40692313559748244,0.2463422374247793,0.23917170806879195,0,1,-0.034920627552025144,0.23518517378519785,-0.12989417847919338
2020-09-21,36.43000030517578,36.709999084472656,35.68000030517578,36.43000030517578,35351800.0,0.06461736202373203,0.09109665457264449,0.24131880205682646,0.7164508882643372,0.31992027120028843,0.3663645881633364,0.26209774110203116,0.22000283045109914,0,1,-0.02016671222626418,0.2686205494128454,-0.06560900018309318
2020-09-22,36.459999084472656,36.84000015258789,35.470001220703125,35.529998779296875,27303200.0,0.06036755580768288,0.08912207183075738,0.19348258288064638,0.7149798209265676,0.2483016206385933,0.35893662896291817,0.27909360791103455,0.20519816139969604,0,1,-0.02717534601911265,0.2734010156749187,-0.08372218532831632
2020-09-23,35.650001525878906,35.790000915527344,34.349998474121094,34.38999938964844,31251400.0,0.056244799543109625,0.08644129221214858,0.14251657564540257,0.7132508044693888,0.2353548002279327,0.3097347537103583,0.3061563685465471,0.18825265192120944,0,1,-0.03658888534821219,0.2614691083593084,-0.06811151327853969
2020-09-24,34.400001525878906,34.81999969482422,33.7599983215332,34.31999969482422,26796000.0,0.0526302430844402,0.08358604007599213,0.13959654213767134,0.7117677836153651,0.2908981115432247,0.301809855452535,0.3363452468340113,0.17372300294594656,0,1,-0.01861015457122536,0.27537067676879273,-0.035766309356313364
2020-09-25,34.0,34.939998626708984,33.880001068115234,34.63999938964844,23486000.0,0.049390480226546574,0.08091633831231015,0.1816477049731091,0.710479480408305,0.31979678579995807,0.33086025963969573,0.3613598560903301,0.18645786396374853,0,1,-0.006993055961564924,0.27039623723237954,-0.03554782143215207
2020-09-28,35.13999938964844,35.900001525878906,35.099998474121094,35.310001373291016,23396500.0,0.04597285131382872,0.07864266088249816,0.2653529197581975,0.7092183503620029,0.2569457176782243,0.3964240140673373,0.3621671012884388,0.1991441952165377,0,1,-0.03983836871912948,0.23239028230081732,0.051674392236342084
2020-09-29,35.0,35.11000061035156,33.9900016784668,34.279998779296875,20770500.0,0.042377351499734095,0.07636621346073325,0.20903673130465292,0.7080714446873109,0.28259795795293535,0.35326372983658166,0.37451639706613477,0.1878817652254683,0,1,-0.035117576613994464,0.23194557655565565,0.052676310903756955
2020-09-30,34.63999938964844,34.91999816894531,34.130001068115234,34.33000183105469,22223700.0,0.03913759106511672,0.07350819238906647,0.2152153905697767,0.7068469952894412,0.2567135712450804,0.36822671091656084,0.385983600288281,0.19993216677538428,0,1,-0.025670977230218103,0.23395568096132155,0.053675618964699134
2020-10-01,33.790000915527344,34.099998474121094,32.939998626708984,33.130001068115234,36890200.0,0.03528799377134639,0.07060586095413501,0.15685437035059988,0.7047584231620596,0.2268941027768666,0.3280632803451753,0.4073576848155695,0.1799291194314806,0,1,-0.024759750756827896,0.254005154119095,0.04194577774261495
2020-10-02,32.25,33.349998474121094,32.209999084472656,32.97999954223633,32694300.0,0.03139392693477461,0.06763706344608578,0.15019944490271173,0.7029038697698113,0.28462137140057975,0.3217455515975993,0.4327627977022723,0.162201223383864,0,1,-0.0012073925215125084,0.30968904288408144,0.11560524321083508
2020-10-05,33.31999969482422,33.75,33.16999816894531,33.7400016784668,22965200.0,0.028001706073730925,0.06495351489196644,0.245904197762181,0.7016260289704115,0.34126772080679496,0.37690540508433557,0.4473331525020929,0.17465368997017183,0,1,-0.03365678064761716,0.27865369176065863,0.1467556161239321
2020-10-06,34.119998931884766,34.41999816894531,33.310001373291016,33.38999938964844,26731800.0,0.024958870761788876,0.0619957952388438,0.2264100566785441,0.7001279016495459,0.27617778851885444,0.39771362837549973,0.4466145316545295,0.16015885229003557,0,1,-0.056609358399382956,0.2356253813707787,0.13485474246328807
2020-10-07,33.63999938964844,33.7400016784668,33.209999084472656,33.5,23779300.0,0.022132019640373035,0.059212548103268814,0.2404813240543308,0.6988002612621425,0.32924659177497395,0.3952701656664848,0.44699415257234815,0.173052749956757,0,1,-0.042827203693184546,0.218029317531339,0.10691823180838361
2020-10-08,33.880001068115234,35.34000015258789,33.7599983215332,35.2599983215332,34413700.0,0.021026688212791467,0.05678378387380978,0.4323169043122087,0.6969616879168927,0.4509393497588646,0.4791507507168467,0.41774559656252047,0.19171295972463298,0,1,-0.049850805481868,0.21014916718895757,0.10507464053025886
2020-10-09,35.68000030517578,35.95000076293945,34.650001525878906,34.7400016784668,29228600.0,0.019654554068058938,0.05480920218836516,0.3943740414524405,0.6953823024882415,0.40039837249861954,0.5055421411274001,0.3812977960412293,0.17586427715863928,0,0,-0.09841183737618056,0.14861026980167144,0.03573449749042438
2020-10-12,34.540000915527344,34.72999954223633,34.22999954223633,34.630001068115234,17912800.0,0.01836500275527725,0.052745998719948894,0.3863488242945282,0.6944128167505208,0.4401238357704876,0.47081425552563977,0.353279452808013,0.16615138358631176,0,0,-0.0670697098008177,0.17789291901521082,0.1387449470911178
2020-10-13,34.72999954223633,34.869998931884766,34.099998474121094,34.220001220703125,20995100.0,0.01706274620502035,0.050522170580864834,0.3561722758643674,0.6932661425640103,0.45385188972909996,0.4662874845836374,0.32500912347046235,0.1547671682855004,0,0,-0.0727692861691507,0.15304646472969372,0.20935604321061568
2020-10-14,34.060001373291016,34.83000183105469,34.029998779296875,34.150001525878906,17743000.0,0.014737741059132614,0.04794108954371179,0.35095324506125924,0.6922963076465707,0.38934969513416967,0.46835407173460175,0.2998223402361587,0.14514634570869456,0,0,-0.05406201703169743,0.17445929845245048,0.19725306134461051
2020-10-15,33.70000076293945,34.459999084472656,33.27000045776367,34.45000076293945,23251600.0,0.012609663459196396,0.0453378538531477,0.3861210513435368,0.6910357861446914,0.40333354357239326,0.44913113599803517,0.28757712096374666,0.15775410754304375,0,0,-0.043631086731802105,0.18535864519831866,0.19004385281949102
2020-10-16,34.369998931884766,34.63999938964844,33.880001068115234,34.099998474121094,22627200.0,0.0106467490998855,0.042695845670340016,0.3570468760686857,0.6897999496930098,0.39596661102420533,0.47579880626185167,0.2728054699777587,0.14548491537656116,0,0,-0.06269955876853824,0.15732951708591242,0.10914374609464148
2020-10-19,34.099998474121094,34.369998931884766,33.38999938964844,33.41999816894531,23645800.0,0.008734653267199355,0.03992090639773882,0.30454099496872256,0.6884886304998799,0.3190366280640542,0.41854225009985435,0.26617850815230326,0.13266340568335067,0,0,-0.05542520452259789,0.13900298799321184,0.12903230858553033
2020-10-20,33.65999984741211,33.93000030517578,33.33000183105469,33.70000076293945,23040600.0,0.007572151905893554,0.036927185300767995,0.34036094807738926,0.6872207535242043,0.37982637531139063,0.41895223630039885,0.2608908559298236,0.14515675656331184,0,0,-0.043387218503405836,0.15499702540346533,0.18791140405065604
2020-10-21,33.5099983215332,33.619998931884766,33.13999938964844,33.15999984741211,28619300.0,0.006790797975739449,0.03365652311284095,0.29869182318803644,0.6856273850613106,0.38641129540363917,0.37941892561573376,0.25882553545886455,0.1296384559618139,0,0,-0.038575644143313534,0.14421366469807917,0.19881307451801528
2020-10-22,33.18000030517578,34.959999084472656,33.02000045776367,34.86000061035156,31831500.0,0.007133832117741656,0.031100366721051764,0.4853874016479005,0.683928919629428,0.44066856848474717,0.5336759911311465,0.23132499863061456,0.14689851423006584,0,0,-0.029252147924205323,0.14987941024043752,0.2563329324219934
2020-10-23,34.970001220703125,35.08000183105469,33.86000061035156,34.15999984741211,27429100.0,0.0068289136881650725,0.028649447838181796,0.427633652444403,0.682442067147933,0.39223518134225244,0.5487971201251652,0.20785643961943634,0.13202557816843796,0,0,-0.07917389810403203,0.09122203813821766,0.1701090132343511
2020-10-26,33.61000061035156,33.77000045776367,32.95000076293945,33.349998474121094,30888700.0,0.005583827071632352,0.0259215878643555,0.3678313732561237,0.6807369997779635,0.41302769800906014,0.3988532610272681,0.19620031306281865,0.11527673624045609,0,0,-0.04098365140903147,0.13290400865945218,0.2526346928180395
2020-10-27,33.150001525878906,33.20000076293945,32.70000076293945,32.81999969482422,27100700.0,0.004656366545427559,0.023202036809945592,0.3320117661785047,0.6792241318797418,0.404842824267711,0.34663810004863654,0.18919503197583026,0.10058186917134482,0,0,-0.028185981541668507,0.14992504434085346,0.2893552669476084
2020-10-28,32.099998474121094,32.380001068115234,31.520000457763672,31.56999969482422,42136400.0,0.0029030825462671994,0.020194467866095134,0.2582831536742439,0.6768064524587083,0.35212572143308735,0.23052791371132014,0.1986294330691064,0.0777341642496675,0,0,-0.01767209085163059,0.17915908357069615,0.3628884813576138
2020-10-29,31.40999984741211,33.130001068115234,31.11000061035156,32.970001220703125,38622800.0,0.0028014430697416715,0.017704777547423944,0.39280737643846264,0.6746654215714343,0.46714986010530796,0.3319413623155323,0.19295431481020292,0.09867668277637975,0,1,-0.00950266835478412,0.20304085870685024,0.3924611817997493
2020-10-30,32.40999984741211,33.13999938964844,32.0099983215332,32.619998931884766,47885700.0,0.0025727536417401997,0.015295399035865631,0.3707690943888138,0.6719941752589569,0.45178011726575956,0.3606492956549546,0.18749678900828387,0.07271152335203501,0,0,-0.03942976005242703,0.1343645781363822,0.297543251746407
2020-11-02,33.13999938964844,34.459999084472656,32.56999969482422,33.9900016784668,40130300.0,0.00273156547526604,0.013351280923248166,0.48319468568534296,0.669832050348512,0.4477619491817543,0.4988578899671322,0.16924027517467127,0.09447145663580825,0,0,-0.06223172427245651,0.11342737228979023,0.30349484518842346
2020-11-03,34.4900016784668,34.4900016784668,33.130001068115234,33.40999984741211,36773000.0,0.002744270712741248,0.01091143883886242,0.443414625544437,0.6678263680179888,0.4502655656108756,0.4994989474925772,0.1527475780327216,0.07453195888363107,0,0,-0.09944103857625056,0.04295378088779527,0.2709620073454523
2020-11-04,33.27000045776367,34.13999938964844,32.529998779296875,33.22999954223633,35410100.0,0.0025727536417401997,0.00879284715225509,0.4311183522608726,0.6658898593029119,0.4364931525869292,0.45274205753806795,0.1371660611394641,0.05533146913967846,0,0,-0.06465129773352643,0.08021551384063745,0.30559710060170825
2020-11-05,33.369998931884766,33.91999816894531,33.13999938964844,33.16999816894531,30824100.0,0.0012450866165328311,0.006898577273923068,0.42681635318178657,0.6642042719638188,0.31731010843975316,0.473482256035178,0.12269750973858223,0.03861765539962769,0,0,-0.06801078401041447,0.07764074229900086,0.28167320912703353
2020-11-06,33.099998474121094,33.65999984741211,32.619998931884766,32.779998779296875,33985600.0,0.0,0.004971073830810968,0.39824721403078644,0.6623312323079822,0.3206278693919774,0.4309044274969185,0.11777403346574283,0.02018957515579689,0,0,-0.05999390936453614,0.08592108670921218,0.2668074397756217
2020-11-09,36.41999816894531,38.0099983215332,36.060001373291016,36.93000030517578,76879400.0,0.0014610683837827931,0.003929779765873775,0.6747825270705301,0.658520681955117,0.2824392994285857,0.9052244530792057,0.14022530910970732,0.06187604684667691,0,0,-0.16198894924753418,0.04850519255028465,0.14704099112308974
2020-11-10,37.04999923706055,37.43000030517578,35.97999954223633,36.86000061035156,49055400.0,0.00313812095809185,0.003076805008921324,0.669358876759726,0.6560917029218882,0.33249300211163246,0.7998113714003374,0.1598094807555403,0.03527663863869401,0,0,-0.16084480307671403,0.025995100908193368,0.12780940107497404
2020-11-11,37.09000015258789,37.119998931884766,36.18999862670898,36.47999954223633,34124500.0,0.004618245986449332,0.0022598316958171716,0.638935881291914,0.6543883402327988,0.33164502765104387,0.7334757890930044,0.1779947829980995,0.016773242368491204,0,0,-0.16223547051588874,0.024959255390976452,0.12235480865040009
2020-11-12,35.86000061035156,36.290000915527344,34.869998931884766,35.22999954223633,30933700.0,0.005113738131601597,0.0011631494126888575,0.5462515176903412,0.6527962559931937,0.25515607036063576,0.6215952686725746,0.17398075072693697,0.0,0,0,-0.1302083349672327,0.05893634150659421,0.1611842418283861
2020-11-13,35.400001525878906,36.25,35.380001068115234,36.08000183105469,29241500.0,0.006371529985609692,0.00032402144617366124,0.5955881759015426,0.6513256026102092,0.3100317231202802,0.635862036136982,0.1702534350465718,0.01585567735893978,0,0,-0.12177124528157252,0.07408449700730878,0.1666193303479149
2020-11-16,37.59000015258789,38.16999816894531,37.09999847412109,38.15999984741211,38596800.0,0.009382603415501789,6.923606507086566e-05,0.6963235829779852,0.6494916179646251,0.4306033356314727,0.7176795098995258,0.18553705070925725,0.03678409785335779,0,0,-0.17960086511577955,0.016075332231779642,0.11114185471248288
2020-11-17,37.810001373291016,38.709999084472656,37.380001068115234,38.66999816894531,26521100.0,0.012539781018168328,0.00020493609037491867,0.7176606559397567,0.6482508263101372,0.46984077799754204,0.6993950562924659,0.2041539458180579,0.05116468724870937,0,0,-0.1755765406113813,0.02358484577516778,0.08936058336078229
2020-11-18,39.02000045776367,39.130001068115234,37.20000076293945,37.209999084472656,31068000.0,0.01511253223663217,0.0,0.612832362996174,0.6467403966675849,0.4607853000644365,0.6531709510740323,0.22481253613459545,0.034318623121098346,0,-1,-0.20455133752151017,0.002844598281876843,0.06413239357812899
2020-11-19,36.86000061035156,37.5,36.560001373291016,37.400001525878906,26954400.0,0.01672606104684138,0.00011077643638252033,0.6221839733281604,0.6454383064246403,0.4460726227198217,0.6075669592987271,0.23336378894684673,0.048934161646953855,0,0,-0.1545283563954566,0.06100511995741809,0.17844664211290562
2020-11-20,37.34999847412109,37.40999984741211,36.77999877929688,36.93999862670898,18351000.0,0.018492047860200644,0.0001218532348669088,0.5896787952948233,0.6445417954049213,0.45592639053832623,0.5930285139328358,0.2413042379867943,0.038983662007266995,0,0,-0.16684485586054765,0.04759365030406419,0.19411769625749672
2020-11-23,37.5,39.43000030517578,37.27999877929688,39.36000061035156,29367600.0,0.02230988569519743,0.0008695915393425735,0.7025619961353247,0.6432005989828844,0.5125433333581668,0.6458823581794125,0.26544438518461333,0.05490771482283385,0,0,-0.17298320593407485,0.052246897047265185,0.20194908938298667
2020-11-24,40.5099983215332,42.08000183105469,40.220001220703125,41.97999954223633,46979300.0,0.02812875117865432,0.002450918882870079,0.7915289589392803,0.6412178934390957,0.6249792871871339,0.7260876098932842,0.3030529966241407,0.0803813951521205,0,-1,-0.23882107635713484,0.039888299928241826,0.12576221255539355
2020-11-25,41.66999816894531,41.709999084472656,40.650001525878906,40.810001373291016,28178200.0,0.03399843761201221,0.003281738986411431,0.714024240538347,0.6399880823692157,0.6602340291790364,0.6936568796591154,0.33797527867513044,0.06510227309081473,0,-1,-0.2515483009467229,0.00976664284373962,0.12315393139633096
2020-11-27,40.70000076293945,40.93999862670898,39.869998931884766,40.18999862670898,14971900.0,0.038584921716411535,0.003943625499868542,0.6749429306487589,0.639323293046608,0.5829197465229344,0.6548990604460363,0.3577438482684872,0.0569840296405707,0,-1,-0.2349914195019919,0.0338152663973789,0.17593727183442065
2020-11-30,39.79999923706055,39.880001068115234,37.970001220703125,38.130001068115234,45614300.0,0.04208513588435647,0.004203949808434637,0.5586238656223563,0.6371794287299655,0.49905253452982,0.582821719823085,0.34973882608193474,0.032250496006732354,0,-1,-0.21622291424846915,0.05673059646433838,0.2144811949845699
2020-12-01,38.959999084472656,39.650001525878906,38.470001220703125,38.5,32472900.0,0.044950100294921747,0.00477721559536276,0.5748404375410724,0.6356713717682863,0.39670590110440046,0.5844338765253887,0.3423055911944217,0.0498583418870433,0,-1,-0.20587459360669572,0.08182540412229401,0.2976659315729568
2020-12-02,38.38999938964844,40.41999816894531,38.34000015258789,39.93999862670898,29369500.0,0.04909826461116912,0.0059985211053109055,0.6348831550905117,0.6343638177537412,0.4718615884488476,0.6047546526195399,0.34170873686370423,0.0657834249434317,0,0,-0.1890908773843345,0.0958442192573052,0.24675324675324675
2020-12-03,40.06999969482422,40.63999938964844,39.72999954223633,40.209999084472656,27038900.0,0.053532290712418384,0.007610312021665677,0.645660919177649,0.6331709456057699,0.48411334269109596,0.623929728575216,0.3429316192271184,0.08044478207424355,0,-1,-0.22433648954812085,0.05032554344872523,0.21957938806484914
2020-12-04,40.77000045776367,41.7599983215332,40.650001525878906,41.68000030517578,28723600.0,0.05893824688267374,0.009648590844717864,0.7015604451044717,0.6319596645312289,0.590560885290034,0.6656833994946756,0.35268334660675343,0.09601963747452191,0,-1,-0.24023874825558955,0.03257899535234958,0.21785621788078924
2020-12-07,41.41999816894531,41.540000915527344,40.66999816894531,40.900001525878906,24899400.0,0.06409645698035304,0.011382236052381978,0.6529459707433821,0.6308859337237114,0.6142331194679438,0.6393181553828486,0.3617385220307003,0.08251838573192383,0,-1,-0.24736078414359963,0.015835020568064066,0.16050869463586573
2020-12-08,40.52999877929688,42.59000015258789,40.43999862670898,42.2400016784668,32573800.0,0.06746962119682204,0.01330143057607791,0.7032120550785488,0.6295391612432311,0.6749422286367058,0.6571787887437263,0.37778640299323746,0.10018094282217671,-1,-1,-0.23031779504910166,0.05036677986399515,0.16870418749282978
2020-12-09,42.709999084472656,43.72999954223633,42.380001068115234,42.79999923706055,37824800.0,0.07124298948901736,0.015660959796908402,0.7230028235491354,0.6280049429553967,0.6252128311765092,0.6885775501932692,0.39994603420668257,0.1206907602038576,0,-1,-0.2746211650847204,0.02414773715039055,0.09919512961435886
2020-12-10,43.20000076293945,44.470001220703125,42.7599983215332,44.0099983215332,38058700.0,0.07602640113936826,0.01834173835907471,0.7635957600552431,0.6265229335798757,0.6862778852766755,0.6968222342382822,0.4247830931974506,0.14132740565298563,-1,-1,-0.28247664411449697,0.02967290842061459,0.06238313590046421
2020-12-11,43.70000076293945,43.93000030517578,43.209999084472656,43.79999923706055,25478800.0,0.08147047059877316,0.021296688020244536,0.7487405125620122,0.6255253327095391,0.749554705462415,0.6743788495046351,0.447846076546021,0.12751198468303016,-1,-1,-0.2656215152747817,0.017496034699617934,0.03749142863235064
2020-12-14,44.34000015258789,44.459999084472656,42.18000030517578,42.220001220703125,30595000.0,0.08537088884244443,0.023855614403986536,0.6432535360512072,0.624266968957127,0.6545496277504519,0.6331593630720777,0.4513519980915705,0.11092239629677225,0,-1,-0.2696347392467122,0.002968060967572721,0.039269434946651284
2020-12-15,42.43999862670898,43.220001220703125,42.060001373291016,43.040000915527344,27138400.0,0.08847089651138679,0.026431156513676224,0.676240598640182,0.6231807072807709,0.6160955701853386,0.613631494226206,0.4526009324994526,0.12563770551271025,0,-1,-0.23472286975095125,0.04808153802228479,0.056845131607955554
2020-12-16,43.75,44.11000061035156,42.959999084472656,43.70000076293945,34273000.0,0.0916661922497552,0.029286408649832563,0.7018889223794982,0.6218396912777195,0.5858071666111082,0.6377227698849263,0.4607415537351412,0.1442216232365937,0,-1,-0.2606877551588373,0.016728652541533134,0.027183971748551188
2020-12-17,44.0,44.040000915527344,43.400001525878906,43.47999954223633,21204600.0,0.0956491933253773,0.03205027006750705,0.6865013649152214,0.6210050666965832,0.6155970656519751,0.630608214222767,0.46830070202542334,0.13272381032941138,0,-1,-0.26041191920907797,0.010755176487358731,0.03729979495784323
2020-12-18,43.27000045776367,43.77999877929688,42.41999816894531,42.72999954223633,46596800.0,0.0990350603560452,0.034119012463386555,0.6342024581709919,0.619129104881424,0.5221209799098004,0.5916870114680263,0.4580046986419363,0.10745753374445366,0,-1,-0.24494024006448137,0.0275989138816291,0.0954461305168678
2020-12-21,41.11000061035156,42.08000183105469,40.52999877929688,41.95000076293945,27869500.0,0.10221765085693851,0.03611574985868482,0.5824281223749568,0.6179811936211119,0.5867975345449374,0.5057836701638996,0.42164413254530736,0.09234579870504156,0,0,-0.14603327276656972,0.07863329385319513,0.16896796859467642
2020-12-22,41.58000183105469,41.900001525878906,41.22999954223633,41.2400016784668,21792900.0,0.10341191652357035,0.0379463236558516,0.5374897662650817,0.6170648128696619,0.4892592075528487,0.49267138542873934,0.38788074974129466,0.08052899070560116,0,0,-0.15995239039656572,0.0688915217422736,0.19952321286437746
2020-12-23,41.5099983215332,42.38999938964844,41.459999084472656,41.77000045776367,19085900.0,0.10327851516499492,0.04003722070514226,0.5669287124270521,0.6162758929043961,0.39233898909455367,0.5181278598806103,0.36229964445047147,0.0908779766504052,0,0,-0.16100870803590367,0.07177504313040482,0.25678951798193994
2020-12-24,41.650001525878906,41.84999847412109,41.380001068115234,41.59999847412109,8039000.0,0.10378035871724672,0.042100423117115926,0.5554008732670926,0.6159420559539455,0.4307910886041072,0.4991548804185123,0.3373904000996189,0.08651897351142401,0,0,-0.1623175130402461,0.06751256078332346,0.21498681933979344
2020-12-28,41.68999862670898,42.54999923706055,41.52000045776367,41.7400016784668,23877500.0,0.10476499402372813,0.044119316222267724,0.5639378939663346,0.6149554545000036,0.41541581141033285,0.5158765720354295,0.3226860741899032,0.09946611836165686,0,0,-0.15168263918372796,0.06682698788375095,0.22668270795832096
2020-12-29,42.040000915527344,42.119998931884766,41.20000076293945,41.27000045776367,20287700.0,0.10675967026508898,0.046104976819081545,0.529226014279035,0.6141058518304825,0.4571058751861316,0.4739924664555471,0.303990674169926,0.08846547798565152,0,0,-0.13128891523412178,0.05821754210492501,0.18687108105902353
2020-12-30,41.33000183105469,42.41999816894531,41.27000045776367,41.59999847412109,23807300.0,0.1087289360314993,0.04837034638591964,0.5516438647220422,0.6131198361881647,0.49860746887301405,0.47779247244294026,0.2904132176102212,0.10137455814868979,0,0,-0.11558033450097392,0.07608430711945252,0.22267987702384848
2020-12-31,41.470001220703125,41.68000030517578,40.970001220703125,41.220001220703125,22786500.0,0.10954205426697955,0.0504529355722364,0.5218743444561911,0.612166050584714,0.4533401700732398,0.42265626247603544,0.2727489941669498,0.08901898842280442,0,0,-0.11802884681514034,0.07211538726056127,0.254086540445421
2021-01-04,41.45000076293945,42.25,41.0,41.5,27764700.0,0.1103615239095595,0.05276261550233907,0.5426555973387495,0.6110150802663505,0.43921331036314076,0.439576779672329,0.26391947627886997,0.10407389754743046,0,0,-0.11863171384847972,0.07326541407880524,0.27656471066419763
2021-01-05,41.84000015258789,44.79999923706055,41.83000183105469,43.5,44035100.0,0.11151767386376571,0.05515537723150732,0.6685642858958166,0.6093044563880201,0.4008833977418088,0.6075812443987157,0.2812802858430614,0.1279511383889962,0,0,-0.1219277439347231,0.07132527914391942,0.2453012121729104
2021-01-06,44.40999984741211,45.09999847412109,43.70000076293945,44.61000061035156,36484800.0,0.11387444089170334,0.05804940080346488,0.7235048712895603,0.6079410870813002,0.44640271251587366,0.6894910748977124,0.2997621367372768,0.14773436487551173,0,0,-0.16390807053138454,0.015862037395608673,0.18298848470052084
2021-01-07,45.0,45.56999969482422,44.52999877929688,44.959999084472656,29528100.0,0.11560231199263699,0.061264674773200634,0.7397209599580642,0.6068524006019316,0.39205330514432063,0.7097913915892671,0.32059733443780813,0.16374544592889495,0,0,-0.15758795523678146,0.01277739715367663,0.20847341649447368
2021-01-08,45.20000076293945,45.81999969482422,44.95000076293945,45.459999084472656,28628200.0,0.11729206980442125,0.06476519664042402,0.7626711756720478,0.6058164014744745,0.43063964698428836,0.7092446847577076,0.341891207242067,0.1792685723952937,0,0,-0.1608096016339394,0.013790012110985293,0.21908360041588346
2021-01-11,45.040000915527344,47.13999938964844,44.75,46.84000015258789,38246200.0,0.11908982092310677,0.06899407109422262,0.8193936643260272,0.6045012677236241,0.4528419549763972,0.7375578519516758,0.37098874015135547,0.20000688634654373,0,0,-0.15552133385851852,0.046194424030210124,0.25648922310239786
2021-01-12,47.459999084472656,48.16999816894531,46.90999984741211,47.880001068115234,36915100.0,0.1216816312094216,0.07312324696656547,0.855891664592099,0.6032826167120766,0.4601567378688778,0.7704344642468934,0.40410559057083234,0.2200234352675292,0,-1,-0.20260456517622819,0.015157965033299196,0.17719895836938795
2021-01-13,48.52999877929688,48.709999084472656,47.68999862670898,48.41999816894531,29000300.0,0.12562016274224225,0.07749889930059473,0.8734924544263692,0.6023464559057392,0.5445163353124346,0.7450730248593744,0.4377836817033039,0.23574832626533915,0,-1,-0.2128236925519792,0.003759404786138192,0.12197159612172438
2021-01-14,48.5,51.08000183105469,48.5,50.310001373291016,35474800.0,0.13023841115196783,0.0820185605793442,0.9266712953286803,0.6012876870961024,0.5356527400869682,0.7571763062099286,0.4794769583908604,0.254983898420424,0,-1,-0.20983065327599154,0.05328380686948062,0.16315575845985178
2021-01-15,48.90999984741211,49.08000183105469,47.290000915527344,47.88999938964844,42411300.0,0.13290009660948204,0.0860286521523308,0.7245994428957154,0.5998944150306493,0.48785626363910606,0.6543935481344265,0.4974882484122904,0.23198713391883552,0,0,-0.18246869518173647,0.04313261626732148,0.1423176237719856
2021-01-19,48.45000076293945,49.43999862670898,48.34999847412109,48.84000015258789,24932600.0,0.13630502270800088,0.09035168626012169,0.7587152666974831,0.5991064581572298,0.5147258583710408,0.6570055793760528,0.5161337185184478,0.2455063877642094,0,0,-0.1672583470101664,0.05491754231852667,0.1685111672097572
2021-01-20,49.11000061035156,49.7400016784668,48.9900016784668,49.52999877929688,22342400.0,0.14062470409524935,0.09488242539379799,0.7822479224695321,0.5984205466761252,0.5853434636605088,0.6525884986509354,0.535071689541547,0.2576211522538687,0,0,-0.17751846757893974,0.04033581520369304,0.19656016470369356
2021-01-21,49.33000183105469,49.38999938964844,47.68000030517578,48.11000061035156,29044500.0,0.14453782757639583,0.09912791662998666,0.6799933577175199,0.59747787646489,0.5098138646751967,0.6099981512774186,0.5312262105304166,0.24187229460115856,0,0,-0.1794872486058218,0.035332122817081216,0.23420146900891495
2021-01-22,47.0099983215332,47.63999938964844,46.63999938964844,47.43000030517578,23264800.0,0.1484700077021171,0.10203578699238136,0.6350814129859726,0.5967037191099895,0.5793302250462354,0.5686577771642387,0.5128548707187424,0.22925737530425994,0,0,-0.134691321139623,0.08459786859046026,0.28808980325328415
2021-01-25,46.900001525878906,47.04999923706055,46.15999984741211,46.900001525878906,26395800.0,0.1517288272045853,0.10481626519244591,0.6007410828644926,0.5958087084212349,0.6272195294838204,0.5467740050105457,0.48937383716636657,0.21494472757992644,0,0,-0.1343032406830261,0.08812988147334337,0.2747206134399915
2021-01-26,47.2599983215332,47.86000061035156,45.84999847412109,45.869998931884766,23976800.0,0.15444133361200035,0.10741673194749957,0.5371957246603948,0.5949655237995448,0.5810842359354746,0.5351433703791689,0.47473011032577866,0.20194373909096974,0,0,-0.1434967872767079,0.08144996557012153,0.30938169859597997
2021-01-27,45.0,46.65999984741211,44.52999877929688,45.34999847412109,32410300.0,0.15673457445256195,0.11021936480097516,0.5066565013302714,0.5938059642972617,0.5935710244997985,0.4939526604568173,0.44413962857017625,0.18436983693456732,0,0,-0.09744934215806071,0.13254854965406176,0.35557012760150175
2021-01-28,45.93999862670898,46.59000015258789,45.68999862670898,46.060001373291016,24967200.0,0.159777409764504,0.11298322621864954,0.5466821947701631,0.592936112128402,0.6191850741262592,0.5076012552596875,0.4157341812256882,0.1979078520075327,0,0,-0.11929437771644698,0.11334075804388055,0.353473056964746
2021-01-29,45.54999923706055,46.040000915527344,44.5099983215332,44.84000015258789,38961100.0,0.16183561219324089,0.11483318573371715,0.4748389666122842,0.5915208940953041,0.595079737305468,0.4556132559397472,0.3778025353730515,0.17678189639139175,0,0,-0.10898828285043498,0.1200608430116297,0.3221884435546981
2021-02-01,45.58000183105469,45.58000183105469,44.290000915527344,44.91999816894531,24412400.0,0.1641860253908028,0.11656406094942828,0.47975303320954565,0.5906378214443211,0.6074669261396796,0.4308634140789339,0.345057447445194,0.1900190811444783,0,0,-0.1126227260163457,0.12265834034977303,0.30173949003691086
2021-02-02,45.810001373291016,46.9900016784668,45.27999877929688,45.630001068115234,31940400.0,0.16680959755916752,0.11889589658938426,0.5236162784571808,0.5895123158153166,0.5807481360819805,0.46693229999790686,0.3228146308691619,0.20733818847876273,0,0,-0.1175423599559355,0.11731969440299306,0.3018699490501811
2021-02-03,45.630001068115234,47.66999816894531,45.41999816894531,47.41999816894531,28459300.0,0.1692997659456807,0.12167083480554308,0.6199284963894051,0.5885746813610697,0.6141640731593629,0.506776392686061,0.30884255196627697,0.22276973195844985,0,0,-0.11176862085111956,0.11943897951709094,0.24501424596695887
2021-02-04,47.880001068115234,48.380001068115234,47.25,48.33000183105469,25280300.0,0.17166288680399405,0.12482518268606668,0.6620629930921527,0.5877715935940189,0.6384447885699709,0.5705772566903052,0.3024844394876549,0.23647751987415888,0,0,-0.14571910827144172,0.06748209376851239,0.18156897812767378
2021-02-05,49.18000030517578,50.119998931884766,49.040000915527344,49.95000076293945,34980100.0,0.17483277206741205,0.12775797769382535,0.7280986509847246,0.586732798762116,0.6968073478345818,0.6632741769275268,0.31059822121906205,0.255444849853245,0,0,-0.1698737590197499,0.03931308615548305,0.13925096807904386
2021-02-08,50.91999816894531,52.36000061035156,50.709999084472656,52.09999847412109,36998700.0,0.179050813978135,0.13056061054730106,0.7990043951141169,0.5857353244261589,0.7377566439150766,0.7476556240816078,0.3320315986679556,0.27550672937037646,0,0,-0.19919913506036654,0.02882887726549674,0.08608614586745336
2021-02-09,50.66999816894531,50.959999084472656,49.77000045776367,50.630001068115234,28977000.0,0.18145840195597368,0.13328016160171086,0.7008632249472855,0.5849019638975368,0.7061677431816278,0.6548322873103674,0.3396682113380046,0.25979447237843023,0,0,-0.1861803691426274,0.03243766777163538,0.10882921592519738
2021-02-10,50.630001068115234,51.41999816894531,50.38999938964844,51.119998931884766,25723800.0,0.1835166019614342,0.13630711626346204,0.7181298947973639,0.5841787980181228,0.6877358762952247,0.6605999528240604,0.34967263921428265,0.2737427401911585,0,0,-0.1907959637294101,0.03416945498201487,0.109618785699685
2021-02-11,50.88999938964844,50.93000030517578,48.77999877929688,49.84000015258789,26972200.0,0.18441865443596478,0.1395500838140722,0.6376773883342667,0.583378278159516,0.6618723958367196,0.5955753980648423,0.33932410006871855,0.2591175499355015,0,0,-0.19405317637356154,0.02875589302460353,0.13341157741242482
2021-02-12,49.43000030517578,50.709999084472656,49.40999984741211,50.52000045776367,19756700.0,0.1845520557945402,0.14287890315570095,0.6648449256863662,0.582809280443803,0.6612337103975532,0.6118140555869693,0.3297147422906947,0.2698302651134974,0,0,-0.16974315928113776,0.05878812793349568,0.1599117414988469
2021-02-16,51.959999084472656,52.52999877929688,51.619998931884766,52.040000915527344,28060100.0,0.18718833320038025,0.14622987820718314,0.7207898143534804,0.5820552051671126,0.6849589828238734,0.6723131065393895,0.3340320751856385,0.2850453495742665,0,-1,-0.21694376455193354,0.01128265418961672,0.09362627670977064
2021-02-17,52.34999847412109,53.27000045776367,51.79999923706055,52.84999847412109,25509700.0,0.18973567394389373,0.14973040007440652,0.748020687529806,0.5813962354263116,0.7119514420223465,0.6727462244386992,0.3427863347803899,0.29887752551337177,0,-1,-0.202152122559389,0.01767874649225998,0.06687170053248906
2021-02-18,52.810001373291016,52.93999862670898,51.86000061035156,52.02000045776367,20627600.0,0.191317440872053,0.15259396007353676,0.6928622509500143,0.5808425708223113,0.6630870801998829,0.6427113996212277,0.3509152901183734,0.28769258047671964,0,0,-0.17237466174786042,0.008703861830722715,0.08666032447664301
2021-02-19,52.11000061035156,52.560001373291016,51.91999816894531,52.369998931884766,22607200.0,0.1940235934490923,0.15577046155102903,0.7061066951626925,0.5802461997002806,0.7104966816870051,0.6266442421830488,0.3584636057893581,0.29995092800297585,0,0,-0.15032679019627213,0.022299112595240016,0.08439060651706043
2021-02-22,52.59000015258789,54.810001373291016,52.59000015258789,54.29999923706055,36435100.0,0.198387741955866,0.15911035769114212,0.7726802935001348,0.5793738319760977,0.7229424043637968,0.6609674867074707,0.37954386358808084,0.31970720555852883,0,0,-0.15848767245261874,0.04239070586177743,0.07160588269015342
2021-02-23,54.97999954223633,55.2599983215332,53.7400016784668,55.04999923706055,33527900.0,0.2035650062748437,0.16250287311393596,0.7956174055826667,0.578603571974043,0.736520515568201,0.6682925822948962,0.4015330774991072,0.3378871062107798,0,0,-0.1968692224108339,0.005156515344953665,0.029650103737988886
2021-02-24,55.18999862670898,57.0,54.869998931884766,56.70000076293945,28728600.0,0.2104447360663571,0.1660172428280391,0.8414642802001119,0.5780033960893518,0.8251036687089662,0.6944448400697361,0.4303803402618975,0.3534646727711147,-1,0,-0.1980017776974569,0.03287922612853554,0.014713921607935587
2021-02-25,56.97999954223633,57.25,55.34999847412109,55.7599983215332,29670900.0,0.21705766071744342,0.16932944538727768,0.7750262607793978,0.577349661523582,0.8062178699511826,0.6755978541190354,0.4582787273923375,0.33737616098651524,0,-1,-0.22380949657770527,0.004761912771263152,-0.019576730077878357
2021-02-26,54.40999984741211,55.060001373291016,53.119998931884766,54.369998931884766,35291000.0,0.22233656451294664,0.17269426617275463,0.684973371777146,0.5765122853578277,0.8355722398057476,0.6080737348032809,0.45363328664753727,0.31824025107511056,-1,0,-0.18149209534636337,0.050932572418875936,0.0195480664526304
2021-03-01,56.470001220703125,57.61000061035156,56.130001068115234,56.400001525878906,36998300.0,0.2296800245675626,0.17639418520288963,0.7513083018615765,0.575728946889082,0.8328735282166315,0.672166845336145,0.46339190741821995,0.33830191369943763,-1,-1,-0.2240206096092626,0.02096743446834787,-0.013978336420101947
2021-03-02,56.650001525878906,56.959999084472656,56.02000045776367,56.06999969482422,30302600.0,0.23676303331212695,0.17981993313402123,0.7306078615085212,0.5750759053411616,0.7796640422785709,0.6516916129405637,0.4711288256322825,0.32187087395328895,0,-1,-0.21914894106306412,0.01702125990248714,0.011879399837212532
2021-03-03,56.41999816894531,57.959999084472656,55.880001068115234,56.52000045776367,35358900.0,0.24368087639278985,0.18343123143762718,0.7453841928241937,0.5743346878067386,0.7902327211743998,0.6516262827619009,0.4833459990775923,0.34104360141826207,0,-1,-0.21633667414729235,0.02746568439288756,0.00998754015229126
2021-03-04,57.119998931884766,59.470001220703125,57.09999847412109,58.709999084472656,52137500.0,0.25085281937640463,0.18785673306238437,0.8100616566896323,0.5733850997974632,0.7833365253473252,0.6840774729210537,0.5015405033613294,0.3693142229083265,0,-1,-0.2269992553511219,0.04157824256520436,-0.00813869569616166
2021-03-05,59.83000183105469,61.04999923706055,59.11000061035156,60.93000030517578,51429800.0,0.2588569348167981,0.19311305479068286,0.8629087308103468,0.5725916180008723,0.8275406155948875,0.7199569353946741,0.5246662441145318,0.3972011068039816,-1,-1,-0.2646908730686267,0.020780061744687005,-0.057060165918216686
2021-03-08,61.58000183105469,61.61000061035156,59.81999969482422,60.869998931884766,38154600.0,0.2657938345420356,0.19854938690754986,0.8588249517128869,0.5720012577797005,0.7926975514778692,0.7036452674805531,0.5481953967345619,0.3765124613049681,-1,-1,-0.2837682722620735,0.00049234825449897,-0.10323323295622946
2021-03-09,60.61000061035156,61.38999938964844,59.470001220703125,59.93000030517578,35645900.0,0.2707678223312386,0.20357861789206244,0.7943301392843266,0.5714092361608674,0.7045794176003721,0.6650505646324667,0.5652726811879196,0.35718411325274685,0,-1,-0.2681123703170548,0.016428454370748847,-0.07573518467628498
2021-03-10,60.52000045776367,61.91999816894531,60.02999877929688,61.77000045776367,31579100.0,0.2778444772454273,0.2091644989375555,0.8415359101226084,0.5709571757786702,0.7319975477428168,0.6715692542756748,0.5833504035163029,0.3743073121613423,-1,-1,-0.2708159429265787,0.02336054904142444,-0.08760220212357633
2021-03-11,61.77999877929688,62.54999923706055,61.2599983215332,61.310001373291016,24802600.0,0.28431764913083873,0.21458421532847483,0.8105305222866545,0.5705884881510488,0.6645223125329822,0.6670151724545104,0.602740555565646,0.36085854847743964,0,-1,-0.28314712213299453,0.01246560550521877,-0.10053422435570257
2021-03-12,61.54999923706055,62.369998931884766,61.5,61.970001220703125,20422700.0,0.2920231999720316,0.22031687425419866,0.8280526429737239,0.5703018090554646,0.6685758398621615,0.6593081853790173,0.6207456967543217,0.37193239017497287,0,-1,-0.28152010985033704,0.016310552562401968,-0.09574292611974988
2021-03-15,61.4900016784668,61.86000061035156,59.869998931884766,60.38999938964844,31243600.0,0.2982930904811156,0.22552057775625878,0.7232163648314264,0.5698029375319851,0.6105777487609919,0.6121933797534902,0.613469565003445,0.3549911101061745,0,-1,-0.27755366183845137,0.017105011097524762,-0.0819751771984401
2021-03-16,59.540000915527344,59.65999984741211,58.43999862670898,59.11000061035156,30624800.0,0.3027842889393652,0.23047503480467957,0.6476492932260937,0.5692663601855164,0.6209556396128084,0.5578711261746847,0.5889312866169254,0.33838536320597934,0,-1,-0.23613184766275713,0.04984266189691588,-0.023679422414779827
2021-03-17,58.68999862670898,59.72999954223633,58.619998931884766,59.369998931884766,25575500.0,0.30692610184851316,0.235423952925637,0.6574832581934407,0.5688269682445033,0.6170484803966356,0.5555544846762929,0.5666644178306437,0.35225321801142917,0,-1,-0.2244967064919937,0.06530198901191674,0.004229402764651961
2021-03-18,58.810001373291016,58.970001220703125,56.52000045776367,56.810001373291016,38622800.0,0.3099689371604552,0.23911002516533475,0.5223312448430028,0.5680428372216855,0.5870153762151499,0.49035263302832577,0.5230094292416159,0.3313106994847169,0,0,-0.19471116020321663,0.06299474365934271,-0.02644432748980643
2021-03-19,56.709999084472656,57.470001220703125,55.810001373291016,56.4900016784668,84439400.0,0.31258615792172056,0.2424000730711623,0.5072879660383212,0.5662998849589482,0.5379543854695091,0.4492392472360859,0.47660563177056775,0.2855249537882769,0,0,-0.1395881026840466,0.10279880322857275,0.03714135820006458
2021-03-22,56.5,56.86000061035156,55.900001525878906,55.90999984741211,29315100.0,0.31360890651735135,0.24543256666037672,0.4796365614386635,0.5656754048037693,0.4408144025270161,0.42707259758401184,0.4335163912617374,0.2696293681533042,0,0,-0.13666137354083094,0.10709858483446855,0.04761902189382245
2021-03-23,54.93999862670898,56.290000915527344,54.45000076293945,55.220001220703125,33493300.0,0.3137168998242526,0.24813550198883905,0.4471796262046952,0.5649345660173322,0.38115548091467544,0.38847344530067524,0.4069709460250475,0.25146822872864494,0,0,-0.11017706786306174,0.13611161922948586,0.10785195153731085
2021-03-24,56.08000183105469,57.27999877929688,56.08000183105469,56.34000015258789,29781800.0,0.31348821039625113,0.2507664323167199,0.505370850852836,0.5643175420185931,0.3058655819344175,0.4369271008087784,0.37208947365081807,0.2676168740432995,0,0,-0.1321985311550642,0.11716764329914797,0.09905826304029569
2021-03-25,55.209999084472656,56.5,54.5,56.18000030517578,31495900.0,0.31375501553667823,0.25306503439189587,0.49710149116411206,0.5636596914776351,0.38270159374647206,0.4048042702804962,0.3532891455654063,0.2505387888380457,0,0,-0.11412851060988899,0.13028044254009002,0.12815053605163126
2021-03-26,57.29999923706055,57.77999877929688,56.52000045776367,57.709999084472656,34226500.0,0.315876741729515,0.255637807566075,0.5732233685098342,0.5630098214219168,0.42331759726035356,0.45927921271092254,0.3231570892728465,0.2690974927734029,0,0,-0.14044142660713982,0.0934496256938668,0.09398366972788538
2021-03-29,57.34000015258789,57.81999969482422,56.7400016784668,57.400001525878906,21144400.0,0.3165119890636185,0.2576013124530355,0.5554560755074942,0.5626008091497785,0.47991215179018043,0.4565392155765035,0.294790428646613,0.2576323222333019,0,0,-0.09911629373499917,0.09027896668039367,0.0563160639674042
2021-03-30,56.86000061035156,57.36000061035156,56.4900016784668,56.68999862670898,20303400.0,0.3169058417322453,0.26003838454546835,0.5148963481895701,0.5621908044837567,0.5122466052955165,0.4338600844782166,0.2708266450069014,0.2466231688147188,0,0,-0.0881533316860576,0.09912889330052782,0.05540070070803172
2021-03-31,56.34999847412109,56.630001068115234,55.79999923706055,55.83000183105469,23686500.0,0.3164675219440933,0.26197419585155435,0.468032124764039,0.5616880618859468,0.49543844872788145,0.40345050179876485,0.2551098201092516,0.2337795902786477,0,0,-0.07920264548487928,0.10936674745337507,0.05203741108488216
2021-04-01,56.31999969482422,57.45000076293945,56.13999938964844,57.38999938964844,23194500.0,0.31562899565693875,0.2641509446918634,0.5515307130414164,0.5612404008443197,0.5001966311402605,0.4480830422711804,0.23139437255642714,0.24635639066515058,0,0,-0.07881070001024905,0.11158873970824365,0.0797062621707492
2021-04-05,57.29999923706055,57.31999969482422,56.13999938964844,56.5,23264800.0,0.3128148497729983,0.2664744714124032,0.5024484327953431,0.560766574299977,0.3915408150604656,0.43990335335802017,0.20937288554309014,0.23374147136825207,0,0,-0.08207003196661837,0.0914793527763472,0.08520647223652786
2021-04-06,56.84000015258789,57.540000915527344,56.2599983215332,56.34000015258789,18926300.0,0.3099371801249578,0.26894200707766336,0.49366798945065016,0.560377762019511,0.3450407916373158,0.4477581382249111,0.1863301383138053,0.22347902565245426,0,0,-0.06584072956996681,0.10106193069863108,0.06353982570952019
2021-04-07,56.38999938964844,56.77000045776367,56.2400016784668,56.59000015258789,22385000.0,0.3078154539321211,0.2716255556317827,0.5082761407953776,0.5599251176557352,0.39671389384586225,0.4441023517279045,0.16517601136023158,0.2356168892257957,0,0,-0.058040476551427016,0.10933617022947699,0.04597089360264978
2021-04-08,55.93000030517578,56.08000183105469,55.31999969482422,56.0,21999300.0,0.3041500765235508,0.2744309584772111,0.4730086788103536,0.5594648830242774,0.37825123017758194,0.4096649096914996,0.15645608253924204,0.22368816453921947,0,0,-0.04965544028475343,0.11698177971434463,0.05142250997642087
2021-04-09,56.0,56.43999862670898,55.52999877929688,55.869998931884766,20020700.0,0.30069432947513103,0.2773443677670693,0.4651426567805068,0.5590432458661998,0.4140163672175621,0.4180166686990135,0.1434060503641637,0.2128323001102358,0,0,-0.05142859050205776,0.1169642720903669,0.052142824445452006
2021-04-12,56.7599983215332,56.790000915527344,55.310001373291016,55.5,20238800.0,0.296584278448033,0.2799586813125601,0.4421232156543188,0.5586082665695895,0.3805271532476071,0.4112686206791539,0.12647532853113264,0.2018581748795839,0,0,-0.04134593883579698,0.10363345312725637,0.051011318118924745
2021-04-13,55.29999923706055,55.97999954223633,55.09000015258789,55.709999084472656,19370600.0,0.29361132073056645,0.28296901919192097,0.4578542637074383,0.5581972439184786,0.4257521332210603,0.3828212493553486,0.11367998921806904,0.21236153427800997,0,0,-0.01531528782200169,0.13063063063063063,0.05333331683734516
2021-04-14,56.40999984741211,58.0099983215332,56.25,57.31999969482422,28051100.0,0.29247422742093493,0.28640307604246895,0.5667316616599638,0.5576575291215131,0.4318619735859236,0.5852506851307884,0.11543661112001488,0.22757173865067737,0,0,-0.035182177646435144,0.11021359703019205,0.045413728610202445
2021-04-15,57.41999816894531,57.41999816894531,56.77999877929688,56.97999954223633,23250300.0,0.2909559866801518,0.28954634501162335,0.5420612512378311,0.5572010638580047,0.3963273948561452,0.5957809915525398,0.11706776002896457,0.21496468171794292,0,0,-0.05181433045740297,0.0894975766822702,0.01988840213564483
2021-04-16,57.36000061035156,57.68000030517578,56.43999862670898,56.65999984741211,22752000.0,0.2908606986107258,0.29210527139536546,0.5186054435236463,0.556745973742403,0.4260334225765956,0.5817645920694925,0.11339223612791155,0.20262781899644788,0,0,-0.05107054880291947,0.09108456771506127,0.017725488410798313
2021-04-19,56.75,57.13999938964844,55.959999084472656,56.47999954223633,21123300.0,0.29085434478035005,0.2943623320427873,0.5050950721103619,0.5563192372338102,0.4516314148769347,0.51747323688146,0.10277440967496676,0.1911740895517856,0,0,-0.04059299758656101,0.10236497092623018,0.06547827558178342
2021-04-20,56.470001220703125,56.470001220703125,54.77999877929688,55.290000915527344,21782100.0,0.29046049211172315,0.29584119186934854,0.4217005043324934,0.5558481389811427,0.49191117129886036,0.3695469457399252,0.09486098327509246,0.17936313765806744,0,0,-0.035764880915997437,0.10764869096379394,0.07914301420387126
2021-04-21,54.5,56.130001068115234,54.29999923706055,56.0,16625600.0,0.29095598425687547,0.2969212584265293,0.4768396910197906,0.5555031735352345,0.5314991451012936,0.3603732076574937,0.09330794387754218,0.18837807018542707,0,0,-0.0036173043882747704,0.14559593242473304,0.12081751120571615
2021-04-22,55.9900016784668,55.9900016784668,55.02000045776367,55.27000045776367,21600100.0,0.2902762698032469,0.2982062600176424,0.4276249008726746,0.5550362364016821,0.5443651485688681,0.37351485445518434,0.09186583586553118,0.1766658045177687,0,0,-0.030178615025111606,0.11714281354631696,0.09749998365129743
2021-04-23,55.27000045776367,55.93999862670898,55.18000030517578,55.56999969482422,15337900.0,0.2898887685417196,0.29943864338251724,0.451755801694531,0.5547105066148936,0.5021895543314371,0.3955197807071525,0.09052673556866389,0.1849825048841549,0,0,-0.01755023001029975,0.12846025719769594,0.10457750554414857
2021-04-26,55.470001220703125,56.290000915527344,55.43999862670898,55.68000030517578,16083800.0,0.28859921722893783,0.30105597322633537,0.46088081357287414,0.5543713060538455,0.42707578229536614,0.4369737575443208,0.08319633197202742,0.19370365610778273,0,0,-0.021054561635197415,0.11499009222135377,0.11984883721409163
2021-04-27,56.0099983215332,56.630001068115234,55.810001373291016,56.40999984741211,19278600.0,0.28797032130193384,0.30268714986059087,0.5202267973814415,0.5539820756243805,0.4355759512008547,0.5136300393322203,0.07057139170297805,0.20415713016116765,0,0,-0.030711190285566535,0.06681036638495365,0.11925293045891877
2021-04-28,56.90999984741211,58.459999084472656,56.790000915527344,58.11000061035156,24729800.0,0.2888723737764644,0.30436817578557407,0.6346558891766249,0.5535341380867185,0.4864202559284169,0.7229413280279939,0.07892052996271448,0.21756641935464638,0,0,-0.046268403074128,0.04999113104861301,0.103527746292944
2021-04-29,58.91999816894531,59.47999954223633,58.150001525878906,58.93999862670898,27318400.0,0.2908479909499742,0.30605474063802074,0.6808630902636799,0.5530672851442087,0.540829831346167,0.7977804113562619,0.09760544190990164,0.23237933033262148,0,0,-0.0795043690132361,0.009636919074326398,0.05592841104567212
2021-04-30,58.33000183105469,58.88999938964844,57.15999984741211,57.2400016784668,30518400.0,0.2907527053038245,0.30750036795624425,0.5473245838288057,0.5524836573365577,0.4429541957457411,0.6542131026329937,0.09890275023502962,0.2158312769184304,0,0,-0.06837466385972943,0.019511329113952727,0.06345432560079381
2021-05-03,57.97999954223633,58.9900016784668,57.7400016784668,58.81999969482422,20509600.0,0.2922264789250825,0.30928663139014667,0.6341251163082615,0.5521310171591236,0.4911241853217896,0.702852676955566,0.10126739194040935,0.22695223857774716,0,0,-0.06429070924643537,0.026205449965321845,0.11093644483953914
2021-05-04,59.0,59.5,58.5099983215332,59.18999862670898,23522200.0,0.2940369328579669,0.3106408679898882,0.6525530472293679,0.5517374652136673,0.542006351884965,0.7115205682149984,0.10940498321529318,0.23970672839435891,0,0,-0.0799048076729763,0.00850051007470503,0.08670517682049327
2021-05-05,59.77000045776367,61.04999923706055,59.400001525878906,60.970001220703125,31526200.0,0.2968193168598577,0.3122803535435599,0.7318912242340757,0.5512783442111364,0.5847350314547202,0.7621173512749972,0.13241876065309133,0.25680124322955555,0,0,-0.09241428193300943,0.0216252544178855,0.03750635702331928
2021-05-06,60.86000061035156,61.63999938964844,60.02999877929688,61.54999923706055,26836800.0,0.30034493907947674,0.3136235122883748,0.7546560505275687,0.5509067722924255,0.5977179886373639,0.7481237457424337,0.15880601292368224,0.2713530152708802,0,0,-0.10759391900854162,0.012793156694771669,-0.007544678944773546
2021-05-07,61.06999969482422,62.470001220703125,60.84999847412109,62.43000030517578,33610600.0,0.3045121624635751,0.3154707028679318,0.7875464979458907,0.5504776596726342,0.6720013146201872,0.7413675513572593,0.18984979195287466,0.2895777585104671,-1,0,-0.10999188532381513,0.022745760247482438,0.024695377361571885
2021-05-10,63.2400016784668,64.0199966430664,62.52999877929688,62.58000183105469,31956600.0,0.30900971475220046,0.31774438135418615,0.7930775993548554,0.5500759996979672,0.6423583106507427,0.7454639194604064,0.22898511612371514,0.3069056500033348,0,0,-0.14320042283685647,0.012493912554649525,0.008809854787313671
2021-05-11,61.630001068115234,62.38999938964844,60.38999938964844,60.59000015258789,34563800.0,0.31210972242114293,0.31890475971847965,0.6358444276465967,0.5495593717275233,0.5715719164295207,0.637697005165827,0.23253777685222055,0.2881640512105601,0,0,-0.11713009933817625,0.038191043544603426,0.04202622229407036
2021-05-12,60.0099983215332,61.68000030517578,59.75,60.040000915527344,34426500.0,0.3138375959453528,0.3200042119935609,0.5981408216531321,0.5490227611002179,0.5110846593475616,0.5990781765684171,0.22761296521114194,0.2694969008729393,0,0,-0.09423995824546591,0.06618251050395368,0.07443469731268146
2021-05-13,59.0,60.45000076293945,58.75,59.29999923706055,24268200.0,0.3153113695666108,0.32077410495144765,0.5491122020697534,0.5486233609297364,0.5113927783551333,0.5535201421027716,0.2110362598389176,0.2563379059758848,0,0,-0.07828115741623773,0.083610868862731,0.09427054589943558
2021-05-14,59.93000030517578,60.880001068115234,59.93000030517578,60.77000045776367,20735400.0,0.31792223649750034,0.3213446018028653,0.6253402731108061,0.5483190577973871,0.5728333488615794,0.5872285242466391,0.19987174715367784,0.26758130362335697,0,0,-0.09494099731112086,0.06897127134083522,0.051939258954197834
2021-05-17,60.540000915527344,62.25,60.43000030517578,62.18999862670898,25282500.0,0.32154949819364503,0.321693545781518,0.6880361280035212,0.5479915056170586,0.6252611110452159,0.6196695083336128,0.20189761862857714,0.2812902844494909,0,0,-0.10268227137506308,0.05726502717336208,0.0342273819432182
2021-05-18,62.0,62.29999923706055,60.400001525878906,60.43000030517578,25170800.0,0.3248146691032128,0.3215716925466512,0.5760386561712239,0.5476125575092161,0.5936689422931297,0.5888941497345282,0.2042089893986061,0.26764187093902114,0,0,-0.12381413302737242,0.03248105302576531,0.017366165861126985
2021-05-19,59.09999847412109,59.86000061035156,58.41999816894531,58.97999954223633,28889800.0,0.32670770586804804,0.3213085993025746,0.4977293456769125,0.5471278478846284,0.5521560164624095,0.49950961257949755,0.1826756784943424,0.2519768965784618,0,0,-0.07943073329174588,0.08141648426442132,0.06883997726963136
2021-05-20,58.95000076293945,59.150001525878906,58.2400016784668,58.84000015258789,20692500.0,0.32897553865693546,0.3204971649169339,0.49047331550484286,0.5467775564075379,0.5863971020315556,0.4732473847074031,0.1607594258379475,0.2407567606842752,0,0,-0.0788403113253499,0.08596127364321637,0.07154963443131032
2021-05-21,59.41999816894531,59.83000183105469,58.84999847412109,58.91999816894531,20792700.0,0.3311036162568716,0.3198352773470343,0.4950013114832593,0.5464278674246592,0.5498164101075974,0.48473958065010714,0.14758277776122303,0.2520312282259959,0,0,-0.08701561724349484,0.07817808399374686,0.033140733478629815
2021-05-24,59.08000183105469,59.79999923706055,58.68999862670898,59.61000061035156,18400300.0,0.3336001384737605,0.319181698696551,0.534496616638798,0.5461338812131733,0.5881559222129707,0.4813588806834699,0.1334332673524561,0.2620084599038406,0,0,-0.08112699834592857,0.08384241285695454,0.022572947347076086
2021-05-25,59.5,59.540000915527344,58.119998931884766,58.2599983215332,25616100.0,0.3347753450725414,0.31859181612723275,0.4571408613382749,0.5456835622543985,0.5289495740258977,0.42169572878817646,0.11540101156126642,0.2481185904787313,0,0,-0.08723369752887485,0.07582614656577419,0.010736443266153877
2021-05-26,58.25,59.119998931884766,57.900001525878906,58.93999862670898,21698700.0,0.33530259909974364,0.3185447357720155,0.4974531236471862,0.5453201499669329,0.530819617403553,0.416794709285559,0.10129537074285064,0.2598843202227056,0,0,-0.06779953444453692,0.09903873685718569,0.05115001078080884
2021-05-27,59.22999954223633,59.70000076293945,58.02000045776367,58.560001373291016,33556000.0,0.3350612068575432,0.3183204150201824,0.47544419749367994,0.5447435418650097,0.49646025609937594,0.4249296857985063,0.08828594102938422,0.24168918285093666,0,0,-0.0836443912460786,0.08126903991238753,0.032914806106389416
2021-05-28,58.72999954223633,58.79999923706055,58.11000061035156,58.369998931884766,19246800.0,0.33577903460032127,0.31875244079790066,0.46415092884239617,0.5444088054773784,0.5425299772866956,0.39650955857366454,0.0762057562954511,0.23125295177551164,0,0,-0.07564891054111701,0.0903346478274303,0.03671450607000008
2021-06-01,59.45000076293945,60.70000076293945,59.45000076293945,60.459999084472656,28474200.0,0.33682083984052674,0.31985189201653963,0.5863870173929447,0.5439852049530667,0.5477666207306773,0.5186467400879202,0.0864903120586088,0.24669257451216742,0,0,-0.08823028302413938,0.07829357484587139,0.0013705331132656548
2021-06-02,60.75,61.310001373291016,60.16999816894531,60.93999862670898,22978300.0,0.33793252267520785,0.3212449000520824,0.6107002954536467,0.5436569064338479,0.54630428960223,0.5586836816757746,0.10177975823116248,0.25915214433782363,0,0,-0.10668211810469483,0.054085290978878084,-0.029771737749212487
2021-06-03,60.54999923706055,61.40999984741211,60.34999847412109,61.18000030517578,20272800.0,0.33806592403378327,0.3228954624042384,0.6230261967187479,0.5433733324319783,0.5121962792325288,0.5687956197286255,0.11692125577593887,0.2701447054568603,0,0,-0.09074497709084571,0.05694121240897137,-0.05300294740769281
2021-06-04,61.459999084472656,61.70000076293945,60.77999877929688,61.45000076293945,20427800.0,0.3380024002696835,0.3243106261496346,0.6372995136949338,0.5430944150766073,0.4830724839402859,0.5920091515019787,0.13380936867410403,0.28122131253765126,0,0,-0.10264790369354725,0.04184369967022011,-0.0998692477913353
2021-06-07,61.33000183105469,61.72999954223633,61.02000045776367,61.04999923706055,15477900.0,0.3371257582701033,0.32565932382191276,0.6057932669900716,0.5428758529733915,0.3905052264855009,0.5934653434001006,0.14979543865371164,0.2728286996896807,0,0,-0.09585033573991388,0.04377534220689639,-0.08738816403433936
2021-06-08,61.5,62.47999954223633,60.66999816894531,62.130001068115234,28953400.0,0.33683989648510143,0.32688339932381383,0.66500632915871,0.5425046700018981,0.4859766957125091,0.6435499944804703,0.17211145681148443,0.2885281600061598,0,0,-0.093202271872509,0.041277586806858405,-0.06126128952015482
2021-06-09,62.66999816894531,63.41999816894531,62.18999862670898,62.650001525878906,29133000.0,0.3381485068657342,0.3283373345050111,0.6913790774455484,0.5421496886543795,0.526737537242991,0.7035293358961309,0.2011166180602862,0.30432500519187156,0,0,-0.09464022456673593,0.021728608577377045,-0.08948973866100751
2021-06-10,63.61000061035156,63.97999954223633,62.25,62.75,27488700.0,0.3398700265595684,0.3300155914944839,0.696526430401665,0.5418184100247356,0.5517885146623989,0.6920083319848387,0.23252421804890272,0.31923025828137397,0,0,-0.10295292267910232,0.006544230211159472,-0.10486830861624706
2021-06-11,63.0099983215332,63.18999862670898,62.13999938964844,62.16999816894531,17631700.0,0.34169318572992796,0.3317713902991166,0.6438619279173597,0.5415939451076652,0.5356137131308402,0.641820454420521,0.2593863509027072,0.3096697861274278,0,0,-0.09322706731667081,0.016095590781405628,-0.0721912156063247
2021-06-14,62.29999923706055,62.77999877929688,61.56999969482422,62.06999969482422,16997200.0,0.3425190067796073,0.33306746974515655,0.6347499638633316,0.5413756900323423,0.4977135068939915,0.6073691043810002,0.27250058415065664,0.3004533601846626,0,0,-0.07334723649503862,0.027666035976578483,-0.07189959044005054
2021-06-15,62.47999954223633,64.4000015258789,62.34999847412109,64.33000183105469,30717100.0,0.3438784381101408,0.3352359107224918,0.7539030347299759,0.5410642259909948,0.5077566028105202,0.6846696887096603,0.2986724119315966,0.3171091550995023,0,0,-0.07378762749920442,0.030932849896609226,-0.06863216275943414
2021-06-16,64.31999969482422,64.80000305175781,63.560001373291016,64.0999984741211,24803200.0,0.346209794663128,0.3373849649254841,0.7326029439657307,0.5408062341172077,0.55025698679775,0.6850299978389496,0.3259277166896085,0.30366006607639295,0,0,-0.0997978856864593,0.007461578474600272,-0.08378671282807997
2021-06-17,63.86000061035156,64.45999908447266,61.27000045776367,61.9900016784668,28491800.0,0.34812189049581427,0.3388804415344354,0.5636973730336463,0.5404387722850452,0.5317712659083308,0.5934299279914733,0.3129921221036295,0.288210900056338,0,0,-0.09297970711932028,0.014664625020010796,-0.09812794173570515
2021-06-18,61.0,61.54999923706055,60.2400016784668,60.400001525878906,39590700.0,0.34911287720939516,0.34009897810887313,0.46547467256680997,0.5398541523296498,0.45848549248314013,0.4889273754579705,0.28771924783767616,0.26674355516587156,0,0,-0.05000803984810871,0.06130025728129321,-0.05517015770840514
2021-06-21,60.93000030517578,62.70000076293945,60.900001525878906,62.59000015258789,33145400.0,0.3514442361856586,0.34196001547886734,0.5838825585122123,0.5394515595934437,0.5526501048830527,0.5586203733160264,0.2759506069676643,0.28471605207379347,0,0,-0.0501655414362638,0.06407289153666486,-0.04519866677597079
2021-06-22,62.84999847412109,64.01000213623047,62.22999954223633,63.790000915527344,25140400.0,0.35409957023607336,0.34425584861853264,0.6376527108979272,0.5391823375538993,0.5663478043594369,0.6228443073168073,0.2765202262721659,0.2983479817311191,0,0,-0.07908606704225282,0.03115520966420863,-0.09602170165971316
2021-06-23,64.05000305175781,64.69999694824219,63.58000183105469,64.26000213623047,20701600.0,0.35791105666397055,0.3466236867587794,0.6576710144726899,0.5389723913405073,0.6165268905733227,0.6587689774275067,0.2825166260718898,0.3095730519366088,0,0,-0.09641011816292219,0.011757328566167805,-0.10738363678485191
2021-06-24,64.1500015258789,64.55999755859375,63.810001373291016,64.5199966430664,19568400.0,0.3614557355281644,0.34861765416212476,0.6689474404347062,0.5387801300477588,0.6209128564862246,0.654837493169835,0.28808471160020493,0.32018366482687355,0,0,-0.09726112343958644,0.010115180583108455,-0.09788360887683467
2021-06-25,64.61000061035156,64.93000030517578,64.36000061035156,64.66000366210938,18438300.0,0.3653307457201615,0.3507445547681485,0.6752794041362988,0.5386021713137548,0.6469141586969196,0.66511670454199,0.29634400183928084,0.3301815013211483,-1,0,-0.10399875129556042,0.004959697945963971,-0.11484811272395531
2021-06-28,64.55999755859375,64.55999755859375,62.75,63.0099983215332,20570000.0,0.3682782929626775,0.352503123564734,0.561281998617913,0.5383636181358802,0.6270073264338909,0.5778593453762964,0.2811926674442982,0.31902778884834804,0,0,-0.10300024212057983,0.0057222815593320495,-0.09866991791026813
2021-06-29,63.209999084472656,63.77000045776367,62.59000015258789,62.619998931884766,19579300.0,0.36965042710741,0.3542035352076178,0.5368038696179107,0.5381277060360605,0.5545045386005738,0.5365967274940955,0.2650575355473095,0.30841126562916,0,0,-0.08427230122269497,0.0272972745043754,-0.07713062592942016
2021-06-30,62.70000076293945,63.22999954223633,62.45000076293945,63.08000183105469,17875500.0,0.3710098584379436,0.3563608983300264,0.5629946593433196,0.5379222159974693,0.5604011089503828,0.5233133266894339,0.2481836241248589,0.3181039339474654,0,0,-0.07665281569681551,0.03561161897594444,-0.08543600095933984
2021-07-01,64.33000183105469,64.41999816894531,62.77000045776367,63.2599983215332,22530300.0,0.3723311716327751,0.3583714825157617,0.5734331113269172,0.5376682263679542,0.519007620722212,0.5668197266835634,0.24507261210656622,0.3303205838320513,0,0,-0.10193405387648945,0.00951170666938235,-0.11984783059358091
2021-07-02,63.0099983215332,63.31999969482422,62.41999816894531,63.16999816894531,14555300.0,0.3734237953996053,0.36055930815455517,0.5667132742963528,0.5375027176382985,0.5197657558065452,0.509543282134971,0.23711734963755215,0.32242823423772216,0,0,-0.08077769413906061,0.030350964821145507,-0.11176098454649586
2021-07-06,62.75,62.7599983215332,60.900001525878906,61.369998931884766,22110800.0,0.37362707435265635,0.3621655601434467,0.4455975521808262,0.5372044627450365,0.5262553805020012,0.36462920988177283,0.21137907138048861,0.31043905068188393,0,0,-0.07677692915472296,0.034510058071324755,-0.11381983275477794
2021-07-07,61.18000030517578,61.810001373291016,59.619998931884766,60.40999984741211,21671400.0,0.3725344481625498,0.3634754863799238,0.3917087870657716,0.536887828973097,0.4785026533771519,0.2734076206527213,0.20115784687624605,0.29868812387181853,0,0,-0.053446290310960924,0.061104775383199306,-0.11064039487867093
2021-07-08,59.45000076293945,60.709999084472656,59.310001373291016,60.13999938964844,18935900.0,0.37093997599691536,0.3645084725818871,0.37709238617645946,0.5366053580129679,0.5002972918758832,0.27574301809967194,0.194746340160926,0.2884204727287122,0,0,-0.025657991077233003,0.09071345068826522,-0.11123988143812256
2021-07-09,60.70000076293945,61.45000076293945,60.2400016784668,61.22999954223633,20086000.0,0.369974399758285,0.3653725251937662,0.45691120673687746,0.5363318054395871,0.5492319639154944,0.3744965954039081,0.1792568231519749,0.2993117449080348,0,0,-0.044562692590201035,0.07033587604200099,-0.13235781784598366
2021-07-12,60.41999816894531,61.5,60.15999984741211,61.16999816894531,21809400.0,0.3693391524241814,0.36599010134395893,0.4531559973873748,0.5360334937237812,0.6048107890372174,0.38773284964502996,0.16577678356303133,0.28748599008040765,0,0,-0.037726565014920804,0.07365673966924463,-0.08998854095584988
2021-07-13,61.0,61.5099983215332,60.5099983215332,60.880001068115234,17147300.0,0.36858320896897784,0.3669981629005583,0.43427381422903943,0.5357932752116894,0.6017835609443811,0.39995316428360195,0.15312059419552343,0.27818817511274363,0,0,-0.027627900560686303,0.06424718690233601,-0.09220205261525974
2021-07-14,61.16999816894531,61.72999954223633,59.36000061035156,59.52999877929688,21573600.0,0.36553401982665995,0.3671947900715169,0.35379600365623776,0.5354569640301023,0.5072547961135855,0.3686122854408433,0.154584520065575,0.26649027859338514,0,0,-0.030551852217828485,0.06176087500431566,-0.09379104770520712
2021-07-15,59.16999816894531,59.70000076293945,58.77000045776367,58.95000076293945,15851100.0,0.3622624975099928,0.3671283250548414,0.32299292007850433,0.5351992191220476,0.4941795325392065,0.32616832370464444,0.16201623584871222,0.25789530475879086,0,0,-0.006719262882309185,0.09675797504356175,-0.07492019445536656
2021-07-16,59.18000030517578,59.2599983215332,57.150001525878906,57.31999969482422,27049500.0,0.35929589119962574,0.36611749350628897,0.2473669721784071,0.5347078538642145,0.48000849488324465,0.29378133053982425,0.18325579120746405,0.24322819996865908,0,0,-0.03443594152713039,0.09754028711760249,-0.05784562855435788
2021-07-19,55.63999938964844,56.20000076293945,54.59999847412109,55.34999847412109,37969100.0,0.3560878902237821,0.3644004650810151,0.17607187269989985,0.5339310403248301,0.5352961913429417,0.22249555470578541,0.21942790666972506,0.222640138507745,0,0,-0.01814377043029292,0.16207259185254663,-0.008374032533005584
2021-07-20,55.5,56.59999847412109,55.02999877929688,55.959999084472656,26756100.0,0.35187619972015854,0.3626086627196494,0.22729748008694564,0.533403552454065,0.48682150319812945,0.2899480044121223,0.24697505325728086,0.23714815242575626,0,0,-0.016260190617705426,0.17037038058067483,-0.017705502606192976
2021-07-21,56.86000061035156,58.29999923706055,56.83000183105469,57.7599983215332,20908700.0,0.34804565664768666,0.3612738107813659,0.3610347964311059,0.5330359843561809,0.459969521227167,0.37515517792019426,0.24934873528546037,0.24848551888078985,0,0,-0.04038602882782326,0.14421014701309062,-0.05521801649645273
2021-07-22,57.72999954223633,57.7400016784668,56.65999984741211,57.11000061035156,13493800.0,0.3435036372395362,0.3603100595880311,0.3324082183913887,0.5327886278180576,0.4465520114282286,0.3741654883092192,0.25286555840686703,0.2411687485664742,0,0,-0.054189770759539,0.12465375644332834,-0.045879463091911286
2021-07-23,57.290000915527344,57.290000915527344,56.470001220703125,57.040000915527344,14088200.0,0.33875198989451144,0.3594792394844897,0.32927290175723134,0.5325293623498077,0.42250093882774176,0.3812523372370654,0.25766316795525146,0.23352967554463144,0,0,-0.04710212594392227,0.13377690961298358,-0.0423743995408737
2021-07-26,57.15999984741211,58.650001525878906,57.0,58.47999954223633,18387600.0,0.3348261587526135,0.35925214874070377,0.4295622703777129,0.5322222935886702,0.44985310895493985,0.4326685576255628,0.24449058266589002,0.24350002087593248,0,0,-0.04488080876930952,0.13622020219232736,-0.045757373219835834
2021-07-27,58.0099983215332,58.0099983215332,57.209999084472656,57.83000183105469,16861400.0,0.33153557979137155,0.35843794541955254,0.39611479835623054,0.5319280486890112,0.4978908240125821,0.42877073407853394,0.23225889632576863,0.23435723004030418,0,0,-0.05831053136293706,0.11833108819784972,-0.06771544315099737
2021-07-28,58.0,58.630001068115234,57.619998931884766,58.220001220703125,16855300.0,0.3287404929752819,0.3573384942009137,0.42280724832282857,0.5316418269832579,0.5415537198347856,0.4545806520895015,0.21310429756654997,0.24349671326066347,0,0,-0.0587930385306181,0.11983399767859551,-0.0676119613282191
2021-07-29,59.0,59.33000183105469,58.560001373291016,58.93000030517578,18607800.0,0.32610421556944197,0.356923084149143,0.4703794006294897,0.5313415727629205,0.518020010685749,0.4936441122828889,0.18985472788053726,0.25358645808085656,0,0,-0.07557542826560892,0.10185503574100001,-0.08622467111832612
2021-07-30,58.880001068115234,58.880001068115234,57.31999969482422,57.56999969482422,28652800.0,0.3224896591107725,0.35653259874273624,0.39519306500431095,0.5308339933168162,0.49730608930531095,0.45569399031795077,0.17898339790344675,0.23804999270697946,0,0,-0.0726285859804796,0.10266416435991736,-0.0595622283735537
2021-08-02,57.54999923706055,59.060001373291016,57.400001525878906,57.58000183105469,20873800.0,0.31893862883947915,0.35618365476408353,0.3959079551562834,0.5304648356602777,0.4450212105471483,0.46828473363652906,0.16661468936180218,0.249368435264818,0,0,-0.05124197982590362,0.12819178577794446,-0.051589324678646374
2021-08-03,57.56999969482422,58.40999984741211,56.93000030517578,58.20000076293945,18208200.0,0.31692489595354373,0.3559842586576144,0.44095850542595794,0.530156300922513,0.4931457683673905,0.46575739776580155,0.16023994637333988,0.25924150417328873,0,0,-0.051580429424392935,0.12782216700767948,-0.019972238438844138
2021-08-04,57.18999862670898,57.880001068115234,56.810001373291016,56.84000015258789,20868300.0,0.3146570631646563,0.3552171346352381,0.3659215557086368,0.5297697399317447,0.4657255943662411,0.43033100256753637,0.1556458885163292,0.2479260438915124,0,0,-0.04450172025147375,0.132989717817933,-0.023539500239270535
2021-08-05,57.130001068115234,57.70000076293945,56.83000183105469,57.20000076293945,15180200.0,0.3127894368747715,0.35492357887477666,0.3928618681561177,0.529495148040247,0.454114777535992,0.4393151299852449,0.15137997764910494,0.2561572342697138,0,0,-0.04451095332868253,0.13722729092402047,-0.03465871244571825
2021-08-06,57.65999984741211,58.06999969482422,57.52999877929688,57.86000061035156,14888500.0,0.31064865403736003,0.3546244841868519,0.44131536798789006,0.5292374968437081,0.4351012062578036,0.4877899160782225,0.14156314003596604,0.26423025557021396,0,0,-0.053496526791545665,0.12709790840551857,-0.06940561482081906
2021-08-09,57.130001068115234,57.52000045776367,56.83000183105469,57.20000076293945,17828200.0,0.3081267237687971,0.3542478455708824,0.4023419047821679,0.5289154137000263,0.4154811231661283,0.4405256455609401,0.14132657722843317,0.2545632348260439,0,0,-0.04372628011243941,0.12841334967337067,-0.06031803736003437
2021-08-10,57.41999816894531,58.36000061035156,57.29999923706055,58.18000030517578,16340200.0,0.3064115554820624,0.3541952273446439,0.4731095836566104,0.5286391444480043,0.44608663297419204,0.5345524334963987,0.12793637829155757,0.2634234143373736,0,0,-0.049300693307880804,0.12237762074533715,-0.038636347115305295
2021-08-11,58.18999862670898,58.5,57.720001220703125,58.34999847412109,18278600.0,0.3056619634339582,0.35361088370278904,0.484981468465557,0.5283339520990009,0.5057505526911663,0.583670729729886,0.11339208160349074,0.273334656379441,0,0,-0.06170505558193541,0.10708146286623696,-0.019078666033550067
2021-08-12,57.400001525878906,57.790000915527344,56.869998931884766,57.34999847412109,19225500.0,0.3046455662454269,0.3526166689366269,0.4208335106213813,0.5279907287367407,0.5269271013207384,0.48081064741283697,0.11136773320523305,0.262909974845857,0,0,-0.047986343187303666,0.1203084289056127,0.003256189060454749
2021-08-13,57.02999877929688,57.06999969482422,56.29999923706055,56.77000045776367,20063000.0,0.3042961806963251,0.3513953634266789,0.3864471866009065,0.527619247794727,0.581359457249698,0.4051738443977865,0.1164926770612355,0.25203117400279473,0,0,-0.04237141011036507,0.10967743823682348,0.039581526035924686
2021-08-16,56.02000045776367,56.09000015258789,55.27000045776367,55.93999862670898,16959500.0,0.3046709767203773,0.3498694232449001,0.34022586689050793,0.5272890301810658,0.6077079039563944,0.26527962167697683,0.13256343988154018,0.24283519020685618,0,0,-0.025013245943146554,0.11872463994049152,0.06869821524985192
2021-08-17,55.5,56.29999923706055,55.0,55.560001373291016,16243700.0,0.30441687924070165,0.3483490230470273,0.3199767080177306,0.5269657581222824,0.5932744856672006,0.25205887977350316,0.15023356273049676,0.23402733608461856,0,0,-0.016088694100346308,0.1127994552770378,0.0782981976339193
2021-08-18,55.41999816894531,55.810001373291016,54.310001373291016,54.38999938964844,21890500.0,0.3022760964032902,0.3462055067150559,0.26233958801526813,0.5265005614313725,0.5428917244968432,0.22174958690338603,0.1733980028383772,0.22215760624087355,0,0,-0.019978343560443073,0.11357093623695229,0.061195130342695886
2021-08-19,53.470001220703125,53.709999084472656,52.09999847412109,52.72999954223633,30923500.0,0.2994937124013996,0.3434582610233291,0.19503735836602806,0.5257842525873611,0.533913123022946,0.14861276224015868,0.21183753249673354,0.2053898946388979,0,0,-0.02518850454046482,0.15186612271051533,0.1371575504355025
2021-08-20,52.27000045776367,53.13999938964844,52.11000061035156,52.7400016784668,16918300.0,0.29676214934940975,0.34068609174268083,0.19597746275885133,0.5253929363271026,0.5304611775081827,0.23332880604853218,0.24753138146520737,0.2145635384759702,0,0,-0.0032240088207551552,0.17940449775455183,0.1792148842210794
2021-08-23,53.95000076293945,55.060001373291016,53.95000076293945,54.90999984741211,21632600.0,0.29449431656052244,0.3386755075569454,0.37646410059692914,0.5249476639416941,0.5328441555537298,0.38229548085711207,0.2483666280382556,0.22629342668399643,0,0,-0.03507778213768437,0.14751608895896887,0.14543037400161657
2021-08-24,55.290000915527344,55.84999847412109,55.0099983215332,55.36000061035156,17915600.0,0.2929252548698384,0.336817240178904,0.4083513197017118,0.5245885853672045,0.5082380607431807,0.4373799634120763,0.23820005377541098,0.23600783850595564,0,0,-0.05809510927464701,0.11728280175933199,0.09470043302476037
2021-08-25,55.2400016784668,55.77000045776367,54.869998931884766,55.459999084472656,13270300.0,0.291171970870678,0.3343607813121283,0.4156249272286645,0.5243243247565954,0.5101601847669222,0.443679937231628,0.23020575729401765,0.2432034199657418,0,0,-0.0567197104358155,0.08056356638909967,0.09790459012263535
2021-08-26,55.20000076293945,55.540000915527344,54.630001068115234,54.709999084472656,11842600.0,0.28849122634531293,0.33176031455707466,0.3730407134395606,0.5240782754545967,0.4920255745359313,0.4303802720655906,0.22535120799089153,0.23678198314851362,0,0,-0.055896183555586926,0.074468105594894,0.1258564669574714
2021-08-27,55.400001525878906,56.209999084472656,55.400001525878906,55.77000045776367,15822500.0,0.2873477816285818,0.33003774720433743,0.4518645580170987,0.523769239212291,0.5283571239491823,0.48413268286097116,0.2109331112602884,0.24536144914758418,0,0,-0.060318097367587045,0.07183330964981065,0.11259367483996888
2021-08-30,56.2400016784668,56.34000015258789,55.119998931884766,55.15999984741211,14086100.0,0.2858104818199478,0.32858658095865045,0.41547582768479396,0.5234842874862848,0.5347487031684086,0.4745536166806956,0.20090491625245677,0.23772351481296528,0,0,-0.07423351569597102,0.0554061346104532,0.08965393507189681
2021-08-31,54.93000030517578,55.310001373291016,54.459999084472656,54.52000045776367,27104100.0,0.28347277143658484,0.3263516749646397,0.37889416407348686,0.5229162780946681,0.46185498610672127,0.43140280245484497,0.199281239547844,0.22302680415501552,0,0,-0.05130532702834058,0.07976797567169205,0.1113125345655073
2021-09-01,54.4900016784668,54.7599983215332,53.59999847412109,53.77000045776367,21644100.0,0.2815225623147492,0.3235767356920385,0.33841582987194874,0.522444272081731,0.47068224688748367,0.392795964673742,0.2068936738639906,0.2112906802788591,0,0,-0.04383718239689363,0.08877476360876796,0.1377475836111035
2021-09-02,54.290000915527344,55.63999938964844,54.27000045776367,55.08000183105469,23293300.0,0.28017583864496715,0.32103442609068655,0.4385152038402911,0.5219722106956932,0.483766288805842,0.46252022012893496,0.1999767950410935,0.2239210531880803,0,0,-0.0407290761160864,0.0937325808558671,0.1543611524344359
2021-09-03,55.119998931884766,55.31999969482422,54.59999847412109,54.869998931884766,13840000.0,0.2782764480497561,0.31836195539149403,0.4259453774104933,0.5216885646626159,0.4701812273603061,0.4645148473166662,0.19355397899126048,0.21641656215144656,0,0,-0.05482934563123001,0.07643432750934075,0.13507629255762837
2021-09-07,54.66999816894531,55.27000045776367,54.470001220703125,54.54999923706055,14354400.0,0.2765930416450713,0.3155620904170864,0.4063417133635102,0.5213892106597524,0.44454004828180194,0.457906914901533,0.18920631441567048,0.20863314696819113,0,0,-0.04683797603157612,0.08492808005872701,0.1609258611799171
2021-09-08,54.790000915527344,55.18000030517578,54.0099983215332,54.04999923706055,18756700.0,0.2739694694767066,0.3130807079613891,0.37594840611759694,0.5209874259563816,0.3878106811888543,0.43664208766540025,0.19090125308409012,0.19846266380151278,0,0,-0.04931260273196677,0.08322641574746215,0.1660861170542144
2021-09-09,53.619998931884766,55.0,53.29999923706055,54.09000015258789,19110800.0,0.27126331689966726,0.31071840980504817,0.379488407009538,0.5205792559532312,0.36252715702823735,0.415598278863001,0.20072501127124281,0.20882515132339863,0,0,-0.02812211802440615,0.10564297834910487,0.16780758229141973
2021-09-10,55.18999862670898,55.22999954223633,53.95000076293945,53.97999954223633,15123700.0,0.2691225340622558,0.3081982548571073,0.3721942595844425,0.5202545364806528,0.33191816707486116,0.45259565807374386,0.2054148281466861,0.20062459705383662,0,0,-0.05712701319783694,0.07154747154122315,0.1466075112369247
2021-09-13,54.650001525878906,55.93000030517578,54.619998931884766,55.369998931884766,22052300.0,0.2682331868252004,0.30601319815382433,0.4933267166056522,0.519816943743153,0.32944718322942956,0.5809156813505965,0.19685629760576717,0.21258206003701285,0,0,-0.047239775349804974,0.0816969226530195,0.17969612876066224
2021-09-14,55.68999862670898,55.77000045776367,54.40999984741211,54.58000183105469,19940300.0,0.2673692524863717,0.3036342842715357,0.4363161643732981,0.5194033408540473,0.27784576458265936,0.5357812025703627,0.19178909339930528,0.2017697910617391,0,0,-0.06483655809717909,0.05074952912222084,0.18331222515767073
2021-09-15,55.369998931884766,56.52999877929688,55.310001373291016,56.41999816894531,23240900.0,0.26791556315814863,0.3022634308894039,0.5674943434255744,0.5189712274708307,0.32059415164410177,0.6928565756505096,0.17370139287961794,0.2143717510135672,0,0,-0.05991206207514505,0.057347031203915065,0.16049831490751212
2021-09-16,56.459999084472656,56.459999084472656,55.5,55.81999969482422,17907200.0,0.2688239670397787,0.30099227608872803,0.5239460848542495,0.5186261182583798,0.34786312887097504,0.6525769232788539,0.1569056709684798,0.20466189394050305,0,0,-0.07727757447449547,0.03615740839655328,0.13913503596038557
2021-09-17,55.34000015258789,56.75,55.09999847412109,55.15999984741211,30000400.0,0.2703676182555123,0.2996131148436224,0.4782781898479648,0.518025593652371,0.30552204396360794,0.6146197615059422,0.14774835693563804,0.18839471670817454,0,0,-0.05804374231781348,0.05661053143475945,0.1635614675390583
2021-09-20,53.77999877929688,54.16999816894531,52.959999084472656,53.68999862670898,27555100.0,0.27097110128428964,0.2975249867298423,0.3888965918994438,0.51742781048257,0.3093661211884944,0.28785873398083467,0.16593641469973364,0.17345345941312063,0,0,-0.030456858408686425,0.08556927544887515,0.21482955958849667
2021-09-21,54.369998931884766,54.5099983215332,53.25,53.63999938964844,19696800.0,0.270164336879185,0.2954396286080151,0.3860612937725427,0.5169997737537737,0.26262273494929605,0.33809954524113195,0.17648317257646168,0.16277322393260274,0,0,-0.0422797637516502,0.07692309878474642,0.19463589179048568
2021-09-22,54.43000030517578,55.90999984741211,54.369998931884766,55.209999084472656,25690600.0,0.27006904880975907,0.29386937806297186,0.5001368587900972,0.5164885978600204,0.2733029940038293,0.5424145233868579,0.1632666874143479,0.17670348964255533,0,0,-0.04343776766530581,0.07587620695628972,0.1771066388534175
2021-09-23,55.41999816894531,57.2400016784668,55.27999877929688,57.08000183105469,23069400.0,0.2710981512357656,0.29319087582356707,0.6072970900149075,0.5160798497666454,0.30375910609360735,0.7175589034151578,0.15066022534270845,0.18921245680444243,0,0,-0.060134029159184456,0.04292705643693036,0.16283292233729496
2021-09-24,56.70000076293945,57.81999969482422,56.68000030517578,57.59000015258789,22328600.0,0.272927664236501,0.2928142372075976,0.6329056109126616,0.5156977338824551,0.35008065224754176,0.761024125989253,0.14563770498082984,0.20131973849234563,0,0,-0.08058868502550941,0.01962156440008073,0.14576025951702778
2021-09-27,58.84999847412109,59.79999923706055,58.81999969482422,59.29999923706055,32972200.0,0.2751700865504379,0.2933625783491618,0.7097274329083129,0.5151991421235063,0.3514744714285022,0.8619614547276715,0.1600297034967676,0.2191983208159074,0,0,-0.11720784827427508,0.01649593263452649,0.11929159104670231
2021-09-28,59.900001525878906,60.47999954223633,59.5099983215332,59.91999816894531,37619300.0,0.278193862794529,0.2946281942223743,0.7344683683930802,0.514657971404294,0.3662162156821622,0.8096813770454876,0.1788422143600027,0.2395967095192626,0,0,-0.1315346231384616,0.009780742391560474,0.10893759135894507
2021-09-29,59.84000015258789,60.18999862670898,59.04999923706055,59.880001068115234,23422800.0,0.28159878889304796,0.2957137997070184,0.7312514782717834,0.514320356728867,0.4343795825091533,0.732802791487438,0.1893495506600968,0.22689611756457584,0,0,-0.1291722615986028,0.010680898017452367,0.07259683614397758
2021-09-30,60.119998931884766,60.16999816894531,58.810001373291016,58.81999969482422,31289600.0,0.28480678744561533,0.2960073565239223,0.6478594775329772,0.5138316531219789,0.40321094994471474,0.675352059481649,0.19544985845614476,0.20992989482325686,0,0,-0.13393454099375676,0.0060120341337678235,0.06997325571091323
2021-10-01,59.40999984741211,60.9900016784668,59.40999984741211,60.93000030517578,24407300.0,0.28852298338081034,0.2970652673712495,0.7380066613103156,0.5135101401244921,0.43994597277231956,0.6938021067324864,0.20858708950476357,0.22316431419308558,0,0,-0.1241074341199444,0.026861642965865528,0.07497449626474856
2021-10-04,61.31999969482422,62.06999969482422,60.95000076293945,61.720001220703125,33946700.0,0.29287442907338496,0.29836134681728943,0.7667058144606658,0.5130943333735112,0.4724405007537658,0.7014925419110296,0.2295555149091038,0.24157130161167628,0,0,-0.13720663988969997,0.012309207225398458,0.05005749280291282
2021-10-05,62.52000045776367,62.70000076293945,61.02000045776367,61.619998931884766,29641600.0,0.2973656275316346,0.29923093835663195,0.7587210312942537,0.5127283134851868,0.4784907980210804,0.6767967096429827,0.25368152676642086,0.22549867722500838,0,0,-0.15489308464375476,0.002916401516780959,0.04050544614156853
2021-10-06,60.470001220703125,61.119998931884766,59.75,60.4900016784668,25284900.0,0.30145662191415784,0.29996759880618085,0.6710697109266065,0.5123836077645998,0.5176374094934142,0.6157583566454707,0.2561836554717062,0.21178839504204738,0,0,-0.12187605106147575,0.0361895420462663,0.06231737105570851
2021-10-07,60.61000061035156,61.08000183105469,60.13999938964844,60.65999984741211,19513600.0,0.3056301967053557,0.3006433321100752,0.6788942909799862,0.5121216292961122,0.5245113266886653,0.6091546816664235,0.2585070606980425,0.222369293618092,0,0,-0.12646720637473796,0.034551167045708445,0.04959497299977657
2021-10-08,61.25,62.41999816894531,61.25,62.18000030517578,22186900.0,0.31083922532965963,0.30154338722224505,0.7440801113558315,0.511862721851752,0.5797044758392165,0.6380032423567907,0.2721406002393309,0.2343997410299914,0,0,-0.13666338503759515,0.02390373832157722,-0.009561520483245297
2021-10-11,63.02999877929688,63.060001373291016,61.5,61.560001373291016,22121500.0,0.31477140787865715,0.30264837842478975,0.6955039184535617,0.5115890686285351,0.5323012340883108,0.6281315217934875,0.28966695071710574,0.2224047555916321,0,0,-0.1619491740978009,0.0004825119627996551,-0.024445166457118143
2021-10-12,61.56999969482422,61.97999954223633,60.84999847412109,61.2400016784668,20198600.0,0.3190021550268553,0.3036619789088524,0.6705838036590801,0.5113320001545563,0.549760813644239,0.5983589115557157,0.2955556755944359,0.21145242808783515,0,0,-0.13986355455292723,0.024204055315587805,0.02534115234714488
2021-10-13,60.77999877929688,61.38999938964844,60.209999084472656,61.06999969482422,14991700.0,0.32195605609974703,0.3044567965121031,0.6569337837796939,0.5111384117916793,0.5252961798396796,0.5770664966296829,0.2913156005397782,0.20332344844376704,0,0,-0.1276943089564593,0.037230609593464914,0.04408884207932378
2021-10-14,61.709999084472656,62.220001220703125,61.16999816894531,62.0,18594500.0,0.3258818848183687,0.30588580704793655,0.7034371997924069,0.5109182822665228,0.5589577758253066,0.6031290540124128,0.2949769727863483,0.21340598157820967,0,0,-0.14327820605411887,0.022105817841239883,-0.007532324983974773
2021-10-15,62.72999954223633,63.06999969482422,62.43999862670898,62.59000015258789,16092600.0,0.3306017727046198,0.30737851366493496,0.7309754147155108,0.5107387822911336,0.5978729558209043,0.6302067610286357,0.30548458552690044,0.22213190444353714,0,0,-0.15758065254457534,0.005483873428836945,-0.018387086929813508
2021-10-18,63.09000015258789,63.13999938964844,62.27000045776367,62.560001373291016,18282800.0,0.3362364183028767,0.30868013203843836,0.7281972392936021,0.5105343639118645,0.5742148555114142,0.6273739823533645,0.31247173484214485,0.21221838502702217,0,0,-0.1618469570765194,0.0007988374650687641,-0.051925227545563814
2021-10-19,62.869998931884766,63.61000061035156,62.66999816894531,63.5,18933200.0,0.34249995740486133,0.31042485404458675,0.7720904655778653,0.5103432078624954,0.6183814077875581,0.6560990957620907,0.3230194197622325,0.222484572143698,0,0,-0.15840792247237745,0.011828671071332947,-0.049232703784312534
2021-10-20,62.88999938964844,63.869998931884766,62.720001220703125,63.84999847412109,14305200.0,0.34798849398379134,0.3119951035331875,0.7875349210486361,0.5102046043554593,0.6414066767975586,0.6628541395970361,0.3350527814802226,0.23024130951199662,0,0,-0.15637795756182332,0.01543306365726501,-0.025354340320496934
2021-10-21,63.470001220703125,63.63999938964844,62.34999847412109,62.68999862670898,16564600.0,0.3515522294925599,0.3131970233252349,0.6766002756412698,0.510022220908191,0.5869432997475663,0.6211986580651236,0.33939551597537426,0.2212594531373273,0,0,-0.16460457928578112,0.006264647153339602,-0.04040723402836702
2021-10-22,62.77000045776367,63.220001220703125,62.34999847412109,63.119998931884766,14266800.0,0.35506514647470383,0.31479496745115254,0.6993869035844263,0.5098722514798033,0.5822631970077776,0.6160763738522996,0.34342805514944363,0.22899536879639137,0,0,-0.15648431309921068,0.01754663420350501,-0.01898227233653164
2021-10-25,63.720001220703125,64.41999816894531,63.58000183105469,64.3499984741211,17939800.0,0.3582731450272712,0.3168941723634171,0.7588147345290439,0.5097090265155608,0.6136190502877721,0.6919678147257344,0.35851987656096207,0.23872290263302443,0,0,-0.1704689847641158,0.011089939164884672,-0.022972129079156117
2021-10-26,64.48999786376953,65.94000244140625,64.36000061035156,65.83999633789062,25585100.0,0.3620338080819913,0.31963587807123806,0.8183691029099395,0.5095200141188001,0.6701454950343676,0.7499134999025889,0.38389843496785875,0.252595962865783,-1,0,-0.1791763644552962,0.022533094203877106,-0.03170158740019987
2021-10-27,65.16000366210938,65.25,63.97999954223633,64.12999725341797,21764500.0,0.3647336068286548,0.3220092530260634,0.6748601719689732,0.5093168586257781,0.6153375335093628,0.6634142236705842,0.40018095073290466,0.24079455425546403,0,0,-0.18529777120621846,0.011846883698078051,-0.038730303669386706
2021-10-28,63.81999969482422,64.47000122070312,63.630001068115234,64.30999755859375,16626400.0,0.36822111333584834,0.32475649766134773,0.6832353334672522,0.5091651998990412,0.6978718466623911,0.629577699032117,0.40862518905438955,0.24980992056843265,-1,0,-0.16934353774313862,0.033057895483833664,-0.012630616060845763
2021-10-29,65.05000305175781,65.36000061035156,64.33000183105469,64.47000122070312,23966300.0,0.37046988948016096,0.32800777413137416,0.6910119470345781,0.5089511435823462,0.6175797721528088,0.6573483801720301,0.4236681791169537,0.26280521562127046,0,0,-0.18799571491617276,0.013839207330672754,-0.05317994267573352
2021-11-01,65.06999969482422,66.08000183105469,65.0199966430664,65.62999725341797,19656400.0,0.3729537040362983,0.3315775299507837,0.7446805426625659,0.5088017520633081,0.5979844719752534,0.6911542616075289,0.4428919967846348,0.2734635449285312,0,0,-0.18334108067347896,0.01566623417258644,-0.05475412924551479
2021-11-02,65.02999877929688,65.44999694824219,64.66000366210938,64.81999969482422,16300000.0,0.37498649599008477,0.3343220056505576,0.6761241603321625,0.5086628970729135,0.5955188151652376,0.6334273149743903,0.45361502922283564,0.2646251631440565,0,0,-0.1624257244176091,0.015998828214229873,-0.05729084989924153
2021-11-03,64.04000091552734,64.44999694824219,63.65999984741211,63.93000030517578,17372800.0,0.37717174594702135,0.33669538166182533,0.6067254576405483,0.508497370446547,0.5804098108102352,0.5630975335899423,0.4452306695226012,0.2552050748578404,0,0,-0.13514350782895693,0.03147178224516769,-0.041191021231303304
2021-11-04,64.68000030517578,64.88999938964844,63.83000183105469,64.41000366210938,17720100.0,0.37955392587318576,0.33917399623845446,0.6330891940727987,0.5083383482729222,0.5795988279156681,0.5797373328361103,0.4416885473248305,0.264813480321587,0,0,-0.1251368678525146,0.021898975742153437,-0.07273582830723738
2021-11-05,65.05000305175781,65.33000183105469,64.55999755859375,65.0199966430664,18565100.0,0.3813580259756944,0.34202924731816853,0.66566016482109,0.5081847674014877,0.5605954728809499,0.6123702533395592,0.4425420134568137,0.27488007183489693,0,0,-0.09687938710889435,0.015991285836594274,-0.09144547227856516
2021-11-08,65.55000305175781,66.37999725341797,65.37999725341797,65.72000122070312,17696000.0,0.38400065478863393,0.3447848008728691,0.7011829658349664,0.5080525920005106,0.5902141686062395,0.65861494525592,0.4523424267436181,0.28447540950717076,0,0,-0.10366044334740113,0.01276521446496668,-0.07766846066572866
2021-11-09,65.7699966430664,66.37000274658203,65.30999755859375,66.36000061035156,18781300.0,0.3872531204607264,0.34788652947071197,0.7319218249491157,0.5079260987637482,0.6397544444985718,0.662040943086728,0.4600692089195331,0.29465923158132756,0,0,-0.1059037605066698,0.009281810697218916,-0.07273272787301494
2021-11-10,65.31999969482422,65.6500015258789,63.77000045776367,64.19000244140625,20177200.0,0.3892350938878883,0.3505645401538102,0.5624200861177059,0.5077404717323044,0.6035822708659037,0.5420949298891492,0.4400419048400757,0.2837185078425727,0,0,-0.09810123962713921,0.01597344106154815,-0.06479805903422167
2021-11-11,64.19000244140625,64.83000183105469,64.0199966430664,64.30999755859375,13319300.0,0.39070251367877057,0.35348348731468937,0.5693145068400605,0.5076198362777533,0.5743101472801512,0.5188356185672385,0.4214451224805796,0.29094065867091345,0,0,-0.07446646537141684,0.03411738165940691,-0.03583117252343611
2021-11-12,63.959999084472656,64.37000274658203,63.58000183105469,63.81999969482422,18158900.0,0.3914838676089247,0.35590394262473213,0.5345971329935839,0.5074453485862809,0.5769266292725521,0.4621342119047299,0.3969592501623132,0.2810943218006007,0,0,-0.06546414623382417,0.037630201536556086,-0.03529778485367612
2021-11-15,63.7599983215332,64.7699966430664,63.220001220703125,64.37000274658203,18849200.0,0.3926336661560314,0.35853487400905537,0.5692462323592618,0.5072761489797535,0.6074639267860892,0.4722562968808764,0.3792286028768113,0.2913149614283259,0,0,-0.0628329417221607,0.041052944914025856,-0.040896220747960406
2021-11-16,64.33999633789062,65.37000274658203,64.33999633789062,65.0199966430664,17028700.0,0.3935992399713855,0.3614344354520339,0.6085355281924348,0.5071359814138199,0.5893073376960741,0.5611431951685774,0.3699403142328724,0.30054846767944765,0,0,-0.07130644930933062,0.03169179475661379,-0.0551498410888569
2021-11-17,64.37999725341797,65.23999786376953,64.18000030517578,64.30999755859375,15497000.0,0.3938914531634869,0.3642758397413106,0.553680538917208,0.5069960003508185,0.538120121683031,0.5118930369170175,0.3583666394355177,0.29214549820006086,0,0,-0.06521067491044966,0.03075976781388031,-0.049061808542082815
2021-11-18,64.16000366210938,64.52999877929688,63.11000061035156,63.61000061035156,16948200.0,0.3944758819709659,0.36691230899665495,0.5029515402022868,0.5068295320341547,0.5437801263168943,0.38492358923210174,0.3293731392044768,0.2829556416258502,0,0,-0.061421314377096865,0.03452019399139187,-0.009640845438022882
2021-11-19,61.88999938964844,62.02999877929688,60.40999984741211,60.66999816894531,32035500.0,0.39291952551775694,0.3687650374472329,0.3382364322820206,0.5064082528527067,0.47806972927697966,0.0686286024842449,0.32280318247488193,0.2655849680272895,0,0,-0.02641094622002545,0.0705863515278579,0.06351204019435105
2021-11-22,60.31999969482422,62.540000915527344,60.31999969482422,61.5099983215332,21994400.0,0.39111542299197205,0.3704654490901167,0.39627363845956587,0.5061402920143689,0.45124594489462166,0.20617778966487177,0.30941822087812926,0.2775110357770104,0,0,-0.0018130973079189521,0.09988458449790484,0.10598319596566358
2021-11-23,62.18999862670898,63.380001068115234,61.91999816894531,63.130001068115234,21185900.0,0.38939390572141414,0.3728332861739211,0.495177414238838,0.5059213320062201,0.4343548666253921,0.3687078861598946,0.2856747154749349,0.2889987089455811,0,0,-0.03218988125940445,0.06811898457233695,0.09965861218320457
2021-11-24,62.58000183105469,63.84999847412109,62.58000183105469,63.47999954223633,15869700.0,0.38898099640821254,0.3747884831979077,0.5148466721398048,0.5057637341739514,0.48101136604773914,0.4261968664205122,0.2576381355017194,0.2976037682955859,0,0,-0.03579917785510568,0.06019317848994187,0.09979400151705668
2021-11-26,60.52000045776367,61.41999816894531,59.540000915527344,61.25,24979600.0,0.38703714111675264,0.3762922676698329,0.400092061438202,0.5054527331166985,0.5014225299697207,0.2586053082648314,0.2609086426835956,0.2840590295456801,0,0,-0.015437926107486608,0.09231248957012604,0.1252363078177077
2021-11-29,62.56999969482422,63.13999938964844,61.290000915527344,61.59000015258789,18946400.0,0.38520762811601733,0.3780729921762719,0.42068018603441815,0.5052243492332642,0.510754527846997,0.376949068641408,0.2441471095559956,0.2943323741249053,0,0,-0.0494693678252551,0.062204041772959184,0.14334691884566325
2021-11-30,60.459999084472656,61.18999862670898,59.65999984741211,59.84000015258789,34979800.0,0.38152954789324806,0.3797761738111086,0.3430183952437652,0.5047338368567975,0.45111232020474445,0.2999661009019232,0.2415293348455851,0.27536520681542265,0,0,-0.014937460085501493,0.09611946995094407,0.173404778027542
2021-12-01,60.900001525878906,62.02999877929688,59.75,59.790000915527344,30630600.0,0.3783342545781559,0.38147935544594536,0.34093102900064476,0.5043031341258044,0.4112555698287686,0.3468765234343626,0.23019489989710623,0.25875631496956186,0,0,-0.022727282869045025,0.09157746847535846,0.16260019556698266
2021-12-02,59.7400016784668,61.58000183105469,59.13999938964844,61.27999877929688,29216000.0,0.3766508481734711,0.38316038137092867,0.43512400206406354,0.5039420342879564,0.4665086821264729,0.3757314196571689,0.2245297154166711,0.27459816541221294,0,0,-0.010035161057549674,0.111055284717796,0.20287674999792646
2021-12-03,61.91999816894531,62.22999954223633,60.34999847412109,60.88999938964844,22014700.0,0.37441477484335745,0.38421552222630295,0.41605685519907465,0.5036605092659765,0.44435118970630705,0.41282526102382366,0.21221314027719668,0.2626610903526623,0,0,-0.04536551623163678,0.07278066536090472,0.18211494589454402
2021-12-06,61.720001220703125,62.15999984741211,61.41999816894531,61.58000183105469,19210500.0,0.3722295273096971,0.38532051342884766,0.45852716161571383,0.5034300212806051,0.4152096391154737,0.44789402570913933,0.20077632050482758,0.27307763840607646,0,0,-0.042371520067600775,0.07653138576820323,0.18705862216817146
2021-12-07,62.34000015258789,63.02999877929688,62.09999847412109,62.27000045776367,19800400.0,0.3700379235223848,0.38614302566941516,0.4994745016754848,0.5032080693061611,0.4013631441386956,0.4931111998889699,0.1804807396263251,0.2838140491229669,0,0,-0.051964934520766747,0.06560566711111585,0.17749263016368633
2021-12-08,62.61000061035156,63.18999862670898,62.34000015258789,62.45000076293945,18214400.0,0.3675541065429712,0.3868436846751159,0.5101900318527669,0.5030077498950436,0.33728380487287635,0.5137712680537811,0.15987912303437146,0.2936904798699077,0,0,-0.055725087444904516,0.06054274314039084,0.153524931561195
2021-12-09,62.04999923706055,62.77000045776367,61.810001373291016,62.61000061035156,16910300.0,0.366550414591915,0.3875997308425654,0.5201502162763896,0.5028249550114521,0.38231297907642714,0.5038589447628052,0.14646784342183883,0.30285978585088946,0,0,-0.04659727480962706,0.06933543576395008,0.171977606841606
2021-12-10,63.27000045776367,63.34999847412109,62.22999954223633,63.0099983215332,17942400.0,0.3657245935422358,0.3887601092068589,0.5456136507053259,0.5026392340561245,0.40405116087885834,0.5422629692607113,0.12714230609474642,0.312588729490752,0,0,-0.0659639199465589,0.04967252460208583,0.18623222702036382
2021-12-13,62.470001220703125,62.720001220703125,61.34999847412109,61.630001068115234,17793700.0,0.3643334027529285,0.38895396744230704,0.4547970494144674,0.5024274849256067,0.3972380741324605,0.47970647133092614,0.11889627924902357,0.3029404157509724,0,0,-0.052848784633544164,0.062053580969206774,0.1856847684479909
2021-12-14,61.2599983215332,62.470001220703125,61.220001220703125,61.540000915527344,22551100.0,0.362535651634243,0.3889041181515791,0.44923227093417506,0.5021570458223823,0.35684462053303523,0.474624388065572,0.1126425154644794,0.2907124874405511,0,0,-0.03439881381052845,0.08307640504867096,0.22489054332045777
2021-12-15,61.18999862670898,61.5,60.0099983215332,61.27000045776367,19961900.0,0.3601534765546312,0.38880718956207627,0.4318737483999955,0.501911782569,0.3735905902619783,0.41536405484089434,0.119187642962652,0.279888506253833,0,0,-0.03331165431528777,0.08433536804513578,0.22895677515391144
2021-12-16,61.43999862670898,62.45000076293945,61.29999923706055,61.369998931884766,21187800.0,0.3582858502647464,0.38905089603180987,0.43998906799595383,0.5016540540150722,0.3597167444213377,0.49672718607192134,0.1126501484897616,0.2913772096632251,0,0,-0.037538750120396015,0.08062671111149032,0.23698384771145883
2021-12-17,60.95000076293945,61.27999877929688,59.68999862670898,60.02999877929688,44338100.0,0.35601166364548337,0.3888764235142623,0.3552168026653175,0.5010485453944935,0.3188468012024395,0.36445597214458236,0.12168749232739207,0.2673356725222302,0,0,-0.02949326062886128,0.08847965756860006,0.32393679996931835
2021-12-20,58.790000915527344,59.25,57.959999084472656,59.15999984741211,21819300.0,0.3550524412372285,0.38804006448325756,0.30798327250902424,0.5007295966797138,0.40018767151140877,0.24929252559919962,0.1431530533666397,0.255504549597691,0,0,-0.013826450906757942,0.12643672317561763,0.3636515454766827
2021-12-21,59.75,60.68000030517578,59.720001220703125,60.5,19798900.0,0.35441084249602556,0.38774650766635377,0.4181246833806589,0.5004702542246151,0.42184218259319683,0.4045814044286198,0.14558277464910413,0.2662401469665644,0,0,-0.030256945911835486,0.1118999791017007,0.3368830351010827
2021-12-22,60.34000015258789,61.369998931884766,59.970001220703125,60.9900016784668,14058300.0,0.3530514135887684,0.3876772726577252,0.4544748418054222,0.5002939738456971,0.4067816295958323,0.4536389871606531,0.14015094195501954,0.2738630072512688,0,0,-0.03933886063000387,0.08776861774034736,0.3482645208185369
2021-12-23,61.16999816894531,61.84000015258789,61.0,61.02000045776367,13543300.0,0.3514887057284601,0.3876634258672881,0.45675492126536277,0.5001246995260034,0.36760142865887024,0.5096667112411574,0.12996532099857105,0.2812066180501446,0,0,-0.052631562487823025,0.0688638213158072,0.34792589992984185
2021-12-27,60.93000030517578,61.95000076293945,60.41999816894531,61.88999938964844,12593700.0,0.3518952636345621,0.38763296229446076,0.5216561384569076,0.4999796867335804,0.3498266397236105,0.5201708066072304,0.12589395699614014,0.28803532533107334,0,0,-0.04867258601151398,0.07276306797931761,0.3167814107840653
2021-12-28,61.90999984741211,62.310001373291016,61.400001525878906,61.68999862670898,12781000.0,0.351958787398662,0.38738371584082143,0.5064283501273271,0.4998297184451803,0.366217692943038,0.5619220201553433,0.11788768073520789,0.28110505799442487,0,0,-0.06382292457414566,0.055905686432251495,0.2761350835535203
2021-12-29,61.47999954223633,61.59999847412109,60.91999816894531,61.150001525878906,12733600.0,0.3527909622787169,0.3869932304344147,0.4655468895086685,0.49967265773921765,0.4116368693804152,0.494404251103808,0.11520488796410072,0.2742004924551127,0,0,-0.05705949969400179,0.06305727493826703,0.2716809644128746
2021-12-30,61.220001220703125,61.59999847412109,60.77000045776367,60.790000915527344,11940300.0,0.3534262096128205,0.38624272319442854,0.4389602216968881,0.49952062600362934,0.4481472962869183,0.47074319078640875,0.11422396850270666,0.26772607957037875,0,0,-0.05331156263096451,0.0657399271096523,0.3105477905136747
2021-12-31,60.7400016784668,61.470001220703125,60.70000076293945,61.18999862670898,14072000.0,0.3533690372558201,0.38550606274487953,0.4737582913074596,0.49934786201708503,0.4116308988958811,0.47491359965841656,0.11405627948189906,0.2753563684336382,0,0,-0.04573124777308658,0.062345731925495244,0.3000493733140877
2022-01-03,61.2400016784668,63.59999847412109,61.209999084472656,63.540000915527344,24282400.0,0.35505244366050487,0.3857414624080817,0.6374413120091218,0.4991139965689553,0.47672236118108946,0.6558683257672324,0.10514314813505812,0.28852306302525343,0,0,-0.053603573584040644,0.04265397702615809,0.2737374826151979
2022-01-04,64.12999725341797,66.19000244140625,64.0999984741211,65.93000030517578,38584000.0,0.3578157685945446,0.38651966428538476,0.7497501645259155,0.49884624247338616,0.5567784595854113,0.8466183807142321,0.11930487323808237,0.3094445429499265,0,0,-0.09710415612281716,0.032420603687540635,0.22379604998129873
2022-01-05,66.5,67.61000061035156,66.4800033569336,66.75,34033300.0,0.3606616763605351,0.3871843207907948,0.7808972253426852,0.4986416721978224,0.5463250712314638,0.8647439250186167,0.14200214805083128,0.3278984876606973,0,0,-0.1295313343849161,0.016836047401996186,0.17791602157800596
2022-01-06,68.0,68.4800033569336,67.06999969482422,68.31999969482422,30668500.0,0.3643905775332052,0.38787113300605824,0.8334996874995485,0.49851147850412003,0.6210042545531018,0.820074103811407,0.1683625063984805,0.344527930099787,0,0,-0.15041199873449204,0.007191061527095037,0.14022472824496723
2022-01-07,68.5199966430664,69.18000030517578,67.9800033569336,68.87999725341797,23985400.0,0.36837357618555105,0.3891865981699987,0.8504502749560358,0.4984247983593204,0.6224473616428152,0.7681214769035402,0.19690016344078548,0.357533581784041,0,0,-0.15456670968623779,0.009660475191122923,0.11621783484884542
2022-01-10,68.97000122070312,69.16999816894531,67.94999694824219,68.47000122070312,22760300.0,0.37184202847144604,0.39033866972776077,0.8143425030961747,0.4983321802019822,0.6015604103564829,0.7096038987957204,0.22297991654672566,0.345192218536852,0,0,-0.15984324296244262,0.0030487673177460187,0.11324035617577248
2022-01-11,68.88999938964844,71.4000015258789,68.58000183105469,71.3499984741211,32936100.0,0.3780166309111041,0.39224401640457707,0.8959222232966538,0.4983043557156175,0.686435897369261,0.7168122731392492,0.25914134140879247,0.36305122628480524,0,0,-0.15963195721210094,0.036658421081954426,0.10092016268315783
2022-01-12,71.13999938964844,71.80999755859375,70.63999938964844,71.13999938964844,23045100.0,0.38411500434918716,0.3937699565863557,0.8784167825627643,0.49827949988434606,0.7018030698845854,0.6943443527439923,0.2946391780170748,0.35055543536079314,-1,0,-0.18472320374269127,0.009390303900123043,0.093903252859526
2022-01-13,71.12000274658203,71.58000183105469,70.30999755859375,70.62999725341797,21043200.0,0.39006091736084375,0.3953789775107577,0.8351490235394098,0.49824483364133565,0.653155898155019,0.6586335981628807,0.3226945159570508,0.33914513870023744,0,0,-0.18498740195412883,0.00969911186296861,0.10261449936736296
2022-01-14,70.6500015258789,72.1500015258789,70.5999984741211,71.87000274658203,23012900.0,0.39673101679220685,0.39757788206092015,0.8707376343354242,0.49823881912954304,0.7200052517807205,0.6516524658583959,0.35175809017140436,0.35162346975348513,-1,0,-0.17966873757441845,0.021237435343768346,0.1206285852241641
2022-01-18,72.81999969482422,73.87999725341797,72.01000213623047,73.08000183105469,32841200.0,0.40502099644087847,0.3999789516530624,0.9015569072683692,0.4982745891868334,0.7804534920832635,0.6608856548189115,0.38689126772647203,0.3694310196835643,-1,-1,-0.20676221013583124,0.014748817560663876,0.1072770111288096
2022-01-19,73.75,73.86000061035156,72.55000305175781,73.11000061035156,26431600.0,0.4138826972362774,0.402219397630979,0.9023037919274052,0.4983042292724247,0.735077016498551,0.6482820282544424,0.4195149325990349,0.383763079313903,0,-1,-0.21606459386838062,0.0017788348407337831,0.09975370460964499
2022-01-20,72.5,74.37000274658203,72.26000213623047,73.2699966430664,26774600.0,0.4219948035602958,0.4043102936238272,0.9065251425938062,0.49833899844954965,0.7079485745761248,0.6374623319186438,0.4521205714321815,0.3982811245241237,0,0,-0.19887841326961556,0.02557793367488031,0.15852819369624804
2022-01-21,73.18000030517578,73.18000030517578,71.04000091552734,72.16999816894531,35995200.0,0.4290968665261588,0.40591931454822905,0.8043657974656627,0.4983415767395143,0.6991007297570451,0.6059365332492241,0.4628239776030694,0.3787633748303492,0,-1,-0.2077248794598301,0.01624133336873656,0.1902552624550366
2022-01-24,70.87999725341797,73.08000183105469,69.80999755859375,72.79000091552734,41507000.0,0.4365737279393502,0.4083009984224707,0.8258480007760939,0.49837319005857195,0.7935195288307189,0.594028277468531,0.4555183944831768,0.4012697989241033,-1,0,-0.1790217333621158,0.04835812084952787,0.23416934951719262
2022-01-25,72.58999633789062,75.23999786376953,71.38999938964844,74.93000030517578,39278400.0,0.44485735375764596,0.41124210234964553,0.8891219453979166,0.49849654946195754,0.836364627576685,0.6266632644895592,0.46250799955215577,0.4225678047574353,-1,-1,-0.2009891065999031,0.03640612024382618,0.14012919974370935
2022-01-26,75.43000030517578,76.0,73.48999786376953,74.16999816894531,35252400.0,0.45278524019646443,0.4141084312842862,0.824405247566741,0.49857732631124785,0.8132501655453761,0.6323512783768208,0.47315369038003935,0.4034528250016674,0,-1,-0.23315095621981982,0.007607095856168655,0.13252369230925878
2022-01-27,75.45999908447266,76.01000213623047,73.98999786376953,75.12000274658203,29174700.0,0.4616596462293386,0.41708553665530945,0.8529178945706689,0.4986748821354996,0.8284756392838863,0.6354811999235932,0.48309452613619824,0.4192722812622511,0,-1,-0.23594445775956863,0.007415438389320288,0.12754482025096667
2022-01-28,74.97000122070312,75.62000274658203,73.94999694824219,75.27999877929688,30595700.0,0.4708643787434635,0.41992694200102865,0.8576464644659924,0.4987825060716662,0.8876886642367582,0.6299182333603263,0.4917247208543239,0.43586224921091693,0,-1,-0.22643771983893365,0.013844527123298913,0.09198609930867248
2022-01-31,74.97000122070312,76.41999816894531,74.2699966430664,75.95999908447266,36085500.0,0.4802469821589654,0.4231532938256911,0.8777926334602774,0.4989365008673263,0.9214205273176894,0.6444357889443697,0.5045603442776361,0.45542896245531334,0,-1,-0.22595646137162895,0.019261383790576764,0.029888417062764135
2022-02-01,76.44999694824219,81.51000213623047,76.2699966430664,80.83000183105469,61033100.0,0.491230409147201,0.4279222015580799,0.9797331893502245,0.4995258397497575,0.9658352532747971,0.7532699553837409,0.5374471166681738,0.48852306302525345,-1,-1,-0.24341756301507328,0.06661407647413493,0.006319159593456519
2022-02-02,80.05999755859375,80.80999755859375,79.1500015258789,80.62000274658203,30299300.0,0.500562194036078,0.43344715651436083,0.9631478355791122,0.49981084979319546,0.9545543442455924,0.7444301759701978,0.567984833887959,0.4720938126447421,0,-1,-0.25163919184863914,0.017938940304213016,-0.013361303689160936
2022-02-03,80.08999633789062,80.30999755859375,79.0199966430664,79.68000030517578,28529400.0,0.5087759422598983,0.43847915749082633,0.8892764411832478,0.5000492236460139,0.9915513031165005,0.7045096022023313,0.5944550085660028,0.45662425870106155,-1,-1,-0.24956579548169897,0.017613566732358445,-0.017613472098343668
2022-02-04,80.87000274658203,82.52999877929688,80.87000274658203,81.41000366210938,32197500.0,0.5170913323835205,0.44354162204011904,0.9251552493059795,0.500379547490367,0.9213888290105463,0.7247928092963705,0.6258874821906248,0.4740827738854557,0,-1,-0.2566516628929825,0.020833283463316143,0.01669169423401425
2022-02-07,81.13999938964844,83.08000183105469,80.63999938964844,82.38999938964844,34949200.0,0.5256735252242934,0.4487785580505169,0.9433805520938253,0.5007754999408216,0.9277918663405941,0.7036745607049805,0.6565760038153403,0.49303334889539213,0,-1,-0.2545141909918231,0.023830025232011928,0.008598414405525777
2022-02-08,82.2699966430664,82.5,79.91999816894531,80.26000213623047,34356300.0,0.5331630918749599,0.4540431886982317,0.7943476042445387,0.5010833756444799,0.8837506416713138,0.651095838571963,0.6745739320766027,0.4744042632449658,0,-1,-0.26180356887873735,0.009831353246618074,0.010438167456275207
2022-02-09,79.58000183105469,80.02999877929688,78.70999908447266,79.0,40106100.0,0.5380227349501623,0.4588647146568591,0.717962159174131,0.5013864808497295,0.7748639455770663,0.5959032060688179,0.6747540333944213,0.4526574519758664,0,-1,-0.23523549172187902,0.043608271951690515,0.04734606679817058
2022-02-10,78.72000122070312,79.68000030517578,77.79000091552734,78.23999786376953,28527700.0,0.5425329900529863,0.4639604106580473,0.67427650346637,0.5015778775772817,0.7515925137280574,0.569763115839043,0.6633124146179195,0.43718881982660507,0,-1,-0.22810127161726168,0.05518988114369067,0.08202526237391218
2022-02-11,78.62000274658203,80.31999969482422,78.2300033569336,80.20999908447266,42002100.0,0.5486186606768704,0.4696155256557263,0.736809863023103,0.5019505087620133,0.8479708846594038,0.5853958147313276,0.6562158967198843,0.45996370298916245,0,-1,-0.2290388864126077,0.05700407983443902,0.05355310488769802
2022-02-14,79.58000183105469,79.83999633789062,77.05000305175781,78.9800033569336,34652800.0,0.5531352696100704,0.4745173655343511,0.6682225367428737,0.5022105327416537,0.8451435180879153,0.5537703483428573,0.6351978428608107,0.44117384554738054,0,-1,-0.22902384934870498,0.04363545742363115,0.034783704617538665
2022-02-15,76.9000015258789,78.19000244140625,76.41999816894531,77.98999786376953,25075100.0,0.5562543315003114,0.47925303970196,0.61633631358774,0.5023711390610779,0.8745799737398059,0.5192806725210506,0.6084251696740475,0.42757732364039397,0,0,-0.162066377661582,0.07824765817300063,0.08711062244863756
2022-02-16,78.79000091552734,79.7300033569336,78.04000091552734,78.3499984741211,21733800.0,0.5595830261739789,0.4838973231510867,0.6298213171625361,0.5025188311218298,0.8546560947035629,0.547086613984661,0.593793236045107,0.4393620857279655,0,0,-0.15784072183328515,0.055007065431915796,0.048724138049099495
2022-02-17,78.4800033569336,79.12000274658203,77.94999694824219,78.2300033569336,23738800.0,0.5627338572160985,0.4883172869048228,0.6230592028159717,0.5026768739379404,0.8321082533790449,0.5331709192689437,0.5791207332067203,0.42649014845770244,0,0,-0.14562863923830305,0.05871089424003585,0.05922143560961298
2022-02-18,77.16000366210938,78.16999816894531,76.88999938964844,77.36000061035156,23394800.0,0.5660307924309926,0.49244646277716564,0.5737837012116696,0.5028101043514979,0.8155850558170841,0.4910115476498783,0.5528931373881256,0.41380473899933257,0,0,-0.11772985195776418,0.07567426709589445,0.07669691604925918
2022-02-22,79.66999816894531,79.79000091552734,75.30999755859375,76.45999908447266,35947800.0,0.5683621489839796,0.4962820818326047,0.5253286296160702,0.5029790376746468,0.7119456479581223,0.4643221443753853,0.5398265826415811,0.3943126911028945,0,0,-0.15149949752113714,0.044079674705342256,0.039555392500589266
2022-02-23,76.45999908447266,77.47000122070312,76.12999725341797,76.7699966430664,25385000.0,0.5695310017523849,0.5000927762426797,0.5407376351385936,0.5031068355626389,0.6435251923000143,0.4338920741231263,0.5276933532340755,0.4080772507101884,0,0,-0.10306038906320393,0.08658125589654118,0.09403613036226653
2022-02-24,79.0,79.02999877929688,74.02999877929688,75.80000305175781,46199900.0,0.5705664580087673,0.5040170170810899,0.48800897598018533,0.5032899277649041,0.6488664174438861,0.39909405467400744,0.4930607564281015,0.3830261860105226,0,0,-0.11970825639258717,0.053145786237613166,0.07880686878086801
2022-02-25,76.69000244140625,77.98999786376953,76.26000213623047,77.83999633789062,28310300.0,0.5722943266864247,0.5085311383759338,0.5874650167510289,0.5034653062490002,0.6888763537049138,0.4430526455975155,0.46090191653683993,0.39837693692052345,0,0,-0.09076523226674134,0.084300780110592,0.13390492728019746
2022-02-28,76.51000213623047,78.93000030517578,76.19999694824219,78.41999816894531,32204600.0,0.5742890029277854,0.5132806593339797,0.6126778178734502,0.5036850532925734,0.6929599410045806,0.45716784704778307,0.43887918917901764,0.415839301952198,0,0,-0.08607406080227831,0.08440390549743772,0.09429594916768634
2022-03-01,78.7699966430664,80.6500015258789,78.33000183105469,79.16999816894531,40002300.0,0.5763281462886711,0.5182101917370365,0.6445805982526209,0.5039904925402356,0.6293770845548562,0.542615576972231,0.43102436993057286,0.43752982953852265,0,0,-0.11425655819539228,0.054960536707779006,0.08709515417662175
2022-03-02,80.5999984741211,82.1500015258789,79.81999969482422,80.52999877929688,44321400.0,0.5761375701498193,0.5238874624445691,0.6980188861631506,0.5043943320560822,0.5039304216833214,0.6282185978348542,0.4330396244299716,0.4615623114049286,0,0,-0.13628901307414398,0.03132503996831445,0.07843879282680782
2022-03-03,79.86000061035156,81.7699966430664,79.62999725341797,81.04000091552734,30196600.0,0.5764043728669701,0.5299469106955346,0.7168540118157626,0.5046859254748663,0.476296785296775,0.6220275285908039,0.43261425162134953,0.4779358745578776,1,0,-0.1247982516341665,0.0399851144854474,0.0989693448592489
2022-03-04,81.05000305175781,84.27999877929688,80.66000366210938,84.08999633789062,42802200.0,0.579205811090159,0.5364799250955301,0.8114263335531396,0.5052413379598755,0.551853637412536,0.71842199851294,0.4459406343528694,0.50114459755269,0,0,-0.13869700599929863,0.0398568076388088,0.09254688937895844
2022-03-07,84.91999816894531,87.2300033569336,83.9000015258789,87.12000274658203,55207900.0,0.5828330727863038,0.543716368493179,0.8794269499505175,0.5061390156009948,0.6779176088090781,0.8209793459157521,0.4703145494029301,0.5310800882103037,0,0,-0.17968844414782137,0.027470630141381062,0.033773386740004664
2022-03-08,89.05000305175781,91.51000213623048,85.43000030517578,87.77999877929688,72082300.0,0.5862570555293976,0.5511272833519332,0.8921679818938938,0.5073601052141998,0.6146075263794154,0.8334190634322587,0.5051632665986021,0.5701654187196927,0,-1,-0.20270894289890537,0.028236903201534658,-0.012511523564293279
2022-03-09,84.02999877929688,86.56999969482422,81.5999984741211,82.79000091552734,65466700.0,0.5878642305092308,0.5569153304958481,0.6304988140031009,0.5081105300468054,0.5969145778379856,0.6420457726916521,0.503341227374591,0.5346672783043755,0,0,-0.12007292164616923,0.08521307200903931,0.03417635044109339
2022-03-10,84.01000213623047,85.68000030517578,82.9000015258789,85.36000061035156,44644200.0,0.5919044039418533,0.5634705016621395,0.6982374383021515,0.5087460306143012,0.7110162712876442,0.6495809182360242,0.5016493338094379,0.5588747926640347,0,0,-0.12151232125547082,0.09059065004302207,0.013528144761470148
2022-03-11,84.06999969482422,86.2300033569336,83.97000122070312,84.91999816894531,35303400.0,0.5961478563275266,0.570053365352863,0.6791619251625445,0.5092309186181496,0.7297210891236259,0.6398927985607897,0.5022655388181454,0.5397321590756896,0,0,-0.11855673235966195,0.0871602903960619,-0.021204282399855705
2022-03-14,83.05999755859375,83.44999694824219,80.5,81.87999725341797,37462600.0,0.5972087182123069,0.5758940296665738,0.558991937049498,0.5096210250185913,0.6494512484117957,0.5475019665526859,0.47619031530425887,0.519418738128508,0,0,-0.10633536238816226,0.09950547291376231,-0.0090673181779223
2022-03-15,78.81999969482422,79.16999816894531,76.37000274658203,77.22000122070312,47957900.0,0.59609068154725,0.5803333791382106,0.4187241326454515,0.5098770350600152,0.5849632655347411,0.42803038196049487,0.4373544129658978,0.493414429552946,0,0,-0.058500257403555196,0.15498293682315112,0.07107962738214761
2022-03-16,77.80999755859375,78.62000274658203,76.25,76.93000030517578,37812300.0,0.595417320923997,0.5840416060313194,0.41113121139269637,0.5100666647051146,0.5136675281277928,0.4199087780003202,0.40191249140016677,0.4729113900714066,0,0,-0.048951032369103815,0.17741523389103087,0.12160061177428375
2022-03-17,78.18000030517578,79.1500015258789,77.06999969482422,78.9800033569336,34041900.0,0.595817529846276,0.5876556743268782,0.4786201304063593,0.5103128009142099,0.5984417774569867,0.45174576090581375,0.3658836949331198,0.49136999797747466,0,0,-0.05394516455759975,0.17327442841772445,0.09190172451290833
2022-03-18,79.05999755859375,79.38999938964844,78.0999984741211,78.66999816894531,41461500.0,0.5960970353776258,0.5909567990311901,0.4693057256633847,0.5105982352976386,0.6136057147064321,0.4599146744227309,0.3309619125645932,0.4688882454402355,0,0,-0.06368699120668365,0.1576348955237637,0.09306160788951617
2022-03-21,80.12000274658203,82.5199966430664,79.73999786376953,82.19999694824219,33089300.0,0.5991716301483414,0.5948007259496029,0.5750668335929316,0.5109521495127871,0.677201139162571,0.5312140200300263,0.3146311475548823,0.48683032313232255,0,0,-0.0774120263001247,0.14478199637412234,0.10258039764401343
2022-03-22,81.62999725341797,82.19999694824219,80.79000091552734,81.83999633789062,23132200.0,0.6025892590610595,0.5983898685433553,0.5629886697076935,0.5111902930209342,0.7350294654026506,0.5295119151683594,0.2994668657601507,0.4742873038001246,0,0,-0.09245740579414483,0.1201947110659083,0.12250608356062202
2022-03-23,83.33999633789062,84.2699966430664,83.05000305175781,83.12999725341797,27716300.0,0.6066294324936818,0.6024498083506273,0.5993987480910544,0.51151402152033,0.6889776283853868,0.5771344153433126,0.2957783588823325,0.48931596889540296,0,0,-0.11375852853360122,0.09982900982312574,0.0851661966347882
2022-03-24,83.45999908447266,84.6500015258789,82.75,83.37999725341797,19871600.0,0.6114446036028063,0.6057813966277665,0.606488906696578,0.5117512859365383,0.7026189007720713,0.5730733746071918,0.2941721484869968,0.5000909865314991,0,0,-0.11343679317622085,0.09683632043458107,0.09900160746841832
2022-03-25,82.91999816894531,85.48999786376953,82.79000091552734,85.19999694824219,22398300.0,0.6161200243695322,0.6096751728369072,0.6568664603832954,0.5120625552832148,0.6909495433315918,0.592956424643552,0.2967451554739063,0.5122360617905911,0,0,-0.10662028882813393,0.10302235848218433,0.01846966858066447
2022-03-28,83.16999816894531,83.30999755859375,82.0199966430664,82.80999755859375,21552400.0,0.6189087597785223,0.6130483025418005,0.5656997675306488,0.51230618427484,0.6601873787131078,0.5269567921677011,0.2927502329539974,0.5005496605898725,0,0,-0.10727699198394174,0.09788737401424565,0.021713597891851358
2022-03-29,80.80999755859375,82.48999786376953,79.76000213623047,82.37000274658203,27036300.0,0.6209415541555852,0.6159561729041951,0.5498564835040923,0.5125986820193806,0.7318291388353123,0.4800689396644125,0.2718993938357977,0.48588971326229013,0,0,-0.08187415745906237,0.1292115069809747,0.07221354345171102
2022-03-30,83.05999755859375,84.01000213623047,82.70999908447266,83.77999877929688,22079000.0,0.6230061079914215,0.6189194304283387,0.5935000726458575,0.5128709225594155,0.7952051104284594,0.5487199621121028,0.26123280922051595,0.4978616538401685,0,0,-0.10962727301440545,0.10258594507558601,0.03933477461609661
2022-03-31,82.87000274658203,84.4000015258789,82.55000305175781,82.58999633789062,27861500.0,0.6239907384513503,0.6215448207723138,0.5481289373155106,0.5131783809529984,0.7224446924224976,0.5329229293088972,0.2535009412288973,0.4827542566568469,0,0,-0.10551449147871837,0.10312723222172579,0.07149675281744856
2022-04-01,81.98999786376953,84.13999938964844,81.98999786376953,83.12000274658203,18671100.0,0.623374552608374,0.6242726818025823,0.5656528726975237,0.513394910693711,0.6474733424290715,0.5289960367377797,0.24186700664195143,0.49287832476335647,0,0,-0.09637970017466593,0.11526824911715568,0.10848770410178604
2022-04-04,83.55999755859375,83.66000366210938,82.05000305175781,83.16000366210938,20869400.0,0.6208589737469106,0.6273162543031661,0.5670366567905832,0.5136376544715255,0.5598580600542453,0.5315800197714227,0.2310640673826445,0.5041943815003451,0,0,-0.11465349451866755,0.09564490273027143,0.10286336344123131
2022-04-05,83.5,85.06999969482422,82.55999755859375,82.7300033569336,21753100.0,0.6176509776176193,0.6300690389223562,0.5482629715206049,0.5138803977649631,0.5549497285219714,0.5676118462083666,0.22993978644733704,0.4923991543349552,0,0,-0.11387687354104808,0.09632036776689228,0.08597885054130533
2022-04-06,83.41999816894531,84.69999694824219,82.94000244140625,83.6500015258789,24768200.0,0.6181972907126727,0.6324839563613778,0.5832995572727816,0.5141810829627285,0.6138202390886434,0.5812770220667477,0.22889581129312292,0.5058292652376685,0,0,-0.11350174070628105,0.09778802899815364,0.0933156159488553
2022-04-07,83.83000183105469,85.44000244140625,82.70999908447266,85.05000305175781,26122000.0,0.6180003655899973,0.6354970652891341,0.6333627004323036,0.5145372621080875,0.5822936640378314,0.6112703582818672,0.2326584471947034,0.5199934498373033,0,0,-0.09121344582943008,0.09181111972603878,0.09599520182689565
2022-04-08,85.16999816894531,87.20999908447266,85.16999816894531,86.83999633789062,24866500.0,0.6192200393083034,0.6387428007188125,0.6905480039474758,0.5149238832431835,0.6253851363662093,0.6940715968910703,0.24647540965452525,0.5334768621467292,0,0,-0.1054673827024364,0.07454442962720312,0.1025279354240176
2022-04-11,85.77999877929688,85.93000030517578,83.5,83.8499984741211,21800100.0,0.6204714773319358,0.6411161767300801,0.5547490829681526,0.5151924381489388,0.5990777824307438,0.5978522510576374,0.24286957896836736,0.5216561500768072,0,0,-0.10974204492381676,0.06598345921893428,0.09926304825073895
2022-04-12,85.70999908447266,86.81999969482422,85.37999725341797,85.5999984741211,22444200.0,0.6257948482469642,0.6437858784937622,0.6118548390695376,0.5155109183639772,0.6056095390618926,0.662057406301602,0.24497296606204882,0.5338261137852187,0,0,-0.11282050395495627,0.06917117659278076,0.12629700846749056
2022-04-13,86.61000061035156,87.11000061035156,85.19000244140625,86.80999755859375,19306800.0,0.6320710901631479,0.6454419787169392,0.648328118817425,0.5158097674674411,0.6645920687389206,0.686141675284409,0.24870052711901525,0.5442948787813228,0,0,-0.12102804667086105,0.05724300950028997,0.11717288502439846
2022-04-14,86.66999816894531,88.45999908447266,86.2300033569336,87.83000183105469,24566400.0,0.6376930281006532,0.6474387161122375,0.6778046059379346,0.5162166306219507,0.6288832855449342,0.7341944720956328,0.2601374002730685,0.5576155672641522,0,0,-0.12003223663164111,0.05575399266678167,0.12579194189672324
2022-04-18,88.5,88.88999938964844,87.75,88.55000305175781,19032300.0,0.6439692748633892,0.6498951749790132,0.6982304531478404,0.5165462949428155,0.6539735189039599,0.7452602562491568,0.27318543311059773,0.5679354895731497,0,0,-0.1394739809246899,0.034270773920970304,0.0853922332191979
2022-04-19,88.01000213623047,88.66000366210938,87.2699966430664,87.76000213623047,20382600.0,0.6475012533366604,0.6516537437755987,0.6590158545208621,0.5168818068265986,0.5907837971719655,0.6882130028954346,0.27981642102009313,0.5568833913792701,0,0,-0.13280634365824587,0.03952569033740463,0.1110106590952288
2022-04-20,87.97000122070312,88.5,87.30000305175781,87.95999908447266,20689400.0,0.6513889687661327,0.6531962996833252,0.6654572849727876,0.5172265468569424,0.5722162553030263,0.6611308891713726,0.28597376693605314,0.5681018463542218,0,0,-0.1335460452987465,0.01048311470545765,0.11052867721202682
2022-04-21,88.94999694824219,89.80000305175781,86.79000091552734,87.02999877929688,29010900.0,0.6538664343384468,0.6550711827873141,0.6172589503668822,0.5176805676067233,0.571608111523819,0.637762330629372,0.3000026932464794,0.5523712076970919,0,0,-0.14438377763107643,0.009663552891801637,0.11527966683936022
2022-04-22,86.66000366210938,88.12000274658203,85.0,85.12999725341797,23591600.0,0.6549781171731281,0.6567688244382452,0.527880589244199,0.5180013730829001,0.5416386054423789,0.5514660966770546,0.2924106353964375,0.5395790869788948,0,0,-0.1196139699887685,0.03607950630461684,0.13995165858463376
2022-04-25,82.37000274658203,82.66000366210938,79.29000091552734,82.26000213623047,37698300.0,0.6531104933065195,0.657882124560206,0.4175837441032192,0.5183975427597489,0.5640421086393298,0.35848750926513484,0.28233847025764014,0.5191378619466456,0,0,-0.07189008509378653,0.08727828667793674,0.24668155382980309
2022-04-26,82.7300033569336,84.72000122070312,82.18000030517578,82.29000091552734,28941500.0,0.6527801668252688,0.6584581603390869,0.41891936041318034,0.5187022394590168,0.5012614278258994,0.4267650916613916,0.25811115313957556,0.53483086970219,0,0,-0.07877465583093574,0.08594699138368146,0.2657426746081866
2022-04-27,83.38999938964844,85.4800033569336,82.27999877929688,84.63999938964844,32773000.0,0.6542221761412006,0.6600256398357349,0.5174427038652243,0.5191292688851799,0.48301228925290546,0.4639992586895723,0.23052661708264388,0.5526014394090972,0,0,-0.08676630587205629,0.07789529214721236,0.2301616506341834
2022-04-28,84.87999725341797,88.13999938964844,84.06999969482422,87.19999694824219,33683800.0,0.656394720860662,0.6625762573000606,0.6058100790259225,0.5196598134575896,0.49075618569869917,0.5626485842498661,0.22027588932338826,0.5708658740319126,0,0,-0.09227312872061434,0.058128613348520014,0.1840737469683883
2022-04-29,88.13999938964844,88.13999938964844,84.69999694824219,85.25,34656500.0,0.6580844810957223,0.6644871439607827,0.5287817180137436,0.5201327809812422,0.49694286573796154,0.5376093744727423,0.21075735640407944,0.5520740103316888,0,0,-0.11513762920756311,0.01903673991060659,0.08841742378785802
2022-05-02,85.01000213623047,87.04000091552734,84.62999725341797,86.41000366210938,36335200.0,0.6601744454065093,0.6667525135276209,0.5677897721562117,0.5206730067536074,0.5298248852379255,0.5321019335447671,0.20137085955971623,0.5717761189093111,0,0,-0.06709678851264662,0.05618769402378116,0.13008793358229473
2022-05-03,86.26000213623047,88.77999877929688,86.12000274658203,88.19000244140625,33908100.0,0.6633697387216015,0.6697517746084976,0.6233378835096287,0.5212408914028228,0.5518206696487901,0.6098823933855666,0.2029743692477749,0.590162176172265,0,0,-0.08066197112961652,0.04096748947459688,0.09987266390086043
2022-05-04,89.5,91.87999725341795,88.91000366210938,91.6999969482422,46188400.0,0.6690679032374056,0.6739723401428799,0.714467207714176,0.5221861340454548,0.67103251646052,0.7515580726284234,0.21959877619590862,0.6152070052038007,0,0,-0.11577274976555552,0.026987154864852547,0.021430993733152007
2022-05-05,92.04000091552734,92.0500030517578,88.38999938964844,90.30999755859376,41013400.0,0.6732986479623275,0.6777221084637424,0.6572734447669851,0.5229633822051967,0.6846839555105946,0.6963684902372759,0.23057794675023857,0.592968226830833,0,0,-0.13904035359124844,0.00010907455358041067,-0.06455832460154508
2022-05-06,90.9800033569336,91.81999969482422,89.3499984741211,91.69000244140624,29619300.0,0.6775166898730505,0.6821226854431359,0.6917311276300799,0.5235674855689054,0.7004252622629732,0.6976427372222006,0.24077289083640208,0.6090287594436483,0,0,-0.12944306009776707,0.011848075780646337,0.005536485588714544
2022-05-09,89.44000244140625,89.55999755859375,84.0199966430664,84.45999908447266,45851600.0,0.6760048029626431,0.6839560292322555,0.45792859819719467,0.5241486865462606,0.5912118855589433,0.4728776392270531,0.2168984256719388,0.5841665541535244,0,0,-0.11069910847003395,0.028465487412539316,-0.017231996826092083
2022-05-10,85.63999938964844,86.88999938964844,83.5199966430664,85.0199966430664,34483200.0,0.6767480411803717,0.6857838330374695,0.47390629740714085,0.5246056652719822,0.6147632695456151,0.43050012579217867,0.1976307053804291,0.6028644490461867,0,0,-0.07518350157416108,0.07589395846071934,-0.005091171084973805
2022-05-11,86.43000030517578,88.94000244140625,86.27999877929688,86.79000091552734,33020600.0,0.6775039870588515,0.687894116861103,0.5235624716074802,0.5251048141028645,0.6051849479548651,0.5286074751835511,0.18072537743121758,0.6207692753990963,0,0,-0.08398023608050474,0.06610212854013729,0.0055281256088058756
2022-05-12,85.94999694824219,86.37999725341797,83.4000015258789,86.30000305175781,29491500.0,0.6771800144079767,0.689492062043463,0.5091519289030974,0.5255347556448648,0.634557957571481,0.44082517387809733,0.16814338311484162,0.6047780400373273,0,0,-0.07673690474087003,0.07028466458310956,0.035487980165508366
2022-05-13,87.36000061035156,88.94999694824219,86.3499984741211,88.86000061035156,25798400.0,0.6778343183866549,0.6916577330288456,0.5791724336180392,0.5259805725630948,0.6613052124549358,0.5607052669034792,0.15131496561293462,0.6187667583580998,0,0,-0.09351100126826524,0.05434533343635504,0.047972181265920726
2022-05-16,88.9800033569336,91.9800033569336,88.97000122070312,90.9499969482422,26101200.0,0.6793589081112612,0.6935575418346409,0.6301463446174888,0.526489063196991,0.6624251651162351,0.6615667116385141,0.1500749966170471,0.6329196645318993,0,0,-0.10904796730642193,0.03454872466506118,-0.009678152199465308
2022-05-17,91.7300033569336,92.4499969482422,91.12000274658205,92.11000061035156,23120700.0,0.682122233045301,0.6949394720152569,0.6568770188218777,0.5269675212175762,0.697170868750615,0.6879695258817657,0.15099316546799119,0.645456448195967,0,0,-0.13677848113052277,0.00791636740480972,-0.06695991392666956
2022-05-18,92.51000213623048,92.91999816894533,89.83000183105469,90.6500015258789,25451200.0,0.6838310499249363,0.69573429067495,0.6061164601421835,0.5274543484330425,0.6690479557126174,0.6427701293828392,0.14383951494278496,0.6316559928295239,0,0,-0.14352405963633705,0.004451156551927841,-0.053848648915493035
2022-05-19,89.0,92.3000030517578,89.0,91.13999938964844,24387400.0,0.6864419168558256,0.698046739540563,0.618687392505649,0.5279330591907825,0.7325251560354565,0.6185231705981777,0.13215098180321688,0.6448796217823275,0,0,-0.10711526664123254,0.04324322231617657,-0.04622175809020898
2022-05-20,91.93000030517578,93.58999633789062,90.4000015258789,91.86000061035156,28795000.0,0.6907171335468252,0.6998468497649026,0.6375490291780107,0.5285196883890504,0.7710377109791186,0.63819718202438,0.1280146091503898,0.6604931925482139,0,0,-0.13868772738969398,0.018213693700149223,-0.09490894869219586
2022-05-23,92.66000366210938,94.7699966430664,92.5500030517578,93.88999938964844,27239300.0,0.69810505829769,0.7023310022125528,0.6881235854924126,0.5291325747758742,0.7246646345911312,0.6740238773990268,0.13006615534177696,0.6752632129740939,0,0,-0.1455476013253519,0.02296965999278754,-0.07315481358646822
2022-05-24,92.81999969482422,94.79000091552734,92.31999969482422,94.4000015258789,24293300.0,0.7057979039014075,0.705798292627881,0.7003135236730084,0.529691764385817,0.8110817441054207,0.6599241540314402,0.13034824733797018,0.6884358178946324,0,0,-0.14410479142881522,0.020982013350831077,-0.07178611042266797
2022-05-25,94.58000183105467,96.52999877929688,94.47000122070312,96.3000030517578,29947800.0,0.7132048901433996,0.7110823089934963,0.744009160629773,0.5304405850832512,0.8265229367789111,0.6986129857013542,0.13937570217120987,0.7046744737231656,0,0,-0.16197034606334954,0.0206567469991791,-0.09470341416207938
2022-05-26,96.5999984741211,97.43000030517578,96.1999969482422,96.63999938964844,24314800.0,0.7192016265282333,0.7165407968202167,0.7515869989730294,0.5310566872996119,0.7762591363025737,0.7052598458634016,0.15202981968774731,0.7178587366319475,0,0,-0.1797507477677882,0.00861891801403777,-0.12564899367259394
2022-05-27,95.9499969482422,97.93000030517578,95.3000030517578,97.58999633789062,25588800.0,0.7270405763047252,0.7216946489186642,0.7729795878775022,0.5317301551141402,0.8616537193263059,0.6936635245494811,0.15663548819226059,0.731733803123148,0,0,-0.1723923441425372,0.020488445461907433,-0.11496275538616799
2022-05-31,98.55999755859376,99.77999877929688,95.70999908447266,96.0,44888100.0,0.7331325959124324,0.7264940202238803,0.6971183385005676,0.5328346977110727,0.7495998977593555,0.6803219819090923,0.16999434169419514,0.7073940383759284,0,0,-0.19745872903147743,0.01250129384654387,-0.1580079797887881
2022-06-01,97.0199966430664,98.70999908447266,96.62000274658205,97.83999633789062,25815400.0,0.7392627288092892,0.7308253621946452,0.7423516230722831,0.5335192135038409,0.7204108037008622,0.6703542500063912,0.18239899137456295,0.7213919746408933,0,0,-0.18468745549519858,0.028750022252400715,-0.12999995549519858
2022-06-02,97.29000091552734,98.0999984741211,96.79000091552734,97.66999816894533,19089100.0,0.7430551561693355,0.7352093234480908,0.7341096727201365,0.5340215366888938,0.6521054310131109,0.6444415755011536,0.19391759464919028,0.7110412535536531,0,0,-0.18397384171844164,0.025449692937132975,-0.11437042988801384
2022-06-03,97.9000015258789,99.66000366210938,97.9000015258789,99.08999633789062,21038200.0,0.7486326269873158,0.7396292861453846,0.7686736537333507,0.5346062356258918,0.6629316461938165,0.6541822062380405,0.21252447773211064,0.7224488390541522,0,0,-0.1905395818494927,0.019248462052451676,-0.09859736933909771
2022-06-06,99.18000030517578,99.77999877929688,98.66999816894533,98.83999633789062,20682100.0,0.7531746415489136,0.7439107788254216,0.7554525288294364,0.53517514929062,0.5809457913694474,0.6402350925651255,0.23039512970810255,0.7112343423728833,0,-1,-0.20072661342952114,0.006055086247809888,-0.1003128752524268
2022-06-07,99.6999969482422,103.43000030517578,99.48999786376952,103.37000274658205,37810200.0,0.7651871709631561,0.7489427808583293,0.8508328826856052,0.5363944702388719,0.7319310399496258,0.6845673512208181,0.2625491871214336,0.7317362431671989,0,0,-0.17725614419463587,0.0377377933542443,-0.12090244223998552
2022-06-08,103.48999786376952,105.56999969482422,102.9800033569336,104.58999633789062,31613200.0,0.7776189610976991,0.7549745344719778,0.8714755471737251,0.5374532424027731,0.7549632893886128,0.7082499357042528,0.29947528731463663,0.7488779321873802,0,-1,-0.20518524253569256,0.020121909410740317,-0.15875007832731658
2022-06-09,103.41999816894533,104.56999969482422,102.16000366210938,102.33000183105467,26607000.0,0.7874907052512539,0.7605022573073268,0.76096158452446,0.5382801445865648,0.7499560276700776,0.6649282585587051,0.32568724283986494,0.7344507650622564,0,0,-0.19141406773157732,0.02055647386135336,-0.12850172370780286
2022-06-10,101.94000244140624,103.3499984741211,99.79000091552734,100.45999908447266,30950500.0,0.7964858049819521,0.7651216171675321,0.6799273307122835,0.5391801731578831,0.6552049833731288,0.620347262141083,0.32879894481483274,0.7176684131959752,0,0,-0.1811785457224617,0.03547344071595987,-0.12029712662677271
2022-06-13,97.5199966430664,97.7699966430664,93.91999816894533,95.8499984741211,33421000.0,0.8009261824903007,0.7687938426167926,0.518514500259551,0.5399890154303058,0.6071847808350437,0.48987277672917506,0.297992646488347,0.6995464771457341,0,0,-0.14055340678745756,0.08013142668843644,-0.059227523416948084
2022-06-14,97.41000366210938,98.66999816894533,95.2699966430664,96.0999984741211,31264000.0,0.8041977072302442,0.7723885230815661,0.5257904602221422,0.5407529681030279,0.5585383653363271,0.5029042232133057,0.2698264332504483,0.7164988187475634,0,0,-0.14616590880815802,0.08513298030899805,-0.04976530358264752
2022-06-15,95.98999786376952,96.56999969482422,93.2699966430664,94.88999938964844,29620800.0,0.8059636940436035,0.7756370285031973,0.4876747305490722,0.541438346713782,0.5347783391345385,0.44602019802618564,0.24895104695341064,0.700437472786731,0,0,-0.13100932921742958,0.09968784581858775,0.009781503187634273
2022-06-16,92.41000366210938,93.12999725341795,90.27999877929688,91.38999938964844,35696700.0,0.8064337757138054,0.7780353281033865,0.3907369522010328,0.5421322848283947,0.5429115413531295,0.3464765322667164,0.24320279699021236,0.6810815793483348,0,0,-0.09495207286526099,0.13868685970452718,0.02181472977277767
2022-06-17,90.95999908447266,91.3499984741211,85.66000366210938,86.12000274658203,64610200.0,0.8032448362290889,0.7787193703266972,0.2802799591345514,0.5430292895081625,0.4196660991944299,0.2491604046342627,0.25458338173146683,0.646047860650711,1,0,-0.08272237235018579,0.15986432550525226,0.03402998830421074
2022-06-21,88.58000183105469,92.52999877929688,88.5199966430664,91.4800033569336,35951500.0,0.8030034439868885,0.7805000948331362,0.4365869277149904,0.5437292461136845,0.4589268527268626,0.34223808702260095,0.25816659533529734,0.6655419148055909,0,0,-0.06014863144417825,0.19728283002689334,0.028332498074711897
2022-06-22,87.54000091552734,89.76000213623047,87.52999877929688,87.86000061035156,29727200.0,0.7991729033376929,0.7807825748515558,0.36632094486613476,0.5441947243467768,0.4055928255021031,0.30235829119070323,0.2649532148103502,0.6494228753587543,0,0,-0.045255785283425574,0.19709224002701478,-0.003825956069934557
2022-06-23,88.66000366210938,89.05000305175781,83.5199966430664,85.20999908447266,35757200.0,0.793334978786385,0.7811592134675254,0.3208434454500454,0.5446548692604183,0.34432976822350686,0.2825580121164091,0.28373023296317024,0.6300341768836734,0,0,-0.05986799567140842,0.19246523919011363,-0.002390242572368532
2022-06-24,86.94999694824219,88.4000015258789,85.80999755859375,86.9000015258789,26639000.0,0.7873636528765016,0.7815192363575469,0.3666937930555706,0.5450443407573107,0.28918071984397664,0.34026149157633084,0.30116603553364596,0.6444786954331594,1,1,-0.04166172351256576,0.21851898775545286,0.023471423794023356
2022-06-27,87.80999755859375,90.04000091552734,87.66999816894531,89.02999877929688,25478700.0,0.7825294202762498,0.7821340435722293,0.42187598775411217,0.5454731905820984,0.3106190740134562,0.3934704002847521,0.30667780312717025,0.6582940621799137,0,1,-0.0493670982761695,0.20437286334156762,0.03199077940716708
2022-06-28,91.12000274658205,93.23999786376952,90.3499984741211,91.5,33096900.0,0.7786607663379048,0.7831504129918025,0.48144123783093284,0.5461150268019161,0.25897860224082475,0.44912464447378836,0.29321065285888626,0.6762402608352868,1,0,-0.08536455360800198,0.16230480901233474,0.0037065506703892422
2022-06-29,92.9800033569336,93.1999969482422,87.76000213623047,88.12000274658203,25400900.0,0.7736550190899283,0.7830313286924462,0.41236083722635497,0.5465174968240851,0.2919992965990824,0.42407967318207546,0.29040126397389965,0.662467079739013,0,0,-0.10338805151767418,0.13759558839224728,0.0022950719614496396
2022-06-30,86.13999938964844,87.5999984741211,84.66999816894531,85.63999938964844,39948100.0,0.7659050035524866,0.7824442150586386,0.3668247662150357,0.5470463977327813,0.2562317408259313,0.3789576544254994,0.2979061352867885,0.6408059411277016,1,1,-0.029732213628234992,0.2204947764363231,0.08919655430510565
2022-07-01,86.73999786376953,87.87999725341797,84.70999908447266,87.55000305175781,26327900.0,0.7594763036331529,0.7823306707431879,0.41522019713457203,0.5474469673857087,0.2849110369958917,0.4020297194854203,0.30323034644400537,0.6550817712984668,0,1,-0.03759926720751864,0.21987391365314193,0.06515649078494924
2022-07-05,86.33999633789062,86.69999694824219,83.01000213623047,84.80999755859375,34591100.0,0.7504049724776032,0.7817158635285057,0.36444654418437217,0.547873947371976,0.2683432311348024,0.384609100435943,0.31363086699468845,0.6363253695717832,0,1,-0.038035340783386724,0.21964594730585218,0.058480897408480816
2022-07-06,83.76000213623047,85.2300033569336,81.01000213623047,83.27999877929688,33375700.0,0.7405205255098497,0.7812035248872322,0.33770011157347624,0.5482322566840696,0.3022182667124632,0.3695343133220878,0.32929242024108013,0.6182279966316548,0,1,-0.03242542246390318,0.2571630490087634,0.09951650813550239
2022-07-07,85.37999725341797,86.76000213623047,85.30000305175781,85.94000244140625,23817400.0,0.7294481642825636,0.7822226642987582,0.4078632481773896,0.5485536133589259,0.22274845451991448,0.41865092454986674,0.33408385236402693,0.6311425533380074,0,1,-0.05247352523105303,0.24243519137064895,0.10806916584918773
2022-07-08,86.94999694824219,87.30000305175781,84.93000030517578,86.08000183105469,17673800.0,0.7176897396178259,0.7832722672831116,0.41150461498398205,0.5487944722563545,0.20626727283934765,0.4256017067559589,0.3351125240205228,0.6407258534596301,1,1,-0.06911792696377449,0.2166628137959051,0.08296491366373548
2022-07-11,85.16999816894531,86.12000274658203,84.36000061035156,85.63999938964844,15603800.0,0.7070874600607417,0.7835492073176253,0.4021309664717374,0.5489998529312765,0.2663706691252495,0.41528071676979694,0.3381625243679077,0.6322649736014345,0,1,-0.048327090430126604,0.23698886026881208,0.10269521119010946
2022-07-12,83.77999877929688,85.05000305175781,82.86000061035156,84.5,21013000.0,0.6969489131900362,0.7828014700695922,0.3774115488096528,0.5492513445879372,0.3260990618319358,0.38927485085259356,0.3464282403443537,0.6208710523476206,0,1,-0.03234465977122863,0.25443719139214716,0.16604392015469746
2022-07-13,83.37999725341797,86.30999755859375,83.30000305175781,84.83999633789062,19928600.0,0.6899548386845222,0.7826879236412567,0.3881068950397566,0.5494967224220866,0.3268548772954491,0.412792874026457,0.34524905760842023,0.6316769772083619,0,1,-0.028047279493343194,0.2626035791882396,0.17988171097794917
2022-07-14,81.8499984741211,83.30999755859375,80.69000244140625,83.13999938964844,26343000.0,0.6817220338161272,0.7817823285451813,0.3495299150998128,0.5497742919869277,0.404978334566793,0.34371980513866124,0.3537876950312713,0.6173929593342259,0,1,-0.013672749679230888,0.2795851278238383,0.203206018481049
2022-07-15,84.80000305175781,84.87999725341797,82.9000015258789,84.54000091552734,17243700.0,0.6751472248774666,0.7807714969966291,0.39623454791988555,0.5499809092926289,0.4287825286204151,0.4043041168657288,0.3509773993591282,0.6267430454677809,0,1,-0.0494346961814302,0.24981954288602543,0.1572047124221118
2022-07-18,86.58000183105469,87.94000244140625,85.75,86.0999984741211,19395800.0,0.6717867658984726,0.7792206332259288,0.4460146577631887,0.5502445674948526,0.41813416595450253,0.5102432261990963,0.32980810308674446,0.6372600691128922,0,1,-0.06967115360613427,0.22462736761434865,0.16016087968885373
2022-07-19,86.41999816894531,88.5199966430664,86.25,88.2699966430664,18248900.0,0.6731525437895534,0.7786556753019744,0.510178586103621,0.5505335587945424,0.5554030250066391,0.5582655599128566,0.3068951817979456,0.6471552068642236,0,1,-0.06655047420542425,0.2224158172503892,0.11486642932544383
2022-07-20,87.58000183105469,89.6500015258789,87.25,89.23999786376953,16584400.0,0.6717295862716435,0.7779771709496848,0.5373850267233253,0.5508127138084427,0.5429469743328967,0.6154551428483631,0.27926828007207904,0.656147799432717,0,1,-0.07805596070779557,0.2038064863253016,0.09074424845880089
2022-07-21,86.93000030517578,87.80000305175781,85.20999908447266,87.75,21375700.0,0.6716597086771681,0.7788883039167813,0.4923870320497552,0.5511392441805731,0.6261985908532268,0.535581094330463,0.26373689835612507,0.6445572106283981,0,1,-0.0699237787219054,0.20887494213193022,0.0777678463417336
2022-07-22,87.55000305175781,88.47000122070312,86.62999725341797,87.08000183105469,15479500.0,0.6728476229367004,0.7794588018246413,0.47248885844711075,0.5513647966734152,0.6382289987387975,0.5544546546879502,0.24532462126553162,0.6361637302092095,0,0,-0.07817664513221154,0.19396007570446047,0.09162385511262465
2022-07-25,88.16000366210938,90.12999725341795,87.41999816894531,89.9800033569336,17536400.0,0.6748041858889118,0.7803422412108636,0.558831679485351,0.5516728724602014,0.677993174838085,0.6282503330220633,0.2186354125551216,0.6456725276524771,0,0,-0.08578320008761363,0.17443723579016537,0.07797419778775616
2022-07-26,91.12999725341795,91.27999877929688,89.0,89.62999725341797,15141200.0,0.6751853333200635,0.7812644499200019,0.5473491938895511,0.5519332225080649,0.6568459848577684,0.6577222346404106,0.19952533734519207,0.637462484322717,0,0,-0.11602572152168329,0.08379640624837076,0.033451900688316
2022-07-27,90.27999877929688,92.0,89.4000015258789,91.56999969482422,18047000.0,0.6752298004395885,0.7820149571599881,0.6018074117291684,0.5522796138388526,0.6946477531874116,0.7083599516107784,0.1856783872390651,0.6472481454309633,0,0,-0.10699538805938007,0.09360704726930588,0.05165686739587553
2022-07-28,92.18000030517578,93.25,91.01000213623048,92.63999938964844,20353100.0,0.6781011162572532,0.7824829864944396,0.6301291712562805,0.5526925455172278,0.757482719319799,0.744091174663274,0.17945383659671005,0.6582842477805089,0,0,-0.12547775365362349,0.0479414590398494,0.047177019867003414
2022-07-29,94.4499969482422,97.5199966430664,94.0999984741211,96.93000030517578,29825800.0,0.6852730592408678,0.7838178373762807,0.7272931372469023,0.5534295211749733,0.8237818004545109,0.8082129603576329,0.1925772306456689,0.6744567513036613,0,0,-0.1485318933235387,0.03313902973932063,0.03411057516114857
2022-08-01,94.79000091552734,95.3499984741211,93.2300033569336,94.4800033569336,20793200.0,0.6896753234600672,0.7848785182155606,0.6400889151403624,0.5538901430194403,0.7894222081697989,0.7034699763717903,0.1988269198968849,0.663182012645935,0,0,-0.14546578386184317,0.028164610739130357,0.005571040068370814
2022-08-02,94.69000244140624,95.1999969482422,93.81999969482422,94.06999969482422,16722500.0,0.6955577151309003,0.7856899526012016,0.6260702109297227,0.5542532484399705,0.7697130707483993,0.6734094125421227,0.20463020277301402,0.6541145378366787,0,0,-0.14817950362585977,0.029953366861861844,0.031541020550994704
2022-08-03,94.41999816894533,94.41999816894533,90.79000091552734,91.0199966430664,23580800.0,0.7004745281398266,0.7854573218735099,0.5285062055097248,0.5546905586807722,0.72330284261626,0.6014051391357372,0.18996907358125442,0.6413282732242038,0,0,-0.14595509484512637,0.0329541669414042,0.004358495412346697
2022-08-04,90.30999755859376,90.33999633789062,86.43000030517578,87.19000244140625,31821500.0,0.701268587307456,0.7836018244874214,0.4278507233784885,0.555154200212916,0.6901570969577819,0.4908031424307959,0.1799101129246199,0.624073637276065,0,0,-0.10569100716309829,0.07921335256412444,0.03186114736140022
2022-08-05,86.36000061035156,89.69000244140625,86.27999877929688,88.44999694824219,17408000.0,0.7027741203874875,0.7819540300143335,0.46400327125750973,0.5554302638101487,0.7007335226525006,0.4917474747318066,0.1712557796166954,0.6335128121290794,0,0,-0.06503037057208119,0.12799628076871114,0.07844931926097007
2022-08-08,88.61000061035156,89.5999984741211,88.22000122070312,88.94999694824219,14458500.0,0.7048767875124735,0.7799185190703495,0.4784568562677446,0.5556668857084923,0.6881803995889424,0.5087237597786838,0.1632196129736227,0.641352673664713,0,0,-0.08954209657666597,0.10073483708460339,0.04330132236517605
2022-08-09,90.05000305175781,91.61000061035156,89.94999694824219,90.58999633789062,19083400.0,0.7087454414508185,0.778243031016387,0.5253290329052425,0.5560113107534277,0.6584216412289752,0.5534109630319435,0.14368268503324716,0.6517003040294888,0,0,-0.1052276664584701,0.08397969474529829,0.010117975574614954
2022-08-10,90.68000030517578,91.79000091552734,89.19000244140625,91.4499969482422,18302000.0,0.7129444267169667,0.7765426193735034,0.5492467824934313,0.5563576510251829,0.6846175534510373,0.548768319365827,0.12975772004139552,0.6616242343006211,0,0,-0.11027705340121606,0.07550498525663031,-0.0012142688464328053
2022-08-11,91.83999633789062,94.3000030517578,91.44000244140624,93.19000244140624,18797900.0,0.7193286643633279,0.7757644185526427,0.5960022433317543,0.5567468752728009,0.6470494293570376,0.6073858754633998,0.11935513152609856,0.6718170574261657,0,0,-0.1219244862609992,0.06211044827470559,-0.06659372926318817
2022-08-12,92.4800033569336,94.0199966430664,92.11000061035156,94.0,15058200.0,0.7253381035623605,0.7747009698342944,0.6170462216968315,0.5570710540022064,0.6539160453018071,0.6106134492741075,0.10969558504760848,0.6799820954989864,0,0,-0.1265157270807067,0.054082982660095306,-0.0912115009906178
2022-08-15,90.52999877929688,92.7300033569336,89.66000366210938,92.31999969482422,20755200.0,0.7292893427559328,0.7732193410722226,0.558471473484058,0.5574816511910297,0.7109320603606939,0.5392158061055882,0.0985754017693172,0.66872796165769,0,0,-0.10468081210521941,0.07436167940180352,-0.05095745654816323
2022-08-16,92.02999877929688,92.88999938964844,91.29000091552734,91.45999908447266,14038200.0,0.7313157833026198,0.7711062893695209,0.5295949804551862,0.5577467524108752,0.6601846154688696,0.5448736605245738,0.08725127731637064,0.6611160002364131,0,0,-0.12283358292218868,0.059467048114356956,-0.03433706866793928
2022-08-17,91.2699966430664,93.20999908447266,90.91999816894533,92.1999969482422,13678000.0,0.7331961148299797,0.7692674077093802,0.5525798915822593,0.5580153511366457,0.6415081931434372,0.5484721452441532,0.07896047163751346,0.6685326496872135,0,0,-0.11567892310919936,0.06833588522374122,-0.028318350796160612
2022-08-18,93.1500015258789,95.30999755859376,93.08999633789062,94.37999725341795,17770400.0,0.737407802910327,0.7667777152778243,0.61624964317354,0.558404015793942,0.6060461018997575,0.6280459968199357,0.06991331850219012,0.6781683294211294,0,0,-0.13514099237408062,0.04739691173352923,-0.06334060911697781
2022-08-19,94.16000366210938,95.1999969482422,93.8000030517578,94.08000183105467,16128600.0,0.7418545342490517,0.7638670770363614,0.6046052843925966,0.5587515757377051,0.6024951745483461,0.6235635962089537,0.06151239059081845,0.6694228862033945,0,0,-0.1427209325354723,0.03560068953949191,-0.023733900808975993
2022-08-22,93.41999816894533,94.48999786376952,91.86000061035156,94.01000213623048,16019900.0,0.7444145802300401,0.7615629360337224,0.6017306553996437,0.5590954401938784,0.5916112675368288,0.5748828606128695,0.05444832253173279,0.6607363836052899,0,0,-0.1353103261030875,0.04357991490565341,0.019664099044590128
2022-08-23,95.5500030517578,98.41000366210938,95.4499969482422,98.0,23764700.0,0.7497316021612452,0.7608816638023645,0.7105070576781672,0.5597027435968971,0.639690310147804,0.7220556395716116,0.057438862641794375,0.673622364684646,0,0,-0.15806829350793788,0.030422301301590567,0.03797467943518327
2022-08-24,98.01000213623048,98.97000122070312,97.36000061035156,98.58000183105467,17050300.0,0.7541846873303455,0.7616377110262564,0.7241238526295154,0.5601483150897786,0.6330917323146219,0.7249799803526434,0.06306701412191426,0.6828675831472122,0,0,-0.1767346907635126,0.009795909025231041,0.041326483901666135
2022-08-25,98.91999816894533,99.86000061035156,98.0999984741211,99.08999633789062,15305700.0,0.7582820306966922,0.7624657611378449,0.7363543362875647,0.5605560905446105,0.6183302753977987,0.7137036391229654,0.07283545674082464,0.691166823642834,0,0,-0.16250757096273252,0.00953542730722608,0.021403941683503357
2022-08-26,98.7699966430664,99.91000366210938,97.41999816894533,97.87000274658205,15531400.0,0.7588791647416462,0.7632910433703652,0.6790173356663797,0.5609501717293948,0.5592168737478361,0.680198886242108,0.0768077354516539,0.6827452013822579,0,0,-0.1368452725778192,0.011504763963817466,0.0007064254456678373
2022-08-29,98.18000030517578,101.55999755859376,98.13999938964844,100.12000274658205,23059200.0,0.7624619593182655,0.7657087308013397,0.7363352070219711,0.5615881684029369,0.5590439579718418,0.6995568979481896,0.08918651875635358,0.6952486377776297,0,0,-0.1325227429929349,0.034535579427436194,-0.001839177481601404
2022-08-30,98.36000061035156,98.62000274658205,95.81999969482422,96.30999755859376,17086800.0,0.7638849119896227,0.7685307483162738,0.5813381658601012,0.5619937059733693,0.5581551470450983,0.6002051956747729,0.08385061691467155,0.6859836278466503,0,0,-0.13134240077043774,0.03196161466696968,0.0006991579395118269
2022-08-31,94.02999877929688,96.83999633789062,93.58999633789062,95.58999633789062,18340900.0,0.7667879921126135,0.7696689699142714,0.5558120024635891,0.5624151714350529,0.607980835460963,0.5505114734174527,0.07173498700450204,0.6760386047502778,0,0,-0.09157927440978539,0.07818501682253429,0.08140384348484084
2022-09-01,94.41999816894533,95.06999969482422,92.29000091552734,93.87000274658205,16423000.0,0.7710314444982871,0.7713333801133069,0.4971310493630525,0.5627633299917565,0.6515257770281735,0.49663021479393066,0.06781173917302519,0.667133528428411,0,0,-0.08515534785538915,0.07469400212559936,0.049900663826787296
2022-09-02,96.3499984741211,96.79000091552734,95.11000061035156,95.58999633789062,18206800.0,0.7755671100760617,0.7742080169109216,0.5516770827434457,0.5631812048903595,0.6263359206984827,0.5520382994353817,0.05353426891441504,0.6770058382120658,0,0,-0.10727601363781662,0.05550227902451377,0.045488485645287034
2022-09-06,96.16000366210938,96.58999633789062,94.51000213623048,94.9499969482422,19201500.0,0.7793785940806828,0.7764373829210265,0.5291003958231754,0.5636090074615869,0.6024197994888328,0.5272196652541778,0.043784716097560544,0.6665941702467536,0,0,-0.1033581468911114,0.056491203089877116,0.048540637801125094
2022-09-07,93.19000244140624,94.58999633789062,92.3000030517578,94.13999938964844,16274700.0,0.7816337240553712,0.7778525466664228,0.5004006089619467,0.5639578516612969,0.6310146135662816,0.4592901401130029,0.04716004094183565,0.6577695069321652,0,0,-0.0727751857209226,0.08815161017593356,0.11163769157253611
2022-09-08,94.66000366210938,95.41999816894533,93.72000122070312,94.91000366210938,18759200.0,0.7838316840963355,0.7787969131982995,0.5276334110555229,0.5643745095166399,0.6189491847563703,0.48872390040294655,0.044682411608392536,0.6679413456788719,0,0,-0.08901641105952629,0.07329502805630045,0.0984703282681955
2022-09-09,96.5199966430664,97.0,95.31999969482422,96.5,17158000.0,0.7859343512213213,0.7811176699268865,0.5813127417216918,0.5647833224641521,0.6244453042268818,0.5485183474433051,0.03218394275916442,0.6772449625290569,0,0,-0.10789166019026943,0.053102947224302574,0.09840905707407466
2022-09-12,97.6500015258789,99.19000244140624,96.87999725341795,97.61000061035156,16118900.0,0.7882275944851591,0.7844326424780781,0.6164377139637889,0.5651854835995329,0.58295113259073,0.6051766195042352,0.03285259137750579,0.685985146096282,0,0,-0.11782386265888116,0.04051809360326278,0.09274608236520401
2022-09-13,96.61000061035156,97.77999877929688,94.91000366210938,95.33000183105467,18229100.0,0.7901396903178453,0.7865872356085335,0.5258778322645893,0.5655974396411341,0.5265422448462416,0.5191009947916007,0.021242098108066043,0.6761007445387748,0,0,-0.10582933886345236,0.05071198562944434,0.09496974270158243
2022-09-14,96.19000244140624,98.55999755859376,96.1500015258789,97.66999816894533,22655700.0,0.7940845756810417,0.7901486846214116,0.6000717103166785,0.5661633431576969,0.5606172457087844,0.5764778238892531,0.015014360836457574,0.68838539031758,0,0,-0.10395472014856377,0.05633058862942558,0.11486412187055192
2022-09-15,96.22000122070312,96.54000091552734,94.0500030517578,94.83000183105467,21092300.0,0.7957552792715274,0.7933473428651998,0.4998451764933226,0.5666284705298215,0.5415691583191095,0.4532119593924162,0.012097110142063161,0.6769484700652685,0,0,-0.10177129750952248,0.054673865444880475,0.11600288771846322
2022-09-16,95.06999969482422,95.33999633789062,92.0,93.20999908447266,37874700.0,0.7950120410537991,0.7953606959864457,0.4497052706740391,0.567400045349364,0.5148466482930052,0.37309183368623916,0.020076745018896863,0.6564115953062228,0,0,-0.09269219388171326,0.0684382340868438,0.16482122694950233
2022-09-19,91.01000213623048,93.48999786376952,91.0,93.1999969482422,15342100.0,0.7944530202979943,0.7973325076799376,0.44939558264717483,0.5677121382400405,0.5578892965058285,0.3372763401797728,0.03234596383186861,0.6480926175653892,0,0,-0.02993242080175204,0.113185232550021,0.21242351267935647
2022-09-20,92.7300033569336,92.93000030517578,91.63999938964844,92.44000244140624,14712500.0,0.793455682177314,0.7992157007597851,0.4250033744738778,0.5679998324170472,0.5445688994311875,0.3342354450075865,0.04373880987248524,0.640115029098881,0,0,-0.03798284368499767,0.09474243015870301,0.20579400142928359
2022-09-21,93.56999969482422,93.87999725341795,90.87000274658205,90.9499969482422,17332400.0,0.7889771865332633,0.8010019631372451,0.3790012362905143,0.5683121698565512,0.4771469535234175,0.33813232562188555,0.04720774676274139,0.6307168469859221,0,0,-0.04738205471375081,0.08643441857148439,0.17351796291539925
2022-09-22,92.1999969482422,92.66000366210938,90.5199966430664,90.56999969482422,16139400.0,0.7838888540300597,0.8025888304646784,0.36751084667057576,0.5685965696260147,0.42862599072433827,0.33044284728477824,0.052454410980342564,0.6219655476624649,0,0,-0.02792735977306613,0.10291369900405987,0.20780651083072052
2022-09-23,87.5,87.5,84.8499984741211,85.75,27738800.0,0.7754146569194642,0.8033116441237902,0.24599891680630978,0.5689484474281339,0.4069286624217285,0.1874276777905417,0.08339594153648444,0.6069246823469321,0,0,-0.029259153525539264,0.15523901519232586,0.273931739452259
2022-09-26,84.9000015258789,86.22000122070312,83.88999938964844,83.9800033569336,22043400.0,0.766591071836491,0.8031565583805855,0.21097191788158956,0.5691880001362217,0.386009428214742,0.21289932485134105,0.11554712559835828,0.5949720452286567,0,0,-0.01177845056828535,0.19428566801999833,0.3351603249419187
2022-09-27,85.61000061035156,86.95999908447266,84.80999755859375,85.73999786376953,17307300.0,0.757456212070289,0.8030568597991299,0.28711120766660625,0.569407038316585,0.37401629136724296,0.28840041597222,0.13947988514314857,0.6043566173181314,1,0,-0.020481080637645838,0.18992612896728744,0.3380566593809798
2022-09-28,86.12000274658203,89.30000305175781,85.91999816894531,88.86000061035156,19543300.0,0.752723621369839,0.8032202555181931,0.40439887202556124,0.5697164175300382,0.4253199154578783,0.3734008230980445,0.14429167918600466,0.614953620184912,0,0,-0.026008903807961354,0.1800792535188071,0.2656869529608752
2022-09-29,88.18000030517578,89.36000061035156,87.12999725341797,88.68000030517578,17896000.0,0.7483340648113912,0.8030651697749887,0.39959965678558074,0.5699962458301093,0.43083802277235506,0.39795543890897217,0.1483310263111528,0.6052498361103746,0,0,-0.048278200383307095,0.1505739045860338,0.2511816288714283
2022-09-30,88.16999816894531,89.04000091552734,87.30999755859375,87.30999755859375,21357600.0,0.7441668390040166,0.8029433154836791,0.36291857713462783,0.5703001393369811,0.3834663061472203,0.39953714416899244,0.15208184864164742,0.5936690617054607,0,0,-0.04826340510338354,0.15099232457791217,0.29070814942016016
2022-10-03,90.04000091552734,92.36000061035156,89.72000122070312,91.91999816894533,23881300.0,0.7418354824510294,0.8042837042365412,0.5150442234783811,0.5707518560778033,0.43108153798276594,0.4895487191244674,0.13244368749931973,0.6066182670373366,0,0,-0.07043868626558647,0.13194361430757515,0.2672088246869774
2022-10-04,93.23999786376952,95.36000061035156,92.70999908447266,95.2699966430664,22133700.0,0.7420387614040804,0.8057487151597806,0.6007696871665321,0.5712457037010465,0.4947216576858233,0.5709333239780462,0.12924247777982073,0.6186198677062339,0,0,-0.10171887141398928,0.09051348847431889,0.2272628351368485
2022-10-05,95.75,99.98999786376952,95.66000366210938,99.12000274658205,34857700.0,0.7452022952603989,0.8083768776085936,0.6815445809483553,0.5721592808534282,0.5167426029567611,0.6540750577907599,0.14569090736828583,0.6375208284871348,0,0,-0.12448830721371411,0.06098454669166409,0.1801197046998978
2022-10-06,98.47000122070312,102.18000030517578,98.33000183105467,102.05999755859376,29124700.0,0.7497443098219969,0.8112819779790355,0.7335555814050261,0.5730088603224588,0.556493119482696,0.6937309886099519,0.16838621844076612,0.6533131731471526,0,0,-0.14709444538990843,0.03742936825736305,0.14719527778053604
2022-10-07,102.19000244140624,103.31999969482422,100.18000030517578,101.02999877929688,24507600.0,0.7526219794700373,0.8136055046995752,0.6999360926974765,0.5736974060264974,0.5199965124609088,0.6887529764497011,0.1930983671466147,0.6400243679065887,0,0,-0.17930632460824394,0.01107189183273534,0.09690377842670905
2022-10-10,101.48999786376952,102.02999877929688,98.72000122070312,98.83999633789062,16786100.0,0.753403330976915,0.8141344590667965,0.6312984354065845,0.5741312938772443,0.5006527224012775,0.6486282011412278,0.20611901982348663,0.6309224071414126,0,0,-0.17420566848237637,0.018113449996692534,0.09383354915843328
2022-10-11,97.22000122070312,99.76000213623048,96.75,98.0,17804100.0,0.7550994401957989,0.8151092870586156,0.6058775731393969,0.5745760128321238,0.5204767209181571,0.6091878360910477,0.2056959940996375,0.6212684541887152,0,0,-0.13486445087963433,0.06171589134086845,0.17159044630570253
2022-10-12,97.5,98.91000366210938,97.2300033569336,98.43000030517578,12635800.0,0.7555822295267522,0.8163167457781264,0.6158197483829796,0.574896987011464,0.519458869466674,0.6079076481571142,0.20530318449892054,0.6281199894373205,0,0,-0.13887755724848533,0.05938775198800223,0.16438776133011798
2022-10-13,97.5500030517578,102.4499969482422,97.4000015258789,101.87000274658205,22019100.0,0.7600543713404271,0.8193215468429089,0.6896491501947759,0.5755329137280314,0.5693126197539281,0.6398233629143341,0.2189103449057055,0.6400594503177209,0,0,-0.13877886436815415,0.05862030504091154,0.1590977952266795
2022-10-14,101.12000274658205,102.23999786376952,99.04000091552734,99.19000244140624,15222000.0,0.7638531525308492,0.8226448272570743,0.6050602211421617,0.5759308187348169,0.562564111931641,0.6173721386234594,0.23154556528343434,0.6318055946414465,0,0,-0.16913716395783363,0.021596121418736174,0.08530474700810084
2022-10-17,101.06999969482422,101.97000122070312,100.5,100.62000274658205,14283200.0,0.7685666914332769,0.8260151890828993,0.6362056979689936,0.5763247252019554,0.5149573260001102,0.6178368631006875,0.24327826991989687,0.639550402905496,0,0,-0.1732029426587059,0.022683737721743938,0.09547334396223317
2022-10-18,101.54000091552734,102.3499984741211,99.2300033569336,100.8000030517578,14065400.0,0.7738773595341064,0.8292969301821955,0.6401836089029501,0.5767150006342106,0.5080421162984605,0.6034880898036765,0.24463822394490364,0.6471771130374807,0,0,-0.17541245323091048,0.017690307401202487,0.09739609575488882
2022-10-19,101.25,103.98999786376952,101.2300033569336,103.79000091552734,20921700.0,0.7820339378242025,0.8329525399055082,0.7030871304683608,0.5773586310682561,0.5768859018205422,0.6235432547438913,0.2531305316693678,0.6585215285086614,0,0,-0.17222222306320487,0.02718251766681604,0.09474209089908614
2022-10-20,104.31999969482422,105.0,103.41000366210938,103.93000030517578,17649000.0,0.7905208425955494,0.8364087524659096,0.7058948920196424,0.577903717463379,0.5955117137784723,0.6274536226006754,0.2652332502901643,0.6680913812764033,0,0,-0.19683977382179002,0.006551693796873749,0.05337701962288489
2022-10-21,104.4499969482422,106.4000015258789,103.91000366210938,105.86000061035156,22814100.0,0.803295666872095,0.8399175821961069,0.7442149046245886,0.5786524672061426,0.6392980763323796,0.6382450832136589,0.28206290355528585,0.6804619166058011,0,0,-0.19782543537209885,0.01876267268267864,0.02309248069692703
2022-10-24,105.66000366210938,107.68000030517578,105.12000274658205,106.5999984741211,17024200.0,0.8176649584677222,0.8434070262084037,0.7583982616024589,0.5792235712299871,0.6854613310599451,0.6521283122174604,0.30250974574638095,0.689692982812872,0,-1,-0.2056490095120229,0.01908177433799183,-0.016814721315213763
2022-10-25,106.41000366210938,107.33000183105467,105.06999969482422,105.87999725341795,15719800.0,0.8304588393888426,0.8471623324002873,0.728619829426966,0.5797391436503072,0.681211994997894,0.6433419814854648,0.32104656397297976,0.6811692040413637,0,-1,-0.21125707875059715,0.011913664739636173,-0.025891202399036663
2022-10-26,106.26000213623048,107.83000183105467,106.0,107.13999938964844,17383800.0,0.8420711598808059,0.8515047522259791,0.7551341240018965,0.580331147045611,0.660779263762478,0.655799976906232,0.3402590225574866,0.6905952568797042,0,-1,-0.2112769486859796,0.014828104793641828,-0.017378201879635565
2022-10-27,108.41000366210938,109.58000183105467,107.41999816894533,107.5500030517578,18214000.0,0.8540582788200979,0.8557557834460734,0.7637511082436323,0.5809585961765387,0.6146100708484112,0.6762176090281081,0.364750312091472,0.7004714707338406,0,-1,-0.22885947743275786,0.010920274179676169,-0.04545457134893877
2022-10-28,109.45999908447266,111.20999908447266,108.12000274658205,110.6999969482422,28169400.0,0.8689167135770544,0.8602754447248229,0.8242720289184581,0.5820180170332194,0.6953508492921482,0.6977609968684779,0.3930279451446805,0.7157458211534469,0,-1,-0.23774987419125232,0.0162715011654423,-0.0384007172127224
2022-10-31,109.5,112.91000366210938,109.44000244140624,110.80999755859376,26401800.0,0.880916535330545,0.8649086503190231,0.8262312379400852,0.5830129446032823,0.6522488167819318,0.6969409308532477,0.42447619304621903,0.7300617222698483,0,-1,-0.23134599201773712,0.03080400863699863,
2022-11-01,112.37000274658205,112.56999969482422,110.6500015258789,111.91000366210938,22213100.0,0.8914870554288556,0.8698658773593966,0.8461421968490804,0.5838740195529444,0.6247750429838336,0.6875640826707758,0.45367813752621916,0.7421063761604443,0,-1,-0.2570165507121687,0.00487321475881984,
2022-11-02,111.58000183105467,112.0999984741211,109.30999755859376,109.61000061035156,20654200.0,0.8981507986065667,0.8730811513291323,0.7363424708812625,0.5846260366460707,0.550387910342463,0.6406486126273064,0.4665746894411192,0.7309070077522911,0,-1,-0.2474309850351792,0.011884566057833267,
2022-11-03,108.58000183105467,111.81999969482422,108.30999755859376,111.0999984741211,17103700.0,0.9038934350884484,0.8765484396315757,0.7685530512558912,0.585274122444988,0.5158216564313525,0.6272928580846358,0.46856153386980387,0.7401811814042617,0,-1,-0.22525319135044794,0.039503711403553965,
2022-11-04,113.0,113.5,110.8000030517578,112.30999755859376,17541500.0,0.9110590242416876,0.8802095872259095,0.7933509833829472,0.5859598366491556,0.5425519663359459,0.6480757547950389,0.47763386850144046,0.749692744230787,0,-1,-0.2620162107124804,0.004500450106814958,
2022-11-07,112.41000366210938,113.98999786376952,112.12999725341795,113.63999938964844,16008000.0,0.9204606867250402,0.8845769306405227,0.81934735849255,0.5866067402876687,0.5938375397963495,0.654008319240101,0.4880610802180641,0.758372794267957,0,-1,-0.2457484347207496,0.014068152755820656,
2022-11-08,113.4800033569336,114.66000366210938,112.5999984741211,114.0,14661000.0,0.930624644070696,0.8884208575589354,0.8263292031531265,0.5872042202454142,0.6104624407898216,0.6508025838339815,0.5004958295302468,0.7663224577858824,0,-1,-0.24252028630773423,0.010383670463863699,
2022-11-09,113.0999984741211,113.27999877929688,108.56999969482422,108.9000015258789,19522800.0,0.9372756844342081,0.891907533692164,0.6054769384341855,0.5878988499545925,0.5659008164726917,0.5715460078341515,0.4751634080183786,0.7557365706753337,0,-1,-0.22780702825178178,0.013684256034984923,
2022-11-10,110.19000244140624,110.6999969482422,107.56999969482422,110.5,20146700.0,0.9427578671827623,0.896036710620949,0.6462583058933303,0.5886477062429587,0.5671267018964758,0.5503034901813382,0.4442115207102905,0.7666607563377433,0,-1,-0.2101010519947082,0.04104684259018024,
2022-11-11,112.58000183105467,114.5,112.48999786376952,113.9499969482422,20518900.0,0.952134114344612,0.9015976649081934,0.7226771125311993,0.5894812598005292,0.6134588041088403,0.6368073423392534,0.4348736574507894,0.7777867607547653,0,-1,-0.20687783357784206,0.018823545982395492,
2022-11-14,112.62999725341795,114.63999938964844,112.48999786376952,113.37000274658205,20858300.0,0.9602335178544315,0.9065216604966717,0.7004382305942869,0.5903157872082816,0.6298518595432355,0.6261748930174827,0.4268333476132506,0.7664767227931022,0,0,-0.1748135033122753,0.01781488778462609,
2022-11-15,113.8000030517578,114.52999877929688,112.87000274658205,114.12999725341795,19373800.0,0.9687013611346513,0.9118333704431616,0.7171121076941278,0.5911052154897489,0.6498156960805153,0.632250402926809,0.4193673456212504,0.7769818173339645,0,0,-0.16000704728037346,0.007585786270764685,
2022-11-16,113.44000244140624,114.26000213623048,111.86000061035156,112.91000366210938,13591000.0,0.9744948185664339,0.9170315360742007,0.667719156250728,0.5916419810494822,0.6105004176739541,0.6023484833083107,0.40393131382725284,0.7696123420681489,0,0,-0.14623677247925637,0.010689575484648517,
2022-11-17,111.29000091552734,113.1999969482422,110.75,113.05999755859376,12425900.0,0.9802946249820399,0.9220579960103179,0.6715362335237564,0.5921343859371526,0.6448429789395637,0.5719364198222993,0.38066101776215194,0.7763500628175786,0,0,-0.12877513456681175,0.029846803979096365,
2022-11-18,110.9000015258789,112.4800033569336,109.61000061035156,112.08000183105467,15415000.0,0.9842458641756122,0.9263727222551352,0.6301306167477398,0.5927297262505076,0.641228902197097,0.5275172108634231,0.35035277333312725,0.7679915563631198,0,0,-0.1251548012686416,0.03325669748296106,
2022-11-21,109.98999786376952,111.1999969482422,107.4800033569336,110.97000122070312,20973000.0,0.9870218967704034,0.93007264128527,0.584605536731375,0.5935157641307618,0.6727791675459938,0.4514173895552472,0.3240454686586897,0.7566193243897585,0,0,-0.1181298862193722,0.04166671771989489,
2022-11-22,112.20999908447266,114.47000122070312,111.43000030517578,114.18000030517578,17719100.0,0.9922944515820835,0.9352929605132778,0.6752926441616914,0.5942366533728172,0.7104921754212669,0.6058100537546308,0.3038095723187175,0.7662271876214939,0,0,-0.13499139914170172,0.0220780801179232,
2022-11-23,112.31999969482422,113.9499969482422,112.0999984741211,113.61000061035156,11546700.0,0.9964045026091812,0.9397073853395508,0.651504926521571,0.5946995584281951,0.7165693190584489,0.5908899602575053,0.28501909714588614,0.7599661972564146,0,0,-0.1306708541694494,0.020493991601251413,
2022-11-25,113.87999725341795,114.61000061035156,113.05999755859376,113.20999908447266,7136000.0,1.0,0.9447975424132755,0.6343589155333736,0.594982673480454,0.737175173664243,0.6061095349632292,0.27149139244569304,0.7560968296236531,0,0,-0.1306222714388267,0.0068656491902205855,
2022-11-28,110.66000366210938,111.45999908447266,109.62000274658205,109.80999755859376,23015500.0,0.9994346302603718,0.9493947465636272,0.5042389559145146,0.595816602340268,0.662646619509305,0.39836451615246293,0.24942297793684193,0.7436170887671759,0,0,-0.100962815984542,0.03533256808009833,
2022-11-29,110.61000061035156,111.8000030517578,109.79000091552734,110.54000091552734,14453200.0,0.9992631156126472,0.9541968878607965,0.5286138739893728,0.5963505568977188,0.6664341680560888,0.42639300755860987,0.22667780328242454,0.7514540764731495,0,0,-0.10363352614907118,0.03688191550679857,
2022-11-30,111.54000091552734,111.9000015258789,109.77999877929688,111.33999633789062,23153400.0,0.9989010199795179,0.9594310528227992,0.5553067878336969,0.5972239850391312,0.6744215715140307,0.4484977391148077,0.20485985481524682,0.7640085911239873,0,0,-0.09326938188169966,0.02822510150842391,
2022-12-01,111.63999938964844,112.06999969482422,110.18000030517578,110.8000030517578,14398300.0,0.9996569658579977,0.9649283141982055,0.5341977118749215,0.597758969790624,0.6970223937786625,0.4454318358711471,0.1833430299676333,0.7562013719554351,0,0,-0.0739176935354207,0.02712416356918081,
2022-12-02,109.51000213623048,111.70999908447266,109.1999969482422,109.86000061035156,15242500.0,0.9988692605207441,0.9702704877175226,0.49760883721838745,0.5983106333516219,0.6622735495599226,0.39980360936209536,0.1703436315191731,0.7479364005229286,0,0,-0.05054150108195567,0.04648015689560208,
2022-12-05,110.6999969482422,111.36000061035156,105.94000244140624,106.8499984741211,19287700.0,0.9954008106581254,0.9761139220231865,0.3950313724460639,0.5989499739370232,0.6323883985414506,0.3052993650656193,0.17778640988959288,0.7374779921582407,0,0,-0.05124701640396219,0.03604593748285526,
2022-12-06,105.9000015258789,107.04000091552734,103.1500015258789,103.87999725341795,21197000.0,0.9892007953202404,0.9816250270197029,0.3142748518578071,0.5995889018983722,0.5857746078630244,0.19603968794303012,0.197558329427233,0.7259843002143443,0,0,-0.02573701487385651,0.08198411100915577,
2022-12-07,103.77999877929688,104.8499984741211,102.37000274658205,103.6500015258789,20061700.0,0.9826259863815798,0.9865850240520295,0.3085033226616597,0.6001885427478686,0.5765032253375996,0.21069065379156499,0.21912879924608336,0.7151062042728967,0,0,-0.013573316037688252,0.10473628388986617,
2022-12-08,106.27999877929688,106.8000030517578,103.70999908447266,104.41999816894533,21128800.0,0.979780076192313,0.9908942103129408,0.34302254878495375,0.6008359466683868,0.5872770526255042,0.3063454099247425,0.22296831801647238,0.7265629159936212,0,0,-0.037723067777655536,0.08084905701347447,
2022-12-09,104.58999633789062,105.9499969482422,103.3000030517578,103.54000091552734,21285200.0,0.975358755328539,0.9950095393948464,0.3182049654863248,0.6014688755054114,0.5170260736280831,0.3163770439312839,0.22854161468147044,0.7150213991863267,0,0,-0.02126023396128357,0.0964375359203328,
2022-12-12,103.83000183105467,105.6500015258789,103.59500122070312,105.33000183105467,5021440.0,0.9698829264103606,1.0000000000000002,0.3982692873146234,0.6016271359827523,0.5053208513918123,0.36130938027356363,0.23371681872754013,0.7177441846972367,0,0,-0.014100821629929882,0.10459727385834497,
